"","logFC","AveExpr","t","P.Value","adj.P.Val","B"
"NUDT4B",0.0961689956363934,17.5096120855594,0.271785873153099,0.789628984137818,0.999486182046446,-5.00218273817845
"SMIM26",0.0523059186834658,16.5951083811858,0.393299268033775,0.699724477783018,0.999486182046446,-4.97760184881585
"GATD3B;GATD3",0.0851209753085378,22.5762942455791,1.19900990343442,0.249431711219371,0.999486182046446,-4.61089658889633
"TMEM275",0.450235901156821,11.2083056860853,1.13274132074078,0.278174588560418,0.999486182046446,-4.65249265282043
"MSANTD7",0.0359340103518075,13.6368392504286,0.164484888915612,0.871742839772008,0.999486182046446,-5.01651422644187
"ARHGEF18",0.224811839771453,15.8865181130563,0.713415910705202,0.487520876947024,0.999486182046446,-4.8714926785147
"RBM47",0.104102907531438,18.6195977240705,1.54553504803767,0.143398276767435,0.999486182046446,-4.36510121046284
"TTC26",0.0304379334917613,16.2539941268644,0.250190582282068,0.805891020079569,0.999486182046446,-5.00565766944828
"UBA6",-0.0142198886805716,21.1190365001775,-0.284617269884847,0.779894226623296,0.999486182046446,-5.00002852756841
"ESYT2",-0.0630839061320998,19.9624803355491,-1.43884944718578,0.171074033695541,0.999486182046446,-4.44513361920485
"MED19",0.0769019557544155,18.3139547900515,0.534013928188511,0.601858934391657,0.999486182046446,-4.93795419737969
"BLTP3B",0.168319227610851,15.8888976384381,1.3889377514246,0.185466662219092,0.999486182046446,-4.48132076602857
"SHTN1",-0.0824197212614841,20.263140601677,-1.03403688425028,0.317775222998561,0.999486182046446,-4.7118044364876
"TMEM223",-0.0890746815941341,17.9954439806058,-0.652225584081394,0.524289937023613,0.999486182046446,-4.89653852651058
"TMEM120B",-0.175427087809611,14.7422028749253,-0.886366188403188,0.390658854416437,0.999486182046446,-4.7913602211326
"ARHGAP10",0.0575285082481365,21.019347103108,0.53662849929385,0.599525149705313,0.999486182046446,-4.93742993782628
"MEX3A",-0.145562469660231,16.4837173122066,-0.615653125354872,0.547506054064955,0.999486182046446,-4.91027628739316
"ILVBL",-0.110456758602815,19.9448660776667,-1.54991491155358,0.142347863807498,0.999486182046446,-4.36174148416432
"C1orf226",-0.101792534882287,15.0926645438058,-0.488938018361206,0.635695939717008,0.999486182046446,-4.95017923995218
"PLEKHG3",-0.0316693292313026,17.5300932527103,-0.394572632964085,0.698804572234042,0.999486182046446,-4.97729756052361
"ELOVL7",-0.331499038121578,16.8497177974693,-1.21871022348965,0.242138204613637,0.999486182046446,-4.5980956098449
"SH3PXD2B",-0.0963340899734071,17.2109253389064,-0.528807276165839,0.604805738625055,0.999486182046446,-4.93992656783676
"NBAS",0.0818922629764742,18.3604311017804,1.21459430544397,0.243607467052501,0.999486182046446,-4.60078011092444
"TARS3",0.128507798072089,18.3942026725891,1.25456663366229,0.229151638194924,0.999486182046446,-4.57439574871616
"FAM234B",-0.384661354504146,16.7989292750282,-1.5683977349215,0.137986736873055,0.999486182046446,-4.34750205814837
"TYW5",0.0788015554441017,17.7368953899416,0.60153159393659,0.556618704251564,0.999486182046446,-4.91538398832007
"VWA8",0.00027198203124712,20.2691918509339,0.00675964425031734,0.994697198643364,0.999486182046446,-5.02485613240895
"SBNO1",-0.0223338899172774,19.5094171894783,-0.312578090446408,0.758976703783661,0.999486182046446,-4.99493189725933
"CRPPA",-0.0565869978667664,17.4002582334612,-0.208585483965792,0.837850311420399,0.999486182046446,-5.01143835983699
"GTPBP10",0.0334475722474998,19.2031863906022,0.381334539726023,0.708391655875944,0.999486182046446,-4.98041432890721
"WDR91",-0.0211990524332961,18.7634394819377,-0.214141731043931,0.833368562462212,0.999486182046446,-5.01078396262168
"KLRG2",-0.0664798995926557,11.1255201865131,-0.153571691227634,0.880553243200239,0.999486182046446,-5.01750240168362
"RAB19",0.0697049297250523,16.3561003049047,0.297498223663832,0.771280072894032,0.999486182046446,-4.99732899887232
"DENND11",0.22747505047041,16.5409710918183,1.33943443238578,0.200703003058418,0.999486182046446,-4.51636926875877
"PEDS1",0.0125381245424236,18.6698576551903,0.128659176445124,0.899365158779789,0.999486182046446,-5.01977821691304
"CNOT1",0.0119833181762132,21.5365863932257,0.200433517304082,0.843878835653802,0.999486182046446,-5.01252631429033
"MAP1LC3B2;MAP1LC3B",-0.0146489063394171,17.7519568870843,-0.0192198719620637,0.984928419549193,0.999486182046446,-5.0247563314811
"FAM83G",-0.00589545672383451,19.1944102842799,-0.0856465507011174,0.93289909720151,0.999486182046446,-5.02261274932005
"PALM3",0.136363325673377,16.058049622773,0.628134583716967,0.539520066031897,0.999486182046446,-4.90567024918601
"PGP",0.00497603563326265,22.0787905248852,0.0655579794858708,0.948610006578182,0.999486182046446,-5.0235473416101
"RIMOC1",0.126922942793641,18.911506472198,0.600298206305251,0.557515156722712,0.999486182046446,-4.91577044286934
"RCCD1",0.013221165286037,16.3541432219105,0.124414322514248,0.90266685337862,0.999486182046446,-5.02010842719058
"ZNF316",-0.117823518721853,17.7730185786324,-1.12366025924765,0.279112481241661,0.999486182046446,-4.65841705926287
"SDHAF1",-0.168911745998905,13.8102988139735,-1.00183161291542,0.332577161166202,0.999486182046446,-4.73011945782041
"MROH6",-0.0351437445983152,16.8822572604467,-0.373380048051701,0.720313758578401,0.999486182046446,-4.97938940189776
"TUBAL3",0.366385476606236,20.1294335332205,0.754767647690901,0.462505840357195,0.999486182046446,-4.85404884740806
"SMCHD1",0.0513828850430826,19.7711649398956,0.790187912140002,0.44193705061377,0.999486182046446,-4.8382567895519
"CASTOR2",0.395891522380904,16.6118850298487,1.9986708134143,0.0644204274890171,0.999486182046446,-3.99231797799817
"UNC119B",-0.00926436385344687,18.9100145328671,-0.0862468425727832,0.932430029898977,0.999486182046446,-5.02258100513352
"METTL15",-0.0938049531290304,17.0695922743813,-0.934307111610958,0.365189179590437,0.999486182046446,-4.76696881844063
"LIPT2",-0.0457096262797627,15.9650369991032,-0.168066766416984,0.869388711790149,0.999486182046446,-5.0160484111414
"CCDC85C",0.0106315995620605,17.5042225542874,0.0816907462507313,0.93599079308752,0.999486182046446,-5.02281640013165
"SAC3D1",-0.213131133782625,18.5917934934694,-1.94842844877727,0.0706482344666924,0.999486182046446,-4.03575876957256
"USP27X",0.0778759626330725,12.3300659032393,0.363106409337701,0.722046450877671,0.999486182046446,-4.98436898276641
"ZSWIM8",0.0711604039230807,17.5104737662796,0.750504055396208,0.464755554174178,0.999486182046446,-4.85604785439957
"POM121C",-0.0176467260020239,17.5115628398541,-0.0814216516666354,0.936201145792032,0.999486182046446,-5.02282990422075
"CEBPZOS",0.106632266723036,12.7868208942833,0.389543702404767,0.703302411620178,0.999486182046446,-4.97808517686365
"PHF20L1",-0.182217376883116,17.4198006477958,-0.767922307928793,0.455563437503818,0.999486182046446,-4.84785572148198
"SNRPGP15;SNRPG",0.102135566398474,22.8829450972513,0.43489936452915,0.670056502384997,0.999486182046446,-4.96710541433765
"NUDT19",0.129255984322441,18.2580102327776,1.2543960027982,0.229211884247775,0.999486182046446,-4.5745096928002
"MIF4GD",-0.00747526491274897,17.1594535876957,-0.0538010324322505,0.957815587933104,0.999486182046446,-5.02397920972802
"HACD1",0.434275660640797,14.1086239382471,1.32661863892973,0.212124704587003,0.999486182046446,-4.5278408576774
"ESPN",0.0474151163490362,17.940724185705,0.252297874217585,0.804542945812732,0.999486182046446,-5.00524781985643
"MYO9A",0.14282338253394,16.4262840789753,1.09418802684566,0.291419009784882,0.999486182046446,-4.6763581804934
"EPM2A",-0.186444275706336,17.1377181237456,-0.783259074877798,0.445869499661712,0.999486182046446,-4.84142173112846
"GPR89A;GPR89B",-0.0737735797455095,20.1933624025513,-0.806605403908107,0.432707227364348,0.999486182046446,-4.83065951991379
"HNRNPCL3;HNRNPCL1;HNRNPCL4",-0.105528049461373,16.1147330381921,-0.15452555279456,0.880819080699547,0.999486182046446,-5.01718738194392
"IGLL5",0.952684949759341,17.989220862938,3.16280075797888,0.00668394192793905,0.999486182046446,-2.94622845398747
"WASH3P;WASH2P",0.143545793349244,19.887957315809,0.438340276520794,0.667617904368585,0.999486182046446,-4.9661963204851
"TMEM238",-0.252681663080907,17.9450927535281,-1.96560781208316,0.0684598699769797,0.999486182046446,-4.02095269956504
"RNF223",-0.175070586098425,15.9842296039188,-1.0374976356423,0.320382962276925,0.999486182046446,-4.70866423842087
"NACA",0.0111853240898725,24.3133281802832,0.197016665389437,0.846503455189411,0.999486182046446,-5.01294280721283
"C11orf98",0.178075406983336,19.7091170629502,0.387901152382089,0.703740115961626,0.999486182046446,-4.97882898164686
"CNK3/IPCEF1;CNKSR3",0.310845113311297,11.6124453687928,0.916456424941444,0.379526830028869,0.999486182046446,-4.77409654419065
"ASDURF",0.0666031499977322,17.6547824974139,0.46236868613502,0.650563655843151,0.999486182046446,-4.95972615752318
"DNASE2",-0.142299011243093,20.0381129760601,-0.638395455426346,0.533198217468368,0.999486182046446,-4.90170982557789
"UBXN8",0.288539927542475,14.1168298062912,1.19636683227902,0.255135438438886,0.999486182046446,-4.61266784268396
"KIF2A",-0.0201652353996806,20.5081091287935,-0.437731050435334,0.667922908811597,0.999486182046446,-4.9664218464322
"DDX39A",-0.00919344524301735,22.3202851720378,-0.0730205723510833,0.942770707645926,0.999486182046446,-5.02322911530834
"PDLIM1",0.055204705868622,19.3496230620548,0.521200034678413,0.609963861018243,0.999486182046446,-4.94232158405366
"ACOT7",-0.0394355714502375,22.5897939616151,-0.34421768779257,0.735540657763291,0.999486182046446,-4.98860053534573
"MYO1C",-0.0195161346427533,22.210722893305,-0.399104194462854,0.69553484641664,0.999486182046446,-4.97620694222005
"SNAP23",0.0601935463313303,17.4379602335927,0.28138105289322,0.78232700601654,0.999486182046446,-5.00058809951287
"HAX1",-0.00707196475979543,20.1554798485229,-0.0902471856299981,0.929304837401847,0.999486182046446,-5.02236380861586
"AIP",-0.0391756083172652,20.0187315697603,-0.531936382444407,0.602690321221836,0.999486182046446,-4.93893188093631
"GTPBP1",0.0629999974196949,23.0697916038501,1.24646866041848,0.232024594760218,0.999486182046446,-4.57979108205903
"KCNK1",0.471620299871795,18.8965137125998,3.22418514343115,0.00940465157022457,0.999486182046446,-3.12648638973122
"STXBP3",-0.0553397011008379,20.2082758190752,-0.567169322749755,0.579128990144475,0.999486182046446,-4.92735004051962
"AP4M1",0.0470345628422315,18.7403455810986,0.554685956952719,0.587422283610979,0.999486182046446,-4.93153362216002
"ARVCF",0.269754733450501,16.5599954621365,2.00632147936481,0.0635171619954267,0.999486182046446,-3.98566671744663
"SMAP",0.224122525113049,18.6346682487036,0.793695608665508,0.440204580150087,0.999486182046446,-4.83651579733593
"RAB27B",0.0924256470557125,19.6207080019932,0.579737141760511,0.570895482001589,0.999486182046446,-4.92301955867191
"AP3B1",0.020276074734852,22.5037916274955,0.374399883817266,0.713434335635665,0.999486182046446,-4.98200575258922
"SULT2B1",-0.00625414271799585,22.578272604964,-0.118804911825532,0.90703275886121,0.999486182046446,-5.02052784548939
"RHOD",-0.109182240581521,18.6873935869273,-0.59359283799827,0.561832882712928,0.999486182046446,-4.91817564258203
"LGALS8",-0.0834729901644735,17.9635858270763,-0.480337799065604,0.638032932267535,0.999486182046446,-4.95462112269411
"NDUFS8",0.175823903672999,20.6133273849015,0.499727000417767,0.62478590920478,0.999486182046446,-4.9488250761521
"TNFRSF10A",0.0617332452600969,17.0785106171793,0.500581967282126,0.624051451985669,0.999486182046446,-4.94864708633493
"NFKBIE",0.0133232096253728,16.2641065869042,0.0283287176810754,0.977815742319434,0.999486182046446,-5.02462164245924
"PSMD11",-0.0236802177144604,23.2366362870137,-0.317369140401132,0.755411461269692,0.999486182046446,-4.99401157348708
"PSMD12",0.0379876489011508,22.5567643266216,0.470006242301155,0.645223989553656,0.999486182046446,-4.95757909965923
"PSMD9",0.0169349374693724,20.8980047309869,0.178835050828585,0.8605003753378,0.999486182046446,-5.01503942395618
"ATOX1",0.235899484009256,18.3575825880163,1.09656319341543,0.290552164111416,0.999486182046446,-4.67490069964917
"MEN1",-0.0306214845980328,18.5987232887223,-0.232489085545602,0.81935305966538,0.999486182046446,-5.00827332695542
"CBX4",-0.0847412563430403,18.4796608606022,-0.776089992129036,0.449961392594509,0.999486182046446,-4.84467041526598
"GET1",-0.0125061757833151,19.6000363292512,-0.0527962319145136,0.958616791434094,0.999486182046446,-5.02401107844207
"PGRMC1",0.196813474162585,21.0820194792822,0.48021571662737,0.638258117868439,0.999486182046446,-4.95458208214654
"SUPT5H",-0.0463202381800265,19.7883110956996,-1.05573000139574,0.308077054591364,0.999486182046446,-4.69920484133918
"TAF4",-0.0584554929782044,17.73468014329,-0.528873499670779,0.60476093046142,0.999486182046446,-4.93990557411493
"DFFA",0.054934758520524,19.7089283646789,0.405329441312358,0.691053237691494,0.999486182046446,-4.97468902072553
"RFXAP",-0.079854874136398,15.1679509029436,-0.33739341056314,0.740573522527248,0.999486182046446,-4.99001663295587
"HIP1",-0.0664102127766952,15.8821796713434,-0.277655483495285,0.785727712186747,0.999486182046446,-5.00100286843406
"CLIC1",-0.10547308384028,24.7656895184596,-0.819408980449658,0.425595262188798,0.999486182046446,-4.82463937897213
"EIF3F",0.0136148066906685,22.5039720574804,0.0985024299614058,0.922866028971663,0.999486182046446,-5.02188358000818
"WWP2",0.0037388269393972,18.0393430869971,0.0338980428971244,0.973412905900597,0.999486182046446,-5.0245164649734
"CDC7",0.0872000746787229,14.606729797541,0.475370296949254,0.641485820397262,0.999486182046446,-4.95605102560642
"PDHX",-0.0652346792205059,19.3809335157171,-1.02584717421399,0.321493433101988,0.999486182046446,-4.7165063775055
"QSOX1",0.0177996415701038,18.9861256969184,0.216453557862233,0.8315992306545,0.999486182046446,-5.0104788665956
"DCTN6",0.0228769655774705,19.1773113927279,0.254296200981123,0.802777568917706,0.999486182046446,-5.00502391853809
"SLC33A1",-0.215709647474046,19.2556359874866,-2.04016691763423,0.0596582077098666,0.999486182046446,-3.9561333260086
"WASL",0.0421971263767169,19.3366904235469,0.67233863429943,0.511763128222645,0.999486182046446,-4.8886727782967
"IPO5",0.0252139502510254,22.0185239961908,0.263334403755048,0.795935789760353,0.999486182046446,-5.00359288007478
"POLRMT",0.0248320990901618,18.7948953869224,0.497091146165616,0.626451920857061,0.999486182046446,-4.94969400206507
"EEF2K",-0.11426725679889,17.5000580131041,-1.22231704199085,0.240760649988551,0.999486182046446,-4.59573127916017
"SAP18",0.0149670511587026,21.1368583724339,0.165683192581699,0.870655741404595,0.999486182046446,-5.0164303598038
"EML1",-0.176581854074584,16.0138912380509,-1.08248696070775,0.297654189580604,0.999486182046446,-4.68312321877033
"IGF2BP3",-0.278731016037032,15.3255348726814,-1.0211442781009,0.329615587496622,0.999486182046446,-4.71741921373088
"DNM1L",0.0300280302171956,21.5741093261287,0.653005731444316,0.523800827539868,0.999486182046446,-4.8962375190702
"RTCA",0.0388600958103318,18.954287641173,0.343655169405571,0.73595504170313,0.999486182046446,-4.98871831112614
"PIK3C2A",0.00113939604570845,19.3239152345713,0.0154972897653905,0.987843116872276,0.999486182046446,-5.02479626288166
"IFRD1",0.14386975164642,16.5429331438343,1.11027504356012,0.284652531356449,0.999486182046446,-4.6666112267961
"PIK3R2",-0.119846696020208,16.6375300701026,-1.26470703384443,0.225593581801046,0.999486182046446,-4.56760417618487
"GOLIM4",0.0646649599355626,15.9329628608949,0.346220152381896,0.734066215810681,0.999486182046446,-4.98817974700968
"MANBA",0.250537749038777,18.0606260370352,2.89899278906863,0.0111691667565289,0.999486182046446,-3.17555959028797
"TRAF5",-0.0819927366435227,15.5216994395824,-0.248848178965281,0.807441546777506,0.999486182046446,-5.00568234719056
"AGRN",-0.0144133387266159,17.6801966480795,-0.178494849999609,0.860762753025653,0.999486182046446,-5.01507673352597
"PLOD2",0.0258870966798455,18.6003570466498,0.321346226246891,0.752456287539173,0.999486182046446,-4.99323717894211
"EXOC5",-0.0140766105541701,19.0439357924646,-0.287873347600178,0.777448917677326,0.999486182046446,-4.99945916462297
"HMGN4",-0.0844449659609552,17.2130077119629,-0.393203038830556,0.699794015585405,0.999486182046446,-4.97762480533562
"NDUFA4",-0.0533407487343212,21.8356587446749,-0.349957809914207,0.731347689539287,0.999486182046446,-4.98737442277949
"PSMD14",-0.0354450154609474,22.7060532146929,-0.275452104906886,0.786790096277203,0.999486182046446,-5.00159691785398
"ZNF593",-0.0249449421572834,18.505459342515,-0.211687384461291,0.83524799069377,0.999486182046446,-5.01110431346431
"BIN1",-0.0781065307289062,18.24659687383,-0.678944732045726,0.508440017516985,0.999486182046446,-4.88562037471628
"KPNA3",-0.024995473493334,21.23697433269,-0.453026502836318,0.65712209387177,0.999486182046446,-4.96230651740681
"STK25",0.0416046538494399,17.8585972694521,0.414563390507846,0.684427646589613,0.999486182046446,-4.97239558835966
"LAD1",-0.0851745807665125,20.7387311408178,-0.71747075641043,0.484291760300637,0.999486182046446,-4.87023088606221
"FAAH",-0.00905687782296383,19.1431007286858,-0.0932161883061804,0.926986135476723,0.999486182046446,-5.02219625285083
"KRIT1",-0.0457595217993205,15.9282585308744,-0.362967705665716,0.721777655803326,0.999486182046446,-4.98456722073972
"PES1",-0.0464441580681232,21.6334026432466,-0.838951299076095,0.414886367500189,0.999486182046446,-4.81529110682523
"SDCBP",-0.0163811079145688,18.5453573990972,-0.14094327594621,0.889821503324375,0.999486182046446,-5.01876043081209
"MPHOSPH10",0.0232164131986394,18.9564507892243,0.25004899056884,0.805998455599395,0.999486182046446,-5.00567934403357
"NOP56",0.0578676166672949,19.8259660614181,0.975880430993209,0.344857566512019,0.999486182046446,-4.74453295546728
"DDX3X",0.017847122518333,23.8846984039788,0.347213788062362,0.73333498976428,0.999486182046446,-4.98797006391538
"RNASET2",0.17249452743895,17.2004028497465,1.29850647262936,0.214048071133529,0.999486182046446,-4.54468605674463
"PODXL",-0.291863105753034,18.6146728535845,-0.546379537913766,0.593747616989833,0.999486182046446,-4.93384056826395
"PIR",0.0688190668398079,20.1903191827311,0.864916907813997,0.400932245693452,0.999486182046446,-4.80257465121166
"KPNA4",-0.136489213767717,20.9292687214344,-0.933020565492258,0.365923852415465,0.999486182046446,-4.76761247518254
"E2F3",0.263895031490346,13.6944447175148,1.46012690578962,0.165225179603098,0.999486182046446,-4.42945705107196
"PPP6C",-0.00793086965043699,20.8325316184226,-0.0921569762103065,0.927813270867946,0.999486182046446,-5.02225665076068
"CES2",0.516229642411034,13.6842200428977,2.36387819385198,0.0322557394621838,0.999486182046446,-3.66653111951291
"PIK3C2B",-0.0501893366355795,18.3169745748861,-0.393288598225309,0.699732187935628,0.999486182046446,-4.97760439448305
"MAN2B1",0.0533446323864979,18.7195209727924,0.803650494037422,0.434359318008168,0.999486182046446,-4.83203706875095
"FBP2",-0.173619600326202,22.5021422917234,-0.477148660280675,0.640388110105992,0.999486182046446,-4.95546714539615
"UBE2C",-0.0397940962561201,19.4479797479459,-0.391097616460842,0.701316145188831,0.999486182046446,-4.97812571204213
"PDXK",0.057581794515265,21.65213856885,0.620241520229584,0.544562776407552,0.999486182046446,-4.9085929923614
"SCD",0.00211523191935825,21.9324810497312,0.0155248055717082,0.987822199558385,0.999486182046446,-5.02479598487701
"ARID1A",0.0325472958166486,17.9040720290163,0.29373222605123,0.773055052882702,0.999486182046446,-4.99841862369454
"CDK2AP1;CDK2AP2",0.0238837316401277,15.6104209116142,0.122942555134526,0.903812047939815,0.999486182046446,-5.02022033861945
"SDHD",-0.242908780249909,18.8637648484048,-0.523007489456166,0.609472026558249,0.999486182046446,-4.94135331895167
"C2CD2L",0.0361163728006311,17.2254694265935,0.342397452578455,0.736881856290895,0.999486182046446,-4.98898096112957
"NEMP1",0.0755202632156777,15.4710850956405,0.365276986289296,0.720089328225527,0.999486182046446,-4.98405604493162
"CUX2",-0.0941958056682921,16.7231442867883,-0.435853112064246,0.669707737901025,0.999486182046446,-4.9666885468488
"TXNDC9",-0.0164784460575369,19.9709561586468,-0.202220518384386,0.842506929290609,0.999486182046446,-5.0123056600878
"TRAFD1",-0.0335523149361023,16.9428655300008,-0.30723387107609,0.762960269432865,0.999486182046446,-4.99594227071022
"COX7A2L",-0.100005935635515,19.6550316388188,-1.33618590123218,0.201737185179859,0.999486182046446,-4.51863899588436
"HSPB6",-0.18105040555491,16.6291875359365,-0.502070369653028,0.623639455064732,0.999486182046446,-4.94786968482143
"NDUFAB1",-0.0803929071774192,18.2746439336114,-0.183683076373348,0.85681316969052,0.999486182046446,-5.01448713085469
"UBFD1",-0.0369074927200295,21.0715932372678,-0.120291676894617,0.905907687388235,0.999486182046446,-5.0204129188873
"CYB561D2",-0.0686189772688586,15.7732785294187,-0.428735167698401,0.674756289695632,0.999486182046446,-4.96855562198878
"CIT",0.00919192419716452,17.4268608863186,0.117991454252868,0.907666148748233,0.999486182046446,-5.02058706635575
"COPE",-0.0444268305235589,21.6592874470564,-0.407419874493693,0.689550984329985,0.999486182046446,-4.97417419984432
"RFXANK",0.433770962006976,13.9957348319977,0.834712059650445,0.418240701622672,0.999486182046446,-4.81682097111039
"AP3D1",-0.0250364573031803,21.1885177981322,-0.289579119185699,0.776168855470614,0.999486182046446,-4.99915834666642
"CCS",0.241328142339754,19.3297722952819,0.759694386203169,0.459645322164657,0.999486182046446,-4.85187312070542
"ABLIM1",0.0673053963996626,14.793926361905,0.250177319565959,0.806149261523929,0.999486182046446,-5.00557522425458
"DVL2",0.0241084632750237,17.3449742884928,0.159368438928324,0.875540256688816,0.999486182046446,-5.01706066988201
"CHD1",-0.0803091960260538,17.8302294752149,-0.633116471960821,0.536350582578431,0.999486182046446,-4.90380788637944
"CHD2",-0.111007835712801,18.7828462357647,-1.58697526641288,0.133718312757092,0.999486182046446,-4.33309087324901
"GOSR2",0.0110233097838588,18.8880967722505,0.0720356129058246,0.943541227608082,0.999486182046446,-5.02327307819844
"TOR1A",0.0340462954467284,19.8090320875455,0.35229784393013,0.729597778577431,0.999486182046446,-4.98688801212785
"TOR1B",0.0610396966429079,18.2241296544139,0.677118978231064,0.508811375172341,0.999486182046446,-4.8867711271717
"STX16",0.0563586395639497,20.2889216820255,0.698849261671623,0.495518404997431,0.999486182046446,-4.8779719089684
"ADAM10",-0.0123996470000129,20.0889340124208,-0.10544546387345,0.917442893498845,0.999486182046446,-5.02144902698481
"ABCD4",0.0351523471024997,15.0446091501796,0.171172149041308,0.867000596175118,0.999486182046446,-5.01571998035326
"EI24",-0.0892055962145335,18.7305277767814,-0.722743816520472,0.48114055786568,0.999486182046446,-4.86800542405171
"TP53I11",-0.134838752383402,18.1410374695844,-1.05970616568569,0.306323136925941,0.999486182046446,-4.69687278059727
"KMT2D",-0.110129604938781,16.6328477678487,-0.828028842808907,0.420849887824797,0.999486182046446,-4.82053967030086
"ITGB1BP1",0.0987617608283085,14.6005778983039,0.534071567901355,0.603249373923522,0.999486182046446,-4.93714942627668
"APAF1",0.111921640302587,16.914933702013,0.728735079821244,0.477575156862678,0.999486182046446,-4.86545901742143
"RIOK3",-0.266072658744815,17.2248147353971,-1.81550606458604,0.0898269576517381,0.999486182046446,-4.14847231533216
"IMPA2",-0.0338524991125233,18.1782807724429,-0.27241547933131,0.789078965057552,0.999486182046446,-5.00210540582498
"MAP2K7",0.0380710050706092,18.4925677497851,0.581311279723786,0.569807716206942,0.999486182046446,-4.9225050784623
"ACOT8",-0.0219636998501294,20.0213455490875,-0.374882189860621,0.71308316556333,0.999486182046446,-4.98189598827467
"CDIPT",-0.234063784556241,20.1144516643148,-1.35377624835554,0.19637363906443,0.999486182046446,-4.50638579972177
"PDCD5",0.00132147800838567,19.2469184349821,0.00642653390583421,0.994959696269512,0.999486182046446,-5.02485747345336
"PRMT5",-0.0323522977741071,23.1508890213561,-0.253182280938103,0.80362195876719,0.999486182046446,-5.00519687245326
"SLC9A3R1",0.0106233956039112,23.3460612267659,0.094786011656824,0.925760425945322,0.999486182046446,-5.02210547173076
"CHEK1",-0.0981064017084421,17.9651277293435,-1.26396061136647,0.225853993326497,0.999486182046446,-4.56810543365444
"TNFRSF10B",0.324052615390102,14.9402455044437,1.22585431383088,0.239465379340403,0.999486182046446,-4.59341090235887
"FPGT",-0.0674279411094965,16.7402341624952,-0.48358267103253,0.635782103670281,0.999486182046446,-4.95367940858389
"TPP1",-0.0275615716486399,19.0648694067625,-0.254431374897779,0.802675119700199,0.999486182046446,-5.00500287960626
"TCERG1",-0.0410622915003955,21.2803745037455,-0.536662216404989,0.599502435188366,0.999486182046446,-4.93741909987117
"NDC80",0.0690386553931894,16.8953584226078,0.5907541543802,0.563627985508896,0.999486182046446,-4.91920783046559
"KIF3C",0.550248475259544,11.4996050364475,2.35198715564825,0.0341312997580061,0.999486182046446,-3.69117039803222
"NRP1",0.0644189371627562,18.4267644920108,0.788977471987717,0.442622449692569,0.999486182046446,-4.83881146899507
"TNPO2",0.0360152719780835,19.799279907523,0.346015493521391,0.734216859351799,0.999486182046446,-4.98822286246179
"POLR3A",0.0340091292721958,19.1676352257173,0.615314475821961,0.54772362856209,0.999486182046446,-4.9104000644059
"TSPAN4",0.0900539610564337,16.1664453681788,0.312711648059728,0.759555440979819,0.999486182046446,-4.99463029036664
"PSMA7",-0.012695441293836,23.5937998164006,-0.0988962604957644,0.922552096010249,0.999486182046446,-5.02186061223314
"SCAMP3",-0.0696164301483613,21.4778708503613,-0.822429114820658,0.423928715150245,0.999486182046446,-4.8232072346674
"PHYH",-0.262976238238377,16.2193218855677,-0.795171223989621,0.443860634334188,0.999486182046446,-4.83352752488442
"OPLAH",0.0200247376754845,18.4032453145039,0.232535108707208,0.819317980506612,0.999486182046446,-5.00826677242046
"BCKDK",0.0343883284684949,17.3325059622407,0.351211555780563,0.730395700369084,0.999486182046446,-4.98712049964004
"IFIT3",-0.0320238182627612,17.0472493991396,-0.250802697455224,0.809428431735603,0.999486182046446,-5.00418534535225
"MGST3",0.0475140630554556,20.7757648837931,0.231617486022736,0.82008100745293,0.999486182046446,-5.00837697441636
"GEMIN2",0.178214304360246,18.18091091825,1.02575687142318,0.321534605658048,0.999486182046446,-4.71655805458795
"IRF6",0.0588473050911524,16.8215820092655,0.32539680186471,0.749450621178231,0.999486182046446,-4.99243875976752
"TAX1BP3",0.115559126230124,20.7856911706295,0.73233451085619,0.475511706656185,0.999486182046446,-4.86388143075064
"GIPC1",0.00454294594101512,21.0285789517023,0.0679931538643674,0.946704189291238,0.999486182046446,-5.02344726264656
"LIN7A",-0.166516003191585,16.1888181239282,-1.24651406401717,0.232008408350579,0.999486182046446,-4.57976090201439
"IKBKB",0.0597970856257071,17.7280088407522,0.757827044556748,0.460491003413819,0.999486182046446,-4.8528262439364
"RGS12",-0.201770544578695,15.5551600508389,-0.562561979289345,0.583516805290919,0.999486182046446,-4.92816091093412
"TIMM23",0.0442394099587204,17.4126587133335,0.27905047151888,0.784080446376176,0.999486182046446,-5.0009871753554
"HAT1",-0.0252607469919042,21.260692014924,-0.296618908997632,0.770893125784413,0.999486182046446,-4.99789836540349
"UBE2L6",0.135992491556447,17.2358491546211,0.758927042227654,0.459852511926571,0.999486182046446,-4.85233990759788
"CASK",0.0315396508900676,18.9598601946089,0.607821165078977,0.55254995938057,0.999486182046446,-4.91312268994712
"PLD2",0.0572251004844126,16.5593418573323,0.412317863028064,0.68603642867755,0.999486182046446,-4.97295790931692
"UQCRQ",0.0774057438905764,21.6720270952295,0.871750796773984,0.397311943145428,0.999486182046446,-4.79917224015513
"MYL12B;MYL12A",-0.0415799981853411,22.6288401677449,-0.173585274094371,0.864598222910758,0.999486182046446,-5.01559570643703
"HGS",-0.0437654194629715,19.8566656173744,-0.421067537230129,0.679776766312464,0.999486182046446,-4.97075017027589
"AURKA",-0.0369654615224952,19.6568757599494,-0.62111963388992,0.544000491665302,0.999486182046446,-4.90826952668972
"RAB29",-0.12270352375273,18.2587617561202,-0.967321460004858,0.348977022190245,0.999486182046446,-4.74921827777339
"VPS26C",0.080001685205918,17.0806903424943,0.616030888331716,0.54726340579929,0.999486182046446,-4.91013813974671
"PPP1R12A",-0.0367104553045579,20.7582856225359,-0.55516717295128,0.587101466278273,0.999486182046446,-4.93137397446631
"SLC27A2",0.014536896297848,19.542263824378,0.141121546387937,0.889683128972457,0.999486182046446,-5.01874498014474
"GAK",0.0193749985277805,19.4259160273184,0.315186930427169,0.75703463714038,0.999486182046446,-4.99443246212939
"HNRNPDL",0.0481394584072987,21.176987436568,0.394865416655777,0.698593128140714,0.999486182046446,-4.97722746084257
"XPO1",-0.0701495335615583,21.8389570810975,-1.13639385541996,0.273917647259338,0.999486182046446,-4.65055149147801
"BTAF1",-0.0348765939327222,19.2565288611447,-0.509769606136703,0.617754643724731,0.999486182046446,-4.94585834288711
"ARHGEF10",0.06296826275398,17.3851205265049,0.695034831312188,0.497836889337467,0.999486182046446,-4.87953478590558
"ZNF609",-0.159330421057646,17.1342098780297,-1.09768211289449,0.289939269381607,0.999486182046446,-4.67425059829602
"SPTBN2",-0.0677702163384453,18.5321828890136,-0.72349715450131,0.480691368262555,0.999486182046446,-4.86768628204723
"SEC16A",-0.0318621012082936,20.5269658473638,-0.51421203450919,0.614721044318071,0.999486182046446,-4.94449263118743
"PLXNB2",-0.0088552399778834,18.637633978812,-0.152986169755546,0.880482322101905,0.999486182046446,-5.01767295426796
"AREL1",-0.214461318948139,15.218796204285,-1.62841148994253,0.124602680478573,0.999486182046446,-4.30060063774193
"KHNYN",-0.179191841634957,17.0507156999528,-1.0234732057151,0.322577081483653,0.999486182046446,-4.71786369268471
"TECPR2",-0.159160339714049,17.8176010029001,-1.12370092702765,0.279095773281281,0.999486182046446,-4.65839204747923
"U2SURP",-0.0324205474381749,23.6199716432203,-0.700091513877026,0.494764716457443,0.999486182046446,-4.87746124685848
"SETD1A",0.0108530036103041,17.7910255126358,0.140227222227066,0.890377344883158,0.999486182046446,-5.01882229503996
"N4BP3",-0.0224703886726481,17.5707894244329,-0.164419394338891,0.871632870731825,0.999486182046446,-5.01655845650477
"SYNJ2",0.299743624628331,16.9848022241278,2.18232868251676,0.0456871943284554,0.999486182046446,-3.8303453778056
"KIF3B",0.0794655652901355,17.2384718481707,0.812598077748115,0.429369075961866,0.999486182046446,-4.82785216322011
"PFAS",-0.00973422540909752,21.0877694529538,-0.169053653115296,0.868050877125331,0.999486182046446,-5.01608396473256
"DCLK1",0.0872543302656865,18.1992513905149,0.514262038734256,0.614686939193336,0.999486182046446,-4.94447719459363
"ANKRD28",-0.0637504073854878,18.8966513386141,-0.914324730488624,0.375250560732656,0.999486182046446,-4.77746114632216
"ARHGEF11",0.110572665187913,16.6106079026107,0.518500385334071,0.612351661288222,0.999486182046446,-4.94286261481684
"PRORP",0.0741778530565043,20.3763144984084,1.30830499810436,0.210790351702498,0.999486182046446,-4.53796243936015
"CHUK",-0.011344302924595,18.5174457810668,-0.208808962071296,0.837453481073689,0.999486182046446,-5.01147535157672
"LSM1",0.333944500248446,19.5046818957489,1.41759104703722,0.177499410853339,0.999486182046446,-4.46092226633949
"NPC1",-0.00508906961606925,19.5020396049624,-0.0882369886531549,0.930875118674113,0.999486182046446,-5.02247418004416
"AGPAT2",0.0180929776863152,19.0038754012014,0.107257005817289,0.91603928216878,0.999486182046446,-5.02132913636459
"DEGS1",-0.157039832107515,18.2385819098672,-1.06484858726277,0.305286419927118,0.999486182046446,-4.69356076760893
"SCAMP1",-0.141418737407399,19.7933515271679,-1.44398136503039,0.169647894725257,0.999486182046446,-4.44136601761237
"SCAMP2",-0.0233397125367603,19.7399292352489,-0.333368727807626,0.743547479608011,0.999486182046446,-4.99083878684724
"ARPC1B",-0.0743267581618028,21.8885903972679,-0.783523214133019,0.445719185304398,0.999486182046446,-4.84130153036237
"ARPC2",-0.0101925420249813,22.8194911218929,-0.19366924896638,0.849076564117982,0.999486182046446,-5.01334394354713
"ARPC3",0.0383360808115718,23.0137533452269,0.444884757384427,0.662861703595378,0.999486182046446,-4.96451402798081
"MDM4",-0.000449789453732308,13.1651536301635,-0.00218976707597676,0.998289556093611,0.999486182046446,-5.02486869918431
"BET1",0.320847681954366,16.9571802583632,1.34485833686071,0.202105454395141,0.999486182046446,-4.51384702351357
"ZBTB7B",-0.0728849398292475,17.40786232697,-0.540224853912332,0.597104789589397,0.999486182046446,-4.93627030744137
"POLR1C",0.0790985824178101,21.3079261181484,0.60568574684029,0.553930689765017,0.999486182046446,-4.91389225825459
"PLSCR1",-0.0679548372013947,16.6208302493916,-0.140745925362798,0.891364942302357,0.999486182046446,-5.01849432239078
"TRIM24",-0.0679544942536197,18.9771089962219,-1.06000135321008,0.306193219244579,0.999486182046446,-4.69669937171981
"PGRMC2",0.0790822713278274,20.6729368315586,0.664802655078958,0.516436404058702,0.999486182046446,-4.89164558887733
"RGL2",0.119809004263026,17.5702557153982,1.45461379079301,0.16672449258726,0.999486182046446,-4.43353298735151
"PFDN6",-0.146141820148504,20.0411230550312,-0.779807809529407,0.447981102387879,0.999486182046446,-4.84291303881631
"WDR46",0.0216876793999425,18.4501261940573,0.220508383136207,0.828498194916481,0.999486182046446,-5.00993590400931
"NKRF",-0.0417267334764517,20.4091378017087,-0.803102172489625,0.43466632681019,0.999486182046446,-4.83229220151755
"GNPAT",-0.197975342358017,16.1779483704228,-0.899193421805703,0.382994109602809,0.999486182046446,-4.78527852348475
"LAMA5",0.0358339601387776,17.3490508830997,0.476733496676972,0.640537408918771,0.999486182046446,-4.95566004215439
"ZNF185",0.00574054280884795,16.5593456588692,0.0537978763666862,0.957818059998849,0.999486182046446,-5.02397931424447
"CASC3",0.0447895060786294,17.3352953288098,0.363243539231896,0.721575913432546,0.999486182046446,-4.98450632917302
"MRPS12",-0.0974019731484823,19.0576762747828,-0.721179334464505,0.482074210754699,0.999486182046446,-4.86866723855741
"NDUFA1",0.101767192280086,17.0009129061086,0.350651296151271,0.731199043327078,0.999486182046446,-4.98706696093855
"ACOX3",0.039303988818908,19.2946949618028,0.629634382238646,0.538564803378783,0.999486182046446,-4.90511101632405
"RER1",-0.110954048588955,20.9529110555874,-1.79027310242419,0.0939523266204934,0.999486182046446,-4.16946613060333
"SURF4",-0.0262751344454983,22.3858323008952,-0.220610262879995,0.828420317437826,0.999486182046446,-5.00992213320071
"MAPK13",0.000239929429309171,19.8263734418046,0.00385668558355277,0.996974493189959,0.999486182046446,-5.0248656202204
"ATXN7",-0.0210069818678438,15.7812451554827,-0.160716257591647,0.874497260655967,0.999486182046446,-5.01692818211376
"SPTLC1",-0.0434455838457914,21.1096458059522,-0.895158219330775,0.385077295547631,0.999486182046446,-4.787344524228
"SPTLC2",-0.100557083768795,20.5503886610836,-0.935533678377287,0.36457769825035,0.999486182046446,-4.76631856078461
"FANCG",-0.0507279630011865,15.6812968833565,-0.374416569799188,0.713422185346341,0.999486182046446,-4.98200195745164
"OGT",0.0330959839003242,20.4919133006797,0.462232126547604,0.650659310804657,0.999486182046446,-4.95976424000503
"PPM1D",-0.101265283973245,19.6427055446909,-1.71511273007428,0.107248523677094,0.999486182046446,-4.23115159044756
"PMM2",-0.0174339536723238,21.744486052305,-0.18154669301683,0.858409649483942,0.999486182046446,-5.01473951620003
"RAD51B",0.0146063254770219,15.7761874021022,0.0772472637505382,0.939539588185793,0.999486182046446,-5.0230252485479
"TM9SF1",-0.171360288221305,20.918359164884,-1.3545913250083,0.195934099838464,0.999486182046446,-4.50572952402068
"INPP4B",0.0311004563773452,20.6951851220608,0.645117945687974,0.528757915466655,0.999486182046446,-4.89926563878708
"HMGB3",-0.072650207325502,23.1570954756584,-0.450823536288651,0.658732977395978,0.999486182046446,-4.96287673236603
"PPM1G",-0.0445586611150439,21.8188567084893,-0.495661262172282,0.627436448236915,0.999486182046446,-4.95012081633076
"INPPL1",-0.0572229688057568,19.2899222652779,-1.10255465680986,0.287885088894857,0.999486182046446,-4.67130278171806
"FANCA",0.100110876241821,16.6697891771906,1.05516040718527,0.30832890675135,0.999486182046446,-4.69953834182772
"SOX12",0.0739415156520966,13.6504985029243,0.242089340477164,0.812561048456036,0.999486182046446,-5.00670714429189
"EIF3D",-0.0619495582823539,22.8933774461213,-0.406505501148899,0.690244084169943,0.999486182046446,-4.97438212403324
"EIF3H",0.0168347110009535,22.2834880315145,0.23855871856912,0.814730219777243,0.999486182046446,-5.00739782317165
"HDAC3",-0.0447667962374645,18.1873805050363,-0.361325470883483,0.722979214687202,0.999486182046446,-4.9849288184008
"NVL",-0.00993611279010054,18.1761312858024,-0.156322566176221,0.877898151656332,0.999486182046446,-5.01735598285007
"BCAT2",-0.0335221044551055,20.5765929072227,-0.371840897104858,0.715298670414666,0.999486182046446,-4.98258583186512
"NCAM2",0.0662595502579926,18.958271575796,0.923142695868782,0.370787481782741,0.999486182046446,-4.77285458571672
"IPO8",0.0668962126580901,18.8498538487123,0.929214012236224,0.367735807807815,0.999486182046446,-4.76966123100231
"STX7",-0.052840536676392,19.6818511254015,-0.402897495767637,0.692802604874527,0.999486182046446,-4.97528471922118
"SLC16A6",0.0414359402583653,15.6640197535959,0.203265438660396,0.841904745586076,0.999486182046446,-5.01211896711603
"TNRC18",0.010348538573492,17.1966609336668,0.127462824227799,0.900295502946883,0.999486182046446,-5.01987239959118
"SLC16A3",-0.0829561937353382,17.110689071924,-0.702173848257498,0.493502859535704,0.999486182046446,-4.87660339910629
"SLC31A1",-0.273972398645814,17.1114072481072,-1.06875478760412,0.302409514448352,0.999486182046446,-4.69152817323483
"ABCC3",0.146996855904536,16.8158569438551,0.955176272474147,0.355980414148452,0.999486182046446,-4.75538820325749
"ABCC4",0.0956354660879875,17.5366461950624,1.10587230540936,0.286492639770417,0.999486182046446,-4.66928982457946
"ABCC5",-0.00315081735161726,17.9484871002107,-0.0482702739248357,0.962148354353273,0.999486182046446,-5.02415296218789
"POLR1G",-0.184890230959709,20.602130124701,-0.898165106456695,0.383810434146223,0.999486182046446,-4.78567961233765
"P4HA2",-0.0148555189386954,18.6446533438366,-0.109797863338677,0.914049541651742,0.999486182046446,-5.02116093904894
"YKT6",0.00318224085886243,21.3853405297754,0.040469030847501,0.968261873068421,0.999486182046446,-5.02436604516517
"NUP42",0.089226748758815,16.7891118733466,0.728185440280025,0.477901581202014,0.999486182046446,-4.86569341426143
"ARPC5",-0.0516100719065804,21.2161020755445,-0.331206503806178,0.745175839609081,0.999486182046446,-4.9912642377329
"POLR2D",0.396839651210255,15.6736182120172,1.20969115016941,0.245428415360673,0.999486182046446,-4.6039733673342
"CLOCK",-0.349264463675244,19.6322890231832,-0.599062122634994,0.564827370507827,0.999486182046446,-4.91255550316384
"MAFG",0.704688698070319,15.7300443673826,2.58323091793988,0.0209908344327335,0.999486182046446,-3.46576794623585
"PDPK1",0.0188029586959502,17.9326465075217,0.127259814132779,0.900453388950996,0.999486182046446,-5.01988829448998
"TAPBP",-0.239937934504585,18.726824516655,-1.0474547565947,0.313241188681336,0.999486182046446,-4.7036474365858
"RNF113A",0.21102175773791,18.2607542914379,0.894062177978093,0.385775285628058,0.999486182046446,-4.78784614810371
"KDM6A",0.111475644654165,15.4430251543162,0.523200003922359,0.608605682726566,0.999486182046446,-4.94169511323506
"CLDN3",-0.140027578365004,20.126927554122,-1.23341231062151,0.236715996090748,0.999486182046446,-4.58843658040352
"DHX15",-0.0223386671952817,23.4651319179415,-0.365446478283757,0.719965470951549,0.999486182046446,-4.98401840221638
"RNMT",-0.0454802235268161,20.3329951417971,-0.447984320707426,0.660674029768528,0.999486182046446,-4.96367816657241
"ZZEF1",-0.026413214022444,18.9647932961215,-0.489857120003633,0.631440324381293,0.999486182046446,-4.95184128801427
"ASAP2",0.0390681265739907,18.510100986319,0.441508304458876,0.665248425489193,0.999486182046446,-4.96541820278847
"TTI1",0.0335640234198635,19.4487952135551,0.483273291038114,0.635996547618205,0.999486182046446,-4.95376945694368
"RRP8",-0.0389674561591491,19.5615873754032,-0.55099315594173,0.589887179887094,0.999486182046446,-4.9327544016008
"PJA2",0.277665348894825,10.2825864059152,0.834415715284556,0.426238303256245,0.999486182046446,-4.81314622076191
"SIPA1L1",0.0910740391029528,17.5713488550824,1.33740793478718,0.201347643974765,0.999486182046446,-4.51778561275506
"CYB5B",0.397920632400773,19.3524416597095,1.11428942708667,0.283335311344826,0.999486182046446,-4.66410861341903
"PRPF4",-0.0222944393467657,21.1772187197565,-0.354691584950367,0.727840623002707,0.999486182046446,-4.98637322977665
"PHGDH",-0.0104882692559976,24.5812227578955,-0.161546108028505,0.873855208816145,0.999486182046446,-5.01684605733674
"NDUFS4",-0.0378187468100712,19.4031367348267,-0.263415415910246,0.795874542161496,0.999486182046446,-5.00357983023115
"PHF1",-0.375275359012115,16.117984754968,-1.57623048115215,0.136173121048418,0.999486182046446,-4.34143790960138
"DYNC1LI2",0.0265762378011551,21.1930061879417,0.522047645364501,0.609388067386513,0.999486182046446,-4.94205635606061
"PSMD3",-0.0223916230330197,22.2467159203209,-0.491166775116981,0.630535833783236,0.999486182046446,-4.95145476712337
"RBFOX2",-0.142018589256747,14.6607183657421,-0.419606792795271,0.686161284570142,0.999486182046446,-4.96846840540904
"PAPSS1",0.00379558315942319,21.2679298109898,0.064341898741594,0.949561858601224,0.999486182046446,-5.02359595393963
"SIAH2",-0.0880634197606369,16.8612734025268,-0.127673625574266,0.900620377272564,0.999486182046446,-5.0197655678687
"ZW10",0.0232906830880317,20.5785834336472,0.337757386463271,0.740304780152939,0.999486182046446,-4.98994180480585
"SPINT1",-0.137879992380473,20.0677373236385,-0.83487720159863,0.417207069255974,0.999486182046446,-4.81720527638527
"SART1",-0.0371023747768966,20.0079272903707,-0.482470881782387,0.636552887378588,0.999486182046446,-4.95400275012224
"SPINT2",-0.0245656888230492,20.9499436804451,-0.175397026056614,0.863164541159434,0.999486182046446,-5.01541028103853
"GPAA1",-0.0288814305539589,19.6063174927951,-0.356759551303808,0.726323877236995,0.999486182046446,-4.98592576764493
"AP5Z1",0.0631100764425661,17.9454414226891,0.753481494129918,0.463018718544886,0.999486182046446,-4.85474135925449
"HSPA12A",-0.0282288850123926,16.1976440935633,-0.0899879680688581,0.92950919247526,0.999486182046446,-5.02237793361122
"CCP110",0.129579622085137,15.4050803638875,1.05726104066835,0.307400834189268,0.999486182046446,-4.69830769832795
"CTIF",-0.0232827766165293,16.9052244836547,-0.137414285839568,0.892561479207461,0.999486182046446,-5.01906228280897
"PPIP5K2",0.0575811926310088,19.0809818148038,1.02159936102178,0.323434293666882,0.999486182046446,-4.71893326554462
"MAP3K7",-0.0558022309969886,17.802062510667,-0.637272402034992,0.533714510506981,0.999486182046446,-4.90224388653416
"EEF1E1",-0.169808766131641,22.3213846705346,-1.53381484426395,0.146241420317311,0.999486182046446,-4.37406378584167
"RIPK2",0.0989901597737877,17.7002092037063,0.495188956199977,0.627761809308631,0.999486182046446,-4.95026154015587
"HNRNPR",0.192281721395293,21.1291884647226,1.60034195181947,0.130717321530184,0.999486182046446,-4.32266174176446
"PRPF3",-0.020225912826497,21.317961598647,-0.424712702592633,0.677176097814858,0.999486182046446,-4.96981719644747
"TXNL1",-0.0115984585943423,22.7098690712522,-0.152294949040862,0.881017876649731,0.999486182046446,-5.01773777187147
"TPD52L2",0.0664587260042211,22.9776805828804,0.819583976340437,0.425498582178784,0.999486182046446,-4.82455652192386
"EMC8",-0.0831883489724525,20.2489430480642,-1.2413488988385,0.233855474222449,0.999486182046446,-4.58318910643379
"ERI3",-0.0704767772752426,19.7580246265865,-0.705730954416932,0.491351725365964,0.999486182046446,-4.87513265197911
"THAP12",0.0416535021482822,17.3301616810265,0.262433641882965,0.796616885998462,0.999486182046446,-5.00373771246052
"SYNJ1",0.0261727121672166,17.506237440505,0.241710694275166,0.8123323633305,0.999486182046446,-5.00693436871831
"FIBP",0.139819879267293,17.7010589303231,1.48855916549771,0.157669859219144,0.999486182046446,-4.40828311939026
"EIF4G3",0.0407993624931038,18.6378238401069,0.570672521824473,0.576812597567598,0.999486182046446,-4.92616028961722
"PPIH",0.0210167295195696,21.9296240771214,0.289141675721795,0.776497062330406,0.999486182046446,-4.99923565786322
"HTRA2",-0.0191087850081857,20.2659406277093,-0.306910361653616,0.763201636452213,0.999486182046446,-4.99600288404593
"OIP5",-0.0976517835359587,17.0018508136968,-0.710015130844054,0.488768296750602,0.999486182046446,-4.87335234504969
"AKR7A2",-0.0914974075498343,19.5281498335247,-0.539149549454681,0.597877751560932,0.999486182046446,-4.93659033209361
"EPB41L2",0.0524512261575332,18.3389829189032,0.524640505890724,0.607628360709487,0.999486182046446,-4.9412424810484
"TGOLN2",-0.0257115976310764,18.3539754132431,-0.165953979924326,0.870446405398788,0.999486182046446,-5.01640278628278
"RAD51C",-0.0177624653715149,19.718412790475,-0.342976940622042,0.736454777523152,0.999486182046446,-4.98886006311773
"LAMTOR5",0.279961586644237,16.1269330912106,0.646525442586433,0.530581795287674,0.999486182046446,-4.89720336756217
"B4GAT1",0.0212245940437015,19.7013156049784,0.367877121176642,0.718190158858231,0.999486182046446,-4.98347670591225
"ATP8B1",0.091239318727613,16.9509131595396,0.672559825972977,0.511626329932487,0.999486182046446,-4.88858505873473
"BCL2L11",0.0165956361480291,16.5369949487434,0.149211137499334,0.885196218169498,0.999486182046446,-5.01763779422576
"FOXO3",-0.0927466289399455,15.9319136913282,-0.554667867028195,0.587434345558711,0.999486182046446,-4.9315396211113
"XRCC3",0.120683615704017,18.3343441565783,0.805695447359291,0.43321555582169,0.999486182046446,-4.83108420602439
"RNF13",0.100830619474916,18.5139777748004,0.802244160909539,0.436058038845271,0.999486182046446,-4.83222433394721
"CA12",0.0366448646433319,18.0449016273403,0.271977444710097,0.789409301994703,0.999486182046446,-5.00217829691285
"AKAP10",0.0572147940231176,17.424837977885,0.796192764301613,0.438546796310152,0.999486182046446,-4.83549399020771
"SYT7",-0.0802173642672521,17.3513614379079,-0.45241861704666,0.657549864478199,0.999486182046446,-4.9624726657099
"DENR",-0.0975400614364617,21.8069732528441,-0.540768559842824,0.596849989698662,0.999486182046446,-4.93603323938943
"XPOT",-0.0499841783367003,21.8995901565403,-0.60174812226209,0.556478363609515,0.999486182046446,-4.91530650361562
"DNPH1",0.0470737924434133,21.175051374682,0.431747918789368,0.672168798205834,0.999486182046446,-4.96799459961541
"TIMM44",-0.00688880224180011,21.5237273306655,-0.0882290346748426,0.930881332582093,0.999486182046446,-5.02247461183296
"TRAPPC3",0.0717897596002679,20.3479238492457,0.426599266568025,0.675888228160482,0.999486182046446,-4.96930308486419
"CHMP2A",-0.0348616351516604,20.0254640267221,-0.33752958441621,0.740472974179111,0.999486182046446,-4.98998864683221
"NCK2",0.0380345749823015,17.938479450191,0.257248038552386,0.800541206435317,0.999486182046446,-5.00456197268252
"TSPAN6",-0.125950543022693,17.4187143642542,-0.454617929578563,0.656055746118889,0.999486182046446,-4.96184318920819
"PLRG1",-0.0464559603727892,18.7382805584494,-0.77165890732887,0.452502237146915,0.999486182046446,-4.84666511117724
"PRC1",0.00495680023324496,18.9604979631071,0.0714079774518929,0.944032248514058,0.999486182046446,-5.02330078109164
"RGS10",0.105845437924675,16.6759452517613,0.746923564259818,0.466849461625714,0.999486182046446,-4.85761283739318
"ZNF207",0.00142078618970132,19.6375934208027,0.0132141270503085,0.989634027972747,0.999486182046446,-5.02481644351797
"NDUFB5",-0.00752446403945939,20.0620521902026,-0.0481030440622068,0.962283383973296,0.999486182046446,-5.02415763982181
"NDUFB3",0.131217688861369,21.1090236738482,0.747604780514528,0.466574657887866,0.999486182046446,-4.85724867600781
"NDUFA2",-0.0381216805136688,20.5241608649131,-0.40246805392352,0.693111702946915,0.999486182046446,-4.97538954901646
"GET3",0.0144984730500468,22.6653540671758,0.131452075203456,0.897193855887329,0.999486182046446,-5.01955493281175
"BUB1",-0.220376936823248,15.6607737752359,-1.31200715749898,0.209569843780017,0.999486182046446,-4.53541287329761
"BUB3",-0.0736474873240098,22.7732567418769,-1.0410939058702,0.314596306487545,0.999486182046446,-4.70772866688626
"PLPP2",-0.666758002843521,16.2423695170346,-3.00960860208526,0.00893291315492996,0.999486182046446,-3.07447824323351
"ACTN4",-0.00424183146468238,23.097437777528,-0.0356253005621146,0.9720587709462,0.999486182046446,-5.02447950010471
"GSTZ1",-0.0377307174910122,20.1837817991652,-0.441875869183307,0.664988421660537,0.999486182046446,-4.96532009486285
"BUD23",0.00941675313079671,18.3872218789691,0.126559634901723,0.900997969105286,0.999486182046446,-5.01994292201353
"HTATSF1",-0.0601447014640257,20.7541654848819,-0.833265244160041,0.417983971630706,0.999486182046446,-4.81803089999325
"KDELR3",-0.0417614824819559,16.2441894249598,-0.142090642762788,0.889069279869282,0.999486182046446,-5.01863241894566
"TRAF3IP2",-0.308295211637969,14.8289893945825,-1.56077360970653,0.1412911988673,0.999486182046446,-4.35535367976302
"PRKAB2",0.156971868586702,16.8376247098522,1.12845427006141,0.277148079460325,0.999486182046446,-4.65546380184677
"AP1G1",-0.0518142777336337,22.3358387012897,-0.747707852725098,0.466390307977823,0.999486182046446,-4.85727060885408
"STX6",0.0563673121274562,18.4640415369263,0.444948385333067,0.662816762911317,0.999486182046446,-4.96449692551806
"SYNGR2",-0.105557805944734,22.6578415183372,-1.09321957133657,0.291830139853655,0.999486182046446,-4.67694140733713
"SYNGR3",-0.0969602268904204,14.7456362557076,-0.694163754640774,0.498367239677969,0.999486182046446,-4.87989059930032
"SGTA",0.0891477467706707,19.4502360186982,0.285806330944121,0.779080297292335,0.999486182046446,-4.99979124523621
"ENSA",-0.224769717907098,22.8186902579328,-0.814550544769546,0.428542333376991,0.999486182046446,-4.82680356533172
"SLC25A20",-0.0377250983110109,19.8417349718811,-0.645940237315489,0.52823991622674,0.999486182046446,-4.89895154350244
"NARS1",-0.0064638668278505,23.6811338536075,-0.122274952349697,0.904331588309397,0.999486182046446,-5.02027066456461
"MYO1B",-0.0400478446805224,21.2226489208287,-0.622985445381837,0.542806811291231,0.999486182046446,-4.90758082020103
"SSNA1",0.350321796029007,15.4930419447446,1.11309261384721,0.284749102050471,0.999486182046446,-4.66469914814273
"SLC25A17",-0.0347903095861071,17.6426552442847,-0.214843443683567,0.832831415217233,0.999486182046446,-5.01069169951463
"NUDT21",-0.004436215510637,22.6299054779723,-0.0672933956690433,0.947251800410894,0.999486182046446,-5.02347639415273
"LANCL1",-0.151896993573047,21.202435408611,-1.00830739910444,0.329661945795115,0.999486182046446,-4.72644282141836
"STRN",0.0307622408987882,19.1301169527489,0.45644605767226,0.65471806056103,0.999486182046446,-4.96136788587717
"RRP9",-0.112183144992244,19.8106356000392,-1.4055077484949,0.180582381877101,0.999486182046446,-4.46939983762499
"SCO2",-0.131806970588098,18.907700422564,-1.35529497229406,0.19571495139782,0.999486182046446,-4.50523360360143
"CFAP410",0.004146249441078,15.0332883993238,0.0146614338446633,0.988512888947855,0.999486182046446,-5.0248037178326
"AKAP8",-0.0158096378931987,17.5204401456624,-0.157211452279349,0.877209915446859,0.999486182046446,-5.01727038681885
"GTPBP6",-0.0174537780929604,18.7344720527632,-0.346257671541239,0.734038600255328,0.999486182046446,-4.98817184015216
"SLC37A4",-0.201228920530678,19.025520892106,-1.0040183901897,0.331704095559706,0.999486182046446,-4.72884323265191
"IDH3B",0.0352081758923859,20.9252562107774,0.540181465675485,0.597133960765231,0.999486182046446,-4.93628434141794
"NRDC",-0.0231481968923042,21.9549899333803,-0.483510116013704,0.635832391499863,0.999486182046446,-4.95370053144131
"CALU",0.0518376671543379,21.7306657664088,0.578716541074007,0.571512033763835,0.999486182046446,-4.92340239772494
"AHCYL1",0.141003295236928,20.5238701568147,0.920341709995917,0.372292420729229,0.999486182046446,-4.77428360281926
"KIF1C",-0.00781264637089052,19.811320319414,-0.119150208348721,0.906763917196614,0.999486182046446,-5.02050258473461
"PRICKLE3",-0.059103385969058,15.7800743628441,-0.405532601921805,0.690907180774824,0.999486182046446,-4.97463909992023
"ORC5",-0.0316569893213803,19.0623550719225,-0.41636764223968,0.68313615581592,0.999486182046446,-4.97194163084541
"NDUFS5",0.0108818761341816,21.5458190527376,0.103654451672029,0.918839744195324,0.999486182046446,-5.02156419887342
"PDE6D",-0.014538405769482,18.9413903415948,-0.0558141380226927,0.956253823422135,0.999486182046446,-5.02391006972652
"ORC4",-0.0324545926547124,19.0796326093226,-0.379046006948041,0.710054264024724,0.999486182046446,-4.98094266108144
"PEX1",0.0758174742779083,17.0086151122283,0.772787289263562,0.451854359182987,0.999486182046446,-4.84615812193023
"RAD21",-0.0470655486673905,19.2123176069572,-0.71983824952919,0.482875409940038,0.999486182046446,-4.86923352025065
"AKR1B10",0.0341653885000035,15.9831330000949,0.200493859836604,0.846255060882242,0.999486182046446,-5.01183344412208
"TIMM8A",0.189313730792321,16.7913779944045,1.3254812630855,0.206613015596601,0.999486182046446,-4.52659697688724
"KALRN",0.116578333569892,13.6110107827521,0.462081177876693,0.650765052184371,0.999486182046446,-4.95980632262575
"DHX16",0.0035419330746187,20.6499056371942,0.0837044076391926,0.934416860745478,0.999486182046446,-5.02271393533247
"ZNRD2",0.23387887844612,17.9594864331281,0.827309937575659,0.421475962563094,0.999486182046446,-4.82076789800485
"PPP1R12B",-0.197609772603483,15.1408004980461,-0.914914979260901,0.374950674960041,0.999486182046446,-4.7771539634005
"SH3BP5",0.0447671973352648,14.637920648588,0.250045783636546,0.806000888969707,0.999486182046446,-5.00567983480417
"MED14",0.0942444892151464,17.9404627623209,1.07852980340116,0.298119080805973,0.999486182046446,-4.68573814313544
"PRPSAP2",0.0173145924942055,20.4601567197722,0.338794912851175,0.73953891257182,0.999486182046446,-4.98972807140829
"SMARCA5",-0.0355003524989286,21.0965559214713,-0.465623615577719,0.648285582278906,0.999486182046446,-4.95881525988108
"ADCY3",0.261367009342216,14.9360766712291,1.17729788813914,0.259053091373163,0.999486182046446,-4.62479290862275
"KIAA0513",-0.146463337376481,17.022521992093,-1.15352460209493,0.267044485268886,0.999486182046446,-4.63986272564054
"SPAG9",-0.0130290992242443,20.3929025905293,-0.235640574393367,0.816951900481942,0.999486182046446,-5.00782153192755
"ZNF292",-0.0207984015221125,13.8934884911389,-0.0913826844080026,0.92850641539559,0.999486182046446,-5.02228857621607
"KIF5C",0.0875710694803846,16.8774844086064,0.538332536320019,0.598377714616476,0.999486182046446,-4.93688139019666
"URB1",-0.0101225340658964,19.1255287391193,-0.176326941181849,0.86243513614826,0.999486182046446,-5.01531282779391
"MGRN1",0.0250642676381077,16.4773931445415,0.116140261514475,0.909107800872594,0.999486182046446,-5.02072032328779
"SIPA1L3",-0.138793252259971,15.8165544830602,-1.06055332575543,0.305950393766653,0.999486182046446,-4.69637501050034
"ZFC3H1",-0.015690902792965,16.1614867499798,-0.156250752943528,0.877953758814743,0.999486182046446,-5.01736287707623
"LCMT2",0.014651743996712,18.0369737251456,0.211076482600244,0.835715953923359,0.999486182046446,-5.01118348173892
"AQR",0.0478817444703985,19.6083214693587,1.19937480407982,0.249294121018109,0.999486182046446,-4.61066082425363
"OPA1",-0.0451837819587766,19.6603577351197,-0.809081587656095,0.431325889874221,0.999486182046446,-4.82950172702886
"MCM3AP",-0.0514116541570573,18.2987858099515,-0.430512503876698,0.673046948797133,0.999486182046446,-4.96831674667973
"PIP5K1C",-0.0445379853780157,15.1475896786185,-0.14009796781435,0.890614013301207,0.999486182046446,-5.01880597275831
"KIF1B",-0.0756004856247543,17.9563381382001,-0.789738231328468,0.442191599321493,0.999486182046446,-4.8384629417442
"MARCHF6",-0.42838924663331,15.187730168727,-1.10392714551625,0.290092793903184,0.999486182046446,-4.6700014580802
"KDM1A",-0.00105687162316315,20.5033976558317,-0.0164276539473791,0.987113358752826,0.999486182046446,-5.02478711912848
"TBC1D4",0.00975931512511252,17.7724797002174,0.134205321249588,0.895054212416827,0.999486182046446,-5.01933014131113
"FZD6",-0.0967115570397645,16.2608616326338,-0.74025242737816,0.470766191597507,0.999486182046446,-4.860510807923
"NME2P1",-0.0518837791753093,19.609437058618,-0.17883749083381,0.860547076811025,0.999486182046446,-5.01502686925677
"FADS1",0.0369246461523964,17.8240452112689,0.402637495118469,0.692989738021679,0.999486182046446,-4.97534820015986
"PPL",0.00240693124786162,18.2322023906985,0.0297282879449406,0.976682249655049,0.999486182046446,-5.02459813390554
"MAN1A2",0.0714249243830238,18.9171256709833,1.11999546769887,0.280621209561768,0.999486182046446,-4.66066813235174
"MPZL2",0.0804174519372243,14.3534932638913,0.262030552758046,0.797483294534851,0.999486182046446,-5.00360356801072
"SNX3",0.0732582903480328,22.1880048340831,1.21789930369452,0.242385970703558,0.999486182046446,-4.59862230945985
"STX10",0.152770597083709,15.4715671871045,0.567787191573713,0.58004043831379,0.999486182046446,-4.92640358000096
"OGA",-0.0649398439174185,20.8070558341126,-0.690825735669131,0.500402643944156,0.999486182046446,-4.88125033932872
"ADCY9",0.000250793759750678,16.3189403260712,0.00196062211970949,0.998461920970584,0.999486182046446,-5.02486901589896
"SORBS3",-0.351152229088495,17.0160638415696,-2.29559107476309,0.0379723461829105,0.999486182046446,-3.74107678504981
"SYNCRIP",0.0665699762935432,23.3020461592263,0.654499871439847,0.522864805768106,0.999486182046446,-4.89566010530452
"CDC40",-0.0392092554928247,18.1362921200279,-0.438913620245614,0.6670850875662,0.999486182046446,-4.96610852221418
"RANBP6",-0.00472914646700318,17.9576689180901,-0.0411920050070876,0.967695214732816,0.999486182046446,-5.02434787244869
"NEMF",0.0307170813873583,20.8408078073148,0.630346395872787,0.538111630571407,0.999486182046446,-4.90484509445284
"GMDS",-0.00882074736738758,20.3844763351218,-0.130227241869139,0.898145983061426,0.999486182046446,-5.01965344304915
"NMT2",0.0277684181471258,17.3252737561079,0.0962655072665802,0.924617308388272,0.999486182046446,-5.02201686285634
"CCNT1",-0.0192094573983077,18.2440635936548,-0.232597093633634,0.819270735816137,0.999486182046446,-5.00825794261096
"BUB1B",0.0300360614754425,19.4734966911826,0.425671328396361,0.676492863198948,0.999486182046446,-4.96957054819986
"PLOD3",-0.0134802496155224,21.5837995616517,-0.163688506432024,0.872198069314367,0.999486182046446,-5.01663209289321
"EIF4E2",0.00856959351701292,16.7298831170094,0.103275594371408,0.919135259143196,0.999486182046446,-5.02158830918294
"CCNT2",0.0145406309614877,17.3973344318644,0.0977841121877788,0.923420068808144,0.999486182046446,-5.02192788985076
"DIAPH1",0.00312582413662454,21.7745657830815,0.0554844215049554,0.956497096689402,0.999486182046446,-5.02392258921823
"SELENOF",0.211982895374224,15.9114702027073,1.02037763288443,0.325167124618351,0.999486182046446,-4.7192779217236
"TSPAN3",-0.0373080189373436,13.5796245362358,-0.135783493009844,0.893960194320907,0.999486182046446,-5.01917338025971
"EXOC3",0.0579643561762921,19.8235150329652,1.19822416557743,0.249728182083859,0.999486182046446,-4.61140407813385
"PLIN3",-0.0121299729021302,20.34126538654,-0.120478527392332,0.905729822168111,0.999486182046446,-5.02040472771732
"SLC16A7",-0.225913951846053,16.5728296475409,-1.21541217594374,0.243304746037831,0.999486182046446,-4.60024653322806
"RAD1",-0.124294461970848,18.2539485581964,-1.78012785986147,0.0956576978923831,0.999486182046446,-4.17786779063996
"PRMT3",0.00170962523947793,20.1848391314448,0.0188488428955674,0.985214286517956,0.999486182046446,-5.02476082534432
"KPNA6",-0.0977889202106716,21.2121616797644,-0.63973411214875,0.532217145235961,0.999486182046446,-4.90127882601297
"UGDH",-0.0436712751622679,23.2399784758025,-0.65168526305435,0.524628840032859,0.999486182046446,-4.89674680677796
"CTNND1",0.0199570641185254,20.3126108295988,0.327115756886915,0.748176363307758,0.999486182046446,-4.99209697090124
"ICMT",-0.107664220981139,18.4254968131647,-0.492049249789711,0.62999303685374,0.999486182046446,-4.95115829412673
"EIF1B",-0.0949878897734067,17.2429704320591,-0.377729105636869,0.711030407231754,0.999486182046446,-4.98123658078363
"SNX2",-0.0315405202562218,21.2235812188826,-0.454329952082841,0.656205272002484,0.999486182046446,-4.96194953407055
"DPM1",0.0236983007554699,22.3282160995621,0.306094565090231,0.763810406651838,0.999486182046446,-4.99615545479351
"USO1",-0.0142628525218527,21.2961295484037,-0.195302733241935,0.847820705339262,0.999486182046446,-5.01314904803318
"SLC19A2",-0.0866858122469303,17.1588519994551,-0.976467014873312,0.344576500784953,0.999486182046446,-4.74421060121014
"MRPS14",-0.126173468595752,18.933052265968,-0.731980345218403,0.475721417780683,0.999486182046446,-4.86403316903245
"TOM1",0.182711685587385,16.7372190537022,0.543673644789082,0.594862044459703,0.999486182046446,-4.93511064509009
"PFKFB2",-0.0286440058373287,18.5718005458256,-0.411449489936708,0.686658986678029,0.999486182046446,-4.97317457347218
"CCDC22",0.0205298155613605,19.7772511621833,0.330632635123954,0.745571678444241,0.999486182046446,-4.99139219651941
"PQBP1",-0.0292779859117651,21.2491044787211,-0.184133584803003,0.856436217364264,0.999486182046446,-5.01444400905003
"TIMM17B",-0.0758138133914379,20.1811839683814,-0.543852045118651,0.594690556901007,0.999486182046446,-4.93508121518549
"PRAF2",-0.0936098090405331,19.7781469905944,-0.589558176543004,0.564463892531343,0.999486182046446,-4.91959717844972
"DKC1",-0.0237896653635516,21.2669916955573,-0.401142872457248,0.694065880379443,0.999486182046446,-4.97571235220235
"EIF5B",-0.0239305367012506,22.3544272607782,-0.53173428986035,0.602826833769678,0.999486182046446,-4.9389962903235
"EDF1",-0.0514346235276193,22.7979455844627,-0.649365211836817,0.52608544213057,0.999486182046446,-4.89763932333344
"KIN",0.0677034527390425,18.4604806660064,0.895517212955195,0.384891654514371,0.999486182046446,-4.78716104221799
"DIAPH2",-0.0605989680217114,18.5594728546804,-0.667187167623504,0.514955061562014,0.999486182046446,-4.89070826039487
"DNAJA2",0.0158636197202853,21.9982065447064,0.194891176402011,0.84813707925478,0.999486182046446,-5.01319830514542
"BRD4",-0.0826679374889814,17.8678391548216,-0.54868216168583,0.591432411999298,0.999486182046446,-4.93351446884408
"CUTA",0.477312889322327,17.7872125266989,0.609306797802067,0.552468415973296,0.999486182046446,-4.91209126036791
"OPHN1",0.285812492909951,16.2033747597996,0.954483386595733,0.355220501440258,0.999486182046446,-4.75618184501634
"SMPD2",0.0885496314148746,16.5696974706246,0.563508215662441,0.581554939685026,0.999486182046446,-4.92858606698082
"TBL1X",-0.0699222192447451,14.9032961083307,-0.493036817615881,0.629245380841936,0.999486182046446,-4.95090115160676
"HUS1",0.0755391670680687,18.0884672513392,0.741841604750313,0.469831346532435,0.999486182046446,-4.85982257785388
"PFDN1",0.219972887886072,18.1963585947645,0.934841401279136,0.365059850637106,0.999486182046446,-4.76663015995865
"PPP1R11",0.0295947148498534,17.5736912132047,0.146459056256843,0.885541868663535,0.999486182046446,-5.01827336898076
"RNASEH1",0.123187817676726,16.7344290701133,0.964756985370299,0.350218005305892,0.999486182046446,-4.75061545943177
"NBN",-0.021932164985845,18.6791436250647,-0.285554994728243,0.779189748873654,0.999486182046446,-4.99986520909861
"NOL3",-0.00583690984975149,17.7265608243721,-0.0156061796683307,0.987761881692594,0.999486182046446,-5.02479512420771
"RNGTT",-0.0132585618219565,19.1197167972266,-0.277908667063237,0.784939939214091,0.999486182046446,-5.00118149835022
"ABCB7",-0.0757654910086671,19.0466373645583,-1.12172733107597,0.27990747222864,0.999486182046446,-4.65960505563165
"SRGAP2",-0.0061806926762209,18.4521467049762,-0.0605469684143837,0.952532734927222,0.999486182046446,-5.02374180716876
"PLXNA2",0.0341255261782454,14.8425086659366,0.182044647874947,0.860893092052931,0.999486182046446,-5.01393821650604
"NOS1AP",-0.0209324620911246,18.4949690163693,-0.114589934184322,0.91090019444394,0.999486182046446,-5.02073284508117
"IGSF3",0.0353986894325509,20.4398609707089,0.774669354314969,0.450775031918725,0.999486182046446,-4.84531103384006
"DNAJC6",-0.018176987338876,17.3601536935896,-0.178043647185678,0.861110766460024,0.999486182046446,-5.01512610767819
"FAM20B",0.0692417740919993,19.1398398737223,0.568735988388932,0.578092480018949,0.999486182046446,-4.92681882203133
"DENND4B",-0.00206545687250781,15.9446825918487,-0.00901617390276242,0.99292704252783,0.999486182046446,-5.02484517312108
"WDR1",-0.0166009585513471,22.9198801783281,-0.22622587792034,0.82413061187408,0.999486182046446,-5.00915334195
"ATP9A",-0.083275321761267,18.6828886807216,-0.981985256964616,0.341940297849761,0.999486182046446,-4.74117026091387
"LDB3",0.0236289617556196,14.8496945017534,0.0222853063688647,0.982603717258562,0.999486182046446,-5.02471452203197
"N4BP1",0.13682683412101,17.4517640413828,0.924046303700038,0.370332197401035,0.999486182046446,-4.77238042836974
"ROCK2",-0.0207477759564512,19.1098255111873,-0.387872774024686,0.703650134567138,0.999486182046446,-4.97888788052014
"CLASP2",0.0356224754413859,18.5524663423368,0.61892832710758,0.545404251442152,0.999486182046446,-4.90907593381738
"PTCD1",-0.0640844518870942,18.6770285227554,-1.20250569260973,0.248115987877143,0.999486182046446,-4.60863574805252
"COBL",-0.00442789903340568,16.7523935631807,-0.024095912612183,0.981180457114526,0.999486182046446,-5.02468856132654
"ASTN2",0.21431060852451,15.2800416979913,0.280300063565182,0.783509485158954,0.999486182046446,-5.00063555860801
"CPNE3",-0.0526755925575628,23.6611886362706,-0.606799175216536,0.553209990259846,0.999486182046446,-4.91349161681008
"DEPDC5",-0.110375811904019,14.798908181217,-0.398590807752265,0.695904965659557,0.999486182046446,-4.97633110645016
"ATG13",-0.0669909101073038,17.5734540463312,-0.810328579400833,0.430631326349536,0.999486182046446,-4.82891748939864
"ICOSLG",-0.00473603986016258,17.7444892988682,-0.0381094511748823,0.970111404366798,0.999486182046446,-5.02442311749399
"PPFIA3",-0.10990952712277,17.4984478012724,-1.4482546273308,0.168467892386726,0.999486182046446,-4.43822225707194
"HIP1R",-0.0370788990763842,19.5615208043022,-0.632221079595925,0.536919468771884,0.999486182046446,-4.90414361083544
"OBSL1",-0.377733303859026,15.4021716800765,-1.92965148786608,0.0731123307569046,0.999486182046446,-4.05188293384269
"RNF40",-0.0613651244750848,19.2401929128226,-0.849509620502828,0.409174350839244,0.999486182046446,-4.81016073150947
"PHF2",0.0434731307803453,19.0664511984242,0.831525586920846,0.41893468662734,0.999486182046446,-4.81886590241664
"ZC3H11A",-0.0579650105653684,20.3235490862701,-0.697554361448155,0.496304755882686,0.999486182046446,-4.87850333659459
"CLUH",-0.0616671774940052,21.5489556285611,-1.41554093977203,0.177676519210836,0.999486182046446,-4.46213656378524
"TSC22D2",0.510897806793572,17.2043928847508,1.79257504543006,0.0936976731424201,0.999486182046446,-4.16792711548749
"NPHP4",0.0879299255025732,12.8114286513301,0.38740719479099,0.704844129654286,0.999486182046446,-4.97859271982682
"KDM4A",0.117925917853583,17.316084685479,0.689866534860583,0.500988429687344,0.999486182046446,-4.8816399657514
"DNAJC13",0.0304782811008373,19.1876678034151,0.584174999690744,0.567929835097918,0.999486182046446,-4.92151037839968
"PHACTR2",-0.0486847049365409,20.1811788573579,-0.320442549241642,0.753155278706711,0.999486182046446,-4.99340242497706
"PPP6R2",-0.000254749578971314,16.7203506931059,-0.00147417445816601,0.998843531616199,0.999486182046446,-5.02486953028488
"CNOT3",-0.0291730552627314,19.4417119484329,-0.207324852306217,0.838591180977611,0.999486182046446,-5.01166469011036
"SS18L1",0.668838067218788,11.0228461387748,1.72582317986213,0.115864502872337,0.999486182046446,-4.2457824299609
"ANKRD17",0.0797123692352564,19.3327657563233,1.43790307977025,0.171338104669251,0.999486182046446,-4.44582745626576
"SIN3B",0.0833249080164471,16.5807946843183,0.54671131905632,0.592751824978592,0.999486182046446,-4.93416028309357
"ATP2C2",0.107995879901097,19.4757649021152,0.693109888828826,0.499075863509427,0.999486182046446,-4.880283502788
"DNAJB6",-0.0572494344799317,17.9169616809223,-0.603199680239514,0.555538043270902,0.999486182046446,-4.91478639263932
"XYLB",0.0308765868581631,17.6031725308076,0.221024958937171,0.828103340551442,0.999486182046446,-5.00986601483373
"COQ9",0.354960414627119,17.2155055523752,0.895336239048965,0.385270450998593,0.999486182046446,-4.78712707746277
"GGCT",-0.0338118632118132,22.2222222300847,-0.430735536325176,0.672888377667691,0.999486182046446,-4.96825865455087
"NDUFS7",0.100594517448066,20.4706907228259,0.252372197640144,0.804305716443811,0.999486182046446,-5.00529834971944
"RTN2",-0.13185794555802,13.7353315304689,-0.380702303413754,0.710839234775877,0.999486182046446,-4.9796306672981
"NDUFS2",0.00100069642775935,22.103155034628,0.0114970592471397,0.990980933207558,0.999486182046446,-5.024829506029
"ZPR1",0.127938234191987,19.2736964952334,0.507052751818137,0.619762866328994,0.999486182046446,-4.94660719526445
"USP12",-0.0334186812875785,16.8351059903182,-0.119342015889812,0.90673907818187,0.999486182046446,-5.02046701273001
"DUSP11",-0.00451355294617883,17.625671356237,-0.0419766171873555,0.967080265664721,0.999486182046446,-5.02432778641717
"NIPSNAP2",0.0117732974125424,20.3239449118509,0.165249454898644,0.870991069339858,0.999486182046446,-5.01647443277338
"LRRN2",-0.212057275702303,18.0014566685216,-1.29228403391771,0.21613757856463,0.999486182046446,-4.54893737383635
"HMMR",0.0352237942016416,16.3031466247096,0.153953225885916,0.879883248353713,0.999486182046446,-5.01754873635238
"PDCD6",0.141731572459271,22.3603065250161,0.5991861336663,0.558321151997045,0.999486182046446,-4.91611976631409
"TBCA",-0.0446552663609516,21.9583013211075,-0.244252486870584,0.810449494809096,0.999486182046446,-5.00653978913528
"ATP6V1G1",0.0579311548978545,18.2732184894315,0.294272997420351,0.772675327964418,0.999486182046446,-4.99831167319438
"VPS4B",-0.0359004309606767,20.4181443023967,-0.443748044382795,0.66366479444062,0.999486182046446,-4.96481916677713
"MPDU1",-0.00336769565234718,21.578390836486,-0.0449215674573572,0.964772322288619,0.999486182046446,-5.02424901629344
"ENTPD5",-0.110526359775236,15.8776370675681,-0.548536164073604,0.591530101366929,0.999486182046446,-4.93356238512944
"ZNF217",-0.0608774550083595,19.2735231123259,-0.787252603481808,0.443600297668754,0.999486182046446,-4.83960058434889
"MACROH2A1",0.121287249896707,19.526041576107,0.457344646489172,0.654219862196498,0.999486182046446,-4.96105129927595
"SH3BGRL",0.286482494491832,21.3747151706638,1.25232137839518,0.230331131485547,0.999486182046446,-4.57595160411841
"FLNB",-0.00822413364603847,22.4484595996931,-0.146057720067186,0.885853138433565,0.999486182046446,-5.0183094364134
"NCOR1",0.0114750432389243,17.0955196593014,0.137150534248993,0.892766318385877,0.999486182046446,-5.0190845365302
"VAMP4",0.360861450625801,14.7134329681808,1.20140129563251,0.251436513642906,0.999486182046446,-4.60942476157989
"NDUFS6",0.0469739998731207,19.2135958467667,0.390076768673113,0.702054651524698,0.999486182046446,-4.97836764492166
"PEX14",-0.39805248678222,17.425637136812,-2.30771875785955,0.0359519789343322,0.999486182046446,-3.71750652929129
"TRIM3",-0.0745114920647794,17.6748007181645,-0.825571779493628,0.422199035709696,0.999486182046446,-4.82171209763924
"ULK1",0.0683678343008332,17.0988894256455,0.730150273079153,0.476735310677651,0.999486182046446,-4.86485476759559
"CS",0.020268697061141,24.8373218085838,0.315355088430282,0.756909515295847,0.999486182046446,-4.99440013033789
"SPAG7",-0.040056950503736,18.580117140153,-0.206964268084592,0.838885207367789,0.999486182046446,-5.01170542497737
"MRPL33",0.0913954426442807,18.331259826332,1.2877563497018,0.217668149576448,0.999486182046446,-4.55202174170561
"SEC22B",0.0265965000940049,22.7835481175136,0.320627859602631,0.752989775002135,0.999486182046446,-4.99337775465497
"PRPF40A",0.0456964940337024,21.9717039555413,0.76514094275887,0.456255956011266,0.999486182046446,-4.84958077638407
"TACC1",-0.0119764288173734,18.2572113981733,-0.113240318654633,0.91136685025106,0.999486182046446,-5.0209248485768
"NME6",-0.197653645291016,17.4422544968766,-1.23865187328521,0.234824494241865,0.999486182046446,-4.58497505896344
"CDC45",0.0346067662875598,17.6203334525568,0.390618746637394,0.701662532614757,0.999486182046446,-4.97823927685527
"LRCH4",0.204603200816571,16.7092173759484,0.643397087462629,0.53062109909545,0.999486182046446,-4.89948347076998
"MTX2",-0.0762283043729788,20.2365440930657,-0.812410642545537,0.429473233714126,0.999486182046446,-4.82794024628358
"VPS26A",0.0086283722594942,21.9337940700408,0.167613881683123,0.869163414427541,0.999486182046446,-5.01623278437846
"NDUFB1",0.130686097987091,18.6445275573086,0.621247714250415,0.544005225681411,0.999486182046446,-4.90817340972352
"PMPCB",-0.0439139120961158,21.3512584838949,-0.661542863754137,0.518465441698475,0.999486182046446,-4.8929220016044
"SAP30",-0.00208676884059855,17.0558569191368,-0.0166461055561872,0.986942011601579,0.999486182046446,-5.02478489489994
"MED24",-0.00289592288335072,18.8805063467976,-0.0461194615776489,0.963833630474431,0.999486182046446,-5.02421544865391
"KATNA1",-0.0560847859624012,17.1123335205207,-0.452302489286865,0.657631597947221,0.999486182046446,-4.96250438154386
"ERN1",0.133234826954755,13.9380408034525,0.506472066367186,0.620548595318128,0.999486182046446,-4.94657414876566
"PSIP1",-0.0188593381872444,19.8927495043007,-0.304794906995624,0.764780580910879,0.999486182046446,-4.99639769385086
"ERLIN1",0.0217627742235855,19.3243477294861,0.236148425935646,0.816565138752061,0.999486182046446,-5.00774816365769
"SUPT3H",0.153453729304285,16.0130237771866,0.530793121791987,0.604029932714335,0.999486182046446,-4.93898447158314
"NDUFS3",0.0606701740972753,22.0622133186211,0.765645251329046,0.455964834239341,0.999486182046446,-4.84935597097878
"SRSF10",0.297242314037234,20.4274953590492,2.44260373407295,0.0276748151716146,0.999486182046446,-3.59472589717889
"GMNN",-0.204089423352666,17.6265021298039,-1.52148683614941,0.150797034693147,0.999486182046446,-4.38511203300916
"CLN5",-0.0770208458023163,17.6857536577817,-0.440349897499912,0.666526813065724,0.999486182046446,-4.96549378753112
"ECI2",-0.0377334373049472,18.6636235922489,-0.535773507057783,0.600101284006041,0.999486182046446,-4.93770454954129
"KHDRBS3",0.0857287304971202,17.0952143398634,0.273770426306653,0.789514604984541,0.999486182046446,-5.00134354982448
"TADA3",-0.0650124416120335,16.1663770459768,-0.326488817573589,0.748641024361649,0.999486182046446,-4.99222183289995
"TAF5L",0.0125466927806581,15.3652537115751,0.0830980172592979,0.934890802425698,0.999486182046446,-5.02274505359035
"EED",0.00131716295635798,19.0858710886205,0.0191873036608355,0.984948820144459,0.999486182046446,-5.02475686218305
"BANF1",0.185202838828907,19.5025392477346,0.790627590373347,0.441937103793039,0.999486182046446,-4.83792590141155
"SF3B1",-0.0458469946717521,22.894604370422,-1.0174970716764,0.32531665290754,0.999486182046446,-4.72126926985505
"CSDE1",-0.0548489080095855,23.6772588837099,-0.771119976844377,0.452811876845559,0.999486182046446,-4.8469070237688
"WBP4",-0.0895281818497438,18.6710762642608,-0.272278489393695,0.789257612413401,0.999486182046446,-5.00210072004294
"PRKRA",0.0203890450393267,20.2370026407557,0.368981231590692,0.717384283957193,0.999486182046446,-4.98322948706177
"CRCP",0.0194871536834587,12.7834007841348,0.0935923117481242,0.926783047178173,0.999486182046446,-5.02216227712104
"RPS6KA5",0.147863437745094,17.9336706621504,0.677207892370182,0.508821350457471,0.999486182046446,-4.88669938498727
"MED6",-0.232697527562227,17.8210896651069,-2.7282555646722,0.0157336986212262,0.999486182046446,-3.33236908755679
"MYCBP2",0.00907629584055769,16.5727343385843,0.118096651735203,0.907584234212679,0.999486182046446,-5.02057943067461
"GCAT",0.0114756471745139,19.0269885297974,0.182056538169973,0.858016671485367,0.999486182046446,-5.0146826264212
"NPM3",0.0624543490228469,21.3504597181926,0.867687684479414,0.399461776176973,0.999486182046446,-4.80119793254442
"LYPLA1",0.0671164369667316,22.645474228098,0.215308923944832,0.832534017754017,0.999486182046446,-5.0106127335066
"ERAL1",0.0430801344728842,19.8650862111601,0.507937134981738,0.619008087644693,0.999486182046446,-4.94641840820451
"CREG1",0.310189430731949,19.0805440433371,0.441789293046357,0.665177454175694,0.999486182046446,-4.96527816573697
"SNRNP200",0.00683135412288394,22.4163176584638,0.150265926241542,0.882590300140508,0.999486182046446,-5.01792635083236
"TRMU",0.0507338696816859,17.8066059401106,0.544620285939212,0.59415332903961,0.999486182046446,-4.93484308494004
"TIPRL",-0.00191283750216087,20.6528985024574,-0.0330303135150979,0.974093220342494,0.999486182046446,-5.02453434217698
"TOM1L1",-0.037989385816438,19.6576240033089,-0.433113128435889,0.671198962013742,0.999486182046446,-4.96763757184549
"RPS6KA4",0.00539062800699597,18.3256481148216,0.0726310120910664,0.943075448147759,0.999486182046446,-5.0232465743214
"SURF6",0.0645536078473832,20.2895439044821,0.567569414029137,0.578864197078713,0.999486182046446,-4.92721451003804
"PPM1B",0.120156358632613,18.5133385638968,1.31736522500667,0.207813437117054,0.999486182046446,-4.5317140502496
"ADAP1",-0.215436149277494,16.72844988689,-0.937479138334966,0.36360927621546,0.999486182046446,-4.76528571830143
"UTP20",-0.0424445002858604,19.4327472094475,-0.608089047252308,0.552377023863346,0.999486182046446,-4.91302589196789
"NUP155",-0.0342881685688461,20.6928464450923,-0.650219494029691,0.525548831135203,0.999486182046446,-4.89731102432809
"RP2",-0.0481408981412237,18.9166537243169,-0.623897707099895,0.54222370342114,0.999486182046446,-4.9072433902553
"GJB3",-0.0972749351775981,13.8496465505756,-0.490362189638753,0.639411644357695,0.999486182046446,-4.94723944229922
"STK16",-0.0148955488700331,14.0046329305283,-0.0536233381320308,0.95795477204798,0.999486182046446,-5.02398508472273
"WDHD1",-0.02299866645075,19.8238268456027,-0.432430731519533,0.671683656949945,0.999486182046446,-4.9678161672218
"CRTAP",-0.0770491839685405,18.4559914108024,-0.832415255950212,0.418448311012272,0.999486182046446,-4.81843906814298
"SLC25A12",0.0239681586934637,19.1924481994661,0.358170115025973,0.725289981100146,0.999486182046446,-4.98561909701944
"B3GALNT1",0.140429139738096,18.1361811750647,1.28705710323358,0.217905293046963,0.999486182046446,-4.55249740336974
"TCEA3",0.108532033064813,12.1706127947528,0.521319136704339,0.61271435917663,0.999486182046446,-4.94073792160233
"ATP6AP2",0.0469218521955668,20.5641030709055,0.650766182510474,0.525205595136168,0.999486182046446,-4.89710072456851
"RNASEH2A",-0.0315584479583642,19.2466493374412,-0.512014690149185,0.616220639263428,0.999486182046446,-4.94516955609639
"CDC123",0.0576003160168419,20.7416600291526,1.24033817042123,0.23421825385709,0.999486182046446,-4.58385873479717
"CAPN15",-0.144415795529657,18.4545324647697,-1.14839150532748,0.269090110370409,0.999486182046446,-4.64307834629363
"POP7",-0.125716553293504,19.1787993142853,-1.14769037852347,0.26937044071932,0.999486182046446,-4.64351671726921
"RPP40",-0.0202466576328284,19.4440928097806,-0.211750094369561,0.835199957273553,0.999486182046446,-5.0110961738959
"EIF3G",-0.0449274009909999,23.9580654199037,-0.667511137516278,0.514753988384288,0.999486182046446,-4.89058067373183
"EIF3J",-0.0929571213840674,21.0661203142899,-0.644197864833138,0.529399006499,0.999486182046446,-4.89958219836403
"CBR3",-0.0669293695777213,18.5577824537908,-0.532822115158484,0.602092194528903,0.999486182046446,-4.93864931388526
"PSMD10",0.0756783567783685,19.4875435909513,0.653380701249661,0.523565834076713,0.999486182046446,-4.89609272519362
"AP1G2",0.0368072627961133,19.1164041074285,0.448557407867408,0.660269894253696,0.999486182046446,-4.96352301035959
"ZMPSTE24",-0.00868326778563144,21.6055170758104,-0.127497492285028,0.900268541171263,0.999486182046446,-5.01986968269267
"PPP1R37",0.0913269969788821,17.5864942582346,0.664466090463155,0.516645686076878,0.999486182046446,-4.89177764137852
"TRAPPC6A",0.287649247258944,17.5231735112604,0.806322651759647,0.433119526206882,0.999486182046446,-4.83066171177164
"IDH1",0.0335139741670751,23.4824218958594,0.305918998984889,0.763941440094633,0.999486182046446,-4.99618823712397
"GATB",0.00262068413751848,17.6196708938086,0.0357203469795896,0.971984259026915,0.999486182046446,-5.02447741272255
"SCO1",0.0738732636801345,20.8786828401236,0.495693888595111,0.627459201444488,0.999486182046446,-4.95008683244313
"ATRN",-0.0890086482592984,16.7332449168321,-0.424523129008161,0.677751473624259,0.999486182046446,-4.96964652825159
"RBBP9",-0.0148935360963556,19.1180239517968,-0.102171423030592,0.919996601230238,0.999486182046446,-5.02165807557664
"STAM2",0.0407280925732181,18.2908082202778,0.383816008122206,0.706590614018056,0.999486182046446,-4.97983796213435
"TUSC2",0.0990301360553119,18.862055951204,0.673688241555802,0.510928777767591,0.999486182046446,-4.88813714412484
"DGAT1",-0.233738435594343,17.8768170059325,-1.21633808417047,0.242962388989227,0.999486182046446,-4.59964215259629
"CCNK",-0.0667721047446506,19.7451583732136,-0.973375878121455,0.34605945652305,0.999486182046446,-4.74590752038168
"ARL6IP5",-0.0639102628727599,21.5811120442561,-0.1215452500757,0.904932262764406,0.999486182046446,-5.02031960303072
"PIAS1",0.00912606659331772,15.6657396585433,0.0679373560314576,0.946747854092231,0.999486182046446,-5.02344959660318
"BCAS2",0.0875720436531253,18.5350135419519,0.372585952759206,0.714825671494803,0.999486182046446,-4.98238511204724
"DCTN3",0.0103696680169243,20.4468113335273,0.0978289823646889,0.923385048056031,0.999486182046446,-5.02192519020377
"DNAJC8",0.0204306691651404,22.1636561073125,0.243367733756519,0.811072552735104,0.999486182046446,-5.00668831174193
"SMNDC1",-0.154800127409683,19.3303905818313,-1.72228603206255,0.105911946377812,0.999486182046446,-4.22532139784884
"RAD17",0.0295375403830214,17.1267818113894,0.199073706759822,0.844923132605124,0.999486182046446,-5.01269291804093
"ATP5PD",0.0985930975781208,20.8883576569446,0.461937210052733,0.651000297823796,0.999486182046446,-4.95977652470585
"FLOT1",0.0400103418736393,19.1992379304913,0.444531937291383,0.66311092621025,0.999486182046446,-4.96460881926733
"TRIO",0.065364734185259,18.5298844287209,0.941781430365686,0.361473971691538,0.999486182046446,-4.76299525307967
"ATP5MG",0.101047607261233,21.6957354371554,0.605273254711037,0.554280416079131,0.999486182046446,-4.9139939867162
"MPDZ",0.134841837286768,17.3605022646435,0.34076151481113,0.738543751118601,0.999486182046446,-4.9891236742319
"CPD",0.0370956619299676,19.2644285105717,0.378257315228353,0.710627598723619,0.999486182046446,-4.98112402239504
"GLRX3",0.0411665145986504,22.9891461573523,0.565402786931243,0.580298889828591,0.999486182046446,-4.9279473794948
"RSL1D1",0.0699539137741745,22.610028875521,1.1777284857449,0.25755780149971,0.999486182046446,-4.62455394280687
"WFS1",-0.0188813486579456,19.7648243647527,-0.31298696793572,0.758672216769241,0.999486182046446,-4.99485389107869
"ANXA9",0.0464692680692593,18.3921500415681,0.335335117404802,0.74209392475077,0.999486182046446,-4.99043830287216
"CLPX",0.0154702069933457,20.5011450976714,0.235499451133333,0.817059383700331,0.999486182046446,-5.00784189197033
"NEBL",0.102823150407094,17.5514740176588,0.513876488471926,0.614949925563118,0.999486182046446,-4.94459617931191
"SEC14L2",-0.093961101744128,14.9177409946481,-0.580267036507946,0.576369055311174,0.999486182046446,-4.91957762342391
"STC2",-0.285166306129408,15.3482180110221,-0.980198574019826,0.342792277719868,0.999486182046446,-4.74215620075073
"TM7SF2",-0.335186218911684,18.5889300258524,-1.67103457327041,0.115920053450335,0.999486182046446,-4.26695459919032
"CIAO1",-0.133199089796815,20.8468620852664,-0.759640028134332,0.459558077628316,0.999486182046446,-4.85196066056002
"DFFB",0.0630110259288266,17.2320002305923,0.643293350430307,0.529908330882094,0.999486182046446,-4.89996127258749
"ZFAND5",-0.168665817066309,14.8655840604899,-0.495654210976578,0.627441305060643,0.999486182046446,-4.95012291817878
"SLC22A5",-0.124015457694867,17.1148532643081,-1.01889244904617,0.325846912340588,0.999486182046446,-4.72012178004084
"SRP72",-0.0340593277633729,21.837238657445,-0.577619718691943,0.572233270638205,0.999486182046446,-4.92378057323664
"JTB",-0.185157693660351,18.8861560770247,-0.688889519328337,0.501798207471605,0.999486182046446,-4.88191776592271
"DXO",0.140005311905156,16.3368786133158,0.746905179316303,0.466860228223628,0.999486182046446,-4.85762085590505
"DDAH1",0.102465552955401,20.086984626018,1.1930677046967,0.25168054111332,0.999486182046446,-4.61472836793737
"RECQL4",-0.0530182605007994,16.6510737580904,-0.457095970828163,0.65473997650221,0.999486182046446,-4.96094104126001
"RECQL5",-0.159639284512206,17.7934993488653,-1.54453680429676,0.14363859957781,0.999486182046446,-4.36586615958861
"URI1",-0.00198669151606623,17.2705734751189,-0.0227262569030033,0.982173214252463,0.999486182046446,-5.02471119934469
"B3GAT3",-0.0533119491332172,19.2180228973984,-0.368141976384651,0.717996813094508,0.999486182046446,-4.98341746857471
"STK17B",0.488048616826946,12.867695774475,1.15136469788146,0.270715384454413,0.999486182046446,-4.64099211980877
"MTA2",-0.0395439878568062,22.2076466543288,-0.598409213667894,0.558644559706903,0.999486182046446,-4.91649844345453
"USP1",-0.150373137963602,16.2543193386168,-1.00783678921892,0.332276648878858,0.999486182046446,-4.72595005970673
"STK10",-0.0332951383593532,19.1266462692514,-0.434224293473745,0.670410043616819,0.999486182046446,-4.96734617925966
"ACTL6B",-0.0446052237346457,16.2186624369822,-0.132422324368066,0.896731964197206,0.999486182046446,-5.01942041563543
"ATG12",-0.359475711780011,17.3393290548814,-1.63597102119219,0.122998575311627,0.999486182046446,-4.29462281305677
"LTN1",0.0184800501844933,19.5177138870134,0.240941793961904,0.812917123826445,0.999486182046446,-5.00704797961577
"TOMM70",-0.0469129721523451,21.3155132512702,-0.807827939990862,0.432024883275857,0.999486182046446,-4.83008828655735
"IPO13",0.100028513583553,18.126848906627,1.35672659902132,0.195269688586686,0.999486182046446,-4.50422407464151
"DDHD2",0.133627407967893,16.0340372795574,0.9197389162716,0.372505925425214,0.999486182046446,-4.77463716516941
"MYO1D",-0.0550243652328817,20.1447586386025,-0.838011966710859,0.415397054188458,0.999486182046446,-4.81574483638385
"TOX4",-0.179485640370824,17.7242795796663,-1.38244224323367,0.187410523509995,0.999486182046446,-4.48596824385356
"SEC24D",-0.0356999499825896,18.1359842309095,-0.507036397265541,0.619624658016671,0.999486182046446,-4.9466930011325
"UFL1",0.0360570058146514,23.7111061455821,0.625495925560033,0.541202971607434,0.999486182046446,-4.90665113411263
"PHF14",-0.0157736149893637,17.9257055872007,-0.125995061677013,0.901437116136453,0.999486182046446,-5.01998675083812
"TMEM63A",-0.0283265095926843,17.1019673292282,-0.277164750960086,0.78550007771396,0.999486182046446,-5.00130768267255
"FARP2",-0.112270022354902,17.2529962866351,-0.960370125499452,0.352348023552398,0.999486182046446,-4.75299838133007
"UBXN7",0.155501622299848,18.9199059020353,0.936179654929285,0.364327998397772,0.999486182046446,-4.76594674862799
"SUN1",-0.0843838579293035,18.882931059882,-1.50325814940344,0.15387849193729,0.999486182046446,-4.39723732628957
"PLPBP",0.0175801792689896,20.7972875760044,0.261697746229378,0.797173448410707,0.999486182046446,-5.00385567275411
"ERLIN2",-0.0856190249639006,20.372335678831,-1.71886289576622,0.106547939344957,0.999486182046446,-4.22810514339835
"PRPF6",-0.0392224275916178,21.990690700078,-0.726057434888501,0.479166647985919,0.999486182046446,-4.86659941148595
"PCF11",-0.055451364718941,17.1809277112417,-0.579799970639882,0.570800072707354,0.999486182046446,-4.9230281803363
"FRYL",-0.0449700393331547,18.4809568223763,-0.564077493560633,0.58117737620212,0.999486182046446,-4.92839436682979
"ENDOD1",0.00425011952839327,17.6754659890912,0.0289038576085251,0.977328706787588,0.999486182046446,-5.02461301400339
"GLCE",0.0512506532443879,19.5639989971357,0.816631790598687,0.427131471753522,0.999486182046446,-4.82595224911773
"GLS",0.0123167114523461,20.5636355614268,0.247466048958938,0.807959021477166,0.999486182046446,-5.00607260788663
"HAUS5",-0.0822255234126565,17.881979378434,-0.939590292913401,0.362560385700946,0.999486182046446,-4.76416287411662
"FBXO21",0.0489868252269083,18.0297798635274,0.522375465673733,0.609165446129637,0.999486182046446,-4.9419536673926
"KDM4B",0.130868565075968,15.8126650777951,0.810381554886683,0.430601835343542,0.999486182046446,-4.82889265195865
"RHOBTB3",-0.0130573487642849,16.5956898227136,-0.0925928630879568,0.927562506523205,0.999486182046446,-5.02221977724249
"SOGA1",0.0307556596831127,20.7637715923342,0.185187581858121,0.855627319870737,0.999486182046446,-5.0143237409337
"USP19",0.0416128612703623,17.9056785706643,0.552813465864809,0.588671488981019,0.999486182046446,-4.9321535970047
"WDR47",0.0113039906366375,17.200087464564,0.102965274599979,0.919377322880697,0.999486182046446,-5.02160799215742
"TRIM37",-0.0257379205928352,17.2587214287798,-0.229272414138739,0.821805813023583,0.999486182046446,-5.0087282582175
"AP2A2",0.000948982214133309,19.4914347037254,0.018615861543484,0.985397022826859,0.999486182046446,-5.02476351242573
"SEC31A",3.60661460838685e-05,22.1339811615932,0.000694528441661417,0.999455152392804,0.999592932259415,-5.02487005081939
"HEXIM1",-0.0815440536825598,19.5567420507659,-0.6874219128689,0.502483178162854,0.999486182046446,-4.88263073916402
"TJP3",-0.0157595149096856,18.9735930679741,-0.233259425043414,0.818765954449261,0.999486182046446,-5.00816344750499
"RPP14",0.0412972154681306,18.5321695042486,0.251029840652627,0.805254299300561,0.999486182046446,-5.00552894854074
"CCNB2",-0.0617627010526078,17.8910581058602,-0.717842132720147,0.484069420419723,0.999486182046446,-4.87007463073668
"YIF1A",-0.129961212378223,19.3205549501608,-1.09632936656836,0.290511491784902,0.999486182046446,-4.67506717924664
"UBR5",0.00219863581435575,19.8489586620594,0.0468653224920491,0.963249188052674,0.999486182046446,-5.02419410193114
"AGFG2",-0.126214274550087,16.5183987296798,-1.07164004286144,0.301102920848938,0.999486182046446,-4.68983162271403
"SCAF4",-0.065183369586876,17.4712438171523,-0.473470965506362,0.642808309580803,0.999486182046446,-4.95659399213376
"NDUFB6",-0.0256102701666876,19.4307913130495,-0.384821110663208,0.705861629036388,0.999486182046446,-4.97960347473889
"MFN2",0.0477910280979792,19.2364057409126,0.605038585563365,0.554348030573229,0.999486182046446,-4.91412581508438
"UBE4B",-0.0494530985879642,18.6716904017078,-1.01661176572616,0.325723911108828,0.999486182046446,-4.72177239785945
"ZFPL1",-0.119410743000298,19.6133325587135,-0.470480529395341,0.645030265463133,0.999486182046446,-4.95737266382403
"ELP1",-0.00821850803620805,20.1295728230033,-0.197232715302013,0.846337442604333,0.999486182046446,-5.012916682562
"UBL3",0.0559641868496499,20.7279728839104,0.444566727745116,0.66308634933944,0.999486182046446,-4.96459947541979
"GABARAP",0.113391023375769,17.4550877538276,0.435666722489207,0.669425608594572,0.999486182046446,-4.96694709708475
"NDUFA3",0.201919227542184,19.5103859714295,0.534424943827966,0.601169251944221,0.999486182046446,-4.93804952370552
"NDUFB4",-0.0655441325015289,20.543852606665,-0.734905759808337,0.473919720047443,0.999486182046446,-4.86281657560871
"NDUFB8",0.1519591749028,18.5753810211819,0.697534088690651,0.496416200875645,0.999486182046446,-4.87845658139431
"NDUFA7",0.0436276681427046,19.027567814568,0.368770104356336,0.717538355973787,0.999486182046446,-4.98327681587879
"RTN3",-0.0296186482573404,22.1472885461744,-0.342252217443811,0.736988907677974,0.999486182046446,-4.9890112300713
"LETM1",-0.0389710153348517,21.3113007169995,-0.603622749156307,0.555264140259627,0.999486182046446,-4.91463458225243
"EPN2",0.0264580628341342,18.0255958038056,0.113153915823299,0.911446393384445,0.999486182046446,-5.02092885862849
"STBD1",0.0938004999496869,17.892546429225,0.669493309838219,0.513524727129866,0.999486182046446,-4.88979881415112
"ZRANB2",-0.0473411181939873,19.0057219623971,-0.256769202524077,0.800925853097652,0.999486182046446,-5.00462961828529
"SNX4",0.0226061944081906,20.0033383341136,0.337725655928872,0.740328207067676,0.999486182046446,-4.9899483312821
"ZWINT",-0.219272588626911,17.2541473536686,-0.967994405925907,0.348651886154144,0.999486182046446,-4.74885113318857
"LUC7L3",-0.096612219318569,21.3761649605482,-1.6465236880591,0.120789123267734,0.999486182046446,-4.2862526994967
"KIF20A",0.0499320865026576,17.8088329249588,0.79023372663284,0.441911121818567,0.999486182046446,-4.83823578048248
"SPDEF",0.0660553047986916,18.0705759800981,0.525466565568001,0.607068261869627,0.999486182046446,-4.94098238584022
"KIF4A",-0.106480373613483,19.122597172804,-1.11016977870865,0.284696423185691,0.999486182046446,-4.66667536586136
"MBD4",-0.0391472691392174,16.4134884555267,-0.446579415027925,0.661665217903833,0.999486182046446,-4.96405772018446
"SBF1",0.0583731071829305,17.0213250891275,0.548994113706117,0.591223707290946,0.999486182046446,-4.93341204618176
"GOSR1",0.0822065447341984,18.841216710507,0.708211720431495,0.489854796643007,0.999486182046446,-4.87410294917237
"KAT7",0.0165270022301094,19.2774350443128,0.331992466632629,0.744565412877251,0.999486182046446,-4.99111771126243
"ATE1",-0.0849610056534935,18.5917252949791,-0.846549659217981,0.410770447682749,0.999486182046446,-4.81160461519567
"LYPD3",0.13634112024112,15.6356044635162,0.407192201399213,0.689714532202937,0.999486182046446,-4.97423039441813
"VAPB",-0.0727601334234009,21.9233338514447,-0.996348537234008,0.33514553024555,0.999486182046446,-4.7331906419103
"SNAPIN",-0.203735717821097,18.7982021285392,-0.832733146354509,0.418538259084407,0.999486182046446,-4.81815639021491
"MPZL1",-0.199965173871082,17.0953851181142,-1.45400895875242,0.16688966410114,0.999486182046446,-4.43397955450044
"NDUFC2",-0.124914968383145,19.70875037553,-1.35080550627866,0.197116588366815,0.999486182046446,-4.50839471132255
"NDUFA10",-0.0119308021581581,20.6726685928191,-0.184708742576433,0.855973036929929,0.999486182046446,-5.01438412994788
"FKBP9",0.097246408775586,19.7965260740748,1.45355192126759,0.16701456492496,0.999486182046446,-4.43431692191297
"PGLS",0.119603235941383,21.8907548084587,0.569301740914624,0.577889069597508,0.999486182046446,-4.92653130479311
"PAPSS2",-0.0401257567428459,19.3865994995351,-0.634522108054599,0.535458189940131,0.999486182046446,-4.90327996188801
"SMC2",-0.0208451202142221,20.0948274184815,-0.342404187900982,0.736876891887821,0.999486182046446,-4.98897955709382
"ATG7",0.0186404933188733,20.7641576157246,0.24153623871741,0.812465029336756,0.999486182046446,-5.0069601772519
"TACC2",0.0597458117672289,17.1080838011542,0.532266104116841,0.602467628857754,0.999486182046446,-4.93882674487647
"TRIM16",-0.0149452344322469,20.5648050196995,-0.168490985612837,0.868485626215157,0.999486182046446,-5.01614227464047
"FARS2",-0.00475412388750485,17.7370512783272,-0.0361618403427337,0.971638152555484,0.999486182046446,-5.02446764387375
"ZBTB7A",-0.100939647270163,17.8093722757875,-0.76272641259451,0.457651388149847,0.999486182046446,-4.85065527204971
"LYPLA2",0.122824270814551,18.8928191630574,0.440939889660956,0.665778110925327,0.999486182046446,-4.965504926099
"IPO7",-0.0226309134248694,22.4130103551481,-0.36404875518494,0.720987107616722,0.999486182046446,-4.9843283160275
"ARIH2",0.00719486432667082,18.5637273871202,0.106449053504952,0.916660294110642,0.999486182046446,-5.0213836300073
"TNFAIP8",-0.0206479513776756,14.3624310140145,-0.0880285327932806,0.931472315937141,0.999486182046446,-5.022429489372
"MAP3K6",0.204731876462068,15.7190049424694,1.3221995972857,0.206238832472188,0.999486182046446,-4.52836776744831
"SLU7",0.0477567814401567,18.8543600069478,0.342496649581042,0.736808742398597,0.999486182046446,-4.98896027993436
"PGM3",-0.0258634524138017,21.1608360445503,-0.387065175787298,0.704235120518139,0.999486182046446,-4.97907779103974
"MOCS3",0.00434159341072515,20.3777348255142,0.060895050766094,0.952260206223593,0.999486182046446,-5.0237287980301
"CD2BP2",-0.00733423219904594,19.8198868237803,-0.0633928079205056,0.950304787301687,0.999486182046446,-5.02363326158283
"MED26",0.361475555768887,13.4851242925558,1.10993263837297,0.286061757247135,0.999486182046446,-4.66661959004307
"ZFYVE9",-0.103331842251151,14.5991262841362,-0.380224785446905,0.709197696026374,0.999486182046446,-4.98067091368618
"SVIL",0.0809518661774256,17.4432397196497,1.01122255846532,0.328210948288106,0.999486182046446,-4.72482746321806
"AHSA1",0.0225022205467518,24.8453048189541,0.199375246289486,0.844691532522559,0.999486182046446,-5.01265607058384
"APOM",0.302468065120316,20.1356847205317,1.61588498870624,0.129147407465022,0.999486182046446,-4.31341537408063
"PARN",0.0069719796275507,18.945933946409,0.0752663513019459,0.941014088718326,0.999486182046446,-5.02312664653731
"PSMG1",-0.104213844945946,21.7063371471611,-1.11539696310477,0.282522970033573,0.999486182046446,-4.66348467837791
"LARGE1",0.283371053642476,17.0840143883728,1.6097476520442,0.147332212076021,0.999486182046446,-4.3421182912549
"SGPL1",0.0104025021163743,21.2135862240298,0.173315114584675,0.864759669178393,0.999486182046446,-5.01563606838637
"CLDN7",-0.186871636990478,19.5904060418315,-0.711584589879717,0.488044687940933,0.999486182046446,-4.87257587350837
"NSA2",-0.00527154714414024,19.9994376956218,-0.0435236347805466,0.965867836077203,0.999486182046446,-5.0242870729493
"H6PD",0.0363337039207998,16.8725198712761,0.34376358969,0.735875166375342,0.999486182046446,-4.98869562556534
"SEC24A",0.00303845120808077,20.9819909319053,0.0520723735313819,0.959169668786038,0.999486182046446,-5.02403553856584
"SEC24B",-0.106987322490028,19.7538708090128,-2.18343046900716,0.0455918551876542,0.999486182046446,-3.82936076051137
"ADGRL2",0.0923796591984765,15.2763166635454,0.55883563203354,0.594316726425097,0.999486182046446,-4.92478233250101
"VNN1",0.145354651156101,17.186711159688,0.552719404793179,0.588785512865444,0.999486182046446,-4.93215624062912
"VNN2",0.423908264764037,16.83809205706,1.26064667695482,0.228612512473767,0.999486182046446,-4.57059932777369
"CBX6",0.000220321198325379,16.4402300285603,0.00147683732691437,0.998841442636084,0.999486182046446,-5.02486952786568
"SLC2A10",0.0682008419784772,15.8250604391068,0.449452380287249,0.659638987284024,0.999486182046446,-4.96328032621214
"TDP2",-0.0394543722933314,17.8645623496664,-0.342705173133143,0.736655057136335,0.999486182046446,-4.98891678658098
"SFT2D2",-0.0845167531291438,16.8407895141176,-0.600065155725255,0.557569662583037,0.999486182046446,-4.91590806969013
"MPC2",-0.020747552149885,19.1447983537586,-0.15434321676184,0.879431064349388,0.999486182046446,-5.017544850437
"ETHE1",0.0559493002241638,18.1966895297816,0.727247385603778,0.478458991714053,0.999486182046446,-4.86609308497081
"ACSL3",-0.0816516118707362,20.4902745610258,-0.857223958247677,0.405033737592327,0.999486182046446,-4.80637714804334
"POLR1A",-0.0323695166820315,19.841137189111,-0.623273216256402,0.542622833994867,0.999486182046446,-4.90747442809332
"PCNT",0.135531410049689,15.7717373716415,0.641151943052384,0.531260287603915,0.999486182046446,-4.90077537489926
"YEATS4",0.0289391251446567,17.5196132123565,0.337698869065726,0.740347984236308,0.999486182046446,-4.98995384045538
"ZBTB11",-0.0190637136986407,15.0597102064936,-0.165840352909549,0.870534245158389,0.999486182046446,-5.0164143620593
"CNOT4",-0.211029292763623,18.1941232909576,-1.45265391404998,0.167260201353473,0.999486182046446,-4.43497959991485
"STAMBP",-0.0274130368058003,20.2775575367735,-0.487150863705372,0.633311284315854,0.999486182046446,-4.95263686958434
"CPSF4",-0.0360357166597112,18.1264026621421,-0.416263106109863,0.683210955305909,0.999486182046446,-4.97196798460959
"ASMTL",-0.0744316887986862,20.3254207770811,-1.52086104216324,0.149439052607076,0.999486182046446,-4.38392211843907
"CDS2",-0.146313029822633,17.9323398349273,-1.43383810888287,0.172476212574446,0.999486182046446,-4.44880438595593
"CEP43",0.0455880819176855,17.295833712657,0.369697381786535,0.716861761474677,0.999486182046446,-4.98306874971811
"PPP1R3D",-0.12445744447329,19.7869585597054,-1.19347561853955,0.251525668261624,0.999486182046446,-4.61446578122877
"BRD1",0.0497013959621633,17.9958473395984,0.633756108085996,0.53594439593792,0.999486182046446,-4.90356778796625
"POP4",0.0330300659291858,19.7339305272705,0.385950469379778,0.705042878610448,0.999486182046446,-4.97933928786528
"HERC2",0.02187176829894,17.4297540249882,0.254953441867998,0.802279476831499,0.999486182046446,-5.00492151964472
"RAB3D",-0.0469460061772367,21.0159473149318,-0.610904912008879,0.550560975104838,0.999486182046446,-4.91200599295233
"SNAP29",-0.0585614618099086,19.5250950785621,-0.878475655180701,0.393770715777482,0.999486182046446,-4.79580166197355
"OXSR1",-0.00527199227974506,20.9233773363117,-0.0962881779629686,0.924587724835361,0.999486182046446,-5.02201718617175
"GGPS1",0.0417851505633067,19.5087854930767,0.388400376178354,0.70326806909563,0.999486182046446,-4.97876360478503
"HSPA4L",-0.127479845664332,21.4116007728808,-1.33669061268614,0.20157622749795,0.999486182046446,-4.51828660545565
"PTBP3",0.0158129070300497,20.0688372226739,0.20746777346224,0.838481603153905,0.999486182046446,-5.01164651491043
"STARD3NL",-0.105396107055512,18.1230896000037,-0.915355823764101,0.374726803249466,0.999486182046446,-4.77692442551763
"LSM8",0.166439214927241,21.1079650156175,1.42015370386342,0.176353498467029,0.999486182046446,-4.45878596138773
"AP2A1",-0.0489101689931104,21.6831266077707,-0.766350879362908,0.45555769068731,0.999486182046446,-4.84904120211571
"WIZ",0.0442810304919554,18.3678860229981,0.407181498004288,0.689722221329326,0.999486182046446,-4.97423303549564
"RIGI",-0.0593387292227554,17.123674050585,-0.272034641492263,0.789366165563905,0.999486182046446,-5.00216878565415
"STAU1",-0.0491036967488263,21.8987650523758,-0.957978346339291,0.353513146922588,0.999486182046446,-4.75429378434992
"TTC4",0.0312928982219667,18.6135062388117,0.423905227351836,0.677751831712629,0.999486182046446,-4.97002453800954
"TMEM50A",0.0530238320006617,17.2025386766771,0.268374735843652,0.792127809046444,0.999486182046446,-5.00277341781009
"BAG2",0.014166328013907,18.7080487451184,0.108500665489887,0.915060725148983,0.999486182046446,-5.02124801735418
"BAG3",0.0412405254324888,19.472730991754,0.225860911469592,0.82443765947706,0.999486182046446,-5.00919502713796
"MAP4K4",-0.0121776185901421,15.2025249810869,-0.0796944144886916,0.93755145294489,0.999486182046446,-5.02291552337643
"MLYCD",-0.0591004774321426,19.5356966136699,-0.732426231165264,0.475386518727909,0.999486182046446,-4.8638807815399
"CRYZL1",0.00920391735071036,18.1572132001205,0.0646770170812976,0.949299546415722,0.999486182046446,-5.0235826484989
"AIFM1",-0.00196950682109431,22.8685149902634,-0.0345542080154471,0.972898475560019,0.999486182046446,-5.02450263874148
"CLIC3",0.156372206739395,18.8783949120186,0.530601672956999,0.605024037949653,0.999486182046446,-4.93857058476046
"EML2",-0.019391133308428,18.3234329660573,-0.168155446009504,0.868744904219116,0.999486182046446,-5.0161769549885
"LATS1",0.0534028279871848,17.4202944704005,0.616913079718272,0.546696977273924,0.999486182046446,-4.90981521666784
"NUDT14",0.0559789968103317,18.1035177118516,0.586213334537574,0.566595194405703,0.999486182046446,-4.92079958682738
"TSPAN13",-0.188985571749591,19.4395720821703,-0.537324172992277,0.599216245224122,0.999486182046446,-4.93711818781866
"TSPAN15",-0.0814674923520116,18.3675059542329,-0.59024236745014,0.563961999946041,0.999486182046446,-4.91938780797406
"BPNT1",-0.0143514780477609,21.099334793652,-0.124057623682845,0.902944383300397,0.999486182046446,-5.02013567204926
"DDAH2",0.331894054953501,19.385135852822,1.13862220995329,0.27337542153097,0.999486182046446,-4.64913032089904
"ABHD16A",-0.0320285831434752,19.3110124826357,-0.346034627766816,0.734202774701383,0.999486182046446,-4.98821883250866
"TXNDC12",0.368193402452071,20.0068862650534,1.07519818166911,0.299901208668524,0.999486182046446,-4.68764576754039
"TRUB2",-0.0303592064973124,18.3425432893338,-0.410532141800443,0.687316911189454,0.999486182046446,-4.97340297706414
"ECD",-0.0822570863421568,18.7302033652149,-0.945613807971099,0.359579217805142,0.999486182046446,-4.76094757283906
"SYF2",0.111870115628705,16.6602617173816,0.58576889285644,0.566886059868632,0.999486182046446,-4.92095476628354
"MBD3",0.12779126123916,17.9931766144936,1.10026559466388,0.288848764736595,0.999486182046446,-4.67268890051026
"TOP3B",-0.16638483669421,16.2088337954565,-0.318553080153884,0.754620448858394,0.999486182046446,-4.99374526861942
"NUDT3",0.0034184747939392,19.287375891295,0.0439828327336778,0.965507969807683,0.999486182046446,-5.0242747045946
"AGR2",0.114749690943544,22.1561927895481,2.00581889900245,0.0635761424797574,0.999486182046446,-3.98610393073676
"BCL10",-0.167322019468568,17.4211424212977,-0.785209053869323,0.444760571809295,0.999486182046446,-4.84053351696692
"NDUFB10",0.0401241664578329,22.0396977935201,0.503674406926152,0.621928605706191,0.999486182046446,-4.94771382010045
"CLPTM1",-0.0941424734722567,21.1449562942561,-1.32086600752515,0.206672238263644,0.999486182046446,-4.52929170788554
"MOCS2",0.0475901581815172,19.4625274179273,0.457186179739557,0.65419825498765,0.999486182046446,-4.96116383789224
"TOMM40",-0.0649849604100332,22.852850409739,-0.485619994946446,0.634390031178489,0.999486182046446,-4.95307481537031
"PEX11B",-0.107403175062075,21.0219260479085,-1.12744981673087,0.277558802579465,0.999486182046446,-4.65608337881517
"PAK4",-0.0732195576100843,20.0929866858005,-1.04540823567313,0.312664270346808,0.999486182046446,-4.70522597369969
"CHEK2",0.0149783679496451,18.4020409914685,0.130739258854363,0.897875014509539,0.999486182046446,-5.01958841457229
"ACTL6A",0.0405807770239406,20.6626715702205,0.336096770774889,0.741531183233576,0.999486182046446,-4.99028256183722
"CCNE2",0.108665149090918,16.4239850986347,0.685731928959654,0.505159731638148,0.999486182046446,-4.88239857350411
"NSD2",0.0183965398392374,17.3081527610522,0.143305704154646,0.887988078230802,0.999486182046446,-5.01855410027555
"MT-CYB",-0.46100521279109,19.0109833258323,-0.776703755344061,0.449854081021639,0.999486182046446,-4.844264892346
"CYB5A",0.469416432437079,18.5918996556201,1.13904293895089,0.273205565029084,0.999486182046446,-4.64886916084859
"LDHA",0.0419184964261703,26.8475291371715,0.627386833819583,0.539996678240633,0.999486182046446,-4.9059486030744
"GLUD1",-0.0552940702537796,21.9901065956365,-0.835830297071225,0.41658474366242,0.999486182046446,-4.81679695122002
"DHFR",0.00045384273722604,20.2380152537985,0.00309312396180401,0.99757374960353,0.999486182046446,-5.02486725273447
"CYB5R3",-0.0195345957351343,22.8192716964066,-0.198720657466008,0.845194314028244,0.999486182046446,-5.01273598954125
"GSR",-0.00992501075446128,23.3636923121534,-0.194377170787356,0.8485322460267,0.999486182046446,-5.01325967896218
"MT-CO1",-0.213938154599475,19.6684051475187,-0.687189890540863,0.503633031134617,0.999486182046446,-4.88216280512632
"MT-CO2",0.0609288893277515,23.8390603858969,0.315913181639751,0.756582636501359,0.999486182046446,-4.99425649528962
"MT-CO3",-0.206389801143164,16.8844077301166,-0.855158113154449,0.406139844909091,0.999486182046446,-4.80739326449993
"SOD1",0.169788419923233,23.2864000766882,1.27727687713152,0.221291834963065,0.999486182046446,-4.55914153565068
"PNP",0.00550926953680531,23.0567275620659,0.0294877317379508,0.976877396205003,0.999486182046446,-5.02460223582392
"HPRT1",0.0869385371899938,23.0640095496218,1.01575192024263,0.326119807282445,0.999486182046446,-4.72226071622195
"GOT2",-0.0228990833311506,24.3152578125683,-0.18594417264384,0.855021449459342,0.999486182046446,-5.01424362239783
"ABL1",-0.0708328164425929,16.7491351437327,-0.637427180629706,0.53361647550955,0.999486182046446,-4.9021854562079
"PGK1",0.064025994100863,26.2833733166374,1.0950920149312,0.291035635579888,0.999486182046446,-4.67581341240766
"AK1",0.0884117643644409,21.7461418587244,1.56997259070153,0.137620448533422,0.999486182046446,-4.34628420694558
"F2",-0.0238585568977356,19.9035185487625,-0.134921384357513,0.89451460282192,0.999486182046446,-5.01926766787836
"F9",-0.0429171830833539,16.5953219790935,-0.127615363536955,0.900187562711832,0.999486182046446,-5.01985847136881
"F10",0.386416799958809,18.2816182856631,2.5162842858817,0.0239533255784291,0.999486182046446,-3.52724316291809
"PLG",0.231394321023647,20.5469162160132,1.92644070616949,0.0735413668724157,0.999486182046446,-4.05463381984821
"ADA",0.039210871197529,16.47398076224,0.219038674686653,0.830722801514849,0.999486182046446,-5.00979869424005
"MT-ATP6",0.0528529804530393,20.2755234375004,0.287707337026218,0.777915596499104,0.999486182046446,-4.99935781875539
"CA2",0.0185231098635867,18.9805027624813,0.222881743515639,0.82668446947508,0.999486182046446,-5.00961346703444
"ASS1",0.045511380918029,23.2936457893616,0.668391120754459,0.514208050829952,0.999486182046446,-4.89023383009639
"OAS1",-0.155820038435177,17.5114310874606,-1.1866723390089,0.275434070600582,0.999486182046446,-4.61861303952853
"SERPINC1",0.293969008094564,22.4106799975227,2.83640427265973,0.0126684234981643,0.999486182046446,-3.23296250052208
"SERPINA3",-0.22080551575673,15.7141036610205,-0.562367369306757,0.585498327102773,0.999486182046446,-4.92719474708014
"A2M",0.302206556126393,24.703423905846,1.76389060403813,0.0986352620511365,0.999486182046446,-4.19177125242564
"C3",0.32244198504814,22.6749626665766,2.03129118466009,0.0608013551438329,0.999486182046446,-3.96475275166604
"C5",0.259648828175951,18.5923375858722,1.92092464264957,0.0742837482799507,0.999486182046446,-4.05935544737118
"CST3",0.0281071555336041,18.1022614680251,0.0587002365039678,0.953994456133703,0.999486182046446,-5.02380822491377
"KNG1",0.125505894542062,18.8191251511191,0.804915024302624,0.433651826825849,0.999486182046446,-4.83144810179507
"NRAS",0.0117426498803965,21.7920213548336,0.127027044119024,0.900634425338517,0.999486182046446,-5.01990648839228
"KRAS",-0.00322163008003429,17.1293988809547,-0.00866766301770401,0.993211457198104,0.999486182046446,-5.02484692952052
"LDLR",0.110791602568877,18.0914082203308,1.80155878803339,0.0920869075401704,0.999486182046446,-4.16009345965299
"TGFB1",-0.0694755682480661,16.7645659471243,-0.208020915972529,0.838815417017179,0.999486182046446,-5.01135581056728
"IGF2",-0.340705614409835,17.4407596067696,-0.747969520958376,0.466470901229228,0.999486182046446,-4.85703027811282
"IGLV2-11;IGLV2-8",0.462739802170608,15.1534286342008,2.72389802645251,0.0158712232097315,0.999486182046446,-3.33637775933545
"HLA-B",0.0740588719755202,14.8100693778045,0.443196361207446,0.671477818320843,0.999486182046446,-4.96116745245245
"HLA-H",-0.0824096534079786,15.0069354932158,-0.338903891825268,0.740661394174085,0.999486182046446,-4.98918576538793
"HBD;HBB",0.105030192050087,20.7083209036709,0.437798452896792,0.668001641866023,0.999486182046446,-4.96633992861577
"MB",0.435527928784333,16.285263731919,1.45210460248711,0.167410604934766,0.999486182046446,-4.43538483216723
"COL1A1",0.16723775014,18.507642070732,1.10632925771334,0.286301246583294,0.999486182046446,-4.66901220307913
"COL3A1",0.458608771901464,17.0822879690303,2.54875393033058,0.0224696781053975,0.999486182046446,-3.49744209257362
"LMNA",-0.066380754109268,24.0417291770693,-0.658495660051279,0.520366263627026,0.999486182046446,-4.89410996604049
"APOA1",0.26215688650715,19.3863682530926,0.534561707785915,0.601672664829774,0.999486182046446,-4.93767791689843
"APOE",-0.0500270485584018,19.1920348996916,-0.510384713057218,0.617334174433019,0.999486182046446,-4.94566991555907
"APOC3",0.561237315842089,15.5360415379314,2.55920859291787,0.0220109966660414,0.999486182046446,-3.48784032692899
"APOH",0.317622828765906,18.0123470220205,1.43535071354055,0.172180531709609,0.999486182046446,-4.44779165182426
"FN1",0.146345545738789,19.1659416513797,1.49222806110322,0.156716280137117,0.999486182046446,-4.40553233504615
"RBP4",0.307642395337265,19.1974934272746,1.08851450959809,0.294179429616999,0.999486182046446,-4.67970154356911
"AMBP",0.166873332721398,17.3238300157007,0.551907943299114,0.589351726668985,0.999486182046446,-4.9324107186948
"AHSG",0.180819268545527,25.3678386029935,0.439369570458141,0.666889189096837,0.999486182046446,-4.96592303947126
"ALB",0.279649953696108,29.3328425226337,1.58525408874833,0.13430301855084,0.999486182046446,-4.33470821134933
"AFP",0.240759915647484,24.1587727369068,1.64697858147604,0.12082579752366,0.999486182046446,-4.28612692187407
"GC",0.184572461218028,22.6853545845587,0.987996706274994,0.339345546311464,0.999486182046446,-4.73775261801095
"TFRC",0.00529232202098839,23.6073640576034,0.120339163819236,0.905838308313024,0.999486182046446,-5.02041504540501
"TF",0.339329049151864,19.822213135587,1.3813704905101,0.188140344226846,0.999486182046446,-4.48695148878383
"LTF",0.22029227743165,25.3343116329591,2.34339116716977,0.0335605340386817,0.999486182046446,-3.68515366000675
"HPX",0.177862315594332,17.1389107184818,0.722235924125261,0.482278312765067,0.999486182046446,-4.86776262291099
"FTL",-0.157149060210614,16.0559584798957,-0.654907740970178,0.531477683807296,0.999486182046446,-4.89053627846898
"FTH1",0.0758432656830905,16.7664295768252,0.388778435755078,0.702994346437692,0.999486182046446,-4.97867445263998
"ESR1",0.1653072232083,15.0375141340259,1.09151998993933,0.292552688467094,0.999486182046446,-4.677963956775
"MT-ND1",0.107751843369776,19.5427625931649,0.15562558202998,0.878480001984925,0.999486182046446,-5.0174133976401
"MT-ND2",-0.158128606510218,19.7065437207324,-0.338896153369047,0.739917217604856,0.999486182046446,-4.9895116085113
"MT-ND3",0.0656836328780912,17.3141909567804,0.108661915038678,0.91496426274762,0.999486182046446,-5.02123263745601
"MT-ND4",-0.217286131980654,19.5682835583971,-1.34792060575788,0.198146664073036,0.999486182046446,-4.51047525438334
"MT-ND5",-0.250744663047826,17.5859548004945,-0.851523347358001,0.408234805632107,0.999486182046446,-4.80910683792857
"MT-ND6",-0.12650736010821,18.0238066194407,-0.431952691012314,0.672147894717649,0.999486182046446,-4.96787844420998
"MT-ATP8",-0.597236176657418,18.1646989671332,-1.29247817427161,0.216465643470157,0.999486182046446,-4.54890591850226
"VTN",0.040748265498312,21.9669404860147,0.285322620973943,0.779388902867955,0.999486182046446,-4.99989641007301
"HMGCR",0.0290014236877845,17.0827029994019,0.243228210649519,0.811178608298209,0.999486182046446,-5.00670909387492
"CAT",0.0177287771130281,21.6967177204841,0.315394674630864,0.756880061292571,0.999486182046446,-4.99439251662699
"RAF1",0.000766782190911641,18.9654128392412,0.00832248747022283,0.993471207790314,0.999486182046446,-5.02484887589904
"GBA1",0.0432265587382297,20.8793808168886,0.494183356954118,0.628454810456414,0.999486182046446,-4.95056073293948
"FUCA1",-0.0120341624616458,19.512075960599,-0.185365386365359,0.855467229501279,0.999486182046446,-5.01430956458513
"ALDOA",-0.0135077404689099,27.0858940572563,-0.275307859599477,0.786898775930094,0.999486182046446,-5.0016211976388
"CSTB",0.0191561196486312,23.3745574818817,0.162705672805917,0.872958212115019,0.999486182046446,-5.0167305980931
"ANXA1",0.150170770669448,17.3314278778381,0.833429064337435,0.41789451696928,0.999486182046446,-4.81795219110315
"APOB",0.281322057890289,21.0010685127036,1.97303933034083,0.0676535770760667,0.999486182046446,-4.01511614740238
"NR3C1",-0.00255395265428859,16.5790991437394,-0.0182586155796854,0.985677226329459,0.999486182046446,-5.02476756780068
"TFF1",0.0132739770342276,15.4952582375748,0.0707884543290999,0.944996919371483,0.999486182046446,-5.023277873154
"PRNP",0.0189044280147712,17.6700071563572,0.181161734007057,0.858706393534996,0.999486182046446,-5.01478236583716
"SOD2",0.175700153740308,20.477578621059,0.62118568770125,0.54414695648096,0.999486182046446,-4.90813874956368
"OAT",0.0157642732897223,23.400709918619,0.203092142263758,0.841837962366587,0.999486182046446,-5.01219732922719
"TK1",-0.081210585063463,21.421836878663,-0.873004650587655,0.396650074936243,0.999486182046446,-4.7985454805223
"KRT1",-2.140664562323,19.9635987030999,-3.92807542869314,0.00187156127395938,0.999486182046446,-2.43920378857737
"TUBB4A",0.432535656199452,19.7708292156931,1.73985157533159,0.103118489994525,0.999486182046446,-4.21201454900552
"GAPDH",0.0800240077844343,28.1935245963284,0.494021142821845,0.628611684972248,0.999486182046446,-4.95058480890002
"ASL",0.022681900219041,19.4269322189366,0.352668490595142,0.729325597807816,0.999486182046446,-4.98680852591257
"HLA-A",0.0649683091151978,18.8506304950755,0.561111187123791,0.583146114571264,0.999486182046446,-4.92939125269831
"ERBB2",-0.185292810727098,18.3568958450981,-0.705470260829353,0.491727787055469,0.999486182046446,-4.87511967298571
"CAPNS1",0.124109978092605,20.4194277993441,0.389784691527668,0.702377132423556,0.999486182046446,-4.97838409393739
"HSPB1",0.0500286903180651,27.281463432732,0.461848023939123,0.650928394608963,0.999486182046446,-4.95987129714543
"TYMS",0.0174421315711051,19.990917809752,0.255858292267456,0.801593878292936,0.999486182046446,-5.00478011588165
"RPN1",-0.00124902634042101,24.6430206788541,-0.0285085653785683,0.977638671503382,0.999486182046446,-5.02462000021406
"RPN2",0.0480480017070306,23.0758488474654,0.863213575387876,0.401837995247121,0.999486182046446,-4.80341910504272
"GNAI2",-0.0867559769422428,20.538553209036,-0.507444163141436,0.619414195759044,0.999486182046446,-4.94653157642286
"SLC4A2",-0.0276271436057911,19.0088770690224,-0.409363125455014,0.688155711893297,0.999486182046446,-4.97369332660569
"ATP1A1",-0.0408534175273942,23.4203306970366,-0.645154128210023,0.528735116430169,0.999486182046446,-4.89925182570322
"ATP1B1",0.0141540631933132,22.0929039907627,0.217980762477317,0.830430917203087,0.999486182046446,-5.0102755379047
"APP",-0.00735961689700204,19.0681288384559,-0.101292618999936,0.920682212923984,0.999486182046446,-5.02171306740587
"S100A8",0.211130621365669,18.159766280547,0.657442046661043,0.533613707396951,0.999486182046446,-4.88748541421116
"HMGN1",-0.0409582684195513,21.8116659241,-0.273624937436601,0.788190615466188,0.999486182046446,-5.00189492695624
"SLC25A5",0.0568976223555246,26.2388577568802,0.634111046470257,0.535719074060677,0.999486182046446,-4.90343445907713
"CFI",0.175355829799962,18.9279535031477,0.847922745948738,0.410160238264536,0.999486182046446,-4.81087228553067
"ISG15",-0.00619600980320456,22.9565133488345,-0.10016721692758,0.921560306677727,0.999486182046446,-5.0217827979633
"PCCA",0.0220646599402947,19.0236878236003,0.265501197138716,0.79429810890603,0.999486182046446,-5.0032424786326
"PCCB",0.038790979733264,20.7744325791225,0.854911051224859,0.406272261533946,0.999486182046446,-4.80751464370107
"EIF2S1",-0.0266445562769029,24.0154247504122,-0.538453942018674,0.598296006556247,0.999486182046446,-4.93684224569282
"HMGN2",-0.0234319087227899,14.9036923470609,-0.031506332441543,0.975296531709924,0.999486182046446,-5.02456422675933
"RPLP1",0.0872734332364118,21.8734403842351,0.240295146928824,0.813475029285686,0.999486182046446,-5.00712153727957
"RPLP2",0.278146359562445,21.8329373205844,0.519573448149578,0.611223204398377,0.999486182046446,-4.94274560412328
"RPLP0",0.0864212120177328,24.6756196946251,0.705299744578448,0.491612199906805,0.999486182046446,-4.87531130210046
"FABP3",0.00475535773638214,18.4434399363671,0.0533028134842728,0.959033581469665,0.999486182046446,-5.02392998312123
"POLR3D",-0.0556482802493683,18.185701982306,-0.653540254064178,0.523465860493202,0.999486182046446,-4.89603109099748
"CLEC3B",0.0496482036577461,18.9543799909594,0.339039028989642,0.739358755548291,0.999486182046446,-4.98967768961661
"SSB",0.0472194613947465,23.2755238919029,0.689374906290724,0.50128882367385,0.999486182046446,-4.88183947372171
"SERPINA7",0.288550323345135,19.1541043603627,1.54526188973419,0.143657573732501,0.999486182046446,-4.36554726949515
"SERPIND1",0.391707850013685,19.3582663664775,1.80414478792967,0.092076824367925,0.999486182046446,-4.15917127026082
"TFAP2A",-0.305075074771992,15.065978050082,-1.22642921844766,0.239255375371189,0.999486182046446,-4.59303331276955
"ITGB1",0.0231677918408266,21.8035604335081,0.237868706689219,0.815255401129793,0.999486182046446,-5.00749847718017
"KRT18",0.0193747241589968,28.5991805464535,0.172290655531997,0.865550644341652,0.999486182046446,-5.01574475530802
"KRT8",-0.046873751143103,29.3454109990361,-0.532531243509194,0.602288584739285,0.999486182046446,-4.93874215700625
"UROD",0.108326585256293,19.1055962541672,0.77352013324975,0.451433895850809,0.999486182046446,-4.84582849787654
"INSR",-0.0202069152905011,16.3166403939641,-0.174412005973762,0.863912935601691,0.999486182046446,-5.01551898682498
"GLA",0.0972899262840698,19.4327429874943,0.715475298983533,0.485487470339257,0.999486182046446,-4.87106921691773
"GSN",0.00245886311936516,21.6776838345828,0.0449667455557628,0.964736918914045,0.999486182046446,-5.02424776632632
"RB1",-0.024338117147952,19.2203840327893,-0.31383381507876,0.758041709596135,0.999486182046446,-4.99469201027469
"PGR",0.021261897938647,14.8585560925482,0.0471143095446792,0.963293274328786,0.999486182046446,-5.02417027409272
"PTMA",0.194657717642759,24.1050911851836,0.595175383579981,0.560926531070218,0.999486182046446,-4.91754595140776
"CDK1",-0.0146518971092853,22.9649684145977,-0.170651644522628,0.866816418360061,0.999486182046446,-5.01591730881532
"ATP5F1B",0.0344188007395765,25.41861083092,0.335721564396129,0.741808382417454,0.999486182046446,-4.99035932633107
"S100A9",0.104394999358092,17.5249594427512,0.450214522681467,0.66684617949259,0.999486182046446,-4.9590784463912
"S100A6",-0.505752483388044,20.4528888868006,-1.07865798900438,0.2984067516328,0.999486182046446,-4.68558910021619
"EIF4E",0.0670525789447538,22.4802492921446,1.01692549338927,0.325579548337346,0.999486182046446,-4.72159414401523
"ENO1",0.0545895888292982,26.8312770619331,0.743521501285714,0.468844368022378,0.999486182046446,-4.85909362056997
"PYGL",0.0226147015759892,20.198323328447,0.217675646816305,0.830664298069944,0.999486182046446,-5.01031627357147
"GPI",0.0109503475188397,25.3577692668717,0.138389162348688,0.891804423110649,0.999486182046446,-5.0189796590748
"POLB",-0.0945150835823618,16.8899880854316,-0.494068793234515,0.628533784150505,0.999486182046446,-4.95059478192693
"NPM1",0.00823621073561398,25.7871648128206,0.0643620829059442,0.949546059377472,0.999486182046446,-5.02359515450807
"TPM3",-0.123098684872463,22.8996977403583,-0.48226176124531,0.63683902564651,0.999486182046446,-4.95398864126036
"ITGAV",0.0528842648784646,19.2034776495776,0.601795159983492,0.556447879105962,0.999486182046446,-4.91528966772317
"HEXA",-0.0218401860447841,21.0198421671441,-0.212883284135294,0.834332093911776,0.999486182046446,-5.01094867727282
"EPHX1",-0.0592316889288114,20.8264079102372,-0.609240836082574,0.551633803001822,0.999486182046446,-4.91260924651295
"DBI",0.110914886939849,20.7334676410869,0.292359648972661,0.774164981600228,0.999486182046446,-4.99863284933229
"LDHB",-0.0292910967166833,23.7320475269344,-0.155443415007595,0.878616182683742,0.999486182046446,-5.01743189950607
"CENPB",-0.173006026546034,18.5368762473484,-1.57182218344576,0.137191317129822,0.999486182046446,-4.34485299171859
"PGK2",-0.044007632357534,17.353112126379,-0.139010780291915,0.891646756252676,0.999486182046446,-5.01886163228511
"PROS1",0.101636485232017,18.0116916642231,0.741810546203127,0.469849606087057,0.999486182046446,-4.85983604116234
"P4HB",0.0163921561325608,25.7861448991365,0.2630656077797,0.79613901745803,0.999486182046446,-5.00363615070516
"H1-0",-0.0922210335726881,22.831220664334,-0.441964360395577,0.665053684600594,0.999486182046446,-4.96523137682721
"ACYP1",0.0389229013657193,18.7998236153319,0.355531304673308,0.727224589835072,0.999486182046446,-4.98619183909923
"CTSD",0.00954815581539492,23.9957465582599,0.104334593087483,0.918309253762994,0.999486182046446,-5.02152069392603
"ANXA2",-0.0756450460828084,23.5262447800688,-0.577542719665872,0.572295345048539,0.999486182046446,-4.92380069751304
"CAPN1",0.034025921726677,23.364766020091,0.390925473837101,0.701440655566665,0.999486182046446,-4.97816655151535
"TUBB",0.126766381816374,27.0384057243066,1.49296506872531,0.156525308428383,0.999486182046446,-4.40497925294758
"PSAP",0.00848992615818744,19.9678343679408,0.0707777735358238,0.944525302451859,0.999486182046446,-5.02332835367443
"HEXB",0.0691912070945158,21.3902750452012,0.856771156013095,0.405276009405248,0.999486182046446,-4.80660004678526
"CTSL",0.0198600816610934,18.8278095705407,0.134079480186981,0.895151989636842,0.999486182046446,-5.01934051699649
"PFN1",0.0240046925258106,27.0115065158244,0.296710120015768,0.770824846920795,0.999486182046446,-4.99788184518609
"APRT",0.00185321506511826,25.1328212034649,0.0192551451125742,0.984895609990111,0.999486182046446,-5.02475605931763
"EPRS1",-0.0328959205266663,22.5989426781888,-0.50693510071183,0.619694015737817,0.999486182046446,-4.94672385273347
"CTSB",0.0355413150814137,20.5093373749096,0.401462293961792,0.693835836546358,0.999486182046446,-4.97563463815669
"HSP90AA1",-0.0377498233515468,26.9199827676025,-0.749461568592988,0.465364615066641,0.999486182046446,-4.85650420212723
"GALT",-0.0397583512948572,16.185429682298,-0.0605873823146989,0.953279496975055,0.999486182046446,-5.02367037937209
"HNRNPC",0.0148340545122778,24.6717170117019,0.0892192427708453,0.93011879505589,0.999486182046446,-5.0224191261733
"UQCRH",0.178822391740088,18.7030243621244,0.629790835918874,0.538656982937073,0.999486182046446,-4.90494447177999
"LAMB1",-0.0388563068930168,18.4040049749044,-0.308692729377882,0.761872146934752,0.999486182046446,-4.99566815743106
"YES1",-0.153524712370082,18.2048969141293,-1.05141666219748,0.309987985609155,0.999486182046446,-4.7017267491726
"FH",0.0533959810804276,22.1095877436011,0.802248960132787,0.435144321067059,0.999486182046446,-4.83268889456618
"ERCC1",-0.0666702615632673,16.4937740990837,-0.415643591425028,0.684084262346371,0.999486182046446,-4.97191230033976
"THBS1",0.027897483729717,21.6190355988813,0.377310008648514,0.711316476657971,0.999486182046446,-4.98134137183471
"SP1",-0.027468808418579,16.4580898747326,-0.0900571615109274,0.929457139593419,0.999486182046446,-5.02237383928244
"IGF1R",-0.00701377837998507,19.2190931105514,-0.0379917209625771,0.970399329969267,0.999486182046446,-5.02441489770396
"COL1A2",-0.075872189139556,17.3455896031292,-0.2951247100092,0.772337016844279,0.999486182046446,-4.99804173717022
"ANXA6",-0.0622687705721212,22.215020450318,-0.265850390409332,0.794107736880517,0.999486182046446,-5.00315945603379
"RHOC",-0.152666870054595,20.7756091630063,-0.320362555974697,0.75327650974877,0.999486182046446,-4.99339244807172
"CD55",0.0349052390623257,18.9754104572046,0.211071496278045,0.835736415042395,0.999486182046446,-5.01117923968297
"SLC3A2",0.0400655839247932,24.9581809014932,0.612308763247346,0.549656796525081,0.999486182046446,-4.91149588564634
"GUSB",0.116485712397836,18.984858456823,1.49643586125512,0.155628581663151,0.999486182046446,-4.4023723578233
"PFKM",-0.0201155035703771,21.3030334774674,-0.362794514054018,0.721904337630476,0.999486182046446,-4.98460543056538
"HSP90AB1",-0.0468382934305716,27.3547158698121,-0.595821560946328,0.560326468153158,0.999486182046446,-4.91741794329944
"SRPRA",-0.0178645636735801,19.4144065408725,-0.259628564297281,0.798738993053556,0.999486182046446,-5.00418560011097
"ASNS",-0.00583283224853304,23.6592084337005,-0.0805495896280158,0.936882875164678,0.999486182046446,-5.0228733615003
"HMBS",0.0189184322982676,20.8876275976259,0.394334657860393,0.698976453385098,0.999486182046446,-4.97735450050226
"PDHA1",-0.0620867816687962,22.7590542172163,-0.57911243804398,0.571251821351082,0.999486182046446,-4.92326573060781
"CD14",-0.0669398750087886,11.6181677063501,-0.255566088911889,0.803109451209935,0.999486182046446,-5.0043762753437
"CYC1",-0.106766869736994,22.7956618981195,-0.936689109694209,0.364002326686045,0.999486182046446,-4.76570536059149
"SNRPB2",-0.026376670242044,20.8645096496497,-0.46914414441573,0.645825707263026,0.999486182046446,-4.95782313898113
"MET",0.204966600740988,15.8249912349468,1.22242583251942,0.26250461647989,0.999486182046446,-4.59710326964792
"SNRNP70",0.000441308466299972,23.3122956936327,0.00681902292565015,0.994650618066061,0.999486182046446,-5.02485588418838
"ITGA5",0.120175996359976,15.6528674884114,0.196103699695327,0.849158693319955,0.999486182046446,-5.01251185390582
"NFIC",0.00509193807159036,19.4594174236267,0.0405478759870366,0.968200074343275,0.999486182046446,-5.02436407893716
"SERPINF2",0.188549892337075,21.4044467249498,1.30218697988542,0.212942526642262,0.999486182046446,-4.54219963189969
"RPS17",0.000974524667778809,23.9939590595922,0.0137646244601179,0.989202212566745,0.999486182046446,-5.02481187135651
"KRT19",-0.0479743217770796,27.6580385162813,-0.602470095312607,0.5560105618085,0.999486182046446,-4.91504795772355
"GNAI3",-0.157542761158894,21.595424702097,-1.67707008757739,0.114585801537808,0.999486182046446,-4.26186020745487
"ANXA5",0.0513407188009722,24.9657603559629,0.669978468361815,0.513224109144013,0.999486182046446,-4.88960712202316
"KRT16",-0.0168717654321959,23.1508591178508,-0.0667270657526831,0.947712907976469,0.999486182046446,-5.02349800098903
"RPSA",0.093166719690025,22.4668294533088,0.43207933554173,0.672057951226461,0.999486182046446,-4.96784532444424
"CD63",-0.108367372122224,19.991998898615,-0.165410211054095,0.87091162399,0.999486182046446,-5.01644756020186
"MRPL3",-0.0531924542457993,19.8157993354009,-0.537237617280083,0.599114865949735,0.999486182046446,-4.93723404504204
"SNRPA",-0.0583794493385099,20.9490660503562,-0.655796965923488,0.522052995259979,0.999486182046446,-4.89515785658929
"ENO2",0.0718152484276651,20.7646089340333,0.752518600833927,0.463579967565311,0.999486182046446,-4.85516438126413
"ACAA1",-0.0139206546922246,20.9725782100383,-0.231173701180635,0.820355822863772,0.999486182046446,-5.00846011883427
"SRP19",-0.0953185853363365,20.4001308893051,-0.39087526903509,0.701588442443554,0.999486182046446,-4.97812554609386
"SNRPC",-0.151909005561233,20.4160911832348,-0.718884052949663,0.48366933065951,0.999486182046446,-4.86951306570489
"VIL1",-0.00776806399436403,14.5230464683966,-0.058938703258932,0.954082205142732,0.999486182046446,-5.02377575603563
"LGALS1",0.312215207883003,20.2661536276302,1.02458743667331,0.322395170187669,0.999486182046446,-4.71713067482103
"QDPR",-0.102064621405034,20.1985391000654,-1.0960993305692,0.290608882242124,0.999486182046446,-4.675205961345
"HMGB1",-0.0238619656855263,24.8727096662617,-0.14824979038537,0.884170974931829,0.999486182046446,-5.01810747253424
"FBP1",0.0788556098160953,24.3627009321288,1.2570708517981,0.228268883775015,0.999486182046446,-4.57272219479422
"TPM1",0.0545331367093027,20.5072218418455,0.366142374384613,0.719489244420452,0.999486182046446,-4.98384900849518
"CLTA",-0.115146321385794,19.7195085803923,-0.480939250419903,0.637756122484384,0.999486182046446,-4.95437250163468
"CLTB",-0.152132709472294,18.8308673534005,-1.2722786734738,0.222965353020265,0.999486182046446,-4.5625075049231
"ANXA4",0.0194050985324843,22.2185073034249,0.294274931487404,0.77264845469356,0.999486182046446,-4.99832119538084
"CNP",-0.0880345781454928,21.5498065846,-1.31248455071321,0.209412871312883,0.999486182046446,-4.53508374132567
"HMOX1",0.240197273357744,18.751382054526,0.770121008431222,0.453627768268849,0.999486182046446,-4.84722706181145
"DLD",0.0379617346861458,22.6874443412674,0.835256667763462,0.416897391427299,0.999486182046446,-4.81707318893649
"HNRNPA1",0.133772384104546,22.3954596898416,0.196989468205043,0.84657803446545,0.999486182046446,-5.01293127008639
"SNRPA1",0.0300647401589664,22.8714348215642,0.479454259334468,0.63864644606965,0.999486182046446,-4.95487649028771
"CTSH",-0.0252072755107804,18.8409157382114,-0.137917083667411,0.892182578307099,0.999486182046446,-5.01901744798762
"COX6C",0.0959045670831884,23.2358929755777,0.377363534281639,0.711384768678894,0.999486182046446,-4.98127932916927
"TACSTD2",0.0157140254776422,21.8111931165396,0.118587517674811,0.907205960153273,0.999486182046446,-5.02054303646054
"PARP1",-0.0365877629144755,22.2425366926092,-0.689326603040184,0.501318343521012,0.999486182046446,-4.8818590686937
"POLA1",0.00798878864248564,19.6250111978725,0.163843072450004,0.872078536765739,0.999486182046446,-5.01661654769833
"IFIT1",-0.0560360549558716,18.1863906114555,-0.457811699418511,0.661457855828151,0.999486182046446,-4.95698883088982
"LTA4H",-0.0184279954639699,22.9820867122442,-0.152284798947055,0.881025741342968,0.999486182046446,-5.01773872149581
"ALDOC",0.0610229905882065,23.716875040642,0.567762693482974,0.578736301126165,0.999486182046446,-4.92714900468911
"C4A",0.346168763780522,16.1709624226457,0.631419906964373,0.538342834800348,0.999486182046446,-4.9039284301106
"H2AZ1;H2AZ2",0.0789950916062701,21.3557339317962,0.608255063788115,0.552269864024572,0.999486182046446,-4.91296588275319
"TFPT",0.0204194812956207,15.9461256105074,0.0876670579695724,0.931405203367677,0.999486182046446,-5.02249416435303
"FBXO45",0.0928108309070943,16.4930376289492,0.681501597877251,0.506113886404777,0.999486182046446,-4.88501687916349
"ATXN1L",-0.0113759898189016,16.0626516254872,-0.0758450657571099,0.94056147681593,0.999486182046446,-5.0230997389681
"CHTF8",0.0140832655623058,17.5756136553953,0.0842831850620633,0.933964524703061,0.999486182046446,-5.02268402334668
"POTEI",-0.030163578401794,20.9526875543418,-0.0533389747412423,0.958245443536475,0.999486182046446,-5.02398912133468
"UBB;UBC",0.325930294377102,16.8697691980376,0.832493620293145,0.422141916664364,0.999486182046446,-4.81656442931288
"TRAPPC2;TRAPPC2B",0.0776774148397052,17.4846878501705,0.523706719893323,0.608261808394808,0.999486182046446,-4.94153602825567
"PET100",-0.0239839078935571,15.9658438390353,-0.136527795448518,0.893249991553022,0.999486182046446,-5.01913691033017
"SULT1A3;SULT1A4",0.269312626154719,16.717797931952,1.65358995284062,0.119328862417554,0.999486182046446,-4.28063151667684
"HSPA1A;HSPA1B",-0.017610841875765,26.1396636959606,-0.203718782184786,0.841357097270579,0.999486182046446,-5.01211916089345
"CALM1;CALM2;CALM3",0.149430367351808,21.5932581023205,1.1559818239045,0.266069429356515,0.999486182046446,-4.63831954003177
"POLR1D",0.14823138828865,18.6836699328214,1.13779423774309,0.273350822521917,0.999486182046446,-4.64968231489408
"EEF1AKMT4",-0.0269010476845288,18.0593514413973,-0.156415779612264,0.877825974665626,0.999486182046446,-5.01734702945565
"ZFTRAF1",0.0702152154405411,18.2889718110077,0.542557965796768,0.595537225786875,0.999486182046446,-4.93551409206153
"FDX1",0.445217386377092,17.1008986245754,0.976554804310408,0.346016766540339,0.999486182046446,-4.74363347587725
"RAP2A",-0.305798767247868,16.9629053811966,-2.29364446709138,0.0369388858531486,0.999486182046446,-3.73024365329606
"RO60",-0.0194496927392365,21.3771290452395,-0.348510735407082,0.732380955763021,0.999486182046446,-4.98769549100942
"MYBL2",0.0633556609826815,15.0669123294571,0.23754581993336,0.815501187978267,0.999486182046446,-5.00754547854897
"GAA",0.0169204106659286,21.9679053871445,0.336711885249773,0.741076822204622,0.999486182046446,-4.99015653240584
"AR",0.196639133140888,17.3051606447505,1.25097974256402,0.230420711683316,0.999486182046446,-4.57678865429651
"RARA",-0.0889034101468198,16.7278829770111,-0.429814616174717,0.673543235191695,0.999486182046446,-4.96849833444627
"RRAS",-0.0313333218495835,18.3892810082034,-0.295267476723501,0.771905012196601,0.999486182046446,-4.99814255283231
"HLA-C",-0.0716958967038792,18.7959901599554,-0.302055861017787,0.767226629974363,0.999486182046446,-4.99674632084053
"ARAF",-0.0915453710133498,19.1998706711318,-1.20925069124167,0.245592508988492,0.999486182046446,-4.604259756181
"H1-4",-0.249215566466443,23.5963646250543,-1.3635200582591,0.193451276897698,0.999486182046446,-4.49955811495479
"BCL2",0.024295491402949,18.4709652319294,0.0935876951653439,0.926721196245251,0.999486182046446,-5.02217147627499
"DLAT",-0.00485061826020328,21.5220060980614,-0.0598720450130425,0.953061179041238,0.999486182046446,-5.02376681924237
"PTPRF",-0.00638994022295236,19.4940857151375,-0.111182617295119,0.912970276568365,0.999486182046446,-5.02106684392241
"NR2F6",0.0886149701357937,17.0028995410054,0.762919395494491,0.457539760128717,0.999486182046446,-4.85056950355074
"TXN",0.0250507177944677,25.4843281925517,0.237587750182734,0.81546926883115,0.999486182046446,-5.00753937849359
"TGFB3",-0.877348414371678,16.3071877357011,-1.18281151756381,0.258964455044169,0.999486182046446,-4.62125703581937
"COX5B",0.242719533524184,22.1246189996262,0.804671820348893,0.434041644433466,0.999486182046446,-4.83143167043891
"CTSA",0.0054052487830738,20.8524915595917,0.0619254912352122,0.951453466168163,0.999486182046446,-5.02368984978108
"MGST1",-0.0907504960060415,21.6216528630159,-0.778159562208781,0.44877773757969,0.999486182046446,-4.84373530509467
"MAPT",-0.0385471690239143,20.2293645586531,-0.254962073039115,0.802294767311386,0.999486182046446,-5.0049126273353
"C7",0.364853781124019,17.600838722927,2.05441131981913,0.058099176668789,0.999486182046446,-3.94365221081514
"PRKAR1A",-0.0124693876872932,21.0442583530995,-0.113817931593828,0.910916827219412,0.999486182046446,-5.02088452246875
"TFPI",0.0408702291662753,16.2613607020003,0.200854090553944,0.843555908279284,0.999486182046446,-5.01247455786878
"UROS",-0.0236884377426492,17.5417055499522,-0.124868313722295,0.902313644020866,0.999486182046446,-5.0200736382857
"ESD",-0.00174403825501912,24.9942902478078,-0.0281195277210274,0.97794373539644,0.999486182046446,-5.02462678196819
"HSPD1",0.0782315298846861,26.1342165570673,0.996543305843074,0.335054056136168,0.999486182046446,-4.73308178414697
"CLU",0.144014785574129,19.4788699084229,0.893230756596914,0.386163431301216,0.999486182046446,-4.78828921300482
"HAPLN1",0.00113195002126432,20.7637336368217,0.00908147355791861,0.992875818119345,0.999486182046446,-5.02484480930521
"HSPA5",0.0201344489029047,24.7142667942426,0.334256311468481,0.742891252526823,0.999486182046446,-4.9906583028456
"LAMC1",-0.144073412211331,17.7377912154419,-0.974205341633795,0.345661085895656,0.999486182046446,-4.74545261197655
"ACP2",0.00352222555209636,19.8492507097102,0.0391387813326952,0.969304552445317,0.999486182046446,-5.02439864192593
"HSPA8",-0.0111264970917553,27.4551063887607,-0.200567301171412,0.843776109680318,0.999486182046446,-5.01250986230708
"SLC2A1",-0.0833350570386209,21.3229879743989,-1.09635750953949,0.290499578545726,0.999486182046446,-4.67505019885851
"EPB41",0.0137745591235401,18.507657039618,0.252330584896073,0.804267744647797,0.999486182046446,-5.00532860599892
"UMPS",0.00924728996004376,22.2638867508634,0.172385541455113,0.86547737755081,0.999486182046446,-5.01573471559033
"PDHB",0.0201006049735959,21.9315062049558,0.27608320707376,0.786314654954724,0.999486182046446,-5.0014905415612
"DBT",0.0239300261065516,20.736423023271,0.21528206332045,0.83249570425873,0.999486182046446,-5.01063387666017
"PYGB",0.0029429324744541,22.1652459320289,0.0447304822119295,0.964922065218163,0.999486182046446,-5.02425428926262
"PYGM",-0.0593753797931242,18.2864388698259,-0.173160843939403,0.865102157080479,0.999486182046446,-5.01559759447134
"RALA",-0.0106153672016127,21.1670501798451,-0.154290753338545,0.879471701614651,0.999486182046446,-5.01754982385657
"RALB",-0.021725415450863,19.5279048717032,-0.302448854479245,0.766532903733069,0.999486182046446,-4.99683240366955
"BCR",0.0570712105980853,18.5592692680208,1.12350031600328,0.279178199647178,0.999486182046446,-4.65851542189793
"LAMP1",-0.0730309261589674,22.8472687898732,-0.762606050981121,0.457721018040405,0.999486182046446,-4.85070875526097
"ACADM",-0.0312326784210022,20.9863575733285,-0.355036933764307,0.727587245490759,0.999486182046446,-4.98629868049236
"TOP1",-0.0352791291622268,22.8842136897505,-0.588851840150025,0.564870050023389,0.999486182046446,-4.91987607182512
"TOP2A",0.00381627352128788,20.0394001333417,0.0403699031559176,0.968339569532053,0.999486182046446,-5.02436851176767
"G6PD",-0.0290547407313682,26.162105222277,-0.430887147195555,0.672780594868606,0.999486182046446,-4.96821914866857
"UBL4A",-0.108779201088939,18.9849937664305,-0.603956689406195,0.555104748580919,0.999486182046446,-4.91448272179708
"ESRRA",-0.00683750703644392,16.2609815123501,-0.0256956517218567,0.979844496175594,0.999486182046446,-5.0246669367109
"PC",-0.0156732252684151,20.0943323119705,-0.28203357714868,0.781836290070245,0.999486182046446,-5.00047577915627
"DMD",0.153579148141159,15.1266897325676,0.287284154583217,0.779489086605738,0.999486182046446,-4.99895217436581
"MTHFD1",-0.0158118561608767,24.7430046572223,-0.349460897347477,0.731682306680573,0.999486182046446,-4.98749370044969
"IGF2R",-0.0834104459223326,19.979989483711,-0.850262660554846,0.408768940829849,0.999486182046446,-4.8097926982518
"ADH5",0.00427262138771667,23.1223066813322,0.0609370973226665,0.952227286575592,0.999486182046446,-5.02372722154851
"CDK4",-0.00378030670556839,20.3573389514364,-0.0735948828225329,0.942321459866688,0.999486182046446,-5.02320320614643
"PRPS2",0.000750801833131476,20.9406558387051,0.0141538123956681,0.988896931947049,0.999486182046446,-5.02480852637009
"PABPC1",0.000472432177893722,23.0969490913109,0.00956097980699609,0.992499669760723,0.999486182046446,-5.02484205732218
"PCNA",-0.0149752584921075,23.5840019385609,-0.11775946471918,0.907846796779125,0.999486182046446,-5.02060388115865
"COX6A1",0.338904562184045,17.3249687020469,0.854834536197874,0.407602406334187,0.999486182046446,-4.80693766003674
"HARS1",-0.0386410064188567,23.0297688436769,-0.671789295279322,0.512102963826496,0.999486182046446,-4.88889051939374
"COL6A1",0.318703690609034,19.2170780254219,2.2193035811791,0.0425869511743914,0.999486182046446,-3.7972310138665
"SLC25A4",-0.0571682325408283,22.4724589747979,-0.610890215762625,0.550570444792398,0.999486182046446,-4.91201132726598
"SLC25A6",0.0915564734057774,23.485327669525,0.693897032883985,0.498553389421779,0.999486182046446,-4.87998628595095
"F5",-0.0353172642844228,20.1310376985531,-0.322219476199798,0.75180795346828,0.999486182046446,-4.99306587917017
"IMPDH2",-0.0200345688669188,24.2687743450241,-0.317541125732989,0.755283585360724,0.999486182046446,-4.99397828114393
"TPR",-0.0464855279340597,20.3974062897832,-0.646379535702072,0.527963299054009,0.999486182046446,-4.89878359119699
"ANXA3",0.010485209046422,21.7596087115597,0.20654715534444,0.839187502708405,0.999486182046446,-5.01176337168551
"CKMT1B",0.0520317946263873,23.9943834335625,0.446491646348271,0.661727162172638,0.999486182046446,-4.96408139398152
"BCKDHA",0.0238884803071606,17.7026024036934,0.210804615403161,0.835924230383632,0.999486182046446,-5.01121864074123
"ACTN1",-0.0198058631366358,22.1703361910485,-0.229703774513673,0.821476782840992,0.999486182046446,-5.00866761549911
"CDH1",0.0303498955642993,20.6559468277513,0.303731030010881,0.765575051963038,0.999486182046446,-4.99659523290204
"SRC",-0.146510540571381,19.1757366942035,-2.15352559233779,0.0482462108356962,0.999486182046446,-3.85603654147765
"PEPD",-0.0532736126383959,20.816123581124,-0.471110103616752,0.644453902882837,0.999486182046446,-4.95726599634858
"XRCC6",0.0455351087862539,24.7865645463781,0.626378792716252,0.54063956693907,0.999486182046446,-4.90632336595042
"XRCC5",-6.12741377956638e-05,24.4442518313151,-0.000810348891429525,0.999364292929836,0.999592932259415,-5.02486999716091
"UNG",0.0545228938117397,20.0931107944441,0.742331466628755,0.469543410316968,0.999486182046446,-4.85961016487756
"COX4I1",-0.0194530140124165,23.5396472485337,-0.211358541640779,0.835499882977235,0.999486182046446,-5.01114695720181
"IFI30",0.217155286265594,16.6452543629254,1.05786391306992,0.307134858982428,0.999486182046446,-4.69795414887976
"LAMP2",0.118453669713539,23.9253533235655,0.869428763421901,0.398583895008125,0.999486182046446,-4.8003102704664
"RNH1",-0.144678273179395,23.4393170242438,-0.669233302849396,0.513891595919824,0.999486182046446,-4.8897861243251
"CYBA",-0.164598555845185,19.3703266223177,-1.49879053691986,0.162705864946516,0.999486182046446,-4.40804454972378
"EEF2",0.027496110915564,27.021996309717,0.425647090253475,0.676510134658843,0.999486182046446,-4.96957679113341
"KRT10",-2.07188751595628,18.3421086990636,-2.09643076340923,0.0554670814053515,0.999486182046446,-3.9181294002999
"PDIA4",-0.0406534158117395,23.8953071940072,-0.699805541527906,0.494938159157892,0.999486182046446,-4.87757887666815
"P4HA1",-0.0289029825546123,20.0321552069814,-0.457123103549603,0.654242547702457,0.999486182046446,-4.96118124005848
"TPT1",0.256175182972004,22.4719997135973,0.719215929142122,0.483470962408936,0.999486182046446,-4.86937314277453
"ALAD",0.0411475989835886,19.9476271112743,0.284384475182387,0.780082873558364,0.999486182046446,-5.0000638036748
"HLA-E",-0.100506702214917,15.3852860687224,-0.732982211408034,0.485144012779571,0.999486182046446,-4.85818652803789
"LCP1",-0.0202942531932333,16.404079184126,-0.100617664461529,0.921208832730841,0.999486182046446,-5.02175498130046
"PLS3",-0.0997753816288132,20.6431565827177,-1.46265478099504,0.164541468335883,0.999486182046446,-4.42758489160813
"APEH",-0.0407014443208027,22.3272109253686,-0.362965496982814,0.72177927130188,0.999486182046446,-4.98456770813498
"ETFA",-0.0180308440641959,23.056002176556,-0.350687560278965,0.730780711206777,0.999486182046446,-4.98723239459209
"GYS1",0.0361198485656757,20.8782588201751,0.569273566444925,0.577737039143624,0.999486182046446,-4.92663622531765
"PRKAR2A",-0.0412327611716456,21.6796117261602,-0.666467814927957,0.515401691687042,0.999486182046446,-4.89099135483402
"ENO3",-0.779387103481618,21.1587611138023,-0.937745504824045,0.363776238179333,0.999486182046446,-4.76502392854059
"GTF2F2",0.00562861799579295,20.8127256515028,0.0607012100768429,0.952411971710795,0.999486182046446,-5.0237360517759
"CD59",0.134388369404444,17.5115053607229,1.09554277606667,0.29084461131367,0.999486182046446,-4.67554163971656
"MTHFD2",0.0224937482444503,22.1013519554217,0.393251823734351,0.699758761958359,0.999486182046446,-4.97761316784916
"EDN3",0.0365717138616866,14.4732029933513,0.222234279965057,0.827179161240773,0.999486182046446,-5.00970176846048
"MIF",0.322547849228979,25.0181116637689,1.3176959789741,0.208103323992711,0.999486182046446,-4.53161656505086
"HGF",-0.0638951118116928,17.0642962354533,-0.284474356918048,0.780285988628252,0.999486182046446,-4.99994583340224
"PRKCSH",-0.0481286529314033,22.2229967606387,-0.615545389558144,0.547575266703292,0.999486182046446,-4.91031567187831
"IRF2",-0.319741371751137,14.8427045230747,-1.21155641446678,0.257382235230893,0.999486182046446,-4.60333131421378
"FDPS",-0.0332273292911083,22.8352887793017,-0.464268106382143,0.649233841656471,0.999486182046446,-4.95919534602191
"TRIM27",0.00374008035658591,19.1038385272396,0.0576202394337839,0.954824436515402,0.999486182046446,-5.023848242342
"COX7A2",0.0546086147563045,22.6938033373349,0.534926318183646,0.600672432754331,0.999486182046446,-4.93797624655243
"AKR1A1",0.00585278845644766,21.4383843949613,0.0877675549976003,0.931241863552358,0.999486182046446,-5.02249959712558
"PKM",-0.00896090465029431,27.5253271573069,-0.188276727891112,0.853225439597001,0.999486182046446,-5.01397580041466
"ACYP2",-0.196419172798283,18.3203031255032,-1.39175664807556,0.184628208183391,0.999486182046446,-4.47929936999259
"HSP90B1",-0.00235991452338524,25.3086160189783,-0.0599408881304973,0.953007275964689,0.999486182046446,-5.0237642808082
"CCNB1",-0.104582838417997,19.7935594077796,-1.7224586687375,0.105879959956326,0.999486182046446,-4.22518093250524
"MYL6B",0.138676010604783,14.7768086077309,0.491485934878293,0.630315504185181,0.999486182046446,-4.95136042371019
"SNRPB",-0.080640912642103,17.3692349456844,-0.463029666893807,0.650100753038952,0.999486182046446,-4.95954167678089
"IDE",0.00484133357237937,23.1386196632348,0.084265367278328,0.933978449612009,0.999486182046446,-5.02268494726418
"COX6B1",0.0542745578786388,18.998347587582,0.303952145638673,0.765436229160766,0.999486182046446,-4.99654375472988
"POU2F1",0.055658813608563,17.0974038290182,0.486949470989082,0.633450620225475,0.999486182046446,-4.95269590652674
"HNRNPL",0.0153367547994065,23.0233987299055,0.223865089783267,0.825933293320563,0.999486182046446,-5.009478871107
"DARS1",-0.0266377416202559,23.8557977427367,-0.547600283618567,0.592156508532713,0.999486182046446,-4.93386925466332
"JUP",-0.0553288653835544,20.950134992616,-0.935954189538314,0.364368223185392,0.999486182046446,-4.76609546433692
"UQCRB",-0.105935503459172,20.5093675348642,-0.775780634850095,0.450170133635504,0.999486182046446,-4.84479332670569
"CPA1;CPB1",-0.0405431149239917,17.0169351378165,-0.209086357512631,0.837240874765932,0.999486182046446,-5.01143981370023
"GLUL",-0.0575050096849807,18.4517131669411,-0.660016329504422,0.51941718624323,0.999486182046446,-4.89351775634292
"PVR",-0.0400414389841792,16.7524855698626,-0.299243719806207,0.768929027313279,0.999486182046446,-4.99742096197858
"RAC2",-0.297700725887484,17.2441467168618,-0.825095257794932,0.438722843273896,0.999486182046446,-4.81396322228181
"CPN1",0.609510461164176,15.3289387955452,2.35936902964315,0.0325387442511511,0.999486182046446,-3.67063239573556
"GSPT1",-0.0535929676264679,22.7098650095259,-0.920337100320844,0.372203530072514,0.999486182046446,-4.77432429505348
"ARSA",-0.00222491335667385,16.1748815598963,-0.00650609787933165,0.994918920104206,0.999486182046446,-5.0248569484775
"B4GALT1",-0.0281504362580662,18.9915850873912,-0.151810237971785,0.881407780380647,0.999486182046446,-5.01777994172611
"ACP3",0.599404259185157,13.6638781576407,2.68944552713476,0.0321951182639347,0.999486182046446,-3.65225860055834
"EZR",-0.102840857015067,23.18801636879,-0.852505148363599,0.407563229696451,0.999486182046446,-4.80869505528996
"ATP6V1B1",0.0430539521378215,16.6288523258801,0.24410584295588,0.814401063827989,0.999486182046446,-5.00526843906956
"UCHL3",0.263803647622805,18.8105911701391,0.75442649178902,0.462704325312675,0.999486182046446,-4.85419904035514
"HPGD",0.0740003674403873,17.2183389807837,0.242018004768625,0.814442336411164,0.999486182046446,-5.00610881751278
"AREG",0.0210586933432353,16.4144077847312,0.0725349644961584,0.944306556433933,0.999486182046446,-5.02312646447586
"CD46",0.151831423589144,19.6354792096891,0.893259366353985,0.38617009776205,0.999486182046446,-4.78826505211311
"NME1",0.11390924472467,25.5918604701656,1.78980799069308,0.0940299178082122,0.999486182046446,-4.1698518044223
"NQO1",-0.0679164538158368,22.6695631065647,-0.650568035572864,0.525329986194955,0.999486182046446,-4.89717696639153
"GNS",-0.0115623949892729,21.1737460009006,-0.117685287052701,0.907904559329819,0.999486182046446,-5.02060925065667
"ZNF250",-0.042214801949644,12.0274247981042,-0.107520476645456,0.916049494213356,0.999486182046446,-5.0212780209812
"PHKG2",-0.0365978818485608,18.7199282225724,-0.406366313595682,0.690307939064448,0.999486182046446,-4.97443398583977
"ARSB",-0.142491015702365,14.8614014907365,-0.499792412856098,0.629546315478357,0.999486182046446,-4.94621773649636
"RPS2",-0.0293069960779846,24.870444778976,-0.334463880572073,0.742737817902521,0.999486182046446,-4.99061602734948
"CHN1",-0.101747068891822,17.1262708393952,-0.785321293118263,0.444696795713246,0.999486182046446,-4.8404823325662
"DSP",-0.0180310347694039,21.0276196420087,-0.283836314719494,0.78048108158833,0.999486182046446,-5.00016413869258
"RPA2",-0.021168898686085,21.3205376820385,-0.260773432530719,0.797872673939273,0.999486182046446,-5.00400337234678
"MUC1",-0.15481111745914,16.9930985531578,-0.472881201809468,0.644374931618228,0.999486182046446,-4.95615419471977
"COX7C",0.0626798092457541,17.8157453396748,0.373686225610184,0.713954077720324,0.999486182046446,-4.98216791626938
"CD44",0.183733839817819,18.042587328694,1.36883092345369,0.191537719073291,0.999486182046446,-4.49565978487641
"NQO2",-0.0991042868652592,17.3007962946378,-0.714292367201937,0.486995797305581,0.999486182046446,-4.87112526274827
"H2AX",0.311449466641552,11.8123729602741,1.09823299869494,0.294096611746136,0.999486182046446,-4.6731360277157
"ITGB4",0.0188309931726849,18.9065506756586,0.290811682823598,0.775244320214233,0.999486182046446,-4.99893989213884
"CBR1",0.00388489665398239,23.5369142701958,0.0589788033855203,0.953760594570608,0.999486182046446,-5.0237994912118
"ACADS",-0.00386792148730919,17.0450252378122,-0.0394414739928583,0.969067289991091,0.999486182046446,-5.02439132038165
"CREB1",-0.0878414092424791,17.9370343077822,-0.338113601935035,0.740088006729533,0.999486182046446,-4.98984859167726
"GLB1",0.026303675373498,20.0192114500904,0.311502558163759,0.759777839012634,0.999486182046446,-4.99513661091586
"PPP3CB",-0.0114177555684769,17.0992444009077,-0.0727515652821006,0.94298114226575,0.999486182046446,-5.02324118142937
"NCK1",-0.0452851225533237,19.44352037803,-0.649609770996835,0.525931792527562,0.999486182046446,-4.89754538030309
"GCFC2",0.188055687627394,17.3468658828788,1.67388178023552,0.115220099428465,0.999486182046446,-4.26441741137963
"H1-5",-0.0370083802251884,26.0414751635654,-0.250486515036401,0.805687915434149,0.999486182046446,-5.00560503237772
"H1-3",0.0136598897064104,22.946394908968,0.093438676788542,0.926820205286777,0.999486182046446,-5.02218241688021
"H1-2",-0.0681523078227784,23.8194546647129,-0.498797099659124,0.625301765632138,0.999486182046446,-4.94917061702863
"EPCAM",-0.0554609248412881,22.7316355186195,-0.393729497982869,0.699448523024207,0.999486182046446,-4.97748250323143
"POR",-0.0423183602791362,21.7532006924456,-0.874566867073141,0.395826460864502,0.999486182046446,-4.79776349827785
"MGMT",-0.0288730457896555,19.8193209343649,-0.252932063975573,0.803811666728441,0.999486182046446,-5.00523561949836
"FER",0.276403055134276,14.6784640703263,0.685947357255233,0.504148400229298,0.999486182046446,-4.88280158906018
"ATP2A2",-0.0598150174094485,23.0253133023682,-0.686420932847091,0.503095971831711,0.999486182046446,-4.88303549860668
"PLCG2",0.0633522316273947,16.867417911545,0.343816829050286,0.73618474162716,0.999486182046446,-4.98853238281581
"FAH",0.105739409195348,21.1852853204439,1.24746480823812,0.231669670722911,0.999486182046446,-4.57912875383789
"STMN1",-0.0117120700602165,22.2752675112609,-0.0671564666516519,0.947368557051195,0.999486182046446,-5.02348111523987
"YBX3",-0.0202771371096198,21.9802143761754,-0.168463686101729,0.86850672049712,0.999486182046446,-5.01614509880391
"ZNF22",0.0455351855852602,16.0121432322937,0.231406166003304,0.820178583199741,0.999486182046446,-5.00842718384403
"ZNF24",-0.0839868179269629,18.2247046718716,-0.617421186945916,0.546370882499697,0.999486182046446,-4.90962903114592
"ZKSCAN1",-0.216695861416577,15.5949674265376,-1.14352379466163,0.271040924373992,0.999486182046446,-4.64611760423869
"NAGA",-0.0180472607807296,18.3231203225462,-0.105629745722779,0.917299183829036,0.999486182046446,-5.02143706494562
"HMGA1",-0.125200061606559,22.217995850386,-1.0684672921478,0.302484349978247,0.999486182046446,-4.69170969617197
"TMEM11",-0.0429615800131096,20.2858853483032,-0.625414213247854,0.541255132967927,0.999486182046446,-4.90668144850767
"GOT1",0.0162569349581396,23.445373795373,0.219783765459326,0.829052150625978,0.999486182046446,-5.01003366681431
"PRKCA",0.472247121239455,16.5244271068116,1.08387147718458,0.297457003017631,0.999486182046446,-4.68221807414937
"ITGA2",-0.0501963870627904,19.8571257881714,-0.620432419873965,0.54444051002832,0.999486182046446,-4.90852270785606
"UBTF",-0.116812432349398,21.4183575428722,-1.47227736076061,0.1619603470619,0.999486182046446,-4.42043970721422
"NDUFB7",-0.0755520365901354,18.9073790271896,-0.287902491770895,0.777506996615866,0.999486182046446,-4.99942352766232
"PRKACA",-0.196034317951586,18.4340566744853,-1.23156416257408,0.237386014498485,0.999486182046446,-4.58965500852085
"CAPN2",-0.0332780097170087,17.4993055299631,-0.190985368849692,0.851140907783369,0.999486182046446,-5.01366063584451
"DES",-1.36608100276113,15.7656690057353,-3.10514489282898,0.0104325751573597,0.999486182046446,-3.16218733998392
"CEBPB",-0.0754724593802329,17.3600730290192,-0.378595493399997,0.710381739963636,0.999486182046446,-4.98104630260778
"PTPN2",-0.0765189600893983,18.7702433694793,-0.595763235373421,0.560364409501902,0.999486182046446,-4.91743862595452
"AMD1",0.0310071784377755,16.4355275570009,0.225003031445359,0.825286292883041,0.999486182046446,-5.00925336134782
"CTPS1",-0.0756791331658633,22.1970689707445,-0.874946308766974,0.395626588208604,0.999486182046446,-4.79757338397823
"DDX5",-0.0111665034556871,24.6770156334045,-0.24411526968818,0.810504394257171,0.999486182046446,-5.00657676471009
"PFKL",-0.00599048640355804,22.4938498596633,-0.0969795439681825,0.924048054513609,0.999486182046446,-5.0219760874639
"GM2A",0.223448302186895,17.1858673449663,1.02567354478301,0.321572600887773,0.999486182046446,-4.71660573620533
"LGALS3",0.119103518024232,20.1702141016226,0.627392205446493,0.540126799244724,0.999486182046446,-4.9058712971244
"PSMC3",0.0949544884477938,23.0146569066309,1.0958325932872,0.290721841301229,0.999486182046446,-4.67536685700686
"TCP1",0.0223515969269812,24.2780144177573,0.454603659130827,0.656012824144839,0.999486182046446,-4.9618744471355
"PTPN1",-0.0494791779556358,22.6488015187748,-0.689674704950144,0.501105628713111,0.999486182046446,-4.88171782772597
"IGFBP2",0.47852682971061,18.186601100696,4.33739132276745,0.000608012000836917,0.999486182046446,-1.95040608697083
"ERCC2",-0.0267852786479708,19.7227558395602,-0.385688280526111,0.705232923902506,0.999486182046446,-4.97940068781323
"BMP7",1.12693448103473,13.8261028306315,6.0481812835846,2.39632117923075e-05,0.143058408856739,-0.857231415160691
"RPL35A",-0.0172026653420829,24.056702287481,-0.208231222236412,0.837896324701183,0.999486182046446,-5.01154921719257
"ITGB5",0.0296844496239714,16.8708719221151,0.27459963048515,0.787432447944306,0.999486182046446,-5.00174022696398
"ARF4",-0.0519855787433166,23.5874051695469,-0.766372224448585,0.455545378210256,0.999486182046446,-4.84903167640733
"RPL7",0.0732810523886656,25.6664536426609,0.673009090143866,0.511348542735065,0.999486182046446,-4.88840680957918
"VCL",-0.0554617529133274,22.449771370807,-0.606190138487613,0.553603526821467,0.999486182046446,-4.91371119755363
"PTPRA",0.105664219147624,17.1055534853252,0.601633713443868,0.556552514152661,0.999486182046446,-4.91534744807072
"NAT1",0.0643166766903533,17.7369847750973,0.745406068679607,0.467738649765069,0.999486182046446,-4.85827409140751
"SON",-0.0342235550907297,21.0513361418564,-0.625803091733732,0.541006915737336,0.999486182046446,-4.90653714593559
"NELFE",-0.169036895133875,19.761150862696,-1.49620807353586,0.155687301525051,0.999486182046446,-4.4025435624042
"RPL17",-0.0134931720816951,25.0876590468321,-0.25281636546621,0.803899390630942,0.999486182046446,-5.00525352305711
"PGAM1",0.0758598642142587,25.0902570482773,0.318304641535972,0.754805034232471,0.999486182046446,-4.99379355748745
"RCC1",-0.0434353294053693,23.6657267546746,-0.629208521488927,0.538835950464121,0.999486182046446,-4.90526993332379
"SDC1",0.192467966807186,14.6468113644124,1.04048891702663,0.314867923064515,0.999486182046446,-4.70807894999815
"LIG1",-0.0558141656071527,20.4767503267174,-0.832312950550523,0.418504221948957,0.999486182046446,-4.81848817118495
"ATP5PF",0.0698645779473992,17.2005876511044,0.326266654822928,0.748805706256842,0.999486182046446,-4.99226602279973
"XRCC1",0.0238925643034591,20.599504547178,0.476120252263044,0.640963977999186,0.999486182046446,-4.9558360612048
"KRT15",-0.26074354282737,15.2128314123374,-0.303095402351944,0.766818655167504,0.999486182046446,-4.99640719127528
"HDC",0.10183706187571,17.9025513774725,0.848147367798721,0.411995208715625,0.999486182046446,-4.80982133430038
"PLCG1",-0.0738435732281815,20.8408270930938,-1.20145071038552,0.248512489585154,0.999486182046446,-4.60931855421293
"NCL",0.0424070711856608,26.1885821373808,0.509584124658889,0.617881460653655,0.999486182046446,-4.94591511953296
"HK1",-0.0611633934357094,23.6332752767181,-0.937514305442494,0.363591786897381,0.999486182046446,-4.76526703156978
"POLR2C",0.175717759004755,17.9986442854021,2.18202706716902,0.0457133258089103,0.999486182046446,-3.83061489444703
"POLR2E",-0.0589173391789508,20.9501810395906,-0.66240566466047,0.517927953920708,0.999486182046446,-4.89258472097356
"NDUFV2",0.122620740765868,20.7916132422662,0.496539581098854,0.626977482026082,0.999486182046446,-4.9497804837104
"ERCC3",-0.0297462026618618,18.5564056547016,-0.584984294275425,0.567399734361761,0.999486182046446,-4.92122844490784
"TRIM21",-0.0759668683447536,16.2101104380327,-0.232416392392158,0.819419558474668,0.999486182046446,-5.00828013362819
"EIF2AK2",0.019097419298113,20.5027933145418,0.349036019331579,0.73199468692612,0.999486182046446,-4.98758400020438
"SRM",0.0294180507184336,24.2718863568364,0.235556326673128,0.817016065323236,0.999486182046446,-5.00783368791123
"SLC9A1",0.00503739792825897,18.0634750339338,0.0800901705239257,0.937242043940392,0.999486182046446,-5.02289606766823
"CSNK2A2",-0.0336590942430135,20.1415923525418,-0.526256841328726,0.606532664295955,0.999486182046446,-4.94073319475795
"RXRA",-0.0242724432898598,18.7154253981947,-0.257774726470045,0.80014236784737,0.999486182046446,-5.00447899562785
"AOC1",-0.204920569786072,14.8757451119901,-0.474818547934688,0.643686716204307,0.999486182046446,-4.95525131596104
"ITIH2",0.393590560072944,23.6692258473362,2.31809165049977,0.0353869569995489,0.999486182046446,-3.70979799229208
"ITIH1",0.238764527080569,16.1274002580265,1.35889307867227,0.194597432324856,0.999486182046446,-4.50269498204561
"NFKB1",0.0763855326191525,18.4370110087645,1.59978291742207,0.130841667462689,0.999486182046446,-4.3230989163396
"ATP2B1",0.020320115534723,20.1505518907378,0.313179052181642,0.758529187800903,0.999486182046446,-4.99481721045285
"EIF2S2",-0.116254002932056,23.0293523075207,-1.12409995110864,0.27893187796493,0.999486182046446,-4.65814659980667
"ANXA7",-0.0785825492501466,22.3573210730586,-0.734788042769585,0.473989294985833,0.999486182046446,-4.86286717250351
"TBP",0.187381346001985,17.2081057750989,1.55889242386434,0.140215178437316,0.999486182046446,-4.35483745087543
"CCNA2",-0.20490319861468,16.7731359361422,-1.31346054860244,0.209092244341845,0.999486182046446,-4.53441059390445
"BTF3",-0.0235523811527294,22.1416360767871,-0.298350980117991,0.769596865258022,0.999486182046446,-4.99758379836985
"RAB3A",0.132142980047135,17.2229452209021,0.94870894163011,0.35805399928413,0.999486182046446,-4.7592887385379
"RAB4A",0.0186002190129884,18.8036668056397,0.146626430045589,0.885412062057727,0.999486182046446,-5.01825829824678
"RAB5A",-0.0400732041591745,21.9716094148378,-0.514379251615345,0.614606998355935,0.999486182046446,-4.94444100471138
"RAB6A",-0.0393234948911996,22.0669924297537,-0.370459644819335,0.71630575461177,0.999486182046446,-4.98289732906746
"MSH3",0.0429158693456806,18.7871083913006,0.625002290452449,0.541518127646464,0.999486182046446,-4.90683421161159
"PSMB1",-0.0330901744151433,23.9088241742283,-0.359922509532978,0.724006304592279,0.999486182046446,-4.98523646497304
"M6PR",-0.0282482858315696,19.6919941220565,-0.185755452273209,0.855182489015353,0.999486182046446,-5.01426103757065
"COX5A",0.362255631464627,19.2782320823217,0.720909025633243,0.482459729570081,0.999486182046446,-4.86865840774839
"LMNB1",-0.0635540386348019,23.6993994386501,-0.778661290892331,0.448491076641371,0.999486182046446,-4.84350827238311
"PZP",0.159998075487291,19.6948913566733,0.837187158459827,0.4160023834125,0.999486182046446,-4.81606611700895
"BCL3",0.178067105129934,17.6575665579973,0.357165261230766,0.727459132708533,0.999486182046446,-4.98519546605582
"CAST",-0.0621015608396362,18.0818471887903,-0.551773400024526,0.589365938739372,0.999486182046446,-4.93249710582689
"IMPDH1",-0.00728751612525969,22.0870790483868,-0.115343236617225,0.909728601561243,0.999486182046446,-5.02077704936964
"NEB",0.0317382699621653,20.4475038971477,0.0971096811323596,0.924070549391703,0.999486182046446,-5.02195076368526
"AGA",-0.120828767208732,18.6791556275091,-0.905221727349843,0.379896206718515,0.999486182046446,-4.78217734960093
"RASA1",0.0320284098316286,19.0672568900756,0.572209684891893,0.575797715909423,0.999486182046446,-4.92563607086486
"PTMS",-0.277779813245377,21.2484131821045,-0.565044340700337,0.580705607630767,0.999486182046446,-4.92797398434837
"CDK11B",0.147784067590116,18.0278096525423,0.434090822819454,0.671644885398936,0.999486182046446,-4.96680596467997
"GSTM3",-0.0315402104282541,26.2050024443995,-0.317993442848528,0.754947310284459,0.999486182046446,-4.99389063868793
"ATP6V1B2",0.0319606504365701,21.1332586739659,0.519863730204764,0.610872172778386,0.999486182046446,-4.94273890023586
"ATP6V1C1",-0.0200418127226349,21.0591479320642,-0.284432290751029,0.780033218157878,0.999486182046446,-5.00006068193614
"CSRP1",-0.0530280577616509,22.4329880515569,-0.637595939471812,0.533509597036017,0.999486182046446,-4.90212173328108
"FLNA",-0.026048351215568,24.9809437179808,-0.569401951399064,0.577652169188901,0.999486182046446,-4.92659259342716
"NF1",0.00468814149995467,17.9841462889838,0.0562450874765068,0.955901358457249,0.999486182046446,-5.02389643250597
"MAOA",-0.0619983734419698,17.6818072532921,-0.157925363705533,0.878706639973877,0.999486182046446,-5.01673486443327
"ACO1",0.0299196864471618,20.1152061017528,0.503435030790117,0.62209280498773,0.999486182046446,-4.94778625670031
"TAF1",-0.124253474756486,17.2418983926189,-0.810279596757152,0.431579806961496,0.999486182046446,-4.82847287341265
"EPHA1",-0.0490316546639171,16.899674982737,-0.181167461715315,0.859981171295456,0.999486182046446,-5.01445274779117
"MDK",0.203046670283237,12.3224491048131,0.80481411701071,0.436908632871051,0.999486182046446,-4.82986395543186
"VDAC1",0.0103510271690617,25.4137432759731,0.152870048977091,0.880572287721021,0.999486182046446,-5.01768386364274
"BGN",-0.301117066865569,17.05887226034,-1.52965543500572,0.171516168157481,0.999486182046446,-4.40225068970202
"ERBB3",0.130550711178493,16.6273333816728,0.955785244819635,0.355683418348287,0.999486182046446,-4.75505992224885
"SDHB",0.0796509353665407,20.7987274218687,0.768131619370086,0.454531218456191,0.999486182046446,-4.84824569628945
"CD9",-0.235200474732071,21.3078039456787,-1.10867280930628,0.285672500576337,0.999486182046446,-4.66753057944106
"BCKDHB",0.0163299139045066,18.4462628045089,0.0915035649875794,0.928326885747124,0.999486182046446,-5.02229312214296
"COMT",0.085321414285449,23.1727874284572,0.764206617994296,0.456795617776459,0.999486182046446,-4.8499969212809
"TGM2",-0.350816458596926,15.2088909328193,-1.18325906280652,0.267854639521814,0.999486182046446,-4.62082339250794
"MMUT",0.0460526506268977,19.3783344727662,0.661005433411445,0.518800398503385,0.999486182046446,-4.89313188656988
"OSBP",-0.0515032061761822,20.8246984947384,-1.03198796764468,0.318702521588453,0.999486182046446,-4.71298360451949
"PCMT1",0.148365445221579,22.1773517276748,0.616038798494018,0.547445266532981,0.999486182046446,-4.91002985953016
"FBL",0.173975747418925,22.1185358199933,2.23051412171012,0.0416864326652869,0.999486182046446,-3.78716289097888
"GART",-0.00597616966090087,23.4499006345026,-0.109778519072596,0.914064619648102,0.999486182046446,-5.02116224517466
"CDH3",-0.0835542276519945,16.8263704169097,-0.520358864286128,0.610535543403532,0.999486182046446,-4.94258439270242
"PAICS",-0.0720305049017256,24.1497144055702,-0.712364327658596,0.487355130261569,0.999486182046446,-4.87237198561637
"SCP2",0.0234169432080122,21.569490738116,0.218278417512683,0.830203258836719,0.999486182046446,-5.01023574381791
"UBA1",-0.0701252832898085,24.7138255588087,-0.991160591675056,0.337588614974989,0.999486182046446,-4.73608381036073
"NME2",0.121627771491486,23.9148052255081,0.52998549414117,0.60416594649633,0.999486182046446,-4.93946640567078
"ENPP1",0.0244354735565047,16.6139298339498,0.189374394186574,0.852380553739462,0.999486182046446,-5.01384861994383
"USF1",-0.0675425186368379,15.5559624186781,-0.131077954986844,0.897648064399485,0.999486182046446,-5.01955422605412
"FGFR4",0.0241980888810396,15.6901678577069,0.105983628023588,0.917547030441854,0.999486182046446,-5.02133310429509
"FDXR",-0.0454739861553151,21.066725735746,-0.828474868595789,0.420605279700871,0.999486182046446,-4.82032651583541
"HNRNPA2B1",0.0774191471197234,26.824592201584,0.862274306747632,0.402338032235797,0.999486182046446,-4.80388414847014
"RFX1",-0.0301443661478338,17.7452564484526,-0.316072245561652,0.756375977020416,0.999486182046446,-4.99426205241369
"CALB2",0.0796420247475673,17.371652422816,0.872810615601686,0.412732695066021,0.999486182046446,-4.79137426585524
"CBL",0.000835188193761383,18.8351966389707,0.0107608783356732,0.991558418428478,0.999486182046446,-5.02483455050821
"IGFBP4",-0.103521971899749,16.5503870724389,-0.555442418394778,0.588205348546986,0.999486182046446,-4.93056717504399
"PRKACB",-0.0510635801570913,18.335342191394,-0.421048195984857,0.67979057672533,0.999486182046446,-4.97075509991587
"UQCRC2",0.0276749298092298,22.1115198496887,0.493549408613774,0.628891877172204,0.999486182046446,-4.95074905155861
"FECH",-0.0422704189075382,19.98065497136,-0.766847180414855,0.455271463061135,0.999486182046446,-4.84881965588802
"FBLN1",0.240865007141842,20.3037716785995,1.81977937040306,0.0891444567012791,0.999486182046446,-4.14490340917446
"TCEA1",0.00681146546878963,22.1878929477054,0.0540655150643584,0.957608427020823,0.999486182046446,-5.023970429332
"SFPQ",-0.069045656766459,24.0504595668384,-0.915335927006916,0.374736905346983,0.999486182046446,-4.77693478732926
"TUBG1",-0.0644699820181529,20.1613053461383,-0.553141437752779,0.588452589421675,0.999486182046446,-4.93204514936958
"PPIB",-0.00780925256576381,25.7196666768642,-0.156893823410986,0.877455833624927,0.999486182046446,-5.01730102862053
"ME2",-0.0591621052575277,20.3113152971005,-0.789897668608652,0.442101336808674,0.999486182046446,-4.8383898609979
"WARS1",-0.0221771484842961,22.9249777559258,-0.338247481878569,0.739942972474441,0.999486182046446,-4.9898409236513
"RPS3",0.00454456446716733,26.3735531921333,0.0930521235200527,0.927114247472495,0.999486182046446,-5.0222056531786
"GCSH",0.211325023121255,19.338665599086,0.661055599283924,0.518971947396851,0.999486182046446,-4.89299834464809
"RPS6KB1",-0.0436190777597503,22.4500797213412,-0.433182520225648,0.671149682660669,0.999486182046446,-4.96761939557389
"JAK1",0.119925131690863,17.4678356904972,1.43093358305816,0.17329323699762,0.999486182046446,-4.45092815398152
"PTPRD",0.251453458946937,18.9150558367042,0.693436563568672,0.499828637224166,0.999486182046446,-4.87962100037383
"SP100",-0.175595216665512,16.0513230724307,-0.847844342792071,0.425560926914355,0.999486182046446,-4.80362054340643
"NFYA",-0.0146312587316864,17.3396201369806,-0.0447970841041652,0.964923456383036,0.999486182046446,-5.02424892293846
"AHCY",-0.0120747945600392,25.9434707234137,-0.256607598635053,0.801026262012821,0.999486182046446,-5.0046626450506
"CFL1",-0.0334643489699999,27.069690732192,-0.243166240875657,0.811234757648026,0.999486182046446,-5.00671531723711
"EIF4B",-0.0454604692358771,23.4856435902463,-0.477214671033485,0.640202798765215,0.999486182046446,-4.9555217793087
"F8A3",0.019743714265271,17.8519147795583,0.181648869925705,0.858330890547479,0.999486182046446,-5.01472812775024
"ATP2B4",-0.136867733698384,17.1108626680028,-1.08813658653239,0.293995032459883,0.999486182046446,-4.67999585707741
"ITPKA",0.326586360147299,13.7873149776313,1.96120851294944,0.0762659767287822,0.999486182046446,-4.05657771218096
"GATA3",-0.0755304707490225,20.2171996670979,-0.370221511788273,0.716584425270343,0.999486182046446,-4.98290278154591
"CPT2",0.00351093443777728,20.3897246086193,0.0605581064580289,0.952524014376755,0.999486182046446,-5.02374139205256
"DTYMK",0.0264296491108453,22.0206273244996,0.451002100394342,0.65854715105725,0.999486182046446,-4.96285899837497
"RRM1",-0.0109246932381986,22.3934234322487,-0.204373806077081,0.840854521018108,0.999486182046446,-5.01203719652064
"COX7B",0.0781538860169348,18.8001741645876,0.459248184316792,0.652783217380658,0.999486182046446,-4.96057698275164
"CCND1",-0.0871146657838047,17.7916259851421,-0.570227282832918,0.577106731712078,0.999486182046446,-4.9263118823699
"CHM",-0.0437949083670013,17.3723640143567,-0.40016018222722,0.694773798169666,0.999486182046446,-4.97595106105703
"KDELR1",-0.335767454525758,20.1353046023554,-0.901609530997476,0.382037785108575,0.999486182046446,-4.78391195432511
"NR2F2",-0.0125614583157905,16.540745557671,-0.0680032282685097,0.946696305547772,0.999486182046446,-5.02344684104225
"EEF1B2",0.119970300926685,24.8967393121755,0.946484176446142,0.359149863169712,0.999486182046446,-4.76048155716175
"ATP5PB",-0.0140255389390269,22.8414119989504,-0.339755237338702,0.738830287002923,0.999486182046446,-4.98952967050863
"ACP1",0.115990084921481,23.1579675600967,1.49891785751565,0.154989966174295,0.999486182046446,-4.4005058576801
"ACAT1",-0.0434414893080159,22.5101013407973,-0.815890899302446,0.427541899884195,0.999486182046446,-4.82630183348436
"CCNC",0.098832910605676,18.3405883948029,0.81328384028007,0.428988135860324,0.999486182046446,-4.82752974496418
"POLR2A",0.0200768765999371,18.6474854403772,0.277599324679551,0.785172846496883,0.999486182046446,-5.0012340100068
"CDK2",-0.0260886938548168,20.9303374223429,-0.354977924298603,0.727630537567237,0.999486182046446,-4.98631142368195
"APC",0.190967617440409,14.5781075425634,1.26857017905872,0.224249590035693,0.999486182046446,-4.56500650855346
"GRK2",0.0527852929494159,19.7826029289492,0.739202561687394,0.471384404176802,0.999486182046446,-4.86096475003217
"MCM3",-0.0254222079876563,23.7169328816201,-0.452893622847255,0.657215591231168,0.999486182046446,-4.962342854683
"MPST",0.0293674975159135,20.2246586958549,0.259824882396252,0.798590420129997,0.999486182046446,-5.00415440853147
"RPS12",-0.0601473904521441,23.5795977131994,-0.411757606678781,0.68647475139046,0.999486182046446,-4.97307978135269
"BRD2",-0.0202346341285953,18.4586066078902,-0.280191402678289,0.783221901410985,0.999486182046446,-5.00079221708106
"YY1",-0.0500541906229408,19.5130209910014,-0.538714973088234,0.598120347235077,0.999486182046446,-4.93675805392106
"DNAJB1",0.0330045697116716,21.7764103462677,0.42481056385039,0.677106336389369,0.999486182046446,-4.96979204198278
"DNAJB2",-0.00884894895665056,17.4869374484174,-0.0971548265429099,0.923911237591204,0.999486182046446,-5.02196562103605
"ATP5F1A",0.0194103048753185,25.5847491273133,0.292537979446598,0.773950031811686,0.999486182046446,-4.99863239602663
"PSMA1",0.00120411286875566,24.4704790819301,0.0196122857782809,0.984615494721038,0.999486182046446,-5.02475178603744
"PSMA2",0.056137717961942,23.0152055362037,1.1370050829535,0.273670135212284,0.999486182046446,-4.65017222132853
"PSMA3",-0.0704420866881996,23.4643887039787,-0.921754945518585,0.371487449045962,0.999486182046446,-4.77358202940427
"PSMA4",-0.0405581884456119,24.405816213534,-0.501687212359316,0.623292344500267,0.999486182046446,-4.94831416320647
"NPY1R",0.0515033110107375,18.3426633831869,0.423982809773205,0.684760500484752,0.999486182046446,-4.96647074966289
"NFKBIA",-0.0318978120650435,18.1622602967649,-0.195145576401468,0.847941512493724,0.999486182046446,-5.01316786949704
"ITGA3",0.0339003764986998,18.5075051371589,0.356729146297641,0.726346169164497,0.999486182046446,-4.98593236499874
"DDX6",0.0116131258382737,22.1923618148749,0.287671463708565,0.777600461662193,0.999486182046446,-4.99949465171541
"CTNNA2",1.03737689523088,19.1283290976253,1.61459151395599,0.129589939370827,0.999486182046446,-4.31467130811586
"DNMT1",-0.0593528637714051,21.4746301548409,-0.952224499231829,0.356327063511521,0.999486182046446,-4.75739909249822
"U2AF2",0.00680401851156986,23.934812736144,0.0538211078050977,0.957799863415533,0.999486182046446,-5.02397854476734
"RPL13",0.0366367392132219,25.3487614118173,0.510500335901737,0.617255153460734,0.999486182046446,-4.9456344723938
"IVD",-0.0691757400103405,21.7626311142582,-0.972575310135971,0.346444255519127,0.999486182046446,-4.74634627773462
"S100A4",-0.0818859774900353,18.710651792721,-1.11923677136523,0.301276290386888,0.999486182046446,-4.65830307470669
"MGAT1",0.000872084035126619,18.8547902073791,0.0147426284555265,0.9884350656338,0.999486182046446,-5.02480328834821
"HMGB2",-0.00683685602088602,23.7116166731139,-0.053706612370646,0.957889544955411,0.999486182046446,-5.02398233389764
"PTBP1",0.0773555668562871,24.2820687754497,0.76250048254048,0.457782095399903,0.999486182046446,-4.850755658868
"TARS1",-0.0655150705032916,23.7498617861938,-0.758721730842904,0.459971642963761,0.999486182046446,-4.85243072865332
"VARS1",-0.0416014499033572,22.4999724253847,-0.684044024473483,0.504552845847232,0.999486182046446,-4.88399447845047
"EEF1G",-0.00313073915316409,26.1161418147925,-0.059189285608802,0.953595781696837,0.999486182046446,-5.02379183663101
"FKBP2",0.0568937902584246,21.4595711966213,0.527543068329013,0.605661442400197,0.999486182046446,-4.94032686094981
"STOM",-0.0119144143954699,21.0049440419587,-0.165048416783321,0.871146503071024,0.999486182046446,-5.01649482168844
"AK4",0.160126663238785,18.1671332760049,0.415638478099326,0.68377732193505,0.999486182046446,-4.97206655749986
"MAOB",-0.169936472310855,18.4878449335753,-1.92736165254447,0.0968285740954747,0.999486182046446,-4.13740070661168
"YWHAQ",0.0273456270344354,23.4648086263785,0.296072830495083,0.771301950939467,0.999486182046446,-4.99799716716537
"MAPK3",-0.030217548049059,22.6220023792623,-0.484006258840806,0.635488552301748,0.999486182046446,-4.95355602951772
"MARK3",-0.0675660972535148,18.5975996806014,-0.803891493555203,0.434224424581255,0.999486182046446,-4.83192488376363
"ATP6V0C",-0.153295064492056,19.2721331353614,-0.191994793644437,0.850416635087844,0.999486182046446,-5.01352793634564
"ARNT",-0.0156558130871254,18.2203635594671,-0.262330998796451,0.796694508748164,0.999486182046446,-5.00375418523598
"RPL10",-0.0551295053297842,24.2981442558376,-0.358540534272696,0.72505005335382,0.999486182046446,-4.98552423986584
"RPA1",-0.00574718871205349,21.4026488992909,-0.091670873094264,0.928192896166961,0.999486182046446,-5.02228413842313
"APEX1",-0.00886497203672931,23.4198351677205,-0.0856468984532641,0.932898825460958,0.999486182046446,-5.02261273099457
"CD82",-0.0544205939462969,16.4756953866414,-0.270414728540333,0.791962022662219,0.999486182046446,-5.00193745939078
"DCK",0.0196171337057542,19.8406510185458,0.321367151952542,0.752440749238982,0.999486182046446,-4.99323307941085
"CAD",-0.024167757671389,23.47770463952,-0.505389172973731,0.620752975541715,0.999486182046446,-4.9471939639114
"CALR",0.0149643223158158,24.5044923070506,0.120857008636251,0.905435207133863,0.999486182046446,-5.0203766470296
"MAP4",-0.0648201913010347,21.3329535693383,-1.15301148501061,0.267248438490234,0.999486182046446,-4.64018465836645
"CANX",-0.0334700912361754,25.3866373923128,-0.264686368020043,0.794913846655554,0.999486182046446,-5.00337458047621
"PIK3R1",-0.014257524030004,16.5974944758356,-0.059528944072518,0.953329825204394,0.999486182046446,-5.02377942684584
"PSMB8",-0.0510065380332989,17.8559522321734,-0.633779297267896,0.547089093245501,0.999486182046446,-4.89729667559308
"PSMB9",0.0851536367681867,18.0693917564129,0.553664023635607,0.591137685270542,0.999486182046446,-4.93018784988592
"PSMA5",0.21691140487119,23.6603070808508,1.01423328039521,0.32714373193449,0.999486182046446,-4.72302236098537
"PSMB4",-0.0121895411908532,23.2151986412038,-0.0849446474997967,0.933454681249747,0.999486182046446,-5.02264870747081
"PSMB6",-0.0768276802352155,23.4487782246803,-0.88637147868217,0.389639887017668,0.999486182046446,-4.79181586438845
"PSMB5",-0.0389409539665664,23.1344399354334,-0.692437740066185,0.499419093969601,0.999486182046446,-4.88059443488957
"GSTM2",0.119129629946626,14.3927966521887,0.503072942977751,0.622341217419016,0.999486182046446,-4.94789576427874
"ABCD3",-0.0221588491934028,20.0121720755768,-0.458880466674092,0.65300901386229,0.999486182046446,-4.96069553652486
"NDUFS1",-0.037686107197036,21.9879110822642,-0.421080558277389,0.679767468837387,0.999486182046446,-4.97074685138626
"POLD1",0.0429615586955769,19.9865377251872,0.587504822456537,0.565750427204535,0.999486182046446,-4.92034803176075
"TEAD1",-0.00387266312936774,17.787163513852,-0.0312027065232732,0.975526162432033,0.999486182046446,-5.02457047899857
"SMARCA1",-0.0112604655822786,17.0775709543696,-0.10699186650309,0.916237045547491,0.999486182046446,-5.02134800107281
"MAPK1",-0.02595475720954,22.4240657104811,-0.401525015137874,0.693790669108389,0.999486182046446,-4.97561937128972
"GCA",0.174470492949009,20.3295882484952,0.62143720734052,0.543986054296217,0.999486182046446,-4.90804596089028
"RXRB",0.0822661058381797,17.9175129617793,0.885163120769542,0.390270167082869,0.999486182046446,-4.79242781885946
"ERCC5",0.0262480775778506,15.8942847348077,0.181535776441344,0.858418064176556,0.999486182046446,-5.01474073256493
"RBL1",0.0113702262557638,19.9391659512298,0.0361462428693379,0.971696381557582,0.999486182046446,-5.02446554267756
"GRN",-0.207102605272635,19.3240523750487,-0.876795619546655,0.394932316962815,0.999486182046446,-4.79651760527141
"LAP3",-0.00745376193216174,23.0634317930884,-0.128871084803923,0.899200383973261,0.999486182046446,-5.01976144301919
"GTF2E1",0.0879138976392007,18.2421658827075,0.859498768586827,0.403818047614789,0.999486182046446,-4.80525579952086
"GTF2E2",-0.0653703475575007,18.7886661728272,-1.02000453713154,0.324165154805254,0.999486182046446,-4.71984232569187
"TPP2",-0.0448993318982716,19.9446228621004,-0.980264494959707,0.342760816717619,0.999486182046446,-4.74211985008008
"IMPA1",-0.0944991939300088,19.281009310721,-0.941539560990487,0.36159378507429,0.999486182046446,-4.7631242530745
"EPHA2",0.0848335610431086,17.3089240757432,0.710036901406575,0.488755189415247,0.999486182046446,-4.87334327328403
"PTPN6",0.0284971248206496,19.5402872821166,0.580520940831689,0.570326555533751,0.999486182046446,-4.92277879353657
"SHC1",-0.0753593403038657,18.3131532577414,-0.623808650147773,0.542280612467482,0.999486182046446,-4.90727635104304
"MPG",-0.0700808870620087,20.3318077059883,-0.714113061857108,0.486304757345246,0.999486182046446,-4.87164030720106
"CRABP2",0.0340162642129016,22.9158717641333,0.461024976963288,0.651505150869898,0.999486182046446,-4.96010040943333
"ARID4A",-0.0658579515315552,16.7335897857406,-0.546031409824736,0.593207346940373,0.999486182046446,-4.93438257015606
"KDM5A",0.0871557899356077,15.754932090042,0.581764863448888,0.569510061253932,0.999486182046446,-4.92234783310751
"TKT",0.0174287469725769,25.3507872902423,0.27810984184346,0.784788483921201,0.999486182046446,-5.00114731750124
"PML",-0.0659727046519158,18.7110025709541,-0.799525480432499,0.436672333256083,0.999486182046446,-4.8339526669456
"TYK2",0.0444096168649288,15.9434521363115,0.311279417164555,0.759944086473707,0.999486182046446,-4.99517899618461
"EEF1D",0.0666037471102285,25.1436940830961,0.488813085060539,0.632183310823298,0.999486182046446,-4.95213723991681
"OAS2",-0.129094041555732,17.7960289100583,-0.990000660797329,0.356322337486697,0.999486182046446,-4.7306771059201
"MARCKS",-0.1169534596029,20.172719863636,-1.43257634219827,0.172830747998824,0.999486182046446,-4.44972732149998
"GNA11",-0.0843921337305105,20.7095238014183,-1.18367290034572,0.255267816584231,0.999486182046446,-4.62075753229396
"ALDH4A1",-0.0246892798985954,20.4265601617477,-0.360925845847487,0.723271718984874,0.999486182046446,-4.98501656852684
"PBLD",0.355765839594607,17.7123814538544,2.10243318395673,0.0531145745299792,0.999486182046446,-3.90136301910416
"ERP29",-0.00102619189897979,23.8049487831282,-0.0151894262074899,0.988084601086642,0.999486182046446,-5.02479917125992
"PRDX6",0.141460675236555,26.3107979966718,1.10061920772815,0.288699740053687,0.999486182046446,-4.67247492054883
"BLVRB",0.065407662460867,24.5859990962217,1.4590098116029,0.165528069773871,0.999486182046446,-4.430283725604
"PRDX5",0.114745085712773,23.9460434926501,1.19993588934038,0.249082671307017,0.999486182046446,-4.61029819949265
"DDT",0.276027544826249,22.2850239529604,0.351522597023388,0.730266387480225,0.999486182046446,-4.98701008666727
"GCHFR",-0.0313434398369559,17.3520050327495,-0.176609423161057,0.862217183180774,0.999486182046446,-5.0152822268159
"PRDX3",0.140232834262015,23.9128967776529,1.09695672224671,0.290246011125388,0.999486182046446,-4.67468857597644
"ATP5F1D",0.309102922398608,19.4489750820411,0.746965003446001,0.467058559993433,0.999486182046446,-4.85746878335218
"RPL12",0.0458736855152466,25.5522958711751,0.827477939160529,0.421152140013307,0.999486182046446,-4.82080280733826
"ECHS1",0.037515065391645,23.2469512881282,0.767676600894134,0.4547933678476,0.999486182046446,-4.8484491219214
"CMPK1",0.0654723281204177,21.8780813082417,0.929669845947345,0.367507387364605,0.999486182046446,-4.76942076340201
"PEBP1",0.124870943356939,25.4936641185529,1.14086526953843,0.272110879446865,0.999486182046446,-4.64777334188933
"PDIA3",0.0351591458131537,25.5095962326541,0.382917221229344,0.707242741820616,0.999486182046446,-4.98004714165867
"PPP2R1A",0.0675040697233023,22.77579271398,0.40236239215805,0.69324064520551,0.999486182046446,-4.97538977842262
"PPP2R1B",0.0907855268850817,17.2800181374621,0.581240692831643,0.569854044766112,0.999486182046446,-4.922529538729
"CDC27",-0.0677682922021177,19.4261428474551,-1.04956539944464,0.31081079301118,0.999486182046446,-4.70280660890104
"CCND3",-0.107318312061757,18.3137178695901,-0.840711157207277,0.413930689386304,0.999486182046446,-4.81443984616122
"CDC25B",-0.0972584855700269,16.1778754923476,-0.472884924971075,0.644957854216414,0.999486182046446,-4.95584496542713
"PPIF",-0.05219905656352,22.0810465579516,-0.512492835404712,0.615894174323756,0.999486182046446,-4.94502249069841
"NKTR",0.123572704660425,15.8573734969635,0.812624617311428,0.42935432923539,0.999486182046446,-4.82783968981064
"NMT1",-0.0521354117304718,22.0059587730115,-0.792016084838411,0.440903139546062,0.999486182046446,-4.83741761255809
"HMOX2",0.0533496713408503,19.9986499241978,0.482503605530092,0.63653019437319,0.999486182046446,-4.9539932432369
"ADSS2",-0.0479770830710429,21.3763507502901,-0.446533814929915,0.661697400645123,0.999486182046446,-4.96407002043215
"LRPAP1",-0.0138567870266542,20.5330584431259,-0.136683062607788,0.893129393447968,0.999486182046446,-5.01912387422094
"TSPO",-0.245395993870449,19.8134599905687,-0.940638368766176,0.362340815709362,0.999486182046446,-4.76348496731828
"ADSL",-0.0197528557483118,20.3577599220282,-0.318961289186233,0.754227937479369,0.999486182046446,-4.99370269467951
"CLIP1",-0.0181940788143784,17.9008030735898,-0.205246238778492,0.840185246092446,0.999486182046446,-5.01192762205803
"SRI",0.0539381480146801,18.5682007314061,0.327600449561421,0.747817198704429,0.999486182046446,-4.9920002781098
"GSTT1",0.0547365569351932,19.2478961582086,0.374766178421215,0.713167628093181,0.999486182046446,-4.98192240298386
"SERPINB1",-0.0244017620656578,20.3465575984318,-0.365630291109485,0.719831157821748,0.999486182046446,-4.98397755973463
"GCH1",-0.180766063569964,16.5337109004592,-0.689585585992889,0.501160081648948,0.999486182046446,-4.88175399357298
"SLC7A1",-0.0671240485775684,21.1870314650212,-0.397487445862221,0.696752860911101,0.999486182046446,-4.97657241472314
"ALDH1B1",0.047060293330194,20.4727355944876,0.46310676149858,0.65004677129576,0.999486182046446,-4.95952014309825
"POLR2B",0.0323118682386756,20.2651356436491,0.589297754772115,0.564578771732041,0.999486182046446,-4.91971961244728
"SDHA",-0.0555104030508673,22.3961981958913,-0.856670263426671,0.405330005005711,0.999486182046446,-4.80664969882482
"CORO1A",-0.0977134569874636,19.6814296082661,-0.98637886989286,0.339851569110109,0.999486182046446,-4.7387394630713
"GDI1",0.022037399810479,21.9956698108037,0.225554301451183,0.824643319209984,0.999486182046446,-5.00924628980324
"S100A7",-0.144544389923954,20.0191130544764,-1.20435943394181,0.268972159242622,0.999486182046446,-4.60801051090701
"MAT2A",-0.0844364086310918,23.1298320162627,-1.13581213034142,0.274153369332695,0.999486182046446,-4.65091230980069
"PRKAR1B",-0.0706830097802893,20.0308876228588,-0.87474587507637,0.395732159184852,0.999486182046446,-4.79767381747849
"PRKAR2B",-0.00335668343408813,16.2088829309634,-0.0107753982758169,0.991569886637406,0.999486182046446,-5.02483409075014
"CPS1",-0.490501439786579,16.312278460182,-1.02064994613058,0.325417066372521,0.999486182046446,-4.71901115267901
"RRM2",-0.0278911612234261,22.7443416544765,-0.53637353032341,0.599696930934707,0.999486182046446,-4.93751187366039
"SDC4",0.00275915757488931,18.6833347905128,0.0145937152281358,0.98855308562766,0.999486182046446,-5.02480460714456
"TIA1",-0.0280906579940883,20.2171675704736,-0.440864904057531,0.665703653912556,0.999486182046446,-4.96558974570592
"SLC6A6",0.0530505695255137,18.550231425548,0.646096188314939,0.528141707750368,0.999486182046446,-4.89889193244986
"DNAJA1",-0.0323333451450267,22.5055803373277,-0.496155915390617,0.627095778402074,0.999486182046446,-4.94997329703298
"AKT1",0.0249236000805517,20.5946200867598,0.382382900362092,0.707630538554367,0.999486182046446,-4.98017127112641
"AKT2",-0.0991946272917303,19.2311081513903,-1.26343879938036,0.226036183485078,0.999486182046446,-4.56845572872121
"UQCRC1",0.018278428486795,23.0197674237415,0.444394770819589,0.66320782803386,0.999486182046446,-4.96464565190182
"HIBADH",0.132042072315013,19.2796889993048,1.5301403244463,0.147142550669495,0.999486182046446,-4.37686533800949
"ATIC",-0.00182626194163404,24.0985598449251,-0.030917403679459,0.975749863195621,0.999486182046446,-5.02457593469187
"HNRNPH3",-0.0270650906016527,22.8683478700599,-0.37550238186876,0.712631698554509,0.999486182046446,-4.98175464146938
"HNRNPH1",-0.0479638975861434,23.5606206272862,-0.289863309624084,0.775992653486294,0.999486182046446,-4.99909386524501
"YWHAB",-0.00460986752981185,24.4575906158035,-0.0653350665688017,0.948784479196375,0.999486182046446,-5.02355632053603
"SFN",0.21688529573748,21.1196217571272,0.945437706007721,0.359968080292474,0.999486182046446,-4.76092307404568
"STIP1",-0.0418947490698045,24.5125675650329,-0.428611838271732,0.674398930744984,0.999486182046446,-4.96881062570425
"S100A11",-0.296579126910409,23.4362888042083,-0.933634591902433,0.365822809963061,0.999486182046446,-4.76720406073914
"L1CAM",0.129637172396507,19.749101291672,1.43366185913183,0.172525699716615,0.999486182046446,-4.44893333755975
"INPP5B",0.0672221273864935,17.1528752678591,0.336150040826733,0.741491830788062,0.999486182046446,-4.99027165637189
"PRDX2",-0.00137211296906514,25.1987447473888,-0.0142638511755286,0.988810617398357,0.999486182046446,-5.02480756369944
"ARRB2",0.00683147151876895,18.1621406144738,0.0697071718879758,0.945362964976774,0.999486182046446,-5.02337463470253
"GK",0.0692106478121559,16.902888982303,0.47579281248913,0.641191796767404,0.999486182046446,-4.95592995720323
"OTX1",0.221579100599836,13.2587447642321,0.923826106742979,0.377871799045217,0.999486182046446,-4.76943311890053
"DCTD",0.0201598476561458,19.2922503781346,0.261227718216237,0.797528993134002,0.999486182046446,-5.00393084476236
"PYCR1",-0.04256445450714,22.9066573065193,-0.588092249427631,0.565366410104048,0.999486182046446,-4.92014233683857
"GBP2",-0.032245044829871,17.5258152845068,-0.0943591420622691,0.926214233276306,0.999486182046446,-5.02211372530141
"ELF1",-0.0794178402288992,17.5654614545428,-0.633013178463229,0.536416192850204,0.999486182046446,-4.90384663835241
"GTF2H1",0.059620664220585,17.5575190626248,0.64167377437359,0.530930656524727,0.999486182046446,-4.9005772201419
"CTH",-0.203055550582029,15.7598092976051,-0.565467348878709,0.582474736764681,0.999486182046446,-4.92668816273901
"RPL9P9",-0.0223805740033107,24.3877551341353,-0.386547011269823,0.704610556212189,0.999486182046446,-4.97919943737701
"ACSL1",0.0244584542798805,19.4066249983722,0.261169794745509,0.797572811574735,0.999486182046446,-5.00394009928579
"KIF5B",-0.0741425380146836,21.6691721750968,-1.26530620158972,0.22538471571088,0.999486182046446,-4.56720165371019
"CSTF2",0.132856279698377,17.1662134488551,0.412107855028303,0.686244420511731,0.999486182046446,-4.9729821994468
"DUT",0.0918380161563697,22.4796540702022,1.29026713175347,0.216818327268178,0.999486182046446,-4.55031228031468
"ABCC1",0.0337859180262328,19.3449869838183,0.538874730006706,0.59801285251624,0.999486182046446,-4.93670650763317
"CKS2",0.146910463826142,17.1341020048338,0.404397290300426,0.691839305392055,0.999486182046446,-4.97486166573626
"ABCD1",0.0155223242664491,17.4514773023612,0.166363616845399,0.870129748812507,0.999486182046446,-5.01636098896936
"MAN1A1",-0.0267988284294702,17.5873550723849,-0.0490589821394384,0.961543548343696,0.999486182046446,-5.02412838772046
"KDELR2",-0.598071203044803,16.4343378167103,-0.836203014889721,0.416646539754093,0.999486182046446,-4.81648734868722
"TTK",-0.0151643589888941,16.456438477555,-0.0725467096507226,0.943141396457107,0.999486182046446,-5.02325034024407
"MCM4",-0.0163617263761004,22.9551155634397,-0.327591921107622,0.747823517895443,0.999486182046446,-4.99200198068848
"MCM5",-0.0421801162346789,23.1162697356077,-0.691282133613981,0.500124061759539,0.999486182046446,-4.88106477790788
"MCM7",0.0467266893927132,23.1119656696478,0.816015778790335,0.427472703202294,0.999486182046446,-4.82624292945161
"GALNS",0.085458827532733,19.198686262094,0.736146940418686,0.473186515727501,0.999486182046446,-4.86228265063532
"SHMT1",-0.0342619052355921,21.2507325209735,-0.432646941539502,0.671530070312816,0.999486182046446,-4.96775961061245
"SHMT2",0.0160725766434346,24.2024818051566,0.299121222204775,0.76902065374429,0.999486182046446,-4.99744333393786
"EPHX2",0.144560155218855,17.2809458689465,0.804185832659258,0.440455552792057,0.999486182046446,-4.82853588688822
"HSPA1L",-0.237603128287446,23.5744093993434,-0.412411429894372,0.688364527127859,0.999486182046446,-4.97175868977077
"HSPA4",-0.119002817432207,23.6211783388298,-1.45453087492607,0.166747127773052,0.999486182046446,-4.43359421380238
"MPI",0.0301044731205309,19.5442398477787,0.260124469773155,0.798363708867116,0.999486182046446,-5.00410676438328
"GPC1",0.231019654710387,16.220121663789,1.67543279269621,0.11491115353337,0.999486182046446,-4.26317373394562
"PFN2",0.0497334342408848,23.8081091051585,0.355674727229941,0.727150602203369,0.999486182046446,-4.98614688739566
"CA8",-0.0941257194402745,18.4592243480581,-0.873209780865624,0.396541863379909,0.999486182046446,-4.79844286909612
"CTNNA1",-0.0247653310557716,21.8044725322624,-0.284663393991211,0.779859570625469,0.999486182046446,-5.00002050674795
"CTNNB1",-0.036042380480005,20.1930013523688,-0.657470201451547,0.521006827829612,0.999486182046446,-4.89450861256762
"PHB1",0.0220886349110465,24.8338097954435,0.281676930540299,0.782104486126115,0.999486182046446,-5.00053720122605
"SERPINB6",-0.0661286454255965,21.5463844482004,-0.490304007756017,0.631152222839394,0.999486182046446,-4.95169850519614
"NF2",0.086973933237644,18.101939355142,1.07054862566549,0.301577604202985,0.999486182046446,-4.69047817238012
"RDX",-0.0610210707695558,20.0486090312471,-0.857828288682089,0.404710539612826,0.999486182046446,-4.8060794987767
"RPA3",0.129600339119843,21.7063884672919,1.07823304984619,0.298247148923451,0.999486182046446,-4.68591488321866
"RFC4",-0.0135643875203471,20.3274890703411,-0.177115448486722,0.861826781159759,0.999486182046446,-5.01522728788892
"RFC2",-0.0852748835762789,20.6204174422956,-0.857853066173824,0.404697292161137,0.999486182046446,-4.80606729131832
"RFC1",0.0133743007119236,19.600866080389,0.174556312199821,0.86380155277835,0.999486182046446,-5.01550352900122
"RPL22",0.0986292141909004,24.3477936184695,1.13671539259107,0.273787422124407,0.999486182046446,-4.65035199535054
"GTF2F1",0.00330615984791649,19.9927672882967,0.02831024364841,0.977794185046866,0.999486182046446,-5.02462346902528
"SPR",0.0182460883744753,21.8593142383702,0.314544537467103,0.757512689186692,0.999486182046446,-4.9945558194713
"THBS4",0.354415631171129,15.8582786614812,1.3085857428227,0.212124921531016,0.999486182046446,-4.53819965126921
"IDUA",0.118019978367634,17.0837569912742,0.742986564720974,0.469158518218764,0.999486182046446,-4.85932590596864
"CBS",-0.0324971359386979,22.3162944030226,-0.445852618477708,0.662178244255875,0.999486182046446,-4.96425362366991
"IRS1",0.00330654075323622,17.092407718601,0.0366043215579716,0.971291277582006,0.999486182046446,-5.02445773279581
"AGL",0.046398907202768,19.8200108768047,0.98071493688125,0.342545896253884,0.999486182046446,-4.74187140976165
"MYH9",-0.0492008926563834,23.7106038615739,-0.850703208327908,0.408531888023577,0.999486182046446,-4.80957725842729
"MYH10",-0.119389666536144,20.9090262785314,-1.85754034278533,0.0833112538939421,0.999486182046446,-4.11320191521522
"COPB2",-0.0195624430033412,22.6988486237458,-0.259435572383056,0.798885056577059,0.999486182046446,-5.00421624053368
"SOAT1",-0.0508745341773214,18.367183427682,-0.609536934946588,0.551442825443606,0.999486182046446,-4.91250201792692
"ADD1",-0.105584547805151,17.3162734905352,-1.05048154770122,0.31040340546194,0.999486182046446,-4.70227240077016
"BSG",0.0146956371995621,21.7620872701467,0.154318675691154,0.879450073396951,0.999486182046446,-5.01754717708717
"TIMP3",-0.10200691612803,17.8787999783567,-0.818701365237159,0.43073091836836,0.999486182046446,-4.82260053084999
"FUS",0.134439463291859,22.9194887721229,0.954947235083364,0.355088339962137,0.999486182046446,-4.75589531752944
"NUP214",-0.0766754567020485,19.4350617978101,-1.14151033607911,0.271850971853245,0.999486182046446,-4.64737186349407
"DEK",-0.0204141079622602,22.1751069433497,-0.323784846639314,0.750646247136987,0.999486182046446,-4.99275767032272
"MYH11",-0.167298850950633,16.9207654542742,-0.12728258918521,0.900470000808388,0.999486182046446,-5.01988020747311
"CHKA",0.0435227309654422,19.1504507275598,0.45452622038736,0.656067270022122,0.999486182046446,-4.96189569556163
"PPM1A",-0.0295124253268995,20.0986223168271,-0.283378239968264,0.78082536981093,0.999486182046446,-5.00024351165793
"IGFALS",0.179418037885396,14.4836472322411,0.781765467044655,0.446720070440354,0.999486182046446,-4.84210074572243
"AHR",-0.00609593999637781,14.5890021590856,-0.0301708685141628,0.976483592305435,0.999486182046446,-5.02458335819347
"KRT2",-0.305578985849507,18.6134512412238,-0.38147059743284,0.708401369467426,0.999486182046446,-4.9803320965055
"HMGCL",0.00782997752235914,19.4268275622664,0.0896077050903354,0.929804340033927,0.999486182046446,-5.02239918902182
"PSMC2",0.003850249737404,23.4533312731379,0.0527781605552845,0.958616800727233,0.999486182046446,-5.02401276236939
"ARL2",0.036680100608983,21.057277826301,0.595891184090922,0.560281179424909,0.999486182046446,-4.91739325197369
"ARL3",0.0201903049273326,21.5081583308138,0.277534275846807,0.785221825182771,0.999486182046446,-5.00124504487985
"TRIM23",0.231433164409488,13.6214717536435,1.18089859986206,0.256334617531438,0.999486182046446,-4.6225311287479
"MAP2K2",-0.00505252842826565,19.8645707764298,-0.0668231421407297,0.947619823103561,0.999486182046446,-5.02349580202952
"ATP5F1C",-0.0343709610045124,23.999599775912,-0.617602396509847,0.546254610966477,0.999486182046446,-4.90956259618927
"ATP6V1E1",-0.136101383363314,20.1334496150737,-1.36612422154775,0.192367177524039,0.999486182046446,-4.49757933755264
"CPOX",-0.0416798710393174,20.9907215704733,-0.789087390836691,0.442560181591051,0.999486182046446,-4.83876113013856
"ARR3",0.120405126092013,17.3217262475729,0.364367352131044,0.721668962371729,0.999486182046446,-4.98384242436765
"RPL4",0.0339332498487863,25.6964528644598,0.423852158955101,0.677789677031085,0.999486182046446,-4.97003815144214
"NUDT1",0.031767634749496,19.09127196821,0.414103750493961,0.684756821958766,0.999486182046446,-4.97251093104672
"LONP1",0.00482741774095885,22.1992151090333,0.0917097794211182,0.928162511359334,0.999486182046446,-5.02228194373121
"PGM1",0.00689913148528021,20.1513187002321,0.11071258595353,0.913336595107528,0.999486182046446,-5.02109891481964
"PPP1CC",-0.0759061272275794,20.6042997372624,-0.879593705699755,0.393184015528003,0.999486182046446,-4.79523912836401
"BMPR1A",-0.14863736125028,15.8149013395703,-0.389808676672233,0.702688677915495,0.999486182046446,-4.97822250643021
"ACVR1B",0.084105854164692,15.0464544546245,0.104012019489611,0.919127427156556,0.999486182046446,-5.02145536948419
"TGFBR1",-0.230866894274865,16.3096265691086,-1.68129183307559,0.113750573465912,0.999486182046446,-4.25847015977499
"GNL1",-0.0849387717937411,21.5760690411288,-1.17087330310429,0.260218140679019,0.999486182046446,-4.62891416754545
"POLR2I",0.646250874100442,17.7034741127616,1.292273083052,0.21653473455469,0.999486182046446,-4.54904557503418
"SERPINF1",0.330591914061934,20.4814764565735,1.9877055941195,0.0659135077205517,0.999486182046446,-4.00272663281511
"SREBF1",-0.00277017467976037,16.1641350299398,-0.0190051849669844,0.985091661848537,0.999486182046446,-5.02475900344235
"DLST",-0.0209833027156741,23.6258975864774,-0.509503391867118,0.617936663003853,0.999486182046446,-4.94593982603856
"GMPR",0.0815109709817072,12.552028993793,0.335102831993131,0.743994918575212,0.999486182046446,-4.98974385684699
"GPX4",-0.0239851175012014,18.7597387066677,-0.170391755782204,0.867017159764903,0.999486182046446,-5.01594451900635
"SRP14",-0.0591661245476516,23.3502185047963,-0.680708148623922,0.506601635325546,0.999486182046446,-4.88533524218353
"NUP62",0.326191618459351,17.9961926279467,0.855947487564253,0.405988676279906,0.999486182046446,-4.80687579342253
"HPCAL1",-0.199674066649983,17.4034158594554,-0.820354536630107,0.425145959122199,0.999486182046446,-4.82415490938538
"FDFT1",-0.0341197154057227,20.8857717515667,-0.419580820815117,0.680838686240891,0.999486182046446,-4.97112846221566
"TAGLN2",-0.185078085082704,23.7031099564087,-0.500424849109076,0.624306578197672,0.999486182046446,-4.94861512441142
"TALDO1",-0.0140041358255374,25.0655311258397,-0.17007595209723,0.867261103340816,0.999486182046446,-5.01597752795564
"ETFB",-0.0383124495469858,23.9929138498078,-0.526073449138926,0.606656934819209,0.999486182046446,-4.94079105390606
"RBMX",0.101652950499339,22.0677828810751,0.876036266708044,0.395052822451502,0.999486182046446,-4.7970268811742
"COIL",0.0855950844173314,20.129397638962,1.61485265644803,0.127524936233845,0.999486182046446,-4.31128396988594
"GGCX",-0.00168878318063648,18.6528793163175,-0.0181519993293467,0.985760850458233,0.999486182046446,-5.02476876286034
"LIPA",-0.0360093009965183,19.0079609134721,-0.25852880203472,0.799571438387904,0.999486182046446,-5.00435990313004
"ATP6V1A",0.0044249226362183,21.8559136883354,0.0722734108501734,0.943355196236883,0.999486182046446,-5.0232625188896
"HSPA9",0.00820234084673643,25.4490794267427,0.117174677216951,0.90830218855307,0.999486182046446,-5.02064612060669
"EIF4A3",0.0100354456610674,23.9378123729149,0.207933518805633,0.838124539650263,0.999486182046446,-5.01158720015679
"IGHMBP2",-0.0600665260321698,17.9901558756301,-0.826964836963045,0.421433778999915,0.999486182046446,-4.82104775118251
"CDKN1A",0.133652520213484,18.194111402248,1.20560916218061,0.246952421468891,0.999486182046446,-4.6066245431702
"RPS19",0.0777214671132143,24.8389601608458,0.32893489574177,0.746920942906793,0.999486182046446,-4.99169436940993
"RPL3",0.00541824439245886,24.9411364944195,0.110562238327854,0.913453772703214,0.999486182046446,-5.02110914463601
"COL18A1",-0.0206566967404136,17.0638762584473,-0.137330504227313,0.892626546229306,0.999486182046446,-5.01906935639779
"MPV17",0.0360539444557446,17.8262622523296,0.0737830600155995,0.942194059967629,0.999486182046446,-5.02319253538198
"DDOST",0.0418982529646001,23.9973215963739,0.723158141884774,0.480893478632106,0.999486182046446,-4.8678299375183
"ANP32A",0.0695815420758379,22.4273224267825,0.532877066291458,0.602065509371358,0.999486182046446,-4.93862604297536
"FEN1",-0.0955179025147146,23.0204115532954,-0.907839676827659,0.378556172096701,0.999486182046446,-4.78082510554623
"CUX1",-0.0709829436426084,16.4442790769295,-0.643016181981253,0.530083209652111,0.999486182046446,-4.90006678518895
"CAPG",0.00536125093999829,17.6945867160585,0.041855869613229,0.967174901605103,0.999486182046446,-5.02433090221446
"CAP2",0.0282918899345006,20.0697310065135,0.175891801324612,0.862785732702016,0.999486182046446,-5.01535617612893
"IL6ST",0.371196553440452,14.7424319914597,1.77228286841558,0.100224103500453,0.999486182046446,-4.19292216006965
"TXLNA",-0.0478517470898829,19.817088156476,-0.41667344097893,0.682917365170526,0.999486182046446,-4.97186450164819
"CCT6A",0.0707304511264226,23.8878900573133,0.813919227395785,0.428635372960125,0.999486182046446,-4.82723079837086
"PSMB10",0.0356548395000011,17.3092517887286,0.240281356307468,0.81341948881617,0.999486182046446,-5.00714527856052
"VHL",-0.150104718917884,15.0446553793736,-1.06361539184187,0.304605880164693,0.999486182046446,-4.69457317871198
"PBX1",-0.147402401310757,16.4522505882525,-0.671017698688486,0.512580513288363,0.999486182046446,-4.88919608151278
"RPL13A",-0.092206441389731,23.6351733869804,-1.1373000699801,0.27355074280727,0.999486182046446,-4.64998912422217
"ARL1",-0.0543058422207956,22.8155045404019,-0.508644989170474,0.618523757013557,0.999486182046446,-4.94620229126382
"MLH1",-0.0244991122255165,19.1587039334171,-0.517366744920755,0.61257119456169,0.999486182046446,-4.94351596264592
"STAT3",-0.0270076211928192,21.031010184657,-0.395955171822697,0.69780635001659,0.999486182046446,-4.97696610313835
"USP8",-0.0589369752454267,20.1857174979317,-0.723626441926853,0.48061430397627,0.999486182046446,-4.86763148093558
"PEX19",0.273823865346282,15.5459881861664,0.517630391034734,0.612544669199559,0.999486182046446,-4.94335073161472
"MDH1",0.0117756547815446,25.1173855738379,0.120233894662991,0.905920255295464,0.999486182046446,-5.02042283104076
"MDH2",0.024625923956993,25.7647070415362,0.54467330701727,0.594117771264155,0.999486182046446,-4.93482580204918
"RFC5",0.0277452193571364,20.1391653694676,0.388683594279273,0.703063009559629,0.999486182046446,-4.97869682560377
"RFC3",-0.0450524833973134,19.9737934456762,-0.686103217265082,0.503290566445871,0.999486182046446,-4.88316385869541
"HADHA",0.0190668697948873,22.8857845975305,0.314993898328555,0.757178275801435,0.999486182046446,-4.99446955561614
"EIF2S3",-0.142721157570396,22.0617611069868,-0.814143429401983,0.428647969754419,0.999486182046446,-4.82705598223866
"ID1",-0.00502915027507278,15.5018003561436,-0.0266316785114182,0.97911046485262,0.999486182046446,-5.0246518588331
"ETV3",-0.0245767050377186,14.2692175455274,-0.11159933683663,0.912645523614338,0.999486182046446,-5.02103829720827
"CETN2",-0.26057303541581,18.0156837941817,-0.434399442003959,0.67041112214983,0.999486182046446,-4.96723692053837
"EIF2D",-0.0393519177564983,19.1568783657122,-0.375567725092583,0.712584138612508,0.999486182046446,-4.9817397359788
"BUD31",-0.0486129001078091,20.406125156586,-0.309202651931887,0.761518743405131,0.999486182046446,-4.99556123168322
"NAA10",-0.0934183429780759,21.2428060227892,-0.925313274968747,0.369694477633231,0.999486182046446,-4.77171494217257
"KDM5C",-0.0526464595248797,16.1708522764724,-0.259436789707532,0.798884135235843,0.999486182046446,-5.00421604733526
"P2RY2",-0.215142045031842,15.7560976464896,-0.732493758899848,0.479533039865604,0.999486182046446,-4.86157643192506
"PPP1R2",-0.0122120382140878,16.4934240214058,-0.0558886070178641,0.956180543390175,0.999486182046446,-5.0239087349725
"CSK",0.00144880939300407,21.9925597879655,0.0221875723379068,0.982595690837486,0.999486182046446,-5.02471864744535
"GARS1",0.029350981297128,22.7024861481028,0.458832585251869,0.653042609082155,0.999486182046446,-4.96070879379512
"IARS1",-0.0144864987342324,23.3458356761993,-0.31679195533162,0.755840668616258,0.999486182046446,-4.99412317374287
"SLC19A1",-0.128082906074916,19.1948917637983,-0.907014655465798,0.378978123876541,0.999486182046446,-4.78125160961469
"EIF1",0.0289311257799376,20.5975443706392,0.165670031080417,0.870686548587998,0.999486182046446,-5.01642683736737
"PRKCI",-0.0290003641250074,21.0687506604101,-0.39108214863091,0.701327332673714,0.999486182046446,-4.97812938237588
"ACTR1B",-0.0684688058138079,20.0056185097988,-0.591805263833871,0.562942316055617,0.999486182046446,-4.91883773533386
"ECI1",0.00830604222672804,21.613002754075,0.0628735835460381,0.950713321715067,0.999486182046446,-5.02365324590227
"TMPO",-0.0409559383549407,23.568934778837,-0.454368506186279,0.656178162462776,0.999486182046446,-4.96193896002784
"STAT1",-0.00490467528122807,22.3706971406168,-0.0733708516997144,0.942496703240646,0.999486182046446,-5.0232133370982
"STAT6",0.122907125359912,19.2824529699961,0.523565560197147,0.611494072404199,0.999486182046446,-4.93986499910941
"MTREX",-0.0281274904011894,21.5399762156386,-0.652748722906004,0.523961929209303,0.999486182046446,-4.89633671827645
"PIK3CA",0.0277751828137731,17.2092828932707,0.320512828756084,0.753075213566263,0.999486182046446,-4.99340023616289
"PIK3CB",0.00747002250403384,19.1463415457573,0.117809089905134,0.907808153678495,0.999486182046446,-5.02060028705697
"MTOR",0.0208221189809308,20.1366934811838,0.407189614063228,0.689716390895326,0.999486182046446,-4.97423103285302
"PI4KA",-0.038643884771659,19.2427217917946,-0.752397680796818,0.463650478727955,0.999486182046446,-4.85521747014385
"EPS15",0.0374538464127738,19.4752245270028,0.197753725912711,0.845963322017618,0.999486182046446,-5.01284630769607
"CASP2",-0.0418908514963228,17.9632913902858,-0.507607110413188,0.619233960771238,0.999486182046446,-4.94651907110574
"RPS27",-0.146178320578137,23.0088379129067,-0.426282894916135,0.676179911775521,0.999486182046446,-4.9693516051238
"MATK",0.0184232059073821,14.2728998723881,0.105502193487701,0.91739865337045,0.999486182046446,-5.02144534679235
"ABL2",-0.0702716037876563,17.045775814459,-0.739558083988413,0.471174999798587,0.999486182046446,-4.86081109365371
"FRK",-0.119108025905788,16.4188065237601,-0.89570610094067,0.401219144336292,0.999486182046446,-4.77992392609587
"HELZ",0.0136892482063118,18.5579324783376,0.270595186305328,0.790451984367687,0.999486182046446,-5.00240755320876
"NCAPD3",0.0493907227060788,16.9742090927974,0.479988461567642,0.638275473133643,0.999486182046446,-4.95472214469264
"RBM34",-0.0693492658143207,18.5796982638204,-0.860163122041789,0.403463463497152,0.999486182046446,-4.80492782813741
"LRPPRC",0.0208516399548628,24.00213089803,0.331803922455653,0.744704905510874,0.999486182046446,-4.99115583521232
"ACAA2",0.012092391798479,22.6187575457726,0.213594339460049,0.833787639642241,0.999486182046446,-5.01085572745309
"RPL35",0.150481401269399,23.7757607599328,0.881098390585659,0.392524158577089,0.999486182046446,-4.7944223520245
"PRCP",-0.0696866522992146,19.1547978626623,-0.869367733291101,0.398571910030538,0.999486182046446,-4.80036131960305
"HTT",0.0248403583167516,19.5016346362656,0.569144519122962,0.577822353493607,0.999486182046446,-4.92668007300901
"ECE1",0.0852220538712594,17.7073104377401,1.07605196706504,0.299189670446868,0.999486182046446,-4.68721271110206
"MTHFR",-0.00737573922449997,16.9912925813127,-0.0271688682400016,0.978691096738715,0.999486182046446,-5.02464288652358
"SLC1A4",-0.0949509853341866,19.5197814368192,-1.33108963592076,0.203368237413964,0.999486182046446,-4.52219209112877
"PAFAH1B1",-0.0370258628272104,21.0850805130947,-0.588970829043333,0.564792316839934,0.999486182046446,-4.9198343326657
"MATR3",-0.0394933668436366,22.6104087466738,-0.591115909448741,0.563391951930027,0.999486182046446,-4.91908052601872
"MSH2",-0.00106943128039916,21.7964747089052,-0.0162341494825871,0.987265138631371,0.999486182046446,-5.02478906481125
"GRK6",-0.017354715057607,18.6436857491373,-0.327852193891292,0.747630676195947,0.999486182046446,-4.99195000155369
"BTD",-0.223897861610464,17.224246013525,-1.36075353759746,0.194021630946686,0.999486182046446,-4.5013805599863
"GPD2",-0.0174574413526827,22.0944269630612,-0.269339142396608,0.791399818523845,0.999486182046446,-5.00261487727308
"SSR1",-0.000367889449901071,21.6490654952304,-0.00340413955250449,0.997329506593685,0.999486182046446,-5.02486663180042
"PTPN9",0.0400003746471782,17.5539284825327,0.205781345822759,0.839774809069823,0.999486182046446,-5.01186018544011
"RANBP1",-0.0807227539149054,23.2929276656853,-0.390164251852519,0.702102599556321,0.999486182046446,-4.97829418947876
"NAMPT",0.0293487580565177,22.6934432875903,0.578282563337181,0.571797347161593,0.999486182046446,-4.92355211008923
"AFM",0.0248968897279411,18.9132629089312,0.0796965967423934,0.937571137870853,0.999486182046446,-5.02291292453636
"PSMC4",0.011936662704116,22.9125662310598,0.159428398079775,0.875493852806673,0.999486182046446,-5.01705479961958
"TSFM",0.0473209473186849,21.7247543742708,0.786346350762625,0.444114608545729,0.999486182046446,-4.84001457659613
"PPIC",0.039872209815087,21.0863479242938,0.518491036821331,0.611805907945357,0.999486182046446,-4.9431665221072
"VDAC2",-0.0730244244782341,25.1345061645236,-0.919136499991531,0.372810630112645,0.999486182046446,-4.77495207533706
"ACADSB",-0.0748790336230698,20.1386714004519,-1.20356098518884,0.247719858599249,0.999486182046446,-4.60795229635048
"CBX5",-0.0388798983547218,21.0547311416362,-0.242589873527941,0.811690634402577,0.999486182046446,-5.00679515527452
"USP5",-0.0222231807214683,23.5130323122387,-0.541755650801986,0.596076048732323,0.999486182046446,-4.93577448803176
"MAPK8",0.0145874936436563,18.4442749889536,0.0712330279952036,0.944175057043078,0.999486182046446,-5.02330784102854
"MAPK9",-0.0547433061975333,19.3093005974062,-0.280274437595956,0.783198338755661,0.999486182046446,-5.00076346461327
"MAP2K4",0.0132853853614918,19.3258287009066,0.143059920773126,0.888178794285878,0.999486182046446,-5.01857572580706
"MKI67",-0.0608292089199232,20.9433468419575,-0.593156690450278,0.562061394475947,0.999486182046446,-4.91836099611445
"PHKA2",0.0840199652126259,19.5510637021936,1.15066475789991,0.268182720216401,0.999486182046446,-4.6416556188096
"PHKA1",0.00661118612620015,17.9446490907584,0.096306241531983,0.924573624185244,0.999486182046446,-5.02201611610515
"RANGAP1",-0.00762853356564719,22.0015274281703,-0.108070494767297,0.915396082738835,0.999486182046446,-5.02127666588084
"RECQL",-0.0284953525859208,20.4512799461273,-0.32057424627445,0.753029595607633,0.999486182046446,-4.99338823377151
"NOP2",0.00152551274775448,21.7422963018379,0.0217422512879112,0.98294494887207,0.999486182046446,-5.02472466977498
"ATRX",-0.00776174803381124,18.2224778332792,-0.109006197261798,0.914666638048574,0.999486182046446,-5.02121420479938
"CRK",0.0454454802001933,20.9576116100774,0.65988509380649,0.519499053906651,0.999486182046446,-4.8935689142326
"CRKL",0.0975186758864943,20.8886704949848,1.52748215587456,0.147797350607984,0.999486182046446,-4.37888948283395
"MTIF2",0.0293899819080821,18.975983982546,0.581063061090036,0.569970639251198,0.999486182046446,-4.92259108062861
"BAG6",0.0912289836768316,20.0493631171222,0.522466411445373,0.609174721665196,0.999486182046446,-4.94188634829165
"NSF",-0.0210436915998855,22.422342416803,-0.400410805342176,0.694593224438752,0.999486182046446,-4.9758902351983
"CDKN1B",-0.186979174755237,16.4011141402154,-0.549886842813926,0.590677587576465,0.999486182046446,-4.93309038992403
"NOTCH1",-0.468931107703421,15.3740200837905,-1.27257926284712,0.227852054090539,0.999486182046446,-4.56329304829137
"MAP2K3",-0.0230036509827762,20.600047391633,-0.567048310896264,0.57920909198812,0.999486182046446,-4.92739101547532
"BRCC3",-0.0668744838662754,18.4012382581461,-1.01179736204925,0.327945038829431,0.999486182046446,-4.72450224393491
"RPL27A",0.167957601538106,25.4441295920262,1.31781168402996,0.207667618538427,0.999486182046446,-4.53140537423807
"RPL5",-0.0474934297620067,24.1420657218761,-0.760387147031389,0.459005842753034,0.999486182046446,-4.85169338678934
"RPL21",0.0631966942810287,24.1085229516633,0.567469077427762,0.578930597114553,0.999486182046446,-4.92724850738215
"RPL28",-0.016367577960466,24.0116857412704,-0.244004466460525,0.810588602377956,0.999486182046446,-5.00659332007532
"RPS9",0.0226692439836462,25.7936714865313,0.262150474375221,0.796831033823176,0.999486182046446,-5.00378314144649
"RPS5",0.00433484184035038,24.2898784280006,0.0546490180294215,0.957151398740371,0.999486182046446,-5.02395090577642
"RPS10",0.0416856061337043,25.5354375955669,0.454292008807288,0.656231952523286,0.999486182046446,-4.96195993974297
"GNPDA1",0.0455462674661362,21.0091744448751,0.329987071248916,0.746064395577184,0.999486182046446,-4.99151583913523
"NEDD4",0.0258803879843903,18.7162475368923,0.261781873510903,0.797109816656455,0.999486182046446,-5.00384220413089
"UTRN",0.373357857489118,15.3950317795338,0.686647902404007,0.503168887664635,0.999486182046446,-4.88282555961228
"IQGAP1",0.0157383231717212,22.819816778152,0.22438193028953,0.825538550437648,0.999486182046446,-5.00940789308425
"GYG1",0.0713063554682769,22.8300271178935,1.02217852160564,0.323169175008368,0.999486182046446,-4.71860285554457
"STT3A",-0.0717842117783363,22.6737882969107,-0.827939133140258,0.420899097269106,0.999486182046446,-4.82058253020028
"RABIF",0.161334068094117,21.744405836717,0.76760139808832,0.455077399615171,0.999486182046446,-4.84835494350052
"RAP1GAP",-0.0644708281339454,20.8566937704616,-0.297862142593827,0.77004555114926,0.999486182046446,-4.99764026289861
"CAPZA2",-0.136640724816395,21.7131568345556,-1.28354466238857,0.219099609908965,0.999486182046446,-4.55488397084039
"CAPZB",-0.0759334328032431,23.3546879317575,-0.967141131591104,0.34906418457213,0.999486182046446,-4.74931662508263
"EIF1AX",-0.121118764050816,19.7559085484755,-0.273701413538523,0.788185201428985,0.999486182046446,-5.00186298836741
"QARS1",-0.0049405641528395,22.3093020260834,-0.0934411451730853,0.92681047855421,0.999486182046446,-5.02218333674977
"RPL29",0.189574032104836,23.7413941495936,2.20461995160467,0.0437939066893953,0.999486182046446,-3.81039889560265
"ZFP36L2",0.0735777981269035,13.4785827587107,0.430446057652749,0.673094193694949,0.999486182046446,-4.96833404797897
"UQCRFS1",0.112224177352157,21.4895082863604,0.283809304209692,0.780580124103304,0.999486182046446,-5.00013911271373
"ATP5PO",0.0294238653159375,23.2497244112626,0.372417287900486,0.714878580064523,0.999486182046446,-4.98245551165217
"LIMS1",0.0732514391712797,17.9129075465703,0.226828280631366,0.82373294507712,0.999486182046446,-5.00905028613998
"PREP",-0.0405364087595856,21.711041283236,-0.498592243458631,0.625419150977988,0.999486182046446,-4.94924467037492
"ME1",-0.0270950015042288,21.6395986582299,-0.403975870271396,0.692026675572049,0.999486182046446,-4.97502100286111
"IREB2",0.0273071251044605,18.5456257317225,0.259978917345281,0.798473852601438,0.999486182046446,-5.0041299187272
"RFX5",0.0210567856960751,16.8525539075697,0.0962757781425709,0.924597404306924,0.999486182046446,-5.02201792060792
"PIP4K2A",-0.068407855476174,18.7702856956927,-0.640104251838398,0.531922440469779,0.999486182046446,-4.90117276513246
"ARCN1",-0.0751604071470595,23.3240775576175,-1.61544376909166,0.127396320682565,0.999486182046446,-4.31081925772153
"LSS",-0.00925816371389132,21.987508343126,-0.132873928134087,0.896088780198053,0.999486182046446,-5.01943942404141
"GCLC",-0.0485126069089397,20.837257889932,-0.502652241118897,0.622629902018348,0.999486182046446,-4.94802290453316
"GCLM",-0.00780786231436892,19.9171075458002,-0.0740946467441403,0.941930541757555,0.999486182046446,-5.02318049504614
"CD151",-0.232864309618225,19.4321819976553,-1.32357090917672,0.205953989337898,0.999486182046446,-4.52747266723162
"TRAPPC10",-0.0132078035028975,17.5001456031591,-0.17167857782105,0.866023294823393,0.999486182046446,-5.01580938612907
"PSMD8",0.0680161498225118,22.9142356263282,0.784079464382996,0.445402742931507,0.999486182046446,-4.84104828249228
"PRRC2A",-0.0669173832428278,19.2027927988083,-0.609166516345834,0.551681743308209,0.999486182046446,-4.91263615289183
"GSS",-0.0116633634182115,21.7205865034726,-0.169946464346883,0.867361130609517,0.999486182046446,-5.01599104488318
"CCT5",0.0029426477913006,23.8606935164476,0.0489274631624616,0.961633448427894,0.999486182046446,-5.02413330145611
"PTDSS1",-0.137675777737702,19.894264649685,-0.919520910987929,0.372707308828102,0.999486182046446,-4.77471282696381
"HSPA13",0.0517744356261041,17.8310064244642,0.373172151655663,0.714328557712182,0.999486182046446,-4.98228454208023
"CSNK1A1",0.0240549993022583,21.3235419606793,0.184868889168027,0.855849671263684,0.999486182046446,-5.01436596869561
"CSNK1D",-0.113795915219036,19.5242682055676,-0.986489154199282,0.339799256245218,0.999486182046446,-4.73867833268718
"IDH2",-0.0380564352688779,24.5073481278291,-0.575473037849516,0.573646243025724,0.999486182046446,-4.92451878622927
"PITPNB",-0.00918043830212056,20.7690388801662,-0.0738014318650287,0.942159894194323,0.999486182046446,-5.02319383841811
"MASP1",0.458527834691312,14.0296514379279,1.98204056787195,0.0678262743603341,0.999486182046446,-4.01358345914986
"ADGRE5",0.138925612865201,16.4799621985407,0.523819797462164,0.608743690573698,0.999486182046446,-4.94119496191291
"POLD2",-0.0751666394681152,19.2841202399551,-1.12994616738945,0.276538883511611,0.999486182046446,-4.65454277028978
"MARCKSL1",-0.291995295673232,20.6258488608097,-1.28197377512641,0.220026984374321,0.999486182046446,-4.55603887284382
"PXN",-0.023555088996595,18.4975513674601,-0.208985142873659,0.837318447954839,0.999486182046446,-5.01145278600077
"CAMLG",-0.124491774515274,18.6167002828271,-1.2263971089593,0.239267100700026,0.999486182046446,-4.59305440526591
"NR2C2",0.15239931690029,17.6311585556719,1.36210351138876,0.193604686666685,0.999486182046446,-4.50042603677085
"MAPKAPK2",-0.0154785477537054,19.8233665548003,-0.22004827433013,0.828849927990769,0.999486182046446,-5.00999801717597
"ALDH9A1",-0.0848981901605868,21.6480106032309,-1.08999485873556,0.293202200913782,0.999486182046446,-4.6788804861204
"RPL34",-0.0480434278729795,24.6323259324514,-0.774828740135583,0.450683701374043,0.999486182046446,-4.84523921272706
"RPIA",0.0653911386198693,20.2300181176252,0.571601449017238,0.576199180322454,0.999486182046446,-4.92584365571595
"LMAN1",-0.0722282401848489,21.6935056380259,-1.25983041086846,0.227299219042334,0.999486182046446,-4.57087521740558
"SLC11A2",-0.608543783939975,17.2397522967048,-2.09777951675865,0.0550757285605043,0.999486182046446,-3.91532542700566
"NASP",0.047963409411075,21.939638654689,0.326158594995469,0.748914213776711,0.999486182046446,-4.99227558610843
"FASN",0.00806511502398166,26.3195711441942,0.137527467021167,0.892473580969048,0.999486182046446,-5.01905272022154
"CDK8",-0.140923985164363,17.3409908715304,-1.07882657074516,0.297991047302798,0.999486182046446,-4.68556135645497
"FNTA",0.132157976334423,18.9233238217075,1.05551780743329,0.308170860848091,0.999486182046446,-4.69932909882866
"FNTB",-0.0798546468751447,17.6005704490659,-0.902926181531553,0.381073861045177,0.999486182046446,-4.78336033527597
"DHPS",-0.0182725636996288,19.6743166660559,-0.276236473030395,0.786199205196173,0.999486182046446,-5.00146467140529
"CCT3",-0.00603709019554799,25.1270796376691,-0.0786938873053645,0.938333728968739,0.999486182046446,-5.02296428085709
"MRPL19",-0.0183993787425578,21.2779816029126,-0.32029859698443,0.753234342005286,0.999486182046446,-4.99344208431689
"ARRB1",-0.0323580505262981,19.6997429624205,-0.571068923860083,0.576550791824268,0.999486182046446,-4.92602523121152
"TUFM",0.0225394552071272,24.7923365259069,0.485541846480219,0.634424902454046,0.999486182046446,-4.95310789144898
"ALDH7A1",-0.00718998718940966,22.6129008504819,-0.103923952404805,0.918629536709789,0.999486182046446,-5.0215469943409
"CDC34",0.0272886698191606,19.2021474659555,0.365588991946152,0.719861334535281,0.999486182046446,-4.98398673798817
"INPP1",0.0586476062845236,16.5637495369492,0.299046409312532,0.770606126824656,0.999486182046446,-4.99685417762387
"CYB561",-0.309385697885315,19.5760705024881,-0.64321918177843,0.530151634941083,0.999486182046446,-4.89987879736318
"GLUD2",-0.0851748803803005,17.6633122379989,-0.483907993541773,0.635556645684659,0.999486182046446,-4.95358466059514
"CENPF",-0.237756530123066,15.963246079868,-0.99543754757036,0.335573617193617,0.999486182046446,-4.73369957019491
"SRP9",-0.0233632800325481,23.0074138628328,-0.166615331347571,0.869949213115262,0.999486182046446,-5.01633193054205
"UBE2A",-0.163391994151407,20.3170732601293,-1.07704321866312,0.298867451703714,0.999486182046446,-4.68660029652653
"PCYT1A",-0.0280146315738286,19.917976073377,-0.418509083033807,0.681604632361486,0.999486182046446,-4.97140036164785
"AARS1",-0.0168842761931742,22.8772511006834,-0.179108301158009,0.860289645104508,0.999486182046446,-5.01500940566807
"CARS1",-0.080555149470797,21.9185814384672,-1.25693441244535,0.228316910637236,0.999486182046446,-4.57281343828361
"HARS2",0.00257576739686627,20.3130453273641,0.0406185934194815,0.968144646284562,0.999486182046446,-5.02436231214209
"SARS1",0.0154677940775976,23.1248048331218,0.195989656600316,0.847292710726617,0.999486182046446,-5.01306660397804
"PPM1F",0.00558534546016531,19.1187108677322,0.0627039917120425,0.950844008332594,0.999486182046446,-5.02365999121042
"MAN2A2",0.0474472060623867,18.6694055923151,0.355187523664715,0.727476770119204,0.999486182046446,-4.98626615099165
"PRIM1",0.0156875529452236,20.1508822174903,0.333675323428316,0.7433207775716,0.999486182046446,-4.990776495842
"PRIM2",0.0494515635463664,19.7831125501075,0.857793917836468,0.404728916689501,0.999486182046446,-4.80609643221693
"CASP4",-0.484979483273239,14.5214261194227,-1.07428982230253,0.315369404289006,0.999486182046446,-4.6849441136894
"CTCF",0.0361601800541926,18.2953092857609,0.258657293064346,0.799474166405059,0.999486182046446,-5.00433957606965
"PSMB3",0.0459365600763384,23.0124449636431,0.567894226655066,0.57864927201254,0.999486182046446,-4.92710441412062
"PSMB2",0.0259594556933038,23.3471863771661,0.302325725612246,0.766624908169488,0.999486182046446,-4.99685512759313
"MCM2",0.00234961512481746,22.982378392984,0.0411417611344229,0.967734594688987,0.999486182046446,-5.02434914578208
"COMP",0.112583304528091,16.9439713890578,0.525585017218189,0.606987968174163,0.999486182046446,-4.94094505807223
"ACADVL",-0.0523621506705148,21.1992570398172,-0.794351543090365,0.439584565504501,0.999486182046446,-4.83634308818635
"YLPM1",-0.0495518988276586,19.4662146263255,-0.498996002265696,0.625141499297233,0.999486182046446,-4.94912359075053
"ACOT2",0.0262476887066097,14.2356701368993,0.0382910978094638,0.969979269348438,0.999486182046446,-5.02441826815356
"VPS41",-0.012881079325922,18.8194827780995,-0.173792061533042,0.864391473941486,0.999486182046446,-5.01558524957576
"TMED10",-0.00228266234747565,23.0340676853946,-0.0261439454730028,0.979492942245586,0.999486182046446,-5.02465978272292
"RBM25",-0.0460788908255125,21.5238612453003,-0.7121083191751,0.487509014580987,0.999486182046446,-4.87247896455173
"NUMB",0.029763760213747,18.5289952574778,0.395142412308824,0.698393109713531,0.999486182046446,-4.97716109477166
"CLK2",-0.223255259172884,15.1120074536086,-0.498332010111479,0.62751758886112,0.999486182046446,-4.94829075390539
"CLK3",0.0182400659628819,18.1542015426922,0.204773073710937,0.840548212461204,0.999486182046446,-5.01198710737571
"PSEN1",0.133224409521777,15.8294090832924,0.833052493053921,0.418100163809606,0.999486182046446,-4.81813309807539
"EIF2B2",-0.0114523555709702,20.9293333222601,-0.194144979577996,0.848710768087248,0.999486182046446,-5.0132873505325
"HINT1",0.350794328082312,22.7699787526235,1.0284779780281,0.320623828416512,0.999486182046446,-4.71490443696151
"FHIT",-0.00653074071077597,17.48825937539,-0.0641907006327478,0.949680210134701,0.999486182046446,-5.02360193445545
"NUP153",-0.0286007719075023,19.2682326254325,-0.280594002463521,0.782919016610551,0.999486182046446,-5.00072323524202
"RANBP2",-0.0299641961956851,20.7603383637931,-0.647952532354928,0.526973484353707,0.999486182046446,-4.89818134152136
"RGS19",-0.0848740025305901,16.1659715524393,-0.451848368822789,0.658423444781635,0.999486182046446,-4.96238522521
"RGS3",-0.0231507342252044,15.3517379792196,-0.158344976336859,0.876332412654295,0.999486182046446,-5.01716053245812
"TSC2",0.00808760230615491,17.830663807289,0.116174619713767,0.909081040732846,0.999486182046446,-5.02071786917648
"NDUFV1",-0.0239291814965839,22.0720450425412,-0.436958040702118,0.668470814158063,0.999486182046446,-4.96662621672192
"GSK3A",-0.10676781212516,19.709825749604,-1.28965056975649,0.217026770022346,0.999486182046446,-4.55073228329814
"GSK3B",-0.103493649615636,20.3423178658413,-1.00079817521437,0.333060165503469,0.999486182046446,-4.73069936109482
"STK19",0.0381958493459926,16.29675589382,0.394614873891433,0.698774064861341,0.999486182046446,-4.97728745011148
"TAF6",-0.0564076849746264,17.8581232311791,-0.591134534486037,0.563379801115342,0.999486182046446,-4.91907396975198
"NT5C2",-0.00387175707387044,20.0978005456683,-0.0598919853226027,0.95304556606854,0.999486182046446,-5.02376608428847
"SEPHS1",0.101749812622153,20.7619293228883,0.512624649539219,0.615955474189573,0.999486182046446,-4.94489976718249
"MTHFS",-0.00573629462835257,19.0635570885491,-0.0630443370854742,0.950577575091113,0.999486182046446,-5.02364682052181
"GMPS",-0.00934983919550447,23.3850956632573,-0.195524699363398,0.847650085733816,0.999486182046446,-5.01312243923875
"LIG3",-0.00162782748207135,20.2207083496165,-0.0249947486294228,0.980394156098213,0.999486182046446,-5.02467787397833
"LIG4",0.0268427936757014,16.6317653729617,0.132060513372794,0.896720945679364,0.999486182046446,-5.01950565598614
"MRE11",0.0199256137039647,19.8966307977652,0.292840975971009,0.773722932066811,0.999486182046446,-4.99857824018494
"KHK",0.00341061270192355,16.5986548465324,0.0229546955030857,0.981994057336294,0.999486182046446,-5.02470798690608
"HNMT",-0.116175588381093,19.9227971201641,-0.419081516378305,0.683633884296159,0.999486182046446,-4.97004723910815
"GNAQ",-0.0784632241077006,19.5649391130538,-0.765433640922632,0.456086976342667,0.999486182046446,-4.84945031651678
"GNG10",0.130575614308388,16.5584092648974,0.509120185116628,0.618739423893589,0.999486182046446,-4.94576410883317
"IDH3A",-0.0218876601361266,22.9646405215712,-0.260973830362149,0.797721061604511,0.999486182046446,-5.00397139380436
"MNX1",0.0408502590643209,16.2308231411698,0.162311889072624,0.873817903904304,0.999486182046446,-5.01664126643088
"PPOX",-0.0862386285775187,16.8725787661406,-0.667654984544305,0.5146647236113,0.999486182046446,-4.89052400533203
"GDI2",-0.0683851842136214,24.0233759021822,-1.19020651366979,0.252768915206196,0.999486182046446,-4.6165683226983
"EMD",0.0885247207963644,19.9802309354679,0.888833429763707,0.388357848768921,0.999486182046446,-4.79056683945178
"CPT1A",-0.0467479395829677,22.8545453918145,-0.656343732715398,0.521711005706374,0.999486182046446,-4.89494586891512
"SLC26A2",-0.0758782501011659,17.7446375898866,-0.569714126622805,0.577445830174421,0.999486182046446,-4.92648646151134
"SERPINB8",0.115614139677675,17.054701869027,0.84717645623042,0.412516306934402,0.999486182046446,-4.81029452831979
"SERPINB9",0.0467460460947073,18.0004835760745,0.453473562669104,0.659224246221489,0.999486182046446,-4.96093677771583
"SERPINH1",0.0117847971720018,23.9408335894844,0.176110740056027,0.862601957001525,0.999486182046446,-5.01533621574178
"PEX5",0.146921340557782,16.4532939120342,0.383437331003991,0.706915472512699,0.999486182046446,-4.97990264107754
"ERF",0.059309553709916,16.8628867154518,0.495148991259616,0.627789343935373,0.999486182046446,-4.95027344186317
"VASP",0.0187049075221424,20.329053083356,0.285535708133634,0.779204236158512,0.999486182046446,-4.99986857346675
"DNM2",-0.0132347657352305,21.3711264349743,-0.158260555182637,0.876397760412874,0.999486182046446,-5.01716874112035
"METAP2",-0.0996683962810323,20.7470602939945,-0.725545437118275,0.479504859304174,0.999486182046446,-4.86679867065031
"NUDT2",-0.0563209900580475,19.3665703269625,-0.718935818897729,0.483414994922851,0.999486182046446,-4.8696140417309
"CDK7",-0.0780463419333337,19.5153019277821,-0.94301962922474,0.360861043064598,0.999486182046446,-4.7623344307692
"HLCS",-0.0100671166565931,17.162247672164,-0.0689314119654314,0.945969978536977,0.999486182046446,-5.02340772968533
"KNTC1",-0.00473553031847729,18.6567117115225,-0.0761467507814051,0.940325537707242,0.999486182046446,-5.02308563036479
"CDK9",0.0294788691235084,20.5460318383922,0.651677981334967,0.524633408157478,0.999486182046446,-4.8967496126146
"LRBA",-0.0319809516255631,19.7316974365333,-0.739326953826426,0.471311130151165,0.999486182046446,-4.8609109954185
"BCAM",-0.0409134002534017,20.4420494481888,-0.524117965377115,0.607982793826465,0.999486182046446,-4.94140680921231
"PPT1",0.0494901849026625,22.6783951088429,0.650778306461306,0.525197984602247,0.999486182046446,-4.89709605889182
"RPL14",0.0186781024097478,25.2596697882717,0.310010342263849,0.760889822181448,0.999486182046446,-4.99541948800613
"CCT8",-0.0244763261197143,25.185419169808,-0.478889841449102,0.639038510598983,0.999486182046446,-4.9550393874511
"CCT4",-0.0542838777418808,24.7528894195539,-0.893587524974048,0.385890235921231,0.999486182046446,-4.78814657048735
"ANXA11",-0.0126388472280539,21.2608470840842,-0.144525987522486,0.887041303461982,0.999486182046446,-5.01844618476522
"PAPOLA",0.000252349684956243,19.90021648999,0.0060400659770022,0.995261685175901,0.999486182046446,-5.02485896790154
"FXR1",-0.0731517135894002,21.1822031102922,-1.32692527659313,0.204708888998509,0.999486182046446,-4.52508852029776
"FXR2",-0.122633834965281,19.9113338460542,-1.34300511794646,0.199571193542565,0.999486182046446,-4.5138700999126
"RAB5C",0.0470533418577155,23.7365630390026,0.665040618690245,0.516288463236244,0.999486182046446,-4.89155218588791
"RAB7A",0.0271139781088756,24.6968973454237,0.361982792143156,0.722498187693786,0.999486182046446,-4.98478427710965
"RAB9A",0.0477313231873886,19.3675506014927,0.745987546680417,0.467397805858234,0.999486182046446,-4.85802085270075
"RAB13",0.00028691600472186,19.2025623683117,0.0029288902437465,0.997702330896658,0.999486182046446,-5.02486755838413
"RAB28",0.184524576903669,16.6387774088197,1.22423879780288,0.240056271110826,0.999486182046446,-4.59447125712052
"RAB27A",0.0848556924976869,18.5180490883823,0.870534664436303,0.397954601648856,0.999486182046446,-4.79977940449619
"FABP6",0.24069612447013,13.9433180343342,1.07616178931678,0.318804565963476,0.999486182046446,-4.68299765205803
"DAP",0.0234181693975604,15.332104447232,0.0885329467119702,0.930643909871836,0.999486182046446,-5.02245808606906
"DAP3",-0.0175329495391097,21.6124900609352,-0.275903889877569,0.786449734767036,0.999486182046446,-5.00152079101413
"DUSP3",0.0606921120887165,20.3181359842132,0.663182116487147,0.517444530125142,0.999486182046446,-4.89228085063824
"DNA2",-0.0469270997721374,16.1654325184399,-0.241996135944153,0.812115309956717,0.999486182046446,-5.00689210143249
"SMARCA2",0.0216064041876756,17.2699900200784,0.196840796375866,0.846638598359751,0.999486182046446,-5.01296405222648
"SMARCA4",-0.0609829989102977,20.2186192574996,-0.734328409630844,0.474261013803051,0.999486182046446,-4.86306466130824
"IDH3G",-0.0367841871863739,21.6942239934383,-0.386458241951041,0.704674881931086,0.999486182046446,-4.9792202613289
"GALK1",-0.096605170016776,22.7693138281749,-1.50282903363506,0.15398808246991,0.999486182046446,-4.39756073741624
"SSR4",0.00174071022210498,22.818196450066,0.030704097988588,0.975917113680387,0.999486182046446,-5.02457998088862
"BCAP31",-0.0621862736581775,22.867637503971,-0.703733329002964,0.492559089849156,0.999486182046446,-4.87595943456006
"TPMT",-0.112065647454951,19.1036404390213,-2.20228664849065,0.043988606731033,0.999486182046446,-3.81248926565719
"BRCA2",0.0790096023965567,16.338537468076,0.333435592497813,0.743835395092485,0.999486182046446,-4.99068127158471
"MECP2",-0.00450379619336516,17.5578137566506,-0.0307252938336278,0.975900494214984,0.999486182046446,-5.02457958007776
"HCFC1",-0.0333308729345134,21.7946787011962,-0.523027017360364,0.608723099057205,0.999486182046446,-4.94174938945285
"IRAK1",-0.0231041460466166,18.7955230015883,-0.290649116266061,0.77536623986428,0.999486182046446,-4.99896875702705
"ALDH3A2",-0.0253702820509965,21.9921753372228,-0.426003932205691,0.676255877507426,0.999486182046446,-4.96948484593714
"ALDH5A1",0.0194439966166478,20.7489825739382,0.458987355302892,0.652934020000967,0.999486182046446,-4.96066593671861
"HSD17B4",0.0137065960763962,22.9991478459307,0.231277365851824,0.82027678388295,0.999486182046446,-5.00844543595006
"PSMD7",-0.0455740436291094,22.8818299470464,-0.666244834671837,0.515540180260247,0.999486182046446,-4.89107904978522
"UBE2D1;UBE2D4",-0.159347860977793,16.6032314504547,-0.495550614725116,0.62808890701381,0.999486182046446,-4.94984472673164
"SUOX",-0.0407897591783097,16.7693367197661,-0.313773978837996,0.758086253930053,0.999486182046446,-4.9947034624843
"SGSH",0.277583553298991,16.2004375244002,1.03134344406046,0.318994624170225,0.999486182046446,-4.71335414331986
"ARSD",0.547172577414138,17.054118407133,0.98370936201502,0.342612715100109,0.999486182046446,-4.73969783752887
"STAT5B",-0.00979365287046008,17.7243973015351,-0.0841276279075218,0.934086096086769,0.999486182046446,-5.02269208297348
"USP11",0.0751503453624025,19.4904846307752,0.890522093751482,0.387480134730305,0.999486182046446,-4.78970841680402
"CLCN7",-0.0298444916166787,18.4891156347124,-0.395462331178482,0.698162125237951,0.999486182046446,-4.97708438843698
"PLXNA3",-0.180406397780532,15.8176525147671,-0.919378760266992,0.372688073357154,0.999486182046446,-4.77482545590105
"DYNLT3",-0.156210705507391,17.5310269393627,-1.12860553827377,0.277086265192253,0.999486182046446,-4.65537045823534
"VAMP7",0.00314483362824092,20.7411292941011,0.0549171166502085,0.956941415893661,0.999486182046446,-5.0239418651772
"RPS6KA3",0.0399388850566567,19.7093692363691,0.531744288503437,0.602820079373938,0.999486182046446,-4.9389931041778
"HDGF",-0.121663814495221,23.1513250770866,-1.10107314818441,0.288508517838614,0.999486182046446,-4.67220015130089
"LUM",0.424131554716283,19.0582929409189,1.6123084205516,0.128502334465346,0.999486182046446,-4.31395252718886
"CCNH",0.0379368197167764,18.5789056585392,0.426250438064643,0.676080260873516,0.999486182046446,-4.96942128690332
"MNAT1",0.0061657559541004,18.6297826193425,0.0846666420839605,0.933664851764673,0.999486182046446,-5.0226640924191
"NEK3",-0.0862209126922693,15.5324490548643,-0.615442755836862,0.547641206063029,0.999486182046446,-4.91035318526918
"UBE2E1",0.11375796812327,19.0554895945424,0.471734297060269,0.644156252072644,0.999486182046446,-4.95701633903633
"NDUFA8",0.0548163011633385,21.3993242345474,0.582832112015293,0.56881002485627,0.999486182046446,-4.92197739381583
"HNRNPA3",0.0098523076169954,24.599850669645,0.0901746079252981,0.92936152680081,0.999486182046446,-5.02236783674437
"PGD",-0.0176058770201344,24.8143988558021,-0.329182432981515,0.746645346117634,0.999486182046446,-4.99168370789292
"HNRNPM",-0.0694374336957004,24.8552981614279,-0.74933586954236,0.465438086373542,0.999486182046446,-4.8565591884342
"KPNA2",0.0135566028838383,23.7317536420761,0.209492749764509,0.836929424155936,0.999486182046446,-5.01138766522258
"KPNA1",-0.0781858766811787,20.1895282302881,-1.11108618556828,0.284314482520438,0.999486182046446,-4.66611683024418
"NCBP2",-0.182714873385542,20.058158989288,-0.896201951573563,0.384823246686569,0.999486182046446,-4.78668452416883
"RAP1GDS1",0.0380706811885183,19.8890707973596,0.264111491713647,0.795360033803517,0.999486182046446,-5.00346337983453
"DGKE",-0.0364549530389802,18.4568270188667,-0.345419472633366,0.734655637653527,0.999486182046446,-4.9883482841894
"POLR2H",-0.0702807002559211,20.0153145900795,-0.993885601625342,0.336303793512482,0.999486182046446,-4.73456569345031
"MAP2K6",-0.0260379960026924,17.4964381000101,-0.332159219423036,0.744442050107139,0.999486182046446,-4.99108397590181
"ARHGDIA",0.0421079667398239,25.0952806029923,0.886985650996853,0.38931979662107,0.999486182046446,-4.79150455265192
"ARHGDIB",-0.235163316079788,17.8262307229028,-0.92580039925951,0.371922052980022,0.999486182046446,-4.77043802205326
"SLC7A2",-0.0103671431045633,17.5479465802969,-0.0859243790532111,0.932765125426284,0.999486182046446,-5.02258765318308
"AGFG1",-0.0672823019004767,19.535529007508,-0.792967064641076,0.440365924903801,0.999486182046446,-4.83698041196115
"HNRNPF",0.0165685971393934,23.3361062109194,0.213701344178946,0.833705713860806,0.999486182046446,-5.01084171310011
"STAT2",-0.0557472858413242,18.2684080259283,-0.42105950590721,0.679782500979759,0.999486182046446,-4.97075221730252
"GTF2A2",-0.0690178966272832,19.4106352655704,-0.420267482143176,0.680385671729193,0.999486182046446,-4.9709353069296
"MSH6",-0.0291484407986964,21.5647325304942,-0.661140779053824,0.518716031860048,0.999486182046446,-4.8930790442048
"KIF11",-0.0266404221076044,20.7511188977689,-0.411613722700895,0.686541226153919,0.999486182046446,-4.97313363032996
"VAV2",-0.0308255644167339,19.4753396261211,-0.36745502854715,0.718498330000375,0.999486182046446,-4.98357102503697
"ZNF131",0.0308572744305984,15.8486185541459,0.229672623739568,0.821727412996493,0.999486182046446,-5.00860021078486
"ZNF143",-0.0596701444597176,15.9587345420132,-0.275723564580934,0.786585581141927,0.999486182046446,-5.00155119099623
"RBM5",-0.0992402633537282,18.4904761509218,-0.68147500510741,0.506130229085491,0.999486182046446,-4.88502755471004
"RIDA",0.0999159514577919,21.5643331952992,1.30774250507287,0.210976287144102,0.999486182046446,-4.53834937131372
"SMS",0.0438032227011682,21.2004752486604,0.261741978696888,0.797173185779415,0.999486182046446,-5.00383686520687
"HK2",-0.138009302190383,20.3675766230414,-1.75536070254861,0.0999362409231317,0.999486182046446,-4.19828145840837
"MRPL12",0.147386916060295,19.328902495898,0.707958332833924,0.490186261413495,0.999486182046446,-4.87410948141629
"DGKQ",0.0755626735970054,16.0413862491408,0.455565550488178,0.655336702840624,0.999486182046446,-4.96161022383805
"NDST1",0.0787619360182177,16.4800294360077,0.741336640883864,0.470128272318776,0.999486182046446,-4.86004140767521
"THOP1",-0.0240664413529004,20.6045697635193,-0.297432289879405,0.770284313343051,0.999486182046446,-4.99775086889213
"AKR1C2",0.0754321545048384,15.4609981637054,0.112698067579214,0.91181969238739,0.999486182046446,-5.02095756255563
"CAPZA1",-0.0649315311901653,23.5072912227899,-0.941045681011974,0.3618385208033,0.999486182046446,-4.76338757570845
"CRIP2",0.00577399880203089,19.436583358278,0.0338720157482039,0.973436128231726,0.999486182046446,-5.02451686754709
"NUP98",-0.0196394482061955,20.1102101897167,-0.33836863910659,0.739853539244945,0.999486182046446,-4.98981596261307
"BLVRA",-0.00482475692891171,23.9338216997726,-0.0725302697290105,0.943154257167527,0.999486182046446,-5.02325107413214
"SLC25A1",0.0075846551451022,23.4297133563496,0.141226316328456,0.889601807785462,0.999486182046446,-5.01873589067589
"PPP5C",0.0142402488617144,21.2224850034132,0.282122019086663,0.781769786708802,0.999486182046446,-5.00046053574614
"PLK1",0.0439521822877822,19.5195275625069,0.793454832141371,0.440090542791273,0.999486182046446,-4.83675598750274
"ARFIP2",-0.0366117627182021,18.1044143450009,-0.299311563544411,0.768878282713848,0.999486182046446,-4.99740856767988
"ARFIP1",-0.0692013943601815,20.2872643227294,-1.1793762186892,0.256921469213603,0.999486182046446,-4.62350305257822
"NUDT6",-0.0428722751567676,17.0608171931465,-0.212223380747002,0.835046382650346,0.999486182046446,-5.01097297475785
"NUBP1",0.00327833692835711,20.5786413126013,0.0530621053851486,0.958394382836248,0.999486182046446,-5.02400351284096
"ACLY",-0.00895945982888335,24.859409301471,-0.206711811219838,0.839061239510525,0.999486182046446,-5.01174250927723
"COL4A4",0.427736299121097,15.9582581022443,1.72407408826411,0.107091085421325,0.999486182046446,-4.22735206987863
"METAP1",-0.129331400681224,20.3550783259405,-1.10060420159904,0.288706062988931,0.999486182046446,-4.67248400221777
"SUCLG1",-0.0389818242609614,21.2692561362079,-0.718243524668834,0.483829179187836,0.999486182046446,-4.86990566429709
"MVD",-0.0691245499093718,22.3078670787814,-1.38700836597274,0.186042329465887,0.999486182046446,-4.4827027363079
"PGGT1B",-0.0444767320539405,17.4213474073264,-0.388573817581155,0.703142488791292,0.999486182046446,-4.97872271514586
"RABGGTB",-0.08280286653833,19.3118751637784,-0.837771832890285,0.415527673500265,0.999486182046446,-4.81586075826666
"COPB1",-0.0176068204386652,22.1068541026208,-0.47651426176985,0.640689892332633,0.999486182046446,-4.95572299386809
"COPA",-0.0422540560467652,23.4032117087785,-0.63259182845474,0.536683873401686,0.999486182046446,-4.90400465303978
"CTSC",-0.0861916886834422,18.700402492616,-0.718813421017131,0.483488207387168,0.999486182046446,-4.86966561917483
"LIMK1",-0.0448111249315097,17.4485544345512,-0.08426081855333,0.934303196138541,0.999486182046446,-5.02264555119903
"AP3M2",0.0385486691645127,17.9373783170739,0.256704667971389,0.800952738307324,0.999486182046446,-5.00464740240685
"AP2S1",-0.0684301376451018,22.1336240246925,-0.831896211754854,0.41873202409482,0.999486182046446,-4.81868813700577
"HCCS",-0.00169485830874905,20.7703269890963,-0.0276065233010439,0.978346013270128,0.999486182046446,-5.02463558229697
"SLC5A3",-0.492715132990892,17.6197869698923,-2.12109482700401,0.054266873341174,0.999486182046446,-3.90531462338467
"PTTG1IP",-0.2455150576351,13.4827349749657,-0.536046489713802,0.599917305290499,0.999486182046446,-4.93761691626356
"POLR2K",-0.158203482861747,18.9226435557254,-0.280648695191824,0.783247697418131,0.999486182046446,-5.00057548607527
"SMTN",0.146686277858066,18.444453350534,1.80351607259778,0.0917667470907902,0.999486182046446,-4.15846513334243
"SLC16A1",-0.230852366882132,20.0307297397241,-1.98156463814992,0.0664824853493797,0.999486182046446,-4.00715551379996
"IST1",-0.130312318076669,20.6792948965495,-1.60237549768795,0.130265853199158,0.999486182046446,-4.3210707434336
"SEC24C",-0.0381853790595237,22.4810057149411,-0.814624623807955,0.428243959657396,0.999486182046446,-4.82689867299906
"SUB1",0.0214733476023632,24.57801386723,0.215056353351587,0.832668454078913,0.999486182046446,-5.0106636464113
"POLG",0.0227967281094053,19.2118358926568,0.391327702696434,0.701149738159023,0.999486182046446,-4.9780710986522
"CLNS1A",0.050534641885644,21.6225399321039,0.441600155585768,0.665183448696092,0.999486182046446,-4.96539369386495
"BLM",0.0255895918795837,16.5266433076298,0.172528758420088,0.865535471801787,0.999486182046446,-5.01567825957929
"RARS1",-0.0277844494960853,23.5734335895598,-0.518318394064328,0.611923392593819,0.999486182046446,-4.94322022788699
"HIRA",-0.09162821509236,18.045628698196,-0.71899650785111,0.483378696204667,0.999486182046446,-4.86958846497223
"ATXN3",0.047344978512605,17.991492357973,0.248349449485246,0.807288331119267,0.999486182046446,-5.00593856040272
"PMS1",0.0556537851373449,16.7007567265155,0.574559873305871,0.57424785269113,0.999486182046446,-4.92483202953074
"PMS2",-0.0268957342771969,18.212187390207,-0.336231227516302,0.741431856784723,0.999486182046446,-4.99025503254958
"CACNB3",0.0245833553311741,16.3860690665283,0.156926411121647,0.877430602600924,0.999486182046446,-5.01729788770854
"YARS1",0.0217930788831886,23.0944174595045,0.417216746484261,0.682528717499355,0.999486182046446,-4.97172733296113
"USP14",-0.0137921814029767,22.806294447722,-0.323424710704753,0.750913459169988,0.999486182046446,-4.99282870783074
"PRKAG1",-0.00558328122698981,19.7325803960927,-0.0814790868485021,0.936156247983545,0.999486182046446,-5.0228270256617
"HSPA2",0.0343052483210791,21.2689071757832,0.290190108825574,0.775710513575102,0.999486182046446,-4.99905017146407
"ATP1B3",-0.0139268902220273,22.5259305639056,-0.192740819743037,0.849790549860619,0.999486182046446,-5.01345399267058
"RAD23A",-0.0256861164032145,19.7280152995766,-0.226444998508077,0.823963344701624,0.999486182046446,-5.00912295591416
"RAD23B",0.0671324468118044,21.7620263890671,0.241941449256451,0.812223399598963,0.999486182046446,-5.00687820693284
"EPHB3",-0.147724225489817,17.1013626187711,-0.93662654854365,0.364033464277695,0.999486182046446,-4.76573857874147
"EPHB4",0.00876349328965986,18.2303490060073,0.129739979484051,0.89852480278673,0.999486182046446,-5.01969237676105
"EPHA4",0.00706776311622903,16.5734040647317,0.0451614754252019,0.964584321637798,0.999486182046446,-5.0242423642548
"NAGLU",0.0466624524471015,18.5805140884697,0.935509220700875,0.364589884249024,0.999486182046446,-4.76633153388225
"GALC",-0.0225431395852418,18.1305050864368,-0.177638847489227,0.861423014451446,0.999486182046446,-5.01517029833622
"AK2",0.0285426494589878,23.2860887115371,0.294053081810713,0.772814657487963,0.999486182046446,-4.99836104395595
"ALDH18A1",-0.0217366549043412,23.0764328592566,-0.427603044964741,0.675116978192334,0.999486182046446,-4.96907189933845
"NAPA",-0.0216067927376962,22.1896431279523,-0.241014174369749,0.812862072496189,0.999486182046446,-5.00703730011838
"EIF5",0.0659225336920706,22.2676890279024,0.854038580091684,0.406740103482071,0.999486182046446,-4.80794303793888
"SLC12A2",0.00877682451982054,20.8450640426223,0.170028167421681,0.867298015984593,0.999486182046446,-5.01598251727959
"PSMD4",-0.0980158804878535,20.7636380219811,-0.908997289918068,0.3779646570904,0.999486182046446,-4.78022611015673
"DRG2",0.0242126270888292,21.3674556317104,0.435338276933143,0.669619526913998,0.999486182046446,-4.96705332512726
"PLTP",0.292089051405867,16.4978869814755,1.97053085749614,0.0678441827904212,0.999486182046446,-4.01670049499729
"CSE1L",-0.00692757511597009,24.4263443140451,-0.14050828261611,0.890159162736265,0.999486182046446,-5.01879804995061
"TMBIM6",-0.0769753761044072,18.8496725291743,-0.736933727262373,0.472722093186516,0.999486182046446,-4.86194377531817
"VCP",0.017750579549535,24.9222793415931,0.367046145886337,0.71879690473306,0.999486182046446,-4.9836622917328
"MFAP1",0.0601591689594585,17.7159448671224,0.391542256076617,0.70099457934147,0.999486182046446,-4.97802014405653
"MFAP3",0.0783316354445844,15.642906606428,0.346525657754176,0.734193156252948,0.999486182046446,-4.98796108607751
"HADHB",0.0406083124697965,23.6314227644092,0.619983990899025,0.544727741281806,0.999486182046446,-4.90868777648131
"MANF",0.0926145380810048,21.0942276184012,0.626803471992517,0.540427918084449,0.999486182046446,-4.90613213874481
"AFDN",-0.00955345663248863,19.147525835417,-0.159262970267663,0.875621882661576,0.999486182046446,-5.01707099039188
"ELL",-0.031972873868586,17.7964903959033,-0.377832143553619,0.71093674978454,0.999486182046446,-4.9812216390933
"BRPF1",0.0351451524929054,17.9195880571918,0.26113010756966,0.797602834874477,0.999486182046446,-5.00394643899863
"NAP1L1",0.0758065180928504,23.6535492675624,0.856048573707516,0.405662825079617,0.999486182046446,-4.80695553809419
"CASP7",-0.0015477517301008,20.6053884007091,-0.0285035750864509,0.977642584618357,0.999486182046446,-5.02462008779535
"CASP6",0.0784730725183174,19.9946129560762,0.982747717615087,0.341577174149606,0.999486182046446,-4.740749064461
"ADK",0.0179042053819281,23.0266392282692,0.344866364581423,0.735062910020396,0.999486182046446,-4.98846448667792
"ADAR",-0.0384115502492186,21.6458310695714,-0.870973188545443,0.397722786264952,0.999486182046446,-4.79956055161967
"LAMB2",0.0141237335686171,16.1625037614426,0.0364800544112969,0.971576538538327,0.999486182046446,-5.02445040603203
"FOXA1",0.106613792509151,16.4378525460935,0.688771343954581,0.501657755261482,0.999486182046446,-4.88208422845294
"TPD52",0.0707345214089052,20.3562683749467,0.647653902016646,0.527161318270732,0.999486182046446,-4.89829578111977
"PKNOX1",-0.0790406703083395,14.6786690917722,-0.292281460892054,0.77516781307162,0.999486182046446,-4.99828149895176
"SEC13",-0.0879244440506994,21.0878139081397,-0.432908535698048,0.671469178109898,0.999486182046446,-4.96762824290612
"SNU13",-0.0182089858412944,21.3693779714729,-0.223223624255398,0.826423287586556,0.999486182046446,-5.00956673851301
"NPEPPS",0.0300301188075061,23.2935691403819,0.391695012722436,0.700884118534446,0.999486182046446,-4.9779838491357
"GFER",-0.0807823853552527,17.4933077807754,-0.518405594389287,0.611864050761956,0.999486182046446,-4.9431931036953
"HNRNPH2",-0.00052562865695549,20.5367095022933,-0.00366164783700426,0.997127800711544,0.999486182046446,-5.02486607000967
"OXCT1",-0.0053931259415485,21.4344648533026,-0.056817074621079,0.955453407575979,0.999486182046446,-5.0238765293615
"SUMO3",-0.222923121127781,14.296326905031,-1.5172731646459,0.150335063683701,0.999486182046446,-4.38664370564252
"EIF3B",-0.0478079629735078,23.6805047059666,-0.519746122007394,0.610952145031108,0.999486182046446,-4.9427755795909
"BID",0.12420083384951,20.0320675803832,0.490356458988517,0.631239200116648,0.999486182046446,-4.95161722808914
"ATP5MF",0.053577247818108,23.2484436730194,0.51265970781008,0.615780258008343,0.999486182046446,-4.94497113426323
"GFRA1",-0.0152646807845116,16.3866379441921,-0.0507613714191714,0.960198047962267,0.999486182046446,-5.02407693016367
"NDUFV3",-0.118372007108078,16.9861604953615,-0.679952020400135,0.507066696134013,0.999486182046446,-4.8856383154885
"RRP1",-0.00955116680799861,20.1091847112616,-0.122239725757954,0.904359003528799,0.999486182046446,-5.0202733124641
"MARS1",-0.0316328016028464,22.3459652682664,-0.587213078695738,0.565941199498072,0.999486182046446,-4.92045011809199
"ARPP19",-0.0511458647036527,20.8878911627132,-0.141980951154783,0.88905446717282,0.999486182046446,-5.01866240273858
"MAZ",-0.0676996392416882,17.037020238152,-0.426858857352163,0.675646891829222,0.999486182046446,-4.96926426026718
"POLE2",0.00816974553905325,17.0863817026952,0.0498768997357248,0.960889598810331,0.999486182046446,-5.02410442845967
"AP1S2",0.024802560923348,17.135308989812,0.0845053099330041,0.933797980369019,0.999486182046446,-5.02267161941548
"ATP5MJ",0.0456881224129582,20.5662709229701,0.283020770816805,0.781124903160156,0.999486182046446,-5.00029376018091
"ATP5F1E;ATP5F1EP2",-0.447960179047659,20.9043317106456,-1.94087818434115,0.0720252140054089,0.999486182046446,-4.04399088297721
"ATP5ME",-0.188051974332016,21.6958931440409,-1.55692444170024,0.140680354645916,0.999486182046446,-4.35635290815534
"EIF6",-0.00448945118728261,23.2173461022591,-0.0767566548665966,0.939848567103124,0.999486182046446,-5.02305693671112
"CTBP2",0.0138232521650998,21.1878995080518,0.169488715505187,0.867714753246913,0.999486182046446,-5.01603874616262
"NDUFA6",0.0437029178286217,20.1640411905016,0.465911525668946,0.648084253050863,0.999486182046446,-4.95873439281871
"TMEM50B",0.150901303464746,17.979777248416,1.16580000087336,0.263519138626932,0.999486182046446,-4.6320617344951
"PEX3",-0.0864162153878532,18.154935647977,-0.58599389332562,0.566738798125971,0.999486182046446,-4.92087621978476
"HSD17B7",-0.157477850050029,17.9797881257997,-1.00914831689317,0.329171795495044,0.999486182046446,-4.72599980223842
"BCAR1",-0.0771590776544677,18.6172620612851,-1.16804061021527,0.261323555579364,0.999486182046446,-4.63071029213547
"STX17",0.084309325403872,18.6076949755646,0.826626080789507,0.42161978725942,0.999486182046446,-4.82120939333993
"RWDD2B",-0.295050563929006,15.356395003198,-2.0517334364999,0.0583893880890337,0.999486182046446,-3.94600086929567
"PRDM15",0.126243798895167,16.5439003832185,0.665217875480502,0.516178279322049,0.999486182046446,-4.89148259099132
"CFAP298",0.0165742636810791,18.9477775172208,0.152442846802049,0.880903281098622,0.999486182046446,-5.01772392767751
"WDR4",-0.0324851331768095,18.8770142687175,-0.278896512650268,0.784196321911646,0.999486182046446,-5.0010134232998
"TMEM33",-0.152979011182143,21.4704918846165,-2.49788536520202,0.024835145906284,0.999486182046446,-3.54411473634552
"SYNJ2BP",0.0908141523990267,19.9414835828631,0.692799609660611,0.49919845840619,0.999486182046446,-4.88044700348874
"GEMIN4",-0.11684314884997,19.7392389707179,-1.53540595912591,0.145852667457567,0.999486182046446,-4.37284942949367
"PCBP3",-0.190164078531446,18.30037480037,-0.665913227695883,0.515950716148815,0.999486182046446,-4.89109461439948
"RAB25",-0.0509817097948293,21.1135122185077,-0.746166156479479,0.467293141008942,0.999486182046446,-4.85794303107068
"CORO7",-0.0619287864969742,19.9837629827366,-0.88399856488725,0.390878247161129,0.999486182046446,-4.7930169148571
"NUP107",0.000747003749854258,21.0198741800339,0.00813700595444499,0.993616710131569,0.999486182046446,-5.02484981576587
"SNX16",-0.0106910907348183,12.1434585006532,-0.0414263687036897,0.967597651846361,0.999486182046446,-5.0243366583214
"EEFSEC",-0.0613706618860839,19.8076916867014,-1.13278227170091,0.275383579043659,0.999486182046446,-4.65278930230482
"SESN2",0.0172398322074407,17.4243051262617,0.143740333595491,0.887650844277429,0.999486182046446,-5.01851576840575
"EPPK1",0.0276177646368971,23.5404332707044,0.412956664302962,0.685578606516778,0.999486182046446,-4.97279824253971
"SMIM11",-0.298252871007179,14.6296857416551,-0.668814492899445,0.514009370050049,0.999486182046446,-4.89003099008045
"MTPN",0.237582899193782,19.9819662444191,0.904672387621218,0.380466180616769,0.999486182046446,-4.7823353018624
"YBEY",-0.0514865531292727,16.8795899914604,-0.30705876963532,0.763090907640424,0.999486182046446,-4.99597508583089
"AP3S2",-0.0136362910948478,18.2811359479385,-0.119546107630259,0.906455691655557,0.999486182046446,-5.02047353208179
"ARPC4",0.0599776255219666,24.3241122719044,0.971944334211421,0.346747750759223,0.999486182046446,-4.7466918785774
"ELOF1",-0.0107635496972591,17.8148962860925,-0.0177536761703232,0.986095858805504,0.999486182046446,-5.02477257462323
"CD81",-0.142667506402567,20.1948787954157,-0.344252122316486,0.735612249746637,0.999486182046446,-4.98855101515284
"SEC61G",-0.182046584076478,21.436348651948,-0.553144515789097,0.588615622441761,0.999486182046446,-4.93195245690815
"TPI1",0.074303232841725,26.3409602822476,0.668620758121522,0.514065639592216,0.999486182046446,-4.89014325012855
"EIF3E",-0.0461482580228747,23.1662328314047,-1.12206355757859,0.279769064220131,0.999486182046446,-4.65939852113479
"SEC61B",-0.130728322259106,22.0562072822768,-0.611904332460421,0.550102686429503,0.999486182046446,-4.91153841257238
"PTEN",-0.025468253133738,18.1911782687434,-0.298119413300415,0.769770125908908,0.999486182046446,-4.99762595822513
"PPP4C",-0.105342924598013,21.3647195608838,-0.677432703021348,0.508682811405377,0.999486182046446,-4.88660962851535
"GABARAPL2",0.00982052100401631,21.3273657184077,0.0887961171440452,0.930438320898849,0.999486182046446,-5.02244372986267
"ROMO1",-0.0758038229809088,20.4338522916689,-0.248182531996254,0.807483357202309,0.999486182046446,-5.00594083848549
"UBE2G2",0.161753736902472,17.4732566902247,0.382616623485156,0.707569768467911,0.999486182046446,-4.98006600487525
"MYL6",0.384456251588041,21.4066765697308,0.662496791532711,0.518074535371236,0.999486182046446,-4.8924348651938
"PFN3",-0.217500723182415,19.3743255486742,-1.18008883327813,0.256816484861837,0.999486182046446,-4.62304472987761
"ACTB",0.00127955726490825,25.1425107121051,0.0023410854928544,0.998164080045621,0.999486182046446,-5.02486850988266
"RAC3",-0.0961975350260538,18.5346457585298,-0.201402284276085,0.843189960487595,0.999486182046446,-5.01239146188126
"EIF4A1",0.000478042302706427,25.2462518223845,0.00644917220079472,0.994940753863929,0.999486182046446,-5.02485739492423
"RPS20",0.0257856594275658,24.889794904951,0.192322416983182,0.8501194394109,0.999486182046446,-5.01350150174696
"PRPS1",-0.18693729420006,19.7525844819573,-0.877862336992973,0.394372067826346,0.999486182046446,-4.7959818757962
"PSMA6",-0.107241940972695,24.0564889080767,-0.844764137268116,0.411735224862586,0.999486182046446,-4.81247348860396
"S100A10",-0.0257148796114883,18.6935829020015,-0.080191414351079,0.937184416135432,0.999486182046446,-5.02288855227336
"CDC42",-0.0483734582788884,23.9296236077107,-0.621069705863911,0.544032453652773,0.999486182046446,-4.90828792976576
"DSTN",-0.0569241894512622,24.1034601171197,-0.356716581731616,0.72639663649333,0.999486182046446,-4.985916642461
"GMFB",0.0956905182070429,21.0981447532617,0.739759375991929,0.471056462952344,0.999486182046446,-4.86072406605039
"RAB8A",-0.0794438634148626,19.7601293309857,-1.38384195953427,0.186990243146403,0.999486182046446,-4.48496798496273
"SPCS3",0.0607295349097718,21.028548216819,0.809125886245938,0.431301203664182,0.999486182046446,-4.82948098589197
"SRP54",-0.0392961247536654,22.2274874070093,-0.663296816010256,0.517373139351054,0.999486182046446,-4.89223593442802
"RAB4B",-0.0346199886224419,16.8957852590561,-0.0749880435673477,0.941251880558554,0.999486182046446,-5.02313730587547
"RAB2A",0.036352930677694,21.3152287974355,0.222785431611046,0.826786075693594,0.999486182046446,-5.00961798693287
"RAB5B",0.0808227616068287,20.0969011001762,1.35649994593962,0.195340127280345,0.999486182046446,-4.50438394995638
"CKS1B",0.0291584584466165,19.0459695452654,0.158343889827161,0.876348815899736,0.999486182046446,-5.01715712278089
"RAB10",-0.0411308863427635,22.6936361541702,-0.705355838938183,0.491578311186443,0.999486182046446,-4.87528806782308
"UBE2D3;UBE2D2",-0.253929135330168,22.351293370495,-0.758824558866192,0.460149555484193,0.999486182046446,-4.85225816669295
"UBE2M",-0.0910046902444002,23.0102940609136,-1.08398520861571,0.295771948485588,0.999486182046446,-4.68248218944186
"UBE2K",-0.0397015550790947,23.452323019712,-0.283316954634687,0.780895849882483,0.999486182046446,-5.00024492336029
"UBE2N",0.0621393075992067,23.2701278751939,0.611192670762515,0.550375572435419,0.999486182046446,-4.91190152079067
"RAB14",-0.0175030347592937,22.397783488835,-0.339796871742743,0.738799570418968,0.999486182046446,-4.98952105651305
"ZC3H6",-0.0441179768475628,16.4053130464681,-0.0934387782518734,0.927040836440874,0.999486182046446,-5.02215230665949
"ACTR3",-0.0192483987096566,23.7040971679008,-0.260217505626465,0.79829330826651,0.999486182046446,-5.00409195762594
"ACTR2",0.00194260075733155,22.9552690745875,0.0202171276206669,0.984141105389422,0.999486182046446,-5.02474436984188
"ACTR1A",-7.81316888271988e-05,21.9666304147404,-0.00168312634838745,0.998679612057761,0.999486182046446,-5.02486932718288
"TMEM258",-0.124226911577878,18.8431219479748,-0.183357919990892,0.857250704751684,0.999486182046446,-5.01447534564078
"COPS2",-0.00196833593748735,21.0408061088061,-0.0279135282718156,0.978105271317985,0.999486182046446,-5.02463033524903
"ARF3",-0.433511265519,15.0218369863108,-0.956837205161682,0.354164943960614,0.999486182046446,-4.75487474176387
"ABCE1",0.00539410592396905,22.2449724826633,0.0933983980425154,0.926843857225221,0.999486182046446,-5.02218579350661
"RAP1B",-0.249094676350762,18.4838917804063,-0.491270438407259,0.631149173141147,0.999486182046446,-4.95105803007936
"RAP2B",0.072409779165806,19.4259056706472,0.960080352405718,0.352489039630381,0.999486182046446,-4.75315546720911
"MAX",0.111370135125689,18.0120156516741,0.702610498224161,0.493238499092682,0.999486182046446,-4.87642322159679
"RPS3A",-0.0185390313582587,24.5196802955181,-0.325890355049475,0.749084673693822,0.999486182046446,-4.99234080452961
"RPL26",-0.0353467457678072,21.4375851377704,-0.333847189865007,0.743193707343091,0.999486182046446,-4.99074155324178
"PSME3",-0.00445624865509942,22.5987639588935,-0.0590277717807845,0.953722250890471,0.999486182046446,-5.0237977128167
"RPL15",0.0378550074705082,25.3020206829888,0.417396829131723,0.6823999178486,0.999486182046446,-4.97168182925149
"MAGOH",-0.117845929551674,18.6509397356592,-0.288141655012064,0.777327553551918,0.999486182046446,-4.99938140459989
"RPL27",0.0573457528646095,25.7931246263024,1.31997874216603,0.206960996408683,0.999486182046446,-4.52990606691703
"ATP6V0D1",-0.107474043699199,21.6428638747243,-1.24040884146597,0.234192873671845,0.999486182046446,-4.58381192665991
"PCBD1",0.33404013824973,20.1484239718314,0.970498069548173,0.347754185908142,0.999486182046446,-4.74737026514129
"RPL37A",-0.106019624659652,21.4746050202512,-0.628657291516003,0.53927495145124,0.999486182046446,-4.90542590790087
"RHOA",0.0495367197108081,21.5198476664498,0.314666223699849,0.757456312730841,0.999486182046446,-4.99451850006789
"NAA20",0.23194134823051,18.8398044412619,1.11417725630305,0.283191112650653,0.999486182046446,-4.66420581011171
"HSPE1",-0.0531900051262397,25.6406776511344,-0.65278503906753,0.523939163305481,0.999486182046446,-4.89632270327738
"SEC61A1",-0.16910328529962,22.0399932745715,-0.832907674510838,0.418442975569878,0.999486182046446,-4.81807258436461
"VBP1",0.0920675619157798,21.8156579335638,0.843707957444211,0.412306612364332,0.999486182046446,-4.81298669924665
"STXBP1",-0.0244735428630563,18.7167683120147,-0.256755134714497,0.800914513802977,0.999486182046446,-5.00463947544545
"B2M",0.157707885584347,18.8718743930634,0.68840209436111,0.502071601343794,0.999486182046446,-4.88212902594615
"DAD1",-0.116794771743297,22.758878616035,-1.34263544534617,0.199688130317546,0.999486182046446,-4.51412904976301
"TGFB2",0.375173981617547,18.4567114146298,0.957959518507369,0.356304422715936,0.999486182046446,-4.75325230106578
"NPC2",0.00893914889675074,19.2374121700096,0.0528711433459741,0.958548366124809,0.999486182046446,-5.02400939732032
"COPZ1",0.0719402860932234,23.060684778737,0.880161410806266,0.392886334594744,0.999486182046446,-4.79495325971164
"RPL37",0.155886530626709,16.7183485437439,0.360083809483683,0.724372218264988,0.999486182046446,-4.98498321749772
"SUMO2",0.0383333030678727,17.441883786808,0.407867594293483,0.689229413692076,0.999486182046446,-4.97406360434153
"UFM1",0.0754529602343084,21.7488358128982,0.558794570986346,0.584711106159939,0.999486182046446,-4.93015240701597
"DCAF7",-0.0447822329004417,20.3914845163054,-0.871877870633456,0.397244831557234,0.999486182046446,-4.79910875542384
"WDR5",-0.0498825441063282,20.9566819325891,-0.698940211543272,0.495463201715488,0.999486182046446,-4.87793454945284
"AP1S1",-0.0145382911216458,20.7940695427462,-0.0930673906723094,0.927110093914653,0.999486182046446,-5.02220372572201
"NUTF2",0.398794062236899,22.0186238884235,1.31496030822976,0.20899778082108,0.999486182046446,-4.53350332757004
"HNRNPK",-0.007002761774352,25.9599961114699,-0.104709251733739,0.918017048105484,0.999486182046446,-5.02149660776928
"YWHAG",0.0213803796540795,22.9711611524487,0.380726357572743,0.708833348010208,0.999486182046446,-4.98055503591827
"USP46",-0.160918817675357,16.1850461127157,-0.705478626361714,0.492291503724658,0.999486182046446,-4.87480157367911
"RRAS2",-0.0512602955594801,17.613413288941,-0.430589884782201,0.672991930868353,0.999486182046446,-4.96829659495619
"TIMM10",0.205334428479645,16.5204337925259,1.41828065608576,0.176889740642713,0.999486182046446,-4.46014735449551
"RPS7",0.0290591606340271,25.5025227991486,0.379335665653686,0.709843743856148,0.999486182046446,-4.98087596121831
"PPP1CA",0.0152926185172291,23.9002773781206,0.247771702425631,0.807726947310098,0.999486182046446,-5.00602628133553
"PPP1CB",-0.0979146639237456,21.6279290321639,-0.868561143600868,0.398998969224769,0.999486182046446,-4.80076315036283
"PSMC1",0.0224973296115785,22.9607693426825,0.520892029269579,0.610173159438279,0.999486182046446,-4.94241786155591
"PSMC5",0.0243619656811838,22.7397392923109,0.498203659552677,0.625686422810459,0.999486182046446,-4.94936111115742
"RPS8",0.0510365442888698,25.1081914639932,0.686860596832855,0.502826758616112,0.999486182046446,-4.88285778088289
"RPS15A",0.0321377204506952,25.3187313865759,0.472819381924829,0.64326229047789,0.999486182046446,-4.95677978255965
"RPS16",0.0800674519005433,25.8214620096207,0.967680662561693,0.348803445841535,0.999486182046446,-4.74902233102436
"UBE2G1",0.172003408403274,18.8270704101024,1.0909047022623,0.292814594500759,0.999486182046446,-4.67833383561565
"UBE2H",0.074600354754125,18.9014751361186,0.677038135354461,0.508861211777638,0.999486182046446,-4.88680338935067
"YWHAE",-0.0590326388849149,24.904587058171,-0.60869230606889,0.55198768817214,0.999486182046446,-4.91280776194752
"RPS14",-0.0163972021484362,26.1669719435498,-0.103242081262579,0.919170026108505,0.999486182046446,-5.0215891434854
"RPS23",-0.0558032377184041,24.7220062292262,-0.91532615905024,0.374741864858909,0.999486182046446,-4.77693987420544
"RPS18",-9.35785826499114e-05,26.0670774741564,-0.0011629005941911,0.999087721293978,0.999501022888556,-5.0248697829918
"RPS29",0.00132109449163309,21.6662739711305,0.00299513415382791,0.997651165172736,0.999486182046446,-5.02486743403335
"RPS13",0.0351511221803413,25.7676263548741,0.40854898996457,0.688740126501511,0.999486182046446,-4.97389506066584
"RPS11",-0.0891138785680567,24.9869990085801,-1.1468374449866,0.269711765942833,0.999486182046446,-4.64404972805285
"SNRPE",-0.00503403565490146,23.0948150926839,-0.0430088921552777,0.966271240963972,0.999486182046446,-5.02430078312846
"SNRPF",-0.0875851232183074,20.8554028520898,-0.42167572487578,0.679463845629028,0.999486182046446,-4.97053483935291
"LSM3",0.392907159003286,21.5037378563088,0.770416688797125,0.453457840832041,0.999486182046446,-4.84709448807325
"LSM6",-0.0776156360877387,21.4021630490022,-0.657787551951398,0.520808543380708,0.999486182046446,-4.89438530368695
"SNRPD1",0.0824366824336771,22.8337423218369,1.5228642085309,0.148940755298961,0.999486182046446,-4.38240092489613
"SNRPD2",-0.0705776388935817,24.335840538571,-0.710556778672394,0.488442250665479,0.999486182046446,-4.87312656628439
"SNRPD3",-0.0314008180186214,23.8920598310984,-0.172617738242499,0.865330856747657,0.999486182046446,-5.01570210361225
"TMSB4X",-0.0542623146817647,18.5891561102483,-0.0794155516001987,0.937790794280667,0.999486182046446,-5.02292670033793
"ARF6",-0.020662096790268,22.3770373068867,-0.230555365123953,0.820827314140373,0.999486182046446,-5.00854756354922
"PSMC6",0.0439354674977785,22.2696705224928,0.478299823557271,0.639448476929198,0.999486182046446,-4.95520947688535
"SELENOT",0.0289630115720492,19.6137294633357,0.0444745927233101,0.965134505718567,0.999486182046446,-5.02426053654628
"TBPL1",-0.107196669934559,17.2030986845555,-1.25018532683067,0.230702527744468,0.999486182046446,-4.57731796002504
"RPL7A",0.104567935251946,25.3489325279027,1.07135854007554,0.301225300508946,0.999486182046446,-4.68999843337388
"POLR2G",-0.051345149384769,19.2960196372726,-0.478695179060896,0.639173755795592,0.999486182046446,-4.95509552658626
"RAB11A",-0.496743836766001,16.6980990083864,-1.48064584014691,0.159910746415397,0.999486182046446,-4.41435626759389
"ETF1",0.0352406560339027,23.5224042531592,0.507794477843814,0.619105719179443,0.999486182046446,-4.94646192860346
"CNBP",0.14023693257732,20.748809067306,0.719834108395671,0.483092921490339,0.999486182046446,-4.86911712113103
"YPEL5",-0.0746919893753528,17.1645891583851,-0.328963199616366,0.746807704467878,0.999486182046446,-4.99172766775481
"RPS4X",-0.0451646977527034,25.0687573771057,-0.480810270464126,0.637704969067405,0.999486182046446,-4.95448438084981
"PPP2CB",-0.37522014242278,17.2894740390918,-1.26172951485816,0.228234174327807,0.999486182046446,-4.56987810843897
"RHOB",-0.0548747467197472,20.4015945783355,-0.352974264810369,0.72913203499875,0.999486182046446,-4.98672914936375
"RPL23A",0.12705322861855,23.8525293344422,1.46459721512727,0.164017699796662,0.999486182046446,-4.42614492518236
"RPS6",-0.0373384145420381,25.1989521513641,-0.46504875011966,0.648687658080903,0.999486182046446,-4.95897658247548
"H4C16",0.331330266013449,24.7625061887247,1.05249913986759,0.309843003698035,0.999486182046446,-4.70100963285952
"RAB1A",-0.0924100412314353,22.1377446551293,-1.68090832052295,0.113826228356684,0.999486182046446,-4.25877830525332
"RAN",-0.0159498475497308,26.4983810400417,-0.356323071694696,0.726643913931158,0.999486182046446,-4.9860204234861
"RPL23",0.0198358308877609,24.6663402009361,0.216311844925013,0.831707662117932,0.999486182046446,-5.01049766212186
"RAP1A",-0.0897512921095007,20.0199972681202,-0.292032866726263,0.774409849390741,0.999486182046446,-4.9986912247215
"RPS15",0.0267964115556687,23.2194735832624,0.18412471641886,0.856438513575465,0.999486182046446,-5.01444618960544
"RPS24",0.0621771598160556,23.8903244622211,0.36065690562044,0.72351817257538,0.999486182046446,-4.9850532327173
"RPS25",0.0625022732148395,25.9256922625091,0.881760366777071,0.392048719499465,0.999486182046446,-4.79414725425001
"RPS26",-0.0253534496279748,21.9525374802362,-0.125284905398551,0.902023328638592,0.999486182046446,-5.02003549288559
"RPS28",0.0266234884248711,23.9817140541658,0.184680540899876,0.856010361390354,0.999486182046446,-5.0143832640618
"FAU",0.158556576861702,24.0787434424637,0.913214806347409,0.375960780473941,0.999486182046446,-4.777976097082
"GNB1",-0.161795244878398,21.7847789450269,-0.88826962814021,0.388849011817818,0.999486182046446,-4.79076415841173
"POLR2L",-0.0105719753927858,19.3266184407195,-0.0930514779831275,0.927114751552027,0.999486182046446,-5.02220569013292
"RBX1",-0.0512415143329221,20.7928695386708,-0.196137841238667,0.847232260778093,0.999486182046446,-5.01303408132035
"GNB2",-0.189332756307468,21.9323227749761,-0.653166510144488,0.523900087319364,0.999486182046446,-4.89606289480958
"RPL30",-0.0178988390620063,24.3358489435725,-0.19460521531797,0.848356920525782,0.999486182046446,-5.01323246961614
"RPL39;RPL39P5",0.177741025442561,21.1510287240699,0.228847742811381,0.822192513622304,0.999486182046446,-5.00876806871207
"RPL31",-0.00680733353026852,25.0752898143315,-0.115989931988281,0.909224887484356,0.999486182046446,-5.02073105239667
"RPL10A",-0.00941879364434328,25.0148461527614,-0.147700611602399,0.884579062437712,0.999486182046446,-5.01816116836562
"RPL32",0.0253811294641189,23.6330918430679,0.300742851580962,0.767807987617173,0.999486182046446,-4.99714644364507
"RPL11",0.0700761167895791,25.3557715356251,0.744409633181881,0.468323082076952,0.999486182046446,-4.85870763627399
"RPL8",-0.00272728912750253,25.3804402776206,-0.0489443010429656,0.961620256226949,0.999486182046446,-5.0241327942359
"PPIA",0.164761776500463,28.1199282138006,1.53725590557605,0.145401772931593,0.999486182046446,-4.37143658426242
"FKBP1A",0.121092805645233,22.9105621833048,0.303094237531177,0.766135200927124,0.999486182046446,-4.99667958861384
"RPS27A",-0.259836459193075,20.629489353774,-0.397185817183857,0.697031752434347,0.999486182046446,-4.97661572311105
"UBA52",-0.208906254089584,15.8235065707709,-1.06635482485594,0.303406705182799,0.999486182046446,-4.69295769831906
"GRB2",0.0377580908807182,22.3458862077861,0.398469134412453,0.695992696149941,0.999486182046446,-4.97636051082419
"TRA2B",0.115435835050441,22.7816509611975,1.14078205669712,0.272144420898167,0.999486182046446,-4.6478251194856
"RAC1",0.0105864719476543,22.7541044964094,0.0479934357939551,0.962378117936684,0.999486182046446,-5.02416025801102
"AP2B1",-0.0162654252437058,21.7085213087007,-0.165386774161133,0.870884903355358,0.999486182046446,-5.01646049191552
"GNAI1",-0.0387461829991089,16.0351331516598,-0.190819794383979,0.852222479331442,0.999486182046446,-5.01342315524096
"PPP3R1",-0.0902080691713216,18.0106980477194,-0.28951880844391,0.776294537835497,0.999486182046446,-4.99913818147925
"YWHAZ",0.0188211060887404,26.2725347162158,0.24139022341343,0.812576072314805,0.999486182046446,-5.00698176423874
"UBE2B",0.652984824867707,15.4618533932539,1.8183254600461,0.0908613756571018,0.999486182046446,-4.15069845876741
"PPP2R2A",0.0285150510614827,21.3871895615409,0.481870188729907,0.636969518132205,0.999486182046446,-4.95417715366247
"SUMO1",-0.0416291780757554,17.4083352803192,-0.177484687631916,0.861548454042085,0.999486182046446,-5.01518546400198
"DYNLL1",0.245795203920583,19.1907367891795,0.632772639747294,0.536761821744968,0.999486182046446,-4.90382813895803
"DYNLT1",0.0419439436829983,18.174894110826,0.346692389647326,0.733718658598681,0.999486182046446,-4.98808016581045
"RPL38",-0.0610225052673101,24.072154348235,-0.563601955348794,0.581492759787501,0.999486182046446,-4.92855451334028
"SKP1",0.256158522815468,21.5160258692857,0.589492192554125,0.564629448132811,0.999486182046446,-4.91955155310966
"GNG5",-0.465757908613865,16.5482572346361,-2.19496244453321,0.0446050141610615,0.999486182046446,-3.81904714098518
"RPS21",-0.0185787071020371,24.0163723941166,-0.0634437514279917,0.950281918078141,0.999486182046446,-5.02362969101764
"EIF5A",0.229197942153878,23.6020183671901,0.922434921683662,0.371438700310135,0.999486182046446,-4.77310284076914
"RACK1",-0.082069806597918,25.6028980457318,-0.399515724994885,0.695352424760162,0.999486182046446,-4.97605235953283
"ACTG1",0.0486811384293588,24.6814524420548,0.0473581626559504,0.962875705721319,0.999486182046446,-5.02417892607558
"SUPT4H1",-0.136657583031344,18.2846779897852,-0.790495193704065,0.441763162461262,0.999486182046446,-4.83811585940192
"UBE2I",0.0585628462455112,22.6441989730918,0.42312958960073,0.678335318436144,0.999486182046446,-4.97020829821003
"TMSB10",-0.0317892898278451,19.2056387897857,-0.117759980206859,0.907878117028508,0.999486182046446,-5.02059843659492
"PPP2CA",-0.0479076854413805,19.6281609142315,-0.162651484247781,0.873044200287943,0.999486182046446,-5.01672580221251
"YBX1",-0.0484904873858838,23.8148847070044,-0.229254601752445,0.821882256066258,0.999486182046446,-5.00871091101513
"SEC11A",0.0612152300029329,23.0242847964887,0.79194527009359,0.440943159840968,0.999486182046446,-4.83745015018396
"CSNK2B",-0.0296168235030834,20.8498345878795,-0.173974730950649,0.86427215940696,0.999486182046446,-5.01556040066398
"TPM4",-0.0199843264350363,20.3420731176609,-0.126854650216277,0.900779133829849,0.999486182046446,-5.01991799645827
"UBE2L3",-0.0107665193623632,22.3565091223686,-0.0715872693889205,0.943897944820114,0.999486182046446,-5.02329226706955
"TUBA4A",0.212799840355874,19.5039207820241,1.73261207402276,0.104013533693092,0.999486182046446,-4.21690711183824
"TUBB4B",-0.129635929145135,25.1064885877035,-0.452375601213801,0.657711389217402,0.999486182046446,-4.96241680967791
"CSNK2A1",-0.070077969403826,19.2941525083229,-0.927406840086912,0.368642351037881,0.999486182046446,-4.77061359864727
"PAFAH1B2",0.275776606011551,21.6789070773292,0.82101770516355,0.42496657156459,0.999486182046446,-4.82374702058442
"HBA2",0.195482595770219,23.6825307193209,0.624279251092717,0.542169762712358,0.999486182046446,-4.90699508095819
"NOP14",0.0538978310653988,19.1880201065203,0.587665588030207,0.56564531659628,0.999486182046446,-4.92029175677335
"IGBP1",0.0272384905618743,19.7256061010064,0.225088244712757,0.824999173464325,0.999486182046446,-5.00931063237721
"CYP4F2",0.501110691995894,19.6782547845755,0.710283654683013,0.489653506814981,0.999486182046446,-4.87266270095892
"PSPH",0.0218974479298915,20.6302488827503,0.199514960038873,0.844584229176211,0.999486182046446,-5.01263897911362
"RBM6",0.0560039100310803,15.3603496025111,0.345603239391686,0.734520342140496,0.999486182046446,-4.98830963635436
"EIF4G2",-0.0274034504817493,22.0341257784396,-0.631886649402653,0.537132034407949,0.999486182046446,-4.90426889167219
"RPP38",-0.0409600953773683,20.9323813744608,-0.765426187187078,0.456091279029629,0.999486182046446,-4.84945363930749
"RPP30",-0.000527182159579809,21.1597978191087,-0.00974039601836861,0.992358927301308,0.999486182046446,-5.02484099122178
"GTF2I",0.0129837082267805,22.2911251962476,0.21877809308027,0.829821122567659,0.999486182046446,-5.01016882023848
"PIP4K2B",0.115370922484569,17.9120963079556,0.901786117266734,0.381659652465199,0.999486182046446,-4.78394690721716
"SRPK2",-0.00851715722111024,18.8601964548941,-0.103748796796831,0.918766155364694,0.999486182046446,-5.02155818109023
"CCT2",0.0403936541037311,25.0348451870356,0.584059741784085,0.568005352135164,0.999486182046446,-4.92155050103187
"SLC35A2",-0.101821647818209,18.7191568928281,-0.938899949158788,0.362903140589764,0.999486182046446,-4.76453027502403
"SLC35A1",-0.114638911697071,17.9084957931665,-0.857002983559055,0.405151958142022,0.999486182046446,-4.80648593888251
"SLC35B1",-0.339043777442289,19.3804619197112,-1.32828109625102,0.204671299794428,0.999486182046446,-4.52429074567002
"RAE1",-0.0374545385683547,21.7464192687257,-0.509185758804122,0.618153872866702,0.999486182046446,-4.9460369945697
"IRX5",0.115877820226141,12.6649160128863,0.526158249003338,0.606599471030683,0.999486182046446,-4.9407643024265
"GSTO1",0.0730965979996085,23.8670349028931,1.32601290135864,0.20500355975587,0.999486182046446,-4.52572226640017
"PRKDC",-0.0398873693420221,23.7478223862053,-0.676942032613235,0.508920459193021,0.999486182046446,-4.88684173674468
"ADAM17",-0.0607636032151433,16.4562596304624,-0.498441290085712,0.625522971736007,0.999486182046446,-4.94928991445412
"BLOC1S1",0.0423268927836631,17.1057592800523,0.195983956180042,0.847711608741652,0.999486182046446,-5.01295320484995
"ELF3",0.33267612847647,15.4378796214961,1.5689188127298,0.141140467094587,0.999486182046446,-4.35143815417403
"NTHL1",0.0267765567724183,18.5147237077468,0.1147100772469,0.910240046835494,0.999486182046446,-5.02081880462765
"CRADD",0.273803818111872,17.1038784574701,0.572910199505392,0.575507428300378,0.999486182046446,-4.9253005816045
"ADARB1",0.032615652464095,16.5897901773183,0.329623475402412,0.74631875956177,0.999486182046446,-4.99159518482483
"IFI35",-0.0282825496266561,18.6554896941811,-0.405369196593888,0.693156212072635,0.999486182046446,-4.97364338209062
"NUCB2",0.304646999262722,17.4220546212878,0.734602725900419,0.474327803995607,0.999486182046446,-4.86282213565375
"ABAT",-0.0397387260181326,21.1514995897841,-0.659793235095531,0.519556361730005,0.999486182046446,-4.89360471675235
"BASP1",-0.366939482246231,19.4411920545794,-1.2024111258805,0.248526437626711,0.999486182046446,-4.60870769669798
"TMF1",0.0157680816330679,15.6390069146839,0.107941683529436,0.915496506169461,0.999486182046446,-5.02128522236486
"MRPS22",-0.0206144075095054,21.2451255772968,-0.308531057541155,0.761992707966166,0.999486182046446,-4.99569859769276
"MRPS25",0.00450165367062283,19.5637808432597,0.0696523118716919,0.945405890478903,0.999486182046446,-5.02337698726451
"MRPS10",-0.054082654479835,18.9924199584436,-0.82627770100967,0.421811135212993,0.999486182046446,-4.82137556722826
"MRPS35",-0.00674523557534812,20.5055441442724,-0.0733740992471867,0.942494162896723,0.999486182046446,-5.02321319046066
"MRPS5",0.00734673048228984,19.8310736249747,0.151714828939735,0.881467397370357,0.999486182046446,-5.01779194574047
"MRPS36",0.0157453110176782,18.9368112781586,0.11778404417607,0.907827656741615,0.999486182046446,-5.02060210118144
"MRPS11",-0.00300120718580033,20.5349059890543,-0.0241670097177994,0.981043296009463,0.999486182046446,-5.02469040099082
"MRPS15",-0.242544895322794,20.1105818852339,-2.38973061119805,0.0306775728775964,0.999486182046446,-3.64299159966826
"MRPS21",0.024626416131369,19.2404346718798,0.0699318710870045,0.945205906650793,0.999486182046446,-5.02336305872319
"MRPS34",0.0362850337952558,22.1601972537446,0.489391155776187,0.631762281657478,0.999486182046446,-4.95197857135305
"MRPS6",0.00492086717713391,20.6231884650673,0.0452624803749329,0.964505171117914,0.999486182046446,-5.02423955304952
"MRPS9",-0.0110030841872693,21.4757351334534,-0.154746498805851,0.879118700735832,0.999486182046446,-5.01750656397444
"HMGN5",-0.133500926879359,15.2628610676019,-0.883995039904744,0.390880088716812,0.999486182046446,-4.79301869697879
"SARNP",0.00750578104319999,22.3983764376111,0.0533147805501504,0.958200899426865,0.999486182046446,-5.02399489288437
"LACTB",0.0178561992582651,18.7853010851708,0.199742069556257,0.844409810684599,0.999486182046446,-5.0126111709861
"LSM11",0.030931160849665,16.2845914295445,0.232346043165734,0.819462090064232,0.999486182046446,-5.00829369059446
"COG7",-0.00372345236685234,19.7288945732733,-0.0484553158830544,0.96200337272366,0.999486182046446,-5.02414745327827
"RPL24",-0.0205076553902579,24.5918647338951,-0.282372729866451,0.781581275888222,0.999486182046446,-5.00041729891023
"TXNL4A",-0.0440448166595218,17.8104316280033,-0.228290065094922,0.822555251775662,0.999486182046446,-5.00886594048696
"RPL36A",-0.0639618990954816,19.1964481943171,-0.576670376102879,0.57285791465968,0.999486182046446,-4.92410735628187
"CBX1",0.0373469113878286,22.1392837336092,0.245472829362505,0.809493850293293,0.999486182046446,-5.00636630287528
"SMAD3",0.0210496627305368,18.1138522642133,0.215134472099307,0.83260866395192,0.999486182046446,-5.01065334653308
"ARF1",0.10990648579924,17.9583707030528,0.503743120038809,0.621927540736953,0.999486182046446,-4.9476681611687
"ARF5",-0.0088947417099341,21.6630047507936,-0.102540702228338,0.919708522282465,0.999486182046446,-5.0216348261878
"ERH",0.0883048896527718,20.4760686737987,0.67969658121863,0.507223861364746,0.999486182046446,-4.8857406317976
"RHOG",-0.0170092461029228,19.7265128223997,-0.236738749257911,0.816115631452609,0.999486182046446,-5.00766268448061
"RPL19",0.231604740213236,22.2328046371247,1.10827767974798,0.285837463327168,0.999486182046446,-4.66777081158768
"SERF2",-0.0792075467684157,19.0716783093781,-0.626433664857999,0.540604560786967,0.999486182046446,-4.9063029803062
"SRSF3",-0.00360632241151393,24.0515788772607,-0.0201722374002735,0.984179500575643,0.999486182046446,-5.02474483330473
"H3-3B",-0.419134865737751,13.0570103877149,-1.19858855146668,0.249590659954185,0.999486182046446,-4.61116876077419
"FOXK1",0.0247992103431152,20.112584894018,0.307314450428496,0.762900153973562,0.999486182046446,-4.99592716345699
"ARHGAP8",-0.0148508747975207,18.1046559372478,-0.115672131552215,0.909472418720881,0.999486182046446,-5.0207536883824
"PRR5",0.100703175383916,12.1274001230382,0.579792321779528,0.574004266575335,0.999486182046446,-4.92123924717211
"CCZ1B;CCZ1",-0.055332721264655,20.2093268934152,-0.978656673857655,0.343528736394441,0.999486182046446,-4.74300587334088
"SHC2",0.0633389320263511,15.0557022616578,0.287872143213105,0.777737827228564,0.999486182046446,-4.99934943692558
"DGCR2",0.00334595060600051,14.2601952536727,0.0128290391055491,0.989936096622666,0.999486182046446,-5.0248195309589
"HSPG2",0.141240251168593,15.6926862679639,0.561076977666328,0.586249397093531,0.999486182046446,-4.9276874843209
"XIAP",0.0383190943732075,17.8261961815025,0.517907992188323,0.612202718299569,0.999486182046446,-4.94334782774263
"FAM3A",0.138242787743735,18.3231954654219,0.979302722486667,0.343220028085104,0.999486182046446,-4.74264999888917
"RBM10",0.0196587661921512,20.4521945065586,0.26883103378123,0.791783343652972,0.999486182046446,-5.00269847606404
"RBM3",0.105380579887772,19.5541933500652,0.613742237809337,0.54880672242408,0.999486182046446,-4.91093310942969
"ATP2C1",0.00475022616931398,18.5985700019978,0.0652601097645507,0.948843148052397,0.999486182046446,-5.02355933292878
"ATP11A",0.0575732972578713,16.3223193446172,0.249500298197508,0.806414825001205,0.999486182046446,-5.00576322228814
"CYCS",0.0397049342488422,23.5137632259336,0.603103493070843,0.555600326872341,0.999486182046446,-4.91482089378159
"TFAM",-0.0259197489533953,21.5651141440333,-0.169895973514532,0.867414450874701,0.999486182046446,-5.01599285979428
"PITPNA",0.0410383795211118,19.9739506389518,0.411660218656985,0.686507888485094,0.999486182046446,-4.9731220360408
"MAT1A",0.0131817223395991,14.9392668464499,0.0408992022866978,0.96841012159246,0.999486182046446,-5.02432578432393
"SLC25A3",-0.0197546180954973,25.1439892036331,-0.258063764939985,0.79992351563499,0.999486182046446,-5.00443338785623
"HDLBP",0.0537969165259611,21.9524975990795,1.23075325056696,0.237680465013953,0.999486182046446,-4.59018919726815
"GTF2B",0.0869903366335372,18.6142195594689,1.35604577557725,0.195481335130147,0.999486182046446,-4.50470425567471
"CDK5",-0.0267130465719916,20.631383382599,-0.365804658459201,0.719703755385891,0.999486182046446,-4.98393879750452
"CDK16",-0.0486625217685841,16.6982193340994,-0.213051199693774,0.834203513232145,0.999486182046446,-5.01092675490335
"CDK17",-0.0421414008166892,17.0254346423186,-0.271932449654187,0.789443236679497,0.999486182046446,-5.00218577775972
"PURA",-0.0597007702031398,21.3252973224688,-0.807729412290834,0.432079849835666,0.999486182046446,-4.83013435205808
"CDC42EP1",0.120013382541718,17.5043913059899,0.629045484764586,0.539629608747456,0.999486182046446,-4.90494185797481
"CLTC",0.0541665597484204,25.2555384729427,0.947174292895335,0.358809680221887,0.999486182046446,-4.76011179808375
"HSF1",-0.0192436035893522,18.0157992897182,-0.199850261707735,0.844326722845378,0.999486182046446,-5.01259791249984
"NFKB2",0.0107545177493975,17.9250498764072,0.145885126902197,0.885987004848684,0.999486182046446,-5.01832491677393
"FKBP3",-0.0132587259244445,23.4352154148369,-0.0775763399148197,0.939217140375923,0.999486182046446,-5.02301692874349
"REEP5",-0.0423631244032237,23.1062409733413,-0.457596954664391,0.653909837737872,0.999486182046446,-4.96105045231163
"SORD",-0.0132736439138235,23.5619518087053,-0.140215368344034,0.890386547041937,0.999486182046446,-5.01882331652764
"HNRNPU",0.0637114690659821,25.135431383218,1.10041073395818,0.288787591132619,0.999486182046446,-4.67260107965201
"IRF9",-0.000292017976395442,19.0635761279251,-0.00325411459846617,0.997497662622246,0.999486182046446,-5.02486669404121
"U2AF1",0.0584940035141628,22.636890956997,0.101194807685658,0.920785738110887,0.999486182046446,-5.02171515390616
"SPTBN1",0.0239058889135038,22.5924958615873,0.278940900248997,0.78416291350644,0.999486182046446,-5.00100585726705
"TIAL1",0.0297277072320874,21.465856071191,0.652257256890366,0.524270074881827,0.999486182046446,-4.89652631250689
"SET",0.0406419695266962,23.5655502428282,0.186825327855595,0.854393704514088,0.999486182046446,-5.01412946202934
"SRSF2",0.133235618968261,20.7590234586288,0.831232589123246,0.419197223813452,0.999486182046446,-4.81895581462459
"FOXK2",0.106661426238865,17.9385276726663,0.865649454636275,0.400543129505733,0.999486182046446,-4.80221103862383
"GALK2",-0.0952030961588335,19.9362653321634,-1.37782332771505,0.188802867757139,0.999486182046446,-4.48926419971308
"AMPD2",-0.0845611533810775,21.900347683411,-1.1936355742357,0.251464957838635,0.999486182046446,-4.61436279455737
"FABP5",0.00326220869645866,23.7765249825065,0.0213525106795508,0.983252394187891,0.999486182046446,-5.02472978445793
"CAP1",-0.0643801029843232,23.2530190588651,-1.49079164674784,0.157089040856665,0.999486182046446,-4.40660979711432
"HMGCS1",-0.0245010659658647,22.1992627499278,-0.257693207101632,0.800204095271242,0.999486182046446,-5.00449184955718
"IFITM3",-0.031172489589661,15.7317383680936,-0.0681152831748117,0.946617765016384,0.999486182046446,-5.0234412347471
"SLC7A5",-0.235681792470643,23.6400225082642,-1.94672633009517,0.0708684675999867,0.999486182046446,-4.0372229709704
"DR1",-0.1501197578615,18.5467886119643,-1.31251650609514,0.209402367367293,0.999486182046446,-4.5350617071626
"TFAP4",0.034031380379659,16.2321864309641,0.163841776350168,0.872079539082069,0.999486182046446,-5.01661667811188
"EXOSC10",-0.0274490249884103,20.3963553032582,-0.352051853039602,0.729778440372916,0.999486182046446,-4.98694072051696
"OTUD4",-0.0230802757441744,19.1732546597407,-0.237112475930705,0.81583108826091,0.999486182046446,-5.00760845949727
"PFKP",0.0027019162205697,23.9870850622247,0.0423378015970271,0.966797190359299,0.999486182046446,-5.02431841277375
"XPC",0.0564383332824114,19.5830494816417,0.94562256442301,0.359574896456314,0.999486182046446,-4.76094288621343
"EWSR1",0.127120087090546,21.7718178108923,0.406967823387534,0.689992307485912,0.999486182046446,-4.9742290439147
"OCRL",-0.00514918407987608,19.8221995262544,-0.110041897287984,0.913859330961804,0.999486182046446,-5.0211444421476
"PLCB3",-0.010549478298433,19.4354305405857,-0.178244211884621,0.860956066912617,0.999486182046446,-5.01510417564915
"TAGLN",-0.0727562238989421,19.9556448728417,-0.827157995339227,0.421327741107675,0.999486182046446,-4.8209555571332
"AKAP17A",0.0642668590533759,18.3276589290299,0.865521233209894,0.400611220410762,0.999486182046446,-4.80227470274157
"MEF2B",0.349434423419886,18.6738891784375,1.41390158996225,0.180103498774452,0.999486182046446,-4.46459084498035
"NAAA",-0.0266882265813528,18.4037074439115,-0.293232450538986,0.773429548579867,0.999486182046446,-4.99850818864958
"DHODH",0.00834245095824215,19.6455378524116,0.138322564392991,0.891856137371199,0.999486182046446,-5.01898532197284
"PRKCE",-0.140174587308167,15.7657290178323,-0.917733861660291,0.377210499668973,0.999486182046446,-4.77413371673925
"OGDH",-0.0294617465169615,22.2941764432567,-0.475409783387589,0.641458339614156,0.999486182046446,-4.95603971544756
"CENPE",0.15641250461664,18.9223486325642,1.52864224430203,0.147511278579124,0.999486182046446,-4.37800635756452
"KIF23",0.00424560504829685,19.01031431052,0.0980250366601761,0.923232031443009,0.999486182046446,-5.02191337995256
"ALDH6A1",0.00595637951619921,21.3752078114532,0.0762227596270483,0.940266094304808,0.999486182046446,-5.02308206691149
"BDH1",0.0258310082717053,21.4543874503543,0.1946635496878,0.848318606051897,0.999486182046446,-5.01322371976539
"SP3",-0.112894804556813,16.3648604663457,-0.813336091901368,0.428959119058843,0.999486182046446,-4.82750516855191
"RPL18A",-0.0825765404098497,24.6450562094534,-0.605654860920928,0.553978899105785,0.999486182046446,-4.91388747199634
"MAP2K1",-0.0662287812238418,21.189114080016,-0.825307031909043,0.42234457275363,0.999486182046446,-4.82183824465561
"FKBP4",0.00875495121644576,23.9431286822275,0.145917510741014,0.885961887077036,0.999486182046446,-5.01832201356669
"PLOD1",0.00708285079832649,19.6376876521641,0.138239698700399,0.891920484470307,0.999486182046446,-5.01899236434269
"NUCB1",0.281188967253893,17.7746395038693,0.568090010068844,0.578689981372034,0.999486182046446,-4.92694295052687
"RPL6",0.0199102652059366,26.1028166256967,0.341042842280741,0.737880544917478,0.999486182046446,-4.98926279247806
"TOP2B",0.0826261747151165,18.5149922814206,0.748886562466528,0.465700765314658,0.999486182046446,-4.85675566767387
"SLC25A11",-0.0272431335164711,22.9624817306675,-0.457441652271432,0.654018873443201,0.999486182046446,-4.96109333168999
"DST",0.0195039448658321,18.262696685405,0.153078109431244,0.880411092218493,0.999486182046446,-5.01766431082264
"GSTM4",0.123831256581841,16.8390535193758,0.548361703354038,0.592235605687696,0.999486182046446,-4.93329339137846
"MLLT1",-0.043324177447662,18.2192330717042,-0.34854311300619,0.732357144648212,0.999486182046446,-4.98768862365051
"GNA12",0.0303239840969916,18.1018814795134,0.142947539814555,0.888277997214579,0.999486182046446,-5.01858314006102
"ACY1",0.132161353894769,19.8223432954281,0.870136598220458,0.398251037929904,0.999486182046446,-4.79993800279778
"KMT2A",-0.0163767804156016,16.9989036243882,-0.169230736883206,0.867914061190002,0.999486182046446,-5.0160655733324
"TNFAIP2",0.155295544608965,16.7098209715364,0.800038591520704,0.436384190820389,0.999486182046446,-4.83371485808279
"CENPC",0.0508462909950183,16.1771686251303,0.389915325921327,0.702571947491411,0.999486182046446,-4.97821599961306
"LMNB2",-0.0625531171836613,22.0392271870281,-0.829126693693913,0.420247973578422,0.999486182046446,-4.82001483035701
"MVK",-0.00384583942480887,20.2273520391463,-0.0743897217290208,0.941699739716946,0.999486182046446,-5.02316701366978
"ERCC6",-0.0056237989159591,13.8853517848583,-0.0226761785834601,0.982234353801399,0.999486182046446,-5.02471116866301
"TAP1",-0.124818027635744,18.8678313752165,-1.53837857652264,0.152852688674861,0.999486182046446,-4.37944505670445
"TAP2",-0.0596543711259763,17.4695738547414,-0.651346973705584,0.528499884105153,0.999486182046446,-4.89482171123311
"CEBPZ",-0.00293696128242971,20.0332395951132,-0.0437483354998019,0.965691740665807,0.999486182046446,-5.02428103691763
"RELA",-0.0878501163954972,21.1839758888916,-1.63456677418181,0.12329519878021,0.999486182046446,-4.29573439936725
"UBXN1",0.042219412051054,20.8209928972028,0.631846854987247,0.537157331062917,0.999486182046446,-4.90428379497078
"GBE1",-0.0288096111744416,19.2574455943233,-0.444074847164608,0.663433863613738,0.999486182046446,-4.96473151690933
"EIF4G1",-0.0217253501012351,22.9514446341723,-0.406712803141253,0.6900589579783,0.999486182046446,-4.97434862067751
"KRT17",0.0365315934166759,18.9757493895449,0.128319190838601,0.900120858471912,0.999486182046446,-5.01971386839938
"NOTCH2",0.115074698783893,17.9893997851515,1.32313205661232,0.205936223867146,0.999486182046446,-4.52772135547946
"TLE1",0.0260619241034341,17.7381887091101,0.106069713978802,0.917069087860297,0.999486182046446,-5.021391003176
"TLE3",-0.0963882821835362,19.5036683098525,-1.38879307377843,0.185509778941971,0.999486182046446,-4.48142443922797
"HGFAC",0.129721169185,19.4911466784724,1.51280670622915,0.151456798017814,0.999486182046446,-4.39002629346649
"GLO1",0.184247471613265,24.0517054995658,1.30287698502921,0.2127129087493,0.999486182046446,-4.54172663631166
"SSBP1",0.131095252540067,22.9414030598344,1.33647623474717,0.201644582197978,0.999486182046446,-4.51843629567197
"REL",-0.0941153496931655,18.6363747943148,-1.038340799761,0.315833719278711,0.999486182046446,-4.7093213692427
"YWHAH",-0.0905899113510635,22.4432398706405,-1.3486325379841,0.19779790913848,0.999486182046446,-4.50992217217052
"PLP2",-0.109541626177279,21.0073146648964,-0.535956201803291,0.600137354807796,0.999486182046446,-4.93755822191155
"CSTF1",-0.0474630384890453,20.4391058002759,-0.627709057215069,0.539791266060238,0.999486182046446,-4.90582869132531
"ICA1",-0.0888630882275621,17.7642359428913,-0.735406815507618,0.473623647746584,0.999486182046446,-4.86260113138787
"UBE3A",-0.0452873497442674,19.314781966851,-0.793956991575819,0.439807149331089,0.999486182046446,-4.83652481399086
"DNM1",0.0839952662601426,19.6316787959823,0.927178711977223,0.36875689745353,0.999486182046446,-4.77073370973237
"PTPN12",0.051667837030223,16.5234564716606,0.332000792297904,0.744559253425516,0.999486182046446,-4.99111602731017
"PTK2",0.0485901750808537,19.4299322936492,0.692977234134769,0.499090179888616,0.999486182046446,-4.8803746108246
"PRKCZ",0.0273716646134936,17.5633284101522,0.319208436001428,0.754044277958967,0.999486182046446,-4.99365461200783
"SRSF11",0.0373943587432599,20.7233974587683,0.402114045845236,0.693366548718108,0.999486182046446,-4.97547588343438
"EEF1A2",0.0292220636918685,24.6670009120027,0.260123932629094,0.798364115331424,0.999486182046446,-5.00410684985517
"PRKCD",-0.0350052247426049,20.7368316430214,-0.469569384210782,0.645528870986226,0.999486182046446,-4.95770281739158
"CALD1",-0.120412660332079,15.9279189176585,-0.694682147151213,0.501991852047888,0.999486182046446,-4.87749320848793
"RNASEL",0.0912908465447657,17.5988939287487,0.86963726999504,0.398429268167712,0.999486182046446,-4.8002269689903
"FPGS",0.067528536925181,17.4120160692848,1.01540236725774,0.326280849651123,0.999486182046446,-4.72245913639823
"MBTD1",0.135932893383142,16.614912038202,0.59760725626479,0.559815661644241,0.999486182046446,-4.91641809867639
"CTDSPL2",0.0336321376001862,17.5933224684335,0.384099267903785,0.706385140054613,0.999486182046446,-4.97977193878748
"ITIH3",0.319732573772935,21.1065945400962,1.53120958336362,0.147300615058775,0.999486182046446,-4.37653532036237
"PTPN11",0.023383374524105,21.1594391365147,0.476835807281511,0.640466255044648,0.999486182046446,-4.95563065492585
"KDSR",-0.0697745070082938,18.3094811673017,-0.784256729846781,0.44530192900259,0.999486182046446,-4.84096754419493
"PPAT",-0.0182824682875733,21.1668181784648,-0.241135776289932,0.812769586404775,0.999486182046446,-5.00701935100372
"GFPT1",-0.0291725902818136,22.5051029112184,-0.550440250590944,0.590256689641372,0.999486182046446,-4.93293652170676
"EXOSC9",-0.0853523438846935,20.4104243443069,-0.654519167883659,0.522852723488443,0.999486182046446,-4.89565264021481
"PSME1",0.0345620587369879,23.2792021592231,0.462511583338648,0.650463568421143,0.999486182046446,-4.95968629611187
"RBPJ",0.063600349153397,17.8070751140355,0.588228825408449,0.565277146469224,0.999486182046446,-4.92009448552098
"APLP2",0.0960528605701612,18.3583307339224,0.756225423140286,0.461421639873363,0.999486182046446,-4.85353323459499
"GABPA",0.00571028436042553,18.7817844690233,0.065817035631881,0.948407248289135,0.999486182046446,-5.02353686844537
"GABPB1",0.0959911839646139,15.1622122148092,0.222940776583411,0.827138590501895,0.999486182046446,-5.00945134475347
"RING1",0.021897684402898,18.0548214960237,0.252760353272705,0.803941860682034,0.999486182046446,-5.00526218765714
"RAD51",0.0104541174341648,17.8832737939021,0.101227697298154,0.920732865120141,0.999486182046446,-5.02171711112489
"FMR1",-0.0481106344785012,23.0419037804975,-0.867856472882514,0.399372314956227,0.999486182046446,-4.80111394399869
"FMOD",0.343817190524332,14.9934229515021,1.62569404376799,0.126705624093827,0.999486182046446,-4.3052628516705
"PRDX1",-0.0656225920219455,27.5511303989135,-0.311557220303042,0.759824136476126,0.999486182046446,-4.9950909229604
"EGR3",-0.125900999103418,18.947663605225,-0.669164610537846,0.526116700599978,0.999486182046446,-4.88302757580341
"CDK18",-0.0100217027268386,16.5476382553887,-0.0749732827843163,0.941243305302008,0.999486182046446,-5.02314019435352
"RPL18",0.158275093752728,25.2140803479732,2.14092869761509,0.0494066116088527,0.999486182046446,-3.86724191166315
"C1QBP",0.127636450002505,23.793602513804,0.875093044102064,0.39563577169338,0.999486182046446,-4.79745997239183
"CKAP4",-0.0100329155449081,19.962604855838,-0.0819215039364563,0.935810412475712,0.999486182046446,-5.02280478447817
"TJP1",0.0176318344220832,19.7683373776363,0.295400958960941,0.771805048114041,0.999486182046446,-4.99811848300685
"SPAG1",-0.0371143057918637,17.724058942527,-0.378167779472263,0.710692697643199,0.999486182046446,-4.98114458810782
"KHDRBS1",0.00717113735403885,22.6903746048289,0.0746433373669778,0.9415013707094,0.999486182046446,-5.02315538371467
"BAX",0.163707304284003,20.3699474305409,1.0667606646482,0.303334834458501,0.999486182046446,-4.69269369548061
"BCL2L1",0.134918950416726,17.8230974498054,0.60255045297989,0.556015110734236,0.999486182046446,-4.91498729260982
"MCL1",-0.00512772891026003,18.1362150275285,-0.0544395059608082,0.957315497136784,0.999486182046446,-5.0239579399892
"POLE",0.0536629622799047,18.777831206636,1.09283496846424,0.291993531328531,0.999486182046446,-4.67717291200811
"KLC1",-0.0216337263621895,19.7588535562334,-0.381716426867718,0.708114365779685,0.999486182046446,-4.98032586517027
"SOS1",-0.0305705899521769,16.5000238389796,-0.191984970163536,0.850371917986911,0.999486182046446,-5.01354319775518
"LRP1",0.0846732701741697,15.20163182321,0.291463093698524,0.774755844586731,0.999486182046446,-4.99882407006678
"SRSF1",0.0478336114132674,24.368034943228,0.484703860118488,0.635005244234247,0.999486182046446,-4.95335261320069
"ARHGAP1",-0.00615447331929531,22.0385040861177,-0.0776097740412141,0.939181432111991,0.999486182046446,-5.0230164171251
"TLE5",0.0327041106414629,16.1946515736641,0.226909425926097,0.823608850117972,0.999486182046446,-5.00905845623634
"SRSF4",0.0485780084923917,17.885129294179,0.409544412618234,0.688025605675687,0.999486182046446,-4.97364835266759
"PPP3CA",-0.0559406084523744,21.2517576130214,-0.779451249758234,0.448039969147586,0.999486182046446,-4.84315055224239
"DHX9",0.00717119731097426,24.3913234115843,0.185453159023595,0.855399623892901,0.999486182046446,-5.01429957762069
"CRYZ",-0.0872806315132344,21.225157626781,-1.42425847811252,0.175183003715051,0.999486182046446,-4.4557983952788
"DDR1",-0.0280359201460989,20.6926185118888,-0.37556557277483,0.712585705153258,0.999486182046446,-4.98174022698577
"GOLGA3",-0.0226990091865069,18.1870674541765,-0.207460613783969,0.838487092405634,0.999486182046446,-5.01164742569807
"GOLGA2",0.107502530188903,18.1005855038035,0.808384655610327,0.431714387234481,0.999486182046446,-4.82982790779542
"LGALS3BP",0.0392822751478761,20.7337849518856,0.566406209811566,0.57963421652369,0.999486182046446,-4.92760829534531
"EHHADH",-0.045434474774968,17.1848207817821,-0.174304213609099,0.864383079356621,0.999486182046446,-5.01543481856578
"MFGE8",-0.276634235987181,16.7790249841287,-1.13241632920745,0.284538176173556,0.999486182046446,-4.6519684569161
"PUDP",0.168520664815169,17.6082689849833,0.77127782962147,0.452750880416925,0.999486182046446,-4.84682045777874
"CD47",0.0160070214725394,22.3000387480334,0.153076795287484,0.880412110338407,0.999486182046446,-5.01766443440451
"PPID",-0.0174885031961765,22.2964928980365,-0.299188754181158,0.768970140363601,0.999486182046446,-4.99743100156392
"SSRP1",-0.0461526834384856,23.1747831181657,-0.626020060546397,0.540868454027448,0.999486182046446,-4.90645659841825
"CAMSAP2",0.0575857280081529,18.4200142121642,1.08700337049761,0.294479297448455,0.999486182046446,-4.68067530133394
"SPIRE1",0.0764434286659821,17.2640428576898,0.650012129528051,0.525679057180978,0.999486182046446,-4.89739075061748
"VAC14",-0.0127631225751266,18.7809491661819,-0.184548893672078,0.856096177155718,0.999486182046446,-5.01440224184883
"NSUN2",-0.0062322693478869,23.2410771196806,-0.130857295799242,0.897656188778538,0.999486182046446,-5.01960288420769
"DMWD",0.0501966223453021,15.659948719936,0.37263546729584,0.714719589464068,0.999486182046446,-4.98240613068587
"RBBP4",0.0904290501601075,22.3611256853541,1.24940425976008,0.230979872000979,0.999486182046446,-4.57783813489992
"NCBP1",-0.0758559560934025,21.4682216449332,-0.918794904612255,0.372983486217791,0.999486182046446,-4.77513056525471
"MGAT5",0.030219976248862,18.3371603174831,0.459710480695738,0.652426771589233,0.999486182046446,-4.96046551363758
"EP300",-0.0837397285582853,17.5871838591494,-0.826014231248068,0.421955883589051,0.999486182046446,-4.82150119921778
"AHNAK",-0.134659583066608,20.420612815185,-0.691214899306997,0.500354041849851,0.999486182046446,-4.88098689569405
"FCHO2",0.206768112166031,16.4474787331307,1.33590306318484,0.20182743036417,0.999486182046446,-4.51883643396029
"TMEM62",-0.0826433695962248,13.5909692409271,-0.377192161694521,0.712234064061307,0.999486182046446,-4.98098204849767
"ELP6",0.0313179217937289,18.1488591660836,0.347255747893866,0.733304116995226,0.999486182046446,-4.98796119637588
"HSPA14",0.0097586137611323,20.9876533697761,0.149679995137975,0.883044472194913,0.999486182046446,-5.01798033912361
"SCRN3",0.0749259888956679,19.0782652125369,1.14479563551067,0.270530183659388,0.999486182046446,-4.64532445548957
"CGNL1",0.00991494793855807,18.3791698028533,0.0606252821331089,0.952529964978637,0.999486182046446,-5.02373367792344
"FAAP100",0.0343468479195366,15.8165353642008,0.255948311494818,0.801525680600149,0.999486182046446,-5.00476602124533
"LAMTOR4",-0.24482411152518,20.2653449989016,-2.85844409997727,0.0121193192143982,0.999486182046446,-3.21273496901459
"MGAT2",0.0668852712433754,19.0794901143767,0.931953405840439,0.366364554110298,0.999486182046446,-4.76821461658699
"GALNT2",-0.0216636996266963,20.5876116879252,-0.245077564822553,0.809773172189376,0.999486182046446,-5.00643267352831
"GALNT1",-0.0543324600446873,16.2199394480916,-0.295055774044542,0.772359260128828,0.999486182046446,-4.99806562415208
"AP1B1",0.0020649248601643,22.2760543451505,0.0219143659423315,0.982809961724334,0.999486182046446,-5.02472235664508
"CPSF1",-0.00197552709518334,21.1069135726838,-0.0395671174682709,0.968968806562832,0.999486182046446,-5.02438826475055
"BST2",-0.228708956130443,14.3477122997874,-1.35932710164077,0.217701588968071,0.999486182046446,-4.51219509670746
"PMPCA",-0.038082415537815,21.5041238072395,-0.654940477498716,0.522588964065453,0.999486182046446,-4.8954896004753
"ST3GAL4",0.3706129547831,15.7181148162041,1.60455152806107,0.129784231413746,0.999486182046446,-4.3193670020107
"SCRN1",0.0460509040264441,20.4241396780094,0.520907381813042,0.610162726115189,0.999486182046446,-4.94241306387765
"TMEM94",0.0703468453832663,16.3994139475434,0.376565942480749,0.711857741552277,0.999486182046446,-4.98151171816808
"WASHC5",-0.0152804400424849,20.6748523226242,-0.265695342610958,0.794151420856295,0.999486182046446,-5.00321094426433
"NUP160",-0.0364474210926922,20.014477997456,-0.657947981415043,0.520708321439664,0.999486182046446,-4.89432294683587
"SCAP",0.125062415383333,17.3532338527473,1.32450737857688,0.205490544186533,0.999486182046446,-4.52676736078109
"ARHGEF5",-0.536729357297254,14.7008117942032,-1.32477340625167,0.210509166951928,0.999486182046446,-4.52834148900101
"TBL3",-0.00380090783031761,19.525425962167,-0.0870524804423799,0.93180054626067,0.999486182046446,-5.02253805404173
"GTF3C1",-0.0126008748720885,21.9438045055207,-0.249283268124822,0.806579532712026,0.999486182046446,-5.00579634929162
"TWF1",-0.029948753421543,21.3303515057437,-0.472732436627145,0.643322879414655,0.999486182046446,-4.95680455533599
"ASPH",-0.0807544129146294,18.4278892551793,-0.788095201097387,0.443122449135511,0.999486182046446,-4.83921529256877
"AKAP13",-0.000546276517781052,17.5393987260085,-0.00531683125866752,0.995829042713824,0.999486182046446,-5.02486149655704
"EFEMP1",-0.0762646078196738,18.020899621555,-0.390967533956555,0.70142254845077,0.999486182046446,-4.97815072837646
"SMARCB1",0.0385327340249297,19.7365819143699,0.576905239338769,0.572703347172407,0.999486182046446,-4.92402655845928
"BPTF",-0.0169978720762778,19.474397252347,-0.307387629344163,0.762845560908193,0.999486182046446,-4.99591344028892
"CDC20",0.00496911846667558,18.4121493848175,0.0498564437058924,0.960905624984679,0.999486182046446,-5.02410505638729
"STX4",-0.000261326209958668,18.9165673680611,-0.00259118771042691,0.997967252637385,0.999486182046446,-5.02486813227758
"GRSF1",0.0750104848489599,21.6441736943119,0.333029493493595,0.743891866862405,0.999486182046446,-4.99086778967445
"NFIA",0.0670723736702996,14.7477108484273,0.19638295761018,0.846990439136732,0.999486182046446,-5.0130192709202
"SFSWAP",0.083509935810028,17.7439661708758,0.7720658088604,0.452268541537704,0.999486182046446,-4.84648236360243
"CHD3",0.048494767020248,18.9081434019719,0.783681434352614,0.445629161816602,0.999486182046446,-4.84122951255079
"SF3A3",0.0146949419874396,21.4185522979038,0.237182179633672,0.815778021121455,0.999486182046446,-5.00759833664226
"TP53BP1",-0.0246198337636301,19.1056344959494,-0.319292608143276,0.753981731539122,0.999486182046446,-4.99363822789388
"HYAL2",0.201368006614448,16.1003870572296,0.496041740359808,0.627776223337827,0.999486182046446,-4.9496844477705
"TMEM115",-0.140326749254047,17.4236698810859,-0.861473502145682,0.402764680601986,0.999486182046446,-4.8042802918793
"IFRD2",-0.0516840683764315,18.7201211297489,-0.620225301133651,0.544573165021469,0.999486182046446,-4.90859896290508
"TRIM26",-0.0397809453603806,19.6217682568029,-0.40853440424137,0.688750598510751,0.999486182046446,-4.97389867130695
"AIMP1",-0.00805774703377438,22.2193126780442,-0.0845740089011876,0.933737243955757,0.999486182046446,-5.02266891548626
"ILF2",0.0780710351247507,23.3577989648142,1.10373371521575,0.287389650402061,0.999486182046446,-4.67058793751212
"ILF3",0.0101804041517681,23.0808890751043,0.151658789224282,0.881510823396765,0.999486182046446,-5.01779716804467
"LMAN2",0.0070726698042769,23.3827403437122,0.0607733402564594,0.952355497937796,0.999486182046446,-5.02373335527984
"PTPRJ",-0.0506344637939335,18.3466666302959,-0.627488044028276,0.53993215372331,0.999486182046446,-4.90591094499273
"PTPN13",0.320638159430741,15.7237974759749,1.41231100757306,0.183790747625608,0.999486182046446,-4.46775933550594
"EPS8",0.0457641534897775,18.1671714325925,0.466790748621004,0.647469607626489,0.999486182046446,-4.9584871435242
"TRAP1",-0.00333274659653782,23.6853556806345,-0.067856625246247,0.946811030580195,0.999486182046446,-5.02345297008666
"TRAF2",-0.0995726893683013,18.6218449199606,-0.699626251006192,0.495046917451943,0.999486182046446,-4.87765260248618
"ANK3",-0.00936724100914788,20.3118463062238,-0.210939995457815,0.835820514632012,0.999486182046446,-5.01120113844233
"DLG1",0.0409494626020717,19.5355680933406,0.752316280492342,0.463697948770995,0.999486182046446,-4.8552532039364
"TAF10",-0.444687072258983,14.6033275245156,-1.25295966457199,0.231109047753577,0.999486182046446,-4.57567652975217
"MYO1E",0.0454258190594885,17.8889153239604,0.636723203472966,0.534062447696624,0.999486182046446,-4.90245110825067
"PPP1R8",-0.00421816403621733,20.2445932954526,-0.090514544857718,0.929096010383937,0.999486182046446,-5.02234894202209
"PTP4A2",0.00194643345579237,16.6915355709821,0.00653758397849583,0.994871941041609,0.999486182046446,-5.02485703621288
"ABR",-0.0294846853363211,19.344038714815,-0.505126060582266,0.620933293976167,0.999486182046446,-4.94727383943621
"NPRL3",0.0505688957752355,17.3972786339863,0.647497634076345,0.527259623451127,0.999486182046446,-4.89835564596169
"BNIP1",-0.0786174912219018,19.78100922666,-0.661123468391289,0.518726821889003,0.999486182046446,-4.89308580327937
"BNIP2",-0.248509756427531,17.1066254160355,-1.2321718872025,0.238539415622121,0.999486182046446,-4.58938916762296
"NFX1",-0.171845849474874,15.1565180048886,-0.646608611927997,0.528531227348913,0.999486182046446,-4.89829501330591
"CSTF3",-0.0238346954940987,20.7453281717026,-0.440630955372604,0.665869214590166,0.999486182046446,-4.96565206120509
"TSPAN31",-0.0313176623324907,13.2154908839772,-0.0805938127057986,0.936926238589599,0.999486182046446,-5.02286198477858
"ECH1",-0.0275004548564652,22.4781873713099,-0.552905650783535,0.588609957444386,0.999486182046446,-4.9321231211345
"ARHGAP5",0.035093840573861,18.8521059394161,0.60237106827822,0.556074713745987,0.999486182046446,-4.91508343739812
"PRDM2",-0.0383858159404298,17.6824445470161,-0.195016969947633,0.848231758524524,0.999486182046446,-5.01313086269198
"STRN3",-0.0912246926802709,19.0125173400204,-1.4141242430638,0.178084486157828,0.999486182046446,-4.46316419256367
"CDC16",-0.0744699820668622,18.7697800592676,-0.535920609531237,0.600002139684369,0.999486182046446,-4.93765733174111
"STK4",0.0592913699941136,17.6471389828059,0.409097654231868,0.688346253742463,0.999486182046446,-4.97375915024827
"FLII",-0.050342863494496,21.729970448094,-0.768538917609283,0.454296641859565,0.999486182046446,-4.84806351403102
"TRIM32",0.110849917303806,18.1121338714453,1.40821754185763,0.17979374185991,0.999486182046446,-4.46744148576706
"COASY",-0.0068101000748122,22.7095229797086,-0.118491439227065,0.9072768331799,0.999486182046446,-5.02055071479537
"MRPL28",0.0798593282369389,19.4298172642527,0.837121308713,0.415881656689366,0.999486182046446,-4.81617464628355
"ACACA",-0.00555594701568296,20.4967195469627,-0.0770355503088062,0.939630467086137,0.999486182046446,-5.02304373956454
"GPS1",-0.0216809439299368,22.2743794513553,-0.29373088336121,0.773056058919553,0.999486182046446,-4.99841886451947
"USP4",-0.149083259431848,18.0248804449383,-1.34546443932115,0.198794653198065,0.999486182046446,-4.5121461441166
"CHAF1A",0.219064987631139,16.8971972492538,1.63511807371155,0.124700260636266,0.999486182046446,-4.29790088940115
"CHAF1B",0.0201989217156857,18.5977454064314,0.205250642093411,0.840181868472248,0.999486182046446,-5.01192706784298
"IK",0.0483296160166624,20.2195046247675,0.529544263670014,0.604307170675446,0.999486182046446,-4.93969279282402
"RLF",-0.00964031920526409,16.3140583821007,-0.0946852635618093,0.925839083699607,0.999486182046446,-5.02211134332804
"PRKAA1",-0.053308228913707,20.48885066673,-0.624003949833422,0.542155816644226,0.999486182046446,-4.90720406315129
"NR1H3",-0.333770542612804,15.112665059552,-1.38230817733743,0.197717501759299,0.999486182046446,-4.49137459367658
"PPFIA1",0.0570595417199584,19.1923138889033,0.693450898566533,0.498801505065049,0.999486182046446,-4.88018148152382
"CALCOCO2",-0.0675789882972317,19.5705129446822,-0.700729177777855,0.494378101471258,0.999486182046446,-4.87719879766036
"EIF2B5",-0.0135338485175609,20.7954929176239,-0.13480973123361,0.894584616604753,0.999486182046446,-5.01928017210536
"TARDBP",0.0198639504598859,21.9229863782404,0.280631909630162,0.782890500074514,0.999486182046446,-5.00071673516636
"HNRNPA0",-0.014131370407835,23.1487532935491,-0.247320805971371,0.808069306977746,0.999486182046446,-5.00609460192046
"PAK1",-0.558177954509809,14.7181130795527,-1.13285010556206,0.280120599997283,0.999486182046446,-4.65219588254337
"AIMP2",-0.117781998461624,22.7412992680586,-1.96695360466087,0.0682910607998889,0.999486182046446,-4.01979069784405
"FADD",0.0171910451184196,18.3627973463489,0.0875694372723305,0.931403953478664,0.999486182046446,-5.02250935004409
"PRDX4",-0.0559951388660984,22.8287689088811,-1.04022571579599,0.314986143340447,0.999486182046446,-4.70823129011311
"MAP2K5",-0.132366439222391,14.4464181793453,-1.02368320813187,0.325015139533856,0.999486182046446,-4.71699676566393
"MAPK7",-0.175469600917786,16.23102949435,-0.897567082194496,0.383832793880799,0.999486182046446,-4.78611215173229
"PAK2",0.000296718328982593,22.2078634607641,0.00329693711953913,0.997413604868845,0.999486182046446,-5.02486685295748
"CBX3",-0.0652802430146266,22.3185415139064,-0.567584447357473,0.578854248770945,0.999486182046446,-4.92720941576529
"STK3",-0.046689263979431,17.5534787200601,-0.393460633640375,0.699607876911071,0.999486182046446,-4.97756334106603
"STX5",-0.0199879475504829,19.3062352431876,-0.334550096997649,0.742674090228348,0.999486182046446,-4.99059846014406
"CBLB",-0.0442782563462636,15.2045150230457,-0.0621492809763564,0.951429899303254,0.999486182046446,-5.02366746157741
"PSMD2",-0.025832209394455,23.1431824013635,-0.578380390665127,0.571733025242728,0.999486182046446,-4.92351837108871
"MMRN1",-0.0197567072310569,16.1915699975446,-0.0468527730951555,0.963430493533918,0.999486182046446,-5.02418262481034
"DDX10",0.0596620340070544,18.214054789448,0.71169563252297,0.487757137664409,0.999486182046446,-4.87265134175062
"TBX2",-0.158835319342209,17.2906281982592,-0.823487550036437,0.423345656335304,0.999486182046446,-4.82270423579196
"SEMA3B",-0.107826435848352,15.1202274086899,-0.553551416217003,0.595488527075436,0.999486182046446,-4.92785269755731
"ERCC8",0.154431341009547,13.7356767742258,0.598631211709066,0.560781662614454,0.999486182046446,-4.91513665767563
"DNAJC3",0.0285228915500788,20.674284719431,0.370538460996336,0.716248274299361,0.999486182046446,-4.9828795849693
"GPS2",-0.106179997926823,14.3830721015193,-0.568442311432662,0.582588333367023,0.999486182046446,-4.92451783342325
"SELENBP1",-0.0270861505121083,21.9829680149724,-0.326675780949137,0.748502444410378,0.999486182046446,-4.99218462159799
"NME3",-0.028416857048434,20.7610693324933,-0.497857528800171,0.625924540707639,0.999486182046446,-4.94946475783757
"MAP3K1",-0.109094607576614,13.1120100024926,-0.449459415753256,0.660645355919244,0.999486182046446,-4.96275897876327
"SRSF9",0.0769220285957211,20.99408729174,0.906510274376198,0.379236243641615,0.999486182046446,-4.78151219307997
"SRSF5",0.0601419556954781,19.9019941020385,0.565874859265657,0.579986137162734,0.999486182046446,-4.9277879236338
"SRSF6",0.00860391689480977,22.8103063318522,0.0835212606705678,0.934560001779792,0.999486182046446,-5.02272335773841
"MAD2L1",-0.150805173976146,21.2725149430823,-1.5553130765521,0.141062211063154,0.999486182046446,-4.35759291248121
"TRIM28",-0.000557368466211017,23.7989548555127,-0.00666575050734524,0.994770855173144,0.999486182046446,-5.02485652048236
"DHRS2",0.0437501034639283,17.1893505800908,0.304064805013862,0.765325769546452,0.999486182046446,-4.99653333110593
"STX3",-0.0480782593045816,16.8365906321442,-0.367975681904465,0.718118206653512,0.999486182046446,-4.98345466673761
"G3BP1",0.0438111606222868,23.181013515999,0.673991120982582,0.510741640381477,0.999486182046446,-4.88801680190207
"CLN3",-0.0167190951705614,18.1012609154464,-0.107174898005944,0.916094335967919,0.999486182046446,-5.02133594656212
"NMI",-0.0249145521384904,18.5543593101254,-0.217614639696753,0.831804453014917,0.999486182046446,-5.00999341557608
"KCNAB2",0.0492918112641014,17.3000347424704,0.280292059252032,0.783146171820515,0.999486182046446,-5.00077497963159
"PTK7",0.0718314889772671,17.3583368183859,0.605401353950714,0.554113434640692,0.999486182046446,-4.91399527920533
"SKP2",0.0399276271210667,17.4544702007596,0.26064394555228,0.797970642667807,0.999486182046446,-5.00402402237541
"PABPC4",-0.00482286799526577,21.8221711232204,-0.0580574088809402,0.954482095243249,0.999486182046446,-5.02383267870371
"ATM",0.142611114141694,15.6503671056885,0.869308413667144,0.398603307203172,0.999486182046446,-4.80039088267013
"GRB10",0.0549745346266555,15.4535552389898,0.229081065737426,0.822744466099018,0.999486182046446,-5.00850445836006
"IFIT5",0.0193934031193308,19.5852810402518,0.330311826643795,0.745809144410657,0.999486182046446,-4.99145679168671
"MTA1",-0.0320102719156843,19.9766381663925,-0.547834449766858,0.591999743993851,0.999486182046446,-4.93379251935358
"PTPRS",0.276768359438087,15.5519011196274,1.46339832454416,0.164340811173574,0.999486182046446,-4.42703382981596
"EIF3I",0.00722283408621749,23.2198821429527,0.118132216805968,0.90755654086525,0.999486182046446,-5.02057684767536
"PPIL2",-0.0274975571163907,18.9484245616578,-0.470444207611753,0.644918401497913,0.999486182046446,-4.95745495774516
"PPP2R5C",0.011002175918442,17.8479721165433,0.0669962924627126,0.947484313381034,0.999486182046446,-5.02348867174336
"CTBP1",-0.0271718162307799,20.5817166616689,-0.447411909819019,0.661077797506799,0.999486182046446,-4.96383294926533
"PDE3B",0.134741333866788,16.6384226182705,0.771593853022497,0.452539606747451,0.999486182046446,-4.8466943204219
"PDCL",0.0510841679174909,19.2604425689021,0.745094386096112,0.467921410780268,0.999486182046446,-4.85840975903499
"TARBP1",-0.0217078413590741,17.4814613250773,-0.268173063734011,0.792280068297884,0.999486182046446,-5.00280650015358
"UBE2V1",-0.054038046636979,23.6375660261264,-0.347636958211973,0.733054096234122,0.999486182046446,-4.9878672134587
"MRPL49",0.164082712741017,20.3115440276642,0.956855562864596,0.354201457243978,0.999486182046446,-4.75484751510115
"DYNC1I2",-0.0661650907667095,21.5264650642209,-0.838359638824183,0.415207987555705,0.999486182046446,-4.81557695041639
"ORC1",0.0154866935265545,17.548145207099,0.0896968881508627,0.929734676696199,0.999486182046446,-5.02239426988289
"ORC2",-0.0734182417157427,19.5141448091062,-1.40265550991634,0.181415539193729,0.999486182046446,-4.4714584578973
"ILK",-0.0557493881503319,19.0393830700271,-0.426976981266658,0.675562767476311,0.999486182046446,-4.96923374866367
"NNT",0.0277475845552502,21.5936720845101,0.613059929629336,0.549173324907818,0.999486182046446,-4.91122249294442
"SNTB2",-0.0695269077376679,20.2525093613923,-0.736971635456056,0.472699723833919,0.999486182046446,-4.86192743974783
"XRCC4",-0.0887533663555615,17.8591766005235,-0.698968927549528,0.495445772891832,0.999486182046446,-4.87792275285017
"PPIG",0.0593871455085342,20.1613626094358,0.746262188742644,0.467236872300394,0.999486182046446,-4.85790118219398
"TCOF1",0.0264399728333409,21.4718932528492,0.211943914567002,0.835051502619166,0.999486182046446,-5.0110710014741
"UNC119",0.00813567646291347,17.4200616144054,0.0799024208554182,0.937388828619965,0.999486182046446,-5.02290530960461
"SLC39A6",0.0639775313880868,16.3195429705409,0.342834851496387,0.7365594879324,0.999486182046446,-4.98888972552243
"SF3B2",-0.0165798368118431,22.0857003701363,-0.213188691060512,0.834098233403901,0.999486182046446,-5.0109087918337
"OS9",0.0980136315921101,18.0776769051281,1.15702562730611,0.265656054939937,0.999486182046446,-4.6376632548357
"GOLGA4",0.0317575752815067,18.8833361879049,0.303177818634016,0.765988281164954,0.999486182046446,-4.99669768421363
"PDAP1",-0.0345772068012629,21.6817143515993,-0.447691014098294,0.660880909046838,0.999486182046446,-4.96375750188503
"ADAM9",-0.131426643635571,19.0691065720953,-0.411378152315234,0.686828127638582,0.999486182046446,-4.97313460384713
"ADAM15",0.131806839981923,17.5274103738654,1.19122689146471,0.252380357004488,0.999486182046446,-4.61591252342079
"TMED1",0.0922884108096049,18.6863000753233,0.953112898142656,0.35589157721318,0.999486182046446,-4.75692064731614
"FKBP5",-0.017156242301855,20.3286818828977,-0.312764948984396,0.758837546957065,0.999486182046446,-4.99489626055841
"TUSC3",-0.116385009128106,18.0135453331485,-0.929452314363733,0.367616381299961,0.999486182046446,-4.76953553099375
"MYO9B",-0.0263264586348022,17.4210282814492,-0.370122980510575,0.716551302488979,0.999486182046446,-4.98297308182791
"ROCK1",-0.0491145640482458,18.5026787453298,-0.880291293333412,0.392818250808003,0.999486182046446,-4.79488783498264
"NFATC2",-0.186279461308308,15.3092542594454,-0.977889021178265,0.361862949327447,0.999486182046446,-4.73718220935059
"TNK1",-0.0668427023281879,17.6954342655293,-0.476277131846245,0.64085484104183,0.999486182046446,-4.9557910528182
"TOP3A",0.00750945649356538,17.6685973420078,0.0904057081336391,0.929181019137695,0.999486182046446,-5.02235499922126
"SMAD4",0.0874579390293704,18.0132104521958,0.568555734512286,0.578211687386762,0.999486182046446,-4.92688001180089
"TCIRG1",-0.0140988280945678,17.4826269088041,-0.173817725049411,0.86437166304818,0.999486182046446,-5.01558251118552
"PICALM",-0.114155652910473,19.5717484997288,-1.71443321283619,0.107375897199121,0.999486182046446,-4.23170323213401
"MTM1",-0.0483779752112063,17.6021400394464,-0.329373096577334,0.746504155869432,0.999486182046446,-4.99164545341976
"SQSTM1",-0.0150320141632676,20.7546068585285,-0.241502228987316,0.812490892977693,0.999486182046446,-5.00696520642311
"MTX1",0.00144907854802412,19.6507559325417,0.015494958541806,0.987844945449474,0.999486182046446,-5.02479628512393
"TUBB3",0.0388418830061212,19.3705030913664,0.145677073589622,0.88618775784786,0.999486182046446,-5.01833532815617
"ASAH1",0.0693475989364494,19.773334345028,0.824339765727456,0.422876574251408,0.999486182046446,-4.82229882752997
"PRPF4B",0.0348836073322403,20.2349952565166,0.612717085089232,0.549393960466208,0.999486182046446,-4.91134731244466
"PIN1",0.00431469197767242,20.1066931204284,0.0172853255062551,0.986445255581204,0.999486182046446,-5.02477809993484
"SERINC3",-0.389322913850268,16.7032847179723,-1.74536580357085,0.101710024748395,0.999486182046446,-4.20647975470408
"ATR",0.0340252110900643,17.5169957959012,0.475398106803545,0.641466465934389,0.999486182046446,-4.95604306008239
"RIPK1",0.028899418450905,18.7937750664373,0.461487896556858,0.651180728166153,0.999486182046446,-4.95997159435506
"HDAC1",-0.0238485897358274,21.8882614108848,-0.308239489606515,0.762210150527358,0.999486182046446,-4.99575345576849
"CAMK2B",-0.281215777013067,16.2720926685964,-1.05228027651522,0.312205146786107,0.999486182046446,-4.70056460632179
"CAMK2G",-0.0650064472662564,18.5446884494523,-0.789342979715376,0.442415414037206,0.999486182046446,-4.83864405571598
"CAMK2D",-0.0925382820876237,19.4361964117786,-1.01694129695211,0.325572277493829,0.999486182046446,-4.72158516356328
"DCTN2",0.109921446790654,20.0845314598547,0.306619706656056,0.763504050353663,0.999486182046446,-4.99602300797989
"NAE1",-0.043774909316916,19.0852380037613,-0.712681089736255,0.487164767616292,0.999486182046446,-4.8722395712637
"IRF5",-0.0376805592640466,16.3328473267841,-0.216207143631892,0.83253403521192,0.999486182046446,-5.01028717339103
"TDG",-0.0251091760451061,17.8410402580555,-0.172399978897569,0.865466229696398,0.999486182046446,-5.01573318750742
"ITPK1",-0.0213798781118903,20.9031846670069,-0.246371701598199,0.808790081871645,0.999486182046446,-5.00623800991353
"SNW1",-0.0162618747111942,20.7858737338818,-0.226128002512784,0.8242053285751,0.999486182046446,-5.00916690518256
"DGKZ",-0.0846828066558167,17.3222822202253,-1.10828169587348,0.28548454754848,0.999486182046446,-4.6678249928436
"IQGAP2",-0.133131049606204,15.8761530759086,-0.992991015097359,0.354964563254177,0.999486182046446,-4.72906321190633
"STIM1",0.0418371953467656,16.8646007710903,0.379251728948238,0.709904745442393,0.999486182046446,-4.9808952944665
"TRA2A",0.0664626929775878,21.5311915307899,0.730306130770964,0.476642871587805,0.999486182046446,-4.86478815600321
"SNX1",-0.0306574432033209,20.3128753937499,-0.354348409647134,0.728092438394004,0.999486182046446,-4.98644723973754
"KRR1",0.054410140056568,20.4890284495377,0.875030665476931,0.395582162074447,0.999486182046446,-4.79753110853415
"PWP1",-0.0254571842023985,20.7865691576332,-0.178780850970302,0.860557261857245,0.999486182046446,-5.01504155895928
"MTMR1",0.0659700763791804,18.4545308344755,0.538927333827708,0.597977459406372,0.999486182046446,-4.93668953161345
"MTMR2",0.0500399655689172,16.3960967548553,0.407425361164538,0.689967529983779,0.999486182046446,-4.97396815003074
"MTMR3",0.0454544277567095,17.7155069627155,0.366310874068889,0.719333934977012,0.999486182046446,-4.98382616268319
"CUL1",-0.0391055502855089,20.5032990852227,-0.942441962046183,0.361146908100175,0.999486182046446,-4.76264282008027
"CUL2",-0.0150633169072023,20.7357533986893,-0.274879010480485,0.787221913500824,0.999486182046446,-5.00169330873563
"CUL3",-0.0157885762321293,20.5609829071531,-0.24938230632108,0.806504369811398,0.999486182046446,-5.00578123584765
"CUL4A",-0.0737620618957919,19.5746325896505,-0.998191977940973,0.334280459977642,0.999486182046446,-4.73215963050988
"CUL4B",-0.0246720533091001,19.8312302223007,-0.358924688139454,0.724737131026755,0.999486182046446,-4.98545456068625
"TP53BP2",0.0480182636422093,16.6517509044852,0.294951389059665,0.772141745111456,0.999486182046446,-4.99819950783384
"DYRK1A",-0.128686240401045,16.2018463473978,-0.375571261736104,0.713003882910632,0.999486182046446,-4.98154342174025
"GFUS",-0.0523634542754259,22.1591609749969,-0.429831140997861,0.673531482137369,0.999486182046446,-4.96849403803419
"RAB31",0.156237029176067,14.1953851448729,0.579191002494614,0.574395536578933,0.999486182046446,-4.92144943631666
"RAB32",-0.0177698314863832,19.6146398577382,-0.287489125005489,0.777737342099023,0.999486182046446,-4.99952668210336
"TPBG",0.123480810012261,19.1275488836888,1.20434183581564,0.247427062389823,0.999486182046446,-4.60744629867744
"FHL1",0.214137231329129,16.6020352763617,0.321108585716734,0.758266586910333,0.999486182046446,-4.99092476751534
"FHL3",0.0218184132040982,16.1851395418679,0.0845250019436727,0.934781381064166,0.999486182046446,-5.02254611073018
"RIN1",0.00146710648173354,21.7738644957023,0.00313598392856925,0.997551782568335,0.999486182046446,-5.02486711649663
"AAMP",-0.0758659812618667,20.935592598177,-0.916522317542712,0.374134869165128,0.999486182046446,-4.77631660735031
"ALKBH1",-0.00693481538499796,17.1533334055399,-0.0370912463359851,0.970909568833956,0.999486182046446,-5.02444668696459
"CACNA1S",0.0802933568810822,17.6435443722934,0.644571163612725,0.530631113060732,0.999486182046446,-4.89861381399196
"MOGS",-0.0194862236300395,21.4881705105996,-0.331634315786081,0.744830395310746,0.999486182046446,-4.99119011185328
"ALCAM",0.0863790983317152,21.5507241998478,1.13227296567364,0.27559077969749,0.999486182046446,-4.65310443819806
"LAMB3",0.134634077120591,17.7766409959597,0.793498597397744,0.440065839286631,0.999486182046446,-4.83673584491701
"THOC5",0.0280650883631459,18.8863640912211,0.448350758648134,0.660415608672687,0.999486182046446,-4.96357898005271
"ARFRP1",0.00711434596734506,18.3029525528242,0.0327127303778949,0.974345725334423,0.999486182046446,-5.02454060033699
"SPTAN1",0.0171021255837083,20.3392977872575,0.17442955901733,0.863899387117748,0.999486182046446,-5.01551710725342
"GNL2",0.0696031102719417,20.6644742769964,1.06987063422504,0.301872755706657,0.999486182046446,-4.69087954807103
"AUH",0.0685998233958536,17.345837724461,0.413591398728572,0.685123825277343,0.999486182046446,-4.9726393554246
"DDX39B",-0.0222578508957341,23.1243111671947,-0.215001727270688,0.832710264144182,0.999486182046446,-5.01067084660239
"BLMH",-0.0390693564138687,21.2718380918706,-0.47109272494824,0.644466023500535,0.999486182046446,-4.95727093114874
"EXOSC2",-0.0451382805885672,20.6831703665061,-0.472691436280033,0.643351451937039,0.999486182046446,-4.95681623579339
"PTK6",0.137852388321214,16.2795337957616,1.32752145511037,0.204516524360074,0.999486182046446,-4.52467424539392
"TUBB2A",-0.171635708447422,17.2877570033157,-0.562102505451619,0.582565051624421,0.999486182046446,-4.92901559427457
"GTF2H3",0.106347264443972,17.2262617674488,0.837418088030112,0.415720139632183,0.999486182046446,-4.81603147196038
"BYSL",0.00202697104941763,21.1656489976057,0.0355117176649133,0.972147814946683,0.999486182046446,-5.02448198728715
"C1D",0.0236071806166045,18.6484486487408,0.101713822041057,0.920475405252625,0.999486182046446,-5.02166874060544
"RAPGEF1",0.0177615531287998,16.3662305670816,0.166229216541126,0.870233640092839,0.999486182046446,-5.01637471380531
"IDI1",0.0646296495518364,23.1223388889257,1.06841343009013,0.302507841868493,0.999486182046446,-4.69174154110127
"CBFB",-0.0116198410197796,20.1205918166227,-0.135578927923793,0.893987048936865,0.999486182046446,-5.01921625569774
"NFYC",-0.138721436056226,18.8143850065347,-0.688926620139809,0.501660548275267,0.999486182046446,-4.88196680777828
"CDK13",0.0964896831956779,16.9175181713569,0.737174773041114,0.472579864770487,0.999486182046446,-4.86183988992121
"CKAP5",-0.0128252170405077,21.5661368083421,-0.311811734209494,0.759547512842447,0.999486182046446,-4.99507783416912
"CIRBP",0.0772555231953476,22.7134583099957,0.486903019311202,0.633539997241103,0.999486182046446,-4.95267903933077
"COTL1",-0.09094352546607,21.3355687427577,-1.22780151903916,0.238754674415582,0.999486182046446,-4.59213148042403
"COX17",-0.26546416743836,17.3347364529828,-1.32398940276949,0.205658305824694,0.999486182046446,-4.52712673617335
"HNRNPD",0.0199139975328571,22.8782091180705,0.232838151093658,0.819087009568122,0.999486182046446,-5.00822358161581
"TOB2",0.644656380602539,12.0396478305109,1.49840132305124,0.158372932226984,0.999486182046446,-4.40409906724317
"SCARB2",0.0430085342443327,20.8110972592786,0.511228557214879,0.616757572311468,0.999486182046446,-4.94541106720105
"LRP8",0.0184268592297876,16.7490470848797,0.162705067773897,0.872958680098634,0.999486182046446,-5.01673065855109
"DAG1",-0.0216289427117715,18.9547772044809,-0.251194845343417,0.805129131829519,0.999486182046446,-5.00550359092095
"VEZF1",-0.137148816392379,17.7730439343092,-0.993458677681161,0.336504855132256,0.999486182046446,-4.73480376064085
"DSG2",0.0523513073253596,16.4930327925677,0.187108961430565,0.854766927855689,0.999486182046446,-5.01394059117491
"BOP1",0.0693940959667394,20.7284364052589,1.21897827234071,0.241988225277349,0.999486182046446,-4.59791692714656
"UBE4A",0.0111039222944207,20.441991602205,0.181621398632918,0.858352065529089,0.999486182046446,-5.01473119027566
"TRIM14",0.169783853679956,16.3365671268342,0.832452426183023,0.42326054489607,0.999486182046446,-4.81604792947434
"KEAP1",0.0598395368526177,19.3560800955543,1.05831512613901,0.306935902950938,0.999486182046446,-4.69768943370956
"URB2",-0.0594285059776141,19.2304337168753,-1.04646378041298,0.312192894375425,0.999486182046446,-4.70461240136243
"DHX34",0.0299303732795799,18.3807738030934,0.433296594239667,0.671068675122159,0.999486182046446,-4.96758950927688
"MORC3",-0.0246401897556723,17.6253573522599,-0.306396501309547,0.763585074580518,0.999486182046446,-4.99609903298819
"SAFB2",0.00250146475381996,19.5289026566803,0.0339935310326937,0.973338042890014,0.999486182046446,-5.02451446939378
"EIF3A",0.0067078367731348,22.6674894697307,0.110040864881794,0.913860135652689,0.999486182046446,-5.0211445120161
"ARHGEF7",0.0400519253181493,17.5440056634741,0.431142003443901,0.672599429870131,0.999486182046446,-4.96815270948703
"EFR3A",0.0796064260712619,17.1941872989967,0.403207476040507,0.692995173741058,0.999486182046446,-4.97500788436384
"UBAP2L",-0.0253282760575182,21.2829640782052,-0.371578418440693,0.715490004061326,0.999486182046446,-4.98264511237756
"SCRIB",0.0814481143691665,20.4818416251183,0.960263546954447,0.352399884681941,0.999486182046446,-4.75305616209565
"GIT2",-0.240077641298097,17.3409225455895,-1.87268926758219,0.081068564216494,0.999486182046446,-4.10040287126563
"MLEC",-0.00034615374539726,22.2137469351045,-0.00630554740592675,0.995053423019853,0.999486182046446,-5.02485795888734
"TTLL12",0.0268291617395029,22.475994501262,0.404827541436618,0.691414119697565,0.999486182046446,-4.97481224413883
"MPP2",0.104860102593577,13.6910247625915,0.482207647475578,0.64029939905668,0.999486182046446,-4.95218735386794
"POLA2",-0.0574523423391575,18.2086939693407,-0.696542436093889,0.496919776655194,0.999486182046446,-4.87891800783917
"DOCK1",0.201056205452394,15.3589734934751,1.11142803001374,0.285440005266821,0.999486182046446,-4.66571129992362
"TFDP1",0.0810511978895185,16.2886753946899,0.739771049786651,0.471049589044939,0.999486182046446,-4.86071901829077
"FHL2",0.0320137813012309,16.4201895244629,0.186439352781216,0.855280172903747,0.999486182046446,-5.01401851497512
"MRPL58",-0.0949686146994537,20.3226296879243,-0.818659977290369,0.426009224085886,0.999486182046446,-4.8249938419815
"ZMYM3",-0.0620095513931496,18.5240053440427,-0.428517398459283,0.674466138035291,0.999486182046446,-4.96883511046195
"DCTN1",-0.0176986517330242,20.2732252697239,-0.3046496973495,0.764889002980992,0.999486182046446,-4.99642469613537
"DYNC1H1",-0.000924045269147911,23.3259870116355,-0.0169129759119789,0.986732687083221,0.999486182046446,-5.02478213781174
"EIF2B1",-0.0165328816788417,21.5094931568878,-0.336086598551781,0.741538697894524,0.999486182046446,-4.99028464410635
"EIF4A2",0.017565109291148,22.7354801797295,0.292976956797927,0.773621019662344,0.999486182046446,-4.99855391783472
"ELOA",0.0486165319958438,18.6554112777618,0.607747346373259,0.552597619353882,0.999486182046446,-4.91314935702121
"MAP7",-0.0336684525971727,19.9215737253749,-0.602908503452188,0.555726599088375,0.999486182046446,-4.91489081841401
"CTTN",0.00414008647108943,23.2244035022545,0.0412285238114657,0.967666592214366,0.999486182046446,-5.02434694597554
"ENDOG",0.127539783395832,18.9227142048736,1.20184261748888,0.248365139177848,0.999486182046446,-4.60906495579883
"FLOT2",0.00661545469661107,18.4997995937025,0.0637434593613911,0.950030298997149,0.999486182046446,-5.02361954241351
"RCN2",0.068333011810072,19.8723528276185,0.566435783475315,0.579614632737604,0.999486182046446,-4.92759829302516
"TRIM25",-0.0637584985879691,22.3754305101018,-1.16607463473567,0.262092851921143,0.999486182046446,-4.63195492562014
"PTK2B",0.170671271904467,15.7898628894493,1.36949919864727,0.191333376313025,0.999486182046446,-4.49518546064193
"FASTK",0.0459751741306977,14.441596755748,0.197234245194177,0.846336267063236,0.999486182046446,-5.01291649746685
"FLNC",-0.396665850239181,20.7653439929701,-0.28632282869126,0.778990854167067,0.999486182046446,-4.99958745915012
"FKBP8",0.0522719957427853,20.3698006928843,0.65796680181571,0.520696564860344,0.999486182046446,-4.89431563067499
"FAM50A",0.0852825684824943,19.9208194471623,1.35911518389795,0.194528619362312,0.999486182046446,-4.50253812772352
"FRG1",0.0120677327237573,19.1624770337532,0.0695229083802523,0.945512935759846,0.999486182046446,-5.0233819394805
"GNA13",-0.00638661658081574,21.4978435094623,-0.121703088024034,0.904776659290442,0.999486182046446,-5.02031355618158
"GAMT",-0.0186595291355403,18.8300555895423,-0.0635662934377834,0.950186025338996,0.999486182046446,-5.02362489524408
"GALE",-0.0255804476317856,20.0094503377234,-0.18736683039115,0.853926252844747,0.999486182046446,-5.01408058568781
"GALNT3",-0.0160534007816722,19.5308671333846,-0.236822802081816,0.816051634062432,0.999486182046446,-5.00765049641071
"CAPRIN1",0.0231171354751503,22.2583556137004,0.224326084291327,0.825581201115777,0.999486182046446,-5.00941557026049
"GRB7",0.206294520359668,15.3974981325296,1.11634017015548,0.282132112195268,0.999486182046446,-4.66290770383675
"BECN1",-0.0529299754367258,16.3926815095741,-0.326717601969759,0.748471447294373,0.999486182046446,-4.99217629510859
"SLBP",-0.133098776573483,16.704548181378,-0.510648419400704,0.617696514944362,0.999486182046446,-4.9452948125112
"RBM39",0.0440760828872762,22.3157645558312,0.881072301768857,0.392409016512011,0.999486182046446,-4.79449424923642
"FAT1",0.078199863353845,17.5868216961568,0.688902707188632,0.501577445076654,0.999486182046446,-4.88203097506393
"HABP2",-0.191016703815613,16.2168650752671,-1.66068473226021,0.125628100317168,0.999486182046446,-4.28899085513023
"HLTF",-0.018130603333443,19.8139069210556,-0.3600072267351,0.723944268625274,0.999486182046446,-4.9852179209798
"SQLE",0.0558729209758972,19.6781532525991,0.806396022358587,0.432824160266972,0.999486182046446,-4.83075727776469
"SLC29A2",-0.0772424789528223,16.6856472905988,-0.537600496001445,0.59887050845675,0.999486182046446,-4.93711724314247
"PDIA5",0.0152706253830353,20.1305335896802,0.31631628516892,0.756194449848898,0.999486182046446,-4.99421499606768
"PRPSAP1",0.103570719099555,20.0797633116157,1.1510509991864,0.268028779276975,0.999486182046446,-4.64141367446555
"DHX8",-0.00995193723791132,19.199065002694,-0.136030202361801,0.893636497195503,0.999486182046446,-5.01917858838322
"MCM6",-0.0633188017012287,22.8650978722329,-0.988276841600064,0.338952069881273,0.999486182046446,-4.73768663769927
"ITPR2",0.00132643812698774,17.2608619789518,0.00774834129165049,0.99392160174324,0.999486182046446,-5.02485171649917
"ITPR3",0.00546314289886851,19.1886362401355,0.102273242253309,0.919917169724154,0.999486182046446,-5.02165167351521
"ZNF460",0.0199025749379587,14.8900693294711,0.0876705646713153,0.931317639223637,0.999486182046446,-5.02250483170808
"NBR1",0.113469731446393,15.2906944575359,0.446730705988734,0.662024608125375,0.999486182046446,-4.96377825476052
"ITIH4",0.241483145061142,21.670613119847,1.68207967081483,0.113726114726594,0.999486182046446,-4.25810228185791
"INPP5A",0.0430028018637145,17.3476791752189,0.283125494196755,0.781015353437751,0.999486182046446,-5.00028725218048
"PLS1",-0.00537285852175984,19.8601194112894,-0.109233713239465,0.914489285608645,0.999486182046446,-5.02119893619648
"IRF3",-0.0203161964525513,19.4017145931066,-0.130151274374151,0.898215948252584,0.999486182046446,-5.01965747636545
"LAGE3",0.0153613849697862,18.5458766846627,0.108032219834997,0.915425922370996,0.999486182046446,-5.02127920941514
"BLTP2",-0.0130750674014202,18.366740739619,-0.191568428252947,0.850692343166281,0.999486182046446,-5.01359220913111
"TRIP12",-0.011067957967402,19.1876706475544,-0.235118643399264,0.817349435928284,0.999486182046446,-5.00789677140115
"PUM1",-0.0550599116294315,19.2863305154365,-0.477245273821953,0.640181520222097,0.999486182046446,-4.9555129812502
"ESPL1",-0.0364103227193056,17.2263174666399,-0.400225573655196,0.69472668185914,0.999486182046446,-4.97593519421381
"MDC1",-0.0690898495802159,19.2370800826594,-0.948676651138927,0.358069888145253,0.999486182046446,-4.75930606796107
"CLINT1",-0.111551717850158,21.3553633395585,-1.46242372846834,0.164603863028337,0.999486182046446,-4.42775609538374
"KANK1",0.346984726225973,13.0633289823275,1.78697748763093,0.0959965250834191,0.999486182046446,-4.17639074586273
"MELK",-0.326075833931874,17.1403029859916,-0.90069768043198,0.390105200610607,0.999486182046446,-4.78108042201573
"KCTD2",0.00205888629576911,13.7002270756907,0.00726520813520468,0.994300601405173,0.999486182046446,-5.02485394955672
"SMC1A",-0.0548069112027214,21.6095151127902,-0.874948925521733,0.395625210054831,0.999486182046446,-4.79757207264171
"RRP1B",-0.0173351993770972,20.4184703632642,-0.300669638371773,0.767862723479511,0.999486182046446,-4.99715988162743
"GSE1",-0.00829477167556192,17.029810915276,-0.0693064680212047,0.94567650180535,0.999486182046446,-5.02339177548207
"DIP2A",-0.0330564632765551,17.5904891846785,-0.270884761657177,0.790233513898983,0.999486182046446,-5.00235962066269
"PDCD11",0.0215573269544613,20.1132912872694,0.445710007615594,0.662278930036332,0.999486182046446,-4.96429202751336
"GINS1",-0.0385167548433856,18.7058293168479,-0.445977741266978,0.662089910917698,0.999486182046446,-4.96421991947535
"BMS1",0.0615772558665739,19.8682265969724,0.942965963088154,0.360887593743653,0.999486182046446,-4.76236308725392
"LPIN1",0.0581771446595063,17.6082230029803,0.638812781354097,0.532739299671292,0.999486182046446,-4.90166179579964
"USP10",-0.0432395970986512,21.3706541252717,-0.652906158572547,0.523863239864339,0.999486182046446,-4.89627595610098
"MESD",-0.0370444372313834,22.5645712068383,-0.273231182964316,0.788476043442977,0.999486182046446,-5.0019649270114
"GANAB",0.0224383085861035,24.1289939954136,0.267916310654225,0.792473925471147,0.999486182046446,-5.002848582505
"MFSD10",-0.0779057074277674,19.659014571444,-0.940886947595653,0.361917203396471,0.999486182046446,-4.76347218325136
"PPP2R5D",0.0687345868562907,20.6696561397885,0.760822501282638,0.458753581216257,0.999486182046446,-4.85150040146908
"LBR",-0.0905404973905704,21.1595917411206,-1.33591124677089,0.201824818769614,0.999486182046446,-4.5188307217251
"COG2",-0.034929369009145,19.0679543737111,-0.471699898002927,0.644042617265559,0.999486182046446,-4.95709841656104
"MVP",0.115445454105977,16.2880131743732,0.556292897426435,0.5905474051819,0.999486182046446,-4.92866817402185
"CBX2",0.0379590932649894,15.5374088709699,0.272803382768518,0.788786468726804,0.999486182046446,-5.00204076027515
"GOLGB1",0.0156960963672432,18.1362987063092,0.150747763206841,0.882216846383691,0.999486182046446,-5.01788179652291
"CASP8",0.011345388095652,19.5882897053993,0.119195642008062,0.906728544243998,0.999486182046446,-5.02049925551512
"NAA30",-0.0421785314994061,18.983329305549,-0.470733561915434,0.644716542342551,0.999486182046446,-4.95737287908639
"FXYD3",0.0337330351235039,17.2184668338207,0.32532707342666,0.749502326703948,0.999486182046446,-4.99245258700781
"KIF22",-0.000169203445725685,20.3824689394033,-0.00220669116332927,0.998268883764394,0.999486182046446,-5.02486870020592
"MEF2D",-0.291763559270048,15.9969342247544,-1.17680305573942,0.257915719099082,0.999486182046446,-4.6251436788345
"CHD4",-0.00385910287328173,20.8916024997442,-0.0763365311094101,0.94017711897917,0.999486182046446,-5.023076726431
"LASP1",-0.0228645707377595,22.5556068919257,-0.18629482166433,0.854751405130078,0.999486182046446,-5.01420357297476
"PTGR1",-0.0403852522766783,19.5140911682388,-0.732264881361417,0.475482062621796,0.999486182046446,-4.86394992027993
"DRAP1",-0.0438903837336078,20.2470894528924,-0.22374893167952,0.826076241347591,0.999486182046446,-5.00947803593475
"ZNF638",-0.0270449940218711,20.8326994240096,-0.420750221869975,0.68000335700371,0.999486182046446,-4.97083101903751
"KPNB1",-0.00532979709560166,23.4202344887752,-0.0586886252605454,0.953987814919163,0.999486182046446,-5.02380999940252
"NOLC1",-0.0170045195333373,20.5315272366357,-0.155649609036105,0.878419268787072,0.999486182046446,-5.01742046452866
"NUMA1",-0.0389208844953259,20.746726792242,-0.497922563911511,0.625879797031708,0.999486182046446,-4.94944528871828
"PSME4",-0.0266212000969119,19.6842843261768,-0.400284565408048,0.694684177806948,0.999486182046446,-4.97592087805762
"CUL7",0.101168279423003,16.310387462835,0.664360967948907,0.516711063120527,0.999486182046446,-4.891818874061
"SHPRH",0.0334168804435713,20.5330215332265,0.249248688761724,0.806610515810846,0.999486182046446,-5.00580001754179
"SLMAP",-0.0446870796051009,17.1672854025339,-0.319707530552723,0.753673438115907,0.999486182046446,-4.99355740132014
"GAPVD1",-0.0164818822993276,21.031466016185,-0.287636917550074,0.777626394645563,0.999486182046446,-4.99950072177434
"ARHGAP19",0.0377205693956988,16.2841257593915,0.301921187668009,0.766927212869874,0.999486182046446,-4.99692972268623
"NAA25",-0.00686404629679416,21.141124664776,-0.102612892066059,0.919652207518886,0.999486182046446,-5.02163027141799
"FASTKD3",-0.0672646361887885,16.4201931968123,-0.391964291897159,0.700689415407317,0.999486182046446,-4.97791983504396
"NCAPH",-0.0266029454873227,19.4926024920337,-0.440655224800787,0.66585203877812,0.999486182046446,-4.96564559818466
"PCLAF",-0.0800665582030256,19.5140083515878,-0.417070295402567,0.682697314540049,0.999486182046446,-4.97173282962664
"SPCS2",-0.0659276351409268,22.5600650420374,-1.25229812929759,0.229953615162733,0.999486182046446,-4.57590969981522
"EMC2",-0.0189808120410362,21.1311091714199,-0.372423523169934,0.714874036140344,0.999486182046446,-4.98245410080231
"WTAP",-0.115227628686426,17.8655203545568,-1.19618488971205,0.250498900006946,0.999486182046446,-4.61272004311078
"PSMD6",-0.000416784074776189,23.8398745997423,-0.00811388945710759,0.993634844054717,0.999486182046446,-5.02484993141666
"MAD2L1BP",0.0747759883978922,16.9551908704998,0.457289270095304,0.654125866831125,0.999486182046446,-4.9611353912066
"MORF4L2",-0.0854481481685774,20.6047473858173,-1.13720121027393,0.273590750688519,0.999486182046446,-4.65005049005218
"ABRAXAS2",-0.11933835755141,19.5729682313744,-1.37485986216347,0.189700612613564,0.999486182046446,-4.49137497899393
"SEPTIN2",0.00631153002315799,23.328388311486,0.087397872965979,0.931530688864239,0.999486182046446,-5.0225195179543
"SART3",-0.0417158136812965,21.6796320517307,-0.87658056710578,0.394766504853781,0.999486182046446,-4.79675375146098
"NCAPD2",0.00331167090010354,20.4886636538877,0.067166911495203,0.947350786320385,0.999486182046446,-5.02348162766146
"SUZ12",-0.080800395419832,18.1505715428052,-0.899904548979905,0.382627779488525,0.999486182046446,-4.78491361089692
"EXOSC7",0.0761768332096153,20.2576539189751,1.28092634467679,0.219993274033563,0.999486182046446,-4.55666000858571
"TNIP1",-0.168882864705221,16.7043443591429,-0.759088107254061,0.459759067997536,0.999486182046446,-4.85226864390842
"EFTUD2",0.00595206715242824,21.4509909142759,0.0796914620177796,0.937553761277602,0.999486182046446,-5.02291566816071
"LARS2",-0.0283918454213747,19.7285830760045,-0.425792438318143,0.676406566286433,0.999486182046446,-4.96953934920019
"R3HDM1",0.0694996490048041,17.0921585521291,0.552208844380178,0.589668656507216,0.999486182046446,-4.93202393447674
"SNX17",0.0400969006926815,20.1760743391833,0.839254243906165,0.41472175296158,0.999486182046446,-4.81514467990555
"ARL6IP1",-0.12531108891622,18.7029455190888,-1.2682061956721,0.224375950019461,0.999486182046446,-4.56525150122438
"RAB3GAP1",0.00612804617245288,19.3207422308231,0.125452471948344,0.901859194950691,0.999486182046446,-5.02002868895123
"SLC39A14",-0.0779647847565101,18.6739898297381,-1.14179147209625,0.271737756401599,0.999486182046446,-4.6471968348795
"KARS1",-0.00357301244460828,23.5918579218689,-0.0854289789074502,0.933069113887895,0.999486182046446,-5.02262420012405
"SETDB1",-0.023653015449149,18.0053419452697,-0.397574431295785,0.696637944536273,0.999486182046446,-4.97657646326592
"LRRC14",0.0923066345571648,14.6187677766472,0.341208287640266,0.738104459416479,0.999486182046446,-4.98907839388632
"RRS1",0.188894322816044,19.6604222725772,1.4853500809314,0.158507902538153,0.999486182046446,-4.41068571785608
"IQCB1",-0.0653981972023381,15.7827490374017,-0.401610018728792,0.693729457339295,0.999486182046446,-4.9755986770047
"ARHGEF6",-0.000920994877738224,16.5235920261409,-0.0038231128940722,0.997004515665828,0.999486182046446,-5.02486567882007
"POLD3",-0.0914843682876061,18.9325467925738,-0.939669146988461,0.362521248991573,0.999486182046446,-4.76412089358749
"EIF4H",0.0481987783969018,23.2177121598035,0.48413789941561,0.635397336705361,0.999486182046446,-4.95351766534631
"ACAP2",-0.0247499360083161,18.50816654159,-0.342476494670027,0.736823597513436,0.999486182046446,-4.98896448242699
"KIF14",0.0795592005765613,17.7304736658205,0.551075812766279,0.589831949982804,0.999486182046446,-4.93272716067121
"BRD3",-0.0791674351603362,21.7007053869206,-0.656274059194754,0.521754577750916,0.999486182046446,-4.89497289115278
"WDR43",-0.00267519894439161,18.4710434194246,-0.0318041509232747,0.975054587821524,0.999486182046446,-5.02455881375612
"POSTN",0.172802258947481,18.3183646757731,1.50515979240648,0.153393624491563,0.999486182046446,-4.39580343722431
"ACOX1",-0.00414907922801788,20.6133827858769,-0.0724368926560342,0.943227304997057,0.999486182046446,-5.0232552393892
"OXA1L",-0.0761980254715269,21.0575792407642,-1.17730202883861,0.257722689900339,0.999486182046446,-4.62482574841502
"ZNF146",-0.0583069500368705,14.4311916719139,-0.301179703276351,0.767481413936529,0.999486182046446,-4.99706619449848
"EEA1",-0.0406917715308666,18.5103410175126,-0.484854364544251,0.634900995147743,0.999486182046446,-4.95330869031601
"PDIA6",0.0457250214410294,24.2596277809957,0.628015955636032,0.539595663473663,0.999486182046446,-4.90571442960263
"PAFAH1B3",0.326641922429413,22.3911441952693,1.02535617135719,0.322044610667617,0.999486182046446,-4.71669132907522
"PDK1",0.0382094150515009,17.6248568490529,0.317468267304727,0.755337756737834,0.999486182046446,-4.99399238699326
"PDK2",-0.101316124232039,17.3957630933927,-0.492528043870523,0.629596344795004,0.999486182046446,-4.95105196991035
"PDK3",-0.0839723917259647,18.8505473816762,-0.78990716673118,0.442095959987081,0.999486182046446,-4.83838550696301
"PEA15",0.428611799938185,17.3181000362942,1.27329743771447,0.222958602959705,0.999486182046446,-4.56189043092512
"PGM5",0.0390591289433431,20.8320881273876,0.368357578278716,0.717839437248177,0.999486182046446,-4.98336921653966
"EBP",-0.0579279620843245,22.2512791043301,-0.319455078542552,0.753923539699267,0.999486182046446,-4.99358074531557
"PMVK",0.0539773318530017,20.930412072676,0.770480248939674,0.453179600654666,0.999486182046446,-4.84719398680449
"PLCB4",0.0320883684372184,18.8562991847966,0.4029093851441,0.692794048096827,0.999486182046446,-4.97528181539912
"PLEC",-0.0486618203121658,22.7065201776182,-0.709672848118788,0.488974401352139,0.999486182046446,-4.87349494071822
"PCM1",-0.0379833543057515,18.9130427058337,-0.274700769960562,0.787356229541496,0.999486182046446,-5.00172324733721
"NOMO1",-0.404151912093059,17.5316497079498,-3.15247108070599,0.00668610437622325,0.999486182046446,-2.94490507369268
"PON2",0.11251146707944,18.309801707454,0.900850819325055,0.382140685551324,0.999486182046446,-4.78442765495122
"TCEAL1",0.822946045039002,14.8749329179364,1.94146374151572,0.0716673422863948,0.999486182046446,-4.0422509850457
"PPP2R5A",-0.0397065528484859,19.0311340069325,-0.426646149547129,0.675798387308874,0.999486182046446,-4.96931918249923
"PPA1",0.0794853874984689,24.6229759918033,0.689205579349837,0.501392309899861,0.999486182046446,-4.88190815836273
"PTGES3",-0.0633951626204095,24.6713602581832,-0.230415891280611,0.820996863725165,0.999486182046446,-5.00854721423767
"STK38",-0.0341485280478437,19.1725390316686,-0.403396223991793,0.69244370763785,0.999486182046446,-4.97516284018182
"NECTIN1",0.134751235191011,20.0876123286903,1.26405790262405,0.225820036978417,0.999486182046446,-4.56804011006395
"NONO",-0.0789459461552546,23.9663026196904,-0.876993542649923,0.394549360372401,0.999486182046446,-4.7965464234112
"PTPA",-0.0199592847647025,23.6735293672207,-0.346257747458413,0.734038544377731,0.999486182046446,-4.98817182415238
"PTPRK",0.0165707504778432,17.6827018846869,0.151407607461921,0.881705472790747,0.999486182046446,-5.01782055190837
"PWP2",0.0691598896070289,19.441726659989,1.22926232816203,0.238222577346682,0.999486182046446,-4.59117067245743
"QPRT",0.101289034680494,17.0579541161313,0.372692071664522,0.714711195962117,0.999486182046446,-4.98237818738119
"RABEP1",0.0894959492107432,17.2952653947227,0.318759637012136,0.754405506145811,0.999486182046446,-4.99373046693619
"RASA2",0.000316434043442726,13.2053685571071,0.00135742291757038,0.998935121436083,0.999486182046446,-5.02486963206105
"RAB35",-0.133851379712869,20.2736073785786,-2.12157851379642,0.0512394909364715,0.999486182046446,-3.88441674358587
"RNPS1",0.145080503359452,21.9608106747543,0.769820545082563,0.453772686896682,0.999486182046446,-4.84737646038473
"RBBP5",-0.0635955400577579,20.9197256170087,-0.847218139661034,0.410409627096082,0.999486182046446,-4.81127890898062
"RCN1",0.113299299652386,20.4240162825118,0.783389061125861,0.44587203364564,0.999486182046446,-4.84132255262262
"RALBP1",-0.163707760101392,16.2925625119705,-1.36181936010861,0.193692387421657,0.999486182046446,-4.50062700417287
"LLGL1",-0.0685719915966772,19.3938468330447,-1.26909752866499,0.224066615677076,0.999486182046446,-4.56465146695942
"LRRC41",-0.00205259657222356,18.1502518619406,-0.0283481152414394,0.977764488049231,0.999486182046446,-5.02462280849004
"TTF1",-0.0705518014077668,16.4723657494616,-0.309624858841413,0.761177169076343,0.999486182046446,-4.99549234681384
"TMED2",0.0474316138688238,19.9784629745072,0.14605624925703,0.885893762013792,0.999486182046446,-5.01830130102083
"PCBP1",0.00478596988147473,25.3167950161425,0.0375754661660833,0.970529987840439,0.999486182046446,-5.02443555778244
"PCBP2",0.00797902290471342,24.1172083454558,0.10565366698265,0.91728052938175,0.999486182046446,-5.02143551064879
"ELOC",0.152452685474405,20.636464503653,0.657170691521031,0.521395448980911,0.999486182046446,-4.89451167001547
"ELOB",0.270833112508118,22.8160672244914,1.25570758494144,0.229135546681046,0.999486182046446,-4.57369442812354
"RHEB",0.0200543965209157,21.8224579994589,0.221351731463062,0.827853590633018,0.999486182046446,-5.00982172109511
"UBE3C",-0.046253825761589,19.8901724684963,-0.893438435150648,0.385967460076386,0.999486182046446,-4.78822263808096
"TOMM20",-0.0297365190066792,21.4153938360138,-0.198384997293349,0.845468954373753,0.999486182046446,-5.01277220180915
"MTFR1",0.151747070033881,16.7745725960874,0.809052456901558,0.431342124020021,0.999486182046446,-4.82951536585787
"DHCR24",-0.0461371805698469,22.5214554683025,-0.350702404892838,0.730780479672746,0.999486182046446,-4.98722450807559
"SF3B3",0.0349900967834245,23.158309632929,1.02131935328123,0.323562527142528,0.999486182046446,-4.71909295505043
"PUM3",0.0572675650180443,19.9786802153632,0.956515294961236,0.35422717729382,0.999486182046446,-4.75508485834159
"DLGAP5",0.039105922505847,18.3122528694264,0.238622520676152,0.814681663403034,0.999486182046446,-5.00738850161092
"RSU1",-0.028204645462278,21.8046911969532,-0.364071839402984,0.720970230212974,0.999486182046446,-4.98432320701848
"RPS6KA1",-0.0547266244175937,18.3220350659808,-0.939353584858505,0.362677885754925,0.999486182046446,-4.76428887561545
"SAFB",-0.0393447163903566,18.9926172874455,-0.373059079154146,0.71441093619584,0.999486182046446,-4.98231017340046
"SF3B4",0.036927655380353,20.3267350569564,0.137682143042601,0.892390637157572,0.999486182046446,-5.01903227821918
"SF3A2",0.0166365306465366,19.585982694933,0.182735063163883,0.857493738877312,0.999486182046446,-5.01460666906449
"PPP1R7",-0.0250631236769436,20.8481506922733,-0.2417541362465,0.812299328490421,0.999486182046446,-5.00692793915281
"SEC23A",-0.0663873155910863,21.196942017337,-0.927859020933452,0.368415376768922,0.999486182046446,-4.77037544869334
"SEC23B",-0.0995785852997777,21.4274661677693,-1.07240157209959,0.300772039219943,0.999486182046446,-4.68938018796818
"CYTH1",0.199600172511683,17.1932520711806,1.04306607869699,0.31371205827312,0.999486182046446,-4.70658566203132
"SF3A1",-0.0104627660633838,21.5783295078826,-0.179402941025662,0.860062431605075,0.999486182046446,-5.01497698656755
"SKIC2",-0.000635240868000153,19.7462447526466,-0.0125763840282344,0.990134283851469,0.999486182046446,-5.02482150701722
"RGN",0.0992002517919808,16.6510251658952,0.168847097830834,0.868860607772624,0.999486182046446,-5.015949058205
"SURF1",0.0301809684045189,20.576222141637,0.347257629669384,0.73330273245314,0.999486182046446,-4.98796079866819
"SURF2",-0.0963051993937221,19.9076467643977,-0.681270718404448,0.506284188323256,0.999486182046446,-4.88509367619982
"MED22",0.229759660383026,15.2652198263735,1.0737649311348,0.301410384900039,0.999486182046446,-4.68830114650579
"TAF5",-0.0137233875448999,18.7649909521684,-0.266452125468346,0.793579704773252,0.999486182046446,-5.00308780562235
"TAF7",0.0291238146714576,17.7434258451235,0.264283969202552,0.795217977399266,0.999486182046446,-5.00343967047668
"TERF2",-0.0416468224357338,19.1558931014851,-0.751882216563786,0.46395113138325,0.999486182046446,-4.85544369461454
"MAPRE2",-0.00151874658251572,17.0208101841679,-0.00622316288832167,0.9951180511445,0.999486182046446,-5.02485827664965
"TCEA2",-0.00680801869526881,14.4358746259571,-0.0261477764961918,0.979515152033528,0.999486182046446,-5.02465874973589
"TEAD4",-0.311458541350095,15.4741277357596,-1.26494928179351,0.225509117332321,0.999486182046446,-4.56744144982126
"TAF1C",0.181889346809825,15.4259993682528,0.959224516532368,0.352905756476496,0.999486182046446,-4.75361918552678
"SLC9A3R2",0.0275541063377069,19.1856660184084,0.286923034876479,0.778162350675335,0.999486182046446,-4.99962599654251
"TRADD",0.0439223205217658,18.9471463712062,0.482914521966425,0.636245267363538,0.999486182046446,-4.95387381157019
"TRAM1",-0.302093914653305,19.8375326306188,-1.83033253328605,0.0876060263335646,0.999486182046446,-4.13648411320973
"TSN",-0.00192814545045294,22.5152224333446,-0.0314931914142621,0.975298400704328,0.999486182046446,-5.02456487273447
"TARBP2",0.0606436856178618,17.5600647364625,0.461962619873536,0.650848108950853,0.999486182046446,-4.95983936588441
"SF1",-0.0082166424680743,21.032536733548,-0.0620472715898552,0.951359422064179,0.999486182046446,-5.0236850858042
"TRIP10",-0.0691169303451034,18.5988289697962,-0.750366494814549,0.464835894304631,0.999486182046446,-4.8561081039331
"TRIP11",0.0562864960992826,17.3361901973095,0.328241086565766,0.747342569761358,0.999486182046446,-4.99187226037775
"TRIP13",0.00361314489355635,22.33115980991,0.0798010935922279,0.937468048324488,0.999486182046446,-5.02291028841603
"OASL",0.0224643975634358,17.9383866059965,0.144678082908012,0.889189347911268,0.999486182046446,-5.0179565743957
"MED1",0.00998912872251978,19.1439884827089,0.15310120835093,0.880393196593983,0.999486182046446,-5.01766213843131
"ZNHIT3",0.117564114419611,16.5693135795979,0.704548710582589,0.492066061283377,0.999486182046446,-4.87562221891543
"TRIP4",-0.0243362975591204,19.3184017751687,-0.21254588287882,0.834590472388968,0.999486182046446,-5.01099267519876
"HMGN3",0.171849316236736,12.281082944645,0.47258821508136,0.643423387809745,0.999486182046446,-4.95684563785482
"JMJD1C",-0.133180916095545,14.9780559669274,-0.652060582860016,0.524393416819424,0.999486182046446,-4.89660214720309
"NFKBIB",-0.140097450895613,18.179624922913,-1.84676991375314,0.0849392997826112,0.999486182046446,-4.12227378440118
"TRIP6",-0.149759477845361,18.4426136450178,-1.05883392223427,0.312886067164417,0.999486182046446,-4.6958909301015
"MAPRE1",-0.00533366159206494,22.7546068815565,-0.0896751984208898,0.929751619085216,0.999486182046446,-5.0223954666897
"ELAVL1",-0.00942185603611634,23.4519693365233,-0.194232136953167,0.848643755439818,0.999486182046446,-5.01327696733291
"ELF2",0.0463231952141534,16.2103268250505,0.341361275019032,0.737645735848633,0.999486182046446,-4.9891966396456
"NSDHL",-0.0177411787010868,22.1344939441487,-0.350232722325794,0.731114968607431,0.999486182046446,-4.98732938925822
"NAB2",-0.0768650064265408,18.868483940608,-0.546081267829897,0.593173937323145,0.999486182046446,-4.93436627862654
"TAB1",-0.0374727905243404,19.1840384780101,-0.448713539969534,0.66015981036955,0.999486182046446,-4.963480706475
"HERC1",0.00076405342582575,17.6790922671524,0.0117634084664336,0.990772001134306,0.999486182046446,-5.02482759874107
"SLC1A5",-0.0564565842038469,24.0051225922023,-0.609171089693648,0.551678793182756,0.999486182046446,-4.91263449726595
"MLF2",0.0101452906774888,18.3093400291844,0.0577052211654458,0.954757887788355,0.999486182046446,-5.02384522611861
"MPPED2",0.200339028840775,14.9437976534837,0.995781919998426,0.353700987859443,0.999486182046446,-4.72755420148587
"TOMM34",-0.0232156614290311,21.6321095008197,-0.246139606350549,0.808966368425662,0.999486182046446,-5.00627299616984
"SMAD2",-0.142764567378929,17.9493630827444,-1.27245711708722,0.222903705488278,0.999486182046446,-4.56238712772061
"SMAD1",0.162122382821062,15.9502318285705,0.76067256240546,0.45884045206452,0.999486182046446,-4.8515668780087
"MSMO1",-0.224516605092564,19.9911992927521,-1.03833897406814,0.316165727773477,0.999486182046446,-4.70923147640189
"TBCE",-0.0251227606815618,20.2149570300254,-0.478436775436966,0.639353306833077,0.999486182046446,-4.9551700144837
"TBCC",-0.0355792798475996,19.887120706858,-0.610622954172836,0.550742673175895,0.999486182046446,-4.91210831470876
"UBE2V2",0.0337340334140208,21.5446301508158,0.13888200294549,0.891459248625899,0.999486182046446,-5.01893018019762
"STK11",-0.155902640878733,17.2157189485864,-1.47205383250381,0.162019920591284,0.999486182046446,-4.42060602041153
"STXBP2",-0.00075587170674396,19.8010996721749,-0.0120381256458595,0.990556505722232,0.999486182046446,-5.02482558577297
"VAMP3",-0.203970380747695,17.3197038434661,-0.772268862628139,0.45222723569364,0.999486182046446,-4.8463513263262
"NEDD8",-0.268931865882376,21.5806368941069,-1.30448522126831,0.212451228044979,0.999486182046446,-4.54070280405051
"ADIRF",-0.0139279298616444,17.2497247225213,-0.113987297525883,0.911348716510935,0.999486182046446,-5.02077918023187
"USF2",-0.004967083958757,15.7345734995337,-0.0305566375090728,0.97609623882927,0.999486182046446,-5.02457990124659
"ATP6AP1",0.00953084727691689,20.5677229982941,0.142395323893447,0.88869452520025,0.999486182046446,-5.01863401595525
"VPS72",-0.120612344434928,18.5527964259214,-0.543527268472396,0.594960909574652,0.999486182046446,-4.93515791996478
"RAB11B",0.110724920491215,20.5605159993014,0.964480264457987,0.350352098764967,0.999486182046446,-4.750766039206
"EZH2",0.0610808754030998,16.0623277581103,0.496823223048236,0.626636339828794,0.999486182046446,-4.9497740651822
"ZFHX3",0.0372998336878467,14.978618834617,0.261401907203193,0.797397225411471,0.999486182046446,-5.00390300211239
"ZYX",-0.107605093994874,19.9483567089399,-1.43049250532086,0.173417588150662,0.999486182046446,-4.45125042388369
"ETFDH",-0.0604532169145919,18.2496367296079,-0.688215658664674,0.501997561995963,0.999486182046446,-4.88230939558414
"SEPTIN7",-0.0580219537185371,22.6000001920682,-0.799426616736416,0.436727865013601,0.999486182046446,-4.83399847133444
"ADRM1",-0.0998177133294789,23.0557238228108,-0.853047067262036,0.407272209464747,0.999486182046446,-4.80842942390347
"CCDC6",-0.0145232824299839,21.2760663472606,-0.145330306201632,0.886417358255937,0.999486182046446,-5.01837455669914
"UAP1",-0.030943929370153,19.6104285619813,-0.584410758008103,0.56777538266088,0.999486182046446,-4.92142828509265
"E2F4",0.10029482265878,14.5846592393092,0.468865727663021,0.64602008828659,0.999486182046446,-4.95790186042014
"PDCD2",-0.0754615016878333,18.5976985279039,-0.611333834314201,0.550284633317816,0.999486182046446,-4.91185025398566
"PSMD5",0.0316017134069888,21.677462045085,0.33150107690096,0.744928982300556,0.999486182046446,-4.9912170267186
"PKN1",0.0272874737009339,19.4870194932028,0.581606556626684,0.56961393752616,0.999486182046446,-4.92240272689213
"PKN2",0.00605804824273193,21.3623397525909,0.100103480441784,0.921610040173676,0.999486182046446,-5.02178672384755
"TAF12",-0.00396491150807776,17.9345537874432,-0.0259509979387144,0.979644252015164,0.999486182046446,-5.02466287699451
"DDB1",0.0357319896965826,22.7797598387306,0.700872592830297,0.494291173650285,0.999486182046446,-4.87713974112996
"SNAPC1",0.0751288778860264,16.0975854774888,0.341868183198604,0.737272002692774,0.999486182046446,-4.98909120745189
"PPP2R5E",-0.0378121603196853,20.1309917135964,-0.566151344831446,0.579803003233516,0.999486182046446,-4.92769447472393
"MAPK14",-0.00264482555307666,20.3476979973371,-0.0278965964226045,0.978118548591216,0.999486182046446,-5.0246306261444
"MRPL23",0.0941132189741722,21.091973108173,1.22826318722212,0.238586412639341,0.999486182046446,-4.59182792088193
"CDC37",-0.0680696941013252,23.36675313512,-0.954587386496548,0.355169612682414,0.999486182046446,-4.75612574470707
"DPYSL2",-0.0446033766020726,20.3761836500172,-0.619531332196351,0.545017766089176,0.999486182046446,-4.9088542898309
"SNRNP35",0.103139335103183,15.424576752767,0.514385094481716,0.61460301357098,0.999486182046446,-4.94443920050123
"SYPL1",-0.0603260090771123,21.9931321358188,-0.462085149322674,0.650772024503841,0.999486182046446,-4.95980013975443
"RBBP7",0.0827195897449506,20.8252565677369,0.470559280847747,0.644906843105888,0.999486182046446,-4.957386259783
"MAP3K11",-0.184117419538396,16.4199724151154,-1.17197835494284,0.259787881078711,0.999486182046446,-4.62821259790609
"BAK1",0.08553895674914,17.9058096820312,0.212003094817333,0.83528152452619,0.999486182046446,-5.01098206361921
"OCLN",-0.00591706062582276,19.8363252156996,-0.0479568449255934,0.962393931251956,0.999486182046446,-5.02416224525971
"SRSF7",0.137439300835876,24.3526994532564,1.72438478595598,0.105523658614125,0.999486182046446,-4.22361326784085
"CPSF6",-0.0545153450210059,21.8584826876535,-0.949931560083793,0.357452757965654,0.999486182046446,-4.75863223055086
"SMN2",-0.119129764145324,20.1388376285844,-0.61285599942854,0.549458092310132,0.999486182046446,-4.91121020820634
"DBN1",-0.0700774045250299,21.3811677717518,-0.782440288243775,0.446335651118929,0.999486182046446,-4.84179410492062
"MAPKAPK3",0.0627697323840444,19.6361141835739,0.360250913434827,0.723812642650228,0.999486182046446,-4.98514348372062
"PRSS8",0.0620691741736614,17.9517164918587,0.515232304376524,0.614025356684236,0.999486182046446,-4.94417738580551
"NRF1",0.110142516011727,17.8945512888572,0.71604555781003,0.485145582110348,0.999486182046446,-4.87082985533289
"FSCN1",-0.0114136457584593,19.5737926807203,-0.197420091000885,0.846193469362753,0.999486182046446,-5.01289400217222
"CYP1B1",0.0132056291373956,18.9272631425152,0.13649339063274,0.893276714608407,0.999486182046446,-5.01913979693343
"DECR1",0.0123113011094027,23.4152150648092,0.14912664976095,0.883473425110551,0.999486182046446,-5.01803113210949
"MAN2A1",-0.0207170633234917,19.781433929084,-0.386682733060049,0.704512211407702,0.999486182046446,-4.97916759009715
"NDUFA5",0.134384636561009,19.5310919356115,1.05780076579228,0.307162710402802,0.999486182046446,-4.69799118859894
"KYNU",0.0211708056299322,20.7246159318416,0.19357653736007,0.849147855572386,0.999486182046446,-5.01335495649053
"UGCG",-0.055347861459957,16.0628896127474,-0.530312700789826,0.603787544320529,0.999486182046446,-4.93944871365253
"CLPP",-0.0371493345989329,19.3113837315098,-0.397820975498276,0.696460115800313,0.999486182046446,-4.97651700244169
"TST",-0.0136039914943318,20.3545002859345,-0.185205594022151,0.85559031022851,0.999486182046446,-5.01432773404833
"UBE2S",-0.028577647862619,20.3460691852477,-0.356437581602763,0.726559947582293,0.999486182046446,-4.9859956015778
"GUK1",-0.0319147932131187,19.473023168483,-0.436085496042822,0.669089503765429,0.999486182046446,-4.9668564841259
"HAGH",0.00428717491126207,21.5306041422196,0.0559605587501796,0.956124192445773,0.999486182046446,-5.02390625814931
"NDUFA9",-1.53137590750418e-05,21.0215600757646,-0.000207305777840766,0.999837371576063,0.999837371576063,-5.02487018609087
"PCK2",-0.0210327726876258,22.2458274762929,-0.213849769922118,0.833592078295778,0.999486182046446,-5.01082226233863
"HADH",-0.0111453016662466,23.2791248559355,-0.191157583269062,0.851008412660079,0.999486182046446,-5.01364044664898
"CYP51A1",-0.0421823190411494,20.5034451483245,-0.510928964898029,0.616962255093285,0.999486182046446,-4.945503013375
"UGP2",-0.0285833079951487,22.2725804250942,-0.557338411505159,0.585655059130612,0.999486182046446,-4.93065202621342
"DGUOK",0.217652185538526,17.4417832464908,1.11272754784849,0.283631351686186,0.999486182046446,-4.66511555071763
"ATP6V1F",0.313189089611079,16.8573695047522,0.890918245540127,0.38741650900564,0.999486182046446,-4.78944325448665
"PFKFB3",0.147130144619823,17.0692075423649,1.23756987607936,0.23521412847945,0.999486182046446,-4.58569075650763
"UGT8",0.1600816164412,16.1234322441466,1.16499145190893,0.262517444372085,0.999486182046446,-4.63263999726196
"TXNRD1",-0.0224437677661093,22.6776901736808,-0.194301879275681,0.848590133565419,0.999486182046446,-5.01326865548466
"TPD52L1",0.0240998641427979,20.6309555749001,0.242062894628508,0.812064548127989,0.999486182046446,-5.00688220890408
"IMMT",-0.0531401729011414,21.700946987316,-0.614584721529957,0.548192639266993,0.999486182046446,-4.91066657595844
"FAM98C",-0.0284643857883786,16.9715780713046,-0.138848117236209,0.891448051941197,0.999486182046446,-5.01894055978595
"GEN1",0.00928695908173793,16.5898174968599,0.0665503756438346,0.94783329714999,0.999486182046446,-5.02350699708745
"CPEB4",-0.00128087354816309,16.0547042765033,-0.00752177924087629,0.99409933090786,0.999486182046446,-5.02485278157185
"DOK7",-0.422697091726876,12.5150490433941,-1.80876706490293,0.114988642313423,0.999486182046446,-4.21670866405222
"KNOP1",0.00889353046120434,19.4867845912062,0.0937843095613872,0.926542527221785,0.999486182046446,-5.0221635737892
"HNRNPUL2",-0.0303017852768264,23.3827579880583,-0.254249641668717,0.802812857399646,0.999486182046446,-5.00503116263256
"LONRF2",0.0171940692031569,17.8188377036698,0.172869520019223,0.865103690197066,0.999486182046446,-5.01568342113498
"TMEM132A",0.0974720664520987,16.5532981363574,0.475636066390244,0.641300867297243,0.999486182046446,-4.95597488353608
"INF2",-0.0126995556260994,20.0284913347931,-0.20994037712304,0.836586404485418,0.999486182046446,-5.01133010923124
"PDS5A",-0.0261073418131872,20.0324278018316,-0.491839546046372,0.630071433709202,0.999486182046446,-4.95125582821264
"QSER1",-0.0575153914874669,17.275660794804,-0.572301858408891,0.575736889764205,0.999486182046446,-4.92560459489248
"CLEC16A",0.0151990176889605,21.1697968013035,0.112559470391082,0.911901443734721,0.999486182046446,-5.02097145055536
"AAK1",0.00514669122745559,17.8425137099096,0.0422820180511667,0.966840909953005,0.999486182046446,-5.02431986573909
"WASHC4",-0.0358570270849938,19.3370868528366,-0.672295143204389,0.511790028222386,0.999486182046446,-4.88869002276535
"ERCC6L",0.0342950840897309,18.9850908371988,0.561311038663555,0.583013365199335,0.999486182046446,-4.92932424388512
"TSR1",0.0124612020838057,20.5489837211537,0.201723149274133,0.842888713873014,0.999486182046446,-5.01236726907977
"RALGAPA2",-0.104240523454184,15.4977642707272,-0.444439544627824,0.663176196706786,0.999486182046446,-4.96463363021497
"DPY19L1",0.0074557924241212,17.856309402502,0.0453777233753527,0.96441486370471,0.999486182046446,-5.02423633789819
"TYSND1",-0.0778469156826631,17.0964890248371,-0.607747758863716,0.552597353029231,0.999486182046446,-4.91314920801703
"IAH1",0.116540149647594,19.7465746746308,0.639483145221145,0.532404876618224,0.999486182046446,-4.90135752753363
"ALG11",-0.0288521787534393,16.6084029810208,-0.231820706557676,0.819862547532042,0.999486182046446,-5.00836837155538
"QRICH1",-0.0117988881813531,18.7485695750252,-0.11567192914016,0.909472576380482,0.999486182046446,-5.02075370277988
"SMU1",-0.0835531893951824,20.7100641067292,-0.898972812645447,0.383107802433215,0.999486182046446,-4.78539167848156
"ATG2A",-0.0423301812356769,18.3035720949646,-0.590147268072968,0.564024077540346,0.999486182046446,-4.91942123503671
"ZNF800",-0.0334029538172658,17.667387519404,-0.274380301063998,0.787871391189968,0.999486182046446,-5.00167650337392
"CWF19L2",-0.171069924668043,16.6076578447789,-0.921273377617912,0.372789172683235,0.999486182046446,-4.77339153623866
"AP5B1",-0.0746626949413489,17.5721738290482,-0.971333470971865,0.347041749931641,0.999486182046446,-4.74702628653051
"CTU2",-0.0154511392563705,19.6291569295914,-0.17279960457236,0.865157670941062,0.999486182046446,-5.01569083995747
"LRRFIP1",-0.111713645178934,19.5701335077302,-0.93995026207986,0.362381750239525,0.999486182046446,-4.76397120882324
"PGS1",0.0637632061298916,17.6452594907113,0.795564460324158,0.438900752971208,0.999486182046446,-4.83578393390803
"C18orf21",-0.0620642518908046,15.1971680038914,-0.20596288036673,0.83963557963442,0.999486182046446,-5.01183726806989
"P3H1",-0.0432703755555863,18.5542669663855,-0.568294002752701,0.578384801280532,0.999486182046446,-4.92696882799498
"TRMT5",-0.00551496113440919,19.1292089911519,-0.0941724963977768,0.926239432331044,0.999486182046446,-5.02214113079051
"EML3",-0.0466068955235883,18.9034410113536,-1.12102715307996,0.280195866145417,0.999486182046446,-4.66003500170619
"NDUFAF6",-0.00556862981456874,17.6592659598245,-0.0716092099025512,0.943874814845266,0.999486182046446,-5.02329192536821
"LRRK1",-0.0150420811539576,20.5955654392585,-0.212316574043302,0.834766086041598,0.999486182046446,-5.01102253812963
"POLR1F",-0.102090239292419,18.8257347193277,-1.10845439466059,0.285412391945539,0.999486182046446,-4.66771990224321
"EDRF1",-0.0113661886604568,18.2391539369081,-0.162327170557932,0.873250987777282,0.999486182046446,-5.0167683763348
"ZNF791",0.0563800010403988,14.7547786298553,0.391281595928013,0.701585112751796,0.999486182046446,-4.97789104528881
"MAP7D1",0.0176080643428378,18.8787696115798,0.234744365202725,0.817634541684114,0.999486182046446,-5.00795062421714
"UAP1L1",0.0327797370931684,19.8107600155422,0.47113621725878,0.644435690321823,0.999486182046446,-4.95725858086093
"C2orf76",0.0719931786433605,18.652142373885,0.444887604320624,0.662859692763885,0.999486182046446,-4.96451326280731
"ALKBH6",-0.0194268099798336,16.8362410071253,-0.162558215865704,0.873072269401498,0.999486182046446,-5.01674532615253
"ADPRM",-0.0346155408229905,18.9205478495335,-0.0564247259224942,0.955898293654923,0.999486182046446,-5.02387878662795
"TKFC",-0.0439946105771085,21.0947161132534,-0.773754970340135,0.451299211689847,0.999486182046446,-4.84572281237503
"LSM12",-0.0679926628039347,20.775715482015,-0.900291327909959,0.382428633754927,0.999486182046446,-4.78471503354183
"TBC1D25",0.243636451807529,14.840766436771,1.11158674012911,0.284106022795396,0.999486182046446,-4.66581159885007
"TMEM30B",-0.0577437407124108,17.473348866314,-0.567569805244421,0.578863938190803,0.999486182046446,-4.92721437747038
"ADCK5",0.0488100731123922,16.1909580625766,0.352175047515234,0.729687961230758,0.999486182046446,-4.98691432816887
"HSDL1",-0.00381079548896679,21.2007731977897,-0.0568571549435703,0.955422019311891,0.999486182046446,-5.02387512716165
"ARL13B",0.0451509355584427,15.2743404321242,0.180587348501059,0.859768571223046,0.999486182046446,-5.01468773281358
"SLC25A52;SLC25A51",0.0929179594610154,16.1671981356006,0.815264912558331,0.42881639017283,0.999486182046446,-4.82612907183801
"ALDH1L2",0.0287795957350525,18.1258307308201,0.188169906161388,0.853307671409839,0.999486182046446,-5.01398813804784
"GON4L",0.0614356241511054,17.6938461917643,0.349921115396097,0.731343999032111,0.999486182046446,-4.98739576880521
"GNPTAB",-0.54469987827936,15.6251540288805,-2.4668547425066,0.0274191081452398,0.999486182046446,-3.58906270651262
"RABL6",0.0339326842335446,20.6069978009055,0.399085179254643,0.695548553747211,0.999486182046446,-4.97621154387281
"FAM174B",0.168505576583312,14.8690895849279,0.630093255673002,0.538963882247516,0.999486182046446,-4.90455004094643
"TIMM50",-0.0675855974899022,21.963593100115,-1.15750774641579,0.265465287630571,0.999486182046446,-4.63735997340078
"LGALSL",0.346683315880213,16.3661748119012,0.718842895936402,0.484531910091296,0.999486182046446,-4.8690701405812
"PARP14",0.112415928405628,17.7234317897815,0.292401665663468,0.774791985890721,0.999486182046446,-4.99837062604533
"CFAP100",0.593976152614069,18.9832158432643,1.32226224938552,0.206617174482061,0.999486182046446,-4.52846124612087
"FUT11",0.0106598203484296,14.3020697907942,0.0256350073139045,0.980067416907051,0.999486182046446,-5.02466123893644
"ZNF672",-0.0784180376673334,13.7211860281064,-0.379513231801505,0.711076302955844,0.999486182046446,-4.98019990975873
"GLYR1",-0.0088976768531559,19.9299312686634,-0.0670386150073354,0.947451191455224,0.999486182046446,-5.02348692610791
"C8orf34",-0.172625288537702,17.5567924823009,-1.06923224635828,0.302150860486635,0.999486182046446,-4.69125729398831
"C5orf22",0.0907837497984971,18.8342963403201,0.768756802753852,0.454171185506747,0.999486182046446,-4.84796601993099
"COX19",-0.269058914287665,16.1522044968511,-1.22644585204866,0.239249301503225,0.999486182046446,-4.59302238611543
"RIC1",-0.142592059897801,16.2919465486127,-0.56924046815412,0.579083162419087,0.999486182046446,-4.92590782452472
"VPS26B",-0.0698355494687632,19.3547980151084,-1.41898152054046,0.176688930601387,0.999486182046446,-4.45963807985405
"CCSMST1",-0.348126495539818,15.8995700700291,-1.03359264749158,0.318016729617822,0.999486182046446,-4.71204881815362
"LARP7",-0.0596525445414109,20.0311297568989,-1.0083036910967,0.329563626119198,0.999486182046446,-4.72647661426702
"NADK2",-0.00785144417389461,19.7978811360939,-0.105359067318022,0.917510269692516,0.999486182046446,-5.02145462795156
"KCTD21",-0.211249641994485,16.1565821859552,-0.653833131627659,0.524034991977341,0.999486182046446,-4.89549462235244
"GXYLT1",-0.0510480724350728,18.0748937458183,-0.518597686956941,0.611733337264761,0.999486182046446,-4.94313333685893
"ACSF3",0.00446218654189678,19.786011211593,0.0619137337576404,0.951462670882857,0.999486182046446,-5.02369029786956
"PREPL",-0.0392452012329407,20.3514297357618,-0.620866522803256,0.544162534212641,0.999486182046446,-4.90836280728871
"TBC1D10B",-0.0253674856755914,17.7608971754738,-0.284905597467172,0.779677595560463,0.999486182046446,-4.99997836741265
"TPRN",0.0416230380614238,18.9021406337253,0.588537632434248,0.565075343267335,0.999486182046446,-4.91998625235154
"ANO6",0.208228999019024,15.8951614959375,0.939558503051353,0.363656608650514,0.999486182046446,-4.7637484607056
"PLCH1",-0.0192100507392148,19.5971756380314,-0.183293169384071,0.857063663608352,0.999486182046446,-5.01454398153415
"ARID4B",-0.0228366830637015,16.8227696424543,-0.112461022707995,0.911974055925126,0.999486182046446,-5.02097893086969
"MRPL51",0.0648838828454039,18.2188369698749,0.149058089902472,0.883566886269683,0.999486182046446,-5.01802880788923
"GRIPAP1",0.0361108747384833,18.4364470976877,0.443154857862744,0.664084051934289,0.999486182046446,-4.96497810320503
"MIX23",0.0175175609208651,19.7653176834172,0.139340227016998,0.891065963430812,0.999486182046446,-5.01889849268068
"FLYWCH1",0.0738462685659265,16.8072151578081,0.43278007846308,0.671435502895679,0.999486182046446,-4.96772477085324
"GREB1",-0.0771183258464525,16.0147631321237,-0.2307517814118,0.821869441205009,0.999486182046446,-5.00814010725393
"TMEM259",-0.0798968251897634,18.0961559141386,-0.854399798831187,0.406546365456569,0.999486182046446,-4.8077657208978
"PAN2",0.0336307972048857,16.7486996816798,0.323908022960545,0.750554860906783,0.999486182046446,-4.99273335577663
"FAM98B",-0.0255186727040453,19.9479415622404,-0.168299703078686,0.868647610263808,0.999486182046446,-5.0161586635824
"EPC2",-0.183382651035108,15.3115363970732,-0.545859039180518,0.593322859041361,0.999486182046446,-4.93443888292545
"ARHGAP29",-0.23308614344605,16.4961783462947,-0.661246612260418,0.518731472357861,0.999486182046446,-4.89299197720773
"PDCD4",0.0436443854802775,19.12767977636,0.389535173553353,0.702446580980417,0.999486182046446,-4.9784957494478
"FNDC3B",-0.103920184813855,17.5014924047522,-1.11400616115848,0.283100046971416,0.999486182046446,-4.66433476360467
"CRTC2",-0.117265722538374,16.5007476840308,-0.456721313829816,0.654524719913584,0.999486182046446,-4.96129203619432
"GPAT3",-0.037342791324285,16.4372152677339,-0.203916698701667,0.842227274275282,0.999486182046446,-5.01180235709821
"CEP55",0.11253702021229,15.2827550125085,0.684365041531639,0.504355942063289,0.999486182046446,-4.88386513909437
"NCBP3",-0.0504923035486371,19.3487295849944,-0.461638619229029,0.651075114639021,0.999486182046446,-4.95992962649835
"TP53I3",-0.00409184690982656,19.6866090139886,-0.0355795373040833,0.972094647283417,0.999486182046446,-5.02448050316117
"HIKESHI",-0.10075888835371,19.4822458261346,-0.727102736546403,0.478544979924923,0.999486182046446,-4.86615467333192
"ORMDL2",0.231481657194628,17.4942891650968,1.15344519954002,0.26838360335287,0.999486182046446,-4.63981338187062
"KLHL12",0.0962058846121483,15.7729670053317,0.323018168561138,0.752357038540077,0.999486182046446,-4.99243219229603
"PHLDA2",0.0362837179759268,19.395470274434,0.425147981376899,0.67686582822354,0.999486182046446,-4.96970526856231
"PDLIM3",-0.022388087646533,16.4574733542476,-0.134152002864031,0.897193945227458,0.999486182046446,-5.01892414706978
"PARP10",-0.057247478242445,16.0922228336224,-0.428673271368679,0.681506525734058,0.999486182046446,-4.96519611549838
"HSD17B12",-0.0749751954136357,20.8828036999663,-1.04666378680775,0.312103635558468,0.999486182046446,-4.7044960847558
"GLE1",0.0108179250724021,17.7800041178102,0.156968743927326,0.877397826645784,0.999486182046446,-5.0172938065624
"USP39",-0.0129347008593683,21.1717354808719,-0.298739460716264,0.769306228657822,0.999486182046446,-4.99751299798332
"KLHL22",-0.0403590279326522,17.8196898034288,-0.612098519506045,0.549792156748622,0.999486182046446,-4.91157234966987
"AGK",-0.0248163054097681,21.0505104865844,-0.296010465195612,0.771348645585428,0.999486182046446,-4.99800843950522
"SETMAR",0.0851411936873312,16.8453108698031,0.735360370170581,0.473651087432015,0.999486182046446,-4.86262110753036
"TRMT12",0.0805528951747192,17.4784904727467,0.51257396805934,0.615838787418298,0.999486182046446,-4.94499752340176
"LACTB2",0.0388648920134891,20.010397094377,0.670304958604487,0.513021863514169,0.999486182046446,-4.88947805013246
"PYCR3",-0.0371488171104666,21.0191972988459,-0.366987199129304,0.718839952808697,0.999486182046446,-4.98367544107389
"EIPR1",-0.0356205418945486,19.0637616060339,-0.38204642449188,0.707874787331576,0.999486182046446,-4.98024935225531
"CDCA8",-0.00984460412409049,18.9870525536875,-0.0912737610048888,0.928503036764426,0.999486182046446,-5.02230648619737
"SMUG1",0.0495799083911557,16.4739602882457,0.320272613809442,0.753253642740894,0.999486182046446,-4.99344715801965
"FASTKD1",-0.311195487611666,17.1449922672088,-1.9127921131764,0.0753905926347547,0.999486182046446,-4.06630660685766
"ANKRD39",0.518079822726772,16.1024420052456,1.14285982729322,0.271601279766265,0.999486182046446,-4.64650301733508
"BOLA3",-0.0843114741617264,18.1669433890938,-0.485355318993803,0.635066085927742,0.999486182046446,-4.9528900617491
"COBLL1",-0.0529649815563058,15.6014839445812,-0.478185138421761,0.639528178544632,0.999486182046446,-4.95524251485774
"HS1BP3",0.00520559879887372,19.6276277819094,0.0648742133250344,0.949145194887667,0.999486182046446,-5.02357478679975
"TAF1B",-0.0553886601149483,15.7919430666134,-0.198437452148633,0.845606719686413,0.999486182046446,-5.01271629400634
"WDR81",-0.01519262502784,17.0919817614944,-0.163978272314044,0.871973983542034,0.999486182046446,-5.01660293825161
"ACTBL2",0.0757435242060502,24.0191549172275,0.127004433964464,0.900686259284558,0.999486182046446,-5.01990197597828
"CCDC93",0.0117351142587019,19.0764436515122,0.194358110793648,0.8485469001315,0.999486182046446,-5.01326195168895
"MPV17L2",0.0262705457226353,17.3837294011093,0.158623010651148,0.87611720162796,0.999486182046446,-5.01713346708622
"ZNF385B",-0.174671880511507,15.7250264626877,-1.35541553329297,0.218882216970608,0.999486182046446,-4.5146704767333
"SPIN4",0.137719100648148,16.1989352776921,1.11530591044016,0.282560723006863,0.999486182046446,-4.66354035670542
"ESCO2",-0.227909540251428,16.1923510312141,-0.913167110740834,0.376888032224784,0.999486182046446,-4.77761608494619
"EAPP",-0.0818634040916919,17.0966023518156,-0.414835598429744,0.684232733621951,0.999486182046446,-4.97232722179013
"OCIAD2",-0.0137815974867621,19.7835453508674,-0.247779407933953,0.807721096973587,0.999486182046446,-5.00602511271528
"SFT2D3",-0.0700363924984302,18.3423408697856,-0.495794712519731,0.627344531754114,0.999486182046446,-4.95008103155448
"PAN3",0.0545494576408032,16.988064217801,0.335985912955634,0.741613080165182,0.999486182046446,-4.99030525127137
"HSP90AB4P",-0.0491012329735412,23.5398978450634,-0.14425409603243,0.88729122519063,0.999486182046446,-5.01846224025268
"HSP90AB3P",0.0949399235063488,22.7287495020795,0.457017696249583,0.654947584566649,0.999486182046446,-4.9608836103731
"HSP90AA5P",0.129924056540691,17.3259188361062,0.499367670008039,0.625467274103618,0.999486182046446,-4.94869934629237
"HSP90AA4P",-0.509913861160864,21.7462116557162,-0.412084370932355,0.686322014423945,0.999486182046446,-4.97295829328823
"TMEM41B",0.00505747188434924,18.133039411175,0.0597212776896366,0.953179228308695,0.999486182046446,-5.02377236826358
"TMEM97",-0.158144398545272,21.2256379048833,-1.38801372956453,0.185742179280413,0.999486182046446,-4.48198277885283
"TMEM128",-0.0528608856580774,18.5334646160366,-0.361191237165238,0.723077461654664,0.999486182046446,-4.98495830415539
"YIF1B",-0.345786351017679,17.3282935975956,-0.892973896397665,0.387559394255809,0.999486182046446,-4.78785832743423
"ALG10;ALG10B",-0.302593467035585,17.8770842702563,-1.33780280099942,0.201346539450263,0.999486182046446,-4.51755855285852
"SLC45A4",0.0955520614170915,14.1164379003198,0.202833847108822,0.842488664980433,0.999486182046446,-5.01210103758345
"FAM133B",0.0347569397165977,18.1897525893017,0.118110396847183,0.907605348637642,0.999486182046446,-5.0205729933958
"ZNF326",-0.155790912423068,18.3277518440424,-1.29801663866868,0.214211973151674,0.999486182046446,-4.54502124368449
"NOM1",0.0489609623752116,17.8980198251536,0.550340684257537,0.590323242888138,0.999486182046446,-4.93296929930108
"DALRD3",0.0464868892532131,14.9382607459656,0.22075017638538,0.829075976196473,0.999486182046446,-5.00966970751222
"ZC3H12A",-0.0567660300829509,16.3913911730408,-0.164632144937882,0.8718332838108,0.999486182046446,-5.01645134817475
"MEST",-0.0410255415686258,18.2219312646889,-0.392102874439504,0.700589221341293,0.999486182046446,-4.97788687402139
"RILPL1",0.0714805610181735,17.1144740184456,0.506507118352842,0.619987096389733,0.999486182046446,-4.94685413737725
"PDZD11",0.0117363420469623,17.8958370416793,0.0557219371491481,0.9563140408802,0.999486182046446,-5.02391421765488
"DNAJC21",-0.0143993870343024,19.0520933331657,-0.165933791206398,0.870462012228579,0.999486182046446,-5.01640484358889
"HERC4",-0.0668397224843567,18.4215837423141,-0.713360120673858,0.486756843846122,0.999486182046446,-4.87195554017041
"PIGG",0.0738799762423064,17.0607821485868,0.587397475280055,0.565820617942697,0.999486182046446,-4.92038559995832
"CT83",0.0688424611113589,18.9950043930222,0.603627294422634,0.555261197961815,0.999486182046446,-4.91463295073032
"TFDP3",0.0322663004636006,14.9388840276039,0.195807920129505,0.847432392722574,0.999486182046446,-5.01308844381357
"PPP6R3",-0.031333213811358,20.3285554755075,-0.416238083250176,0.683228860602543,0.999486182046446,-4.97197429197272
"FSCB",-0.151213111257039,11.8398208385548,-0.483918417925443,0.635549421899513,0.999486182046446,-4.95358162355703
"DDX60L",0.0188766611104505,16.1237035427378,0.115001921857362,0.911789221205313,0.999486182046446,-5.02049837546344
"MTX3",-0.133038278712476,17.2885959344622,-0.923218845643004,0.370749098786982,0.999486182046446,-4.77281464212621
"RABL3",0.00607338593388462,21.0032490174462,0.0795736156162342,0.937645897697774,0.999486182046446,-5.02292144277843
"COQ5",0.035551946144917,19.0784175841139,0.536537852538592,0.599586218674358,0.999486182046446,-4.93745907193121
"EMC4",-0.124398174705487,20.9123171313258,-1.03868551672733,0.315678589570787,0.999486182046446,-4.7091221322292
"NOMO2",-0.0432208494159472,14.8074668237032,-0.13312270575283,0.895895451024332,0.999486182046446,-5.01941908649354
"EARS2",0.0218253037956906,19.1967178682544,0.400090666014535,0.694823887928446,0.999486182046446,-4.97596792599882
"C3orf38",0.0189599292960381,17.8433990457827,0.184083868222338,0.856454433315342,0.999486182046446,-5.01445484361865
"EEF1AKMT2",0.173443681559554,17.7309685363206,1.14366613106356,0.270983729270604,0.999486182046446,-4.64602887353717
"MIA3",0.0581678626211293,17.7862219091674,0.439822572879117,0.666441428689207,0.999486182046446,-4.96586713998249
"PITRM1",-0.0171775828317209,21.5024948055687,-0.329004430194357,0.746777169259753,0.999486182046446,-4.99171940254169
"NHLRC3",0.120521275456618,17.2685663009193,0.661773490556782,0.518321739968282,0.999486182046446,-4.89283188594067
"PSMG4",0.0695811163653168,17.9093997718606,0.324791189938831,0.749928013204574,0.999486182046446,-4.99254692716187
"WDR44",-0.017336829407018,18.7487383916503,-0.186205457937379,0.854820224779111,0.999486182046446,-5.0142137867809
"PRRC2B",-0.0817313901341059,18.1395704918416,-0.636398316309624,0.53426833502542,0.999486182046446,-4.90257361588858
"AMER1",-0.112970490308365,13.4291365554785,-0.445014499683645,0.664395879709812,0.999486182046446,-4.96364802016448
"RRP12",0.00446754707491337,21.8010204898123,0.0743415603135337,0.941737410291357,0.999486182046446,-5.0231692177221
"COA6",-0.268990700533013,18.9058795036813,-1.17733567198083,0.258036223241486,0.999486182046446,-4.62479566910598
"TOR1AIP1",-0.0211827932039554,20.6798111627237,-0.241187728479168,0.812730074298466,0.999486182046446,-5.00701167984437
"CEP78",0.00917875478851471,16.6420111901923,0.059528898446137,0.953329860929991,0.999486182046446,-5.02377942851761
"AARS2",-0.0185900775684047,18.9166736804456,-0.353049790588962,0.729045633179854,0.999486182046446,-4.98672666992107
"TOR2A",0.0246953511836665,17.8126196463113,0.213632857972347,0.833758148570936,0.999486182046446,-5.01085068350481
"TEX30",-0.545648406067302,16.0557172461455,-1.48293627081156,0.159270539680188,0.999486182046446,-4.41261166320733
"PCID2",-0.111400454244365,19.6279603620841,-1.24510533511701,0.232511033368332,0.999486182046446,-4.58069692167951
"HABP4",-0.276844865159624,16.7603169061939,-0.589230203600472,0.565466748205453,0.999486182046446,-4.919269409902
"GNAS",-0.036209935390481,22.5083580048375,-0.616783762204721,0.5467799880957,0.999486182046446,-4.90986257972062
"SLC27A3",-0.0652636308051129,19.2010945240423,-1.01736481322744,0.325377471155293,0.999486182046446,-4.72134445619461
"SAMD9",-0.0290083096618279,15.7388907528134,-0.210787234706515,0.839274238494817,0.999486182046446,-5.01023100790124
"SPECC1",0.0424608565054783,16.4796910316185,0.254346124862313,0.802739730837376,0.999486182046446,-5.00501614949997
"RNFT1",-0.124667702175753,16.3097927750229,-1.06815326444942,0.314030837550448,0.999486182046446,-4.68931919362862
"PPP4R3B",-0.0268182127504453,17.8539280697428,-0.306043587263408,0.763848453090409,0.999486182046446,-4.99616497545838
"WDR45B",0.0953443021829905,17.8747148864443,0.944374691000425,0.360191090900323,0.999486182046446,-4.76161040690497
"WIPI1",-0.262634086216512,17.7690929383297,-1.88644951507085,0.0790784787706802,0.999486182046446,-4.08873815023112
"EOGT",-0.185485413629587,15.9300713763996,-1.00947893903818,0.329018507281008,0.999486182046446,-4.72581306939757
"SAMD4B",0.172483618884032,16.0849230089206,1.38943238869216,0.185319312585296,0.999486182046446,-4.48096626440044
"BRMS1L",-0.198661450613312,17.240518317796,-1.30826069795687,0.210804990633428,0.999486182046446,-4.53799291709622
"TBCEL",0.0160253028237243,17.3895496915462,0.13037946581403,0.89802764256151,0.999486182046446,-5.01964125008177
"DNTTIP2",0.149495536250413,17.7570677892013,1.97648104388651,0.0671067469194128,0.999486182046446,-4.01155568760923
"DCAF10",-0.118228629702891,13.7744022346471,-0.481436692136918,0.639856167785531,0.999486182046446,-4.95293149254445
"RABGAP1L",0.0562501248368932,17.3257069514028,0.618555322820982,0.545643397056745,0.999486182046446,-4.9092129371688
"TTC38",-0.0456128307843997,17.1147740374673,-0.486764332078816,0.63357872341805,0.999486182046446,-4.95275015821015
"COX20",-0.107132005288534,20.1528102694343,-0.728856683245373,0.477573448509949,0.999486182046446,-4.86536860814238
"EXOSC6",0.0570695737171221,20.3986425844255,0.546202106609333,0.593092967769405,0.999486182046446,-4.93432678769996
"PPM1L",-0.0398710498265622,16.830178273486,-0.235094466316721,0.817367851972356,0.999486182046446,-5.00790025267209
"TMEM201",-0.126410677621728,18.6857930701529,-1.16080021184528,0.264165292428053,0.999486182046446,-4.63528625475641
"C6orf136",-0.0213445121054221,15.112782586101,-0.117418438219547,0.908112360407645,0.999486182046446,-5.02062853913661
"SNAP47",0.208301135367165,16.5846476632938,1.13130326375721,0.277272618855926,0.999486182046446,-4.65355115864767
"MFSD14B",-0.240435788083321,13.6824165568002,-0.763239814295073,0.463386526213701,0.999486182046446,-4.8472289893245
"NUP188",-0.0486129209649739,19.7597078842058,-0.852081731101133,0.407790707647955,0.999486182046446,-4.80890249930845
"TTC39A",-0.140868689272647,20.0717075458804,-1.49080392989337,0.15708585014287,0.999486182046446,-4.40660058617979
"MANEA",0.13842505519964,17.3241916184252,0.913369033093324,0.375736465668424,0.999486182046446,-4.77795816392107
"HP1BP3",-0.0266762813032884,21.933313273749,-0.373086575913428,0.714390903212073,0.999486182046446,-4.98230394111971
"VARS2",0.00474048272357663,18.332202065592,0.0759332461014584,0.940492512928816,0.999486182046446,-5.02309562091205
"SLC25A30",-0.0608074194870163,17.3015071576723,-0.384853450400853,0.705838178481328,0.999486182046446,-4.9795959200805
"ZMYM1",0.159929691221574,16.2700394618438,1.71941519925888,0.106445100034119,0.999486182046446,-4.22765619279461
"CEP170",-0.159854634893716,15.584316952454,-0.712651776457565,0.487182381982935,0.999486182046446,-4.87225182717259
"LDLRAP1",-0.0499727478070433,17.19950795649,-0.342609588573284,0.73672550307364,0.999486182046446,-4.98893672659642
"PPP1R15B",0.00622618695557087,15.4298787017812,0.0352629737387422,0.972342820592584,0.999486182046446,-5.02448740642315
"ODR4",0.051487455781988,18.9952304005716,0.708533859124529,0.4896606126443,0.999486182046446,-4.87396899746595
"SNAPC4",-0.000591132872099109,17.9208958445695,-0.00385048989170672,0.996979353583286,0.999486182046446,-5.02486563492105
"DNLZ",-0.0406810809940907,17.960921450922,-0.13305521522465,0.89598380536189,0.999486182046446,-5.01941772609455
"NOL9",-0.097345185908754,20.3611098250242,-1.51635737176085,0.150564490258976,0.999486182046446,-4.38733775722107
"S100A7L2",-0.135941738883414,19.121226437309,-0.633405295923027,0.548229905903207,0.999486182046446,-4.89693202313596
"FREM2",0.024670634589441,18.426175176277,0.332830132926645,0.743945785310158,0.999486182046446,-4.99094807742316
"SZT2",0.146682338082417,13.2629705404626,0.50792211608888,0.619557616780068,0.999486182046446,-4.94613108502753
"TPRG1L",-0.0074908099264448,19.0013988037038,-0.0797593672113258,0.937500671052125,0.999486182046446,-5.02291233684717
"CC2D1B",0.000373824960686164,18.7433584911596,0.0057784004872619,0.995466954192021,0.999486182046446,-5.02485991994807
"FNBP1L",-0.108306785083116,17.245221700398,-0.71595989392917,0.48519693112841,0.999486182046446,-4.87086582306402
"FAM83B",-0.0579787578079944,18.2525055926195,-0.567101818443098,0.579173672822485,0.999486182046446,-4.92737289868125
"RARS2",0.107401314615565,19.0105075500093,1.31643443323167,0.208117707849017,0.999486182046446,-4.53235735402569
"THEM4",0.10225517212346,17.8232553576234,0.545877128466372,0.593310736191059,0.999486182046446,-4.93443297401912
"FKBP15",0.0268684342747818,19.5887226873321,0.327268595191791,0.748063101291071,0.999486182046446,-4.99206649586748
"DDX59",0.0234264308006296,17.5573053837765,0.309417157499458,0.761332008812889,0.999486182046446,-4.99553156679308
"ZC3H13",0.0610616949011913,18.0270658618462,0.676952246519251,0.508914162122359,0.999486182046446,-4.88683766137731
"SPOUT1",-0.0170525442560105,19.6394605685243,-0.210002971057543,0.836538441091518,0.999486182046446,-5.01132205118655
"ARMH3",-0.0536965919888424,17.1260247859146,-0.531927016977755,0.602696647208855,0.999486182046446,-4.93893486633726
"PDSS1",0.0596169405069631,16.5040440346443,0.341622457300403,0.737453162868725,0.999486182046446,-4.98914233525713
"MPP7",0.0431846061530656,17.7308023476494,0.401431990491793,0.693857659432722,0.999486182046446,-4.97564201345049
"PDZK1",-0.0616803134808706,18.6101639396944,-0.0936279515260088,0.927174129730044,0.999486182046446,-5.02210278835033
"TMEM63B",-0.102538763601984,18.4280151727898,-1.12909669464416,0.276885630477847,0.999486182046446,-4.65506731217506
"GPATCH4",-0.00115976016775932,18.9777625965789,-0.0128320387313644,0.989933743665822,0.999486182046446,-5.02481950726224
"LRIF1",0.153573252546639,16.9919690281004,1.23005464098927,0.23793436564947,0.999486182046446,-4.59064920064104
"ABCC10",-0.0535296368245213,15.1579093503407,-0.374039858627014,0.713696515977307,0.999486182046446,-4.98208759830819
"IBA57",-0.0109367854892426,19.7985988664747,-0.165292417675261,0.870957853144927,0.999486182046446,-5.01647007236591
"HECTD3",0.00839592214029139,19.036413485977,0.0820787701270067,0.935687481399725,0.999486182046446,-5.02279684941726
"CERCAM",-0.06775487904752,16.5321732029745,-0.306370214055511,0.763604691624494,0.999486182046446,-4.99610394736979
"ZFYVE27",0.133869349357154,15.9399995838871,0.609310552342539,0.551588834245595,0.999486182046446,-4.91258400398146
"UBR4",-0.0350230348610445,20.7085071536062,-0.96434772133625,0.350416339264064,0.999486182046446,-4.75083815085747
"STXBP5",-0.197054838691955,20.18196042634,-1.66911304942538,0.116174501029516,0.999486182046446,-4.26823736907453
"KIAA1217",0.0204309186855447,17.05197162867,0.226172390071679,0.825309829395111,0.999486182046446,-5.00880436760939
"BEND3",0.140602299317877,17.049498600073,1.03724283974196,0.316328192154627,0.999486182046446,-4.70995560587606
"CAMSAP1",-0.0816313999159952,17.5805954302057,-1.05642060101004,0.307771900198084,0.999486182046446,-4.69880029903598
"MRPL2",-0.0617247081082581,20.9105039085799,-1.0176320811836,0.325254578024455,0.999486182046446,-4.72119251141618
"DCAF12",0.132086467338656,15.6665983482112,0.476256266293398,0.643423721747683,0.999486182046446,-4.95444859141316
"UBAP2",-0.0953961361273308,17.7946332629572,-0.716644055176967,0.484786918887859,0.999486182046446,-4.87057845548032
"C9orf64",-0.0405112179823064,20.6364844200498,-0.611245723666471,0.550341394210817,0.999486182046446,-4.91188225469352
"ACBD5",-0.0454616046191418,17.8067212435547,-0.319932636229204,0.753506199445653,0.999486182046446,-4.99351350784397
"FAM102B",0.0612787491765836,17.5141772918158,0.397344086026665,0.69888886241082,0.999486182046446,-4.97563083552847
"HENMT1",0.142808396799545,17.5632730231688,2.12341621307599,0.0510627589188717,0.999486182046446,-3.8827876499526
"RBM26",-0.0837432947047674,18.5567920391079,-0.877647064976862,0.394205898323252,0.999486182046446,-4.79621816140141
"ATAD3B",-0.104437447597888,18.4932635642746,-0.609899482195448,0.551210177516606,0.999486182046446,-4.91237001829142
"FAM102A",0.128606678927879,15.9294763265226,1.01297696221704,0.327399828319827,0.999486182046446,-4.7238343650298
"WLS",0.174657088292351,16.2764881058709,1.06323963319424,0.304770637478922,0.999486182046446,-4.6947945111579
"INTS11",-0.0474193203923861,19.0060091572083,-0.718912180483616,0.483429133755672,0.999486182046446,-4.86962400337894
"CPTP",0.0105104902186497,16.2382023982078,0.0538877647200915,0.957747652917299,0.999486182046446,-5.02397633509839
"DCAF8",-0.0182459709235872,17.6428322879869,-0.21026571062341,0.83633712090043,0.999486182046446,-5.01128820136663
"RNASEH2B",-0.00468150681932755,17.8812587094922,-0.0581962569192634,0.954373367226352,0.999486182046446,-5.02382771098631
"ATPAF1",0.0129737341269838,18.6713358369491,0.188431325319112,0.853106432972526,0.999486182046446,-5.01395793249711
"RC3H1",0.0479911983441603,16.5074719472878,0.295894386387862,0.771435559475453,0.999486182046446,-4.99802941418284
"OGFRL1",0.0803721406998772,14.2830880118709,0.197835827965376,0.845874051196193,0.999486182046446,-5.01284360408033
"MAGI3",-0.0193495074376138,21.6708651751156,-0.182317799644903,0.857815311647688,0.999486182046446,-5.0146534127925
"DDI2",0.0341516655646288,21.020450758771,0.531530000405493,0.60296484591482,0.999486182046446,-4.93906137634082
"H3-7",0.110572586862652,18.37159095356,0.275235435737363,0.788496545236442,0.999486182046446,-5.00106356738247
"NDUFAF5",-0.0656912575162956,17.0275533586899,-0.611292242730429,0.550311426225833,0.999486182046446,-4.91186536007354
"NT5DC1",-0.0627444898461391,20.5276638778007,-0.548776424255811,0.591369343736688,0.999486182046446,-4.93348352556594
"TMCO4",0.120301893271348,13.7399369011542,0.40794281998202,0.690650423885605,0.999486182046446,-4.97332588969993
"AHDC1",0.188890255446783,17.0610878625094,0.286476717174823,0.779626473485177,0.999486182046446,-4.99927416494715
"MICOS10",-0.27868366478247,17.137905038121,-0.983899447156425,0.343597352601105,0.999486182046446,-4.7392204919598
"ARFGEF3",-0.0595671341450554,17.9564174361131,-0.828266744929026,0.420719406783961,0.999486182046446,-4.82042599001182
"VPS13D",-0.150160811500154,14.6313343225362,-1.02372521813265,0.324996043656806,0.999486182046446,-4.71697288456863
"PRR14L",-0.0502754222892037,16.3039033001835,-0.349281385802615,0.731814281774063,0.999486182046446,-4.98753186530849
"EFCAB6",1.0009989512361,15.7003714051526,1.28244353573067,0.227381114705978,0.999486182046446,-4.55738459100755
"LIN9",0.0728533549118886,17.3840486357658,0.642617167419026,0.530335023787787,0.999486182046446,-4.90021860859614
"TMEM164",-0.238733839044912,18.6779062122292,-0.906913627992538,0.37931894956782,0.999486182046446,-4.78117872300474
"ASPHD1",-0.0573107980681939,14.7920754265824,-0.40469781113286,0.691507412519407,0.999486182046446,-4.97484407068265
"LYRM7",0.0149632097451509,18.9779913813051,0.123301033081589,0.903533092774535,0.999486182046446,-5.02019320270721
"EMC10",-0.028419704044591,18.1997562100607,-0.242711028329216,0.811571766966351,0.999486182046446,-5.00678602601294
"RIF1",-0.00342614614509529,19.7364671269671,-0.0686270619230339,0.94620813464119,0.999486182046446,-5.02342061261252
"VPS53",0.00456314206111585,21.1528041547806,0.0656370201289664,0.948548142588745,0.999486182046446,-5.02354415051682
"MANEAL",-0.0375510624189381,18.3642107880451,-0.372061644476491,0.715137772057977,0.999486182046446,-4.98253594477031
"STRIP1",0.0408301418722488,19.4319678471689,0.381069464295047,0.708584153533934,0.999486182046446,-4.98047568272611
"ABHD17B",-0.417993085625522,21.1793830794146,-1.88981768401933,0.0897744446412144,0.999486182046446,-4.12525708748481
"OBSCN",-0.158500847033888,16.2713417566538,-0.589042698649803,0.5647453685443,0.999486182046446,-4.91980911828601
"CEP350",0.113698024588341,15.0249752200133,0.541807171191682,0.596041441025197,0.999486182046446,-4.93575777772371
"CDC42BPA",-0.0408444539345112,18.9165827980662,-0.396471598469353,0.697433627065226,0.999486182046446,-4.97684200370939
"RPRD2",-0.0107974270549818,19.950495912504,-0.151190384993343,0.881873812323468,0.999486182046446,-5.01784074320171
"MTARC1",0.153379286133639,15.7387930945059,0.5553183035403,0.587000728951537,0.999486182046446,-4.93132380865036
"RNF220",0.0248702521507589,16.8893105074937,0.157430366349967,0.877040432962932,0.999486182046446,-5.01724923217634
"ANGEL2",-0.123720192770541,15.9064633476562,-0.773610348900732,0.457506630346835,0.999486182046446,-4.84257132280687
"PRPF38B",0.0904438875732154,18.6277248164154,1.33589200288718,0.201830960035225,0.999486182046446,-4.51884415413438
"TTC39B",0.0505724660322002,16.7362473982228,0.239524211062519,0.813995519209404,0.999486182046446,-5.00725649999696
"RNF20",0.00696074150848247,18.8665380493973,0.109904914656389,0.913966100521487,0.999486182046446,-5.02115370678807
"PDE4DIP",0.183980272162504,16.8159936381207,0.401655952002293,0.693811269070712,0.999486182046446,-4.97553204715753
"ZNF318",-0.0762958423225939,17.1424292723649,-0.699804270702765,0.494938929995505,0.999486182046446,-4.87757939930284
"ARHGEF16",-0.0490028691791125,19.8910961142898,-0.889306709334974,0.388111718262988,0.999486182046446,-4.79032639080135
"CDKAL1",0.0687465968789773,18.4525773297189,0.96744423611255,0.348917686655496,0.999486182046446,-4.74915130958554
"BROX",-0.106068429978805,20.0760730509826,-1.1142558162332,0.282996394231617,0.999486182046446,-4.66418223015965
"FOCAD",-0.00465149491481753,18.5828816519153,-0.0491308822937894,0.961474073680043,0.999486182046446,-5.02412716203134
"GPR107",-0.0612949250702286,18.8145289877715,-0.598530353133113,0.558565888556072,0.999486182046446,-4.91645530656519
"TAF3",0.170431339916821,16.4536625637878,0.595029554163127,0.56084179360183,0.999486182046446,-4.91769863310616
"SNX30",0.056802505604221,17.1973563015129,0.48632656796447,0.633881673859381,0.999486182046446,-4.95287835888008
"TASOR2",0.0807282675030336,18.6482692304698,0.776868044481069,0.449516169866338,0.999486182046446,-4.8443191209377
"RSBN1",-0.014374032971066,18.3579880164543,-0.163920265754833,0.87201884107136,0.999486182046446,-5.01660877865768
"DAB2IP",-0.0378462998866702,16.5869901183155,-0.225750686923761,0.824716204359715,0.999486182046446,-5.00914967692798
"LYPLAL1",-0.00420510845819422,19.4154006121497,-0.0584316382701599,0.954189048815144,0.999486182046446,-5.02381926239983
"ECPAS",0.00763371695765613,21.0292717496365,0.138300546889976,0.89187323438744,0.999486182046446,-5.0189871935482
"TUT7",-0.06713613739716,16.7307986590528,-0.370214061545387,0.716484868863727,0.999486182046446,-4.98295259432233
"SLX4IP",-0.0134329020559516,13.9551401198259,-0.105811803541005,0.917157211470267,0.999486182046446,-5.02142522680552
"DENND4C",0.0615160898112066,18.485977194402,0.598639968154938,0.558494706806041,0.999486182046446,-4.91641626643194
"NAA35",0.0645808694515644,20.4401037972162,0.98057198411927,0.342614093350201,0.999486182046446,-4.74195026525067
"CARMIL1",-0.0127371936813852,18.3848130498714,-0.15539819387077,0.878613971835507,0.999486182046446,-5.01744448368265
"ZMYM4",-0.104494125191767,18.0074407250066,-1.12768247605404,0.277463626976357,0.999486182046446,-4.65593990540411
"LIPJ",-0.0485870159705897,17.8565828348588,-0.21746578840873,0.831604606974523,0.999486182046446,-5.01010859240067
"BSPRY",-0.153480346345674,16.7679131456884,-1.03775766616706,0.316096267173293,0.999486182046446,-4.70965828354874
"FHIP2A",0.0265406206139147,18.3191921877308,0.379001803146524,0.710086392921204,0.999486182046446,-4.98095283555642
"ZDHHC20",-0.168209931359073,18.3416797860985,-1.18921131309689,0.253148329076752,0.999486182046446,-4.61720753628882
"SPRYD7",-0.1245439697223,19.2203612793307,-1.45188085909358,0.167471898854164,0.999486182046446,-4.43554986182638
"TENT4A",-0.099532503129435,16.225769478141,-0.740874589013511,0.4704000655269,0.999486182046446,-4.86024152414595
"MICOS13",-0.0679375452553721,19.2456618616227,-0.405478145235337,0.690982395216715,0.999486182046446,-4.97463498061395
"RNF123",-0.0570078167380963,17.5177788012947,-0.424294674464594,0.677474127988911,0.999486182046446,-4.96992458427698
"FBXW9",-0.19236314594804,18.0114896892191,-1.61323822430028,0.127876775884482,0.999486182046446,-4.31255269444869
"ANO1",-0.58096712702298,12.8685107432083,-1.16068070436596,0.273510676380583,0.999486182046446,-4.63478703626125
"CD276",-0.0242888129482779,19.587018133564,-0.188682148790895,0.852913360937737,0.999486182046446,-5.01392891207003
"RNF213",-0.0310413341584876,19.7685956324536,-0.631736873451692,0.537227247954389,0.999486182046446,-4.90432497934359
"KANK2",0.277295883081759,16.1294053361233,1.38385834030374,0.186985329190551,0.999486182046446,-4.48495627502
"WASHC2A",-0.0496823986987955,17.4739532161776,-0.122935252177513,0.903850866338391,0.999486182046446,-5.02021500365517
"LPCAT4",-0.0995944339073276,17.699663896093,-0.498647638213828,0.625381054347745,0.999486182046446,-4.94922806406262
"WDR25",-0.254101457607435,12.2170909318334,-0.962752906573969,0.35506604894769,0.999486182046446,-4.75026339394
"STEAP3",-0.0487576748996403,18.7949668050831,-0.546336654766318,0.593002818654732,0.999486182046446,-4.93428280675786
"FAM91A1",-0.00313272702425138,20.1243944626911,-0.0716369958650313,0.943853076762058,0.999486182046446,-5.0232907006232
"LARP1B",0.020585587164117,16.7478378428342,0.0325727892268705,0.974460655788084,0.999486182046446,-5.02454316358059
"TBC1D9B",-0.0128750761483651,20.2637423603482,-0.215586626375437,0.832262617451366,0.999486182046446,-5.01059365761748
"DCAF15",-0.231580796256008,15.4240582392522,-0.799215980414749,0.436846194457392,0.999486182046446,-4.83409604428775
"MAP1S",-0.0233229810010087,19.3149714022661,-0.342879193206665,0.736526810406671,0.999486182046446,-4.98888047007441
"E4F1",-0.683257648182177,13.1839980759679,-1.74583992218357,0.112203398537532,0.999486182046446,-4.23085960888828
"PPP2R2D",-0.0931853863199876,18.5727909371189,-0.529043816475684,0.604670830104207,0.999486182046446,-4.9398377808047
"ARL6IP4",0.0824098692019639,18.1938269207801,0.714212967750652,0.486244789957173,0.999486182046446,-4.87159845712242
"ATG16L1",-0.0137808710814618,18.7800300397641,-0.231705641095428,0.819950267413353,0.999486182046446,-5.00838470673164
"ARID2",0.00957967312366392,18.2661241585378,0.141837873868269,0.889127149699353,0.999486182046446,-5.01868270002346
"UTP25",0.01630330682001,20.1078724317309,0.315110793700792,0.757091290743011,0.999486182046446,-4.99444709539794
"GLT8D1",-0.0158527392564487,17.8306859949897,-0.0849342430113196,0.93345572689846,0.999486182046446,-5.02265012981304
"TNS3",0.0637175739410623,18.9326982255786,1.01030485845042,0.328635804816241,0.999486182046446,-4.72534637897599
"HAUS3",0.147871557709973,15.8316343350192,1.20656174991568,0.246596120650812,0.999486182046446,-4.60600644812908
"SPTY2D1",0.0508722270580293,17.8173505735195,0.483372437902698,0.635927821194071,0.999486182046446,-4.95374060518273
"MBLAC2",-0.0440948381096611,18.3871458535473,-0.80882704764108,0.431467754546848,0.999486182046446,-4.82962088642272
"LMBRD2",-0.0146448333846827,17.9404051278233,-0.181757041462894,0.85824751259145,0.999486182046446,-5.01471606421192
"ZFYVE26",0.233689799660223,15.8897047612965,0.88921592520011,0.389178626759604,0.999486182046446,-4.78991518511428
"MSL1",-0.0793245902448714,16.140222723486,-0.430138308825621,0.673313029253796,0.999486182046446,-4.96841414616866
"INTS3",-0.0599913771360292,19.9136675821139,-1.24666209460454,0.231955641505002,0.999486182046446,-4.57966249966675
"ARHGAP17",0.00908889277165414,18.6164363749842,0.15850142051526,0.876211316601467,0.999486182046446,-5.01714530914484
"NCBP2AS2",0.10922329868102,18.8394326730415,1.09365505508127,0.291645214473993,0.999486182046446,-4.67667919878479
"CWF19L1",0.000650240427205517,19.5599771892304,0.0101581585430857,0.992031215883004,0.999486182046446,-5.02483843205307
"VIRMA",0.0629724933473774,17.6486193101151,0.803193248957089,0.434615322921862,0.999486182046446,-4.83224983445503
"SPECC1L",-0.0951679630410425,17.5993470301722,-0.999568953305994,0.333635325502356,0.999486182046446,-4.73138848997671
"ANKRD34A",0.189952047704482,16.3111353799578,0.829187998790645,0.421159458369809,0.999486182046446,-4.81951732135628
"HEATR6",-0.0588458006497419,21.9790636198818,-1.10780019849507,0.285685794764579,0.999486182046446,-4.66811792615323
"ANKRD40",0.212821990418977,17.3171035548638,1.02259716079463,0.322977634631447,0.999486182046446,-4.71836392830839
"BLTP3A",0.0992311856414325,17.8256219807623,1.1917552913472,0.252179323901322,0.999486182046446,-4.61557275472473
"AMMECR1L",0.0202320165158909,15.9462558584608,0.133524871541517,0.895862683833963,0.999486182046446,-5.01933226171732
"ZNF787",-0.12934367392322,17.5983943569268,-0.598892531297431,0.558331830846924,0.999486182046446,-4.91632566160575
"ATL3",0.103350333653601,20.7878601991506,2.08417578131406,0.0549613967099529,0.999486182046446,-3.9174783528971
"RPL7L1",0.077345988092695,20.0212438435409,1.50573997462933,0.153245949258692,0.999486182046446,-4.39536574372644
"TTC19",0.00743431060937993,19.0586653868296,0.0677636197902944,0.946883813162735,0.999486182046446,-5.02345685152181
"H2BC20P;H2BC19P",0.303364262851435,16.4951592614372,0.317632831324418,0.755637711529499,0.999486182046446,-4.99378662053853
"IQSEC1",0.0383331967874803,17.5365775702056,0.369127851951699,0.717277293888309,0.999486182046446,-4.98319660335771
"CDC42BPG",-0.0328456538818891,19.1407728376185,-0.616452225513859,0.546992837878311,0.999486182046446,-4.90998396424975
"VASN",0.0730720172926347,16.7832238718773,0.231726399291761,0.82216049541542,0.999486182046446,-5.00766787729453
"CIAPIN1",-0.0943924567816872,21.0192180853886,-1.16395075478014,0.2629258768178,0.999486182046446,-4.63329774460968
"ZFAND6",-0.137990455331003,16.526335102195,-0.713112733560679,0.486905436566061,0.999486182046446,-4.87205904778331
"SMYD5",-0.0670964356900541,19.7215670366401,-0.469929367317967,0.645295061736543,0.999486182046446,-4.95759173984145
"PTRHD1",0.206660901792073,18.0335919549957,1.40850567959011,0.179710050613719,0.999486182046446,-4.46723310486374
"OTUD7B",-0.0207324406885689,18.9560943902051,-0.331657379635266,0.744813330224912,0.999486182046446,-4.99118545177509
"RALGAPA1",0.0749487435852956,18.1116135193137,0.706185671786198,0.491077139658943,0.999486182046446,-4.87494415547644
"THOC7",0.0232772959031351,17.6735131150119,0.186847019782552,0.854326180479927,0.999486182046446,-5.01414035164855
"SIGIRR",0.00110746475481349,19.2953034556455,0.0165105849223941,0.98704831000638,0.999486182046446,-5.02478627820237
"NADSYN1",-0.114036706374637,18.7478497174976,-1.68524175158187,0.112973918983211,0.999486182046446,-4.25529431319183
"ELP2",-0.00493007747121155,19.3525545280587,-0.0700138376481405,0.945123016005476,0.999486182046446,-5.02336144987175
"LAMTOR1",0.255655471413345,19.0494055147995,0.818744201216884,0.426221413184334,0.999486182046446,-4.82482394175367
"DHRS7B",-0.00446696932904089,19.6000620207964,-0.0534672724718388,0.958077016083368,0.999486182046446,-5.02399022860078
"TWF2",0.0340776692250984,20.1104820438453,0.637153615304514,0.533789755483645,0.999486182046446,-4.90228872071816
"NCAPH2",0.0363214526973543,16.1170262505511,0.128399081851757,0.900004507963733,0.999486182046446,-5.01971760867402
"GRAMD4",-0.0954063515108778,17.3327208836268,-1.09058619560844,0.292950239682921,0.999486182046446,-4.678525240914
"KIAA0930",-0.151740105846262,17.6455898966426,-1.56010479600789,0.139929257902199,0.999486182046446,-4.35390329684244
"TANGO2",0.188344514603706,16.9846372117166,1.39708923476565,0.184525244953265,0.999486182046446,-4.47633414923696
"MRM1",-0.116928924837683,18.5321059944566,-1.47340352397193,0.161660485708147,0.999486182046446,-4.41960155999775
"PPP4R3A",-0.00595298899352059,20.1327291623718,-0.110099949320443,0.913814083480968,0.999486182046446,-5.02114051240116
"ETFRF1",-0.0722642948265104,15.5647642549995,-0.429090726072029,0.674058178480728,0.999486182046446,-4.96868638764171
"TYW3",0.137569185454563,16.058169867724,0.715955005856379,0.485199861256393,0.999486182046446,-4.87086787530398
"CENPP",-0.246858627898053,15.753745674138,-0.627755038889537,0.539821307321154,0.999486182046446,-4.90577810596575
"RAB12",-0.0452303718935063,19.7370870274762,-0.594432271221382,0.561230588004012,0.999486182046446,-4.91791008173217
"PLEKHA7",0.318981091573676,16.4258724895335,1.89277710718212,0.0781781444451266,0.999486182046446,-4.08336194886368
"DENND5A",-0.145434104543863,16.7279904896444,-0.302536515323368,0.766868148004246,0.999486182046446,-4.99665717513674
"ADNP2",-0.0331797787987398,15.8364260338163,-0.310121167829546,0.760807217373728,0.999486182046446,-4.9953985248042
"SDE2",0.084142595400639,17.0115653377699,0.299369080645272,0.768861159286721,0.999486182046446,-4.99738786965497
"GRHL2",-0.0154389553179897,19.6955843383376,-0.174360640192033,0.863952583023689,0.999486182046446,-5.01552448596817
"ACAD10",0.142704120240559,16.4192052728097,1.09022934273596,0.293102271013515,0.999486182046446,-4.67873963811707
"KRT80",-0.0902163135281349,20.0567968225735,-1.70933499228167,0.108335767231599,0.999486182046446,-4.23583846206898
"NIPBL",-0.0110448858004339,18.9064596675143,-0.253282545528313,0.803545944360487,0.999486182046446,-5.00518133548202
"SLC25A25",0.0870203743490201,17.5805058923947,0.630679234880932,0.537899862213371,0.999486182046446,-4.90472069084679
"PDE12",0.00199731676971737,21.3196073536035,0.0279361883281489,0.978087502226251,0.999486182046446,-5.02462994566483
"LIN54",0.11472199408902,16.045206328872,0.749108356364485,0.466414354518328,0.999486182046446,-4.85620443044178
"OGFOD2",0.192376029954893,17.4544152871068,0.706447458912378,0.491004201622649,0.999486182046446,-4.87478849704211
"NAA16",-0.0594078031878844,17.7841280646509,-0.715392351181833,0.485537212169627,0.999486182046446,-4.87110401923385
"MFSD5",-0.283854877215504,14.0422360296994,-0.719198352194329,0.483257982678599,0.999486182046446,-4.86950338564703
"ALKBH2",-0.232793168428703,18.4134385010558,-1.05449737868265,0.308776621902884,0.999486182046446,-4.69988771503717
"MYORG",-0.00807895924670632,17.068134949215,-0.0706640535306558,0.944614276313251,0.999486182046446,-5.02333330312758
"LRRC8E",0.106470989467958,17.7725002609767,1.24008368759032,0.234309664432393,0.999486182046446,-4.58402727246251
"CYP4F22",-0.764678367965899,13.6548065992982,-0.96677952036272,0.355477738221859,0.999486182046446,-4.74722953489421
"MRNIP",-0.0185397245323422,16.8473089765334,-0.132505162391763,0.896504180118775,0.999486182046446,-5.01944489855385
"RHBDD2",-0.0625764471393282,18.328153928811,-0.379903258461472,0.709431295746022,0.999486182046446,-4.98074511765792
"PWWP2B",-0.0850660144337212,16.5184174665956,-0.613628514411433,0.54880752200519,0.999486182046446,-4.91101534515792
"SLC25A24",-0.0227788767714863,23.3824711662674,-0.381800776321579,0.708053124995138,0.999486182046446,-4.98030631410591
"REEP3",0.133748019433259,17.8068963548894,1.06538292855831,0.303831751562329,0.999486182046446,-4.69353121627597
"RETSAT",-0.0449296435715603,17.7954592596168,-0.331443057300968,0.744971913986125,0.999486182046446,-4.99122874363461
"RINT1",-0.0882407308531121,17.6122481426743,-0.768831828093815,0.454127991567697,0.999486182046446,-4.84793244367301
"TMEM214",-0.121256533171685,20.020979326247,-1.90260149098276,0.0767984980664903,0.999486182046446,-4.07499968070725
"TCTN3",-0.00683222074563972,16.7078098154676,-0.0354090223995387,0.972228323852361,0.999486182046446,-5.02448422922229
"MFSD12",-0.404256652529501,16.053025868044,-1.78614383533257,0.0961366260280778,0.999486182046446,-4.17707154911099
"HIBCH",-0.0210780355758686,21.245480118872,-0.399286960493137,0.695403103035683,0.999486182046446,-4.97616270226605
"RWDD4",-0.0459399934406086,18.3972200520915,-0.177756542325628,0.861561711138613,0.999486182046446,-5.01509970393148
"NEPRO",-0.127507488356613,18.3858056847417,-1.13921143768164,0.272778092508915,0.999486182046446,-4.64880186437922
"ARMC6",0.0568673311342813,17.7768106246671,0.562382726286082,0.582301773149349,0.999486182046446,-4.92896453187197
"ESRP1",-0.026010759940629,20.7029280449961,-0.287371524084521,0.777825628360703,0.999486182046446,-4.99954732977661
"TTI2",-0.0112087545800463,18.5701125036388,-0.118164344150073,0.907531524468875,0.999486182046446,-5.02057451368249
"SLC30A6",-0.300987901440617,18.2450358946884,-2.04914463011617,0.058671207989494,0.999486182046446,-3.94827041057992
"TAPT1",0.0793284630588111,17.2824160021904,0.814709360099914,0.428196956287229,0.999486182046446,-4.82685875921328
"JMJD6",0.0652620696549029,19.9545292274198,0.923535517150312,0.370589510969028,0.999486182046446,-4.7726485055143
"PPP1R18",0.0481978162295764,16.3227817499208,0.333141555362911,0.743715470632794,0.999486182046446,-4.990884905307
"MZT2B",-0.0147221794503238,20.0948897524885,-0.0344768900981065,0.972968322418735,0.999486182046446,-5.02450381341464
"ZCCHC8",0.102076797776654,17.8850182369224,0.791695532743599,0.441084314932269,0.999486182046446,-4.83756487781968
"RPUSD3",-0.00311090879719345,17.7965719960659,-0.0492385576952187,0.961389712883108,0.999486182046446,-5.0241239019579
"DHX57",0.041452123011851,18.4466168503201,0.73566400308293,0.473471720017531,0.999486182046446,-4.86249049447286
"MRPL54",-0.315761592206982,18.9306697461345,-1.06133484812807,0.305944811905849,0.999486182046446,-4.69583449957101
"LPCAT3",-0.252965929503528,19.3795521140353,-1.69842845331548,0.110471253439707,0.999486182046446,-4.24478536011006
"CDC73",-0.0487421826719725,20.4888539645764,-1.20498217799989,0.247187152434236,0.999486182046446,-4.60703117016651
"SLC48A1",0.21562781607769,14.3491611850937,0.972475477502692,0.34890211123203,0.999486182046446,-4.74553041412646
"FAM117B",-0.144049507312252,13.7050246407559,-0.993757755002655,0.336363994461073,0.999486182046446,-4.73463699383015
"MRPL14",0.0206901059409645,20.9630661393109,0.327464961936406,0.747917591000024,0.999486182046446,-4.99202732106125
"SLC27A4",-0.0158673461043328,21.263173993528,-0.233887704855181,0.818287201430254,0.999486182046446,-5.00807356482743
"LLGL2",-0.00239454272648842,20.7310121972501,-0.0454955695304224,0.964322516913225,0.999486182046446,-5.0242330416703
"CC2D1A",-0.0580527178331209,19.8798416196673,-1.17487024984167,0.258664475572739,0.999486182046446,-4.6263742468169
"TATDN1",-0.032996691185744,21.7532541263435,-0.366021331569123,0.719545454002099,0.999486182046446,-4.98389060552382
"LETMD1",0.168128202663251,16.9055883821013,1.19042838989481,0.252684385971267,0.999486182046446,-4.61642575800354
"METTL2B",-0.0708526996344965,20.0772983257754,-0.663685014567262,0.517131560293559,0.999486182046446,-4.89208386343414
"DUS1L",-0.126665588598566,19.1608642324665,-0.771273024672458,0.452799106655526,0.999486182046446,-4.84679855191305
"TAF2",0.0866427286734996,18.3820787615614,0.827481618676865,0.421150120787474,0.999486182046446,-4.82080105033823
"C8orf82",0.0131750034057134,20.0729216054443,0.0735742146507128,0.942346694733225,0.999486182046446,-5.02320316585339
"MED27",-0.120207587638451,18.26470695692,-1.24657965834586,0.231985025496564,0.999486182046446,-4.5797172996648
"ZFP1",0.0322702137058162,15.5088432735605,0.15959780511784,0.875518473537021,0.999486182046446,-5.01700274217965
"EDC4",-0.0407944305016983,20.7203411021203,-0.616570407982483,0.546916958387802,0.999486182046446,-4.90994070140683
"PRMT9",0.0271003973423944,16.3891081452454,0.140990990035944,0.889784467060867,0.999486182046446,-5.01875629734721
"PRPF8",-0.00446397939546372,21.976261607172,-0.0745231828247454,0.941595350761166,0.999486182046446,-5.02316089852435
"FBXO42",0.0246145732001288,15.6851295398582,0.178701693517118,0.860778110845512,0.999486182046446,-5.01500983723828
"SCYL2",-0.0450749964329944,20.1393133409137,-0.60839825225842,0.552177448227765,0.999486182046446,-4.91291411285494
"TTC27",-0.0320733265318971,18.0692073663213,-0.632696211250687,0.536617552868119,0.999486182046446,-4.90396551646487
"SFXN4",-0.132193258337956,18.3291444031639,-2.10518198929985,0.0528415234614677,0.999486182046446,-3.89893287314012
"PLBD1",-0.0933849274549505,15.1730775195733,-0.446387678440243,0.664174729166795,0.999486182046446,-4.96289341546029
"GOLM2",-0.084169201426139,16.8914121023989,-0.782302274957981,0.446414254984168,0.999486182046446,-4.84185683764177
"ARHGAP11A",0.33475133258878,13.5559995195077,0.961064115144295,0.353116197469233,0.999486182046446,-4.7522070334677
"WDR73",0.0316367266207358,19.078303936227,0.379011672638007,0.710079219374108,0.999486182046446,-4.98095056397643
"CNNM4",0.0607970779239331,20.2405609265486,1.39596661429116,0.183381761952593,0.999486182046446,-4.47627540327625
"NFRKB",0.174993698023229,16.6349169457889,1.37866258916416,0.188549253216352,0.999486182046446,-4.48866586902704
"FAHD1",0.0503566516998646,20.9512016218334,0.651085827071049,0.525004966387638,0.999486182046446,-4.89697768856975
"KLC3",0.17416121852548,15.0756941006371,0.317553469566989,0.758521478507561,0.999486182046446,-4.99263296755466
"RPL22L1",-0.0454731123896721,21.0177698890048,-0.597472476645577,0.559253102024326,0.999486182046446,-4.91683173388227
"ANKRD16",-0.000313005114065845,16.7668806019545,-0.00212773255198191,0.998330825513187,0.999486182046446,-5.02486880556761
"ALKBH5",-0.0419776873277868,19.9447170177254,-0.656532746998905,0.521592811400711,0.999486182046446,-4.89487254818005
"PDXDC1",0.00585115516357959,19.8952786988619,0.0731164601721186,0.942695699094932,0.999486182046446,-5.02322480357314
"MEAK7",-0.0704255900337216,18.6638298061196,-0.913898217971232,0.375467359373216,0.999486182046446,-4.77768301168893
"INTS5",-0.0282048030132636,19.2024245162794,-0.424449718164567,0.677363584179581,0.999486182046446,-4.96988476679705
"RSBN1L",-0.109579091774684,16.3743020774556,-0.742372292781284,0.469519417951837,0.999486182046446,-4.85959245624183
"SLC27A1",-0.129889206506961,13.2643363815554,-0.469591377060114,0.645513520695324,0.999486182046446,-4.9576965916752
"RFWD3",-0.0146751607471245,16.5305768860703,-0.0877839618460052,0.931313983836892,0.999486182046446,-5.0224878257785
"CTR9",-0.0460446381997635,19.4332575615157,-0.562861384650589,0.581984092569722,0.999486182046446,-4.92880366179356
"AAGAB",-0.0209492009184622,18.1363024842177,-0.125378665307616,0.901916611271224,0.999486182046446,-5.02003437970858
"PPIP5K1",0.0467029753713426,16.3869392706724,0.372463109893174,0.714845187756687,0.999486182046446,-4.982445143007
"PSRC1",-0.0606305338789426,16.0916006631822,-0.344919047150008,0.735024114496333,0.999486182046446,-4.98845342643611
"SKIC3",0.0207810642050674,19.2004755706045,0.476037802503806,0.641021339542759,0.999486182046446,-4.95585971016104
"ULK3",0.101896408953031,19.0087396500636,1.27779493978153,0.221065849567043,0.999486182046446,-4.55878069780309
"SHQ1",0.100325499591591,17.1003867883826,0.539688491537576,0.597465451908626,0.999486182046446,-4.93644371970899
"KCTD18",-0.0528153195672765,16.7653879162305,-0.173912960300653,0.864485070871779,0.999486182046446,-5.01552624525171
"DARS2",-0.0529109471864651,22.3948221739385,-0.844137965038508,0.41207391797953,0.999486182046446,-4.81277782055737
"TMEM65",0.0651339519306688,20.0853991600355,1.23706532177224,0.235395994414843,0.999486182046446,-4.58602434325483
"INO80C",0.0649059300403074,17.677851686427,0.180915678640024,0.85912975997336,0.999486182046446,-5.01474993547334
"TTC33",0.0879522059489233,16.2034093238241,0.605940768025243,0.553764704299106,0.999486182046446,-4.91380104581978
"KLHDC10",-0.11047369679444,16.168059519254,-0.444379006995296,0.663218964851774,0.999486182046446,-4.96464988418283
"HAGHL",-0.112074731398121,16.0941911435456,-0.364094926147549,0.722846579705999,0.999486182046446,-4.98345799210918
"FBXO38",0.0781881872332448,17.8816977348963,0.916683808355609,0.374052971447246,0.999486182046446,-4.77623240870671
"NCEH1",0.00669322150844565,20.3311564909564,0.0800230723159779,0.937294501759873,0.999486182046446,-5.02289937305051
"FIGNL1",0.165614917880951,18.1841624048092,1.21057984192829,0.245097590401449,0.999486182046446,-4.60339530044546
"FBXO46",-0.0305892408508903,15.1428389922192,-0.215863722204829,0.832050565887793,0.999486182046446,-5.01055701680078
"TRIM65",-0.00935286464656215,18.8670632762657,-0.107266463597671,0.91602294343825,0.999486182046446,-5.02132990830927
"RHBDF2",-0.249157765846068,16.2262839662422,-1.66988769162604,0.116019001247051,0.999486182046446,-4.26761724291169
"MIDEAS",-0.0433784536240474,18.0591942233501,-0.629653424914404,0.538552680603418,0.999486182046446,-4.90510390791032
"BRAT1",0.00264951931380253,19.0409602389858,0.0396771109006477,0.9688825905746,0.999486182046446,-5.02438558175059
"WDR59",-0.158656238187771,17.6532139306778,-2.12093688385148,0.0513013295635329,0.999486182046446,-3.88498543838458
"ZC3H14",0.0158273488229348,19.5034004139462,0.179177406705791,0.860236352752739,0.999486182046446,-5.01500180676751
"CCDC137",-0.00803255722658491,19.5954576954939,-0.0843025248120923,0.933949410376153,0.999486182046446,-5.02268302028886
"OGFOD3",0.011944997455462,17.4981092257792,0.10348593014423,0.91897119224232,0.999486182046446,-5.02157493438687
"LARP1",-0.0779422595812491,21.4985816757497,-1.46716327288056,0.163327900396867,0.999486182046446,-4.42424080848562
"ATAD2",0.0514064231819127,19.7844239672314,0.60616976796533,0.553616692101689,0.999486182046446,-4.91371853835032
"TMED8",-0.00380716360641031,18.2622433309334,-0.0487401880547093,0.961780176159349,0.999486182046446,-5.02413893112595
"SLC30A9",0.102492358889819,16.9033120504334,0.951541551560479,0.356662091252732,0.999486182046446,-4.75776663957229
"TRAF7",-0.0321514412929425,16.9803544205113,-0.197607326792994,0.846243623020413,0.999486182046446,-5.01281756379254
"DEGS2",0.0199918026323083,16.9467224360492,0.0632013315084718,0.950461647037183,0.999486182046446,-5.02364007535899
"BLOC1S3",0.0148129030965443,17.2853296514262,0.10913598807249,0.914565463405163,0.999486182046446,-5.02120549842625
"RICTOR",0.030272095932375,17.9209506313691,0.52710197681322,0.605960144653999,0.999486182046446,-4.94046631265606
"WDR74",0.0584117617197393,17.7961666199413,0.45956006054225,0.652532271711345,0.999486182046446,-4.96050722937307
"AGTRAP",0.186993509338034,17.9505625308518,1.13530683842949,0.274358243908461,0.999486182046446,-4.65122560489716
"FAM111B",0.163918368487952,16.3158415929827,0.910017223068993,0.377444014790975,0.999486182046446,-4.77969781980179
"SAMD1",0.00325612602795289,18.8106267553924,0.0314371168985858,0.975342367116409,0.999486182046446,-5.02456595899991
"SLC4A10",-0.0524761363716912,16.9341543352796,-0.516031426318277,0.613480730154375,0.999486182046446,-4.94393005688481
"METAP1D",0.447190487724356,14.0104437962307,1.53758315527775,0.16391187347847,0.999486182046446,-4.39146603592047
"MTHFD1L",-0.0138932913279497,20.9755478702731,-0.300696231864577,0.767842841430826,0.999486182046446,-4.99715500087339
"ANKRD11",-0.120910578229115,16.6998434284032,-0.85812596263308,0.404551405190902,0.999486182046446,-4.80593281962375
"AFTPH",-0.131427593213065,16.3150004320476,-0.495041825531162,0.627863180683227,0.999486182046446,-4.950305351694
"FIP1L1",-0.0370599892661403,20.0965965257641,-0.435039246570196,0.669831688356014,0.999486182046446,-4.96713200797028
"CRTC1",-0.0379762953803606,16.176032950827,-0.16378062325296,0.872126831027087,0.999486182046446,-5.01662283016953
"CYP20A1",-0.0741817295595055,18.3540275102193,-0.675440139778978,0.509846895799329,0.999486182046446,-4.88744038306083
"POGLUT2",0.0810156919055949,16.3668830347576,0.502538159030088,0.622708195920644,0.999486182046446,-4.94805736381544
"TMEM205",-0.111826888303835,21.7316533761898,-1.46975751923828,0.162632979012518,0.999486182046446,-4.42231364441699
"UQCC3",0.112411729308928,18.6354820713837,0.521981212023222,0.610071100549635,0.999486182046446,-4.94172862569645
"LRSAM1",-0.0150187184750408,19.4771939942571,-0.196477985057656,0.846917409495745,0.999486182046446,-5.01300782041302
"DHRS11",-0.052024008863512,17.7851397155225,-0.609074009976063,0.551741418148601,0.999486182046446,-4.91266963921257
"LCLAT1",-0.0153535048857769,19.9138900085451,-0.281674503252912,0.782106311529382,0.999486182046446,-5.00053761899393
"C6orf89",0.121704491289911,18.0043003272828,0.7769591745574,0.449464040810155,0.999486182046446,-4.84427795484052
"ABRAXAS1",-0.087084018301347,15.9282589556314,-0.403955186544382,0.692041554904015,0.999486182046446,-4.97502606748806
"LMBR1L;LMBR1",-0.0717600342475109,15.9702553820364,-0.27577293550778,0.786548387302644,0.999486182046446,-5.0015428697888
"CWC27",-0.141033614996335,18.6493219897008,-0.768257809124322,0.454533377339231,0.999486182046446,-4.8481495426679
"DHRS13",-0.0579898554767944,19.4665513297642,-1.1057277574949,0.286553203117231,0.999486182046446,-4.66937762610326
"METTL7B",-0.050429173831013,18.3862382451016,-0.32304783252864,0.751519114764064,0.999486182046446,-4.99276705495075
"PLXDC2",-0.153894638885529,16.3103971889482,-0.891084085169263,0.387188325784346,0.999486182046446,-4.78942242327421
"SEZ6L2",0.00213424508628535,18.0096324292208,0.0135933772679757,0.989349644901031,0.999486182046446,-5.02481305102802
"ELAPOR1",-0.0682802855377425,19.6819050926049,-0.640187842252736,0.531869593421834,0.999486182046446,-4.90114108122371
"CRELD2",-0.0619456472667288,16.7045373361657,-0.2942718942112,0.772650730047537,0.999486182046446,-4.99832174113505
"WDR82",-0.0793737395703218,20.2436012721708,-1.2337617426282,0.236589480794792,0.999486182046446,-4.58820606062971
"APOOL",-0.0833622608812661,18.8586538705982,-0.89121164634062,0.387122111416309,0.999486182046446,-4.78935748684104
"DPP8",-0.010608887537586,17.5658860337879,-0.132828141404896,0.896124362560392,0.999486182046446,-5.01944316297145
"ATF7IP",-0.113071278903746,17.1827852844572,-0.730480209624861,0.477359047340671,0.999486182046446,-4.86426660117857
"RANBP10",-0.0482711377284986,18.081790600892,-0.478507299698554,0.639304300930243,0.999486182046446,-4.95514968884853
"PACS1",0.0107576022067057,20.2372391260941,0.202838856542545,0.842032344904858,0.999486182046446,-5.01222885680399
"MPRIP",0.017444227313888,17.5373720742964,0.177910357866123,0.861213578423339,0.999486182046446,-5.0151406694766
"RAB11FIP1",-0.0452926653390477,18.8552519066288,-0.755756511932915,0.461694324372493,0.999486182046446,-4.85373996946028
"DSTYK",0.0104904721633048,17.0350874567436,0.0789104341062725,0.938164413252579,0.999486182046446,-5.02295378031402
"HACD2",-0.192397140491973,18.6853136854497,-1.33093732202894,0.203417147924846,0.999486182046446,-4.52229813994401
"B3GLCT",-0.121592683796155,17.406579990011,-1.16228651716376,0.263580030455952,0.999486182046446,-4.63434866066968
"GIGYF2",-0.0525113556606875,18.1611392735201,-0.545855401937423,0.593325296618365,0.999486182046446,-4.93444007101687
"CD109",0.174302046323064,17.0682649648256,0.319968721530394,0.755292694981827,0.999486182046446,-4.99275410448647
"THADA",0.0515007746686145,17.9483320730948,0.643296006826225,0.529906654992101,0.999486182046446,-4.89996026114676
"HSDL2",-0.0713869182962377,19.7902488257549,-1.09855990389108,0.289568405262375,0.999486182046446,-4.67372030128606
"KYAT3",-0.029179354124846,20.028388299526,-0.347065980173542,0.733443746112104,0.999486182046446,-4.98800129241096
"TMEM184A",-0.122965935070717,17.4697515134769,-1.08605522835589,0.294884926927761,0.999486182046446,-4.6812433528943
"CERS6",-0.0977234896081107,19.7069771167366,-0.978823342391419,0.343449076653237,0.999486182046446,-4.74291408288185
"PPP1R21",-0.00157992296450615,16.9260808807869,-0.0111882224698327,0.991223194611158,0.999486182046446,-5.02483166287857
"SYNE3",-0.429073174601788,13.3478729283139,-0.999704050534834,0.351931185586847,0.999486182046446,-4.72542906863272
"ZNF66",-0.00343587268136503,16.1620475747669,-0.0186688975085822,0.985355424588048,0.999486182046446,-5.02476290367526
"AEBP2",-0.123027021532735,17.575031855485,-0.447964729695612,0.660747480085951,0.999486182046446,-4.96365290118084
"MACC1",-0.0441679892759765,16.683763280878,-0.290343150570418,0.775886368086343,0.999486182046446,-4.9989113420858
"ZNF574",-0.000524545649756902,16.6833673485966,-0.00466139920045951,0.996343212969876,0.999486182046446,-5.02486350996704
"NFXL1",-0.19105808219453,18.0061104600868,-0.609378332456422,0.551729722232829,0.999486182046446,-4.9124554419495
"MBOAT1",0.223290282611785,11.8641280437613,0.691106947970779,0.504147987370781,0.999486182046446,-4.87896004050435
"NBEAL2",0.00545185030351192,18.6676136933444,0.0899573097666375,0.929531257626414,0.999486182046446,-5.02237987764314
"GDPGP1",0.0686876922036781,17.1112340252074,0.669839485987993,0.513310216220487,0.999486182046446,-4.88966204866992
"DPY19L3",-0.0059959040511135,16.4540183730793,-0.026791463007862,0.979010999141204,0.999486182046446,-5.02464821136976
"SLCO4C1",-0.0149505718279848,16.2334254572918,-0.0514058905761446,0.959865608847101,0.999486182046446,-5.02404360677621
"C15orf39",0.124753177439109,16.1884158649603,0.684629988534328,0.504193463958901,0.999486182046446,-4.88375834895624
"QSOX2",0.0679054606606009,18.8123685973634,1.28539721681712,0.218469050306773,0.999486182046446,-4.55362580734631
"MMS22L",-0.155443948664969,15.5961160174645,-0.655033955287091,0.522530452854535,0.999486182046446,-4.89545341307064
"SRCAP",-0.00166618196504231,16.3559481291203,-0.00991968912804267,0.992218281670978,0.999486182046446,-5.02483990605372
"FAM83H",-0.00327946528565803,19.9509702243781,-0.0734773582884285,0.942413390441316,0.999486182046446,-5.02320852459206
"RIPOR1",-0.193956134348738,17.4309222631467,-0.967496385619956,0.348892485856366,0.999486182046446,-4.74912286252344
"NBEAL1",-0.279888204179805,20.6440941814841,-2.0441193660758,0.059272884795857,0.999486182046446,-3.95297052499639
"C1orf122",-0.0765914846670341,18.063676545499,-0.31716333111818,0.755605248550699,0.999486182046446,-4.99403463672268
"MFSD6",-0.137831644381066,16.1649020663949,-1.02180085886842,0.323342037529661,0.999486182046446,-4.71881832860759
"TBC1D9",-0.0359875187376346,16.7789780690548,-0.135462094068967,0.894077809661053,0.999486182046446,-5.01922598734862
"UBR3",-0.0425920940029698,17.4126698456845,-0.506615826730222,0.619912646996727,0.999486182046446,-4.94682105473275
"TMPPE",0.0699343147632465,15.4804611770271,0.536826107853873,0.599392031057714,0.999486182046446,-4.93736640979051
"ANKRD13D",0.126712126190426,18.7481736965668,0.566018607889399,0.580003158600537,0.999486182046446,-4.92767670415227
"ARHGAP27",0.0692563187723678,18.399550358856,0.600131837442167,0.557526401763016,0.999486182046446,-4.91588426458727
"CCDC149",0.254136176331768,12.7122908937901,0.935320335015732,0.364684005710345,0.999486182046446,-4.76643171502665
"PHLPP2",0.0702816488448761,17.1226483197652,0.64678415149324,0.527708592944568,0.999486182046446,-4.89862880566482
"NUDT18",0.149323683911213,16.7445230217263,1.08311574712056,0.296145107972426,0.999486182046446,-4.68300197782495
"TOM1L2",-0.167004978711478,16.9203804810174,-0.620052551592196,0.544710808405759,0.999486182046446,-4.90864732830728
"PAXIP1",0.108621255325765,16.305279599637,1.18787154906911,0.253659796983511,0.999486182046446,-4.61806743076108
"STXBP4",0.0612999428049541,16.8778420439515,0.278586324599284,0.784707910410834,0.999486182046446,-5.00096283826274
"MBOAT2",-0.259686870683087,16.592030212652,-1.21290213098227,0.245593392964822,0.999486182046446,-4.6019543046164
"TMTC3",-0.00782441162927228,20.2299357739739,-0.146028172937417,0.885876055472619,0.999486182046446,-5.01831208787076
"VPS13C",0.0501480939405106,19.7440851591315,1.21961959180956,0.241752052906719,0.999486182046446,-4.59749744305547
"ACAD11",-0.0148230811061438,17.0154786531261,-0.0812544677596792,0.936410415558282,0.999486182046446,-5.02282893708293
"USP34",0.061025763645997,17.6658082647504,0.704431774268936,0.492136750023231,0.999486182046446,-4.87567060177169
"USP30",-0.0175329669591306,15.1311212599031,-0.0759689844537531,0.940464562898257,0.999486182046446,-5.0230939505561
"RAPH1",0.0886469926910358,17.7960063425406,0.853512998437683,0.40702210543771,0.999486182046446,-4.80820092253647
"USP43",-0.338123532635105,16.722943443275,-2.36863309868868,0.0330699132897175,0.999486182046446,-3.6764071231895
"SLC25A26",0.744906654111073,15.9183186710003,2.78096180826574,0.0149239642869717,0.999486182046446,-3.30900744519969
"MOB2",-0.160773838036977,18.4755094364071,-1.56014450862365,0.139919900632858,0.999486182046446,-4.35387269037264
"UNC13D",-0.0652301703071778,18.039717725748,-0.463519537650327,0.652234961048352,0.999486182046446,-4.9581128222386
"IKBIP",0.0279008201240565,17.0507378508632,0.202526532969324,0.842272050312311,0.999486182046446,-5.01226767933931
"FRA10AC1",0.365759958985027,16.8498951716856,1.10572149554233,0.289488620045898,0.999486182046446,-4.66889658390298
"UBE2R2",0.130698178325058,19.2666065749592,0.770488093815902,0.453250179785517,0.999486182046446,-4.84715069898978
"KCTD1",-0.395052322590411,15.4165569603138,-1.26364909300919,0.230850732552195,0.999486182046446,-4.56916880434806
"CENPU",0.0188038159417054,17.2351936651879,0.17783190987152,0.861448100730804,0.999486182046446,-5.01510543266213
"MED13L",0.279042677125089,14.4381176193545,0.727602330466464,0.481103884361647,0.999486182046446,-4.86438325353076
"LARP4",0.000854052035027308,20.3238836602135,0.0119031057619132,0.990662418791675,0.999486182046446,-5.02482658092692
"MED25",-0.0413004683514515,17.8341435879446,-0.324109604167033,0.750405313339353,0.999486182046446,-4.99269354484894
"RPS27L",-0.142496433503503,20.4230835121671,-2.57435142652634,0.0213625194383628,0.999486182046446,-3.47392814670299
"CBLL1",-0.131708595350958,17.442412637887,-0.76794757276656,0.454637241735806,0.999486182046446,-4.84832799113367
"INTS8",-0.0942096263996426,19.1213531509169,-1.74338706296399,0.102064452127973,0.999486182046446,-4.20810006008562
"MTSS2",0.0885304086195511,17.0927867611509,1.00663958805469,0.330336596518923,0.999486182046446,-4.7274150898199
"NOL8",-0.0549011906566825,17.0375744788477,-0.388273336973084,0.703360057547449,0.999486182046446,-4.97879354363617
"ASXL2",-0.116328101605776,16.1296816305135,-0.634343251636417,0.535571694167254,0.999486182046446,-4.90334719630886
"BTN2A1",0.205713087150539,16.5914781216531,0.973635181021085,0.345934885124227,0.999486182046446,-4.74576534349892
"SUPT6H",-0.0174403465869304,21.048104193394,-0.43203970398459,0.671961465156517,0.999486182046446,-4.96791838367753
"SND1",0.00631531481970171,23.4680329217318,0.147952384657791,0.884383839383684,0.999486182046446,-5.01813830035628
"MARK2",-0.068823882111456,19.0941117714538,-1.0278268161567,0.320591792291812,0.999486182046446,-4.71537257529736
"COX15",-0.0941765011408577,18.2227502471128,-0.7171501071381,0.484483779509282,0.999486182046446,-4.87036573939152
"DDX46",-0.00516773246456381,21.8661618647127,-0.113965012758337,0.910802240099743,0.999486182046446,-5.02087422128998
"TRMT10C",-0.081462723319877,21.6597577459832,-1.37984450278201,0.188192563784267,0.999486182046446,-4.48782284017128
"BZW1",-0.085269341300922,23.1101272535343,-1.28848275491105,0.217422012422945,0.999486182046446,-4.55152741191726
"CYB5R4",-0.0231457942904179,18.8374778346849,-0.319404082789805,0.753898899987678,0.999486182046446,-4.9936165228266
"MON1B",0.102592803395989,18.7027302105409,0.92265462120557,0.371033558584958,0.999486182046446,-4.77311053436489
"LRRC8D",0.0376392343466527,16.9443280109466,0.358927502419484,0.724735069395884,0.999486182046446,-4.98545394639412
"ASRGL1",-0.0351525790182912,16.726940054407,-0.202229445375603,0.843513349335793,0.999486182046446,-5.01201713375464
"KCTD9",0.158706378408031,17.974007994563,1.58758390738406,0.133580397082474,0.999486182046446,-4.33261707790282
"DHX30",-0.0436095330677091,20.5604735054353,-0.725712897027098,0.479371660246063,0.999486182046446,-4.86674587357679
"EIF3M",0.0114287521199081,20.8501434688844,0.199347450980935,0.844712880333215,0.999486182046446,-5.01265946942412
"MEPCE",-0.0445592115892701,19.6891043976649,-0.71913944401552,0.483293210997858,0.999486182046446,-4.86952821823742
"ARMCX2",-0.0506197145151255,16.5392742984306,-0.429234848460523,0.673955642752126,0.999486182046446,-4.96864897170627
"PARS2",0.103713166515295,18.3197209246336,1.73637993155928,0.103328287531413,0.999486182046446,-4.21383052273201
"MIGA2",-0.261880971431101,16.0342833985397,-1.27778470006087,0.221069363674929,0.999486182046446,-4.55878762642274
"RSRC2",-0.029090540230392,17.648005483164,-0.103295623397862,0.919133137852287,0.999486182046446,-5.02158500976731
"RRAGA",0.0530249990527274,17.8090694523689,0.425635910767147,0.676518100928616,0.999486182046446,-4.96957967047889
"CYFIP1",-0.047433678438086,20.8490440803706,-0.938199062702682,0.363251358991406,0.999486182046446,-4.76490305527792
"MCM10",-0.104767332792221,18.0533924075518,-0.562537176153326,0.582199256605631,0.999486182046446,-4.92891263758799
"NDUFAF7",0.0322544490013321,18.5161105517901,0.254001554732425,0.803000896257158,0.999486182046446,-5.00506974002523
"FA2H",-0.0128049718462222,16.2162279805698,-0.0594786203284003,0.953570456494072,0.999486182046446,-5.02376366741551
"GET4",-0.052170354437699,20.7654209128163,-0.401678541787367,0.693680114940751,0.999486182046446,-4.9755819918459
"GDPD3",0.0321552202687947,18.6623777775734,0.11278753054344,0.912334582887238,0.999486182046446,-5.02085536144745
"COPS6",-0.00661401107118209,21.2253274291617,-0.0979781968944856,0.923268588695657,0.999486182046446,-5.02191620371154
"ENOSF1",-0.0437183052351884,16.8178839427988,-0.303180340477028,0.765986397271035,0.999486182046446,-4.99669721760025
"MAEA",-0.0699685350031842,19.0876564929058,-1.00126415525635,0.332842315590012,0.999486182046446,-4.73043794155095
"EPM2AIP1",-0.0701392325890424,19.4900478003534,-0.859697084943722,0.40371217903544,0.999486182046446,-4.80515791957837
"DHX32",0.0502907743228995,17.4859096155096,0.579050392827696,0.571292597885476,0.999486182046446,-4.92328715494606
"TAOK1",-0.0253512157218765,18.4869347351047,-0.326672748526902,0.748504692013916,0.999486182046446,-4.99218522530716
"SH3BP5L",0.144821177925115,15.7614724344731,0.754787205502351,0.462258317124593,0.999486182046446,-4.85416695683023
"FASTKD5",-0.0199023817892723,18.4250054861514,-0.230382487240355,0.820959149132915,0.999486182046446,-5.00857197037045
"DPH6",-0.122515580180828,18.2412052660971,-1.24252064404227,0.233435451454374,0.999486182046446,-4.58241230548744
"EEPD1",-0.0606232341556918,14.1225671507626,-0.217922509071929,0.831982291586875,0.999486182046446,-5.00982604870949
"MOB1B",0.069299070192983,16.7228820601394,0.378551574185728,0.710801268995449,0.999486182046446,-4.98087605388059
"KDM3B",0.000168404019632362,20.531415895585,0.00356819833900638,0.997200805651477,0.999486182046446,-5.02486627964898
"CHMP1B",-0.0658618280608501,18.8777628469164,-0.595743252214048,0.56037740905635,0.999486182046446,-4.91744571168784
"CXXC5",-0.181508724031515,15.0876968414459,-1.14922364510343,0.284689399255763,0.999486182046446,-4.64121311899237
"RRM2B",0.0501506303121175,20.2006348775957,1.06579503824462,0.303651467369054,0.999486182046446,-4.69328808021673
"HS2ST1",-0.0466690996808197,18.3871369280153,-0.562480031007542,0.58223718577548,0.999486182046446,-4.92893183959574
"STRADA",0.11197260050746,17.0504195733733,1.05198506175445,0.309735675166914,0.999486182046446,-4.70139489099056
"NIPA1",-0.27815175593884,15.9011266547063,-0.99704794329138,0.334817133106608,0.999486182046446,-4.7327996571599
"MICAL3",0.0191409521627186,18.1141977380431,0.248359487874839,0.807280710727825,0.999486182046446,-5.00593703446192
"DYM",-0.0816766527707991,18.8164276626849,-1.01543788317472,0.326264484527944,0.999486182046446,-4.72243897868166
"PHF5A",-0.0985261250735583,19.6906476169082,-0.502059966044429,0.623139754564259,0.999486182046446,-4.94814603110408
"ZNF367",0.346799802275937,12.6036837802684,0.889510090369429,0.395144740978093,0.999486182046446,-4.78704647826318
"APTX",0.00167851779616868,18.0028052946939,0.0151265060689221,0.988133954983108,0.999486182046446,-5.02479975848289
"SLC36A1",-0.0441940255725637,13.5151193156869,-0.120645937647127,0.905599505940505,0.999486182046446,-5.02039231786813
"ERMP1",-0.00747190841083878,21.0051674513199,-0.12242907744577,0.904211641390873,0.999486182046446,-5.02025907040043
"GPRIN1",-0.372658458724286,15.4800167076441,-1.62686400779122,0.124933262009637,0.999486182046446,-4.30182244668801
"TRMT1L",-0.0515257428204734,18.5053377215924,-0.762693747143278,0.457670284653411,0.999486182046446,-4.85066978783014
"ZC3HAV1",-0.134985034636607,20.0716952080169,-1.95545582902737,0.0697455201166532,0.999486182046446,-4.02970833392925
"MRPL21",-0.019931663603078,20.9252662805465,-0.304279792956455,0.765165218368014,0.999486182046446,-4.99649342415687
"TICRR",-0.50014603691392,14.2486608449289,-1.72495104785179,0.113125152495406,0.999486182046446,-4.24034779470684
"EFL1",0.0278917718869209,20.5516081937457,0.610237773182969,0.550990942530931,0.999486182046446,-4.9122480249133
"SETX",-0.00326184567270715,17.921108053275,-0.0463803818083324,0.963629175887229,0.999486182046446,-5.0242080199821
"DPY19L4",-0.238287625305283,16.7111591631112,-0.921255071246016,0.371739802186256,0.999486182046446,-4.77384383195871
"TRAPPC11",-0.0450566443472553,17.8373748943457,-0.499917612015804,0.62450795861133,0.999486182046446,-4.94884686767348
"KANSL1",-0.495676784052426,15.7474298744705,-2.59812290198231,0.0212956034179738,0.999486182046446,-3.47197857461222
"NUP54",0.0214987484154783,19.9701559631454,0.272561096068658,0.788969159751285,0.999486182046446,-5.0020811488845
"ATG9A",-0.0410871271082556,19.7497603560617,-0.566595457818137,0.579508901738674,0.999486182046446,-4.92754427995177
"CCDC186",-0.451221595469312,16.2868247293784,-1.82398526003326,0.0884772270570036,0.999486182046446,-4.14138704232849
"ARMC9",-0.0536488050866808,18.093508670372,-0.635075555558336,0.535107050959439,0.999486182046446,-4.90307180293414
"VPS35L",-0.0255825474163167,16.1379272939877,-0.117461157242951,0.90819307912689,0.999486182046446,-5.0206060615908
"POGZ",0.0389692504131176,20.4000200632462,0.75521798481121,0.46200761497865,0.999486182046446,-4.85397725547496
"ZFYVE16",-0.00604633296347146,16.7531681473878,-0.0549977993472654,0.956878223441056,0.999486182046446,-5.02393913580644
"MON2",-0.00519254099739186,19.9576173235651,-0.0877026445473892,0.931292576089791,0.999486182046446,-5.02250310099198
"UBE3B",0.0745019195256518,15.5338499359626,0.310911693320344,0.760530870075828,0.999486182046446,-4.99512204894487
"DENND4A",0.00389674815067842,15.0672236553235,0.0198911840097916,0.984396748604803,0.999486182046446,-5.02474839434305
"MYH14",-0.0523409619419084,21.6915748613503,-1.01162063843589,0.328026776373483,0.999486182046446,-4.72460224874567
"NUFIP2",-0.00321014788521268,19.5828089960643,-0.0299679196793974,0.976494351371638,0.999486182046446,-5.02459373032649
"SZRD1",-0.25665358881631,17.0756712928246,-1.00726543864752,0.330085379576567,0.999486182046446,-4.72704967034161
"MAVS",-0.0600317415754361,19.6036189250501,-0.495122056314439,0.627807901615109,0.999486182046446,-4.95028146267306
"CLASP1",0.0507370080756182,18.9103282971863,0.887679298577586,0.388958498313224,0.999486182046446,-4.7911527349123
"DHX29",-0.0243896253830691,20.0022529968512,-0.453029332399789,0.657120102991495,0.999486182046446,-4.96230574352483
"LRP10",-0.0370484681295018,18.014323696086,-0.304863167067919,0.76472961568174,0.999486182046446,-4.99638499626474
"TRMT11",-0.0756332487971605,18.1557442519592,-0.721521483360807,0.481869929942096,0.999486182046446,-4.86852261169018
"HDDC2",0.154866718374755,20.3960660060031,1.31756874961882,0.207746953507566,0.999486182046446,-4.53157334496624
"HAUS6",-0.199944780539653,16.4496319327675,-1.11372998605071,0.283214743481167,0.999486182046446,-4.66450346927265
"POGLUT3",0.0130038522044487,18.0471271989136,0.0312753435497558,0.97547758199886,0.999486182046446,-5.02456869657766
"TTC21B",-0.0544878584817177,14.8766081808188,-0.220156202346309,0.828767418333645,0.999486182046446,-5.00998345878932
"HEATR3",0.0176625943502202,18.810642843928,0.158708007731934,0.8760514120946,0.999486182046446,-5.01712518357765
"C6orf120",0.178250193876377,16.4862633510183,0.661702808429886,0.518365779023817,0.999486182046446,-4.89285950750538
"KIF21A",0.00173303668150737,17.7788843064688,0.0173389597379948,0.986398561176511,0.999486182046446,-5.02477764603672
"HDGFL2",-0.0967000354872347,20.7092321467184,-1.18825996011208,0.253511435607175,0.999486182046446,-4.61781821328182
"DCXR",-0.0318733157347282,23.3529975932461,-0.519868013090897,0.610869260560686,0.999486182046446,-4.94273756435132
"BRAP",0.0557043761134359,17.8788866677996,0.473595518178759,0.642721546174538,0.999486182046446,-4.95655844970476
"EMSY",-0.0239826475389862,17.6613523779507,-0.287560873963743,0.777683479729665,0.999486182046446,-4.99951408076272
"GOLGA7",0.0291891118312115,18.3052502057331,0.340812486066869,0.738050424094096,0.999486182046446,-4.98931061021936
"RAI1",0.135734894386843,16.2548959925069,1.19729344553954,0.250079708512348,0.999486182046446,-4.61200488785484
"WAPL",0.0540212421846675,19.2293296471282,1.11713322949428,0.281803787862555,0.999486182046446,-4.66242228447276
"IRF2BP2",-0.0451846207371602,18.1767771417699,-0.348535887007559,0.732362458763188,0.999486182046446,-4.98769015635449
"BCDIN3D",0.0190063340678535,15.4513907989201,0.0854830868596515,0.933026832104901,0.999486182046446,-5.02262135513956
"NET1",1.68463519523463,14.8773373626766,1.17618259924172,0.259907460838453,0.999486182046446,-4.6254878517462
"SRGAP1",0.0338796910461419,16.2951491463061,0.0911113167320474,0.928834950332307,0.999486182046446,-5.02228832000973
"RBBP6",-0.0314951818908291,17.5884583030963,-0.320500624865211,0.753084278138867,0.999486182046446,-4.99340262081452
"C5orf24",0.065242857250178,14.8917001415506,0.281803977666829,0.782008944185349,0.999486182046446,-5.00051532980648
"UBE3D",-0.0798750271542019,15.8721829299633,-0.372668236679654,0.715076681549543,0.999486182046446,-4.98222323956337
"TSEN54",0.00311968677264929,18.4478932192773,0.0477359707565955,0.962566992251292,0.999486182046446,-5.02416875075533
"PTAR1",-0.218039647960772,16.9494801298334,-0.930609718175692,0.372481415175185,0.999486182046446,-4.76671197914527
"RABEPK",-0.129111855012717,18.3031182315726,-0.998505577368347,0.334133455701828,0.999486182046446,-4.73198408344919
"FBXO33",0.300814747190493,13.1630062306922,1.1867061366224,0.256984186422606,0.999486182046446,-4.61879518761067
"MTERF4",0.0517247598282751,17.0738408384356,0.432248793682467,0.671812909780955,0.999486182046446,-4.96786373772969
"ADAT2",-0.254526663843226,14.806979498094,-0.611150219676855,0.550430720276116,0.999486182046446,-4.91190126873378
"HUWE1",-0.0321337815671114,21.8744995540658,-0.737725268190803,0.472255144173617,0.999486182046446,-4.86160252427092
"PLEKHH3",-0.026162319493757,17.6428083416643,-0.239901931461189,0.81370813846707,0.999486182046446,-5.00720105785836
"YTHDF3",-0.0772567453241564,19.1026711892943,-0.923641406838261,0.370536157964704,0.999486182046446,-4.77259294147869
"CTU1",-0.041554597444371,19.6134652332314,-0.658774840254213,0.520191948248572,0.999486182046446,-4.89400133606406
"PXK",0.0772740063712476,16.097001205581,0.502434686916472,0.623311815472135,0.999486182046446,-4.94780144640162
"TAF8",-0.0846383478535238,17.1534727217299,-0.236865769354697,0.816076490875307,0.999486182046446,-5.00762556543547
"UBE2Q1",0.00367158469230944,18.8636793368204,0.0259030052102999,0.979681888116555,0.999486182046446,-5.02466364308773
"KHDC4",-0.00955850608921338,16.1841757315353,-0.0979190368452497,0.923314761873907,0.999486182046446,-5.02191976827982
"MRPL55",0.0421625255213272,19.6007987228891,0.55637464175962,0.586296865075788,0.999486182046446,-4.93097281212203
"VPS13B",0.0801138976871343,16.1570981380598,0.665508439819514,0.515997691871097,0.999486182046446,-4.89136847229482
"TMED4",0.0514855757503234,20.3604665671257,0.504068473380711,0.621658342370074,0.999486182046446,-4.94759450193744
"MRPL10",0.0507547948088494,20.0653466296062,0.380836630687652,0.708753254156816,0.999486182046446,-4.98052953970125
"CMC1",-0.0101431096321498,20.7231232676787,-0.0553198221665073,0.956635826154835,0.999486182046446,-5.02392740541906
"ZER1",-0.156188514742482,17.178316306871,-1.44815641417094,0.168494936071264,0.999486182046446,-4.43829457723229
"TMEM179B",-0.060284103378752,17.8641354299699,-0.42664600180006,0.675798492542837,0.999486182046446,-4.96931922063909
"GALNT7",-0.0853233167614711,19.6960120388471,-0.888068656597998,0.388755793254001,0.999486182046446,-4.79095514973877
"SCD5",-0.0980011772085483,16.3230390284478,-0.815394969182849,0.427816769671568,0.999486182046446,-4.82653567930883
"ADGRG6",0.268412599034765,15.9839224649441,2.11986712010631,0.0514045838405216,0.999486182046446,-3.88593348401253
"GALNT10",-0.0747801999663196,16.6080491477236,-0.35855394933093,0.725008738964996,0.999486182046446,-4.98553544330689
"TEDC1",-0.134373683782378,17.4956453053869,-1.36554621632138,0.192544682176945,0.999486182046446,-4.49798891868774
"GLRX5",0.219445896593182,18.5391583129331,0.959885358591985,0.352747376130948,0.999486182046446,-4.75319952071459
"TRAPPC6B",-0.0677946148479762,18.8596471051924,-0.647881581132179,0.527018108171008,0.999486182046446,-4.89820853548779
"PIP4P1",-0.0474392269159551,17.7538375816178,-0.325690774149977,0.749232646443203,0.999486182046446,-4.99238043275986
"ZBTB33",-0.194858883803128,16.5986511902879,-1.3880526524172,0.185730566856471,0.999486182046446,-4.48195489858823
"USP37",-0.194881225788592,15.3071984676527,-0.888028913759935,0.389794729771197,0.999486182046446,-4.79051756713392
"PATL1",-0.00177601582920062,18.7864369482539,-0.0264512887768722,0.979251924813257,0.999486182046446,-5.02465480657564
"TBC1D1",0.0418362263633831,18.3515252220997,0.512324101245436,0.616009371967995,0.999486182046446,-4.94507440395339
"DPP9",-0.00303170740522418,19.6530864559294,-0.0548259309623789,0.957012834878103,0.999486182046446,-5.02394494502734
"TADA2B",0.228590639521371,19.295545363176,1.93645246678784,0.0722110122300473,0.999486182046446,-4.04604999778595
"SYVN1",-0.0309335782283675,19.2077571593139,-0.289616098397187,0.776141112580105,0.999486182046446,-4.99915180590567
"TRPT1",0.0623995971414217,16.9582667991753,0.39079248934862,0.701536849015335,0.999486182046446,-4.97819808908137
"PRUNE1",0.0674764059644808,19.7264641372608,1.2782532647209,0.220908605063379,0.999486182046446,-4.55847053571027
"MRPL52",0.20189552821769,18.1486885737389,0.885749938557962,0.390077132184834,0.999486182046446,-4.79207958065639
"SETD3",-0.0339661355183161,20.1982466483549,-0.75085288622263,0.46455186316863,0.999486182046446,-4.85589502727912
"ADCK1",0.0393995078042479,17.3626961393197,0.397200841529024,0.696907444476942,0.999486182046446,-4.97666649645011
"ACOT1",-0.412768208233647,17.5586020535699,-0.581649706430217,0.571177069087296,0.999486182046446,-4.921495756368
"RBM23",0.0541958387169856,17.604415774585,0.703655803032404,0.492605981919145,0.999486182046446,-4.87599147837528
"ISCA2",0.159859169538404,17.7859824407825,0.686152461835351,0.503326173685465,0.999486182046446,-4.8831072669537
"NOP9",-0.028014409949666,21.2543581809269,-0.441848317392478,0.665007909396135,0.999486182046446,-4.96532745152823
"PABPN1",0.0287447512547168,22.3261649526931,0.285659227069514,0.779111455355916,0.999486182046446,-4.99984702285924
"METTL3",-0.0473423618993145,18.6604966011203,-0.820492336499834,0.424996967818706,0.999486182046446,-4.82412618285383
"LDB1",0.0276929289973218,17.1834785631678,0.212220157042181,0.834839928661396,0.999486182046446,-5.01103508499004
"PBRM1",0.0144994887537528,18.6995255784787,0.241074491380391,0.812816197164766,0.999486182046446,-5.00702839811366
"YRDC",0.0568682571037229,20.3537070853917,0.833616169939717,0.417792362443974,0.999486182046446,-4.81786227803424
"PRPF39",0.0296291086185967,19.039359477373,0.331523693642012,0.744912247247897,0.999486182046446,-4.99121245877934
"SAPCD2",0.0448341365951777,17.9757474637381,0.386085180827575,0.704945242103294,0.999486182046446,-4.97930772508566
"MTDH",-0.0412927541727974,21.5772723815398,-0.418242840527272,0.681794965961748,0.999486182046446,-4.97146780303954
"TLK2",-0.00615431660206411,19.0208070788116,-0.0670683929562962,0.947427887079726,0.999486182046446,-5.02348569722668
"ABCA12",-0.0342240753641114,17.5064351772388,-0.225338861952417,0.825941815501418,0.999486182046446,-5.00892217051207
"ZNF598",-0.0393457092336504,19.2173992859142,-0.405837689812856,0.690687869820549,0.999486182046446,-4.97456408794228
"GPAT4",-0.0776205063004269,17.5590955904496,-0.473209216847281,0.643488162827528,0.999486182046446,-4.9564069078045
"KTN1",-0.0167571755148259,20.59647085356,-0.237636915431451,0.815431842515647,0.999486182046446,-5.00753222452668
"SMG6",-0.00467257609912153,17.6946329790074,-0.0390724217094795,0.969356568139084,0.999486182046446,-5.02440023949944
"NLRX1",-0.00877614444912922,17.4743245131586,-0.0812632476649504,0.936324973365526,0.999486182046446,-5.02283783266938
"BCL9L",-0.0337769535407659,17.0713937502209,-0.241069694339546,0.812819845625955,0.999486182046446,-5.007029106175
"PHLDB1",0.0980121550963275,16.0000768450787,0.370587803011982,0.718142619639205,0.999486182046446,-4.98198123407372
"USP48",0.0384103660159454,18.0922867429486,0.565768845417792,0.580056364802555,0.999486182046446,-4.92782374371103
"CADPS2",-0.093073011623515,15.9379010679316,-0.359339310323152,0.724433418890448,0.999486182046446,-4.98536400763392
"STK32C",0.00298084758840744,17.2130492098801,0.0299392146310846,0.976516859288499,0.999486182046446,-5.02459425968669
"FERMT3",0.0919437003113899,16.7576560869425,0.435928804676491,0.67017778841114,0.999486182046446,-4.9664036921422
"NAA40",0.055181660879434,18.5005282072743,0.357103258017121,0.726071900846636,0.999486182046446,-4.98585115115805
"NT5DC3",0.035956111767117,18.9972256016761,0.461742336680404,0.651002442833274,0.999486182046446,-4.95990073933714
"CASZ1",-0.00648077196983721,16.8326133723507,-0.0753318705102255,0.940962845162363,0.999486182046446,-5.02312361052892
"AACS",-0.0223788277284456,20.9989453644604,-0.325749595700515,0.749189034062703,0.999486182046446,-4.99236875578753
"LUZP1",-0.0120367676723774,17.5584457214271,-0.106540610912669,0.916588902054012,0.999486182046446,-5.02137763307776
"ALYREF",0.296908615340044,22.590828585531,1.66776475899053,0.116694504778511,0.999486182046446,-4.26979681792969
"FHIP2B",0.0964941357389257,16.8925943229695,0.393917900015303,0.699277504156432,0.999486182046446,-4.97745413728641
"MDP1",0.336913213595711,17.8381023313876,0.923843096073147,0.370729357357851,0.999486182046446,-4.77236444901279
"KBTBD6",0.0756964990079467,18.4093845254335,0.608548546188464,0.552080455490454,0.999486182046446,-4.91285976178217
"IQGAP3",0.00935714291055945,18.8486218015074,0.153634685355382,0.879979910164366,0.999486182046446,-5.01761187556284
"ZC3H18",0.00412645812803092,19.3636660378426,0.0477844265037277,0.962529025670711,0.999486182046446,-5.0241673261391
"VPS36",0.0317008518856134,19.5830406613171,0.461619465557206,0.651088535461217,0.999486182046446,-4.95993496045677
"PACS2",-0.0966301048108456,17.4007524500471,-1.26692894989977,0.224819801421935,0.999486182046446,-4.56611080153648
"CAND1",-0.0386192639667797,23.2147142945479,-0.860357105684847,0.403359967822597,0.999486182046446,-4.80483202298252
"RETREG3",0.00362234842661024,19.7092873062416,0.0227377743160689,0.982166071868986,0.999486182046446,-5.0247109748551
"HOOK3",0.00701711556625995,16.8000693363506,0.0476974063092912,0.962597208758718,0.999486182046446,-5.02416988353136
"COMTD1",-0.242081187543462,18.1715938557883,-1.17204945108249,0.259874460428359,0.999486182046446,-4.62816314750096
"SESTD1",0.152392049165272,14.1522816510899,0.455535155772596,0.655834594467293,0.999486182046446,-4.961372259163
"COMMD7",-0.14554564864628,18.4454050904026,-1.32299611115072,0.205980319712493,0.999486182046446,-4.52781561706067
"MON1A",-0.0172661472736948,15.8242401581645,-0.102068894853358,0.920076586698923,0.999486182046446,-5.02166451578423
"TSPYL5",-0.0221634044493015,20.2921607673704,-0.186348973169891,0.854709703259902,0.999486182046446,-5.01419738137257
"SGMS1",-0.093183731226663,16.6926467634086,-0.479203832623486,0.638820387518018,0.999486182046446,-4.95494878881474
"NLRP13",-0.0793398030644212,20.8565905363922,-0.358084506902781,0.725833797582039,0.999486182046446,-4.98542194635617
"AMZ2",-0.00151592370914244,18.1470692441533,-0.0228404602873789,0.98208364815175,0.999486182046446,-5.02470959736494
"THOC6",-0.00157920675585643,20.1531526626443,-0.0228139905933373,0.982104407473062,0.999486182046446,-5.0247099693815
"METTL16",-0.017700340493338,18.269066836447,-0.253317073556309,0.803519767821707,0.999486182046446,-5.00517598362259
"PARG",-0.00906421532013013,18.9295462731691,-0.0997269965488221,0.921903816959577,0.999486182046446,-5.02180986270626
"PPFIBP1",0.0879340730585483,16.592464459781,0.464280061516218,0.649225475580452,0.999486182046446,-4.9591919984344
"BPHL",0.0488575059358176,19.1985199416357,0.505448455376031,0.620712351092258,0.999486182046446,-4.94717596152738
"LONP2",0.0586494186302211,18.5714251260777,0.753215183747471,0.463173903063171,0.999486182046446,-4.85485840413675
"SLC26A11",-0.289633251225311,16.7544634280797,-1.12313391202322,0.279328793624079,0.999486182046446,-4.6587407139394
"ZC3HC1",0.0701560777917933,18.1465008986538,0.913901008527766,0.375465940640497,0.999486182046446,-4.7776815603682
"OSTM1",0.201375946058535,15.0219725482879,0.602232082567557,0.55757795638445,0.999486182046446,-4.91433796330285
"CHD1L",0.0195281684424664,19.7976594937091,0.400001225324667,0.694888336391506,0.999486182046446,-4.97598962052907
"AMIGO1",0.158115629793668,13.9933177314267,0.320912490175512,0.752806289400756,0.999486182046446,-4.99331051924557
"FCHSD1",0.234406773846358,15.8454114442208,0.90040606699165,0.382369570097403,0.999486182046446,-4.78465611104271
"NR2C2AP",0.00713497035084742,19.1518837617898,0.0655343614073743,0.948628492179404,0.999486182046446,-5.02354829439291
"CCDC25",0.0201746259887123,19.7185922188034,0.173215445618247,0.864836616089013,0.999486182046446,-5.01564667059902
"PROSER2",0.108212066253055,16.316083352081,0.589527194924364,0.564428929001386,0.999486182046446,-4.91963906499076
"C12orf40",0.293385501232621,16.6885178663977,1.38819518378916,0.18568804844486,0.999486182046446,-4.48185279957462
"TTC30A;TTC30B",0.32716153135846,15.1016288987792,0.634220116422156,0.54084455990968,0.999486182046446,-4.90047163377538
"LDHD",0.0100983351695483,17.9033955197902,0.0368679871721898,0.971170447988323,0.999486182046446,-5.02444710477392
"RPS19BP1",0.0487471904820609,19.5159956902218,0.596012438424291,0.560202310121488,0.999486182046446,-4.91735024360951
"RALGAPB",-0.0143786877107708,18.6138197903694,-0.224205742727653,0.825673110247891,0.999486182046446,-5.00943210724015
"RALGPS2",-0.620214278218036,16.3552638154543,-1.03183905521363,0.319099222856205,0.999486182046446,-4.71297571062341
"LSR",-0.00356289194082393,19.0220335139586,-0.0452246005786804,0.964534854821596,0.999486182046446,-5.02424060806904
"CHSY1",-0.0219920619483638,16.8519863656249,-0.209792023652291,0.836700084888015,0.999486182046446,-5.01134919803757
"ERICH1",-0.390443949568089,16.0948348453328,-1.67139889182787,0.117234839122361,0.999486182046446,-4.26935378448441
"CARM1",-0.0478256277858371,20.669125503568,-1.07890919202923,0.297955409452411,0.999486182046446,-4.68551213146525
"NIT1",0.130238275605425,18.4578135663858,0.827910386024258,0.420914867034077,0.999486182046446,-4.82059626363183
"COMMD2",0.0639732050955111,19.6892858925415,0.639826576640958,0.532098011763521,0.999486182046446,-4.90127798706483
"HEATR5A",0.0153865774103679,16.3157428100403,0.166122778816979,0.870315918086373,0.999486182046446,-5.01638557529937
"NCAPG2",-0.028248445921804,18.4322402213507,-0.412327721911841,0.686029361951487,0.999486182046446,-4.97295544693052
"GAS2L3",-0.173511114241716,14.3148398162077,-0.723677371627226,0.480583948378205,0.999486182046446,-4.86760989091909
"FBXO11",0.0288028180431397,16.450461376044,0.0829620679377962,0.935003979671331,0.999486182046446,-5.02275116084958
"SFR1",0.301089617970954,13.1336882672174,1.18161795997743,0.256057674420753,0.999486182046446,-4.62207154510745
"ANKLE2",0.0970623252687268,17.5113599229337,0.854893288874147,0.406281782634374,0.999486182046446,-4.80752336900858
"PROSER1",0.207482999004661,16.3702240311538,1.03197499432555,0.318708399279531,0.999486182046446,-4.71299106476493
"DGKH",-0.0470743266740605,16.9538585557337,-0.3550308042966,0.727591742307404,0.999486182046446,-4.98630000425703
"DDX42",-0.021742906686665,23.5368061627963,-0.485194717111176,0.63466527446337,0.999486182046446,-4.95320931452865
"SPATS2",-0.0691114564587032,18.1807566288752,-0.774384469063044,0.450938304406352,0.999486182046446,-4.84543937377951
"VRK2",0.0685544539186367,16.8441283656828,0.372331473496928,0.714941118053674,0.999486182046446,-4.98247492647857
"CACUL1",0.0055959011126312,17.3676246073213,0.0386610078744719,0.969679056237327,0.999486182046446,-5.02441008358716
"NDUFA11",-0.122559368584866,20.0327827841422,-1.16171232753922,0.263806011750723,0.999486182046446,-4.63471097988595
"DNAAF5",0.00666230855277306,21.1004202044185,0.127412752334499,0.900334444700079,0.999486182046446,-5.01987632237167
"PTRH1",0.0232924077557897,17.999136114749,0.188489840861811,0.853061389608027,0.999486182046446,-5.01395116564235
"STX12",-0.0408127394846574,19.4144766111987,-0.453107071130796,0.657065407087711,0.999486182046446,-4.96228448026508
"PTOV1",-0.0331488241953011,16.4118360469696,-0.265834310671052,0.794046427446505,0.999486182046446,-5.00318835820678
"PDSS2",0.0177659892705364,17.555036371359,0.127068884276681,0.900601883822888,0.999486182046446,-5.01990322050593
"ANKRD13B",0.330973991157737,13.4619617665205,1.20297448176795,0.249290522224255,0.999486182046446,-4.60837213644831
"HOMER1",0.00178200745004631,16.4454416978555,0.0125518634256697,0.990153518293228,0.999486182046446,-5.02482169670475
"DOLPP1",-0.0584408854473928,18.8943343515217,-0.254733220907638,0.802508492613036,0.999486182046446,-5.00493439833679
"GATAD2A",-0.0960213576185041,18.5452452508346,-0.844837321231791,0.411695651964959,0.999486182046446,-4.81243790698729
"GPSM1",0.199034062305245,15.5851390498486,1.28837848075617,0.217457331378562,0.999486182046446,-4.55159838417677
"RAB43",-0.0203164769937025,17.8020583190517,-0.223495938771522,0.826215266416002,0.999486182046446,-5.00952946760348
"C2CD5",0.00559925637359981,17.794336658393,0.0355160723954281,0.972144401022233,0.999486182046446,-5.02448189207578
"MIB1",-0.148574974707437,16.4810121583774,-1.40466427328453,0.180828439210589,0.999486182046446,-4.47000890701296
"HPS6",-0.00306262321086237,18.4989015080595,-0.0348256362117437,0.972685680769204,0.999486182046446,-5.02449684192021
"DCP2",0.0542783789320431,18.3151550673653,0.587745377342656,0.565593153160317,0.999486182046446,-4.92026382167831
"IRF2BP1",-0.0760864236595751,19.4617802700554,-0.964751674350663,0.350220578582155,0.999486182046446,-4.75061834980037
"RHPN2",0.0414639443060167,18.9355679026833,0.502041794995549,0.623048902639957,0.999486182046446,-4.94820720731818
"ERC1",0.0490988430723966,16.9272195706027,0.352351545627308,0.729558340926724,0.999486182046446,-4.98687650070294
"H2AC21",0.106306741416994,20.9068043123047,0.539099647607264,0.598021805414509,0.999486182046446,-4.936545493481
"ZNG1B",-0.231464437268466,14.8335757101692,-0.964382509930337,0.350399477261472,0.999486182046446,-4.75081922450738
"RIOX2",0.0280492719541101,18.84447068658,0.231722439109728,0.819937461331989,0.999486182046446,-5.00838232251532
"RBM45",-0.00807269892338169,17.7870798451287,-0.104887898812604,0.917877721080233,0.999486182046446,-5.02148509252293
"ZDHHC13",0.0809297075552884,18.0179640275463,0.69138519585485,0.500061165851318,0.999486182046446,-4.88102285961667
"ZDHHC17",0.177474420798287,15.7176639254389,1.05014650009956,0.310552347347489,0.999486182046446,-4.70246781101086
"SPPL2C",0.304279099296465,18.470858193421,1.43965340060466,0.17102513514679,0.999486182046446,-4.44467550516422
"CRLF3",0.089965147021541,17.3349326275898,0.828590035170949,0.420542135370735,0.999486182046446,-4.82027146178644
"TRAPPC5",-0.0590602320480329,20.1694249549938,-0.94952112180831,0.357654518961263,0.999486182046446,-4.75885270177008
"ARMC8",0.00327343469172803,20.0921348671067,0.0425601253520532,0.966622948243352,0.999486182046446,-5.02431260299621
"RELL1",0.152495514213015,16.883383845218,0.760507848954597,0.458935894667686,0.999486182046446,-4.85163989149879
"TMEM126B",-0.0986309021646612,18.4110435074766,-0.980315430131302,0.342736509122125,0.999486182046446,-4.74209176160638
"PHYKPL",0.071500713010014,19.8936874473135,0.807691290228927,0.432101118543384,0.999486182046446,-4.83015217426824
"SYT12",0.127148972389332,18.0117809169463,0.768333848947283,0.458834244945014,0.999486182046446,-4.84581931021726
"PLD3",0.0564361323225491,21.019138291388,0.94551923917816,0.359625890229801,0.999486182046446,-4.76099818560991
"HID1",-0.0676154897129422,21.1771053318411,-1.17306989554637,0.259363416211453,0.999486182046446,-4.62751911651603
"ANKMY2",-0.242952621143377,16.739135191284,-0.619840942830678,0.546503042591717,0.999486182046446,-4.90779171721452
"ERI1",-0.0293876603889807,18.0244099100603,-0.147870133481438,0.884453023360999,0.999486182046446,-5.01814462987928
"LYSMD2",0.0125214304760242,19.0440918092726,0.105543615553169,0.917366350887951,0.999486182046446,-5.02144265839138
"VRK3",0.0424323312036599,16.6970586086981,0.320760220243978,0.752891468957392,0.999486182046446,-4.99335187644546
"ZNF584",0.0932432256277362,11.7342644767333,0.220470617463109,0.830052248557246,0.999486182046446,-5.00947342813233
"NUDCD3",-0.0665102343339399,19.3084987414485,-0.853588726615856,0.406981465383041,0.999486182046446,-4.80816377382523
"FOXP4",0.105984825842764,16.4537421863479,0.405189956137747,0.691153524202291,0.999486182046446,-4.97472328111811
"MMAA",0.0954447793896911,15.9957557190069,0.50388980822623,0.621780869647974,0.999486182046446,-4.94764861041149
"MAP4K3",-0.104935561719628,17.2568339215222,-0.779028596195586,0.448281290842141,0.999486182046446,-4.84334198410359
"P3H3",0.101828796191651,16.9353366854658,1.00865296189035,0.335304201631155,0.999486182046446,-4.72442645450306
"CCDC50",-0.120488392818409,16.949732811206,-0.998351503317577,0.336679059435256,0.999486182046446,-4.73125667392237
"FUNDC1",-0.358339867475895,15.6628026232533,-1.90869684312153,0.0790659222420049,0.999486182046446,-4.08207035112469
"ZDHHC21",-0.128196404731382,16.3330094454252,-0.556150874292723,0.586445930699306,0.999486182046446,-4.93104721724588
"MCAT",-0.102908342989551,19.3922199600127,-2.10310191471101,0.0530480271066565,0.999486182046446,-3.90077190347725
"MISP",0.0576926933891357,19.2566057715774,0.568808110279785,0.578044787196589,0.999486182046446,-4.92679433411888
"HERC6",0.268958579008963,17.792691882093,1.24769352143281,0.241544544822548,0.999486182046446,-4.5802824196855
"GID4",-0.108372016330357,15.840688819623,-0.391111361067425,0.703354766561434,0.999486182046446,-4.97714810654067
"VSTM4",-0.0304734004364349,17.0687501950959,-0.188924194902609,0.852727054527166,0.999486182046446,-5.01390087083887
"CEP97",-0.0983839649921059,18.2971222841512,-0.930053419878109,0.367315252274975,0.999486182046446,-4.76921833843128
"NAXD",0.0566719276798793,17.4060756557998,0.475811337638033,0.641178906754645,0.999486182046446,-4.95592464661676
"GLB1L2",-0.0529727646886684,16.7093780139152,-0.362819043057982,0.721886395261833,0.999486182046446,-4.98460002001567
"WDR75",0.0378449417834439,18.4422241039658,0.494122523689458,0.628496744854674,0.999486182046446,-4.95057881386818
"MFN1",0.0726805910333006,18.9085402621685,1.06986028165439,0.301877264158879,0.999486182046446,-4.69088567530391
"SLC44A2",-0.0544200141886542,20.5494650232257,-0.757324816514519,0.46078270268613,0.999486182046446,-4.85304808207933
"WDFY1",-0.0166509066458289,17.7898332115844,-0.133592439651393,0.895530431725234,0.999486182046446,-5.01938058241687
"TEX2",-0.00692414598902147,18.7270100004887,-0.113205996034286,0.911393592279309,0.999486182046446,-5.02092723837215
"MAP7D3",-0.0364332632235858,19.2729373715383,-0.307337245328677,0.762883148341715,0.999486182046446,-4.99592288909643
"CCDC117",0.00984774885555595,17.4653037798905,0.0300271656883452,0.976455008811526,0.999486182046446,-5.02459232176399
"PLEKHM2",-0.835032399751331,14.5704507520187,-2.56660099385739,0.0226329921359905,0.999486182046446,-3.50010978370737
"FOXRED2",-0.159551786284901,17.0853939350089,-0.620011362032316,0.545421067566234,0.999486182046446,-4.90827698374764
"DENND6A",-0.16378286281611,16.7006322547186,-0.877138854691956,0.394472973597215,0.999486182046446,-4.79647345180436
"MGA",-0.0779292608747788,16.8581052730143,-0.719548803370467,0.483048437395136,0.999486182046446,-4.86935561589569
"GCC2",-0.0757835680549448,16.4672877170379,-0.550718149007185,0.590662624431748,0.999486182046446,-4.93251681364257
"HSCB",0.0442393079688941,18.3173878416741,0.289327614835293,0.776357549786996,0.999486182046446,-4.99920281012451
"ZC3H7A",-0.0768602257542703,19.719398502544,-0.975548666608511,0.345016605183027,0.999486182046446,-4.7447152041426
"TRIM59",-0.0360354041584685,16.530139671092,-0.221993284555856,0.827363312113994,0.999486182046446,-5.00973457056411
"PHF6",-0.0366280366456273,20.1562408520667,-0.353458630498096,0.728745492053819,0.999486182046446,-4.98663880584967
"ZBTB8OS",0.0901080697525565,17.9708165374431,0.513661077014423,0.615096882939421,0.999486182046446,-4.94466262056467
"LRRC8A",-0.103343357040597,17.8337000899074,-1.35064149795844,0.197167945914197,0.999486182046446,-4.50851005731053
"SULF2",-0.0958326291647182,17.1989109315417,-0.639401048911262,0.532367131647401,0.999486182046446,-4.90143915432046
"UBR1",0.0396235168049017,18.1600935162699,0.453672168321381,0.656667873459781,0.999486182046446,-4.96212980835033
"UBR2",-0.0420765018859939,18.0240957449415,-0.613347848606927,0.548988073666189,0.999486182046446,-4.91111762010041
"ARHGAP12",-0.0843003742224511,20.865073707983,-1.56005720502723,0.139940472208109,0.999486182046446,-4.35393997455798
"CHERP",0.178111876241417,19.7192547282817,1.76647471700171,0.0979958629588599,0.999486182046446,-4.1891382222153
"CDAN1",-0.00512461214634641,17.4707831569494,-0.0498198654997422,0.960934282040989,0.999486182046446,-5.02410617856678
"ANKHD1",-0.036710319435528,19.458156309451,-0.543239577576731,0.595079658209169,0.999486182046446,-4.93529258519597
"SUGP1",0.0242632607556459,17.8059998622503,0.266667579817402,0.793416960899522,0.999486182046446,-5.0030526851562
"SUGP2",-0.13871027214218,17.9726668263593,-1.40972255708086,0.1793569540588,0.999486182046446,-4.46635275238326
"WWC1",0.171869135873534,15.9211881667869,1.0806477663044,0.297206222144047,0.999486182046446,-4.68447561555498
"UEVLD",-0.00179368735735252,18.9191165557812,-0.0278586655990302,0.978148292437479,0.999486182046446,-5.02463127716934
"ZFPM1",-0.0151290853476702,12.8737364633307,-0.0763059958814743,0.940274764457606,0.999486182046446,-5.02306992307797
"CCAR1",-0.0437299499565214,20.9632378677569,-0.690316143279476,0.500713803020563,0.999486182046446,-4.88145739662281
"HOMEZ",-0.188397996284071,16.4775195343277,-0.565047750295958,0.581203985987175,0.999486182046446,-4.92769357232783
"DHX40",-0.0369844249018634,20.0850186224126,-0.573820791833909,0.574735014681626,0.999486182046446,-4.92508521555929
"SKA3",0.144977767863246,16.2167215550675,0.594420167677505,0.561238468154126,0.999486182046446,-4.91791436455039
"DNAJC10",0.0518317471713985,20.1501538059122,0.781180340119081,0.447053562793976,0.999486182046446,-4.84236643942643
"NELFCD",0.0339209625082972,20.4795373840756,0.357854466790417,0.725521292778048,0.999486182046446,-4.98568782461811
"RHOT2",-0.0647339396843911,20.7468448847997,-0.984689944486765,0.340653415469264,0.999486182046446,-4.73967492931035
"RHOT1",-0.0163706454651908,19.2665602804581,-0.19609032490945,0.847215339707445,0.999486182046446,-5.01305449769964
"SIRT2",-0.155209393977898,18.1208785172702,-2.14299997064249,0.0492140523253564,0.999486182046446,-3.8654007567799
"PHC2",0.0409526464964607,18.7462880595583,0.288791962035776,0.776759478644892,0.999486182046446,-4.99929738149518
"GALNT12",-0.78203525054116,17.2620080833898,-1.46709047635122,0.167136002565088,0.999486182046446,-4.42751375080891
"BAP18",0.0960020390238618,17.8760014512636,0.634183756924331,0.53567292253649,0.999486182046446,-4.90340713764252
"MRPL41",0.0986357973378844,19.7809079564137,1.07443119500411,0.299891482280263,0.999486182046446,-4.68817578775
"NRM",0.118581196933185,18.7894898229449,0.59968925515682,0.557893591272313,0.999486182046446,-4.91599718052855
"GPALPP1",-0.0584223253126837,17.0043614671574,-0.382699972843343,0.70740040515702,0.999486182046446,-4.98009763151915
"PARP9",-0.0378512163024958,18.5264722343959,-0.447516166455786,0.663385190121582,0.999486182046446,-4.96258375872409
"HYCC2",-0.0822574655602466,15.8275471420215,-0.480105766315382,0.638194025073928,0.999486182046446,-4.95468823014692
"RBM12B",0.0678333780989071,20.0135175666103,0.7918235466122,0.441011956107098,0.999486182046446,-4.83750607311313
"SLC35F2",-0.00319863772865858,16.3235157081185,-0.0217523924009617,0.982936995322089,0.999486182046446,-5.0247245339894
"RPAP2",0.0906486359965371,15.4138310627933,0.644628498243375,0.529066376405535,0.999486182046446,-4.89945242069264
"TMEM183A",0.721714484813852,15.427783008282,2.47908892305915,0.0267836112426024,0.999486182046446,-3.5781618958173
"ZC3H3",0.13441888747966,16.003065304133,0.892418253432224,0.386496163888207,0.999486182046446,-4.78874285784468
"PNPLA6",0.0636552494520117,17.9048873520189,0.760962118646604,0.458672699549889,0.999486182046446,-4.85143849054522
"SMC5",-0.0151708238859847,16.8085926324697,-0.145428385620129,0.886341279068841,0.999486182046446,-5.01836579521965
"DDX60",0.0241686107058463,18.3316170155943,0.0992209550369953,0.923023304981533,0.999486182046446,-5.0217356208115
"CMIP",0.080333232567213,16.7714988496038,0.378408369195208,0.710905216479315,0.999486182046446,-4.98090908867614
"PLPP6",-0.0701883178729688,17.8105801789867,-0.574066050675755,0.574573329560909,0.999486182046446,-4.92500123147908
"MICALL2",-0.0851617519386281,16.5473203375127,-0.601335336757351,0.556745922815847,0.999486182046446,-4.91545419654691
"DHX37",-0.0278161883506129,19.6780462817004,-0.590092922763646,0.564059553916325,0.999486182046446,-4.91944033494339
"KBTBD2",-0.0496721955170081,18.0053066703612,-0.530244730178888,0.603833497919244,0.999486182046446,-4.93947031670785
"YAF2",0.143165050435776,14.9317137108667,0.300757130622004,0.767829876937907,0.999486182046446,-4.99713096486846
"RAVER1",0.00823388153404991,20.4185737188784,0.118825136281233,0.907017012138931,0.999486182046446,-5.02052636795064
"FTSJ3",0.0861383460791956,21.9440134239897,1.56373134719404,0.139076942018749,0.999486182046446,-4.35110643701063
"TMEM192",-0.0778401157491047,19.8991508601406,-0.941363434462756,0.361681049111719,0.999486182046446,-4.76321817195294
"CKAP2L",-0.59863656747569,15.080112253106,-1.89496778565035,0.077868590942461,0.999486182046446,-4.08149887651171
"MB21D2",-0.0188712195842982,19.4160493677253,-0.167780235110037,0.869034855472534,0.999486182046446,-5.0162156542097
"SRRM1",0.0619752703845897,19.5093736180198,0.652606450628078,0.524051122361446,0.999486182046446,-4.8963916165615
"SMAP1",0.0231969893100619,20.1049158643716,0.202898467601603,0.841986595814086,0.999486182046446,-5.01222144026798
"DIS3L2",0.0866729658502798,17.1167858160552,0.877701627430108,0.394177231782108,0.999486182046446,-4.79619074538523
"SUPV3L1",-0.0902780546239406,19.9770623738652,-1.20438827392721,0.247409657883043,0.999486182046446,-4.60741619873457
"ZNF595",0.229974328407117,15.8579943708499,1.15533685762103,0.267634381559233,0.999486182046446,-4.63863049723048
"GSPT2",-0.0148788289401303,22.7079058121125,-0.112074203434943,0.912279193058673,0.999486182046446,-5.0210050333969
"EXOC8",0.0512627977875901,19.3466108581591,0.891912900651489,0.386758241005679,0.999486182046446,-4.78900036390809
"SYTL1",-0.0688070062482105,18.2679903457943,-0.350118714500098,0.733070001916276,0.999486182046446,-4.98652576100406
"C1orf174",-0.0942749188963141,15.7592638723339,-0.320837797173961,0.75315742922686,0.999486182046446,-4.99320248216301
"FAM186B",0.189601131210186,16.9995377053764,0.911815753517734,0.378782536571953,0.999486182046446,-4.77780222805481
"THNSL1",-0.0678330334120432,19.7547508200417,-0.964902976518198,0.350147275381749,0.999486182046446,-4.75053600281176
"SMYD4",0.135813998165435,17.0307070141296,0.878218856658402,0.393905554164333,0.999486182046446,-4.7959307804372
"PM20D2",-0.0908028722795997,19.5524164427144,-1.19636945431077,0.250429070825652,0.999486182046446,-4.61260101038017
"KIAA2013",-0.0292354123606806,18.670898289731,-0.39913210121406,0.695514729714474,0.999486182046446,-4.97620018844191
"CMTR2",0.0308808241334368,15.9825697884483,0.200895589565494,0.84352404580336,0.999486182046446,-5.01246944509872
"MICU2",0.0872080144848297,17.9372613621799,0.821113953076586,0.424653918843333,0.999486182046446,-4.8238314493225
"RNF168",0.202604930381028,13.1121324575911,1.33978502288627,0.200591647009379,0.999486182046446,-4.51612408763705
"ANKRD13A",-0.0193117753755025,16.6115230284889,-0.10216592943763,0.920099870919672,0.999486182046446,-5.02164370942541
"ZBED8",0.0355956605745398,15.2161905879419,0.219173945741474,0.829518418372816,0.999486182046446,-5.01011569445015
"PHACTR4",0.164586815554614,17.3817161767891,1.01743564591656,0.325344898156103,0.999486182046446,-4.7213041901832
"RASEF",0.0992995786486155,14.9173176174812,0.793281292977671,0.44018850643598,0.999486182046446,-4.8368358477684
"CHPF",0.181997796893356,17.5596276772839,1.87423051390329,0.0808434502692998,0.999486182046446,-4.09909816748359
"TRMT2A",-0.0434627305524451,17.8360507805616,-0.311572011412481,0.759726096534951,0.999486182046446,-4.99512341230191
"RPUSD2",-0.0387045968136341,18.5597133833704,-0.666284953011079,0.515515261989295,0.999486182046446,-4.89106327379907
"ELMOD2",-0.0369044935488922,18.138354829118,-0.33830596957585,0.739899798802573,0.999486182046446,-4.98982887499833
"ALDH16A1",-0.075860583873439,19.0820284537767,-0.765056137556872,0.456304922771461,0.999486182046446,-4.84961856700443
"KIAA0319L",0.018891882672321,18.0514793062054,0.293510581192256,0.773221130346442,0.999486182046446,-4.99845836326224
"DCP1B",0.115531789395209,16.4492578723673,0.859960405873009,0.403571636981389,0.999486182046446,-4.80502792621591
"SCYL3",0.248636769798043,17.2794211488748,1.66181065177324,0.117649267451862,0.999486182046446,-4.27407560056962
"XRN1",-0.00536140735193769,19.7725517083181,-0.0785861208475676,0.938417991601756,0.999486182046446,-5.02296949580612
"PELP1",-0.0456437088058586,20.8982583009132,-0.892515909903257,0.386445532819154,0.999486182046446,-4.78869308196041
"ZNF654",-0.012958848365793,15.952862956596,-0.106154512417617,0.916889968096471,0.999486182046446,-5.02140288729327
"ABI1",0.0235083441878565,19.3793053270726,0.170710188664424,0.866771199420998,0.999486182046446,-5.01591117358868
"WDFY3",-0.0563557851681722,16.1497024004105,-0.52482669721852,0.60750209391501,0.999486182046446,-4.94118389023431
"SELENOH",-0.162751217368669,15.3165964430844,-0.2665906311262,0.794966905752669,0.999486182046446,-5.00252847507488
"CMTM4",-0.231559143108308,16.235812278416,-1.52173869662023,0.149220559256189,0.999486182046446,-4.38325578130754
"ASPM",-0.012613128558506,15.958143751953,-0.0488218836530636,0.961763286104871,0.999486182046446,-5.0241330963414
"CMTM8",0.161417792807104,15.7081146837014,0.708317665330121,0.4914949042719,0.999486182046446,-4.87311806741571
"CENPL",0.16114781598673,15.6833336624465,0.451726122389363,0.658529727402357,0.999486182046446,-4.9624081932904
"RBIS",-0.0406190531227875,15.881328259689,-0.21628167164895,0.831730749616485,0.999486182046446,-5.01050166245798
"FAM185A",-0.0319907352073621,16.4331796403548,-0.131730358713769,0.896977554261307,0.999486182046446,-5.01953242303955
"VKORC1L1",-0.119693938236786,20.525099077953,-0.680777857939898,0.506660744024535,0.999486182046446,-4.88525028450935
"RBFA",-0.104312732531625,17.1360823038083,-0.530660207042199,0.604119608477254,0.999486182046446,-4.93902686225343
"FCSK",0.12781224179259,18.3135329831664,1.64142404976936,0.121852540183992,0.999486182046446,-4.29030128570403
"SPART",-0.0723779653679877,18.2346931387628,-0.784904671868742,0.444933555417132,0.999486182046446,-4.84067229152922
"ZNF444",0.00716594093299605,17.0578333001499,0.0356711207038092,0.972022850077314,0.999486182046446,-5.02447849451004
"TTC5",0.0157720088970272,18.8628987779223,0.274451278952932,0.787544249278646,0.999486182046446,-5.00176512155739
"PUSL1",0.0122259385981209,15.4067470612858,0.0641419665351325,0.94971835740228,0.999486182046446,-5.02360385909622
"MIER1",-0.236385266210089,16.0658067071657,-0.770839893618665,0.453843901087555,0.999486182046446,-4.84657183685342
"RPTOR",-0.00166035488832961,19.0925015274676,-0.0214648346103348,0.983162524076549,0.999486182046446,-5.02472835972125
"FAM177A1",0.0545732509543804,17.0334732690748,0.160734275508896,0.874506521648806,0.999486182046446,-5.01692108820419
"ORMDL3",0.0569295224556932,16.8021961515263,0.15661944859796,0.877690868348755,0.999486182046446,-5.01732239601186
"ADSS1",0.0928872490070773,16.5982125524642,0.737975931186912,0.472107330566816,0.999486182046446,-4.86149438923926
"CCAR2",-0.00667262179724659,21.3922267575715,-0.165287657189285,0.870961533649553,0.999486182046446,-5.01647055557595
"NDUFAF2",-0.00369868908436288,19.8190485956325,-0.025389581723635,0.980085608969108,0.999486182046446,-5.02467170928633
"C4orf33",-0.181773710674545,15.5211713540924,-0.49213651589635,0.636417204515907,0.999486182046446,-4.94765928936236
"VPS52",-0.104071011165974,18.8972266422427,-1.52495558454317,0.148422009888419,0.999486182046446,-4.38081145652862
"NUP93",-0.0548778534546308,22.4366448821988,-0.946344785753253,0.359218600962188,0.999486182046446,-4.76055621429384
"STK11IP",0.0417135159076167,18.5312738481543,0.589029007812271,0.564754311824083,0.999486182046446,-4.91981392173384
"ZNF687",-0.0725908887151121,19.1721302176754,-1.13385535626244,0.274947400943247,0.999486182046446,-4.65212496876156
"CMTR1",0.0152292751888297,19.2260586487178,0.297575006058026,0.770177506944707,0.999486182046446,-4.99772494814199
"LRRC47",0.00172278386403235,21.7292575056129,0.0293507320380026,0.97697829892747,0.999486182046446,-5.02460500032045
"SLC39A11",0.0564471599544625,19.0976926713316,0.559121168259618,0.584468813087426,0.999486182046446,-4.9300572676795
"ARHGEF28",-0.0574560856328752,14.8454828790964,-0.322220077547758,0.752507989204072,0.999486182046446,-4.99277410995771
"INTS1",-0.00406562144156908,19.2304044233962,-0.0835164406476528,0.934563768966631,0.999486182046446,-5.02272360543693
"PLD6",-0.099243340836459,17.5081082821247,-0.795411956592944,0.438986693669414,0.999486182046446,-4.83585427942064
"ARMC10",0.00387461411848022,18.8746006630106,0.0553069782724928,0.956636070521415,0.999486182046446,-5.02392863968609
"PYROXD2",0.051163679480787,17.2812329886823,0.258697527575019,0.799700812741295,0.999486182046446,-5.00424321152072
"SYS1",-0.304057652343591,18.8219020011615,-2.44255399835369,0.0276775038927192,0.999486182046446,-3.59477136871392
"ABHD12",0.0363453589122003,19.9017288464738,0.723077879761327,0.48094133627259,0.999486182046446,-4.86786393943625
"CLASRP",-0.238334198234,16.0147229079832,-1.5395049696843,0.144855187168749,0.999486182046446,-4.36971755703346
"TMEM256",-0.586409326920759,18.8853203740534,-1.58582604262243,0.134401427898045,0.999486182046446,-4.33459109927879
"SLC66A2",0.35399477268699,15.6014714098476,1.42922391924086,0.17377564549072,0.999486182046446,-4.45217694856998
"PIAS4",0.0605852153885493,18.9415201851301,0.416540909172575,0.683012184446831,0.999486182046446,-4.97189793581955
"AGGF1",0.13828674908272,16.6167221793036,1.27793718618923,0.221017037453567,0.999486182046446,-4.55868444390049
"GPD1L",-0.0835400628020366,22.2216211366003,-1.12430594084841,0.278847297945583,0.999486182046446,-4.65801986507291
"SLC35F6",-0.185317569051627,17.7141859327837,-1.66209329797598,0.1175918849548,0.999486182046446,-4.2738498818784
"KDM8",0.12573186537279,14.5716031709966,0.549576486712577,0.592105898565497,0.999486182046446,-4.93251570459651
"ARHGAP18",-0.0760921102744128,16.6202628964302,-0.456783450806841,0.654481078277849,0.999486182046446,-4.96127490763259
"ASCC3",-0.040191895813745,20.0299066003173,-0.724821994413513,0.479902023948452,0.999486182046446,-4.86712430331371
"EHBP1L1",-0.116325114467751,15.5505613723941,-0.708558123683997,0.489645987911892,0.999486182046446,-4.87395890554265
"PLCD3",-0.0218547392496546,17.2356681044255,-0.245302778929274,0.809602064531004,0.999486182046446,-5.0063988697276
"MICALL1",0.31121225214029,17.3289048413113,2.20178256591901,0.0440307750988545,0.999486182046446,-3.81294078968431
"VPS8",0.0828857013633915,18.3724579323225,0.883780214603199,0.390992330826335,0.999486182046446,-4.79312729450425
"PALS1",0.0393558276393158,18.967814585415,0.702841669814998,0.493098575084926,0.999486182046446,-4.87632779072563
"PHTF2",0.170675651641046,13.2512195853974,0.699296701135612,0.496925954111459,0.999486182046446,-4.87685705617541
"STAG2",-0.0147975706421697,19.3523698120059,-0.260036190025643,0.798430512178015,0.999486182046446,-5.00412080936917
"FNBP4",-0.0407092194832437,18.6831044132284,-0.328113954403161,0.747436749799566,0.999486182046446,-4.99189768452743
"GTPBP8",0.023946898762162,17.1980627662666,0.160492089264888,0.874827334312543,0.999486182046446,-5.01691444444768
"ZCCHC7",0.370331114820086,11.0274452792973,1.02826681406571,0.3215733475982,0.999486182046446,-4.71477901292774
"GUF1",0.122908810945017,17.9243847846993,1.42577700222062,0.174751614154792,0.999486182046446,-4.45469175555096
"RIBC1",0.0396523350737823,18.6523586757512,0.32317042795732,0.752244628025899,0.999486182046446,-4.99240179695123
"LNX2",0.204202529950511,12.8518069884414,0.730909783690546,0.478051253750787,0.999486182046446,-4.86356719542337
"D2HGDH",-0.0400249980353919,18.2657829942534,-0.412970196117403,0.685568909785702,0.999486182046446,-4.97279485771023
"RYBP",0.0432337862840058,16.604233409931,0.263911226367389,0.795499724989493,0.999486182046446,-5.00349987630872
"PNKD",-0.028516382176381,17.9663426220312,-0.0791069771353118,0.93803197281282,0.999486182046446,-5.02294176954612
"GALNT4",0.121148367517915,16.6774390777598,0.679064062164726,0.50761315584426,0.999486182046446,-4.88599383657234
"FBXO39",-0.088488879174168,17.9834545697456,-0.278453070003591,0.784896849074081,0.999486182046446,-5.00095258789116
"MINK1",-0.197709528317013,16.8165382541252,-1.00641815909122,0.330439547148218,0.999486182046446,-4.72753987008814
"TOMM5",-0.135487503843809,18.8092150046337,-0.384975808717058,0.70585906790445,0.999486182046446,-4.97951579350343
"CARNMT1",0.000727965026317889,17.3372736206057,0.00635962852192882,0.995010998064239,0.999486182046446,-5.024857748021
"HDDC3",-0.0205641760188655,17.4013760276872,-0.128640500887169,0.899379680671124,0.999486182046446,-5.01977969388281
"PTGR3",0.00893177150544133,19.3963085260438,0.0556935935410603,0.956337910777293,0.999486182046446,-5.02391505304793
"CHCHD4",0.0092695755303005,17.7356998972757,0.0331106089505371,0.974034990104022,0.999486182046446,-5.02453247722083
"MARVELD2",-0.13956162335921,15.8309859767151,-0.803263272049012,0.445754817804656,0.999486182046446,-4.82655322269394
"CBR4",-0.0424565044328631,19.2893520558354,-0.579980763590953,0.570681312498447,0.999486182046446,-4.92296567050748
"MMGT1",0.0280402643459325,19.1282842123785,0.122131913848524,0.904475825060724,0.999486182046446,-5.02027560049412
"TMEM199",0.059323763624878,19.4189212054178,0.779870819652789,0.447800488757346,0.999486182046446,-4.84296042601303
"FBXL6",0.109113689556402,16.5283860711888,0.561029224373927,0.583805004472407,0.999486182046446,-4.92908203949077
"OGFOD1",0.0313404674997457,19.5964474547103,0.319981569505377,0.753469846938601,0.999486182046446,-4.99350396231072
"AFAP1",0.00490382851044124,16.1048555862121,0.0359997745319476,0.971765202540143,0.999486182046446,-5.02447124381286
"MREG",0.144463636456216,18.4410407926862,1.08914866670914,0.293563031968387,0.999486182046446,-4.67938857228762
"OXR1",-0.0273157900040246,18.3592356273093,-0.41652942312691,0.683020402345971,0.999486182046446,-4.97190083295235
"TTC39C",-0.135494169859093,18.217487904689,-1.32524412440733,0.205252116612195,0.999486182046446,-4.52625603370761
"ZGPAT",0.0962750204922251,18.1250307323918,1.03688277574246,0.316490471227464,0.999486182046446,-4.71016347937204
"CERS5",0.128925623821011,17.1810627372727,0.210958823693524,0.836330599973206,0.999486182046446,-5.01104448983526
"SRBD1",-0.0118360745943669,18.5457448478204,-0.207744584726246,0.838269381462246,0.999486182046446,-5.01161127765801
"TAB3",0.0938171601277134,16.0372218402992,0.79240952391774,0.440680832976375,0.999486182046446,-4.83723679023522
"WDTC1",0.0149599644177556,17.5571400914532,0.105626662769,0.917301588003674,0.999486182046446,-5.02143726523666
"NKAP",0.0965214747775107,16.7067506748774,0.84889634903248,0.409504709531902,0.999486182046446,-4.81046024699052
"MACO1",-0.025387954675697,16.4212447698844,-0.230101009550286,0.821173813233106,0.999486182046446,-5.00861167049143
"ARRDC1",-0.0713332252680878,19.1280246142229,-0.559858871101918,0.583978307069027,0.999486182046446,-4.92981063456047
"DHRSX",0.214913265452983,16.5301248033658,1.70261465269055,0.109612484498713,0.999486182046446,-4.24127971677674
"NOPCHAP1",0.0596423490338722,17.8146701996559,0.280223189706753,0.783210432891437,0.999486182046446,-5.00078212604069
"MINDY1",-0.236946356087998,16.3411218909096,-0.696967834492444,0.500741301552921,0.999486182046446,-4.87648289533549
"CISD2",0.030167224383181,21.3140282867177,0.310635779843458,0.760423686272154,0.999486182046446,-4.99530108704645
"RPP25L",-0.15478030805831,18.5059381692746,-0.543268984341686,0.595221622333913,0.999486182046446,-4.9351936319018
"ATPAF2",0.0205469293307807,20.0986910344847,0.229712073765922,0.821470452732754,0.999486182046446,-5.00866644764396
"TTC9C",-0.0650772428384201,19.533259479859,-0.9215680296663,0.371581796640038,0.999486182046446,-4.77367993813791
"JAGN1",-0.0716447046494118,20.0184836919993,-0.732109183039175,0.475574270997372,0.999486182046446,-4.86401662435703
"MRPL50",0.237207706358383,18.1204381576405,0.825449378152096,0.422527419013053,0.999486182046446,-4.82164032758385
"ZC3H8",-0.0100744684829976,17.5191104706812,-0.0671154547988551,0.947391056341816,0.999486182046446,-5.02348375395907
"CAMKK1",0.239301797093256,14.7800908749567,1.01096765997726,0.33646078410277,0.999486182046446,-4.72245145305505
"RNF10",-0.132636258943338,14.3258775861924,-0.653072659006085,0.524479250659967,0.999486182046446,-4.89580646316049
"MSL3",0.123587224120971,16.7446860760517,0.602214392134305,0.556176220218141,0.999486182046446,-4.91513956065618
"PARP16",0.392852994363279,16.3206724470209,1.88586823928798,0.0791616516621462,0.999486182046446,-4.08923164396592
"AADAT",0.195525230622295,15.7902674756857,0.741572638200364,0.472907914273633,0.999486182046446,-4.85836112332217
"COMMD1",0.0594836460392365,16.9018133224746,0.511804122265094,0.61636443604925,0.999486182046446,-4.94523428008978
"ZBTB2",0.0883950055169684,15.8900646154387,0.411976911734015,0.686280837006085,0.999486182046446,-4.97304303135432
"CPSF7",0.0331577418604923,21.6644054090823,0.410846777476941,0.687091224146619,0.999486182046446,-4.97332469388773
"SLC5A8",0.221567504212626,15.7446755637633,0.792358824884127,0.455089531577424,0.999486182046446,-4.8299043791607
"SLC15A4",-0.155835736592351,17.1141873070466,-1.25080886474127,0.230481307146126,0.999486182046446,-4.57690252779312
"ARFGAP2",-0.0446547494013103,20.8734396597163,-0.657146172603704,0.521209329279265,0.999486182046446,-4.89463445997298
"KRTCAP2",-0.220982525025203,18.2646480201652,-0.98199051024661,0.342081944303811,0.999486182046446,-4.74111679653733
"OTUD6B",0.0217368678909899,20.2631665510788,0.192458051346983,0.850008033032593,0.999486182046446,-5.01348740563472
"FITM2",-0.385908293903864,18.5538866478823,-1.30137602550238,0.21348500478468,0.999486182046446,-4.5428320496084
"METTL25",-0.169741513936545,15.470293087741,-0.53214752811641,0.603116512646215,0.999486182046446,-4.93855193857704
"METTL13",-0.0427647341490029,20.6574075189887,-0.840926949486734,0.413813604042541,0.999486182046446,-4.81433535863858
"ARL6IP6",-0.201180745239942,17.177804611917,-1.49322083118634,0.157966836036129,0.999486182046446,-4.40625058845197
"ARFGAP1",-0.0584901833953637,21.16257292866,-0.70544212382094,0.491526185935157,0.999486182046446,-4.87525232536432
"SIRT6",0.0411437949436433,17.5134540569953,0.279413253416493,0.783807423282068,0.999486182046446,-5.00092526943145
"SLC66A3",-0.0154190661226146,15.4708587977849,-0.0579002063142867,0.9547256667291,0.999486182046446,-5.02382803876925
"EMC1",-0.00210435537152875,22.0012481185213,-0.0427309821892939,0.966489043564523,0.999486182046446,-5.02430811748481
"PAF1",0.0682906832508294,20.3143389641597,1.0210650299362,0.323679029786854,0.999486182046446,-4.71923796592516
"UBR7",0.00880082729568699,18.6562590318416,0.0763490566355496,0.940167323404635,0.999486182046446,-5.02307613799142
"DDX51",-0.0591559111064903,19.4722237297009,-0.84347633708858,0.41243198708658,0.999486182046446,-4.81309917190432
"FAM241A",-0.104584201766418,17.4676371498283,-0.549435671762746,0.590928356421302,0.999486182046446,-4.93326697637101
"PTGR2",0.0577745562147953,19.7667282030268,0.517227580879238,0.612665953681417,0.999486182046446,-4.94355916607415
"SLC25A29",0.018430553097847,19.655792178112,0.212188535793975,0.834864146688885,0.999486182046446,-5.01103919867086
"C2orf69",0.0264250480586803,17.2404428883728,0.307431098891378,0.762813132295773,0.999486182046446,-4.99590528696982
"ARL14EP",0.00882171519598174,18.1711821165719,0.107171864722531,0.916096700993291,0.999486182046446,-5.02133614650262
"ENAH",0.016130096372887,18.9958602538256,0.187133807950945,0.854105355349785,0.999486182046446,-5.01410744385637
"CDYL2",0.030080290482811,16.6431232130284,0.248938424744776,0.806841259541246,0.999486182046446,-5.00584892685742
"GPATCH11",0.130301272806038,15.5355192259983,0.256735236020717,0.801251912220658,0.999486182046446,-5.00453046778511
"MRPL43",0.00809589696887159,20.4836565303292,0.0446131636874152,0.96502036930111,0.999486182046446,-5.0242570979943
"C12orf29",-0.00655457300036133,18.1103640224906,-0.0973123435167725,0.923788289740496,0.999486182046446,-5.02195619932876
"JMY",-0.0550843029725421,17.0956294999662,-0.251463584188171,0.80492528663674,0.999486182046446,-5.00546225639089
"GDPD1",0.197311821112521,16.2928970655141,0.872521995869285,0.401990983491636,0.999486182046446,-4.7964440706396
"DTX3",-0.446803161347173,15.0737035979851,-1.41869468180522,0.187151362061204,0.999486182046446,-4.46651974844714
"C19orf47",-0.0171657143541175,17.8358922882575,-0.217942523759709,0.83046016482969,0.999486182046446,-5.01028064621395
"TMEM102",0.177023725737833,16.7904768158266,1.86679085165907,0.0819352784826882,0.999486182046446,-4.10539172637364
"ASCC1",0.0653290962204665,19.577959748117,0.748861812709896,0.465715237437661,0.999486182046446,-4.85676648752622
"BANP",0.0525086573420275,16.3453505323208,0.347715141564033,0.732966140265206,0.999486182046446,-4.98786404240274
"LRRC57",0.0129471667570975,19.6157094448127,0.146701588983805,0.885353773709138,0.999486182046446,-5.01825152518026
"EIF1AD",0.030774313683807,18.6067227031624,0.257797010831969,0.80012549410657,0.999486182046446,-5.00447548114332
"SCAI",0.0580710376825557,16.6507576904087,0.418062369526639,0.68192399525299,0.999486182046446,-4.97151349422164
"KRI1",-0.00956660855560187,19.1134511150526,-0.0979772326104261,0.923269341296862,0.999486182046446,-5.02191626182974
"WDSUB1",0.0365254103120929,14.9599700569877,0.188858754427062,0.852962565343482,0.999486182046446,-5.01385921828794
"POC5",0.142022053438929,14.3645362962818,0.238031020285866,0.816441486408425,0.999486182046446,-5.00704625108453
"ZNF579",-0.0913655662063135,18.786218340364,-0.637788358116768,0.533387748899083,0.999486182046446,-4.90204905746792
"PRPF38A",0.0622281138566265,20.6991782621944,0.50810502775174,0.618893194885992,0.999486182046446,-4.94636717428281
"USP38",-0.268689716891247,16.002809553326,-1.97759134044018,0.0669699507378709,0.999486182046446,-4.01059502063224
"ZNF511",-0.237841759651637,16.4778121932482,-0.996119635599046,0.335253057814316,0.999486182046446,-4.73331855463864
"MLKL",-0.0100629608266516,18.0237026554412,-0.110500587421108,0.913501822649758,0.999486182046446,-5.02111333542145
"GATD1",0.109290058604849,19.856084317914,0.858459754054516,0.404373011784344,0.999486182046446,-4.80576829128557
"ANKRD52",0.0908058281970341,18.8966171180902,1.43522074270565,0.172088405137599,0.999486182046446,-4.44779243992727
"ATP11C",0.0268056874312457,18.0043475845361,0.238472859772961,0.814795563559607,0.999486182046446,-5.00741036334866
"ZFP62",0.0148030224474613,16.0036090732589,0.0848768336177203,0.933500590784565,0.999486182046446,-5.02265312896855
"KDM1B",-0.0439290258195548,17.8909574218579,-0.407448722052993,0.689530262967648,0.999486182046446,-4.97416707748064
"SPATA5",0.0262169740020539,19.1868790993237,0.442661540718905,0.664432811358416,0.999486182046446,-4.96511012510644
"DTWD2",-0.125547308266214,18.2800436500393,-1.05879697680065,0.306723541789436,0.999486182046446,-4.69740664496602
"NHLRC2",0.0135142933494414,20.1423423694719,0.226525504253859,0.823901892317789,0.999486182046446,-5.00911178465126
"AVL9",-0.0348934465692565,20.4123221685243,-0.5700757120636,0.577206880321945,0.999486182046446,-4.92636346309854
"XXYLT1",-0.0738079781853571,17.8442388852537,-1.01110306670947,0.328266245662857,0.999486182046446,-4.7248950518301
"GOLM1",-0.293473437326924,16.7282729034728,-2.82751914654987,0.0167848129022027,0.999486182046446,-3.36645703667823
"COLGALT1",-0.0469096012053711,21.1542777245936,-0.815988158331533,0.427488007289879,0.999486182046446,-4.82625595834362
"SUMF2",0.00863020254351099,17.1235824421175,0.0309839177367816,0.975700287041536,0.999486182046446,-5.02457454977284
"SIDT2",0.137953518593051,16.1647924067769,1.11172851603906,0.284046999910792,0.999486182046446,-4.66572512640865
"SUMF1",-0.0571566214665538,18.4643393590531,-0.458474119984132,0.653294145077356,0.999486182046446,-4.96080800244282
"POGLUT1",0.00710117687849987,19.3919331196862,0.108341066546205,0.915185145239826,0.999486182046446,-5.02125865958009
"UBAC2",0.0809898648295615,17.7159011844752,0.858875542630306,0.404150868047609,0.999486182046446,-4.8055632686586
"PCYOX1L",0.0188849140306715,19.1883079884198,0.139210510770773,0.891166676232646,0.999486182046446,-5.01890959562798
"TMEM87A",0.0204552136937615,18.9457602042149,0.216670296894499,0.831433399923844,0.999486182046446,-5.01045009668935
"RDH13",0.0173841236585446,20.2900558641995,0.241855458705155,0.812222280676617,0.999486182046446,-5.00691293863053
"TTC13",0.249774089776682,16.8858367931728,1.85734096754401,0.0848077458320344,0.999486182046446,-4.11843745901338
"MFSD9",-0.14889149157217,12.4521994197661,-0.555171398471426,0.587695829882338,0.999486182046446,-4.93104069535255
"TXNDC5",-0.03028843265486,22.5613596548873,-0.328134527179997,0.747421509117899,0.999486182046446,-4.99189357099562
"SPC24",0.0270090031176586,18.1259640469099,0.0940588042329938,0.92635347792573,0.999486182046446,-5.02214424965844
"ATAD1",-0.105065947549598,20.3771382313223,-1.49006807380823,0.157277094441531,0.999486182046446,-4.40715231009476
"SLC38A9",0.701580183723474,13.7587376359896,1.18708806491483,0.258919511185008,0.999486182046446,-4.6185380169529
"SCCPDH",-0.0252795751068078,22.0821493628155,-0.286672550893334,0.778350432190808,0.999486182046446,-4.99966987978678
"UXS1",0.0961850958799602,18.2601994930383,0.872469059022139,0.39693270617581,0.999486182046446,-4.79881329953853
"RNF149",0.0978477293318001,16.505174571464,0.834161043120078,0.418446302250684,0.999486182046446,-4.81713230076324
"RETREG2",0.111410635926575,17.5337738708702,0.876098068428605,0.395020306001008,0.999486182046446,-4.79699587642128
"SERBP1",-0.0319259767730351,24.0281329876255,-0.237759834258607,0.815347106519982,0.999486182046446,-5.00751145484242
"KCT2",0.0720430781614247,18.6034875320157,0.195363325663412,0.84782735073373,0.999486182046446,-5.01312719956447
"LEMD2",-0.013393800292274,19.5280254515467,-0.177326448338426,0.861664004329805,0.999486182046446,-5.01520433358033
"NOA1",0.0179100359972537,19.3732755622092,0.245842678682538,0.809191913669934,0.999486182046446,-5.00631770780879
"NECAP1",0.0406521616024058,18.8560778806942,0.4322297708576,0.671826424652993,0.999486182046446,-4.96786871043161
"FAM98A",0.0633703180523462,20.1945280898657,0.677360751765939,0.508662347703297,0.999486182046446,-4.88667462096934
"PLA2G15",0.0358917161379999,18.3350449491014,0.447172344078352,0.661246814965089,0.999486182046446,-4.9638976725087
"SLC37A3",0.00193077236257011,16.1799823638624,0.00988519889114738,0.992278724866458,0.999486182046446,-5.02483962875636
"HJURP",-0.644575104818122,16.5330856982344,-5.77100383507633,3.94371905876608e-05,0.143058408856739,-1.00681928601709
"TSEN2",-0.0843940583617311,18.1314854077212,-0.947530936075554,0.358633965806157,0.999486182046446,-4.75992062320241
"MTMR14",-0.0358112594734941,19.2558744882771,-0.330541842310451,0.74563888157609,0.999486182046446,-4.99141048398866
"NFATC2IP",0.136623534383258,18.3101918688778,0.925328182166801,0.369686978703684,0.999486182046446,-4.77170710748243
"DAGLB",0.039485927527366,18.7036469482194,0.707032452579021,0.490566045155329,0.999486182046446,-4.87459284150845
"CHST14",0.0880247626114219,18.1414932312245,0.8168218772856,0.427026211187862,0.999486182046446,-4.82586251324303
"GALNT6",-0.000496593135313361,19.5753956850481,-0.00599827412635302,0.995294469652342,0.999486182046446,-5.02485912278633
"DYNC2H1",0.125788396367881,16.6015243665126,0.79564383894798,0.438856024818714,0.999486182046446,-4.83574731416254
"RNF169",0.0434474405823941,16.7626267962575,0.177805147628951,0.861468717310762,0.999486182046446,-5.01510836667544
"PDPR",-0.0421813778659796,19.3963391152216,-0.450619819528962,0.658816407763189,0.999486182046446,-4.96296305994504
"KREMEN2",0.110742073072668,13.7291538933825,0.506786046903687,0.626404075141901,0.999486182046446,-4.94319205202922
"NAXE",0.159452230594919,22.3992101543881,1.08816100445452,0.294091989836868,0.999486182046446,-4.67996014662165
"SMG8",-0.00819796401555806,19.8547570605916,-0.178799611499973,0.86052770689761,0.999486182046446,-5.0150433138552
"RNF214",0.0645749721205284,16.2617528999678,0.517755530599893,0.612306501821034,0.999486182046446,-4.94339520581179
"LSM14A",0.00281031689618061,19.6511128702064,0.022580396560999,0.982287608264134,0.999486182046446,-5.02471323371386
"CCNY",-0.0702207977472149,17.2826268341534,-0.407657538788038,0.690286874525542,0.999486182046446,-4.97367387398367
"ZNF280C",0.13651392217951,16.8208258614057,1.01671736668192,0.325675313366207,0.999486182046446,-4.72171240247059
"PNMA1",0.129854347406891,16.0644025871382,0.374114927200097,0.713674836700968,0.999486182046446,-4.98205531031585
"MROH1",0.0330896403588881,18.5509874376762,0.597061942877418,0.559519913352352,0.999486182046446,-4.91697764808911
"C1orf131",-0.012499426011864,17.5113967256438,-0.0768837617590691,0.939749167170797,0.999486182046446,-5.02305092802711
"TENT4B",-0.0906659207387719,17.1806830817989,-0.792657560994201,0.440540719998917,0.999486182046446,-4.83712275308128
"NPEPL1",0.010203966973652,20.8112989747595,0.191356276222014,0.850855551748164,0.999486182046446,-5.01361713084892
"EHBP1",0.15711990374017,18.5235415530052,1.48118407250075,0.159601392705006,0.999486182046446,-4.41379994796687
"RBM15B",-0.0473521042377456,17.5241878589194,-0.576932496891725,0.572685409929659,0.999486182046446,-4.92401717929954
"TNRC6A",0.256046592332487,11.859552267179,0.927287496664617,0.369768097425428,0.999486182046446,-4.77023721693994
"PHC3",-0.044495812025886,17.8561493884866,-0.401205955553098,0.694020446163768,0.999486182046446,-4.97569700907428
"DIPK2A",-0.148497118657847,17.9060356066063,-1.10471497502027,0.286977811128431,0.999486182046446,-4.66999256117333
"CNNM3",0.0592539285259441,18.3053366319157,0.973536151739329,0.345982455940336,0.999486182046446,-4.74581964536859
"CHDH",-0.00585207359914008,18.3811932079411,-0.0527748426504003,0.958619399708839,0.999486182046446,-5.02401287015725
"ABCF1",-0.0187780654636391,22.701922485738,-0.323148751984572,0.751118236108458,0.999486182046446,-4.99288308879561
"MCU",-0.0238985179865701,19.257938828342,-0.321379801181642,0.75243135665754,0.999486182046446,-4.99323060118783
"PIK3C3",0.0235564491034452,18.6491735968882,0.299532189678438,0.768713270112222,0.999486182046446,-4.99736824264077
"GSTCD",0.199338912766557,17.2954344136977,1.76827075821995,0.0976854306623688,0.999486182046446,-4.18765802079775
"SRFBP1",0.051659471334311,17.250900463143,0.52371830290477,0.608253948895487,0.999486182046446,-4.94153239002838
"NGDN",-0.0802830653439699,19.7869353422895,-0.930792854942794,0.366945058711018,0.999486182046446,-4.76882791537459
"DDHD1",0.078325555159406,19.3152055387415,0.814742455116907,0.428178599323449,0.999486182046446,-4.82684316930347
"SHCBP1",0.164200632067232,17.8353929310803,1.6874819306275,0.112535495113541,0.999486182046446,-4.25349140223034
"SUPT20H",-0.165873580439733,17.4566180351246,-1.31751515953733,0.207764457660147,0.999486182046446,-4.53161039554955
"APPL2",0.0889931978394678,17.392834476936,0.892238305426081,0.386589471615039,0.999486182046446,-4.78883456587928
"SLC30A7",-0.112991637803535,18.6917576339947,-1.32253048775923,0.206131408663871,0.999486182046446,-4.52813841922895
"ATP6V1C2",0.681015763347624,14.3745687983395,1.71426334451523,0.112707743672406,0.999486182046446,-4.2434335578822
"PPHLN1",0.0462962973430727,18.2476675065492,0.365690383781442,0.719787249818995,0.999486182046446,-4.98396420304035
"VPS37A",0.166769477429547,17.1061029704987,0.786948420388405,0.443772883854224,0.999486182046446,-4.83973958758347
"KMT2C",0.319083599072435,16.392025653467,2.56342886990576,0.0238791177487571,0.999486182046446,-3.52407752705223
"FBXO22",-0.0446187443666837,21.2819152447337,-0.829437266682537,0.420077798367429,0.999486182046446,-4.81986624738101
"LPCAT1",-0.0459767762832648,22.0766756804144,-0.639108056312512,0.532552475518297,0.999486182046446,-4.90155006679988
"ZMIZ2",0.432653903380624,15.0399171129791,1.77802183192101,0.0992404876160664,0.999486182046446,-4.18832359541209
"SYNE1",-0.0602401653237727,15.8912149685047,-0.161543822110224,0.874214885554491,0.999486182046446,-5.01676378455529
"USP32",-0.0191014021526925,20.6719948752947,-0.341861243186963,0.737277118960078,0.999486182046446,-4.98909265194249
"BOD1L1",-0.100979687587895,17.502668665476,-0.668022563212171,0.514436661755843,0.999486182046446,-4.89037914725573
"ARID1B",0.0638098804191465,17.6176705389447,0.600235746340705,0.5574589928161,0.999486182046446,-4.91584716461811
"FLAD1",-0.00394191197674942,20.813044442644,-0.0480751697983441,0.962301221257261,0.999486182046446,-5.02415874784178
"FLCN",0.00453821546052069,19.3610350247103,0.0826554750885697,0.935236699968835,0.999486182046446,-5.02276762099504
"NUP43",0.00340187409487314,20.3569853663124,0.0620803627018643,0.951332220790601,0.999486182046446,-5.02368393954856
"NUP37",-0.0680422952042683,19.7895334802994,-0.825310881147791,0.422342456517532,0.999486182046446,-4.82183641082221
"NUP35",-0.0794349796116585,19.6324950924169,-1.00801550694084,0.329697394025415,0.999486182046446,-4.72663922692211
"REPS2",-0.0563526140803283,12.9555340988359,-0.115820652563223,0.909469109154908,0.999486182046446,-5.02072425673253
"ENGASE",-0.137210299559111,17.7326302059829,-1.55202996684355,0.141842953593699,0.999486182046446,-4.36011704563359
"GPRC5A",0.122345126723022,18.4908708464497,0.570745727483831,0.576842872514812,0.999486182046446,-4.92609140253307
"NUDT10;NUDT11",-0.156720498680798,15.2349557568501,-0.476240536054122,0.640880298995186,0.999486182046446,-4.95580155333433
"NBEA",0.0199424593259874,15.7832021346186,0.12839390459573,0.899571434496586,0.999486182046446,-5.01979917608318
"TOR1AIP2",-0.0291450911480169,19.2432618570678,-0.521705995051667,0.60962012304551,0.999486182046446,-4.94216331188597
"SPTSSB",-0.0200641712996692,18.9991781676915,-0.0324553412363809,0.974552708599005,0.999486182046446,-5.02454551759796
"TSTD1",-0.302278781268825,16.4288717459264,-0.418455948408636,0.684076955637114,0.999486182046446,-4.97020886341714
"ABHD11",0.041999967410927,21.9488826293682,0.366710125054545,0.719042309721636,0.999486182046446,-4.98373722083706
"CMAS",-0.0463413126978836,19.8659384387096,-0.547553889588346,0.592187569911854,0.999486182046446,-4.93388445412922
"FBH1",-0.0210133724678805,16.5801024347834,-0.115985726373839,0.909228163127325,0.999486182046446,-5.0207313523546
"TSPAN14",-0.148205112987483,18.3668264454176,-0.653518542131953,0.523571414684811,0.999486182046446,-4.8959877409416
"KNL1",-0.00585515090654631,15.1478536452275,-0.0326403345547086,0.974430457892407,0.999486182046446,-5.02454071258698
"TTL",0.115826790547739,16.4838917229005,0.782197535248582,0.446473914077789,0.999486182046446,-4.84190443960988
"SVIP",-0.362650545462044,16.059467415164,-0.926009638767204,0.369462870005898,0.999486182046446,-4.77129976367693
"ATL2",0.034725851697285,19.7730110049778,0.415204872111816,0.683968354390699,0.999486182046446,-4.97223440723122
"KDM2B",0.271672302121011,18.0775131280223,1.26461557708964,0.225746079933425,0.999486182046446,-4.56768742750453
"MOSPD2",0.00300268262482106,18.3383009779166,0.0429201057283025,0.9663408240424,0.999486182046446,-5.02430313146876
"PLBD2",0.0679634876068604,19.7888034493793,0.554911808805498,0.587271701421239,0.999486182046446,-4.93145871002916
"RASSF8",-0.152144298723016,15.4259816435892,-0.72863274111822,0.478452965928017,0.999486182046446,-4.86505630798108
"DDX55",-0.0695325789492394,18.6814494428773,-0.951475295222417,0.356694605711634,0.999486182046446,-4.75780228554503
"MFSD8",-0.0926093373165351,15.303895786694,-0.458649102936946,0.653171353652632,0.999486182046446,-4.9607595835564
"TDRD7",-0.0147539243805248,16.8498406970057,-0.0974730377106705,0.923757258867325,0.999486182046446,-5.02193317070792
"NEDD1",0.0339913572558608,17.8080627312638,0.334631972336896,0.742613573111864,0.999486182046446,-4.99058177336403
"CDC26",-0.347827310397928,16.0674426102689,-1.07391558387294,0.301393509828983,0.999486182046446,-4.6882014040633
"NCOA7",0.226127871244559,14.9266864281151,0.552799235464925,0.58930559925602,0.999486182046446,-4.93181152587903
"THOC2",0.056059153338758,20.5591892721103,0.859984769610297,0.403558634980123,0.999486182046446,-4.8050158968593
"PATJ",0.0493606958877137,18.7230531580977,0.634989942314082,0.53516136054989,0.999486182046446,-4.90310401417475
"WDR36",0.0350280705843389,18.7270542142126,0.635818655830021,0.534635787057034,0.999486182046446,-4.90279204937423
"COQ8A",-0.0240048124455683,18.4863798795196,-0.154249156101378,0.879503922368306,0.999486182046446,-5.01755376598883
"KIF18A",0.126337242842101,15.154842099855,0.670883478431162,0.513406704775663,0.999486182046446,-4.88883278492302
"RP9",-0.0675084124029119,17.7561803432828,-0.458650877644581,0.653170108333719,0.999486182046446,-4.96075909239276
"GRPEL2",0.0387442986472522,17.8868290967471,0.471160881925641,0.644418488542879,0.999486182046446,-4.9572515764771
"VANGL1",-0.0227803395956698,18.9806883415937,-0.247957876116944,0.80758559996681,0.999486182046446,-5.00599803611601
"JOSD2",-0.0279077339372265,16.7524584067167,-0.212758514840263,0.834427638678378,0.999486182046446,-5.0109649555466
"SLC30A5",0.0755001906301977,17.5882790028952,0.294361317908268,0.772609172367937,0.999486182046446,-4.99829579548493
"SNIP1",0.0136341578195207,18.3262380574008,0.0809267948104926,0.936587990925448,0.999486182046446,-5.02285462167259
"GADD45GIP1",-0.035504581904064,19.2764463560278,-0.223705708838466,0.826074063252662,0.999486182046446,-5.00949484387582
"WDR48",-0.0297810894109567,16.8529765558617,-0.283638122227719,0.780630036906027,0.999486182046446,-5.0001984960151
"EXOC6",0.0249319613304877,19.5233901687947,0.441309193767059,0.665389288757671,0.999486182046446,-4.96547131526367
"MPLKIP",-0.0514601990335937,15.3206728884238,-0.340945731491156,0.738297784685265,0.999486182046446,-4.98913312644302
"SMARCC2",-0.0633128235390465,19.9328563177371,-1.30926651435771,0.21047281977426,0.999486182046446,-4.53730075524508
"NEIL3",0.1282699154947,15.0507220280517,0.53192063345096,0.605598409708924,0.999486182046446,-4.93734474715216
"NPLOC4",-0.0319351138068811,21.3769421876546,-0.452407657568331,0.657557577825489,0.999486182046446,-4.96247565920451
"FAM76A",-0.008470323633194,17.2810526755215,-0.0203870284246478,0.984085311172856,0.999486182046446,-5.02473991322108
"CXorf38",-0.0815955012958014,19.6117960683896,-0.685041641184772,0.503941079479347,0.999486182046446,-4.88359235253523
"SPATA20",-0.0490625293036651,18.9332349970118,-0.738973304646286,0.471519467753507,0.999486182046446,-4.86106379951907
"GDAP1",0.0386587253614508,19.5454563903484,0.330904704873211,0.745370310342305,0.999486182046446,-4.99133736684404
"NUBPL",-0.100044893490242,18.2800366630795,-0.634386356436367,0.535544338168262,0.999486182046446,-4.90333099426377
"ABHD4",-0.0387198229897603,16.7587582384034,-0.293491696038598,0.77323528143479,0.999486182046446,-4.99846174789087
"DEPTOR",0.168328060990746,17.6315257125429,0.474817749682924,0.642529325696018,0.999486182046446,-4.95586200058521
"FBXO30",-0.0988935665340236,16.3486820915096,-0.431196415042877,0.673008739855994,0.999486182046446,-4.9679133680671
"SLC35B2",-0.0655597996077155,21.6478656051136,-0.946790300598845,0.358998936071735,0.999486182046446,-4.76031756597844
"PUM2",0.0173599922195535,19.0303707772862,0.163560061839275,0.872297403494029,0.999486182046446,-5.01664499986895
"ITFG1",0.0653246967124943,18.1628695376312,0.689964770080543,0.50092841881319,0.999486182046446,-4.88160008535656
"GOLGA5",-0.0528815514754584,18.1573335226142,-0.579711374831765,0.570858274725436,0.999486182046446,-4.92305880600126
"KLHDC4",-0.0095974942595447,19.6365817202048,-0.0943109825818432,0.926131305673827,0.999486182046446,-5.02213310182325
"SHKBP1",-0.0090979113804508,16.651626306308,-0.0618031751149862,0.951549225576902,0.999486182046446,-5.02369450720443
"UBA3",-0.0318356507127895,19.3558411413526,-0.303040741654234,0.766090684163766,0.999486182046446,-4.99672304165544
"BAHD1",-0.187433191082125,17.8210599946391,-0.939372429555272,0.362668530428202,0.999486182046446,-4.76427884541429
"NANP",-0.0482147600934475,17.2242547723842,-0.429513995525136,0.673757062880531,0.999486182046446,-4.96857646723373
"PRXL2B",-0.0576153509579242,18.3442457201793,-0.487320920134895,0.633193639969193,0.999486182046446,-4.95258700051699
"ZCRB1",-0.0917806659424549,16.199096199854,-0.579865301782419,0.570757156148614,0.999486182046446,-4.92300559395867
"SETD6",0.2208155290816,14.5226004725959,1.31434430540534,0.211883550140565,0.999486182046446,-4.5347754406279
"ZCCHC10",-0.0243394771537258,15.5411611753833,-0.131932907415897,0.896820124401256,0.999486182046446,-5.01951600946511
"TMEM254",-0.0607874636311614,16.1865800938083,-0.278773548883304,0.784288873103707,0.999486182046446,-5.0010343767413
"DNAJB14",-0.0364557545717474,17.5992428297921,-0.193870350712652,0.848921929741315,0.999486182046446,-5.01332003725905
"TBC1D16",-0.213016426083907,15.1368753955638,-0.745955434635659,0.470354670147647,0.999486182046446,-4.85645126168947
"SLC25A40",0.101143776698883,17.783004808241,1.01023777178559,0.328666878558528,0.999486182046446,-4.72538429826324
"TMEM167A",-0.168845676404747,20.7302711719056,-0.192771287660803,0.849819609090716,0.999486182046446,-5.01343617448404
"PIP4K2C",0.00709355346258889,20.7297799648897,0.139328003021328,0.891075454162671,0.999486182046446,-5.01889953942245
"WDR20",0.072502355088659,17.1304266449873,0.504692366023749,0.62123057214385,0.999486182046446,-4.94740541382527
"TRMT10A",-0.00832993355847123,17.8204354458777,-0.0682071739782161,0.946536708698944,0.999486182046446,-5.0234382926872
"TBC1D15",-0.0139707326978531,19.696526074849,-0.164701664406634,0.871414609503321,0.999486182046446,-5.01652993065744
"RDH11",0.00115642767987367,21.9008168907132,0.0192461266802779,0.984902683421949,0.999486182046446,-5.024756166209
"LRRC20",0.165268591740428,16.9929653991405,0.719717161093692,0.482947790636115,0.999486182046446,-4.86928460378192
"IFI44",0.0363595232574028,17.5956788016972,0.429358941911747,0.681031457158862,0.999486182046446,-4.96500869819094
"MRPL30",-0.144678038151753,18.3886685611889,-1.41027208777867,0.179197685602103,0.999486182046446,-4.46595503016233
"NT5C",0.0509262122670258,17.8839513789289,0.547290819442373,0.592363714255641,0.999486182046446,-4.93397061737214
"DENND10",-0.00331746242948583,17.5841239071103,-0.015947031962789,0.987490347096277,0.999486182046446,-5.02479190929126
"ZFAND1",0.0800787068796041,18.2941012204801,0.793498784614947,0.440065733612888,0.999486182046446,-4.83673575874978
"CIP2A",0.0551616237906813,18.3395760539366,0.580771416875837,0.57016209684976,0.999486182046446,-4.92269208484936
"PI4K2B",-0.00579565256125036,18.2272892652577,-0.100071902629624,0.921634680424376,0.999486182046446,-5.02178866797651
"STT3B",0.00318933068859906,21.8078980398919,0.0395670742531381,0.968968840436164,0.999486182046446,-5.0243882658032
"PNPT1",0.000873740338327877,22.1108706521119,0.0165403920807516,0.987024930124965,0.999486182046446,-5.02478597492117
"SPPL2B",0.171793686243506,15.4074193955219,0.658354866426082,0.521181289040574,0.999486182046446,-4.8937561093006
"SPPL2A",-0.0566623690296844,19.2930533668429,-0.329255523129326,0.746619914330026,0.999486182046446,-4.99165691966503
"HM13",-0.125621856458061,23.1870784015183,-0.722290137152639,0.481523664004051,0.999486182046446,-4.86813576166416
"PREX1",-0.0260689202873721,22.9877802973291,-0.350727064229424,0.730751682678784,0.999486182046446,-4.98722396453216
"DYNC2LI1",-0.0179968701034543,14.7578936326349,-0.0588073175119797,0.954017237024719,0.999486182046446,-5.02379513467282
"RHPN1",-0.516436077143961,12.9206417493809,-1.71414512144565,0.118050347547665,0.999486182046446,-4.25446461051322
"URGCP",0.125568250236245,17.6005609419164,1.16888735034673,0.260992753260407,0.999486182046446,-4.63017374403593
"BICD2",0.120169224290816,18.4161541468694,1.01040445178152,0.328589678253074,0.999486182046446,-4.72529008221997
"NEK9",0.155516890856592,17.5973994188484,1.28854407887773,0.239956487939047,0.999486182046446,-4.55656342712553
"SFXN5",-0.299996862966765,15.9126853470373,-1.24836804048053,0.231348220227679,0.999486182046446,-4.57852787326479
"CHD6",0.00321520451617729,16.7693469546937,0.013681975277842,0.989267043152216,0.999486182046446,-5.02481256970352
"GPT2",-0.113656419535289,18.5914033050101,-1.1211309509239,0.280153099140627,0.999486182046446,-4.65997127748266
"TRPM4",0.0316044434455378,18.5633719361311,0.455356029587121,0.655483950242829,0.999486182046446,-4.96166782312526
"DTX3L",-0.0586210172209682,18.5295847314848,-0.958256543672884,0.358987920798681,0.999486182046446,-4.75203216791293
"DDX54",0.0465744328386712,21.2105545971479,0.805012267174607,0.433597450957154,0.999486182046446,-4.83140277628631
"BLOC1S5",-0.146457980080273,15.5861688233829,-0.563313284126755,0.581684253680661,0.999486182046446,-4.92865166693484
"DMXL2",0.0451122206461072,17.7153285049892,0.413170200876004,0.685425595517649,0.999486182046446,-4.97274481628193
"DLG5",0.0206208566867119,16.6811142937696,0.181901742933421,0.858314092436755,0.999486182046446,-5.01465414114221
"CABLES1",-0.479924505825956,15.6521462076455,-2.29489398260468,0.0380222870501804,0.999486182046446,-3.74169247137089
"BRIX1",0.103995059260594,21.8369057732338,1.66265719834335,0.117477474982821,0.999486182046446,-4.27339949451805
"RNASEH2C",0.276821330694084,17.864907997348,1.02530131859618,0.321916762075263,0.999486182046446,-4.71676752071847
"GNPDA2",0.0555135588159104,18.4854923884031,0.298330270931559,0.769638159607468,0.999486182046446,-4.9975774471473
"TRAF3IP1",0.0878066024178903,14.404002482823,0.370926471509113,0.717293043131382,0.999486182046446,-4.98218193592184
"STK35",0.310787712325904,15.1295938502342,1.23097570675582,0.244583370133646,0.999486182046446,-4.59068751621813
"SYTL5",0.0198559091475765,16.673410749852,0.029355254749469,0.977262110274456,0.999486182046446,-5.02459239970727
"NEK7",-0.0624086318053827,18.899140415002,-0.2735707097006,0.788274972622905,0.999486182046446,-5.00188807016792
"RB1CC1",-0.0766953661170859,16.1851817382295,-0.379686364692984,0.709588893105197,0.999486182046446,-4.9807951392568
"PANK1",0.0871661470390066,15.9592202580979,0.739965545684201,0.470935072570393,0.999486182046446,-4.860634907567
"EPS8L1",0.0466553124432316,18.3161125325362,0.471004740508022,0.644527389168651,0.999486182046446,-4.95729591229903
"SSH3",0.0888163265300008,20.0688808952156,1.72659271219563,0.105116518689185,0.999486182046446,-4.22181514638918
"TBCK",-0.324094181675751,18.3239405809189,-1.92783370727646,0.0733549508741815,0.999486182046446,-4.05344057264493
"DTD1",-0.130302893283876,21.0976234551953,-1.16392382962784,0.262936450298606,0.999486182046446,-4.63331475609452
"DCAF11",-0.0330195760686358,18.7940119926215,-0.439115030336661,0.666942439177461,0.999486182046446,-4.96605507705978
"UTP15",0.0864858788272258,18.3295339215458,0.915943343702435,0.374428587992242,0.999486182046446,-4.77661837169279
"GPX8",0.0511052323604169,16.2763459071219,0.355910318300527,0.732769424245316,0.999486182046446,-4.98349106313957
"TRPC4AP",-0.00144472829842712,17.6746046145702,-0.0226707763173945,0.982216726009883,0.999486182046446,-5.0247119746968
"NUP210",-0.0206897257047949,21.578748247719,-0.362769087241377,0.721922936902666,0.999486182046446,-4.98461103877522
"GEMIN5",-0.0305087302717197,21.5202222265004,-0.696513325519329,0.496937475907735,0.999486182046446,-4.87892992880369
"PIGO",-0.0111814144058613,18.5205249517124,-0.125001062358426,0.902210368386588,0.999486182046446,-5.0200634420158
"RAPGEF6",0.0487331916397018,16.3892051151296,0.522233750053554,0.609261679649361,0.999486182046446,-4.94199806685947
"SMCR8",0.101866824239103,16.8880124458104,1.02851838927613,0.320277241263947,0.999486182046446,-4.71497607393169
"PARD3",0.021417082163417,19.1979689332445,0.308602675900259,0.761939300330618,0.999486182046446,-4.99568511501466
"IPO4",0.0291706993864622,22.6368007637424,0.400654859414466,0.694417402091581,0.999486182046446,-4.97583096815968
"USP33",0.0193355445340977,15.4656791826102,0.108860003424318,0.914780601022281,0.999486182046446,-5.02122399910963
"PNISR",0.0871075450162575,15.5646411433321,0.357744211379378,0.725602096087263,0.999486182046446,-4.98571181712661
"PPP4R1",-0.0175438901546379,18.956983872394,-0.202958989343704,0.84194014841347,0.999486182046446,-5.01221390821714
"UBASH3B",-0.163406246222124,18.6262092216549,-0.702123212746467,0.495439593939099,0.999486182046446,-4.87556892250827
"DIS3L",-0.0384899477274274,16.283943276827,-0.228579856893069,0.82255989108212,0.999486182046446,-5.00875424905079
"ZNF526",-0.234632440209957,16.8076973471271,-1.82270791456252,0.0886793963194819,0.999486182046446,-4.14245537049543
"ZNF384",-0.0388694030508567,17.4805984472535,-0.331017988943072,0.745286470603076,0.999486182046446,-4.99131452391136
"SHROOM3",0.15491358563037,15.9637870960778,0.666348967885826,0.516212806353438,0.999486182046446,-4.89062445499212
"WIPF2",-0.0756083211085539,18.6659647996579,-0.570279295781555,0.577072366849641,0.999486182046446,-4.92629417898772
"HASPIN",0.0354001065196634,16.4496704968209,0.359555640108449,0.724274975609846,0.999486182046446,-4.98531672095839
"ABHD5",-0.0162508440762643,16.8454653616113,-0.0881117978986863,0.93097292232528,0.999486182046446,-5.02248097162762
"SETD7",0.0654815908920661,20.2347238260544,0.794895931881925,0.439277569154361,0.999486182046446,-4.83609221830314
"NOC3L",0.0883980288587303,20.245742859464,1.56556182592635,0.138648418848824,0.999486182046446,-4.34969329822782
"SCARB1",-0.0670246856396801,21.0285039556492,-0.360299208138176,0.723806962801569,0.999486182046446,-4.98511953732918
"COG1",0.00362270383195806,19.6815482856822,0.062365158884247,0.951109263534509,0.999486182046446,-5.02367303260015
"CASTOR1",0.0709536390847951,14.0707319800619,0.423485570636486,0.680289147425585,0.999486182046446,-4.96901716308094
"PYROXD1",-0.0316445973061583,16.4554733276404,-0.141464856618955,0.890705804115469,0.999486182046446,-5.01845147051845
"RNF139",-0.245819862686217,15.5032463243947,-1.32898454655179,0.207145251277178,0.999486182046446,-4.52477295894028
"SCFD2",0.0554680397925011,18.3331629065185,0.933293949205851,0.365694805362166,0.999486182046446,-4.76750540087812
"SMAP2",-0.0423059023177821,19.9161538546895,-0.495341869894053,0.627656461715198,0.999486182046446,-4.95021599343634
"ZC3H15",-0.0992706053326771,20.5150999056022,-1.40609545788503,0.180411098467111,0.999486182046446,-4.46897531362275
"PPIL4",-0.0217738888292338,20.0954998893065,-0.316913134965004,0.7557505499023,0.999486182046446,-4.99409975986425
"GTF3C2",-0.0669080483261126,19.8382010649259,-0.813497000853564,0.428869769687829,0.999486182046446,-4.82742947675389
"TBC1D22A",0.11477631276831,17.9048834820016,1.27066819086757,0.223522341484424,0.999486182046446,-4.56359338363301
"TSKU",-0.0872588427047631,16.9084235383844,-0.390467519458759,0.702636202054462,0.999486182046446,-4.97786488194743
"PHF10",0.126284806184714,17.1674413637116,0.94349310457039,0.360626855434682,0.999486182046446,-4.76208154669895
"RAB2B",-0.0538181465037368,17.4749679898076,-0.453938866591812,0.656480294274086,0.999486182046446,-4.96205674642995
"CCDC12",-0.033266708666396,16.6799669089203,-0.175980567539389,0.862702401419106,0.999486182046446,-5.01535028363257
"CHPT1",0.144355416757708,17.1631663275248,0.573775349575947,0.574788266822574,0.999486182046446,-4.9250877404049
"PPP1R13L",-0.0952505461074011,19.7412737737353,-1.35035224169989,0.197258549937778,0.999486182046446,-4.50871346613689
"FAM172A",0.262253849417247,16.153451433432,1.47490517060428,0.161261364951896,0.999486182046446,-4.4184833351039
"CHURC1",0.121698836464962,18.487138417498,0.55645429529082,0.586930342954764,0.999486182046446,-4.93056459113899
"TGFBRAP1",-0.0473856103816175,18.4110274064646,-0.514511305282067,0.614516941949935,0.999486182046446,-4.94440022330233
"HDAC7",-0.0358758472652703,19.6870725675915,-0.282519800261073,0.781470699440779,0.999486182046446,-5.00039191798821
"STYX",0.0948483683457688,16.4910850920695,0.804358095959134,0.433963331587282,0.999486182046446,-4.83170759680751
"PTPMT1",0.0734647240721742,19.8665424510339,1.10607092785204,0.286409435599595,0.999486182046446,-4.66916916243577
"NUP133",0.00557145626165223,20.1066241325266,0.114346316353131,0.910505185909378,0.999486182046446,-5.02084745399412
"PDCD6IP",-0.0420221556276168,21.9490267054748,-0.466328262938961,0.64779288813351,0.999486182046446,-4.95861725640604
"UBTD2",0.108592351724635,13.5919602836825,0.566794033410721,0.579377425581625,0.999486182046446,-4.92747708779836
"CACTIN",0.146362712170827,15.8477455042253,0.667877386123451,0.514526729027471,0.999486182046446,-4.89043636842562
"C15orf40",-0.0684478007471405,19.1903051864543,-0.219672909215172,0.829197020987556,0.999486182046446,-5.0100303050225
"GATAD1",-0.152085270816301,16.3162704026776,-0.739367834399762,0.471287050689398,0.999486182046446,-4.86089332758239
"BRK1",0.207915915756953,16.8792126717168,0.878903722632577,0.394553050051946,0.999486182046446,-4.79512568180964
"CHAC2",-0.0353317201624783,17.9597358035793,-0.463107153128451,0.65004649708119,0.999486182046446,-4.95952003370136
"CHMP7",-0.0819687531320312,17.3916600334669,-1.09308772753532,0.291886143631297,0.999486182046446,-4.67702077549648
"THEM6",-0.0711141800231445,22.4902110782162,-0.74455782781544,0.468236134262117,0.999486182046446,-4.85864319031675
"PRUNE2",-0.114265335111714,20.4165944206904,-0.45315139110417,0.657165728725361,0.999486182046446,-4.96220456325839
"NAT14",-0.140186603717311,18.5018187452737,-0.34574365266414,0.734879969562547,0.999486182046446,-4.9880773709183
"BCL7C",-0.00808916597302911,17.6259171443882,-0.0284918947236622,0.977683611211315,0.999486182046446,-5.02461895510374
"DCAF4",0.139589343357503,16.7230504400857,0.756000649897135,0.461552339169629,0.999486182046446,-4.85363234753295
"NSMCE1",-0.0514342777395527,18.0855198485122,-0.44089500130568,0.665682356014727,0.999486182046446,-4.96558172657129
"SNX33",-0.132011370030629,16.2139560628609,-0.663198957015747,0.517434047964501,0.999486182046446,-4.89227425635151
"TRIM41",-0.0311528978627216,15.6799264470191,-0.212021833662593,0.834991823091334,0.999486182046446,-5.0110608752878
"PTCD2",-0.330040513394469,15.6241438271519,-1.50046111862682,0.154593994857116,0.999486182046446,-4.39934434277575
"NUDT8",-0.133844499341148,17.5552582037369,-1.10681768787937,0.288817342289916,0.999486182046446,-4.66827075809955
"MITD1",0.0906313790514943,15.2965842815509,0.408872673879724,0.695292010477768,0.999486182046446,-4.97048844880621
"ZFAND2B",-0.0719010630344634,16.767794672339,-0.457078105590792,0.654274146529128,0.999486182046446,-4.96119365319074
"HEXD",-0.0198126487032297,15.6999974135789,-0.100447453273207,0.921551318002275,0.999486182046446,-5.02173482771319
"CHTF18",-0.00262944861758641,18.7823889553603,-0.043644950208599,0.965772762319834,0.999486182046446,-5.02428381796808
"LEO1",-0.0142593111608775,20.2003478445316,-0.167554515835483,0.869209293646138,0.999486182046446,-5.01623889345785
"DCAKD",-0.0568617832836082,18.6838748411395,-0.595758482730826,0.560367501202407,0.999486182046446,-4.91744031119152
"RNF138",-0.688762820328211,14.7829062571552,-2.38170299399977,0.0368781960686132,0.999486182046446,-3.71995889944759
"EEF1AKMT1",-0.0596892679591612,18.0192867933762,-0.469435819663171,0.645622098262249,0.999486182046446,-4.95774062072649
"OSCP1",-0.118534135237679,14.3243570209312,-0.588068460772737,0.566020126821802,0.999486182046446,-4.91979233934289
"SMIM4",-0.0146091803274082,17.566268527628,-0.101168481912199,0.920779065533437,0.999486182046446,-5.02172079716348
"NUDCD2",-0.0514659486782847,21.147014130733,-0.843732490260323,0.412293334358285,0.999486182046446,-4.81297478477307
"SNRNP27",0.00311591660187815,19.0728167595293,0.0340171426437127,0.973319531349735,0.999486182046446,-5.02451397507593
"SKA2",0.180398940247859,15.9151682959489,1.04291397079179,0.31378019342346,0.999486182046446,-4.70667388040591
"TFB1M",0.169260139315629,18.2501740689742,1.59125784511613,0.132750474242107,0.999486182046446,-4.32975489952322
"STAG1",0.010044122085997,19.5986084715174,0.150701698980606,0.882252547788663,0.999486182046446,-5.01788606211089
"SCFD1",-0.0168811348517437,21.2439564879863,-0.282509141034058,0.781478713530509,0.999486182046446,-5.00039375795974
"UBE2Q2",-0.225034951763869,13.9625501922258,-0.487352404199036,0.633712573521194,0.999486182046446,-4.95228968239542
"CANT1",0.0605302712076572,19.7054383911311,0.63620099499141,0.534393402988692,0.999486182046446,-4.90264799312993
"TRAPPC14",-0.0663527915514432,15.4917419587882,-0.266227653090748,0.793749270993587,0.999486182046446,-5.00312436630374
"DYNC2I1",0.103041939318887,13.8890638673989,0.596419176511628,0.562209335372427,0.999486182046446,-4.91592909141223
"TRAPPC12",0.027221765960487,17.41891366918,0.335383323195444,0.742058303768178,0.999486182046446,-4.9904284561166
"POF1B",-0.0284037072981498,15.5939585239796,-0.0804081826255004,0.937395378253723,0.999486182046446,-5.02283294900085
"HNRNPLL",-0.0555854071238748,19.9115788797199,-1.06710464462184,0.303079079408098,0.999486182046446,-4.69251494456188
"FAR1",0.0918446420884536,19.695685463359,1.81567896804962,0.0897992529343918,0.999486182046446,-4.14832798790768
"UBLCP1",0.01957943530509,19.5139093395817,0.243134372469734,0.811249939575282,0.999486182046446,-5.00672306455664
"KBTBD7",-0.065645227490954,17.1296535957925,-0.476672582140378,0.640579774836105,0.999486182046446,-4.95567753610108
"TSEN15",0.0437696415949311,18.9297215589735,0.342614717386908,0.736721723069682,0.999486182046446,-4.98893565680619
"PCNP",0.0574952910947459,21.0475556014655,0.486655348309782,0.633654138246316,0.999486182046446,-4.95278208476496
"DNAJA4",0.179717483262259,16.994625506644,1.28880562050908,0.218727258020038,0.999486182046446,-4.55165459301436
"SPRYD4",0.0246767278482203,20.3188750356981,0.478331303848601,0.639426600180752,0.999486182046446,-4.95520040686073
"MAIP1",0.0275568167631057,20.7591192064048,0.413161102727902,0.685432114563361,0.999486182046446,-4.97274709315827
"TRUB1",-0.0411318335559017,19.7555789407936,-0.726992008150073,0.478610809928774,0.999486182046446,-4.86620181156949
"LMO7",-0.11533003864546,15.7555858895585,-0.767544480241767,0.454869504019759,0.999486182046446,-4.84850816915818
"SLC44A1",-0.0585384740344814,18.813836659886,-0.445802097538949,0.662213912157078,0.999486182046446,-4.96426722986369
"CKAP2",-0.0907248845394726,16.9412265328798,-0.945505043613376,0.359632896512816,0.999486182046446,-4.76100578264391
"SPIRE2",0.197668423804712,12.5344345047827,0.870492287867526,0.403050485570205,0.999486182046446,-4.79745513636575
"ATXN2L",-0.0537098118270123,21.0872166970003,-0.620648403867792,0.544302195928763,0.999486182046446,-4.90844316373453
"PHIP",0.035726540465042,15.9095871152964,0.217608117353435,0.830715953121448,0.999486182046446,-5.01032528171668
"RTN4IP1",0.0903656748424417,17.9926347339827,0.601331214031391,0.556748595432552,0.999486182046446,-4.91545567116486
"PRPF31",0.000709684840753511,20.8625829922655,0.0106457490913318,0.991648730154167,0.999486182046446,-5.02483530922756
"NELFB",-0.0142069922446559,20.9854199802188,-0.26086860209984,0.797800671707666,0.999486182046446,-5.00398818865787
"PALLD",-0.0559439220062607,18.674255734679,-0.544640241300864,0.594139946155241,0.999486182046446,-4.9348365804239
"RUFY2",-0.00478058833510175,18.2669541503364,-0.0495606252295862,0.961137384438832,0.999486182046446,-5.02411410818344
"SREK1",0.0997513351327655,18.967954099475,1.44765665179259,0.168632604871767,0.999486182046446,-4.43866253339857
"GEMIN6",0.117246382656443,17.7442633097608,0.596523771562899,0.559869781298786,0.999486182046446,-4.91716878627217
"CASKIN2",-0.0895438321681397,18.6792567391252,-1.04175331667544,0.314300450316346,0.999486182046446,-4.70734668779261
"ATRIP",-0.207835019672906,16.1679056911071,-1.06023667282916,0.307305643730615,0.999486182046446,-4.69626784371548
"PSPC1",-0.0520456979874631,21.8932967905497,-0.496766040487886,0.626675703522621,0.999486182046446,-4.94979114764574
"MADD",-0.0230378650205552,19.3083871757613,-0.358153723240839,0.725301992560559,0.999486182046446,-4.98562266753616
"SYNE2",0.043126567216877,18.0534106414124,0.589478259074547,0.564460886243198,0.999486182046446,-4.91965624690968
"GATAD2B",-0.0910270518666216,18.9963152897545,-1.0037169587961,0.331697282403691,0.999486182046446,-4.72906025598
"DNAJC9",-0.00568417337186489,21.1033904802745,-0.0418708518459662,0.967164675885019,0.999486182046446,-5.02433042274008
"BRI3BP",-0.0680455960685933,21.4897364085698,-0.879767779704355,0.393092722327307,0.999486182046446,-4.79515148996979
"BBX",0.176523874183539,14.8135766902791,0.363420517808697,0.723424351810748,0.999486182046446,-4.9835696986318
"PPM1E",-0.204562362133064,17.0946044429712,-1.46221795209919,0.166158652874899,0.999486182046446,-4.42916452002037
"THAP4",0.112076647531264,17.0036284497003,0.983557346038805,0.341191885080873,0.999486182046446,-4.74030151715481
"CTNNBL1",0.023361718959535,21.3290920905208,0.347403022455428,0.733195760618983,0.999486182046446,-4.98793006396721
"KAT6B",-0.0218562055916927,14.7440152562644,-0.0220859729780808,0.982958688442514,0.999486182046446,-5.02471071549636
"ING5",-0.344670681123397,16.4205500734585,-1.17557531847975,0.258391144067348,0.999486182046446,-4.62592552399375
"ATG4A",-0.0169523752294722,16.4797702887772,-0.0389925897832308,0.969429585546203,0.999486182046446,-5.02440155899035
"AHCTF1",-0.0245291397210998,19.4260503917263,-0.423048212198036,0.678363115271609,0.999486182046446,-4.97024418348313
"DGCR8",0.174442959654197,17.0771205239957,1.15797779253184,0.265279397725563,0.999486182046446,-4.63706419422294
"TTN",0.0964432915264304,24.4211998768832,0.590476447383451,0.563890991180648,0.999486182046446,-4.9192595600949
"OVCA2",-0.0239873816468474,19.6719332988481,-0.315558083444031,0.756758481544766,0.999486182046446,-4.99436107788819
"LZIC",0.305253489944349,18.3804799590928,1.52167110380731,0.149367946078354,0.999486182046446,-4.38345175202822
"POMGNT1",-0.0652209018183463,19.467728807092,-0.547928186412649,0.591936997089089,0.999486182046446,-4.93376179355886
"IRGQ",-0.0888161192517813,18.8978967832139,-0.394363392389617,0.699048711428375,0.999486182046446,-4.97730323459052
"ST8SIA4",0.0387347164483458,17.4376933039004,0.373909269567962,0.713791623788614,0.999486182046446,-4.98211726661248
"DDB2",-0.0499613627913007,20.6193870381452,-0.577367159768697,0.572399413290088,0.999486182046446,-4.92386755832508
"SMPDL3A",-0.0180392820428636,16.0442806689206,-0.0884258265145692,0.931327966517427,0.999486182046446,-5.02238605707285
"SMPDL3B",0.115795675225396,17.5166272739249,0.768440156192372,0.455221502401232,0.999486182046446,-4.84764747945539
"DDX1",-0.0429010067413422,23.3884485674593,-0.60464300810583,0.55460390470871,0.999486182046446,-4.91426807372921
"SEC14L1",-0.0669433787488671,18.6999269058993,-1.12306700791886,0.279356298148374,0.999486182046446,-4.65878184536052
"SLC39A7",0.0494915278910355,17.2818197069788,0.109984205643706,0.913933899914628,0.999486182046446,-5.02114362190617
"HSD17B8",-0.0600146091385483,19.3401522008294,-0.722477099693647,0.481299652441448,0.999486182046446,-4.86811834333824
"PIEZO1",-0.110580777945447,19.2842425570408,-1.48037685281096,0.159813997767609,0.999486182046446,-4.41440274214671
"FAM3C",-0.0617030161771943,19.250257242359,-0.504122014143146,0.621621626755745,0.999486182046446,-4.947578283643
"H1-10",0.0576937768542081,23.5412657534433,0.6581463583238,0.520584408512063,0.999486182046446,-4.89424582099337
"CCT6B",-0.077342829835743,19.0337607807785,-0.21193058370971,0.835119623196741,0.999486182046446,-5.011055662638
"PSMF1",-0.0982243039662549,20.6841545880258,-0.963909169381183,0.350628953763844,0.999486182046446,-4.75107669163363
"SLC7A6",0.101106227677516,18.8575378255745,1.08265491474802,0.296343031130739,0.999486182046446,-4.68327734311738
"GBF1",-0.0154991628449395,19.9825004279368,-0.170063650404969,0.867270606105437,0.999486182046446,-5.01597881254102
"SMG7",-0.00257772122960631,18.4255556412842,-0.0310013822839347,0.975684016881685,0.999486182046446,-5.02457433401755
"RTF1",-0.0160885119008043,20.0454592095204,-0.254370199158601,0.802721484739077,0.999486182046446,-5.0050124025758
"NCSTN",0.0548479196140299,20.5269390599946,0.63363390284354,0.536021986427765,0.999486182046446,-4.90361367712057
"SNX19",0.153648157384863,15.6345260603793,0.33345307308251,0.744745402993337,0.999486182046446,-4.99028325573771
"TM9SF4",0.00713414945188617,21.3068325311488,0.119923599543746,0.906161811577194,0.999486182046446,-5.02044574072632
"TMEM131",-0.035108440646205,19.4837698879596,-0.192069975729766,0.850330554305407,0.999486182046446,-5.01352669918015
"TOPBP1",-0.0512036651677725,15.7878706204613,-0.23851990731811,0.814759757330959,0.999486182046446,-5.00740349233375
"IP6K1",-0.142575403150843,18.0450960533367,-1.5964425936513,0.13158676666225,0.999486182046446,-4.32570929923511
"MRPS27",-0.0805289944476293,22.4150916808375,-1.46807423472094,0.163083599841872,0.999486182046446,-4.42356433433204
"WASF1",0.215614180251393,16.9284872259345,1.28102439640849,0.219959755805757,0.999486182046446,-4.55659354524398
"BAP1",0.0600287393419414,15.6474695763395,0.475980357732566,0.641061306137784,0.999486182046446,-4.9558761846531
"FIG4",-0.309500358191441,15.9550780088231,-2.08253531333139,0.055130197723,0.999486182046446,-3.91892414372209
"DCUN1D4",-0.0793918556369473,14.2479766846036,-0.22472545123123,0.825754077292502,0.999486182046446,-5.00921214079288
"AP3S1",-0.0423456142231622,19.9384923012467,-0.604579678169633,0.554644874777725,0.999486182046446,-4.91429084057126
"TSC1",0.123329080013951,15.6238897816925,0.907491932658991,0.378733984627558,0.999486182046446,-4.78100491589772
"UBXN4",-0.176395686445602,19.8817887266141,-1.7413195182462,0.102435944170591,0.999486182046446,-4.20979210548313
"PHF3",-0.088289396651323,17.398304013683,-0.830834186622812,0.419312923694992,0.999486182046446,-4.81919733909182
"SLC9A6",-0.111489648762586,16.77801700732,-0.538848885161609,0.598030241931532,0.999486182046446,-4.93671484756777
"NDRG1",-0.00507610676704218,17.409293315593,-0.0396250080170177,0.968923430250244,0.999486182046446,-5.02438685359131
"HSPH1",-0.0844586040343351,24.0731098920708,-1.28272293078702,0.219379766712715,0.999486182046446,-4.55544163863291
"SEPTIN8",-0.064710474932248,20.3409604985467,-0.825208533780962,0.422398727430249,0.999486182046446,-4.82188516805721
"CNOT9",0.0885344530043284,19.8338338372562,0.879735815823214,0.39310948473803,0.999486182046446,-4.79516758345313
"LPGAT1",-0.00921144967039922,16.6060677763353,-0.0347663448033484,0.972732163976974,0.999486182046446,-5.02449811206224
"TBC1D5",-0.0709324681500227,19.3650294063398,-1.22425976024958,0.240048596619325,0.999486182046446,-4.59445750484068
"ZNF592",-0.0680103065919404,18.2635782168534,-0.688877544648883,0.50159282785681,0.999486182046446,-4.88204117643122
"EDEM1",0.1835092021302,15.7408839347305,0.919855225125327,0.373504025064869,0.999486182046446,-4.77413284734774
"JADE3",-0.0914380353378981,17.4202570770497,-0.42966247082486,0.67365145062603,0.999486182046446,-4.96853788436345
"MYO18A",-0.0390783211400141,19.0535942841696,-0.598030510132582,0.558890538073202,0.999486182046446,-4.91663324454888
"LARP4B",-0.0501143612329997,20.7778617132205,-0.807235533637108,0.432355441898005,0.999486182046446,-4.83036518499066
"GCN1",-0.0200229650074455,22.9355399573193,-0.431231884671466,0.672535542652526,0.999486182046446,-4.96812926906289
"ZNF516",-0.0400949234503827,15.2060680214534,-0.165520722274195,0.871605627021945,0.999486182046446,-5.01625213298094
"DHX38",-0.0571223950765578,19.8004613238798,-1.30645384561759,0.211402754858628,0.999486182046446,-4.53923538576453
"NUP205",-0.0528926945889161,21.0508231303521,-0.61180920057512,0.549978457231523,0.999486182046446,-4.91167753283675
"RUBCN",0.0887094983933903,13.516734947071,0.312432908734242,0.759762378636743,0.999486182046446,-4.99468388393292
"APPBP2",-0.0563136555038355,19.3591349413399,-0.87936360003175,0.39330471632911,0.999486182046446,-4.79535495336312
"ANKS1A",0.053247323744344,17.5634422351026,0.532090807131066,0.602586018466728,0.999486182046446,-4.9388826482836
"PXDN",0.0785124355531686,17.8889055571982,1.28934366873091,0.217130584173944,0.999486182046446,-4.55094129190329
"NSMAF",-0.0190693052159396,16.4102204941354,-0.115495792937924,0.909609771102022,0.999486182046446,-5.02076622173896
"PIGK",0.0127958029266892,20.7693976003633,0.141094977791499,0.889703751406181,0.999486182046446,-5.01874728407395
"GTF3A",-0.0707549390143125,12.1056584507336,-0.330561176400038,0.745624570667681,0.999486182046446,-4.9914065901325
"MRPS31",0.0422897267152536,20.3016209700972,0.477806894295231,0.639791075765779,0.999486182046446,-4.95535142399649
"AKAP1",-0.0960079271670793,19.1101652344479,-1.22803176973782,0.238670744601907,0.999486182046446,-4.59198009468486
"SORL1",0.0787449380169605,16.4518052823125,0.530848826004847,0.603425141410118,0.999486182046446,-4.93927822545482
"CENPI",0.0980143503864142,15.8073369092526,0.550223101248828,0.590401843957301,0.999486182046446,-4.9330080008524
"ALG3",-0.183190323641981,19.583366492801,-1.00247483661308,0.332423899995417,0.999486182046446,-4.72971051754971
"ANP32B",-0.0150189525117455,23.0854665976094,-0.150601897149323,0.882329898644952,0.999486182046446,-5.01789529939616
"NECTIN2",-0.0230545878088293,19.7227899279356,-0.179156304736209,0.860252625953227,0.999486182046446,-5.0150041274657
"RABGGTA",-0.0443138021114073,21.0967107053606,-0.50894366018356,0.61831945409477,0.999486182046446,-4.94611101733914
"RND1",0.0567309453313278,20.265946722719,0.791229338029255,0.442244927565184,0.999486182046446,-4.83731374510696
"PRCC",0.0252042069159799,17.3296720541437,0.162382041081557,0.87320854363287,0.999486182046446,-5.01676290514292
"TFG",-0.00788988948048797,21.7184697862055,-0.100254540546471,0.921492168723005,0.999486182046446,-5.02177741516727
"HTRA1",0.0270774201559938,13.5198640900133,0.0881570982657626,0.930937531868763,0.999486182046446,-5.02247851519978
"ARPC1A",-0.0388098290091357,21.345632497944,-0.428400299691217,0.674549474362336,0.999486182046446,-4.96886546262065
"TFAP2C",-0.107885941724557,19.0336719974638,-1.04210426059489,0.314143075591845,0.999486182046446,-4.70714331619946
"GTF2H4",-0.00512734322991193,18.1487157270781,-0.0473442731498071,0.96287390290754,0.999486182046446,-5.02418021376226
"RREB1",0.060672246323934,15.4213322718984,0.433595995819984,0.670856080743817,0.999486182046446,-4.96751103284777
"HDAC2",-0.0436144564619241,20.370416433855,-0.527215845873344,0.605883026824702,0.999486182046446,-4.94043032337124
"STAM",0.0562059953517746,18.9493310833627,0.5389895359104,0.597935609712069,0.999486182046446,-4.93666945607454
"DPF2",-0.0250177258184756,18.6055129196286,-0.229643903035663,0.821522449134988,0.999486182046446,-5.00867603926329
"P3H4",0.000146742375374487,16.8223258129253,0.0015359141364254,0.998795097777998,0.999486182046446,-5.02486947307177
"CREBBP",0.0293899990854474,15.274402765883,0.213046245982573,0.834207306446969,0.999486182046446,-5.01092740188493
"KAT6A",0.101277369164245,15.6070932417354,0.741432122187215,0.470072119207464,0.999486182046446,-4.86000004039483
"DLG3",-0.0239716204209692,18.5028342528998,-0.304411353770972,0.765066975359771,0.999486182046446,-4.99646898963135
"SYMPK",0.019789072351351,19.1538619236073,0.337192733052456,0.740721708149451,0.999486182046446,-4.99005785558161
"TAF15",0.119564777976404,17.7231387043852,0.504454136960012,0.621440035537296,0.999486182046446,-4.94745272913202
"GOLGA1",0.107782574252376,16.6638488865666,0.746727745383981,0.466964144971546,0.999486182046446,-4.85769823384506
"EVPL",0.00029713454399527,18.1824822903969,0.00357069507606939,0.997198847010194,0.999486182046446,-5.02486627416172
"GGH",0.0550160027336766,19.9321855621216,1.01086044253683,0.32837854573343,0.999486182046446,-4.72503226834848
"NRCAM",-0.201950529869759,16.2393265886082,-1.02405720140923,0.328299362822216,0.999486182046446,-4.71577591306091
"KAT2A",-0.0774292100575913,17.358591290219,-0.704313616146211,0.492208183464531,0.999486182046446,-4.87571948275901
"DDX17",-0.00736878577482614,22.6296184787215,-0.154486113547853,0.879320380736212,0.999486182046446,-5.01753129559415
"KIFAP3",0.0479440168191232,18.1882606365036,0.42584910208234,0.676366192115387,0.999486182046446,-4.96952474916534
"SEMA4D",-0.7018029314003,14.2776172711038,-1.94706236449471,0.0758237915429365,0.999486182046446,-4.05846660967779
"NEO1",0.0484217136667731,17.389889796664,0.465457005335877,0.648402102151364,0.999486182046446,-4.9588620348258
"APBB2",-0.157465463729523,17.7591055212719,-1.04786450362226,0.311568170248924,0.999486182046446,-4.70379741644716
"PMM1",0.0348161988921589,16.6328668408218,0.135018738350321,0.894422238192829,0.999486182046446,-5.01926284051179
"DNASE1L2",0.0126701529372362,18.4373095042214,0.1815668989689,0.861253581898353,0.999486182046446,-5.01399532152351
"RAD50",-0.0781832920236241,20.3549641268458,-1.62885275012002,0.124508554131573,0.999486182046446,-4.3002521244657
"CELF1",-0.110353107561693,19.9516137529286,-1.17429827405169,0.258886373919485,0.999486182046446,-4.62673811725234
"OSTF1",0.0873808822046236,20.1089068310829,0.89115812356108,0.387149893056463,0.999486182046446,-4.78938473417306
"ARHGEF1",0.00731272546464723,19.8217630579566,0.104010841748081,0.918561765355371,0.999486182046446,-5.02154143794875
"ERCC4",-0.0250154337196271,18.1840165221952,-0.335099844412508,0.742267785133679,0.999486182046446,-4.99048634103476
"UFD1",-0.061537942214791,22.5947861129306,-0.885178572879874,0.390262102937627,0.999486182046446,-4.79241999787899
"GLG1",-0.150373557323,20.7256843600002,-0.973130701274698,0.346273863850357,0.999486182046446,-4.7460069959875
"UPF1",-0.017185067131269,21.458654366841,-0.338527284268831,0.73973643985453,0.999486182046446,-4.98978326502148
"CDS1",-0.202543803717273,18.3849882534714,-1.17010228511827,0.260518664199791,0.999486182046446,-4.62940337184797
"COPS5",0.0137728783420172,20.3665901061481,0.0976186267471559,0.923553434641929,0.999486182046446,-5.02193723835449
"GPKOW",0.0110436945562,20.2822560742409,0.150173088125621,0.882662258796834,0.999486182046446,-5.01793491903287
"SMARCC1",-0.0734645218054695,18.8044296104079,-0.905191066117068,0.379911920162465,0.999486182046446,-4.78219316735175
"SMARCD2",-0.0142147004070843,19.5100915485493,-0.259471522927879,0.798857847266211,0.999486182046446,-5.00421053453848
"RAB8B",0.0569947079043231,16.2873886811787,0.379880180750984,0.709448063607518,0.999486182046446,-4.98075044132582
"BAD",-0.0681639690083564,17.517960257555,-0.584862358121405,0.567479587720651,0.999486182046446,-4.92127094709292
"KHSRP",-0.0840252987407517,22.233661291702,-1.09058528870679,0.292950625979449,0.999486182046446,-4.6785257858503
"GCDH",0.0442405038852804,19.6518231632305,0.179918035870293,0.859714128986919,0.999486182046446,-5.01490775188974
"RIT1",0.207713892805595,13.9889537042746,1.61582244014626,0.127313987159673,0.999486182046446,-4.31052150968451
"SNAPC3",-0.073429612696799,15.9144216049081,-0.40184988062921,0.693556742759268,0.999486182046446,-4.97554025927974
"PEX13",0.0141002245758983,16.1174769391778,0.142520992149647,0.888597001929598,0.999486182046446,-5.018623014631
"TNPO1",-0.0101751248602326,22.2248928062665,-0.158560830968674,0.876165330612631,0.999486182046446,-5.01713952409666
"ARHGEF2",0.0109696875634739,19.2993652759082,0.176107934194137,0.862604122049904,0.999486182046446,-5.01533651908348
"EMG1",-0.0321204728968283,22.3009456359564,-0.414976170529289,0.684132086847106,0.999486182046446,-4.97229189931387
"CLP1",0.0234291111978138,19.3165926987777,0.300531527613805,0.767965981708311,0.999486182046446,-4.99718522253424
"GLMN",0.000510062637577136,18.1483132965981,0.00651767444002658,0.994887016040561,0.999486182046446,-5.02485712146699
"KAT5",0.0688064403848792,17.4150995995254,0.646024816644796,0.528186652022324,0.999486182046446,-4.89891921535916
"BRF1",0.149922716296182,16.5199442846177,1.04583442494237,0.312473884186252,0.999486182046446,-4.70497829596954
"USP13",0.00697853316497543,19.2349725814403,0.0943815587692833,0.926076202076201,0.999486182046446,-5.02212900552047
"USP9X",-0.0438823889887878,19.8691378085481,-0.59864072003514,0.558494218567251,0.999486182046446,-4.91641599862169
"USP7",-0.0102474974208029,21.5801748351901,-0.239888398834423,0.813718434007731,0.999486182046446,-5.00720304568163
"CUL5",0.0246833593787166,18.9977888548709,0.462353443827065,0.650574332203359,0.999486182046446,-4.95973040869284
"ATP6V0A1",-0.0303807077484315,20.5731511285913,-0.431737019990057,0.672176543071105,0.999486182046446,-4.96799744548118
"LPP",0.00627802748684658,19.0840572467884,0.0592552823466705,0.95354410504251,0.999486182046446,-5.02378943092414
"RBPMS",0.0114736349134823,16.8100133450609,0.100121650362534,0.921595862173925,0.999486182046446,-5.02178560491534
"EXT2",0.0303553684943729,17.8394228175012,0.242683295844242,0.811833213089581,0.999486182046446,-5.00671040801559
"SECISBP2L",-0.0129142694329101,15.2219673443277,-0.0812591243818414,0.936406779888624,0.999486182046446,-5.02282870319026
"MED12",-0.0647787577946062,18.7345861847142,-1.23174741216174,0.237319514108872,0.999486182046446,-4.58953425716412
"TATDN2",0.0673278942711129,12.3143358671918,0.287376124036795,0.777822174989848,0.999486182046446,-4.99954652230047
"ATP2A3",-0.0117983774936654,18.2797415090392,-0.097815699572526,0.923395415133608,0.999486182046446,-5.02192598950148
"PTP4A1",-0.109477401696505,18.2419956342136,-0.445601071406063,0.662424606563456,0.999486182046446,-4.9642862041735
"HGD",0.255886609745922,16.6984044205738,1.15738044802178,0.266826781693027,0.999486182046446,-4.63735098653069
"PHKB",0.0230196371605551,16.9696732480283,0.199131245844975,0.844878938062003,0.999486182046446,-5.01268589116604
"SCAMP4",-0.53624334460914,19.6421039184498,-1.60179345839641,0.13081745932057,0.999486182046446,-4.32217007080461
"TCEAL3",-0.281792014944477,14.68537164135,-0.889260411932849,0.388135790738569,0.999486182046446,-4.790349916918
"TSR2",-0.00519920317854883,18.6427352117997,-0.0210032808714074,0.983551237779349,0.999486182046446,-5.02473356666749
"GTF3C6",0.0354475104457421,14.1366215106143,0.0958627075869132,0.925012681434493,0.999486182046446,-5.02202936731353
"HPS3",0.00778396531957171,17.727940714542,0.102144527843603,0.920017582928434,0.999486182046446,-5.02165976559597
"SMARCE1",-0.0687161007011632,18.7758306477335,-0.832097212617599,0.41862214082962,0.999486182046446,-4.81859170067014
"RFK",-0.00963857490902242,18.4385533115659,-0.0331342733844697,0.974020583710109,0.999486182046446,-5.02453179224671
"CNKSR1",-0.554586027795434,15.0520941734218,-1.40048947904912,0.182104591706842,0.999486182046446,-4.47305267179869
"POP5",-0.208789420835437,17.7413403552159,-1.16706578781174,0.261704792949707,0.999486182046446,-4.6313276375492
"MYDGF",0.00322940138850569,21.9825997078278,0.034980119970713,0.972564569257546,0.999486182046446,-5.02449352240187
"MAL2",0.312519171274783,20.8247927951619,1.0533915390934,0.309447648825517,0.999486182046446,-4.70048850786945
"LSM10",0.243303870766407,16.6340093563825,1.63609227965686,0.122972990378969,0.999486182046446,-4.29452680156576
"YIPF5",-0.212182303226868,18.0521914416968,-2.14681725174568,0.0488609909517032,0.999486182046446,-3.86200621421056
"UBE2F",0.0223994118513531,16.1307362556033,0.115759787036938,0.909516457070702,0.999486182046446,-5.02072861008111
"PIGT",0.00961355295567046,19.9315078978157,0.178515880612545,0.860746532808904,0.999486182046446,-5.01507442916187
"IGSF8",-0.0776249575236392,17.537067625313,-0.93475586946089,0.364965377971162,0.999486182046446,-4.76673099497285
"RPL36AL",-0.0949324387388089,19.0100960666296,-0.730558514715366,0.476493205838459,0.999486182046446,-4.8646802631824
"RAB24",-0.098201267089177,18.1234526638993,-0.867387646245604,0.399620835289592,0.999486182046446,-4.8013471958593
"PPP2R3C",-0.0397587942491651,15.7222112080451,-0.13485780982465,0.894547263734882,0.999486182046446,-5.01927618763162
"OSBP2",0.428644628165646,15.4342992955733,1.22346506203383,0.253205716525231,0.999486182046446,-4.59590673212804
"L3MBTL2",-0.22383250163465,16.9830656121242,-0.994674594393338,0.337076795340415,0.999486182046446,-4.7337429284832
"ITFG2",-0.0943799117070903,16.4187978978997,-0.598537790181616,0.55856105893514,0.999486182046446,-4.91645265802068
"SLC35B4",-0.198317413922137,16.3115238054391,-1.1010829596464,0.289762096876324,0.999486182046446,-4.6719756971046
"NEIL2",-0.0721099589807181,17.0995563480372,-0.521945302784939,0.609457575942391,0.999486182046446,-4.94208840202807
"ZNF622",-0.0177004894890764,19.1857510512864,-0.325024939742629,0.749726381379953,0.999486182046446,-4.99251246696829
"GFM2",0.0774120083757417,18.4870464282769,1.27692878720568,0.221363255534815,0.999486182046446,-4.55936663293365
"SNX21",-0.105670141360635,15.8303525225853,-0.821534345266027,0.424422020058787,0.999486182046446,-4.82363201374705
"UBE2E3",-0.251399512794531,17.0606392501811,-0.531703321084446,0.603005507332113,0.999486182046446,-4.93891947397017
"NT5C3B",0.149213233445131,18.7602672899851,1.21169288244613,0.244683736573849,0.999486182046446,-4.6026708593722
"WBP2",0.012349314602325,21.2214422300525,0.107877222916883,0.915546761318155,0.999486182046446,-5.02128950043739
"FBXW5",0.269514618930385,15.5992824239194,0.819319781148028,0.426577187892008,0.999486182046446,-4.82421351490439
"PSMG2",-0.0433242639835001,20.730417964705,-0.497235047005652,0.62635288053214,0.999486182046446,-4.94965098338449
"NCLN",-0.0296634298831648,20.7892529127707,-0.49360001254424,0.628856983729883,0.999486182046446,-4.95073402778649
"MUL1",-0.11828310714866,17.8246795410581,-0.717478372000464,0.484287200296764,0.999486182046446,-4.87022768256211
"MRTFA",-0.225079077749058,14.1193122002379,-0.389237635517868,0.703125515996344,0.999486182046446,-4.97834651305543
"ERGIC1",0.00223855091932634,22.4830401676075,0.0405323663883583,0.968212230731335,0.999486182046446,-5.02436446601543
"UTP4",0.0731121834769226,19.3077275227315,0.754885126224762,0.462201322496633,0.999486182046446,-4.85412384418508
"GTPBP3",0.0563584433416828,18.0779106233719,0.53895813488209,0.597956736207463,0.999486182046446,-4.93667959093752
"TBRG4",-0.0099401446463645,20.7756719802178,-0.192453061153543,0.850011871209483,0.999486182046446,-5.01348799485716
"MTARC2",0.0201742905825597,17.9505969356293,0.271477674870763,0.789786246645732,0.999486182046446,-5.00226131981187
"C11orf52",-0.139385090677187,14.8504013535934,-0.619008652262642,0.545352759796842,0.999486182046446,-4.90904642060392
"FAM162A",0.018453823489736,21.1150037205019,0.102460175834669,0.919787608398,0.999486182046446,-5.02163748017294
"CCDC47",-0.0536653478846105,21.956032495458,-0.422918384429453,0.678455737984699,0.999486182046446,-4.97027741975973
"MRPL24",-0.0860346732432973,20.1767731697663,-0.453683822986104,0.656751776454618,0.999486182046446,-4.96207910989755
"SLC25A28",-0.138195180473279,17.0336615379239,-1.03295126506784,0.318266309057605,0.999486182046446,-4.71242945377537
"SYAP1",0.0112163705110149,18.9689421541725,0.0500071862853506,0.960799381714623,0.999486182046446,-5.02409955225755
"ADIPOR1",0.197702108635546,16.628754760013,0.791045891790096,0.441451635115199,0.999486182046446,-4.83786316874932
"TMEM230",0.175208944205075,17.552573252583,0.824235628388783,0.422933876167442,0.999486182046446,-4.82234838644342
"RERG",-0.020385282161385,21.6468497997397,-0.0219780293434457,0.982787990631598,0.999486182046446,-5.02472059065233
"MARVELD3",-0.020413315440333,17.054730936479,-0.0999748583337646,0.921710404866098,0.999486182046446,-5.02179463880287
"EXOC4",-0.0240381338868048,20.0063907999982,-0.45857969923338,0.653220055325077,0.999486182046446,-4.96077879012095
"MAGOHB",0.0845399755509426,19.4426456603401,0.583250698068718,0.568549251507029,0.999486182046446,-4.92182426484915
"KIAA1191",0.294477315066183,16.4063108685024,1.51305240609798,0.152907080468393,0.999486182046446,-4.391443917795
"RFT1",-0.157033279718323,18.8300913656973,-1.57063875900656,0.137465756731409,0.999486182046446,-4.34576883861679
"ISOC2",0.0611028412587444,19.5486214050358,0.306549300238467,0.763530863833515,0.999486182046446,-4.99604649343768
"NTAN1",0.052486567210142,17.271593979406,0.354280878286129,0.728141995417702,0.999486182046446,-4.98646179547034
"FERMT2",-0.0370879837303519,18.8981074827936,-0.338401056548758,0.739829610695366,0.999486182046446,-4.98980928242852
"PNPLA2",-0.0552786553353748,16.6257523336063,-0.29282053489517,0.773738252240216,0.999486182046446,-4.99858189543878
"FUBP1",-0.049408658482875,22.5630699127351,-0.627975513911905,0.539621436879806,0.999486182046446,-4.90572948946702
"TTC17",0.0276461640679742,15.7184842682435,0.169179573671154,0.867953589732594,0.999486182046446,-5.01607088896038
"SLC25A46",0.0830108712433422,17.8287724025383,0.679405074642688,0.507403252466252,0.999486182046446,-4.88585735203301
"LRRC59",-0.0563229682865725,24.6076123016081,-0.361955148622588,0.722550229164073,0.999486182046446,-4.98477599301641
"VTI1A",-0.0211382324837679,17.637656286141,-0.190892974164352,0.851211994599478,0.999486182046446,-5.01367146009371
"PBXIP1",0.193207146796027,16.970144917908,2.28227236777766,0.0377548354774949,0.999486182046446,-3.74052325968718
"MCUR1",-0.134158717643796,17.0899334814195,-1.00543896025116,0.330895088283873,0.999486182046446,-4.72809140269058
"KIAA1143",0.0427156904389072,16.522123004317,0.224837757962723,0.825190447230598,0.999486182046446,-5.00934515947232
"RPE",0.402583272219537,17.3716555793926,0.902665497909763,0.381495453337904,0.999486182046446,-4.78336889046051
"VPS33A",0.0242519236603549,20.4936642397835,0.484666572515515,0.635031073272105,0.999486182046446,-4.95336349312037
"FKBP10",0.0146292755669535,19.5235929718522,0.0865472430152493,0.932202526875979,0.999486182046446,-5.02256412462422
"ISG20",0.0760655867925912,15.3722967570957,0.507503726643948,0.619843469542154,0.999486182046446,-4.94625904741654
"RAD51AP1",-0.0956468097857108,15.5863405840808,-0.35954206475682,0.726152218253227,0.999486182046446,-4.98447847809086
"UBE2W",-0.0757343773673114,15.4019065508025,-0.214393942511999,0.833915234578627,0.999486182046446,-5.01053007013116
"C18orf25",0.16775354555325,18.0149640288712,1.12160585740577,0.279957489629712,0.999486182046446,-4.6596796617284
"EXOSC8",-0.157715438298485,20.5847076054698,-1.1795021735739,0.256897211180898,0.999486182046446,-4.62342214574799
"AKT1S1",0.0404774668791887,18.4932764874637,0.114264297575162,0.910599849518926,0.999486182046446,-5.02084812484782
"TMEM18",-0.329154201178461,15.1793457000217,-0.968005890860618,0.354314347925689,0.999486182046446,-4.74677616539619
"ZNF428",0.0310431083599774,18.4577608200798,0.157997348426727,0.876614796063204,0.999486182046446,-5.01719131016099
"LENG9",-0.0333296295167607,18.0042418476251,-0.298550000672451,0.769447966203982,0.999486182046446,-4.99754753828967
"TMEM186",0.223365495154191,16.1430688411693,1.31508969917149,0.211640200074264,0.999486182046446,-4.53426791611369
"SLCO4A1",0.154240064705872,17.2905406234389,0.633970964447933,0.535834133311621,0.999486182046446,-4.9034723497716
"SKA1",0.0126495036476371,16.5771598711075,0.0830638129037385,0.934917536575592,0.999486182046446,-5.02274680213018
"NACC2",0.0230460221236051,16.5137497999044,0.143840676895966,0.88771302916138,0.999486182046446,-5.01847798505721
"RNF25",0.123872987624694,18.6932968969405,0.951314662411522,0.356773442789965,0.999486182046446,-4.75788869755942
"SLC22A18",-0.11551071918074,18.5977442768587,-1.23620275506279,0.23570715988751,0.999486182046446,-4.58659440102413
"APH1A",0.0365577064094147,17.1421011021705,0.233750625558912,0.818391650307325,0.999486182046446,-5.00809319600661
"AIDA",0.0926873345629033,18.2486860970565,0.775390865013035,0.450361687489197,0.999486182046446,-4.8449858079717
"ELMO3",0.0385129233052375,18.3823612200168,0.341556840723869,0.737501541084014,0.999486182046446,-4.98915598191621
"PINX1",-0.109769407180284,17.3584189550027,-0.879576244016246,0.39319317409958,0.999486182046446,-4.79524791871242
"ARL8A",0.0583841825911371,20.6767171634113,0.277686379378668,0.785184234523585,0.999486182046446,-5.00119071316444
"TADA1",0.039154337041591,17.8447689616695,0.373016119460977,0.714442235258804,0.999486182046446,-4.98231990953912
"OTULIN",-0.0877916354663277,20.0598102561445,-0.680491207451609,0.506735040844759,0.999486182046446,-4.88542222857193
"CHCHD1",-0.195121246130171,18.1340150752261,-0.910628941889472,0.37722219585342,0.999486182046446,-4.77934201267263
"PPWD1",-0.0404545866333912,18.370651254845,-0.525223794138451,0.607232843403709,0.999486182046446,-4.94105886569096
"CCDC127",0.193701125041326,18.2529266760864,1.4586143224181,0.167133493607603,0.999486182046446,-4.43180909056594
"SGK3",-0.0481562703923153,15.6649486733151,-0.126240774334486,0.90279221985189,0.999486182046446,-5.01968317130329
"COA7",-0.0283786052843524,19.9353999907469,-0.221723192726287,0.827569708780259,0.999486182046446,-5.00977129111331
"UPRT",-0.271260007459595,17.1167443079873,-1.20154197763732,0.248478168621748,0.999486182046446,-4.60925950174496
"TAMM41",0.0635639687544796,20.5880680623835,0.559594651942961,0.584153964705646,0.999486182046446,-4.92989900501005
"ATG2B",0.00497388354671457,18.9031445220533,0.0604553981537829,0.952604430258444,0.999486182046446,-5.02374521711075
"SARAF",-0.489774948115645,14.7279242883364,-1.77104910476442,0.0972069223025982,0.999486182046446,-4.18536681808057
"LENG1",0.0390866761602702,17.776581196412,0.185357716482161,0.85547980639661,0.999486182046446,-5.01430869449318
"TBC1D20",-0.159499357907579,15.8706230639607,-0.512801606945764,0.615683397868228,0.999486182046446,-4.94492745107328
"ZBTB9",-0.392613435702962,13.4620682643998,-1.7409759414681,0.1040039702858,0.999486182046446,-4.21374219646063
"FAM136A",-0.132533018896417,18.1491464978434,-0.773397175223662,0.451504424958586,0.999486182046446,-4.84588382223529
"FGGY",0.0813060687193872,14.0250738996403,0.29153561145175,0.774993395091735,0.999486182046446,-4.99869860965641
"ARMC5",-0.0443485026876722,16.1280614007545,-0.201867206602895,0.84277813009285,0.999486182046446,-5.01234944021826
"EFHD2",0.0212177737038957,20.1241841595673,0.180983950702577,0.858843444501222,0.999486182046446,-5.01480212431888
"GALM",0.000645020476024882,20.0045074571934,0.00932440306572179,0.992685252003907,0.999486182046446,-5.02484343277646
"RUNDC1",0.0902217584537297,17.9938330441255,0.643829162275218,0.529570353497591,0.999486182046446,-4.89975718066186
"PYCR2",-0.120269315396609,19.5277742823699,-1.28208672214252,0.219596867234843,0.999486182046446,-4.55587322740712
"CUSTOS",0.0868649341974752,19.0230886228623,0.576438091254998,0.573010806769643,0.999486182046446,-4.92418723676358
"DCPS",0.0199750543031563,19.5570488278717,0.417470036703802,0.682347560867554,0.999486182046446,-4.97166332556192
"PPP1R14B",-0.205406578540945,18.5590579478509,-1.28940992248235,0.217108169452166,0.999486182046446,-4.55089617412786
"INTS12",-0.0761409300389069,17.8237901029906,-0.928331590123911,0.368178271128075,0.999486182046446,-4.77012645642932
"NSUN4",-0.0334362260575745,19.3656491568748,-0.474805530177089,0.641878931993703,0.999486182046446,-4.95621269420136
"FBXL8",0.0137375427725566,14.360657355054,0.0546656700538634,0.957191129229369,0.999486182046446,-5.02394610805832
"PPCDC",0.180847842310019,17.4954706583787,0.978063048045429,0.343812567536456,0.999486182046446,-4.74333270008038
"CHMP4C",-0.27688089510119,17.8107208681698,-0.699458744564347,0.496177110666892,0.999486182046446,-4.87715092612581
"ACSF2",-0.122801978388004,18.4206775098668,-1.03898399538708,0.315544312686831,0.999486182046446,-4.70894957676696
"ISOC1",0.0279510973626174,23.8141330126576,0.495883532120354,0.62728335909315,0.999486182046446,-4.95005454662483
"GCC1",0.144753437544537,17.7224475339109,1.01458207325683,0.326658990922552,0.999486182046446,-4.72292455014547
"FLYWCH2",-0.0443376461221376,19.9606136745941,-0.425568275673302,0.676566297144479,0.999486182046446,-4.96959708875642
"GRAMD1A",0.190531741013018,16.8452936375697,1.01663129369748,0.325714923910255,0.999486182046446,-4.7217613037554
"TLCD1",-0.386530570364823,18.0115105273212,-1.21830926129922,0.242613298416955,0.999486182046446,-4.59837907878699
"SLC25A36",-0.184657994972808,16.0514839777376,-0.672568756631513,0.512366055279156,0.999486182046446,-4.88816408346409
"FAF2",-0.0799795833043966,21.7112842170681,-1.21933505728078,0.241856813511856,0.999486182046446,-4.59768357578594
"ZNF689",0.0130756196746642,15.1807924187198,0.0835748360198453,0.93459896658345,0.999486182046446,-5.02271073131312
"PLEKHB2",0.44881170092351,17.0807002819531,0.873181017473183,0.397876194324259,0.999486182046446,-4.79784768584578
"CCDC124",-0.063438780897318,20.3104546207646,-0.869990050248016,0.3982426241871,0.999486182046446,-4.80005107150402
"FOXRED1",-0.00982524893329284,18.1316197347208,-0.16818378708452,0.868723003913736,0.999486182046446,-5.01617402840002
"OPTN",0.260079334669662,15.4215953771537,1.52659481335485,0.149531198182351,0.999486182046446,-4.3812674737913
"AP2M1",-0.0256749091767858,22.2188129805583,-0.422483311862029,0.678766169871915,0.999486182046446,-4.97038872773466
"TUBGCP3",0.0139459715772716,18.92646758121,0.153052983647474,0.880430558209429,0.999486182046446,-5.01766667346457
"SLC7A6OS",-0.663650405779009,16.0780597032329,-1.60539121258215,0.129792904974537,0.999486182046446,-4.31900934570927
"KCTD12",-0.0583419416785489,19.253399853902,-0.532264247134596,0.602468882939624,0.999486182046446,-4.93882733717211
"LRRC58",0.170506509729929,16.9798987288115,1.05784674247577,0.307142431975463,0.999486182046446,-4.697964220652
"FAM241B",-0.395577231508724,17.4193493439743,-1.73847448879625,0.102965244182435,0.999486182046446,-4.21215824032477
"GPRASP2",0.223987022344012,15.5579926173739,0.929733116065861,0.367475690122093,0.999486182046446,-4.76938737845042
"ORAI1",0.0603472238606209,16.997346701393,0.366610472052763,0.719921330777982,0.999486182046446,-4.9833919070932
"NMD3",-0.101371810464634,22.7713618576768,-0.805412931210231,0.433373455217893,0.999486182046446,-4.83121597349814
"COQ8B",0.175014670902947,17.5276454424615,1.2019303931513,0.248332146271423,0.999486182046446,-4.60900814880203
"R3HDM4",0.0538562026678076,15.029959475494,0.142266997500359,0.888932591100212,0.999486182046446,-5.01861694159939
"REPS1",-0.0115200151459334,17.5524431714628,-0.120812950560715,0.90546950181068,0.999486182046446,-5.02037992035066
"RAB39B",-0.00857864221374527,17.7480532915693,-0.0589165906723384,0.953809309108026,0.999486182046446,-5.0238017484762
"DNAJC19",-0.0198477076128292,20.1393400290832,-0.221565706806676,0.827690061213457,0.999486182046446,-5.00979268179942
"HDAC11",0.012888260340528,15.2320405695096,0.0703541248852775,0.945203434037958,0.999486182046446,-5.0233109024093
"RMDN1",0.0227466860093486,21.4748201849059,0.432939570680437,0.671322222825615,0.999486182046446,-4.96768302073638
"TMCO6",0.119283655195993,13.5445823742242,0.433543630267299,0.670893261555106,0.999486182046446,-4.96752476220288
"NUDT16",0.155526797340244,19.9212290142389,1.56183819897839,0.13952131982602,0.999486182046446,-4.35256694028467
"ESS2",-0.0773976936343814,15.83144240263,-0.402821132294492,0.692857564656062,0.999486182046446,-4.97530336800452
"CMBL",0.00166858206204523,22.1049659521256,0.0164135809842325,0.987124397202467,0.999486182046446,-5.02478726140911
"MSI2",-0.0692280751751539,21.5044154340376,-0.757158023840626,0.460879602837274,0.999486182046446,-4.85312172669568
"SNRNP40",-0.0392064810257047,20.7581315068391,-0.42422425671581,0.677524337310586,0.999486182046446,-4.96994266394161
"RMC1",-0.0282217058722729,18.719655721244,-0.402113629183273,0.693366848690171,0.999486182046446,-4.97547598500526
"MTFMT",-0.0822063778162558,17.0258220450018,-0.790445512755805,0.441791273576367,0.999486182046446,-4.83813864811564
"STARD4",0.26015144385368,15.8908403997872,0.788800518104137,0.451180018230746,0.999486182046446,-4.83452669069394
"ARHGEF26",0.135785738428531,17.4135191347432,1.05618545214573,0.307875780327677,0.999486182046446,-4.69893806919556
"ATG4C",0.0140437481686337,15.7316420037176,0.101409208925141,0.92059124984599,0.999486182046446,-5.02170579897949
"ITPKC",0.206459743856007,16.411767317587,1.66283550248203,0.117441318851543,0.999486182046446,-4.27325706587602
"MRPL38",-0.131975326423586,20.9253676192076,-1.26972900480714,0.223847667608271,0.999486182046446,-4.56422618273858
"SLC25A38",-0.403632827461051,15.2917095280044,-2.48731476745601,0.0253557035224163,0.999486182046446,-3.5538022072901
"RSPRY1",0.0196701120500311,14.9861511637151,0.122998208493807,0.903768739555628,0.999486182046446,-5.02021613096067
"MTBP",0.138935874296418,15.6206258741344,0.350030126660905,0.732071207111024,0.999486182046446,-4.98701587776658
"ERLEC1",-0.0548052909128565,18.2713045892444,-0.834683303601082,0.417210047340189,0.999486182046446,-4.81734913400466
"MRRF",-0.0766163944110261,20.3496385812812,-0.806832226241921,0.432580577129395,0.999486182046446,-4.83055359399151
"RMI2",0.103580776291309,18.4004454765145,0.715004972563658,0.485769554274078,0.999486182046446,-4.87126650294921
"MTERF3",0.00815076458646047,19.1114162824511,0.0478754289389726,0.962461706410413,0.999486182046446,-5.02416436653078
"RBMXL1",0.0635385344647474,18.1893162155499,0.495407157076371,0.627611485644119,0.999486182046446,-4.95019654297801
"OMA1",-0.00452502077629191,16.8040976476692,-0.021337664330266,0.983282836380261,0.999486182046446,-5.02472938844495
"SPDL1",-0.115193427688423,15.8256533422296,-0.62938929623272,0.539411109374383,0.999486182046446,-4.9048133547811
"ELP4",-0.113482606102068,17.5482133651788,-0.797852700776011,0.437612538824032,0.999486182046446,-4.83472700774949
"SIRT1",0.0268083370566075,17.5894996208383,0.287560953704523,0.777683419868444,0.999486182046446,-4.99951406675605
"YIPF6",-0.0960046869853883,20.4491018720441,-1.38011320489459,0.18811154894768,0.999486182046446,-4.48763111449682
"HOOK2",0.159384516506666,17.3417684176973,1.14235498929798,0.271510931398614,0.999486182046446,-4.64684590310607
"SEH1L",0.0293176224540197,20.5772227951174,0.374141881478079,0.713622216310398,0.999486182046446,-4.98206441289635
"MALSU1",0.0845008956409217,17.8254017469759,0.580016326844109,0.570657953054758,0.999486182046446,-4.92295337223401
"TCEAL4",-0.0136686091793017,19.4619146212264,-0.0800221400114206,0.937301902596805,0.999486182046446,-5.02289863874113
"THAP11",0.0826081364529117,18.4497130421074,0.760956927570379,0.458675706631679,0.999486182046446,-4.85144079262021
"KIFBP",0.0198153047229432,21.1433814095168,0.409420923606664,0.688114230193876,0.999486182046446,-4.97367899006344
"GNPNAT1",-0.0827972183497039,22.3908869293199,-0.557737464711222,0.585441194695678,0.999486182046446,-4.93049024549129
"FAM120B",-0.0944328074204499,18.6865358630747,-1.24343239948435,0.233109033046136,0.999486182046446,-4.5818074951936
"KTI12",0.0262457845524331,18.8557861243276,0.2442363622109,0.810412369258919,0.999486182046446,-5.00655866350069
"MRPS24",-0.00739826496869966,20.1720566870933,-0.103819131607389,0.918711294985873,0.999486182046446,-5.02155369124494
"MRPL53",0.0690419722655911,20.0147992211767,1.07293172244681,0.300541848833751,0.999486182046446,-4.68906576485093
"L3HYPDH",-0.105902519025754,18.1799139390679,-0.534456181769883,0.601038796313986,0.999486182046446,-4.93809971734303
"MOCOS",0.297447045340871,12.9579313681562,0.895253103545031,0.392215929499736,0.999486182046446,-4.7841349054918
"RNF31",-0.00422943833861922,18.2857650034407,-0.0367750463801951,0.971157442611661,0.999486182046446,-5.02445387653603
"DAZAP1",-0.0390142770317397,22.2194307406443,-0.264354301739069,0.795187500059842,0.999486182046446,-5.00342022218188
"SAAL1",-0.0721408926938878,19.0811520395224,-0.416184717758895,0.683304175731665,0.999486182046446,-4.97196944885631
"CCDC51",0.0756378845630898,18.6189940982302,0.771796956470567,0.452422942990185,0.999486182046446,-4.84660312015719
"MFSD3",-0.0113799676673416,15.7419733719866,-0.0369801404408195,0.971073533986806,0.999486182046446,-5.02444503224359
"SGF29",-0.00790679578955178,17.8488546063772,-0.0826545618383057,0.935237413792813,0.999486182046446,-5.02276766744174
"RRP36",-0.0765469873481166,18.15889225191,-0.531561142402647,0.60294380625282,0.999486182046446,-4.93905145612141
"C1GALT1C1",-0.138827552188996,15.296932348788,-0.367442354315569,0.718520408797281,0.999486182046446,-4.98356800538255
"RBM33",-0.00478439507314832,18.4072828578399,-0.0478587615268027,0.962470782057327,0.999486182046446,-5.02416513785477
"DTNBP1",0.021482686976416,17.5187903046964,0.214770905065284,0.832886938115009,0.999486182046446,-5.0107012509559
"SMIM12",0.00893386232562143,16.3125061599994,0.0499874879567715,0.96080295932366,0.999486182046446,-5.02410102933498
"DYNC2I2",-0.0228680523091533,18.4137001012926,-0.274021848693417,0.787867905651859,0.999486182046446,-5.00183710871034
"DNAJA3",-0.010934642599441,21.769262134408,-0.204330799077253,0.840887516546044,0.999486182046446,-5.01204258607342
"TMA16",0.030677489539876,19.789123528431,0.431436224109544,0.672390308712685,0.999486182046446,-4.96807596116618
"MVB12A",0.204300101177441,18.8009278852026,1.7825603491256,0.0952463326195452,0.999486182046446,-4.17585543242185
"PTCD3",-0.0176414620534935,20.8775089440814,-0.267495976595953,0.7927913223447,0.999486182046446,-5.00291739029698
"MMAB",0.0364462231127334,20.3614201732503,0.378733791301578,0.710281205656807,0.999486182046446,-4.98101449965474
"ADAT3",0.21403056214479,15.8100455888383,0.816175232298223,0.427384359262413,0.999486182046446,-4.82616770582186
"MCRS1",0.193050177164235,16.7877438791935,0.903018171534202,0.382063171026619,0.999486182046446,-4.78286113450314
"CYFIP2",-0.092277390323769,17.7971956637143,-1.15284966950708,0.267312781260427,0.999486182046446,-4.64028615976967
"TRIM11",-0.0656815708904404,16.9404756168898,-0.549102600312672,0.591151135452213,0.999486182046446,-4.93337641410081
"ZNF503;ZNF703",0.104114283867561,14.89710410939,0.428592918187615,0.675971022461573,0.999486182046446,-4.96803426305614
"CCDC97",0.11883235773351,19.4267281926666,1.27839011987994,0.220861669249647,0.999486182046446,-4.55837790642872
"EDC3",-0.00375212327878671,19.9855271868433,-0.0753929678707881,0.940915060243098,0.999486182046446,-5.02312077704104
"DDX11",-0.53918590305153,13.9104299244679,-1.31103838143594,0.214887400971749,0.999486182046446,-4.53760190496125
"MISP3",-0.0642032007386995,16.741204679733,-0.365678580107525,0.719795874346544,0.999486182046446,-4.98396682679134
"CDCA5",-0.0885646360900765,18.4169828898824,-0.624526493022233,0.541821991157326,0.999486182046446,-4.90701054682995
"DYNLL2",-0.0665011690411639,19.049666033687,-0.10195383595322,0.92019376721543,0.999486182046446,-5.02166767082395
"WDR89",0.0108735866574001,17.7644759142223,0.0973104365716421,0.923789778170004,0.999486182046446,-5.02195631348172
"GALNT14",-0.0429659741091442,17.2902767614414,-0.310079467796053,0.760838298506172,0.999486182046446,-4.99540641343406
"DTD2",0.0367284472213498,17.9618533925453,0.293247036809178,0.773418617855849,0.999486182046446,-4.99850557676373
"S100A16",-0.104218050911491,22.5031586798491,-0.74984357846854,0.465209017173083,0.999486182046446,-4.85630059980416
"SCRN2",0.0418410660274517,17.828663046541,0.351784072384082,0.729975123944705,0.999486182046446,-4.98699805693328
"THOC1",0.00283498823851858,19.2512717356002,0.0420279268449541,0.967040051863147,0.999486182046446,-5.02432645969488
"OTUB1",0.0432682165020104,22.8402408787181,0.763876625032164,0.456986314842039,0.999486182046446,-4.85014379071892
"TRMT61A",0.0486246913520887,19.5914832211472,0.612527020142078,0.549516296426179,0.999486182046446,-4.91141648149018
"HMCES",0.000343968567658948,19.5090202372848,0.00265702900395022,0.997915601271844,0.999486182046446,-5.02486802589712
"CHMP6",-0.0657056882558393,19.2400230102957,-0.563101721888945,0.581824616975594,0.999486182046446,-4.92872283945006
"PGM2",-0.0183230202001532,21.5850016753667,-0.287551580107006,0.777690456616629,0.999486182046446,-4.99951571322646
"EEF2KMT",0.117701905473215,15.7916753367199,0.578930610659569,0.571371323860616,0.999486182046446,-4.923328509889
"IMP4",0.023591994831353,19.5688319447711,0.196827723029586,0.846648644520966,0.999486182046446,-5.0129656307375
"CERS2",0.0314544742226559,22.7371144167041,0.489115458876932,0.631952810344236,0.999486182046446,-4.95205973902695
"CFAP36",0.192739113769534,16.6597893950023,0.747247420466229,0.466659829767531,0.999486182046446,-4.85747155995952
"DUS3L",-0.0717028393078998,16.9911589836523,-0.482758592943976,0.636862294225402,0.999486182046446,-4.95364906783442
"RMND5B",-0.337917989676715,14.9777755073576,-1.64932033931839,0.120209352892222,0.999486182046446,-4.28402954011666
"LTV1",0.0222681885721236,19.2284363114066,0.268801656353143,0.791805519713439,0.999486182046446,-5.00270330475362
"SDSL",-0.0943475292665283,18.0992563574938,-0.697847325045492,0.496126784280785,0.999486182046446,-4.87838318257585
"MRPL48",-0.0379989319471257,19.4959686963312,-0.485493014877177,0.634458713645117,0.999486182046446,-4.95312216308832
"VMP1",-0.179938441256784,21.2976699535841,-0.779953577279577,0.447998336665897,0.999486182046446,-4.84279427658353
"PDXP",-0.0811010027131331,19.7276179110327,-1.06985390682911,0.301880040363071,0.999486182046446,-4.69088944826025
"AURKB",-0.00737593343570708,18.615500339626,-0.11334660172403,0.911284041867837,0.999486182046446,-5.02091744377777
"DMAC1",-0.44608393816628,15.6693808663464,-0.826004359230855,0.422222602951251,0.999486182046446,-4.82137580907973
"RNF185",-0.025264325065244,14.5569615984923,-0.0804745843823259,0.93694151246959,0.999486182046446,-5.02287707739307
"DCUN1D1",-0.18955924387642,19.866833008325,-1.7977333209303,0.0927155130365373,0.999486182046446,-4.16327358924392
"TRMT2B",0.192343699725011,18.3669388882262,1.59869872753742,0.131083112237981,0.999486182046446,-4.32394652448907
"FAHD2A",-0.0418379064307395,19.7262011056968,-0.479206541803191,0.638818505657838,0.999486182046446,-4.95494800686419
"SMARCD1",0.0338488416904781,17.0660906075884,0.393052048693168,0.699903130710905,0.999486182046446,-4.97766081468264
"TOE1",-0.008668705185638,18.925911304526,-0.116389376563876,0.908913778342,0.999486182046446,-5.02070251328175
"RUSF1",0.014594191229925,18.3469994547178,0.114857652227756,0.910106851896053,0.999486182046446,-5.02081141851864
"DDX27",0.032053315102857,21.9843976894091,0.753304216012346,0.463122018575388,0.999486182046446,-4.8548192780805
"ZDHHC12",-0.0897912477433422,16.066717157272,-0.368786510679432,0.717526382855608,0.999486182046446,-4.98327313898575
"BORCS6",-0.160918773387953,16.1133693651935,-0.993702896026615,0.336389829030632,0.999486182046446,-4.73466758651336
"MARS2",0.0330147245403047,19.0548916355646,0.430909650176219,0.672764597741844,0.999486182046446,-4.96821328382932
"ATXN7L3B",0.12499865948784,20.41163389662,0.793876592492222,0.439930176088791,0.999486182046446,-4.8365216394114
"MASTL",-0.017812563701245,17.7113102872274,-0.16257728184791,0.873057521785089,0.999486182046446,-5.01674342258229
"APIP",-0.00428977173930178,19.3390708194058,-0.05080941343859,0.960159044258931,0.999486182046446,-5.02407553021216
"ZC2HC1A",0.00955710304480917,18.1413751120916,0.136307614538601,0.893421013720861,0.999486182046446,-5.01915537123444
"SLC41A3",-0.0994602276958965,16.5781914934445,-0.515933484082965,0.613547468184305,0.999486182046446,-4.94396038965796
"SNF8",-0.181089831792999,18.7936449735711,-1.40898782513411,0.179570080178549,0.999486182046446,-4.4668843552506
"CENPN",0.0167138143295169,14.7464254652417,0.0662868881263312,0.948039513157634,0.999486182046446,-5.02351776786796
"MYO19",0.00799011037879183,18.1490772181655,0.0920446005409599,0.92790102974742,0.999486182046446,-5.02226301816305
"SLC25A44",-0.165817771513492,17.3662600259523,-1.24338256645892,0.233126864577076,0.999486182046446,-4.5818405600984
"ZC3HAV1L",-0.220928021545841,18.5114940998855,-2.40831486446323,0.0295885548642826,0.999486182046446,-3.62604454785272
"POM121",-0.035356634057166,17.8664847108313,-0.185621476352606,0.855269983208005,0.999486182046446,-5.0142804129695
"C1orf159",-0.20091910850079,13.2811175772745,-0.822832752680431,0.42370630253148,0.999486182046446,-4.82301548104335
"TONSL",-0.0467650943376618,17.4927275587085,-0.390536195665971,0.701722252254728,0.999486182046446,-4.97825884031261
"NTAQ1",-0.092663179893254,18.5165677537961,-1.250943410466,0.231821642927222,0.999486182046446,-4.577013639345
"PEX11G",0.208728589080547,16.3997794985956,1.40309630899007,0.181286573565391,0.999486182046446,-4.47114048810242
"PDLIM5",-0.0784802280439507,19.9261685719598,-1.4102217418638,0.179212272341328,0.999486182046446,-4.4659914721825
"CRELD1",0.276348861279857,15.41677104949,0.704557104424736,0.492925069461964,0.999486182046446,-4.8751404919792
"ERO1A",-0.0176957590103051,21.3310177817534,-0.313234487763966,0.758487911286108,0.999486182046446,-4.99480662030523
"PRR11",0.0720813939140079,17.8592887612167,0.589195979830734,0.56464524565913,0.999486182046446,-4.91975533226656
"FMC1",-0.0665422559484199,20.1734094392465,-0.717901574080585,0.484033839052336,0.999486182046446,-4.87004961420408
"SH3YL1",0.473008199190314,15.4436213197087,1.10977263960605,0.284971304900165,0.999486182046446,-4.66689998038556
"AHCYL2",-0.018584324444582,19.4249598100466,-0.182265537702193,0.85785559023381,0.999486182046446,-5.0146592599275
"DOCK6",-0.0762916281738129,17.0804382017911,-0.841031810337998,0.413756716083677,0.999486182046446,-4.81428457616606
"OXNAD1",0.136840713182078,18.5246698816511,1.39655593908422,0.183207830607059,0.999486182046446,-4.47585161681128
"MED30",-0.266469982295007,17.4233299545129,-1.14766926036606,0.270737316721747,0.999486182046446,-4.64341132288184
"NAF1",0.0378852885123919,17.8555816512299,0.259986104218105,0.798468413982797,0.999486182046446,-5.0041287757464
"REEP6",0.0341625145048354,20.0308186859681,0.375266082421947,0.712803698961555,0.999486182046446,-4.98180852284504
"PGAM5",-0.0606047779769661,23.46978460476,-0.616421186834458,0.547012767331275,0.999486182046446,-4.90999532524676
"TMEM41A",-0.071580352888212,16.8713962693531,-0.842552364762073,0.412932376125117,0.999486182046446,-4.81354757737892
"INTS4",0.010341242346442,18.3401099708119,0.142102179089896,0.888922023771087,0.999486182046446,-5.01865964103407
"DDRGK1",-0.0221930294531205,20.3496661920711,-0.236694813766983,0.816149084249806,0.999486182046446,-5.00766905363806
"DHTKD1",-0.0449693930977126,20.0056702061089,-0.765739482522827,0.455910450276835,0.999486182046446,-4.84931395095631
"SCLY",0.0934211222282855,17.9857512841501,0.797852598688115,0.437612596242972,0.999486182046446,-4.83472705496304
"FUBP3",0.0183330175606855,20.9679428261419,0.279867407983034,0.783465676206013,0.999486182046446,-5.00084765980459
"RBM17",-0.0485764823608434,19.7898000027465,-0.497067514839264,0.626468185922621,0.999486182046446,-4.94970106543769
"PPP1R16A",-0.0551573185471206,14.4473623587669,-0.147058795469751,0.885219992147017,0.999486182046446,-5.01818908536139
"RCC1L",-0.084492803490491,18.4203111121543,-0.765202638441453,0.456220334802515,0.999486182046446,-4.84955328140898
"NARS2",-0.00133608521984385,20.1882195721144,-0.020604020740125,0.983837660756629,0.999486182046446,-5.02473950788813
"SUCLG2",-0.0358739483609973,21.8434899859688,-0.485622067395125,0.634369359010865,0.999486182046446,-4.95308444291939
"AJUBA",0.036118794366363,16.29739778295,0.167013826882814,0.869790317456535,0.999486182046446,-5.01625567997764
"LRCH3",0.0623326340149788,17.6131843156452,0.557561449666452,0.585506582031362,0.999486182046446,-4.93057771463375
"GMPPA",-0.0437027887375834,20.7509836866765,-0.800248400655191,0.436266405355513,0.999486182046446,-4.8336175802543
"TMEM101",0.0121933360846143,16.7203410234445,0.0341422699524792,0.973259190260659,0.999486182046446,-5.02450945143956
"GMCL1",0.0592380159162786,13.3910031659914,0.340666255730019,0.738503588425218,0.999486182046446,-4.989191340882
"ZNF845",-0.393282339061253,15.2801293239243,-1.22475302036782,0.242814079244583,0.999486182046446,-4.59436788456872
"HPDL",-0.0290273812485644,21.5119675950484,-0.343113043784977,0.736354483446391,0.999486182046446,-4.98883163907215
"ZNF496",0.346579771784578,10.5102475421812,1.04910690415235,0.319436087892161,0.999486182046446,-4.70091939715194
"ABHD14B",0.0177865410088636,20.1393221670362,0.208868294113043,0.837408005660731,0.999486182046446,-5.01146775432226
"NGLY1",-0.059162613339371,17.5171940134443,-0.342638612747195,0.736704111963623,0.999486182046446,-4.98893067240176
"SEC22A",-0.166792766439578,18.8554380135187,-1.24304214060751,0.233248706219364,0.999486182046446,-4.58206641166935
"ATP5MK",-0.098050749115842,21.074235455914,-0.79982516368954,0.436504028559275,0.999486182046446,-4.83381379066628
"NSL1",0.148270341211767,16.14889193821,1.12227388699917,0.279682507998687,0.999486182046446,-4.65926929735337
"CPB2",0.156036258560388,17.0514186229037,1.39862385807019,0.182598579106491,0.999486182046446,-4.47436363171215
"PAWR",-0.119913883891563,20.2830728620573,-0.495525996018106,0.627675157908503,0.999486182046446,-4.95008307932369
"METTL2A",-0.171520707044643,19.094969693475,-0.865421450549217,0.400790549214322,0.999486182046446,-4.80226498042683
"RSRC1",0.143711607686868,17.4912905223785,1.02734899899944,0.320809250006429,0.999486182046446,-4.71564639761968
"THOC3",-0.0301931853383479,20.28989699441,-0.242296049223417,0.811887269370712,0.999486182046446,-5.00684763810014
"ITCH",0.0186641298074903,18.1903697771408,0.251174344396186,0.805144682915984,0.999486182046446,-5.00550674236461
"TXNDC15",-0.168126786931357,17.927636466526,-1.10990641736949,0.284806257967291,0.999486182046446,-4.66683581419343
"DNAH8",-0.234514793394538,19.0592089222228,-1.02667221484746,0.324095827696965,0.999486182046446,-4.71516916308853
"COG3",-0.0297217093503228,20.1706001697002,-0.532429689639459,0.602357159210194,0.999486182046446,-4.93877456061905
"CDK5RAP3",-0.00996697688485426,19.7508078918389,-0.11608550157947,0.909150451291804,0.999486182046446,-5.02072423314223
"VPS39",0.0167894286620793,18.878405727621,0.286124232566045,0.778762199345812,0.999486182046446,-4.99976581009647
"EAF1",-0.318665085767906,16.2554557578224,-2.03515932934855,0.0615839606762668,0.999486182046446,-3.96819739703762
"VPS50",0.0526447460491219,18.3702409946546,0.610899186834416,0.550564664173308,0.999486182046446,-4.91200807103977
"MAGED4B",0.0826515329904822,14.2002641399142,0.36783065155943,0.718599620043443,0.999486182046446,-4.9833156052822
"VCPIP1",-0.00325533148638968,17.9199955089127,-0.0457025380413537,0.964160333199727,0.999486182046446,-5.02422723195263
"SPG11",0.0786643341623261,17.0062582444991,0.715942960203087,0.485207082001275,0.999486182046446,-4.87087293257458
"ELMO2",-0.100740746784524,16.4753578337423,-0.737745874798401,0.472242991589248,0.999486182046446,-4.86159363590594
"TMX3",0.0181871827152769,20.32632457043,0.221994219250589,0.827362597869126,0.999486182046446,-5.00973444341007
"DCAF5",0.0499587538750248,19.0589386167192,0.280635423265894,0.782912025228909,0.999486182046446,-5.00070709635793
"CHAMP1",0.0442319352195071,19.3321946390713,0.549300974223891,0.591018445429132,0.999486182046446,-4.93331124165513
"NEURL4",0.0773127834398171,16.0230538821027,0.596679508371639,0.560417497804393,0.999486182046446,-4.91674849150709
"ZFP91",-0.096138363196971,18.3238673821043,-0.896419821929376,0.384425168745328,0.999486182046446,-4.78669944100286
"BTF3L4",-0.000538732347557414,21.9496459947187,-0.00268952424816915,0.997890828973237,0.999486182046446,-5.02486796955798
"RNF170",-0.0126441850768835,16.8851596733517,-0.14000161094048,0.890552489520419,0.999486182046446,-5.01884172193616
"ZFYVE19",-0.130151907462885,20.4534872158081,-0.863907901366878,0.40155388667592,0.999486182046446,-4.80303495498286
"SLC35E1",-0.153792022266465,18.2528689604844,-1.44899950928444,0.168262900935221,0.999486182046446,-4.43767365466609
"TMEM87B",-0.173265960248031,16.3127865054042,-0.701648499986937,0.493821031493506,0.999486182046446,-4.87682004202278
"ZNF668",-0.16959171295305,17.5820418536632,-0.916077004283894,0.374360766757678,0.999486182046446,-4.77654872137431
"USP47",-0.0483343230936377,19.3896342049953,-0.963110167046672,0.351016550452817,0.999486182046446,-4.75151106013162
"CLPTM1L",-0.0744187750364098,20.5722390201275,-0.895989461138166,0.384647539871271,0.999486182046446,-4.78691958024462
"PBK",-0.00726971335811299,20.6150105724462,-0.115630879598914,0.909504550122381,0.999486182046446,-5.02075662209488
"DNAJC1",0.00906378941678554,18.1621869906297,0.137116428182165,0.892792806988117,0.999486182046446,-5.01908741107785
"BTBD6",-0.365343965430339,14.4265007472428,-1.02978819673211,0.319700269744172,0.999486182046446,-4.7142474915734
"SCYL1",-0.0377558199425749,19.9990332598801,-0.3478052464284,0.732899856663003,0.999486182046446,-4.98784497203364
"ZNF512B",-0.0631167684304721,19.1436922012991,-0.96880048858266,0.3482627044875,0.999486182046446,-4.74841107379443
"LRATD2",-0.0496024715078214,20.4437037089761,-0.760452997069207,0.458967681117739,0.999486182046446,-4.85166420288324
"EXOC2",-0.039539685193354,19.915170745366,-0.583810907659646,0.568168406467699,0.999486182046446,-4.92163709786248
"CNDP2",0.0216545508928903,23.482244312941,0.28530088516516,0.779380632164948,0.999486182046446,-4.99990951822158
"PPP1R13B",-0.0660478547765457,16.6644278105717,-0.450784873487819,0.65870014723001,0.999486182046446,-4.96291814062528
"EHMT2",-0.0886737359754513,18.6045420703188,-1.15803492948487,0.265256808430983,0.999486182046446,-4.63702823425684
"ZFR",-0.0369581117426279,20.4204730382271,-0.554021741385834,0.587865250342912,0.999486182046446,-4.93175376743255
"FAM210B",-0.34894640500586,16.6876871367982,-1.02167726497362,0.323548461176605,0.999486182046446,-4.71884409724133
"LRR1",0.0230461935146558,16.2455640133614,0.123301179549248,0.903652711349028,0.999486182046446,-5.02017184725331
"B3GALT6",0.102524539196402,17.6910108747029,1.24653706188972,0.232000209933137,0.999486182046446,-4.57974561488677
"NSD1",-0.00385501008589273,16.9653304232353,-0.0333259554054921,0.973861429758213,0.999486182046446,-5.02452830333233
"EP400",-0.00902052985928137,18.2862106982434,-0.143849611638479,0.887566057725761,0.999486182046446,-5.0185061125083
"SNX27",-0.0426738694644264,20.9408706580795,-0.904019172990201,0.380512829320012,0.999486182046446,-4.78279739159478
"KIF16B",-0.0529232151500239,15.9000328865147,-0.264517558536099,0.795041427717325,0.999486182046446,-5.00340189814164
"PRMT6",-0.0776446273140401,21.1375018832843,-1.06663768727021,0.303283080943113,0.999486182046446,-4.69279070266114
"SENP8",-0.117566292729183,13.9125069892958,-0.274906723515191,0.787201030520983,0.999486182046446,-5.00168865212941
"CNOT6L",0.0549981885771018,16.6205391055596,0.26245385682245,0.796862652589767,0.999486182046446,-5.0036419909376
"DHRS1",-0.0629575923473951,18.3804677500875,-0.512167898863072,0.616116023270712,0.999486182046446,-4.94512244716751
"DNAJC30",-0.181449611452159,17.5769844811127,-1.66936759128812,0.116123384994112,0.999486182046446,-4.26803361702201
"UBE2E2",-0.0503598133954899,14.601291836424,-0.162557877373972,0.873072531226698,0.999486182046446,-5.01674535994594
"C9orf72",0.558910552324448,16.0124563124557,2.27343056919213,0.0384008868383402,0.999486182046446,-3.74850795414131
"CARD19",-0.0210512327904659,18.5286383036635,-0.196308082557716,0.847047982462416,0.999486182046446,-5.01302828925455
"RMDN2",-0.197114401159478,15.0886554224937,-0.904212971259834,0.39700235960987,0.999486182046446,-4.77561716129733
"PRRC1",0.0422616912636684,19.9926606358557,0.360799400341522,0.723364279680976,0.999486182046446,-4.98504431385824
"FBXL18",-0.0069799533676651,20.2785792481963,-0.0829413211094742,0.935013276918387,0.999486182046446,-5.02275305806062
"ZNF512",0.0511510952314538,19.1365463104661,0.364758629212264,0.72236518540554,0.999486182046446,-4.98330819328199
"NSMCE2",-0.0805835028248367,17.062419071598,-0.648570268741054,0.526585057372898,0.999486182046446,-4.89794446155777
"NSMCE3",0.0732860811792584,17.1507248694045,0.789234834455011,0.442476664713043,0.999486182046446,-4.83869359656175
"TMEM68",0.0508488810358791,18.2702492296206,0.335858654133836,0.741707097428777,0.999486182046446,-4.99033128849464
"CEP63",0.192025348547864,14.3031316703066,0.57239771209503,0.577839993134191,0.999486182046446,-4.92436087876085
"YTHDC1",0.0187201881698442,19.3435799999948,0.210230107880898,0.836364400266497,0.999486182046446,-5.01129279067243
"TLCD4",0.0760490387570094,15.0535267452404,0.452264435823758,0.658131054907039,0.999486182046446,-4.96227130316482
"CCDC43",-0.114727125114896,19.7514955952366,-0.948731576742082,0.358042861741546,0.999486182046446,-4.7592765905991
"COG8",0.0489962444232042,18.6630558017556,0.707547947962758,0.490255060464113,0.999486182046446,-4.87437878502768
"TIGD1",-0.206192971969276,17.3050158036662,-0.498260536074935,0.626979798333725,0.999486182046446,-4.94862781385814
"ZNF48",-0.00671093545294354,17.2382823043382,-0.0669457485179957,0.947523869564649,0.999486182046446,-5.02349075503546
"DNAAF10",-0.0404093357744237,18.8090449729644,-0.256363605794133,0.80121107930764,0.999486182046446,-5.00470093372406
"SPATA33",-0.198681521925401,16.2625434680516,-0.9394325815045,0.36263866950189,0.999486182046446,-4.76424682805631
"INTS15",0.0184933689424831,17.8953990984687,0.138274731900881,0.891893280295657,0.999486182046446,-5.01898938754694
"PWWP2A",0.043495889267966,17.5768216342359,0.462951184673187,0.650155708475849,0.999486182046446,-4.9595635945136
"MBOAT7",-0.0838909431445956,21.776656376137,-1.07435636848444,0.299923912221146,0.999486182046446,-4.68822022259441
"DOCK7",-0.0493818876258985,19.7367566858603,-0.909091320837356,0.37791663696678,0.999486182046446,-4.78017742637903
"SFXN2",-0.00511424460599841,19.5809951398076,-0.0538424220019258,0.9577831685792,0.999486182046446,-5.02397783850148
"ZNF830",0.0656169694330533,15.8503254574455,0.491505314093759,0.630302127055088,0.999486182046446,-4.95135469334418
"ZMAT2",0.0824886071401245,15.2388424531855,0.481246174932458,0.637402458041814,0.999486182046446,-4.95435810816402
"FAM210A",-0.117204293360334,19.0132408399506,-1.03077751843571,0.319251265110548,0.999486182046446,-4.71367934199628
"CFAP418",0.0779151312194966,15.1941112815269,0.243753980212734,0.811020452793204,0.999486182046446,-5.00655030985013
"CCDC115",0.0829544033162293,17.3860071980727,0.920752455418197,0.371993657687952,0.999486182046446,-4.77410694956572
"SLC46A1",0.102659653180357,16.6862673167443,0.140605465217882,0.890121705245018,0.999486182046446,-5.01878198379608
"SAMD11",0.0636841673753352,13.6285709302279,0.272391705167832,0.789368436117389,0.999486182046446,-5.00201020093077
"ANKRD27",0.0654408261442398,18.0275135575552,0.930407861173369,0.367137771390974,0.999486182046446,-4.76903122533263
"NECTIN4",-0.0478048749105042,16.9824784212334,-0.409398300264097,0.68813046683009,0.999486182046446,-4.97368460190369
"MUS81",-0.0294027593853272,15.3441693964507,-0.143609451640188,0.887752394722436,0.999486182046446,-5.01852732362351
"NSUN5",0.0850329949280955,19.5015529942618,1.33558935218075,0.201927564187333,0.999486182046446,-4.5190553896552
"RPRD1A",0.0646141548423067,19.1723023438691,0.542304025838337,0.595707741583625,0.999486182046446,-4.93559654909797
"AGAP3",0.00506447080620376,18.4990426303161,0.0840834695855592,0.934120607109251,0.999486182046446,-5.02269436816646
"ARAP1",0.011813526932297,19.7538010603051,0.149106403394646,0.883489120794866,0.999486182046446,-5.01803298702297
"WDFY2",0.0195945760154004,16.6971608502958,0.0589714551180562,0.953897523003781,0.999486182046446,-5.02378839112282
"IPO9",-0.0264703647739175,20.8664385494356,-0.436037138699654,0.669123799457654,0.999486182046446,-4.96686923281577
"AP1S3",0.0552745691247623,17.1198835736787,0.298692678654829,0.769341226140733,0.999486182046446,-4.99752152878528
"MIA2",0.166870786414581,17.130782280816,0.79479373768688,0.439335189004823,0.999486182046446,-4.83613932386409
"ARHGEF17",0.0216343360256914,15.9203084244461,0.188173827658762,0.853304652593675,0.999486182046446,-5.01398768524801
"INPP4A",0.11376303448208,16.3922064439226,0.944819585346164,0.359971320095371,0.999486182046446,-4.76137250559908
"RBM14",-0.0256926757893758,22.2867704327486,-0.473595024425901,0.642721890112211,0.999486182046446,-4.95655859062006
"RCHY1",-0.0762449618934333,13.3335752272668,-0.357754163473815,0.725594802318805,0.999486182046446,-4.98570965176293
"ZNF385A",-0.115938633965925,15.9669115206257,-0.365130034103766,0.720196720969318,0.999486182046446,-4.98408866797664
"TRERF1",0.217066658085198,14.0987371327354,0.971500225381169,0.34696147619688,0.999486182046446,-4.74693501657295
"UHRF2",0.0211992872380335,17.0309354511757,0.183755906722099,0.856707114897183,0.999486182046446,-5.01449186199494
"NEDD4L",0.0305131195029027,18.6783699988647,0.273764719175288,0.788061720419827,0.999486182046446,-5.00188015920723
"QKI",-0.0238521947848014,18.310702538747,-0.155735213372621,0.878352976209236,0.999486182046446,-5.0174122774284
"LENG8",0.095480764192331,16.6051847660559,0.730198274045391,0.476706840182225,0.999486182046446,-4.86483425395767
"FAM193B",0.141187325272336,13.3133068578378,0.296602140107933,0.770905678875266,0.999486182046446,-4.9979014020557
"PUS7",-0.0415175211321461,20.1100860684852,-0.763701024691993,0.457087811287387,0.999486182046446,-4.85022192184168
"FAM111A",0.0324692239994206,15.6913066496037,0.164978984423536,0.871361293672506,0.999486182046446,-5.01646402080955
"TRAPPC9",-0.0725087095325243,18.0334225668114,-0.769968953028158,0.453473633914459,0.999486182046446,-4.8474231867828
"BTBD9",0.0669367162891454,16.8976112817203,0.560493484865634,0.583556515454552,0.999486182046446,-4.92959822205638
"TRNT1",-0.00824436957528007,21.2353201606154,-0.13022960136022,0.898144148749081,0.999486182046446,-5.01965325416488
"SMG1",0.0276368457876082,18.083181255788,0.515145771725421,0.614084345506446,0.999486182046446,-4.94420414589596
"ALS2",0.173118516350719,16.0886194510069,1.10093958975095,0.28856476947956,0.999486182046446,-4.6722810031395
"TMEM237",-0.390092949881616,16.8644720497918,-1.67964320738439,0.114076105219329,0.999486182046446,-4.25979453752973
"KIF20B",-0.00809602826716471,16.7500194090791,-0.0611898973103809,0.952029362955041,0.999486182046446,-5.02371772021571
"PPP1R10",0.0092725476443114,19.662089406609,0.144211900224678,0.88728497574855,0.999486182046446,-5.01847404811082
"SLC38A2",0.154700952309874,19.9071920089197,1.34794355016524,0.198014333725055,0.999486182046446,-4.5104061377932
"FYTTD1",-0.067470179580372,18.5756852732578,-0.773364623465702,0.451523097900918,0.999486182046446,-4.84589846743067
"ATAD5",-0.0729993601693799,17.2885726711114,-0.267370856658791,0.793178430210278,0.999486182046446,-5.00283259281867
"TEFM",0.0783967423758085,17.4674322505735,0.608700758220499,0.551982234316691,0.999486182046446,-4.91280470433788
"RAB3IP",0.175736096238726,17.0065156902583,1.43149460882006,0.173135175707712,0.999486182046446,-4.45051815240664
"MTMR9",0.0098899956329781,17.2900871117046,0.102982422728156,0.919363946333982,0.999486182046446,-5.02160690602824
"VPS35",-0.0585671217839234,22.0901612666397,-0.893871497193553,0.385743175468721,0.999486182046446,-4.78800165418615
"PURB",-0.0916810938934205,21.3960660989879,-1.96450887973397,0.0685979948265868,0.999486182046446,-4.02190132676898
"PHF12",0.0512209993490309,16.0041366047534,0.268323079736794,0.792166807755739,0.999486182046446,-5.00278189382724
"ACCS",0.560433895275418,15.9817426992017,1.09124393618468,0.293016704793211,0.999486182046446,-4.67806378211756
"XPO6",-0.0596173033020655,18.64954016006,-0.63554984653272,0.534806235490195,0.999486182046446,-4.90289328239235
"MAGI1",0.026891648253347,15.8701225180064,0.185304945903713,0.855513783565628,0.999486182046446,-5.01431643890213
"SPAG5",0.251755842588398,16.98064245508,0.858482875337822,0.404445338638565,0.999486182046446,-4.80571670444856
"PANX1",0.188783920558185,14.9291512117227,1.07915531100743,0.297849267166361,0.999486182046446,-4.68536547844863
"NACC1",-0.0586206287106812,19.9415138634733,-1.19106314121705,0.252442681853945,0.999486182046446,-4.6160177943557
"SNX18",0.0116795399314213,17.529499080028,0.143073908845287,0.888167940024217,0.999486182046446,-5.01857449604285
"PASK",0.172021522499616,16.8287700851599,1.28614016251843,0.218216576300165,0.999486182046446,-4.55312087435247
"UIMC1",-0.02154131697419,16.7685948735504,-0.167372306470807,0.869350112043855,0.999486182046446,-5.01625763038415
"VPS13A",0.0304523416206877,20.3449479521602,0.611517155447804,0.550166548018822,0.999486182046446,-4.91178366025841
"MED15",-0.103523296687015,16.8565028586368,-0.747879630957121,0.466289779137263,0.999486182046446,-4.85719560955549
"GFM1",-0.00752489975387149,21.9289028975684,-0.128075864065148,0.89981875308145,0.999486182046446,-5.01982424767384
"ERGIC2",0.0435136552009325,18.9442298258448,0.471896373024492,0.643905634624174,0.999486182046446,-4.9570425470287
"MCCC1",-0.00601830059423847,19.730716537126,-0.0856992464936999,0.932857919743274,0.999486182046446,-5.02260997156514
"TWNK",0.236331947883311,17.7805563624694,1.90463758453108,0.0796319964271947,0.999486182046446,-4.08541208831056
"CAMKK2",-0.0888462449162049,17.6681249418591,-0.82569252733219,0.422132668986158,0.999486182046446,-4.82165455193682
"TGS1",0.0899405879974964,17.3383789514954,0.734645756486299,0.474073399492998,0.999486182046446,-4.86292831997518
"NUDCD1",-0.00765247738816299,22.2314873593552,-0.0793350125525942,0.937832448703518,0.999486182046446,-5.0229331084847
"ERBIN",0.0179006012700675,18.6042488922121,0.239874581910306,0.813728945876776,0.999486182046446,-5.00720507515126
"TUBGCP5",-0.0975724973514858,16.4795990167472,-0.817548499795378,0.426623997624399,0.999486182046446,-4.82551932164366
"USP28",0.018256214273709,15.7078266704462,0.142390710607531,0.88869810531822,0.999486182046446,-5.01863441963028
"FNBP1",-0.140580672123271,18.1381675268562,-1.04998689863195,0.310623314811267,0.999486182046446,-4.70256087805409
"IFT140",0.0707459459973663,16.6360321625083,0.483834838835114,0.635607340779202,0.999486182046446,-4.95360597171611
"LMF1",-0.0361909023396585,17.7048175924685,-0.190492144684073,0.851520401078912,0.999486182046446,-5.01371835796125
"WDR24",-0.205230019365015,16.3578521506221,-0.617248537368279,0.547223446379829,0.999486182046446,-4.90927421634012
"METTL26",0.218028091035293,18.1969683386637,1.04808936924925,0.311571754412225,0.999486182046446,-4.70363949687711
"TP53RK",-0.0834773366610655,20.0594978276098,-0.640071336098588,0.531943251074493,0.999486182046446,-4.90118524038739
"PIGS",-0.0185128073670668,19.5270609137979,-0.270210188484333,0.790742474597227,0.999486182046446,-5.00247120247697
"WRNIP1",-0.00327915730382955,19.5919613521905,-0.0611484391790198,0.952061821370034,0.999486182046446,-5.0237192810887
"RANBP9",-0.00118128415741481,18.409245699374,-0.0144183378557587,0.988689438108561,0.999486182046446,-5.02480619959766
"CLCC1",-0.0923215432226989,19.501629144584,-0.997153766580737,0.33476746508613,0.999486182046446,-4.73274047985032
"MYADM",-0.114294641231702,19.5375641119556,-0.942623339933603,0.36105713434736,0.999486182046446,-4.76254600799165
"PLEKHF1",-0.261198322528504,17.9871017133724,-1.27648638161474,0.221582995119262,0.999486182046446,-4.55968020661594
"PPP1R9B",-0.0131297431928452,19.0519550744562,-0.124217501306184,0.902819988715891,0.999486182046446,-5.02012347015018
"SRPK1",-0.02554144477444,20.1340312781962,-0.363781653753198,0.721182402542627,0.999486182046446,-4.9843874080688
"SMC6",0.07373946630549,17.6095939995569,0.888771191397915,0.388390223832738,0.999486182046446,-4.79059845138517
"KCTD15",0.100910145433232,17.1881315590222,0.383101070840233,0.70714319358841,0.999486182046446,-4.97998851915425
"STRBP",-0.0137535047001727,22.0072770946339,-0.170148739415242,0.867204877302842,0.999486182046446,-5.0159699253606
"TMEM209",-0.167521267219012,17.6010951427794,-1.29329681006762,0.215796385610993,0.999486182046446,-4.54824640110855
"SLC49A4",-0.207262161941287,14.5097599941366,-0.475092985577259,0.641701060671735,0.999486182046446,-4.95611871666008
"CDK5RAP2",0.0101781715729992,16.0647477453345,0.0806690309362174,0.936789499590843,0.999486182046446,-5.02286743702967
"IWS1",0.0152389936601303,19.8219783448512,0.138985902694506,0.891341068447525,0.999486182046446,-5.01892879639384
"SIN3A",-0.00894557455350409,19.3439949059659,-0.190313287309521,0.851658025733123,0.999486182046446,-5.01373925305403
"OSBPL9",0.0469075022624601,20.1446432106936,0.788830886128187,0.442705497955849,0.999486182046446,-4.83887859037087
"CRBN",-0.0756308707139262,17.9647887691718,-0.929881526541881,0.367401346402734,0.999486182046446,-4.76930906105573
"INTS14",0.0142147227715199,18.6213958081121,0.135241697194343,0.894249026018912,0.999486182046446,-5.01924432249872
"ADO",-0.132199834350097,18.504447882755,-1.54057040845326,0.144596862633252,0.999486182046446,-4.36890268749897
"CDK5RAP1",-0.03661511966056,17.8225308633932,-0.505815433903467,0.620460900170087,0.999486182046446,-4.94706447585016
"SECISBP2",0.00529471095045153,16.669894805032,0.0432659354978554,0.966069794352411,0.999486182046446,-5.02429395715588
"RSF1",-0.107093876740468,16.6397281372204,-0.797460391540603,0.437833226962092,0.999486182046446,-4.83490840338913
"RBM15",0.00668302938951726,20.2324896021928,0.0941178474718549,0.926282101302556,0.999486182046446,-5.02214429591204
"RUFY1",-0.0424747972038411,20.0223138674595,-0.527435470659789,0.605734299626494,0.999486182046446,-4.94036088829323
"IMMP2L",-0.0536659516911673,14.526403041503,-0.262519600218793,0.797114555428034,0.999486182046446,-5.00352441522763
"SPEN",0.0865737507500661,15.8162197444048,0.557832420132211,0.585326222247281,0.999486182046446,-4.93048739538406
"PNKP",-0.0278860253039532,18.3362133584935,-0.48439935301928,0.635216189964976,0.999486182046446,-4.95344144005161
"MMS19",-0.0657720294871247,21.4698660386101,-0.930718880809869,0.366982081836526,0.999486182046446,-4.76886698559232
"SLC9A7",-0.235330592465257,15.5408738852233,-1.22008497754558,0.241580782061321,0.999486182046446,-4.59719293488039
"UHRF1",0.00118498733856498,20.3310139700096,0.0194896216362341,0.984711703354733,0.999486182046446,-5.02475326259917
"NIBAN2",0.0260066093656555,20.9881428237627,0.473373220006784,0.642876402876408,0.999486182046446,-4.95662187858371
"YME1L1",-0.0355010178154309,20.6779893848855,-0.515898131782425,0.6135715581796,0.999486182046446,-4.94397133694552
"RMDN3",0.0416048185980991,20.9503754817443,0.654560089107941,0.522827101587829,0.999486182046446,-4.89563680861746
"MYCBP",-0.00218802783107463,17.4593177603674,-0.0132813156703196,0.989581324397437,0.999486182046446,-5.02481589547879
"CYTH2",-0.0601584533013373,16.9003433213105,-0.470111257003767,0.645150710047989,0.999486182046446,-4.95754934318096
"TBCB",-0.0471082919502237,22.3739234939527,-0.732667329930658,0.475243772864533,0.999486182046446,-4.86377744466451
"PSMB7",-0.0692601494813978,22.9608452137851,-0.928673382692377,0.368006846392959,0.999486182046446,-4.76994630266674
"CNN2",-0.0394350184638981,21.2399781582465,-0.109449977806889,0.914350164815211,0.999486182046446,-5.02117971501701
"SEC62",-0.181203875218515,19.1405719186938,-1.32784751264679,0.204411379126709,0.999486182046446,-4.52444761889734
"PCYT2",-0.0672288164521184,21.1293789337922,-1.3510345881361,0.197044871794526,0.999486182046446,-4.5082335835898
"CDC5L",-0.0236350293272629,21.2138011087622,-0.403192534881614,0.692590278181373,0.999486182046446,-4.97521263530791
"PSMD1",-0.0475444409048436,22.0011045820493,-0.807736857024704,0.432075696416853,0.999486182046446,-4.83013087153019
"SDF2",0.0244257467709055,17.6164466801032,0.243902435411516,0.810666145968982,0.999486182046446,-5.00660855819813
"PFDN5",0.211077979095183,19.0959660257239,1.36190376077272,0.193718218167177,0.999486182046446,-4.50059166431953
"PAFAH2",-0.0738858869306291,17.2879071295573,-0.351927268797559,0.729869944443223,0.999486182046446,-4.98696740143144
"AGAP2",-0.115819447059399,15.3352650447122,-0.42803263916929,0.677927212483418,0.999486182046446,-4.96739839887781
"RNF2",-0.0141648767078486,17.9397830011883,-0.17313975036858,0.864895055642385,0.999486182046446,-5.01565471857403
"PARK7",0.0132023147982316,24.6644829398499,0.211184341891116,0.835633326841478,0.999486182046446,-5.01116952047721
"GAS2L1",-0.0279122111021977,17.0249620442765,-0.216666995167907,0.831435926069026,0.999486182046446,-5.01045053517406
"EYA3",0.0380243346515456,17.5332996049279,0.314264810060942,0.757720887044399,0.999486182046446,-4.99460945776283
"NEU1",-0.0227990506566655,20.1587507114994,-0.153680410672918,0.879957406700529,0.999486182046446,-5.01760472186649
"SORT1",-0.00651194990353332,19.2509546339746,-0.0971017547754361,0.923952662529991,0.999486182046446,-5.02196879203504
"VAT1",-0.0183455924509701,22.8864485797662,-0.231813008955923,0.819868415702735,0.999486182046446,-5.00836946458976
"LGMN",-0.0267072005873175,18.4654139081666,-0.168824359613364,0.868228037085399,0.999486182046446,-5.0161077500326
"DNAJC2",-0.0644250953145296,20.2276052446918,-1.06643295114978,0.303372556605537,0.999486182046446,-4.69291157781187
"MPHOSPH6",0.048391778816633,18.203345668241,0.450604194251133,0.658827414351862,0.999486182046446,-4.96296731153417
"MPHOSPH8",0.0462333500568661,18.8075382201631,0.548730246627599,0.59140023937827,0.999486182046446,-4.93349868477731
"NUP88",-0.0559195751733945,19.9497469136626,-0.839377170349052,0.414654969201649,0.999486182046446,-4.81508525089745
"PKP4",0.0333967061270002,17.0934638350525,0.411181831355596,0.686850925060894,0.999486182046446,-4.97324126673499
"PIK3R4",-0.00839160365657321,19.034537372247,-0.125003072842172,0.902208804286758,0.999486182046446,-5.02006328750982
"P2RX4",-0.234075553253632,17.8984191188353,-2.07149265586963,0.0562789229744639,0.999486182046446,-3.92864668542343
"POP1",-0.0723721045401291,21.0859820201196,-1.43492661400548,0.172170843345995,0.999486182046446,-4.44800776450089
"S100A13",-0.00412208312261697,22.976163275353,-0.0447904841861936,0.96487504484482,0.999486182046446,-5.02425263593697
"SCAF11",0.00674245621470959,17.6209215592251,0.0453922718644974,0.96440346316595,0.999486182046446,-5.02423593143057
"TEAD3",0.179251190906715,16.7024084893342,0.751108786229154,0.466224464973932,0.999486182046446,-4.85480370986611
"TIMM17A",-0.0253121477015661,18.5020960627818,-0.189641188881541,0.85217522713784,0.999486182046446,-5.01381759701529
"TSNAX",0.0420409248848514,20.2407885747405,0.755522094482718,0.461830681687026,0.999486182046446,-4.85384327713137
"SEPHS2",-0.00375664732490932,19.1861206883853,-0.0317455752397754,0.975100514847005,0.999486182046446,-5.0245599596405
"EIF3C",-0.259256282722703,17.2388494945284,-1.38509960562427,0.188082493521711,0.999486182046446,-4.48486958837476
"TTC1",-0.0531408045109849,19.5836728148854,-0.541698489424557,0.596114446834401,0.999486182046446,-4.93579302620206
"DNAJC7",-0.107462952237693,21.4538863491808,-1.39636314573401,0.183264716134932,0.999486182046446,-4.47599026849616
"CDCA3",0.208387191116882,13.3025943518375,0.874236577147426,0.396000497424236,0.999486182046446,-4.79792892809481
"C12orf57",-0.160271693355323,15.6307277037552,-0.565229174124383,0.581023591386497,0.999486182046446,-4.92766587744509
"PHB2",0.000170832462483617,24.8105850698933,0.0029908526183798,0.997653722525116,0.999486182046446,-5.02486744546108
"COPS8",0.241842574436642,19.7318856087893,0.960703811567265,0.352492611994501,0.999486182046446,-4.75270200370263
"PRPF18",0.0327838725144964,17.4472534074653,0.253895903901841,0.803080978710617,0.999486182046446,-5.00508615738345
"RAD9A",-0.0475851931245508,18.5759649428672,-0.533609757808257,0.601560555443965,0.999486182046446,-4.93839766600084
"PKMYT1",0.0514367759459979,18.2785921346957,0.662018644827071,0.518169011224282,0.999486182046446,-4.8927360621807
"SDHC",-0.0253574583843488,19.0092256541777,-0.0952838020756551,0.925493514748963,0.999486182046446,-5.02205946324288
"CHP1",0.372086583953905,17.8207486949477,1.21468621047943,0.24395114188955,0.999486182046446,-4.60074163159969
"KIF2C",-0.0354498329448276,19.7129579965278,-0.510542111661151,0.617226603549258,0.999486182046446,-4.94562166452593
"CGREF1",0.0707769664693032,13.4466768723677,0.169393474343842,0.867788333146759,0.999486182046446,-5.01604865501309
"MGLL",-0.225017291522349,16.0712681457523,-1.40654990721578,0.190623179165665,0.999486182046446,-4.47485195351753
"ATXN2",-0.0238898013724977,18.1719571771384,-0.347189908966817,0.733352559489909,0.999486182046446,-4.98797510991306
"MTR",0.0142566361914476,20.1835716413856,0.301815482887705,0.767006210811707,0.999486182046446,-4.99694919803151
"RBBP8",0.0937741949037267,17.3387198663632,0.236688105019133,0.816463100703721,0.999486182046446,-5.00756969320357
"HSD17B10",0.0176859285849176,23.8913276770664,0.310908541111725,0.760220428557192,0.999486182046446,-4.99524937754098
"SMAD5",0.0316241528683143,17.5177959520986,0.349864117745583,0.731385895044844,0.999486182046446,-4.98740790439259
"SEPTIN5",-0.208651404257559,16.9788363880134,-1.00031410362214,0.339141839631063,0.999486182046446,-4.72906827622225
"SIGMAR1",-0.0652845603956465,18.6615214098056,-0.454747934831974,0.655911391710755,0.999486182046446,-4.96183485003476
"HNRNPAB",0.0699944255262039,24.519552172817,0.771668579436419,0.452496681294885,0.999486182046446,-4.84666076823471
"NAP1L4",0.0118816272393332,21.21137704926,0.155702153644688,0.87837857777476,0.999486182046446,-5.01741543975379
"MGST2",-0.300574508318647,20.8110131741809,-2.04774120187442,0.0589415801058591,0.999486182046446,-3.95018821213123
"CDC6",0.296669622865103,17.2187522304581,1.31421241340558,0.210276322692146,0.999486182046446,-4.53434680394312
"NAPG",0.0182287682182114,20.2918571855874,0.182483396877963,0.857687687588718,0.999486182046446,-5.01463487455577
"PIP5K1A",-0.00423224626849361,17.6636788566773,-0.0391331374505079,0.96930897637151,0.999486182046446,-5.02439877790491
"TXN2",0.489600285804915,17.8446436024413,1.34262424138139,0.200093619606016,0.999486182046446,-4.5143002033528
"ABCA3",0.0942178151658695,17.2321383973024,1.17664229256588,0.257977934373569,0.999486182046446,-4.62524609063506
"MAP3K3",0.129592643065877,16.0944933194468,1.0404706718522,0.314876117084508,0.999486182046446,-4.70808951125092
"DMAC2L",-0.104613759740928,18.1348878993774,-0.493340673989756,0.629080799011848,0.999486182046446,-4.95078692535629
"MIPEP",-0.0650326737571874,19.4221037557908,-0.9272246797336,0.368733814412883,0.999486182046446,-4.77070950937994
"ACO2",-0.0284278914778042,23.1320187777499,-0.551535966994939,0.589524530761733,0.999486182046446,-4.93257543881471
"TM9SF2",-0.0491084373084085,21.6848733299287,-0.805615166283663,0.433260421495048,0.999486182046446,-4.83112165380196
"COQ7",0.0424179453910263,18.325886461916,0.297038618571128,0.770578955297649,0.999486182046446,-4.99782230587208
"SLC29A1",-0.149637530922131,20.0949172016914,-2.30864995759765,0.0358875639677241,0.999486182046446,-3.71666323336732
"EPAS1",0.154001432403522,16.8538678400604,1.20415332054163,0.247497725613956,0.999486182046446,-4.60756848040777
"TSG101",-0.0479969653263268,20.8443280829253,-0.720731806746326,0.482341486727422,0.999486182046446,-4.8688563157666
"CPNE1",-0.0404758631617952,21.9291084694585,-0.618276070673808,0.545822472612314,0.999486182046446,-4.90931545548724
"CCT7",0.0149835365267528,24.4445598669525,0.263716411805729,0.795646992483394,0.999486182046446,-5.00353130961172
"MYD88",-0.0646122094663717,19.7078508270053,-1.07820208051716,0.298260516505016,0.999486182046446,-4.6859333256779
"EBNA1BP2",0.0692073643687898,20.4706571459525,0.850232031810458,0.408785425104672,0.999486182046446,-4.809807672947
"ARID3A",0.163735135884323,17.7279540510383,1.47448118011986,0.161373973545533,0.999486182046446,-4.41879913852651
"PRMT1",-0.0133433379398546,24.1214712462424,-0.0881142381668849,0.930978367355903,0.999486182046446,-5.02247989438842
"BAG1",-0.110943961703054,17.6574812937649,-0.9694840931782,0.347932894986408,0.999486182046446,-4.74803764041221
"RNF5",0.0362404646855445,15.9382563467807,0.285594955270188,0.779159732452122,0.999486182046446,-4.99985823763962
"AGPAT1",-0.21572486572191,18.1425715401757,-0.8906973048349,0.38856034302339,0.999486182046446,-4.7890956259849
"PTPN18",0.209783254773315,11.5361650862266,0.562174518796259,0.592164156024745,0.999486182046446,-4.92362131351574
"PKP2",0.0215935283174389,18.9195624184566,0.400237641433362,0.694717986837612,0.999486182046446,-4.97593226576412
"SH3GL1",-0.00570614775050515,20.3526492880551,-0.0337735087610658,0.973514695284575,0.999486182046446,-5.02451885272349
"SEMA3C",-0.238696421513271,16.5581838709071,-1.82132486287018,0.0888987590490349,0.999486182046446,-4.14361172094735
"VRK1",0.0225124930245499,20.5043559241967,0.404337779194747,0.69176634901602,0.999486182046446,-4.97493234502155
"AKAP9",0.11768617562252,17.050231783355,1.24146774125893,0.233812847143816,0.999486182046446,-4.58311034486071
"NIPSNAP1",0.0367642799160244,22.3285327179255,0.186029021953285,0.855006700407567,0.999486182046446,-5.0142206720869
"NCAPG",0.00158006339640338,19.9160909668464,0.0333921637540765,0.973809521102062,0.999486182046446,-5.02452694357323
"ARPC5L",0.0584967186606953,21.6640913192678,0.466009865063555,0.648015492973726,0.999486182046446,-4.95870676065469
"MICU1",-0.00605318654713827,18.091345564057,-0.0886615870155617,0.930543415313903,0.999486182046446,-5.02245107392944
"C7orf25",0.0166592873101266,17.4407069796082,0.197765747456997,0.845927893348749,0.999486182046446,-5.01285210702732
"FAM118B",0.04436151208251,16.7474569163874,0.28911442121287,0.776806845561113,0.999486182046446,-4.99912964843688
"PAIP2",-0.504820676718833,17.7531485831863,-1.42473425387092,0.177008269352936,0.999486182046446,-4.45680016467891
"MAPKAP1",-0.0893551939889008,17.341110365533,-0.624759877975102,0.541672930332034,0.999486182046446,-4.90692406760881
"RBM4B",-0.0234822651148896,17.4697696960403,-0.189175117635581,0.852533925232512,0.999486182046446,-5.01387176355462
"NABP2",0.29935742210812,16.1603338909781,0.400986293153548,0.694723685600446,0.999486182046446,-4.97548757248118
"ZFYVE21",-0.0685980356110498,18.9252161516424,-0.654854729721967,0.522642640044437,0.999486182046446,-4.89552279123996
"DDX50",0.0208750791522512,20.4541718969145,0.348929585192452,0.732072947479208,0.999486182046446,-4.98760660395526
"MRPL34",-0.20725781125287,19.3670255829881,-1.40485237553756,0.180824100011831,0.999486182046446,-4.46990438891818
"SMIM7",-0.643351503295941,15.5974808551057,-2.0764312873937,0.0557624847944699,0.999486182046446,-3.92430054274496
"ELAC2",-0.0203563793462038,21.3317566683235,-0.381497756571915,0.708273138109481,0.999486182046446,-4.98037653043729
"TRIR",-0.0819212230074911,19.4669591011703,-0.391202320246759,0.701339148146831,0.999486182046446,-4.97805397480296
"GRWD1",0.0150053990208505,21.641922353685,0.268564105448828,0.791984845962626,0.999486182046446,-5.00274233124611
"MACROD1",-0.0613924773508252,20.9804168597895,-0.298671316466475,0.769440366551827,0.999486182046446,-4.99749276329239
"TCF25",-0.0218229427526815,21.7680914572636,-0.33692972820717,0.740915934023996,0.999486182046446,-4.99011184499232
"CMSS1",-0.0264064424265271,18.8908589816407,-0.337213861772731,0.740706105638726,0.999486182046446,-4.99005351650764
"ECSIT",0.0800267712749552,18.169215249174,0.612786508372975,0.549349279628327,0.999486182046446,-4.91132204272942
"WDR77",-0.00786511957099378,22.7887488680005,-0.0559836255392351,0.956110787429172,0.999486182046446,-5.02390508055284
"CYBC1",-0.0469106132341963,19.2094353593701,-0.35667708117662,0.726384342153861,0.999486182046446,-4.98594366094414
"VKORC1",-0.441146839756158,18.1547183286709,-1.19470728840722,0.252830960895927,0.999486182046446,-4.61369192215368
"DPH2",-0.0455762597826421,18.9007493430824,-0.776307315084636,0.449837006713564,0.999486182046446,-4.84457232436262
"MRPL57",0.114287261285384,17.7578730506141,0.458720089441516,0.653169933370488,0.999486182046446,-4.96071484246798
"KXD1",-0.0510553809178838,14.2211713826457,-0.226220266639574,0.825701614446502,0.999486182046446,-5.00866291861541
"TUBA1C",-0.0763045845713322,21.7661426326391,-0.427268677763775,0.675431703465732,0.999486182046446,-4.96912004065052
"SELENOS",-0.131089454323323,17.708224655784,-0.488682042633217,0.632318198160409,0.999486182046446,-4.95215215469598
"APOL2",0.00181999046842662,17.4023685616471,0.00529264042985451,0.995849436001499,0.999486182046446,-5.02486156452336
"MYBBP1A",-0.0133887451858286,22.8124028702673,-0.301764184674123,0.767044549240516,0.999486182046446,-4.99695864694345
"NUDT12",0.0298471747228035,18.6773308976486,0.350641100192614,0.730814851828893,0.999486182046446,-4.98724230789033
"AIF1L",-0.022530493459147,18.9128912915152,-0.126206695333453,0.901283066048341,0.999486182046446,-5.01996841851239
"EIF2AK1",-0.0219275339916543,16.5813587510335,-0.0714888874557817,0.944044880273478,0.999486182046446,-5.02328927138853
"LPIN3",0.0360899621045121,16.8817098222418,0.370631761911406,0.716180232622803,0.999486182046446,-4.98285857513236
"FERMT1",0.0487866409579532,16.7336044341872,0.29673471265946,0.770806437663005,0.999486182046446,-4.99787739009082
"MGME1",-0.0110672389599848,18.5426493224065,-0.177188053106437,0.861770769251879,0.999486182046446,-5.01521939242343
"GORASP1",-0.238357718650715,18.4538401273528,-1.46607888003498,0.1651194871185,0.999486182046446,-4.42632673252668
"FYCO1",0.0146961030363855,17.0789432529538,0.129559052373888,0.898665470179599,0.999486182046446,-5.01970679633762
"SLC25A21",-0.139002302122329,17.1813767317438,-1.21807920650609,0.242319617018318,0.999486182046446,-4.59850472881532
"ACBD6",0.0690035375436793,18.8300094179623,0.815350880264176,0.42784121149919,0.999486182046446,-4.82655646251689
"CORO1B",-0.0323606970175838,24.3355631622229,-0.277364700553631,0.785349511751224,0.999486182046446,-5.00127379962585
"NAA38",0.142408094785658,18.7118689971996,0.472788139432573,0.64393976946631,0.999486182046446,-4.9564438230821
"TXNDC17",0.103940015382548,23.0831056151395,1.4366929614017,0.17167626240258,0.999486182046446,-4.44671423738675
"PIGQ",0.0597237882518655,16.9832761514285,0.475357539346015,0.641994763210033,0.999486182046446,-4.9557910571691
"BUD13",-0.0209518634940835,17.2447292681612,-0.0489791753165976,0.961655299459844,0.999486182046446,-5.02412725168879
"CPPED1",0.004586772327972,16.802934879901,0.0347602706840649,0.972736925963559,0.999486182046446,-5.02449824205998
"VPS25",0.0813294979794748,19.0728024354758,0.706011855474415,0.491182089656636,0.999486182046446,-4.87501622150576
"MRPL45",-0.062692515533108,20.8703072511885,-0.423304228072214,0.678218321094272,0.999486182046446,-4.97015979160076
"C7orf50",-0.0491469855336462,23.1467203108203,-0.618147930913532,0.545904655353908,0.999486182046446,-4.90936248344534
"NUDT16L1",0.0147952476266262,20.4592987153612,0.255144100963121,0.802135001825386,0.999486182046446,-5.00489176589553
"SDF4",0.154646338215041,18.5534311063029,0.705814938389464,0.491401485809066,0.999486182046446,-4.87504223241593
"SRSF8",0.306649884029076,15.5910783914946,2.18900102896578,0.0478321763017586,0.999486182046446,-3.84651421356768
"TM2D3",-0.192623032873833,17.3325556961682,-0.466880927584928,0.648053014734384,0.999486182046446,-4.95812369790214
"OVOL2",-0.23473507280195,15.5548117909327,-0.455114892742638,0.656263963500661,0.999486182046446,-4.96141862248379
"PDCD2L",-0.0952901402170276,19.8941690283189,-0.835407197681629,0.416815332642886,0.999486182046446,-4.81700071551651
"PAAF1",-0.113354360033554,20.83277902699,-1.82701495983768,0.0879993457149085,0.999486182046446,-4.13885173668225
"PYM1",-0.1060492837982,20.9520177114567,-0.735371016273428,0.473716010234723,0.999486182046446,-4.86257776743759
"PYGO2",0.171821140664864,17.3518336491545,1.02246267472969,0.325570297022244,0.999486182046446,-4.71769025851516
"CHCHD6",0.104788162299474,16.805179827253,0.881992614121289,0.391927155990333,0.999486182046446,-4.79403007827612
"AIFM2",0.00424180014931252,17.6363143613577,0.0288248168034237,0.977390685597004,0.999486182046446,-5.02461441862739
"ADPGK",0.0343405240945351,19.9750471551181,0.381125174357911,0.708543695204531,0.999486182046446,-4.98046279163104
"GPATCH1",-0.0445792852862503,16.7193106924899,-0.228718437346784,0.822228422516178,0.999486182046446,-5.00880597343531
"RIOK1",0.0234876641473463,18.4685619625609,0.227625026554457,0.823062714407509,0.999486182046446,-5.00895881751139
"UQCC2",-0.00158333974338376,19.1128223148352,-0.00964584933090664,0.992433895877177,0.999486182046446,-5.02484154409879
"MIEN1",0.197645854934931,15.714131285233,0.772640113461125,0.45382006354628,0.999486182046446,-4.84523154233492
"LLPH",0.0843674411608148,18.4990528864514,0.226076049427324,0.824306934260607,0.999486182046446,-5.0091547765948
"GINS4",0.100033155968479,18.2029965801659,0.457633504499678,0.653925483516943,0.999486182046446,-4.96101896341393
"UTP23",0.0129392068291629,17.4053616729558,0.073405379919958,0.942469694105979,0.999486182046446,-5.02321177770257
"SLC50A1",-0.703712054181327,16.2790874769532,-1.43442651802336,0.172724775567187,0.999486182046446,-4.44867565557035
"PELO",0.0392148232577405,19.6036996711284,0.655534883594208,0.522216966610282,0.999486182046446,-4.89525941131429
"GINS3",0.290783440575126,16.773939224575,0.85382955373875,0.406976736408093,0.999486182046446,-4.80798609101905
"PRXL2A",-0.00662842188953405,23.0081320945634,-0.0965218077439871,0.924405352499046,0.999486182046446,-5.02200333072931
"WDR83",-0.00808171770697896,15.3655446848655,-0.0543130658838721,0.957414531128798,0.999486182046446,-5.02396217205533
"TRIM56",-0.0509451371913059,17.6469123135363,-0.64671022486058,0.527755124679251,0.999486182046446,-4.89865709291622
"ERP44",-0.00401488075083378,22.3101705412735,-0.0552950639069998,0.956645401924315,0.999486182046446,-5.02392904524876
"LXN",-0.103611769509204,19.9713887303173,-1.12143973886544,0.280025900637702,0.999486182046446,-4.6597816774777
"ATG101",0.144714695062593,18.4155269306444,0.895800093558123,0.384745415246224,0.999486182046446,-4.78701641750344
"NOL10",0.0923732682398075,18.9118263193296,1.55704145342442,0.140652659755544,0.999486182046446,-4.35626283396637
"NTPCR",0.0415910535135602,20.3359090980597,0.956981365849982,0.353999606052671,0.999486182046446,-4.75483296230071
"AGMAT",0.173857208837813,18.4446810006532,1.1824463661116,0.255739034545911,0.999486182046446,-4.62154203430019
"TIMM29",-0.0477418364854785,19.6596776698581,-1.00020426764517,0.333337969981343,0.999486182046446,-4.73103240517332
"TACO1",0.00212458551828831,21.8144051863406,0.0444867502682555,0.965113066433241,0.999486182046446,-5.024260982402
"HDHD3",-0.00182559012793604,19.724975712215,-0.0249705129194672,0.980413162332696,0.999486182046446,-5.02467824675594
"TUBGCP2",-0.00392094681459554,19.4919945115561,-0.0754393866918759,0.940878755728426,0.999486182046446,-5.02311862276
"C17orf80",-0.0725668534393886,15.4889600608379,-0.501466228810997,0.623444085720202,0.999486182046446,-4.94838078403098
"ESYT1",0.0156579146028939,23.2230878401088,0.212876806294687,0.834337054390832,0.999486182046446,-5.01094952264998
"SLC25A33",0.197773256463821,15.8961276377725,0.671345180580688,0.513979895911213,0.999486182046446,-4.88816923863531
"UBAC1",0.0142168512426473,17.1454842977797,0.128949818466783,0.899139163806721,0.999486182046446,-5.01975520373814
"CCM2",0.045125734239793,16.6828113972206,0.331434296699114,0.744978396481974,0.999486182046446,-4.99123051264222
"YIPF4",-0.0273243043508486,19.4032064567968,-0.164170050296393,0.87183950291973,0.999486182046446,-5.01658038521114
"RTKN",-0.051241595318853,19.4228982342067,-0.603883307478056,0.555095486017618,0.999486182046446,-4.91454103644747
"PHAF1",0.0347753124917567,18.1035025869313,0.302340549649981,0.766917360794469,0.999486182046446,-4.9967320087224
"TSEN34",0.00414616825041492,19.9456128494625,0.0610283969194811,0.952155805393884,0.999486182046446,-5.02372379464351
"CRACR2A",0.133010071185314,19.7514088835126,1.29833193220416,0.214106462179266,0.999486182046446,-4.54480550265288
"CHCHD5",-0.359612752262189,15.1251682016351,-2.01134388754127,0.0659187467153312,0.999486182046446,-3.99681691757795
"DESI2",-0.185832901877454,16.2552335283689,-0.902827902416919,0.388376348334239,0.999486182046446,-4.78027231220839
"CNPY3",-0.0644923749556554,20.3013586728404,-0.372017750347063,0.715218253726747,0.999486182046446,-4.98252356558549
"MTG1",-0.00555148925425186,19.0153969928455,-0.0477513052096873,0.962554977221599,0.999486182046446,-5.0241683000732
"ALG1",-0.042130151117334,20.0683242169339,-0.745035414164325,0.467955995009395,0.999486182046446,-4.85843542232097
"LIMD2",0.0398104349433943,15.251097100299,0.290295539226643,0.777113098082636,0.999486182046446,-4.99846087207554
"HAUS8",-0.198602804124477,15.9567230738846,-0.935151687410284,0.364768056731214,0.999486182046446,-4.76652114796034
"ALKBH7",0.110073490795052,16.2494326125822,0.683095825653844,0.50513470843197,0.999486182046446,-4.8843761892378
"INPP5K",0.00457911237764108,17.4868718443794,0.0356275852008656,0.972056979893751,0.999486182046446,-5.02447944999535
"NDFIP1",-0.227328427214871,16.7982218800716,-1.10875981021232,0.288009493286652,0.999486182046446,-4.66709811590401
"PSMG3",0.0307867931659622,19.4240439209074,0.232766654347023,0.819141500946481,0.999486182046446,-5.00823377663331
"COPS4",-0.0461395053469928,20.877514112701,-0.61762021587838,0.546243178055733,0.999486182046446,-4.90955606228465
"WAC",-0.101377362525398,17.0048602852368,-0.755895431483655,0.461613528552921,0.999486182046446,-4.85367873416468
"DIDO1",-0.0565984636624677,20.190170698598,-0.698003400758078,0.496031985654615,0.999486182046446,-4.87831915207209
"MTA3",-0.0552844539208692,18.2202537985137,-0.41661225834963,0.682961137316978,0.999486182046446,-4.97187993763993
"RBM42",-0.0922493600410306,19.9357460914452,-1.09817708482169,0.289730101806782,0.999486182046446,-4.67395161327738
"DCTN5",-0.0397090478784072,17.3562863445584,-0.463532890055862,0.649748432120884,0.999486182046446,-4.95940105695763
"MCMBP",-0.0277025293357092,19.8042022391826,-0.601723377992161,0.556494400393213,0.999486182046446,-4.91531535967221
"AARSD1",0.0227848232062406,19.4464294757065,0.409160812422749,0.6883009199986,0.999486182046446,-4.97374349390933
"DCUN1D5",-0.144182580173112,19.0056499303017,-1.50886746160233,0.152451956370666,0.999486182046446,-4.39300457128472
"THUMPD2",0.317577557166427,16.4583603993374,1.29699214591148,0.215975043754778,0.999486182046446,-4.54610288983198
"URM1",0.154686898915092,19.0431909273393,0.736979893048433,0.473697466381135,0.999486182046446,-4.86137916329722
"ANP32E",-0.0772973172776474,21.850901430031,-0.542301007088754,0.595759895972732,0.999486182046446,-4.93556983069489
"LRRC1",0.107254054042315,18.4516302274506,1.06432439523255,0.304295184244991,0.999486182046446,-4.69415538646883
"PI4K2A",-0.00543755756838848,19.6388700817179,-0.0871122621876326,0.931753837778589,0.999486182046446,-5.02253485099585
"TMEM43",0.0197345189157829,22.8457605840008,0.399943010853078,0.694930285422416,0.999486182046446,-4.97600373837273
"FSD1",-0.0885255712251478,17.6058006418585,-0.843928310616831,0.412187359664744,0.999486182046446,-4.81287967294992
"DPH7",-0.0652994623280811,17.1993766837374,-0.465651344199521,0.648266191024042,0.999486182046446,-4.95880747365939
"TBCD",-0.0551179462991342,21.4653323614417,-1.11577719223929,0.282365357234434,0.999486182046446,-4.66325213174562
"NDC1",-0.0249165800203706,19.5065778924386,-0.353333212179784,0.728837560364736,0.999486182046446,-4.98666577014241
"TTPAL",0.0398581648149303,17.8590491157017,0.35743388238596,0.725829546206268,0.999486182046446,-4.98577930861877
"FUCA2",-0.0544709114919755,19.0210608343224,-0.681519151734138,0.506103098787963,0.999486182046446,-4.88500983203915
"HGH1",0.233679016005226,19.1462160747625,0.497176169807008,0.626539490777646,0.999486182046446,-4.94959013558182
"DHRS4",0.0555064704072556,20.407072563827,0.863269235483846,0.401808376495871,0.999486182046446,-4.80339153334879
"LMF2",0.0368982519923939,18.5437429660248,0.405335610303521,0.691048802472359,0.999486182046446,-4.97468750523223
"NDUFAF3",-0.100433071749453,20.0093598416588,-0.778164164651765,0.448775107468074,0.999486182046446,-4.84373322307462
"CENPO",-0.2916216124681,14.8685679530162,-1.30780298386629,0.210956289236046,0.999486182046446,-4.53830777428155
"PRR15L",0.298202140598452,16.3074079487559,1.34271288737571,0.199663628875402,0.999486182046446,-4.51407480687361
"MMTAG2",0.0467997783330709,19.3891877987136,0.595243563831092,0.560702521542892,0.999486182046446,-4.91762282172039
"DOHH",0.340393441769834,16.6869113699775,0.532549305249049,0.602434429980989,0.999486182046446,-4.93864950981687
"ADAT1",0.0303815711340825,16.7695617877906,0.135127294267019,0.894337902622254,0.999486182046446,-5.01925382812234
"TMEM70",-0.0632573991447352,20.4585558566187,-0.740081705519908,0.470866687370321,0.999486182046446,-4.86058466420022
"MED18",-0.117713235625576,17.9291877982098,-0.768443131326478,0.454351801585929,0.999486182046446,-4.84810636643501
"ISCA1",-0.0201135450391838,18.6129957648126,-0.082478916801039,0.935394297862864,0.999486182046446,-5.02277423031303
"TUBB6",0.0217288679616345,20.3601029611603,0.0621209271387005,0.951317117535458,0.999486182046446,-5.02368087206077
"PAXX",-0.00733256859141562,19.6733195236218,-0.0744744061221534,0.941633502193137,0.999486182046446,-5.02316313472713
"POLR3C",-0.0345680187859401,19.5626561701548,-0.515547525656448,0.613810495438207,0.999486182046446,-4.94407986801587
"HNRNPUL1",-0.0276507535367578,21.2880851650116,-0.309079868737316,0.761583477454127,0.999486182046446,-4.99559520155814
"MSTO1",-0.0360584504562844,19.7111710573053,-0.406331139585737,0.69033321653865,0.999486182046446,-4.97444264777539
"PHF23",-0.0633231635193994,19.4933087417366,-0.851787153233475,0.407949016816512,0.999486182046446,-4.80904676868048
"PDCD10",0.0156309243163371,21.625769468,0.193355591698672,0.849317759291942,0.999486182046446,-5.01338118088143
"RPP25",0.00638513770748617,18.4909854260545,0.0735617418796487,0.942347383439628,0.999486182046446,-5.02320470676354
"G6PC3",-0.508589277727804,17.188925885742,-2.60344693459214,0.0201676473628477,0.999486182046446,-3.44718395400673
"DERL1",-0.097949537315241,22.7103825518953,-0.316512764776738,0.756136824432284,0.999486182046446,-4.99414074972267
"EFHD1",0.0882730838619743,19.6447456065407,0.767398807844384,0.459366898901608,0.999486182046446,-4.84623856744868
"HTATIP2",-0.019709734205108,21.1742388658704,-0.351990354371883,0.729823609105038,0.999486182046446,-4.98695389220076
"DDX23",-0.027280051630246,21.6661082087817,-0.488182357016032,0.632597858882928,0.999486182046446,-4.95233412876802
"WRAP53",-0.0314542506705777,17.7192842438281,-0.0972553178353483,0.923858943232761,0.999486182046446,-5.02195591060818
"APOO",0.0254532322104843,20.2734386268495,0.301852984187339,0.766978184095767,0.999486182046446,-4.99694228945374
"MCRIP2",-0.0790274264335906,16.4875382095943,-0.65286661855117,0.523888024737103,0.999486182046446,-4.89629121780935
"TRAF4",-0.194506929511437,16.2877585573862,-1.45801063159086,0.165799379131802,0.999486182046446,-4.43102280187821
"ALG12",-0.153357144451764,17.9174758453032,-0.518339499035967,0.612062245945434,0.999486182046446,-4.94313014270068
"MRI1",-0.0434014565071585,20.3920564648106,-0.740035751623604,0.470893740459068,0.999486182046446,-4.86060454178306
"MLPH",-0.000320465827840621,18.8914203591892,-0.00325466951254013,0.997446763013551,0.999486182046446,-5.02486693820998
"WDR18",-0.130917266620433,21.0950658839173,-1.79798295057548,0.0926743779458896,0.999486182046446,-4.16306616782883
"VAMP8",-0.184774210979853,19.3792338684302,-0.971417142452158,0.347144066338625,0.999486182046446,-4.74692864116658
"THUMPD3",-0.00328473373745553,19.9118564184453,-0.048047028228968,0.962323270710219,0.999486182046446,-5.02415958042427
"ADI1",0.225916871293162,20.0729808849621,1.12147272042495,0.280367116597833,0.999486182046446,-4.65971271091341
"RNF126",0.148167134358403,16.803812140382,0.952105090437146,0.356385625047386,0.999486182046446,-4.75746337148139
"MECR",-0.0638083393742761,20.7464409063716,-0.583860325526977,0.568136022296053,0.999486182046446,-4.92161990268415
"EMC6",-0.113927572573171,19.9625061809341,-0.425172144563595,0.676971020725237,0.999486182046446,-4.96963800798526
"NTMT1",0.0149903778564777,21.5644803672856,0.171257257915486,0.866348671626316,0.999486182046446,-5.01585374145601
"KATNB1",-0.11560115008221,17.126616811534,-0.959880526097939,0.354964690954968,0.999486182046446,-4.75236945287051
"DSCC1",-0.0146980894644706,17.5479551703373,-0.114838638725599,0.910121663093354,0.999486182046446,-5.02081276133183
"MLST8",-0.0921651934300911,18.149321796983,-0.666712555217359,0.515249712948924,0.999486182046446,-4.89089507101805
"C2orf49",0.000480728589437263,18.4514113907272,0.0031684790375603,0.997514377839174,0.999486182046446,-5.02486710864501
"TMEM109",-0.017647768601833,21.0807096264093,-0.186563341505517,0.854544623414329,0.999486182046446,-5.01417285327394
"PBDC1",0.0410224007216371,21.7201144623493,0.254279491275132,0.802822428411908,0.999486182046446,-5.00501541512823
"PTDSS2",-0.0912507698608991,18.879604015588,-0.666797077633799,0.515197232219647,0.999486182046446,-4.89086181134304
"NOC4L",0.0497300285294884,19.6984096208514,0.736612927125826,0.472911420808201,0.999486182046446,-4.86208198574129
"UTP14A",-0.00889775672169435,19.6765790616938,-0.12148324484735,0.904947767798674,0.999486182046446,-5.02032999175536
"DUSP23",0.0373145956533634,20.409070959067,0.362175375465754,0.722357278358358,0.999486182046446,-4.98474188059627
"ALG8",-0.487696117391522,18.0945517121355,-1.40927214445076,0.179898539138851,0.999486182046446,-4.46693928281597
"TMED9",0.0738527564963043,22.9894455088081,0.796271588792621,0.438502403124388,0.999486182046446,-4.83545760078596
"TMEM147",-0.537300335071386,17.0127152006367,-1.40506382545553,0.181122311956584,0.999486182046446,-4.46997439088197
"NUP58",0.074469400260174,17.2069130770991,0.48254304829748,0.63650284241583,0.999486182046446,-4.95398178352666
"SELENOO",-0.0336402405805991,20.0893853615808,-0.532067540211946,0.602601733020607,0.999486182046446,-4.93889006695337
"DPCD",0.0263113444460039,18.9112122623212,0.502594169631493,0.622669755567885,0.999486182046446,-4.94804044635714
"GGACT",0.258411194652879,17.0982845627406,1.99490646828289,0.0648691394082983,0.999486182046446,-3.99558715760428
"RUSC1",-0.0379863496020718,18.4433109843734,-0.290426765292072,0.775533005792593,0.999486182046446,-4.99900821136693
"GNL3",0.115357588364422,20.0326484628432,1.77388069030539,0.0967213733174775,0.999486182046446,-4.18302992005703
"SPATA5L1",0.0488356745959599,18.2735137371505,0.713662052611768,0.486575525528034,0.999486182046446,-4.87182916681496
"RIOK2",-0.0213843474277162,18.2728988570431,-0.200022634665145,0.844194350314223,0.999486182046446,-5.01257677421249
"TRMT61B",-0.120255093457253,16.8137277768363,-0.624069514446097,0.542797452487755,0.999486182046446,-4.90679444229772
"TIMM21",-0.0236711545080723,19.1017961399131,-0.314896584679037,0.75725069215327,0.999486182046446,-4.99448824717653
"TIPIN",-0.187748534348557,13.9166239143925,-0.519068251045805,0.612604240873319,0.999486182046446,-4.94233726960264
"KIFC1",-0.14745252890555,19.2386629250867,-1.87148124482657,0.0812453999114219,0.999486182046446,-4.10142516804954
"NUP85",-0.111314131184656,20.4486955774857,-1.56238706255039,0.139392361340138,0.999486182046446,-4.35214361613096
"ELOVL1",-0.236550264614888,17.5363819725226,-0.758233495190181,0.460434240211907,0.999486182046446,-4.85255069998858
"DDA1",-0.0996076534819714,16.7839731668654,-0.522857517237639,0.608838159736087,0.999486182046446,-4.94180255526203
"CINP",0.18609538282589,15.1766266583424,0.481632513182119,0.638253421046853,0.999486182046446,-4.95365275762789
"HIGD2A",-0.117232656904367,16.1428193715946,-0.46536174473077,0.648956893659205,0.999486182046446,-4.95863387334023
"IFT27",-0.0352953422282241,19.4701394509977,-0.270043776143016,0.79086804670254,0.999486182046446,-5.00249868672498
"YJU2",0.011935004056479,18.7769185625657,0.0791136961773242,0.938005487539575,0.999486182046446,-5.0229438977364
"NUDT9",0.00416852042171811,17.9514494644058,0.0446263982815945,0.965003630608176,0.999486182046446,-5.02425715199066
"TARS2",-0.0523470636016867,20.6542194879908,-0.799194315676667,0.436858366242269,0.999486182046446,-4.83410607874833
"ACAT2",0.0210588303262575,22.1458898794034,0.292202871103584,0.774201224660597,0.999486182046446,-4.99869222713089
"RTL8A",0.167676280915192,17.6263861495996,0.597111956216157,0.559570243237377,0.999486182046446,-4.91691327423629
"REPIN1",-0.0552633823714181,17.6820185577477,-0.532362702443923,0.602402394585691,0.999486182046446,-4.93879593156363
"RBM4",-0.0544128003372428,20.5164524211497,-0.590715489771952,0.563653216038697,0.999486182046446,-4.91922143253932
"SCNM1",0.14179068011876,17.1125014649918,0.475713478729031,0.643917505353292,0.999486182046446,-4.95454358283369
"FUNDC2",-0.0355200932722539,20.8621706506899,-0.550940260777326,0.589922524930061,0.999486182046446,-4.93277183206027
"RPAP1",0.0234227863585801,18.8579009914843,0.380103362189919,0.709285910389401,0.999486182046446,-4.9806989436639
"SF3B5",0.283411639086008,17.2845888062997,0.921443931444028,0.37177951819158,0.999486182046446,-4.77368840221584
"C1orf43",0.113879820924671,15.3931034530876,0.589710909108662,0.56494919108903,0.999486182046446,-4.91921493689342
"SFXN3",0.0213874491756059,18.8294355323928,0.0446161211854307,0.965023634191831,0.999486182046446,-5.0242566505767
"PRR14",0.231906478573535,16.0234212555372,1.54313444402521,0.143976787448989,0.999486182046446,-4.3669402856278
"YIPF2",-0.0401463478286637,16.4222667604968,-0.290377226413844,0.775570162110148,0.999486182046446,-4.99901699758445
"CHID1",-0.0410182540957074,20.385012009693,-0.301004805960221,0.767622483164345,0.999486182046446,-4.99709425634195
"PAPOLG",0.0317360191483793,16.9507118558259,0.290090120787772,0.775785515013909,0.999486182046446,-4.99906788961314
"SLC4A1AP",-0.0430028154818096,20.6652481927084,-0.685683641793117,0.503547615525633,0.999486182046446,-4.88333328813808
"CDK19",-0.454316960334426,14.1464139319629,-1.32447002480202,0.205502638626697,0.999486182046446,-4.52679328035511
"GTPBP2",0.0573312562902029,14.6441362717631,0.37548866482225,0.712641682637649,0.999486182046446,-4.98175777015441
"LSM14B",-0.000413302639159951,20.9981739086812,-0.00351906367737387,0.997239350834122,0.999486182046446,-5.02486638685471
"TAPBPL",-0.0336932058933961,16.9703872062803,-0.279262651702793,0.785342455479315,0.999486182046446,-5.00042002718874
"BRIP1",-0.0182946613906658,20.2006135433062,-0.278587911293498,0.784428603413036,0.999486182046446,-5.00106599277023
"HINT2",0.220454287283996,19.2317807140347,0.847161733741911,0.410708737097533,0.999486182046446,-4.81117661745322
"BTBD2",-0.0320330475025585,16.3945194043652,-0.178717648913086,0.860590918885059,0.999486182046446,-5.01505230731476
"SGPP1",-0.063841757334238,19.2727944425284,-0.466363590017602,0.647768191686198,0.999486182046446,-4.95860732206361
"OSBPL11",-0.0556064697499785,18.1857543698033,-0.860206760857637,0.403440179442993,0.999486182046446,-4.80490627730863
"OSBPL10",-0.0466700026508775,17.8532151346293,-0.612089944203294,0.549797678129899,0.999486182046446,-4.9115754679233
"TBC1D10A",-0.00503072507559921,19.3242602933698,-0.0658990645485499,0.948343046594075,0.999486182046446,-5.02353354356399
"C1QTNF6",0.00839449792093916,17.4047455138462,0.0418676192132528,0.967662619652664,0.999486182046446,-5.02429970182737
"C1QTNF3",-0.328369404639201,17.7851200705519,-1.58622937768991,0.133920381922249,0.999486182046446,-4.33371871026002
"TMEM120A",-0.00131817237831555,17.5043437441525,-0.0133027193177413,0.989564535125149,0.999486182046446,-5.02481572031137
"NAA15",-0.0494932040517675,21.6366842948888,-1.10476472276683,0.286956943490652,0.999486182046446,-4.66996236589725
"KLF16",-0.113721104660094,17.0036099881691,-0.64748007363363,0.527270671036213,0.999486182046446,-4.89836237237779
"BCL2L13",0.0748755808149362,18.0853902508839,0.29528967178314,0.771932166390858,0.999486182046446,-4.99812151105938
"SLC12A9",0.100736008520563,18.5717452629823,1.30654220718325,0.21137349061311,0.999486182046446,-4.53917465249878
"SRRT",-0.0328637046063349,21.4043110968588,-0.359377337807221,0.724405566028268,0.999486182046446,-4.9853556973666
"QTRT1",-0.00686546212658712,20.4875469125631,-0.0799504975982286,0.937351241489103,0.999486182046446,-5.02290294510091
"TMEM59",0.171161636722324,17.1066957869812,0.812645817075925,0.429342549805296,0.999486182046446,-4.82782972581263
"AP1M1",-0.0196429991525164,20.0641370768115,-0.248868633446091,0.806894232163494,0.999486182046446,-5.00585955904407
"NUSAP1",-0.0501301055169954,18.3749594483307,-0.686772119332773,0.502880928030471,0.999486182046446,-4.8828935529383
"SLC26A6",-0.579315736715962,16.5239946032578,-2.22082258569565,0.051282044476572,0.999486182046446,-3.86760613892748
"TDRD1",0.268122631573581,15.2863755471704,1.82202519681415,0.0963585546806314,0.999486182046446,-4.1656657756084
"GON7",0.571145888925006,17.3131259142615,1.60458105788444,0.131785768820496,0.999486182046446,-4.32241068214665
"OSBPL1A",0.0174769305560858,17.3391282555127,0.15739433752319,0.87706832592286,0.999486182046446,-5.01725271581652
"HDHD5",-0.0468135441985638,21.4239305452198,-0.80809843541756,0.431874002488486,0.999486182046446,-4.82996179413378
"FANCD2",-0.0226401809146815,18.4244815123691,-0.251722981801678,0.804728540894587,0.999486182046446,-5.00542231721892
"MAK16",0.144482229104145,18.7781371671379,1.83624197889938,0.0865580660806489,0.999486182046446,-4.13111862391039
"PACSIN1",-0.0365978097471,16.1836562564792,-0.232544840498593,0.819310562921881,0.999486182046446,-5.00826538627199
"ITPA",0.128662468857033,20.6435554392382,1.62587478611028,0.125144980062416,0.999486182046446,-4.30260314559038
"RTF2",-0.117700709588796,20.9540077355406,-1.19560217846116,0.250719464668861,0.999486182046446,-4.61309576605475
"CHMP4A",-0.102453744492831,19.8910930837443,-0.501702391769195,0.623429528927204,0.999486182046446,-4.94823004627772
"EIF2A",-0.0424845149347064,21.6481388033795,-1.02522827711971,0.321775688621895,0.999486182046446,-4.71686047659052
"SEC11C",0.0682391858757789,18.6091210178704,0.71930673243169,0.483193173058961,0.999486182046446,-4.86945769344015
"CADM1",0.074647166543496,17.1327933759098,0.18596926074336,0.856396191726873,0.999486182046446,-5.01387346051835
"POLDIP3",-0.0419750620074169,19.8227451958107,-0.673401015820668,0.511106279894636,0.999486182046446,-4.88825122100779
"KIAA1671",-0.188048092662898,15.4844719764671,-1.09722406966131,0.2901329314241,0.999486182046446,-4.67452718282414
"GNB1L",-0.105090734746042,19.1939093655981,-1.48314026309689,0.159087151599791,0.999486182046446,-4.41233830748
"FUT8",0.0773440901920424,19.5915780914713,0.649069525576823,0.526271247274636,0.999486182046446,-4.89775286244094
"MRPL32",-0.110263998293625,18.2190347336369,-0.469231776428477,0.645827372565483,0.999486182046446,-4.95776541833402
"MRPL20",-0.163993115640739,19.6510466649813,-1.3225824052509,0.206114557688639,0.999486182046446,-4.5281024303487
"MRPL13",0.0319256788029598,20.2532950821983,0.362667102578951,0.721997538737928,0.999486182046446,-4.98463352895083
"MRPL9",-0.00684840361182992,21.4896989767471,-0.104404851800635,0.918254456303952,0.999486182046446,-5.02151618367813
"MRPL4",0.0773975678808405,20.336761524042,0.549216000867686,0.591101517334426,0.999486182046446,-4.93332461655344
"MRPL1",0.0150795580798864,21.0578450270042,0.307507821449687,0.762755897806466,0.999486182046446,-4.99589089382313
"PCGF6",0.0250986713460239,14.5261208186357,0.167930318946616,0.86891887303862,0.999486182046446,-5.01620018489247
"NIFK",0.0676759115980374,19.1264107444711,0.946355608495814,0.359213263611618,0.999486182046446,-4.76055041800244
"PARD6B",0.0465494269346962,21.1839784156878,0.746663323040569,0.46700187835421,0.999486182046446,-4.85772632399231
"YTHDF1",-0.0072847039668531,17.5998906437512,-0.0486624771858848,0.961841062084341,0.999486182046446,-5.02414126085424
"HELZ2",-0.0565440811210216,19.391488636326,-1.08098734387978,0.297060053652493,0.999486182046446,-4.68427301009528
"RBCK1",0.0292482179398803,17.7948893491294,0.264301128825994,0.795205007551178,0.999486182046446,-5.00343689681694
"SRXN1",0.0746728859046222,18.6045544284148,0.329927429758155,0.746143047171371,0.999486182046446,-4.99151323005899
"MRPS26",-0.0329144924467997,19.8097813994545,-0.462714831268207,0.650321222406916,0.999486182046446,-4.95962957941248
"NLN",-0.0238602279921452,21.0994182050297,-0.252474934184949,0.804158283543508,0.999486182046446,-5.00530631006083
"CEP41",-0.0511017682059638,17.8511030524155,-0.565699983687654,0.580101983812881,0.999486182046446,-4.92784700741193
"SETD2",0.119874000483897,15.5072608986228,0.625560608262383,0.541161683128565,0.999486182046446,-4.9066271349201
"TBC1D2",0.0552059891882113,16.0084647007185,0.225244088381617,0.82488017573238,0.999486182046446,-5.0092891316741
"IFIH1",0.089616719519114,17.0664448505596,0.224412962850507,0.825807015633836,0.999486182046446,-5.00931300053295
"PANK2",0.249129461594208,16.7565822830963,1.03113444185862,0.319089386960486,0.999486182046446,-4.71347425932464
"DOCK9",0.0597060516380736,16.6359882534658,0.345597303910124,0.734524711907351,0.999486182046446,-4.98831088495446
"FRMD8",0.200422975224782,16.8839163274205,1.14643876613339,0.269871420746411,0.999486182046446,-4.6442987646054
"NSD3",-0.0427817582462069,16.8439513193877,-0.393388833991946,0.699659757518958,0.999486182046446,-4.97758047698732
"ABCA2",0.151702547273942,17.1323211015675,1.45472639559748,0.166693756706256,0.999486182046446,-4.43344983455065
"SLC29A3",-0.0385005491031798,15.7457424510434,-0.251006323570375,0.80527213908299,0.999486182046446,-5.00553256126285
"NUF2",-0.0512569065625428,18.0920427284146,-0.661799842481011,0.518305321741113,0.999486182046446,-4.89282158729268
"MRPL37",-0.0333199660901258,20.8805115493639,-0.480218256272194,0.638115924591671,0.999486182046446,-4.95465570018656
"GTPBP4",0.0595923213319658,21.8800014358477,1.13838070368287,0.273113705269533,0.999486182046446,-4.64931806861958
"ASPSCR1",-0.0451178340075913,19.6640242820418,-0.540297284581004,0.597056093935609,0.999486182046446,-4.9362468772836
"OSBPL8",-0.0576454288947481,19.6959817722819,-1.13299205685996,0.275298266416327,0.999486182046446,-4.65265946490247
"OSBPL6",0.117931592157063,18.2137348799327,0.230738156334515,0.82158625713238,0.999486182046446,-5.00823581031809
"UACA",0.0203991880722967,15.7855199118757,0.125846004728859,0.901553063999029,0.999486182046446,-5.01999828979745
"DPH1",-0.0156988020517908,19.5299717062159,-0.169684900004501,0.867563192140282,0.999486182046446,-5.0160183177542
"WDR11",-0.0240529752518732,19.3444823307138,-0.391395383758703,0.70110079167964,0.999486182046446,-4.978055027905
"UPF3B",-0.030523514929726,20.0596257683309,-0.361330829813259,0.722975292538919,0.999486182046446,-4.9849276410375
"CRNKL1",0.0197695236569473,19.7727599457295,0.251494232879572,0.804902039761327,0.999486182046446,-5.00545753956392
"SLC25A39",-0.0352167036539868,16.9957534715036,-0.247542784323753,0.807900756695389,0.999486182046446,-5.00606098275768
"TBL1XR1",0.0148829258259724,19.613734735155,0.330352900190879,0.745778739829844,0.999486182046446,-4.99144852490632
"UBL5",-0.123855958087098,18.8179292356705,-0.501177546133157,0.623789770716734,0.999486182046446,-4.94838835878447
"PPP1R12C",-0.0861759874057952,16.884886463326,-0.625336369003992,0.541304827711656,0.999486182046446,-4.90671032447914
"PRKD2",-0.0210271299655282,18.697848015041,-0.220806823184656,0.828270070843321,0.999486182046446,-5.00989554687101
"PLA2G12A",0.331769410548958,14.7649603135461,1.12827153753471,0.277222765144357,0.999486182046446,-4.65557654839637
"EDEM3",0.0332982601064487,18.6064978608141,0.311712257309687,0.75962161735151,0.999486182046446,-4.99509675173731
"UBXN6",-0.0265794448087107,17.1502582280425,-0.227292332527406,0.823316609763441,0.999486182046446,-5.0090051797631
"UCK2",0.06365857532926,20.4129805207067,0.684808182665207,0.504084203995345,0.999486182046446,-4.88368650442714
"API5",0.032920338667406,21.7698413384273,0.407237379633958,0.689682077361642,0.999486182046446,-4.97421924588545
"PKIB",0.25783625909261,15.7418019572383,2.02832121991708,0.0836125177866098,0.999486182046446,-4.07020245725942
"TRIM4",0.114079354726471,16.9816654341109,0.632906761203491,0.536483791946716,0.999486182046446,-4.90388655613507
"INO80B",-0.0694578889523072,16.6744734176703,-0.34629057405093,0.734014383045772,0.999486182046446,-4.98816490552704
"UNK",-0.0354025225762591,16.4183665552051,-0.158833515454458,0.876497187208526,0.999486182046446,-5.016989650133
"FTO",0.0103379485141701,19.1828229793558,0.146281152492779,0.885679845502781,0.999486182046446,-5.01828936906524
"TANGO6",-0.0144973669481203,15.7670428580108,-0.0520469157339179,0.959239849218428,0.999486182046446,-5.0240325122932
"TNKS1BP1",0.0625881215981998,19.3328776156028,1.06852193384874,0.302460519416353,0.999486182046446,-4.69167738899261
"SEMA4C",-0.058755056910119,18.7294087313263,-0.758919659395595,0.459856795452121,0.999486182046446,-4.85234317382997
"AMBRA1",-0.0466102061104259,16.9959174603072,-0.586217200320128,0.56659266478585,0.999486182046446,-4.92079823658368
"UBE2O",-0.0325924981117254,20.5954621998864,-0.517677088770703,0.612359902023233,0.999486182046446,-4.94341957677693
"ZYG11B",0.0793818554482968,17.730417541577,0.834089247818025,0.41753414737475,0.999486182046446,-4.81763486339291
"TANC1",0.0522745131884115,17.493448920312,0.726009137036385,0.479195383737003,0.999486182046446,-4.86661994654476
"FHDC1",0.110351910218517,11.6504205775414,0.534247204026279,0.605136302297999,0.999486182046446,-4.93598981957947
"SELENOI",-0.00644732235258516,21.4617419505153,-0.044179174075471,0.965357778066176,0.999486182046446,-5.02426913792933
"XPO4",-0.0180645764219989,18.6468291725408,-0.203099399380576,0.841832393094635,0.999486182046446,-5.01219642532706
"LNPK",-0.0325606832140792,19.7369842691139,-0.326187342919189,0.748864500612267,0.999486182046446,-4.99228179141731
"CEP44",0.077304833607581,19.4035403208413,0.328808444632684,0.747761695815178,0.999486182046446,-4.9914039166869
"TTYH3",0.0238360996098734,15.4795709566844,0.106669617669098,0.91648831006024,0.999486182046446,-5.0213691745177
"ARHGAP39",0.24270561042017,16.6344166156319,0.963626144662158,0.350766215003509,0.999486182046446,-4.75123058897152
"SRCIN1",-0.292576175549831,13.7909895520664,-1.19837169099883,0.259087786583307,0.999486182046446,-4.61146883453618
"MTMR12",-0.0672612866737659,17.3131971230375,-0.829140455048515,0.420240432241775,0.999486182046446,-4.82000824773734
"WDR33",-0.00427047594427776,20.0473465580577,-0.0485581151511369,0.961922829399047,0.999486182046446,-5.02414438372377
"WDR12",0.0200544312878215,19.491041689107,0.229991857740864,0.8212570599574,0.999486182046446,-5.00862705253293
"YIPF3",-0.061730388624234,19.0071968713491,-0.523730868370616,0.608245422821238,0.999486182046446,-4.94152844312563
"ACTR6",0.0320214959900227,17.1289064636505,0.343978239739144,0.735717038820914,0.999486182046446,-4.98865069215255
"ROGDI",0.116782233050763,16.7234814323781,0.450822551257354,0.65867360907968,0.999486182046446,-4.96290788442982
"C20orf27",-0.170338648122719,22.1711622507245,-2.21564772758168,0.0428845195452604,0.999486182046446,-3.80051156681076
"PITHD1",-0.0759182847941702,19.8803630267748,-0.952028027133721,0.356423422682514,0.999486182046446,-4.75750485188348
"IMUP",0.152643488533506,17.4957541516625,0.293225676376378,0.77508558523979,0.999486182046446,-4.99786838986804
"DERL2",-0.320335398248424,17.5006868473112,-0.892912201017787,0.387591267641423,0.999486182046446,-4.7878897572982
"COMMD5",0.0376359631017067,18.0940055637301,0.407774466539315,0.68929629674205,0.999486182046446,-4.97408661839626
"SENP6",0.00994903544849812,15.5080677142421,0.0376929820211659,0.970437868010601,0.999486182046446,-5.02443283506776
"REXO4",-0.0119756024632771,19.2400636373167,-0.165598429204692,0.870721270996409,0.999486182046446,-5.01643898181779
"DDX24",-0.0546625002990133,19.5864049667441,-0.907058627788574,0.378955626459737,0.999486182046446,-4.78122888592543
"POLR1E",-0.0744370542006259,20.0257195478275,-0.950541002213344,0.357153317745601,0.999486182046446,-4.75830471570409
"SKIC8",-0.00849972273682553,20.5796111215354,-0.0869320884897855,0.931894611303288,0.999486182046446,-5.02254449785836
"SLIRP",0.0539157564489336,21.978353458179,0.505479208266511,0.620691277563524,0.999486182046446,-4.94716662195548
"SRR",0.0315759884892586,17.4300251430024,0.390943914435322,0.70142731709932,0.999486182046446,-4.97816217746427
"NIF3L1",-0.00999012178202818,20.1341913261142,-0.174734169044641,0.863664278008693,0.999486182046446,-5.01548445981045
"EGLN1",0.0312557432032357,17.2839716232416,0.407432603613127,0.689541840900976,0.999486182046446,-4.97417105712848
"TMEM39B",-0.169763503153739,13.8367885915118,-0.695040364883126,0.500543492560866,0.999486182046446,-4.87802826241538
"CTDSP1",0.00850650260862906,17.2684957623929,0.0461134819390745,0.963838316092643,0.999486182046446,-5.02421561840944
"PSME3IP1",-0.0177126979250666,16.605504342846,-0.0917394265369765,0.928139357827171,0.999486182046446,-5.02228027072388
"COA1",0.268939944411532,16.9746526819587,1.02697107981486,0.321023006721134,0.999486182046446,-4.71585076204602
"MFF",0.0510637557077338,17.504761318607,0.31953188371886,0.753803940993995,0.999486182046446,-4.99359162975271
"NAA50",-0.002706032977148,22.3974447134934,-0.0530389807139132,0.958412496575755,0.999486182046446,-5.02400426798452
"UBA5",-0.0810666961262534,19.5076377947198,-0.84326923993857,0.41254410867381,0.999486182046446,-4.81319971362791
"MKRN2",0.0202039223591299,16.9177419458614,0.172121685003696,0.865681119208515,0.999486182046446,-5.01576262018332
"LHPP",0.120082888731201,17.8670836602349,1.15412604636564,0.266805574326011,0.999486182046446,-4.63948523716862
"MTFR1L",0.138248265791709,16.762835064519,0.933713279336493,0.365485477235264,0.999486182046446,-4.76728337811267
"TMEM126A",0.0113357837485104,20.2245793333598,0.197704664776354,0.845974823208613,0.999486182046446,-5.01285951581901
"MAF1",-0.119796500455983,16.6521890129779,-0.506510031794888,0.619985101050486,0.999486182046446,-4.94685325083294
"PAIP1",-0.143227966943275,20.9869386205584,-0.911842892739366,0.376603625778376,0.999486182046446,-4.778712267176
"CLPB",-0.0486816311029941,20.9521675984841,-0.849965072259372,0.408929120231116,0.999486182046446,-4.80993817232532
"MIS12",0.136117144296676,14.5737991177442,0.503263333606416,0.622210592906442,0.999486182046446,-4.94783819307421
"RAB33B",-0.118685963744884,17.9065764682374,-0.846077590265291,0.411025378040855,0.999486182046446,-4.81183448881931
"LSG1",-0.014070013532649,20.4293404477442,-0.225947953963765,0.824342779684831,0.999486182046446,-5.00919184050374
"FAM107B",-0.10097623943626,17.7115130442842,-0.546537355595986,0.592868359228829,0.999486182046446,-4.93421718291827
"NAT10",0.0142218369153859,22.2850137231787,0.333539463794385,0.743421231473133,0.999486182046446,-4.99080410534625
"COMMD4",0.0256826250353335,19.5645313254061,0.434488799815514,0.670222305296362,0.999486182046446,-4.96727670889907
"KLC2",-0.0648283578468742,19.9762354290558,-0.783738311827091,0.445596802701702,0.999486182046446,-4.84120362022785
"BTBD1",0.202112495215566,18.1575863522847,0.718123593376795,0.484124054984886,0.999486182046446,-4.86983346497853
"ILKAP",-0.00168347923392176,19.9736533984427,-0.043308852686367,0.966036160093228,0.999486182046446,-5.0242928134977
"XRN2",-0.0585550159259256,21.7739859493718,-0.639946805477905,0.53202198827451,0.999486182046446,-4.90123243285357
"TOLLIP",0.0329493532426071,19.2198647174528,0.35464552964432,0.727874415609672,0.999486182046446,-4.9863831662298
"SAP130",-0.0673283939109126,17.5441150058014,-0.45883247659553,0.653042685319988,0.999486182046446,-4.96070882387806
"BRD8",0.0541937039507232,17.5430798758814,0.557049730464948,0.585847263529375,0.999486182046446,-4.93074816706095
"SHARPIN",0.267177653190775,16.6529795741679,0.925416479039998,0.369684882768156,0.999486182046446,-4.77164315626877
"ARL6",-0.0280697201775126,16.9590521119252,-0.198049706046114,0.845709735725773,0.999486182046446,-5.01281763552583
"NSRP1",-0.099145388149827,14.9753051807757,-0.543309889806741,0.595032467532546,0.999486182046446,-4.93526972053352
"INTS2",-0.0152062431676256,18.9197641563374,-0.168038875846576,0.868834983911182,0.999486182046446,-5.01618898723181
"KLHL25",-0.13901410073356,15.0629003312811,-1.02781656520092,0.32314021921234,0.999486182046446,-4.71464344592955
"RACGAP1",-0.0568812822691349,19.0672894192781,-0.893301185594242,0.386038560532699,0.999486182046446,-4.78829265504831
"PARP12",0.00887149931646647,18.3034834257149,0.142663945640086,0.889194205233466,0.999486182046446,-5.01846495479175
"PUS7L",-0.0254787397918435,17.3651998298745,-0.128769149112145,0.899404769965717,0.999486182046446,-5.01974626217661
"CSTF2T",0.0348466476998439,15.906280877702,0.158413203854587,0.87627960056044,0.999486182046446,-5.01715389519552
"WWP1",0.161772509009477,17.2538133703201,1.22465872104706,0.24127060429532,0.999486182046446,-4.59430509659169
"PCBD2",-0.0681207844418488,17.8235861947205,-0.80592990627481,0.433084543712978,0.999486182046446,-4.83097482192755
"NT5C3A",-0.0778828795357285,19.3654527483976,-1.0193179412547,0.324480167053728,0.999486182046446,-4.72023333554401
"AP5M1",-0.0478544438373625,16.5420784590038,-0.106472021473511,0.916778544664711,0.999486182046446,-5.02136105602008
"TMEM222",-0.0489434280018308,17.7233308414595,-0.200755145088006,0.843848639628233,0.999486182046446,-5.01242582529511
"HDHD2",0.0883760121526116,20.0780477560503,1.42966019987903,0.173652436932523,0.999486182046446,-4.45185836647256
"QRSL1",0.0141262927953285,17.5758555782627,0.134012796239578,0.895203803096025,0.999486182046446,-5.01934601120364
"DDX47",-0.0169040086079342,21.2150666436435,-0.420580348393641,0.680124674521064,0.999486182046446,-4.97087427688894
"RAB17",0.141946909577353,17.307458925876,0.843898829893227,0.412203312997481,0.999486182046446,-4.8128939932446
"MAGT1",-0.109722163545424,19.7764056529443,-0.900080008814436,0.382537429579533,0.999486182046446,-4.78482353651875
"RAB1B",-0.0121936248793126,23.8507991982839,-0.0278736729815574,0.978143985455184,0.999486182046446,-5.02463071350758
"MRPL18",0.0263320450160585,20.1733848858003,0.312295706628222,0.759187016318625,0.999486182046446,-4.99498571239727
"TSPYL1",-0.0693326678893413,18.597668743085,-0.808256235145464,0.431785998284498,0.999486182046446,-4.82988798468915
"TMEM168",-0.0383819131020182,17.8937841487326,-0.277431414717502,0.785299276651462,0.999486182046446,-5.00126248902477
"LMAN2L",-0.0199363131562009,20.5082011261093,-0.300761231123992,0.767794246853119,0.999486182046446,-4.99714306965096
"SMG9",-0.0290398679372537,18.3330808149399,-0.370915323553597,0.71597345454556,0.999486182046446,-4.98279469008507
"C11orf54",-0.0686804680161437,18.7119849998622,-0.61934421415521,0.545137679986693,0.999486182046446,-4.90892308942722
"FAM234A",-0.0311735265012167,18.0804655158749,-0.285284639491633,0.779392836171099,0.999486182046446,-4.99991234966153
"OSBPL5",0.104170456451886,16.2053502006034,0.718355540846442,0.483762147981671,0.999486182046446,-4.86985849572135
"RBM38",-0.0993040219654073,15.5106283221378,-0.21291924032832,0.834331292555865,0.999486182046446,-5.01093607241925
"GZF1",0.104814082296411,16.4619287287577,0.902790995902146,0.381143290683494,0.999486182046446,-4.78342992223973
"DNTTIP1",0.0426979476808462,18.1941709541043,0.388357815473164,0.70329888655462,0.999486182046446,-4.97877363596564
"ING2",0.0423024654696107,15.9690068867197,0.290042719899087,0.776111397300755,0.999486182046446,-4.99896480314622
"SIL1",0.0735916807733474,19.0577655495869,0.947192321907841,0.35880079607935,0.999486182046446,-4.76010213526075
"METTL9",0.00928319277113232,17.9634497180985,0.0819769964829083,0.935767035136952,0.999486182046446,-5.02280198626815
"ANAPC1",-0.00106996119851388,19.1804239206067,-0.019123170639521,0.984999121729837,0.999486182046446,-5.02475761855586
"XYLT2",0.118192193257126,18.0647410971872,1.45073813612105,0.167785235077021,0.999486182046446,-4.43639246432842
"IRF2BPL",-0.0199081729041986,18.9041185764854,-0.358819573881041,0.724814135177245,0.999486182046446,-4.98547750132919
"UNC93B1",-0.0307442804150497,18.6605537565169,-0.267605250533768,0.792708805261225,0.999486182046446,-5.00289951263489
"POLR3F",0.0149982673126807,17.5899855982932,0.0404572365761194,0.968281951554808,0.999486182046446,-5.02436569435913
"NUCKS1",-0.0391707547098044,22.6351382278415,-0.405152436767167,0.691180500755746,0.999486182046446,-4.97473249468841
"TMX4",0.0259635581192583,19.0961040725021,0.232301532822228,0.819496017722756,0.999486182046446,-5.008300024596
"KIF13A",0.0347634804101258,15.9753443143013,0.31552765832398,0.756781117998993,0.999486182046446,-4.99436693268351
"ASCC2",0.0426073147868244,19.4806022200823,0.541123655207305,0.596500660374299,0.999486182046446,-4.93597934964371
"UPF3A",-0.0901739776614381,13.2608227667342,-0.347091329182915,0.734659682364006,0.999486182046446,-4.98745339847425
"RBSN",0.133105773494517,17.3642371319624,0.986765363923753,0.33966826242236,0.999486182046446,-4.73852520550542
"ISCU",-0.114926797320088,17.3322143408698,-0.698115481966167,0.495963915379,0.999486182046446,-4.87827316241361
"SLC25A18",0.0122527869319526,15.7881905435689,0.0825675344970313,0.9353054372539,0.999486182046446,-5.02277209118542
"OSBPL2",0.00875543597373962,19.3685643005226,0.089992118249389,0.929504068604869,0.999486182046446,-5.02237795079078
"DNAJC25",0.131562933957998,14.3310247030671,0.655844000886318,0.522023571012127,0.999486182046446,-4.89513962698386
"ATG5",0.0446574477427149,18.3765672115469,0.551253478199128,0.589713245828519,0.999486182046446,-4.93266859504289
"WDR13",-0.0182857549014273,18.4688303675765,-0.229314747428066,0.821773520786912,0.999486182046446,-5.00872231179319
"EPN3",-0.201495999973197,17.8922613517116,-1.20477105142262,0.247266233024337,0.999486182046446,-4.60716805983491
"CDT1",-0.0925299424345472,15.5173447483081,-0.379697845668836,0.70958055055983,0.999486182046446,-4.98079249212795
"EHD4",0.0233951257398672,21.3968858030872,0.239777302058726,0.81380295710701,0.999486182046446,-5.00721936062402
"CDH23",0.368377552832939,14.8365760570424,1.47885322126237,0.161719977234129,0.999486182046446,-4.41690539561611
"SPTBN4",-0.0815901241467643,18.5357613738873,-0.132150497933702,0.896820499151169,0.999486182046446,-5.01946605281065
"VPS33B",-0.104361514281585,19.995403901363,-1.59353588397127,0.132238093480358,0.999486182046446,-4.3279782961111
"VPS16",-0.00101007139075548,19.4633408822086,-0.0209261816795087,0.983584988270725,0.999486182046446,-5.02473538908609
"VPS11",-0.000380944347767809,19.6430465551807,-0.00639661184476683,0.994981985805226,0.999486182046446,-5.02485760278343
"SH3BGRL3",0.12339658890507,21.2868212460089,0.854941119432272,0.406340445861109,0.999486182046446,-4.80745963531678
"GAN",0.00428273779313315,20.6580678698477,0.0537777931900416,0.957833790649925,0.999486182046446,-5.02397997917656
"ARV1",-0.0654065033945166,16.1762881908295,-0.429878096041624,0.673498086485542,0.999486182046446,-4.96848182897227
"SLC25A32",-0.0341620664754494,19.0425492065789,-0.442603895858589,0.664473569667696,0.999486182046446,-4.96512554283067
"TRIOBP",0.0318431577041913,16.6007667100797,0.292399121361412,0.774054114853341,0.999486182046446,-4.99865719628988
"HSD3B7",0.126165504789295,16.4999955573969,0.580264313783367,0.570495078764857,0.999486182046446,-4.9228675952339
"EPC1",-0.00370947484954343,17.6789816201283,-0.0256482727689244,0.979881651212683,0.999486182046446,-5.02466768556802
"SLK",-0.0798539213288834,20.5806691708312,-1.22531143377483,0.239663816926881,0.999486182046446,-4.59376733961183
"TSPYL2",0.192994845592056,15.5203661000311,0.654233241635579,0.52670926388891,0.999486182046446,-4.89369834315011
"PPIL3",0.0627606658295186,20.8828344579551,0.841610827118405,0.41344268629594,0.999486182046446,-4.81400406834956
"SLC38A1",-0.0952608834276667,20.24115493584,-0.448933940198073,0.660134551269329,0.999486182046446,-4.96335419318578
"PDCL3",0.0342865266936663,20.7037274702684,0.415682287454299,0.683626615211377,0.999486182046446,-4.97211429359737
"MTIF3",0.0706126751197047,16.9535160746191,0.510041349361316,0.617568870851463,0.999486182046446,-4.94577512569887
"TAOK3",0.0231546120489483,19.2373545963814,0.423396756574136,0.678114480642459,0.999486182046446,-4.97015490640553
"RAB3GAP2",0.0443445844612143,20.0354421569074,0.87921515854739,0.393382593733092,0.999486182046446,-4.79542965844999
"ADNP",-0.0404900478602173,20.4286850462415,-0.822870450952407,0.423685533871591,0.999486182046446,-4.82299756777006
"DPH5",0.0129499127685371,18.1501639247357,0.122606159325111,0.904073831476071,0.999486182046446,-5.02024573131879
"DHX36",-0.0124279777964098,20.9114419850905,-0.203849205293031,0.841257022613616,0.999486182046446,-5.01210286161574
"PPA2",0.0293620105381009,22.6476444049278,0.339179726871872,0.739254928082791,0.999486182046446,-4.9896486356302
"SPNS1",0.0753409080036711,19.1336085737791,0.573317288666165,0.575067019987863,0.999486182046446,-4.92525752489136
"MRPL46",0.00425493149325007,21.0837160021634,0.0543715822594406,0.957368698179024,0.999486182046446,-5.02396021468079
"ZNF106",0.0584171713604817,16.2189623745788,0.39852471786533,0.69636290682178,0.999486182046446,-4.97614995819729
"PARL",0.0136671169817966,17.6107624556691,0.116016982071455,0.909203818923598,0.999486182046446,-5.02072912283856
"PNN",-0.0614685771509933,20.8283098277284,-0.512509274434234,0.615882951680858,0.999486182046446,-4.9450174321493
"TMEM245",-0.197173362385733,18.8908295112925,-1.18923919983664,0.253202381466956,0.999486182046446,-4.61718958632296
"KCTD10",-0.042196412059452,15.6282392537787,-0.288172532075279,0.777224352285834,0.999486182046446,-4.99940652900605
"TRIT1",0.0208925493628342,17.1101953663565,0.160197565063242,0.874898617300967,0.999486182046446,-5.01697929992854
"C11orf68",0.022661601773283,19.9366249575175,0.289398176199215,0.776304608760362,0.999486182046446,-4.99919033941617
"DPAGT1",-0.341443362265807,18.5120839689869,-1.74887157899885,0.101214391052728,0.999486182046446,-4.20393339626527
"GHITM",-0.101351366493731,21.3900902531287,-0.592490891000674,0.562577398495878,0.999486182046446,-4.91854984737454
"BOLA2B",0.0720256152933381,21.2930929510612,0.554389526108221,0.587619952872563,0.999486182046446,-4.93163190084796
"MMADHC",0.0164207799170555,17.3154593700155,0.155340224322852,0.878810344118831,0.999486182046446,-5.01741638603392
"TXNIP",0.0259499205553659,18.501062661968,0.397743659926492,0.696515880411516,0.999486182046446,-4.97653565303697
"TMX1",-0.0230231231808879,22.9816988955909,-0.451730109524078,0.658034518435429,0.999486182046446,-4.96266059074909
"NELFA",0.0135235506769256,19.537868128677,0.151976867938291,0.881264344597385,0.999486182046446,-5.01776750100952
"ACBD3",-0.0618539210050493,20.3703489693387,-0.929241731516835,0.367721914756698,0.999486182046446,-4.76964661098257
"CDC42EP4",0.0202267999187917,17.3830252828021,0.229479869418568,0.821647567346717,0.999486182046446,-5.00869910723901
"GAL3ST2",0.102145355948501,16.7458134063897,0.98880204032877,0.356867705577391,0.999486182046446,-4.7313231397947
"CENPH",-0.0685493903402481,16.3190959498423,-0.468066421000494,0.64657828508243,0.999486182046446,-4.95812761300534
"PIGM",-0.257636277772765,17.2254044597682,-2.23266162337284,0.0415159697068147,0.999486182046446,-3.78523280153912
"PTPN23",-0.0122689139429752,19.1270942361493,-0.154274582947998,0.879484226991729,0.999486182046446,-5.01755135643546
"UNC45A",-0.0366296673469044,22.2326945304217,-0.774811035832325,0.450693845642823,0.999486182046446,-4.84524719114066
"MFSD1",0.0157646798394637,16.4280240937615,0.0719047243895549,0.943713112983071,0.999486182046446,-5.02327155690853
"PPDPF",-0.0565244103291658,14.01300509486,-0.202434128304775,0.842771626782867,0.999486182046446,-5.01215769776509
"DNAJC5",-0.0182972123984264,19.066760948928,-0.126626278274233,0.90094613350156,0.999486182046446,-5.01993773547912
"DSN1",0.0424136571219833,17.1171741738241,0.330340332910566,0.745788042678273,0.999486182046446,-4.9914510544014
"C1orf198",0.126711490564244,16.3431783732512,0.64723125174159,0.527427223304853,0.999486182046446,-4.89845766396753
"CHMP4B",-0.136318510768593,21.3830174307902,-0.596758096213011,0.559897624951125,0.999486182046446,-4.91698421909445
"RWDD1",0.124015693362974,18.1955422471457,0.884889707893585,0.390412874253833,0.999486182046446,-4.79256618561551
"FBXL15",-0.103728382355712,16.2867762278996,-0.429012436705268,0.674113880175317,0.999486182046446,-4.9687067074378
"RBKS",0.0289735643278028,18.0999309661394,0.265693171152693,0.794153061473218,0.999486182046446,-5.00321129709242
"FN3K",-0.0167045927862937,17.915477906463,-0.229108303514853,0.82193100132372,0.999486182046446,-5.00875130004931
"POFUT1",-0.00250029186940282,19.0660884505849,-0.0313300358629807,0.975426326500905,0.999486182046446,-5.02456802797744
"PIGU",-0.0580241164316995,19.6715103585198,-0.708288733278944,0.489808369424705,0.999486182046446,-4.87407093071019
"TOR3A",0.00185457406178102,19.4103548086012,0.0233018101925801,0.981721828571485,0.999486182046446,-5.02470304407856
"WNK1",-0.0970228424181201,18.2431643425833,-1.77717089528904,0.0961598715966435,0.999486182046446,-4.18031226285479
"RNPEP",-0.0452690001249678,22.8343078689161,-0.975880576725188,0.344857496663486,0.999486182046446,-4.74453287540085
"GOLPH3L",0.131825229525191,18.2715845056025,1.23104226819335,0.237575487085029,0.999486182046446,-4.58999883621113
"GOLPH3",-0.0237996496117709,20.0570812004763,-0.333223407177631,0.743654940742755,0.999486182046446,-4.99086829205044
"OSGEPL1",0.00104593386455143,15.1979296121095,0.00808641257108214,0.993664193822453,0.999486182046446,-5.0248499755103
"TUBB1",0.211329696782144,19.8139034879285,1.31153280218302,0.212967645017805,0.999486182046446,-4.53673798399817
"EPB41L1",-0.0257069107229349,17.3744962473878,-0.217720516184878,0.830629976763825,0.999486182046446,-5.01031028665572
"FAM83D",-0.134396955345263,18.1815124014079,-1.44309240294991,0.169894226927305,0.999486182046446,-4.44201926475561
"ZHX3",-0.0504794250572136,16.1426612087063,-0.361325772405151,0.723347247946672,0.999486182046446,-4.9847625788522
"TRABD",0.10792184279936,17.6365893558313,1.04511605923741,0.312794839375781,0.999486182046446,-4.70539572381897
"SMDT1",-0.00410565300923338,18.2438562148445,-0.0209005385484265,0.983606837802716,0.999486182046446,-5.02473566578983
"MTG2",-0.034926420275351,16.8309826903659,-0.209332430503293,0.837052286150795,0.999486182046446,-5.01140824947045
"SENP3",0.00918210807636655,18.9983404878159,0.16947467134447,0.867725603181418,0.999486182046446,-5.01604020765936
"SMARCAD1",0.00168265814399504,17.7757990305477,0.00833003703498784,0.993465285483669,0.999486182046446,-5.02484883719546
"FBXO44",0.311866271226267,14.9364700820596,1.11824256204395,0.282619528410673,0.999486182046446,-4.66156042286542
"PLEKHA4",-0.0292558498352875,16.3736077589866,-0.24179488314357,0.816119187447395,0.999486182046446,-5.00563556226812
"EHD1",-0.0197056562221505,21.5886618471588,-0.181021299778538,0.858814652167227,0.999486182046446,-5.01479797501659
"RNF41",0.077965431753551,15.2219987903677,0.348355386333066,0.732495206444947,0.999486182046446,-4.98772843221717
"PCIF1",0.0745946903864549,18.1562861142523,1.10317466151295,0.287624484647676,0.999486182046446,-4.67092695710926
"ESF1",0.0365768855493371,18.3708170483024,0.388582121070209,0.703136476871684,0.999486182046446,-4.97872075711398
"ALG2",-0.00793578224567426,19.4574943584082,-0.105917058796309,0.917075132630083,0.999486182046446,-5.02141837340065
"ZNF644",0.38287270655055,17.9287914387351,2.93468839859368,0.0103933434279856,0.999486182046446,-3.1428824680214
"HEATR1",0.0195235864690382,19.3536905417676,0.295349683704458,0.771843447364906,0.999486182046446,-4.99812773034484
"ELOVL6",-0.0449840130863191,15.5885517920942,-0.152218584483884,0.88122541476816,0.999486182046446,-5.01771259703344
"POMK",0.18904938071514,16.7270046470084,1.43697584733328,0.171597162889153,0.999486182046446,-4.44650698004154
"RABEP2",0.167700519680347,16.1261813412981,0.4873556933049,0.633213945722467,0.999486182046446,-4.95255316855757
"TFB2M",-0.0632605839800569,20.3670478558974,-0.946550628731126,0.359117096739019,0.999486182046446,-4.76044596233397
"ZCCHC4",-0.222073767878999,18.8905420354739,-1.19703389177759,0.251656715122655,0.999486182046446,-4.61219633151234
"STEEP1",-0.189543692769742,17.7040074040475,-1.1670259236091,0.261720392225912,0.999486182046446,-4.63135287486659
"CIAO2A",0.0232440258368456,19.191684013771,0.263657064446379,0.795691856933761,0.999486182046446,-5.00354088074908
"DHX35",0.0360686099100285,17.9141513070111,0.359102401607004,0.724606949455586,0.999486182046446,-4.98541576073573
"RPP21",-0.120653456081712,17.9062327270758,-0.337024664446969,0.741707983424111,0.999486182046446,-4.98972142792732
"STN1",0.0481518794872269,14.393242252504,0.179194273444046,0.860223345681653,0.999486182046446,-5.01499995164538
"DENND2D",0.00451497737276085,18.9725223018756,0.0694929353754803,0.945530596431428,0.999486182046446,-5.02338381130965
"PCNX3",-0.0370264261342079,16.5942445024919,-0.195070507655867,0.847999219561433,0.999486182046446,-5.01317685459431
"HAUS4",-0.0797812199765779,16.8059022913618,-0.480726262179173,0.637763277193764,0.999486182046446,-4.95450870377461
"CCDC134",0.0234717282491133,18.2762079494046,0.248928384625574,0.80684888007914,0.999486182046446,-5.0058504565765
"TUT1",-0.0776842856514044,17.0297889225428,-0.647936584203879,0.526983514543252,0.999486182046446,-4.89818745431856
"CCDC86",-0.023870820982431,20.7547383356895,-0.295180779104295,0.771969941787232,0.999486182046446,-4.99815818061728
"REEP4",-0.011494589509045,17.7834271174985,-0.114873140150978,0.910094787090745,0.999486182046446,-5.02081032453272
"ILRUN",0.0949211943220689,17.4349527584582,0.43367805406225,0.670797819193695,0.999486182046446,-4.96748951536032
"OPA3",0.0113948091038729,18.4001246096676,0.107825778341722,0.91558686909743,0.999486182046446,-5.02129291284203
"PRR36",-0.0889397769063365,16.6241683312235,-0.778017557305464,0.448858892435573,0.999486182046446,-4.84379953888366
"TMEM231",0.00893964423752891,15.9472932116518,0.0218952158175872,0.982849187129798,0.999486182046446,-5.02472183377996
"TASP1",0.257705865804652,16.1820363893384,1.5153977225001,0.150805219840296,0.999486182046446,-4.38806477349777
"CIAO3",0.025190930756704,17.8157553686661,0.304201204598915,0.765223906197246,0.999486182046446,-4.9965080152648
"DHX33",0.03936485581184,19.0307414976032,0.702682136303452,0.493195135339989,0.999486182046446,-4.87639365143966
"ACSS3",0.0279496619581714,20.1458727630693,0.562388703316652,0.582297805704948,0.999486182046446,-4.92896252387258
"NOL6",0.0257932678730306,19.4982381525654,0.472240236688617,0.643665924581722,0.999486182046446,-4.95694471252547
"WDCP",0.0115418407978041,14.3948777632555,0.0503725644587662,0.960549895919976,0.999486182046446,-5.02408553524576
"YTHDC2",0.0512445496386889,19.0973674638057,0.635967925045066,0.534541150487691,0.999486182046446,-4.90273581782528
"EPS8L2",-0.037936242752707,20.4701924008196,-0.452625796558608,0.657404057860309,0.999486182046446,-4.96241606315925
"ESRP2",-0.0842745545222563,19.8153478042734,-1.15066389196817,0.268183065418857,0.999486182046446,-4.64165616116601
"RPAP3",-0.0129219421924205,19.2831528461176,-0.141415511043501,0.889454960339519,0.999486182046446,-5.01871945978929
"BCAS3",-0.0789983075163576,18.2996754598085,-0.653301961289298,0.523615175431337,0.999486182046446,-4.89612313681944
"ALG9",-0.0660889434745791,16.103202095963,-0.58407228475277,0.567997133718607,0.999486182046446,-4.92154613503613
"LDAH",0.166944624507426,19.7963932224912,2.11091946887999,0.0522757582097739,0.999486182046446,-3.89385733302491
"RIOX1",-0.0174807213659385,17.9439214759181,-0.202721570562016,0.842122358898089,0.999486182046446,-5.01224344267894
"ANTXR1",0.259085492650055,14.9477962132814,1.4285606893237,0.177166966460187,0.999486182046446,-4.45489986702195
"TMEM134",0.0151112436973762,15.4669624631784,0.0398921568585733,0.96875465934533,0.999486182046446,-5.02437792975758
"WDR55",-0.0139748573710108,19.0697494169813,-0.262799642840754,0.796340119736406,0.999486182046446,-5.00367892268028
"RANBP3",-0.0119109008679708,18.8712304347923,-0.194980277028937,0.84806858310633,0.999486182046446,-5.0131876498998
"DCTPP1",0.199314280153249,19.6639348523612,0.692144659029683,0.499811687938192,0.999486182046446,-4.88059473594628
"SH2D4A",-0.0828835709329532,15.7697661556686,-0.684813985935699,0.504080645944456,0.999486182046446,-4.88368416437075
"PEAK1",-0.0643877887016107,15.8956268917277,-0.283351536762379,0.780845441360974,0.999486182046446,-5.00024813476612
"RPF2",0.104897319754503,20.7267299768867,1.07989795826064,0.297529159123778,0.999486182046446,-4.68492280302001
"SMYD3",-0.0322119753217756,18.966065471217,-0.252986499086981,0.803770394362832,0.999486182046446,-5.00522719323568
"AAMDC",0.0239167652731815,17.690241503813,0.125504900903328,0.901818409294665,0.999486182046446,-5.02002464446203
"DOCK5",0.103964211596111,17.0216673584245,0.844206405349085,0.412036890112619,0.999486182046446,-4.81274456675885
"WDR26",-0.0240819019841467,19.4316726867709,-0.295116112323261,0.77201837318862,0.999486182046446,-4.99816983426845
"C8orf33",-0.0813983483151048,20.486442331603,-1.09842012099844,0.289627439502757,0.999486182046446,-4.67380477005648
"ATP13A3",0.0469628536170141,16.9565468250163,0.285828841617753,0.778984055665255,0.999486182046446,-4.99981741490491
"TMEM185B",-0.126682240011062,14.2294448611064,-0.392884269880392,0.700894577719676,0.999486182046446,-4.97728619517405
"METTL17",-0.137704469947813,15.4206247624271,-0.627218690135342,0.544921992169022,0.999486182046446,-4.90329981531197
"SUDS3",-0.0391351034593868,18.0659842677044,-0.308987607141621,0.761652268754498,0.999486182046446,-4.99561259627429
"SCAF1",0.0245984257825995,18.3207299268209,0.211431372329609,0.835444093353449,0.999486182046446,-5.01113751831715
"PLEKHG2",-0.243573226405253,14.9659773616459,-1.55565225755788,0.144253789006207,0.999486182046446,-4.36144494304332
"IFT22",0.351748955552239,15.9138414884228,0.727623581065508,0.484464653858448,0.999486182046446,-4.86254194025941
"NRDE2",0.0660917845007454,16.6073042381285,0.554875798472266,0.587295709265626,0.999486182046446,-4.93147065611392
"KAT8",-0.0406030909663713,17.9741934215817,-0.326656330019704,0.748516861301791,0.999486182046446,-4.99218849388706
"PTGES2",0.0261952331103963,21.7654610087367,0.462680877785235,0.650345000970231,0.999486182046446,-4.95963905585571
"PACC1",0.0710917442000643,15.9898049564192,0.491034461508591,0.630627186153242,0.999486182046446,-4.95149386179386
"PHAX",0.00410993862066533,19.7148192642717,0.0306373897034335,0.975969419103068,0.999486182046446,-5.02458124052942
"DCLRE1B",0.046790953069813,15.6087493423939,0.204524201828407,0.841172382108379,0.999486182046446,-5.01189445132097
"UBE2Z",0.0831666250974763,21.971641581017,0.292369250678422,0.77415778712848,0.999486182046446,-4.99863113314193
"GEMIN7",-0.105375537623242,17.2891321170603,-0.27471843750123,0.787418976072839,0.999486182046446,-5.00169232331859
"ACAD9",-0.067048274528414,21.1131156284806,-1.15399171434384,0.266858920781027,0.999486182046446,-4.63956956185374
"NT5DC2",-0.0191953510793397,19.6904876014189,-0.284986272004066,0.7796169852116,0.999486182046446,-4.99996432356603
"VCPKMT",0.0240758790017885,16.7956130882135,0.17791452961699,0.861210360527495,0.999486182046446,-5.015140213879
"RMND5A",-0.0770291315805665,17.2898066947432,-0.387539041748905,0.704289627273708,0.999486182046446,-4.97877855264603
"PRKRIP1",-0.141514078558835,18.149958328241,-0.940131083385783,0.362292040255785,0.999486182046446,-4.76387490746366
"TTC12",0.328560903911066,14.1801124587179,1.94044443848555,0.071686651527262,0.999486182046446,-4.0426224107611
"KAT14",0.0352317808434002,16.5308720021232,0.220809163431707,0.828486015207506,0.999486182046446,-5.00982865398952
"CAAP1",-0.066300132960567,17.5558826504061,-0.25216444795069,0.804417946703999,0.999486182046446,-5.00534595903383
"NOL11",-0.0109235860977286,20.3199856454743,-0.137902683756412,0.892182192350789,0.999486182046446,-5.01902096235173
"DDX31",0.0177114543740515,19.1715819477671,0.196071106130542,0.847230110630688,0.999486182046446,-5.01305680940892
"METTL7A",0.0792740377504444,18.5526809201545,0.610634393966674,0.55073530055831,0.999486182046446,-4.91210416409225
"COQ10B",-0.18639576425541,14.1626048627234,-0.379574745830546,0.710097285446031,0.999486182046446,-4.98062170979457
"BRD9",0.092087411187098,17.0510370982905,0.582426622464058,0.569075942623408,0.999486182046446,-4.92211821305697
"CNNM2",-0.068874120915801,15.6603779393918,-0.437296937958924,0.668685685688391,0.999486182046446,-4.96630621826577
"MINDY3",0.068412719726112,18.8237513425141,0.538899214736522,0.59799637847326,0.999486182046446,-4.93669860624878
"SRD5A3",0.266176980172299,13.5295023702352,0.606494086940629,0.55340710786578,0.999486182046446,-4.91360163830188
"MOB1A",0.0393348542778682,18.7613692200325,0.223759630190359,0.826256495089875,0.999486182046446,-5.00941826881598
"AKTIP",0.115488793225364,18.5097002185836,1.0035601066983,0.331770420850671,0.999486182046446,-4.72914843867957
"ECT2",-0.0319060536423272,18.244554390148,-0.395883166894294,0.697858324860113,0.999486182046446,-4.97698339375308
"PLEKHF2",-0.175974819622642,20.8550559326874,-2.72959956216347,0.015691515414208,0.999486182046446,-3.33113271989412
"ANKZF1",-0.0612484992294,18.1655615916154,-1.1033189812392,0.287563848498975,0.999486182046446,-4.67083945202072
"GORASP2",0.0886345877563848,19.5809711158893,0.465392811599389,0.648519217690743,0.999486182046446,-4.95884234668342
"ZWILCH",-0.0697854926182444,18.7218491068638,-0.817581650960516,0.42660565299647,0.999486182046446,-4.82550365761894
"JPT2",-0.130644843924372,22.2917258643523,-0.664666824059649,0.516724960532396,0.999486182046446,-4.89158430332638
"RNF121",-0.311104467592283,16.7768809669265,-0.877508899681119,0.39440673795154,0.999486182046446,-4.79622869967549
"SLC25A22",-0.445233125667436,19.2414224477049,-1.71458018650603,0.107767963543408,0.999486182046446,-4.23252962661209
"PSTPIP2",-0.00816901548802562,15.8526945481506,-0.0482431277416898,0.962169623688347,0.999486182046446,-5.02415376858854
"MED20",-0.0504742625904981,18.7531002238262,-0.315923015110323,0.756486988376082,0.999486182046446,-4.99429080986236
"WDR76",0.0105090963333758,16.8569027918014,0.102054956766307,0.92008746030975,0.999486182046446,-5.02166539079335
"QTRT2",-0.0613452893219097,19.6371468140258,-0.708640747130741,0.489596191065217,0.999486182046446,-4.87392453910567
"WDR54",0.176274019459544,18.1058033431054,1.07392044659961,0.300112892843587,0.999486182046446,-4.68847904099615
"ACTR8",-0.0167338747341041,16.7412204373384,-0.16197548918337,0.873523034383588,0.999486182046446,-5.01680339913524
"ARMT1",0.00321478130558717,23.9708531887515,0.0370746818721195,0.97092255388304,0.999486182046446,-5.02444706512516
"PANK3",0.145194906007635,16.8961616342772,0.935186755831199,0.364750578142282,0.999486182046446,-4.76650255247645
"CNOT10",-0.0453061224545515,19.4128375787824,-0.69749130772958,0.496343065119703,0.999486182046446,-4.87852919100628
"LRRC40",0.0165907095245039,20.4022704988574,0.233504179705625,0.818579441029068,0.999486182046446,-5.00812846097148
"RMI1",0.0111832023198062,16.4979375912309,0.0717280245294223,0.94378186167672,0.999486182046446,-5.0232866849522
"EHMT1",-0.0562850519976656,18.7342678761233,-0.675480423473236,0.509822034247591,0.999486182046446,-4.8874243420615
"SFXN1",-0.0209272258687108,23.7065413084169,-0.41031048496591,0.687475923322515,0.999486182046446,-4.97345809171881
"VIPAS39",0.0551603092623765,19.6118363019391,1.10385898369116,0.287337050136952,0.999486182046446,-4.6705119542247
"COG4",-0.0316168206268834,19.6122735123129,-0.442751412886555,0.664369268632286,0.999486182046446,-4.96508608399427
"ACTR5",0.0908519968656059,17.2692128177107,0.952093779970288,0.356391172375611,0.999486182046446,-4.75746945967377
"AGO3",-0.0410979804401368,14.8513387927299,-0.1868524607086,0.854321990882884,0.999486182046446,-5.01413972779063
"MAP6D1",0.823790900165486,15.9893036781753,3.16212140856481,0.00655629451188492,0.999486182046446,-2.93620074225538
"MRPL44",-0.0136653810482805,19.9720906627171,-0.149412914072137,0.883251508513565,0.999486182046446,-5.01800487856294
"USP42",-0.0710556138104437,15.9691390906611,-0.536711302331999,0.599469367789127,0.999486182046446,-4.93740332064653
"ISG20L2",0.0760702455505644,18.8685065202764,0.743899041111305,0.468622729011726,0.999486182046446,-4.85892959130946
"KANSL2",-0.221828670977263,15.1215467833797,-0.944814200622586,0.359973979508115,0.999486182046446,-4.76137538556804
"L2HGDH",-0.0178503515857962,21.1995868493157,-0.267385308421999,0.792874894883555,0.999486182046446,-5.00293548872213
"COPS7B",-0.0824950855083237,19.0559557745468,-1.02518004528819,0.321797692833379,0.999486182046446,-4.71688806495244
"NHEJ1",-0.0486435199049353,17.6257566101264,-0.534910934118317,0.601255001048789,0.999486182046446,-4.93766621706841
"CAB39L",0.151714527944566,17.9206379749495,1.45312648840319,0.167130898393184,0.999486182046446,-4.43463089948226
"ELP3",0.0420201781064904,19.2113351053282,0.593193242002745,0.562037578725019,0.999486182046446,-4.91834808782055
"RPF1",0.0198739194219222,17.7137823407745,0.160225832425253,0.874876743515321,0.999486182046446,-5.01697651837989
"GPN2",0.0322665429345861,15.7522091126694,0.205965088502507,0.840070297880413,0.999486182046446,-5.01171141056472
"POLR1B",-0.0715290065428,20.3617732939867,-1.36715873209423,0.192049812204357,0.999486182046446,-4.49684598004322
"UCK1",0.0236622572791063,17.1269575955214,0.185664575338408,0.855236788377121,0.999486182046446,-5.01427550293139
"FN3KRP",-0.0517291341387143,18.1400970871706,-0.603323359561048,0.555457963345739,0.999486182046446,-4.91474202287424
"TBC1D17",0.00994904249634132,19.2669084375372,0.119699281644725,0.906336442912531,0.999486182046446,-5.02046226578234
"CARS2",-0.0809122397908624,18.3231645808907,-1.30191678328133,0.212909722643584,0.999486182046446,-4.54234996562338
"CERS4",-0.134919198710971,17.6599875747314,-0.6331540620956,0.536336868681676,0.999486182046446,-4.90378805276173
"RSAD1",-0.0894327706372522,16.0722156762033,-0.581016688928352,0.570001079225607,0.999486182046446,-4.92260714372672
"PPCS",-0.0506679081697321,21.0351342185731,-0.820931493772041,0.424754593374781,0.999486182046446,-4.82391798089284
"WDR41",0.0682935925974419,17.9974340371972,0.578079018220651,0.571931191190017,0.999486182046446,-4.92362229224524
"MEAF6",0.420630665619022,18.6484245948761,3.07323949422325,0.00785257317389086,0.999486182046446,-3.01661053477967
"FBRS",-0.26409882777287,15.6192406304425,-1.12495892560567,0.278579307711432,0.999486182046446,-4.65761799914768
"NMNAT1",0.0638499063421172,17.5062306845866,0.700919332408769,0.49426284545266,0.999486182046446,-4.87712049198404
"MLXIP",0.0322241212733285,12.7960516580067,0.150826523532034,0.882155804957667,0.999486182046446,-5.01787450024054
"C17orf75",0.0338350163119081,18.6507677471906,0.375367950416819,0.712729548114351,0.999486182046446,-4.98178529878981
"SIAE",-0.116167598753783,17.6217043466477,-0.756851210055801,0.46105788273815,0.999486182046446,-4.85325715755289
"PLEKHA5",0.160522670820271,15.9907351450894,0.703548980220969,0.493455494550247,0.999486182046446,-4.87560097193576
"SMURF2",-0.157970728249101,16.4371992417656,-1.3488906535101,0.197716879194863,0.999486182046446,-4.5097408207329
"UPF2",0.0200020190260481,19.7999546508946,0.405378464032374,0.69101799294792,0.999486182046446,-4.9746769770371
"GNB4",-0.0955915433728229,17.1730429159078,-1.07294237646634,0.320147164676251,0.999486182046446,-4.68482135603245
"XPO5",-0.0559742538426846,22.6512890987379,-0.743358023723196,0.468940359238563,0.999486182046446,-4.85916462330359
"GRPEL1",0.0235613201593807,20.8175944634663,0.214265130354922,0.833274096478819,0.999486182046446,-5.01076775942021
"BRF2",-0.108928126364658,13.6959026921951,-0.326001571298097,0.749002220459783,0.999486182046446,-4.99231871142091
"CLK4",0.152141892731109,15.1844039907614,0.724707914248798,0.479969962586846,0.999486182046446,-4.86717273101252
"MYG1",0.00836299458768153,21.7793588731565,0.0550949653363422,0.956806707426449,0.999486182046446,-5.02393547266035
"PLEKHA1",-0.162173447097754,17.3857954081611,-0.970615065424185,0.347387731664651,0.999486182046446,-4.74741934441037
"SCPEP1",0.0643299586072388,18.9132769222064,0.335105177371843,0.742302381620636,0.999486182046446,-4.99046875757126
"SP110",-0.202085075604586,16.4257130368393,-0.765339518829482,0.466732306060332,0.999486182046446,-4.84390908120342
"MKKS",0.0284458517942952,19.2057472312434,0.153992864464132,0.879721592673587,0.999486182046446,-5.01757381794482
"CACYBP",-0.0195507226304059,23.5113682944973,-0.207047618262778,0.838803746509783,0.999486182046446,-5.01169991038548
"RRAGC",0.0934514574328027,16.6239164371623,0.784448460626242,0.445192904570617,0.999486182046446,-4.84088019925764
"PATZ1",0.0677480870729177,18.4859723195872,0.805535518267328,0.43330493631147,0.999486182046446,-4.83115880304187
"ZFYVE1",0.0909425775768717,17.0060230565557,0.51648230130196,0.613173548698124,0.999486182046446,-4.94379035011495
"IFT122",-0.0825439327123831,16.7860499743368,-0.412204075724288,0.687035858904965,0.999486182046446,-4.97253631505168
"RHOF",0.0663148914171359,18.2297956122568,0.295763275298183,0.771569601220872,0.999486182046446,-4.99803911594476
"PDF",-0.103522489144929,19.7307077173902,-0.554000712871558,0.587967406302975,0.999486182046446,-4.9317117756726
"RDH14",-0.00631892333748141,20.1090357083409,-0.0881437547715077,0.930947956323882,0.999486182046446,-5.02247923888628
"PARVB",-0.00576543254379658,17.2771562872875,-0.0456961842846738,0.96416531207701,0.999486182046446,-5.02422741069819
"CYP4F11",-0.551161714811938,15.6678691924419,-1.29545326939845,0.222626471499755,0.999486182046446,-4.54871931605487
"PLGRKT",-0.184905700983414,19.2785452835035,-0.392405475618823,0.700482418759412,0.999486182046446,-4.97776159204575
"NMRAL1",-0.0711743014508848,19.5306247209043,-0.824588873477963,0.422739522256569,0.999486182046446,-4.82218025506951
"VEZT",0.115492960583111,17.1754351737735,1.00602641048684,0.330621741926863,0.999486182046446,-4.72776057455074
"SPC25",0.0668158810292212,18.7259160412664,0.62479709036818,0.541649165208088,0.999486182046446,-4.90691027604086
"TAF9B",-0.320061711235097,16.3596085810948,-2.01849390608305,0.0634832362841691,0.999486182046446,-3.98247853239813
"ETNK1",-0.0217418128923832,19.4874846916104,-0.163076564137421,0.872671342222196,0.999486182046446,-5.01669349458169
"TMEM165",0.01604730520733,20.152015574637,0.126315046283641,0.901188215553208,0.999486182046446,-5.01996193384686
"OTOF",0.0326817439884728,18.5595285593937,0.280857609409858,0.78370350404122,0.999486182046446,-5.00030964091544
"SLC25A19",0.0464050768395481,19.6030607816558,0.754942260952191,0.462168069304322,0.999486182046446,-4.85409868653511
"EML4",-0.00737161330802749,21.2629137301387,-0.177632922478603,0.861427584970273,0.999486182046446,-5.01517094440787
"MRM3",0.0324364199774472,19.2772693955405,0.39708706385189,0.696989529738256,0.999486182046446,-4.97669389996988
"GLOD4",0.0289323087671889,22.2704087980271,0.24876850040804,0.806970236320961,0.999486182046446,-5.00587480842457
"CBX8",-0.084694831789708,19.8642550774797,-0.632407387867577,0.53680107049103,0.999486182046446,-4.90407379134474
"PCDH9",0.514714878501259,17.2898607825917,1.88655327833535,0.0867398533048773,0.999486182046446,-4.11614573150492
"MCCC2",-0.0135297048800176,22.0342193493863,-0.144100583204045,0.887371339510336,0.999486182046446,-5.01848390878717
"NCOA5",-0.0960059398664086,20.2749264783458,-1.11400981147137,0.283098531216117,0.999486182046446,-4.66433253353944
"TANC2",-0.00560462338383516,19.1019276573818,-0.130163532823922,0.898195511887873,0.999486182046446,-5.01965854185784
"EPG5",0.0355457359971076,16.97105953404,0.235859277609511,0.81678533782385,0.999486182046446,-5.00778995547976
"MOV10",0.0345559871914922,20.6800089579569,0.744264555733193,0.468408210559433,0.999486182046446,-4.85877071551169
"METTL14",-0.0367576554202813,16.7926576878963,-0.27308679920264,0.788572781000319,0.999486182046446,-5.00199347054834
"ARHGEF10L",0.0410692963616626,15.4393389056058,0.164723972224916,0.871743974502835,0.999486182046446,-5.01644632096983
"CWC22",0.0024657385033251,18.0373346238226,0.0311638019837895,0.975556666648099,0.999486182046446,-5.02457122589953
"SYTL2",-0.0339639181503806,20.2492849623679,-0.41153426038977,0.686598202306893,0.999486182046446,-4.97315344221681
"RAVER2",-0.0718886455671459,17.8031901822695,-0.438345168216015,0.667944094348628,0.999486182046446,-4.96602788316806
"CHD8",-0.0681350799544731,18.8462509617199,-1.27654146879502,0.221496349272511,0.999486182046446,-4.55962855473155
"GPAM",0.0514911538802458,16.9308929144763,0.398176182948761,0.696203942247675,0.999486182046446,-4.97643127167841
"PLXNA4",-0.165794325932755,15.8603752536911,-0.352665104188454,0.731321798984915,0.999486182046446,-4.98592262016353
"EPB41L5",0.15777282587587,19.1819388152199,1.45439137879032,0.166785214547685,0.999486182046446,-4.43369721506392
"GPN1",-0.0439619973475764,19.1425937034193,-0.700853444757538,0.494302779303346,0.999486182046446,-4.87714762670216
"SDF2L1",0.0867452276130471,19.8268152705442,0.710122622648682,0.488703581525242,0.999486182046446,-4.87330755090371
"CSNK1G1",0.14509608628337,17.7672958903843,1.22223049371243,0.240792410209092,0.999486182046446,-4.59578799139424
"XAB2",-0.0302594077517462,19.2318186047231,-0.53323278333108,0.601814974600461,0.999486182046446,-4.93851815133478
"CELSR2",-0.0275815836909672,17.3477234776382,-0.207352181600606,0.838570227307057,0.999486182046446,-5.01166121562045
"PREB",0.0229557831523941,20.6338106668579,0.376330824716236,0.712028809428757,0.999486182046446,-4.98156547795759
"BRMS1",0.0311216580128146,17.6197700239366,0.23076304100896,0.820668949922641,0.999486182046446,-5.00851822000316
"S100A14",0.345807585164071,16.6090612636754,2.28373126626782,0.0461314021292985,0.999486182046446,-3.81905038436639
"SRA1",-0.0084656481215255,18.6346306550749,-0.0746242497831968,0.941516300189889,0.999486182046446,-5.02315626038262
"ATP13A1",-0.00976442168669678,19.0919377350095,-0.117387852139776,0.908136178907234,0.999486182046446,-5.020630747183
"MRS2",-0.0284319246562674,18.1693000721118,-0.165603861336787,0.870717071448161,0.999486182046446,-5.01643842940042
"GOPC",0.0343585326512645,19.2657518129422,0.451863600194392,0.657940539318569,0.999486182046446,-4.96262417656403
"MRPL47",-0.0440885288561041,20.4562834920082,-0.493401469079228,0.628993892672562,0.999486182046446,-4.95079296481855
"LYRM4",0.0109554851415758,18.8088760549958,0.0868375426234403,0.931968482932074,0.999486182046446,-5.02254955205566
"CHMP1A",-0.0759208715990667,19.2006004012997,-0.399040091333799,0.695633453241917,0.999486182046446,-4.97619726744173
"TM9SF3",-0.0657570994976311,21.9766262460094,-0.610329690588941,0.550931691417879,0.999486182046446,-4.91221469270727
"MYO10",0.156024388592288,13.3064027347835,0.790482120638387,0.450136964326702,0.999486182046446,-4.83381033230221
"APMAP",-0.0559721813550134,22.9649035367182,-0.935775854286836,0.364457049655077,0.999486182046446,-4.76619008793734
"WDR6",0.000593624802345261,18.9333606422232,0.0104514984937559,0.991801107923648,0.999486182046446,-5.02483657086788
"TXNRD2",0.0175311449685474,19.4711184417862,0.172311906790725,0.86553423493123,0.999486182046446,-5.0157425072262
"TUFT1",0.321959885419998,15.6124736721551,1.81807970346161,0.0894153611803917,0.999486182046446,-4.14632337079392
"ABCB6",-0.040083381153039,20.0238358010139,-0.607996284242148,0.552436905151354,0.999486182046446,-4.91305941594099
"ARFGAP3",-0.11106046697256,17.4054918679506,-0.980547157346853,0.342625938195955,0.999486182046446,-4.74196395920993
"ZCCHC17",-0.287875601385673,15.6144155034423,-0.779286774669723,0.451339886541194,0.999486182046446,-4.84154588682072
"HMG20A",0.219144338185384,16.3870404698683,1.70829821227642,0.108531881860371,0.999486182046446,-4.23667863250808
"MLXIPL",0.312008653026158,14.8664168272836,1.4981004052907,0.179333607737375,0.999486182046446,-4.42289347525612
"RAB18",-0.0493230624303855,21.9822778193538,-0.405711511779128,0.690778568813495,0.999486182046446,-4.9745951179684
"ALG13",0.0677465999440017,19.0539359602687,0.450022433851025,0.659237269777584,0.999486182046446,-4.96312550584863
"SSU72",-0.0461310443344622,19.8628925999794,-0.764233820503867,0.456779900133191,0.999486182046446,-4.84998481178239
"VTA1",-0.0396752794689093,22.1811812028132,-0.394274210475415,0.699020115146424,0.999486182046446,-4.97736895835743
"PNPLA8",0.0715402927533049,17.1729274974142,0.593530544675668,0.561817829169871,0.999486182046446,-4.91822893330052
"SARS2",0.0253342282294717,19.804282649861,0.42240778944496,0.678820062571483,0.999486182046446,-4.97040803794645
"RAB9B",0.369784488387449,17.2778165359952,1.59362225603774,0.132218699822803,0.999486182046446,-4.32791090747979
"MRPS30",-0.145379609045822,20.3573453143365,-1.0037910470788,0.331762344419888,0.999486182046446,-4.72898643768698
"DYNLRB1",0.155600538978749,18.2440649340682,0.961978914685254,0.35156583455625,0.999486182046446,-4.7521255413135
"EMC7",-0.0559520356485557,20.7325875649259,-0.580266085520172,0.57049391520137,0.999486182046446,-4.92286698227865
"ENY2",-0.168042924995831,20.2675828730798,-0.813047285481342,0.42937626832173,0.999486182046446,-4.82751101842197
"EXOSC4",0.0233365389148119,20.9504765932779,0.444277489205863,0.663290687052994,0.999486182046446,-4.96467713627883
"UBE2T",0.0232501391043378,21.8502657160445,0.235868165873426,0.816778568784816,0.999486182046446,-5.00778867157626
"NGRN",0.0455019241082582,16.6025750940929,0.1875673794509,0.85416766882833,0.999486182046446,-5.01395282014373
"NOP10",0.127701826959441,19.3270461376629,0.492746356445182,0.62959034244928,0.999486182046446,-4.95090989038711
"CD320",-0.0880712834650321,15.2962387174611,-0.277558584511289,0.785480542870457,0.999486182046446,-5.00113820848798
"OSGEP",-0.0724518646369781,20.4454980357329,-0.7778120855713,0.44897633444369,0.999486182046446,-4.8438924625337
"DMAP1",-0.0614426188203367,19.1543406401241,-0.903462423740474,0.380798538263001,0.999486182046446,-4.78308421677468
"ACP6",-0.0406150913657584,17.2504316194078,-0.387732045458924,0.703752057757927,0.999486182046446,-4.97892100116276
"ISYNA1",0.0104113791426172,20.6554756289827,0.102451684064362,0.919777965312478,0.999486182046446,-5.02164043832517
"BRD7",-0.122297923267979,16.2181129656678,-0.576796324615677,0.572775023084025,0.999486182046446,-4.9240640312152
"DCP1A",0.13867450353575,18.0095297165119,0.861554056804012,0.40272174958295,0.999486182046446,-4.80424045732069
"ACOT13",-0.0392051693598425,21.7291358335724,-0.319504663162431,0.75382416614122,0.999486182046446,-4.99359693259288
"MED4",-0.0354711128185663,17.308836796587,-0.27199396189391,0.789396845060631,0.999486182046446,-5.00217555047115
"NXT2",-0.271685507191822,16.9497939005265,-0.861849772411918,0.403688975882247,0.999486182046446,-4.80356400131779
"TIMMDC1",-0.0937375989479605,18.6709092263316,-1.21909501152271,0.241945221557588,0.999486182046446,-4.59784058066304
"RIC8A",0.0615427828882851,20.6099285014488,1.03359732936174,0.31797399207633,0.999486182046446,-4.71205756260475
"SEMA4B",0.116798881695267,17.419597948778,1.25031688697903,0.23065583858932,0.999486182046446,-4.57723032051153
"GPR108",0.101906898431956,16.4521388868023,0.698934300417216,0.495466789444968,0.999486182046446,-4.87793697770265
"LUC7L",-0.0648613356064303,20.6153850521357,-0.595381361558189,0.560612856070284,0.999486182046446,-4.91757399440613
"LZTFL1",0.166016355622226,16.446895148447,0.994986288140959,0.335785814313546,0.999486182046446,-4.73395152703753
"MRPL40",-0.0167378275729178,20.3463330110719,-0.118874982547769,0.906983333501962,0.999486182046446,-5.02052184273738
"PPAN",0.0614321471765784,20.0056353178659,0.865831247015631,0.400446603361368,0.999486182046446,-4.8021207616971
"PLCB1",0.0580007106728821,15.4022250988275,0.336670892180784,0.741107099083749,0.999486182046446,-4.99016493839558
"TRIM36",0.075224228493159,16.2258339594653,0.366782319197381,0.719363942212884,0.999486182046446,-4.98355049805206
"TIGAR",0.0946990112802375,20.8049817716505,1.35147190835398,0.196908022485117,0.999486182046446,-4.50792593707095
"C12orf4",-0.0493961470017563,15.4347268431472,-0.259636995311226,0.798732612323096,0.999486182046446,-5.00418426104566
"JADE2",0.104115181028016,14.4073749337001,0.362500226235317,0.722119615171254,0.999486182046446,-4.98467031607408
"RTN4",-0.0983262717321978,22.2895528940051,-1.2989977027499,0.213883802245596,0.999486182046446,-4.54434982521178
"IFT46",0.161779166166879,14.5332983080846,0.531383549900132,0.604287278544438,0.999486182046446,-4.93843588098518
"HINT3",0.117663314154409,18.4707964737024,0.858282828582949,0.404467562377017,0.999486182046446,-4.80585550608144
"MANBAL",-0.180470676031394,14.1397470266846,-0.786520520934152,0.444015735407197,0.999486182046446,-4.83993504532843
"RPRD1B",-0.0136122235148868,20.5333314459481,-0.177465945111088,0.861556392450011,0.999486182046446,-5.01518914305215
"XPNPEP3",-0.00706843960665537,18.7114448859713,-0.0743767411342387,0.941709892777729,0.999486182046446,-5.02316760785228
"PFDN4",0.100694508183675,20.2374820050048,0.320159584926525,0.753427219896611,0.999486182046446,-4.9934321218903
"SLC35C2",0.107866434919696,16.4483934848934,0.564231048032316,0.582386379272645,0.999486182046446,-4.92761171579861
"NIT2",0.0012538063158587,21.8663069974507,0.0207356665029197,0.9837344100881,0.999486182046446,-5.02473783252781
"AVEN",0.167534396104106,15.6289394633671,0.585554850194104,0.567026168577887,0.999486182046446,-4.92102946129039
"INCENP",0.0935224115742308,16.9590045647507,0.860300122734816,0.403390367991384,0.999486182046446,-4.80486016780625
"EXOSC5",-0.208471402249241,20.4177363492198,-1.20038458378901,0.249085715957864,0.999486182046446,-4.61001226536454
"EXOSC3",-0.0293693715959584,20.2844506495138,-0.283152770807758,0.78099484949351,0.999486182046446,-5.00028253350339
"KIF13B",0.103974185670278,16.8393005122045,0.893284039254773,0.386047443604976,0.999486182046446,-4.78830140149731
"PRDM10",0.0190843760433381,17.4263162302781,0.122526952724037,0.90413547180411,0.999486182046446,-5.02025170010633
"ANLN",-0.00097171718330813,19.9154042241319,-0.0171985460358402,0.986508696186361,0.999486182046446,-5.0247791389687
"XPNPEP1",0.0283633295867283,20.2182963564611,0.354507250072012,0.727975880334248,0.999486182046446,-4.98641299254408
"GPHN",-0.046329033867277,20.5869994825502,-0.855008525938389,0.406220015069399,0.999486182046446,-4.80746675891276
"MYO5C",-0.0125038808615727,19.1342528030034,-0.209095695368676,0.837233718109873,0.999486182046446,-5.01143861658845
"NPDC1",-0.0159273678899741,15.1910972164583,-0.066209206815888,0.948100310433347,0.999486182046446,-5.02352093515759
"UTP3",0.0447943222878564,19.3300107467014,0.359565845943355,0.724267501020686,0.999486182046446,-4.98531448941957
"STARD7",0.0115590972521851,18.9451966063875,0.193551476432677,0.849167126640246,0.999486182046446,-5.01335793250673
"BIRC6",-0.011632393882028,19.0119729961239,-0.240466010819575,0.813279021948546,0.999486182046446,-5.00711810094099
"PDLIM7",-0.0361258629418373,20.9966760634309,-0.313480407002179,0.758304812626763,0.999486182046446,-4.99475961889925
"ACSS2",-0.0910187557176023,18.3485788265123,-1.07105056066682,0.301359232427158,0.999486182046446,-4.69018089358686
"DIABLO",0.0444546417111091,21.7416375708524,0.340515820464384,0.738275842074407,0.999486182046446,-4.98936928123022
"DDX21",-0.068072699141716,23.47977506437,-1.04919376196937,0.310976161646162,0.999486182046446,-4.70302320528919
"SAR1A",0.0823242434087739,22.3973611198336,0.63409680370805,0.535729305592572,0.999486182046446,-4.90343913904187
"POLE4",0.0643270444865252,18.9670699614506,0.347008949254587,0.733516091158305,0.999486182046446,-4.98800000922797
"NANS",0.0157997639857186,23.3534969639307,0.241272176686283,0.812665848551534,0.999486182046446,-5.00699920689926
"SH3GLB2",0.0807601897250443,20.3340467072989,1.23648398819805,0.235605671534149,0.999486182046446,-4.5864085699495
"ASH1L",0.0596765461309516,17.4294987361851,0.527812911281245,0.605478743668963,0.999486182046446,-4.94024149525238
"EIF2B3",-0.0750952419136475,21.0305377153654,-1.24724558356309,0.231747743173261,0.999486182046446,-4.57927454688673
"MBNL1",-0.0231162969727805,19.9319647919644,-0.203318535043155,0.841664227658732,0.999486182046446,-5.01216911609685
"PXMP2",-0.0636290061105882,19.2816391889786,-0.895615922090065,0.384840621120046,0.999486182046446,-4.78711058089249
"SLC17A5",0.121626802883494,17.3644252974499,0.688682427063337,0.502477976655391,0.999486182046446,-4.8816935224864
"EIF4ENIF1",-0.144097052932931,18.0966507460769,-1.85041571982383,0.0843850515383169,0.999486182046446,-4.11920556413075
"ST7",0.0220960489012363,14.6793461513037,0.0839153487819113,0.934251999694255,0.999486182046446,-5.02270305745274
"SIRT7",-0.049631266729925,17.1593555247581,-0.269128738738083,0.791826718825417,0.999486182046446,-5.00255256580213
"FBXO6",0.098224036401529,16.8227991903924,0.525098282417406,0.607317939932574,0.999486182046446,-4.94109839229205
"PICK1",0.0272374458056888,18.9538244576997,0.365690556612253,0.71978712353792,0.999486182046446,-4.98396416462246
"CTPS2",0.0211268758476457,21.19028854711,0.283344103784423,0.780851028411307,0.999486182046446,-5.00024942155631
"POLE3",-0.0234401584198061,19.3681724467242,-0.139807728317639,0.890714737453424,0.999486182046446,-5.01885603568332
"CHRAC1",-0.111916887891507,19.1385532102072,-0.597001023859744,0.559642331316868,0.999486182046446,-4.91695270033057
"PRTFDC1",0.187447796368726,17.6568649271976,0.85283094741011,0.410876147185451,0.999486182046446,-4.80687140017603
"SMYD2",0.117536257415157,17.2669321586133,1.46676703503569,0.163434257940058,0.999486182046446,-4.42453496964093
"SDR39U1",-0.373476484894461,17.4305014968694,-1.7714973885642,0.0971299094036763,0.999486182046446,-4.18499697125776
"AAAS",-0.0560754423584982,20.2611915298133,-0.776707561615487,0.449607979940715,0.999486182046446,-4.8443916052835
"YAE1",0.193627684144779,13.5138140396571,0.417948780632711,0.684238192365634,0.999486182046446,-4.97043785133195
"ABCB10",-0.0500177073182861,18.8660372458942,-0.718518616857771,0.483664572187813,0.999486182046446,-4.86978981462807
"BAZ1A",-0.0276040407006128,26.4585237382,-0.46820503129216,0.646481470654733,0.999486182046446,-4.95808849098879
"STRN4",-0.0132734156115681,19.7647954965523,-0.179700621906359,0.859832886003288,0.999486182046446,-5.01494417908685
"ZNF277",0.241770264102934,15.8156993228561,1.05032856097761,0.31167689693348,0.999486182046446,-4.70205252665491
"AASDHPPT",0.0450881755184973,20.4169646741372,0.670304090100053,0.513022401451734,0.999486182046446,-4.88947839355602
"METTL5",0.104497637980959,18.8286303386191,0.881513102159139,0.392178171145148,0.999486182046446,-4.7942719778633
"OSTC",0.170013129330254,19.9845252603919,0.669340412426492,0.513825245101444,0.999486182046446,-4.88974381181479
"CMC2",-0.236106448683966,18.8779679128202,-0.845275291005714,0.411726896709581,0.999486182046446,-4.81209507483945
"CDC42SE2",0.0456464065312598,15.9667792562717,0.123040089342154,0.903867465283829,0.999486182046446,-5.02018959986349
"DROSHA",0.0680804863728177,17.4070718435214,0.819175187477208,0.425724447927735,0.999486182046446,-4.82475005109884
"UBQLN4",0.147753834472482,17.4528407049376,1.23287745111111,0.236909749487398,0.999486182046446,-4.58878933417904
"CDC42SE1",-0.169165429100543,15.1628967618717,-0.260613401791065,0.798065679344296,0.999486182046446,-5.00400357042058
"SNX15",-0.157164148618573,17.7002316025279,-1.21804905656413,0.242330736259471,0.999486182046446,-4.59852443506603
"CNNM1",0.212772633113314,16.2634700466957,1.3004265501545,0.213406561873939,0.999486182046446,-4.5433713166382
"HEBP1",0.0324255862811533,22.310511916045,0.354764344159327,0.727787237872763,0.999486182046446,-4.98635752937836
"RAB6B",-0.103220324379066,18.5432859848163,-0.684927599537996,0.504010991105351,0.999486182046446,-4.88363834824473
"DUSP22",-0.100645004686006,14.6116180068181,-0.517820692473324,0.612813430135805,0.999486182046446,-4.94307454173568
"VPS45",0.0113993498251013,21.8210401116485,0.180303472598386,0.859368060084451,0.999486182046446,-5.01487757319392
"PNO1",0.0288722084692203,20.694996605007,0.62865063581651,0.539191272626767,0.999486182046446,-4.90547796707736
"MRPL17",0.0381374620476933,20.9255472227128,0.430946954073019,0.672738079163444,0.999486182046446,-4.9682035608506
"PHPT1",0.0235297138009614,20.576373539724,0.173462651879861,0.864651570077379,0.999486182046446,-5.01561893692552
"SERINC1",-0.144235468482965,18.1375150649195,-1.31319096462186,0.20918076663735,0.999486182046446,-4.534596561271
"TMEM167B",0.230349950003479,18.1989064225589,0.970198452264345,0.348868396661525,0.999486182046446,-4.74718062763391
"INIP",0.123796951667416,14.8669480636482,0.350355693559511,0.731380630938424,0.999486182046446,-4.98714586390662
"ARHGAP35",-0.010920183671022,19.5298223584319,-0.236891032212077,0.815999684986712,0.999486182046446,-5.00764059956148
"FAM114A2",0.024839596860744,17.6496443122959,0.265445840370378,0.79433993559489,0.999486182046446,-5.00325146587236
"AGPAT3",-0.0709396685699168,19.6014552483249,-0.964039109110713,0.350565948231989,0.999486182046446,-4.75100602313315
"HELLS",0.0187488506330382,19.922486823792,0.318879260175209,0.754288898199006,0.999486182046446,-4.99371864543847
"C1GALT1",0.0892354217968645,15.9480860397543,0.136518970235579,0.89460460587604,0.999486182046446,-5.01887094851833
"GLRX2",0.0600604362792119,18.2946174693313,0.348278719280097,0.73255159325038,0.999486182046446,-4.98774468390098
"TOMM22",-0.0737179541835964,21.6308551081167,-0.305770683457789,0.764137423890451,0.999486182046446,-4.99618181083217
"LANCL2",-0.111325125414993,20.0927192161806,-0.706821149688633,0.490761607836592,0.999486182046446,-4.87464289358318
"KIF15",-0.00100976194393354,18.1159960420089,-0.0091624330851887,0.992812309346701,0.999486182046446,-5.02484435459535
"RAD18",-0.035148149321536,18.7596903849143,-0.406504263704293,0.690208806188094,0.999486182046446,-4.97440000730089
"TM7SF3",-0.566415436778884,14.6724030496213,-1.23359766286732,0.23976764796203,0.999486182046446,-4.58862797548093
"HOMER2",0.112027667771592,16.7555958117639,0.386799085712264,0.707289663384265,0.999486182046446,-4.97778740545276
"HOMER3",0.127584616412015,15.7502362985466,0.397375179047453,0.697190651300977,0.999486182046446,-4.97642834533665
"FARSB",-0.00918566128215303,23.5961563078594,-0.174113280729812,0.864143516301032,0.999486182046446,-5.01555094535028
"IARS2",-0.0183031116035082,21.6436482187097,-0.186705406879194,0.854435226196947,0.999486182046446,-5.01415658267237
"C1orf112",0.120271742544332,17.8473449210854,0.758977711694882,0.45982311412336,0.999486182046446,-4.8523174901995
"SLX9",-0.0483416667160874,19.5398563455188,-0.696691088722419,0.496829401523164,0.999486182046446,-4.87885712658727
"BRWD1",0.152820827843399,16.7141748577872,1.15749716500189,0.265469473419275,0.999486182046446,-4.63736663076585
"KLC4",0.149618621206013,17.0038949143828,0.984682348030974,0.340657025037819,0.999486182046446,-4.73967913387625
"C19orf12",0.678438023120657,15.0166302704041,1.69562524144374,0.11101110519471,0.999486182046446,-4.24704776977244
"CENPM",-0.0379504826825965,17.4723540181632,-0.178141012467829,0.861035665942906,0.999486182046446,-5.01511546371412
"DIAPH3",0.0229844261451913,15.3644472322127,0.0605208260520141,0.952762408489992,0.999486182046446,-5.02372416204902
"BMP2K",-0.0298791068619533,14.7169448437324,-0.166433097971008,0.87007604095313,0.999486182046446,-5.01635388929416
"ATG3",0.114045988544731,21.3391735587808,1.16913387008814,0.260896503658279,0.999486182046446,-4.63001747836081
"SIRT3",0.0933478675821675,17.9254689934244,0.708712832088959,0.489552748185879,0.999486182046446,-4.87389455308823
"PDS5B",-0.028413488803217,21.2274106722889,-0.657416024370706,0.521040682617751,0.999486182046446,-4.89452965801059
"SMC4",-0.0730632080794429,20.9219872036252,-1.88785568287257,0.0788775989197462,0.999486182046446,-4.08754406876777
"MAN2C1",0.0809324503186986,17.7187202820613,0.578214437158852,0.571842142682022,0.999486182046446,-4.92357560250514
"SACM1L",-0.0236315516280214,20.6180587159976,-0.363429406803959,0.721439983502677,0.999486182046446,-4.98446527259902
"OLA1",-0.08704860688173,23.5213817496641,-1.45432090013191,0.166804460153056,0.999486182046446,-4.43374925276452
"CUTC",-0.0664249847826781,16.8023430577317,-0.37258991563568,0.714752782513475,0.999486182046446,-4.98241644280686
"SLC35D1",0.0294329251926051,13.7688378450005,0.0993088818118541,0.922567099783223,0.999486182046446,-5.02178664168783
"ECHDC1",0.0180096477567808,19.8908583395204,0.191405408536371,0.85081775362482,0.999486182046446,-5.01361136166506
"RBM12",0.00931039455804239,20.586302537253,0.146540040212666,0.885479061198531,0.999486182046446,-5.01826607913327
"TBC1D22B",-0.0688631466777441,16.169347570666,-0.482688283236675,0.636402132601235,0.999486182046446,-4.95393957921905
"MDN1",0.0169291151790674,20.5056215093799,0.356316069792853,0.726649048313142,0.999486182046446,-4.98602194101118
"LYRM2",-0.119237799085248,17.2433720816278,-0.574609641504606,0.574215055983549,0.999486182046446,-4.92481496953453
"ACSS1",-0.020030016679307,17.2527474824899,-0.111899662274415,0.912520010098119,0.999486182046446,-5.02100003971756
"ZCCHC3",-0.0597073349425088,16.807337370877,-0.581109400099911,0.569940221893843,0.999486182046446,-4.92257502781543
"ZDHHC18",0.103354007004469,14.4700575423782,0.364355598928612,0.721563573569417,0.999486182046446,-4.98389683207912
"PDRG1",0.0461240620250294,17.5713114940925,0.265478037293253,0.794315608035399,0.999486182046446,-5.00324623888706
"DECR2",-0.0681116321882058,19.580717272853,-0.904230950364065,0.380404188976758,0.999486182046446,-4.7826882490757
"ABHD10",-0.00280176124274689,20.605853851574,-0.0319232013984925,0.974961245031789,0.999486182046446,-5.02455647832792
"TCP11L1",0.319769071174385,16.1030213755128,1.06660666369391,0.30329663790668,0.999486182046446,-4.69280902000447
"STAU2",-0.0645859150879957,18.5575471031949,-0.787032716619986,0.443725051954646,0.999486182046446,-4.83970107130327
"SHFL",-0.00535738403964459,15.5653291884629,-0.00869694430854828,0.993262564651958,0.999486182046446,-5.02484581436226
"DDX28",-0.00804638900760324,18.7076293550331,-0.106985806656744,0.916241770457956,0.999486182046446,-5.02134839982454
"SLC39A9",-0.0502484502868814,13.4433032007378,-0.303386327911158,0.765832523515242,0.999486182046446,-4.99665909113436
"TMEM106B",-0.112357102038203,17.8400434621629,-0.926265983294948,0.36921543628576,0.999486182046446,-4.77121401906876
"LMBRD1",0.207458469536279,15.2083658163843,0.708180107961153,0.489873854987314,0.999486182046446,-4.87411609129616
"BLOC1S4",0.109099939608488,16.3249712835921,0.462454456685663,0.650503579981413,0.999486182046446,-4.95970223310376
"TRMT13",0.0107629573426813,13.8745817060277,0.0375301858393169,0.971147889921122,0.999486182046446,-5.02440401842399
"LIN7C",-0.0662517741695972,19.3042241952308,-0.268820431645099,0.791865674795811,0.999486182046446,-5.00267337618537
"AGPAT5",-0.0234242463491334,17.6054342012439,-0.312351898091788,0.759145164727587,0.999486182046446,-4.9949750075443
"TXLNG",-0.0498132248548799,19.0294873140222,-0.523493345412933,0.608406599767975,0.999486182046446,-4.94160303559828
"SPATS2L",-0.0640114371162852,16.856086180011,-0.731629330810924,0.475858519408618,0.999486182046446,-4.8642221217713
"UFSP2",0.0147145708644238,18.4871273282003,0.184704331825249,0.855976434717327,0.999486182046446,-5.01438462992313
"ABCF3",-0.0236792759757876,20.6763419622635,-0.499757402132931,0.624618069437641,0.999486182046446,-4.94889500731049
"CYRIB",-0.0734060181908056,21.1836652570568,-1.07572605114589,0.299330698290684,0.999486182046446,-4.68740646529155
"AP5S1",0.209176941849517,16.1353690920542,1.62921762722044,0.124430767488419,0.999486182046446,-4.29996390009878
"ABCB8",0.01913317005625,18.1602931445295,0.142832215201618,0.88835548921332,0.999486182046446,-5.01859572774581
"DDX19A",-0.0666735538519561,17.5317848437343,-0.310864645892333,0.760253137399694,0.999486182046446,-4.99525770211137
"TDP1",-0.0272394884066891,17.3996809711871,-0.335938679706163,0.741647975016092,0.999486182046446,-4.99031491634576
"POT1",0.307014957098927,13.6107060145867,0.988242829503514,0.338968174261947,0.999486182046446,-4.73770551920511
"TBC1D23",0.0381779292819751,19.004412504304,0.339867971340605,0.738747116384911,0.999486182046446,-4.98950634389764
"DCAF13",0.0918748235046145,19.1413967116121,1.10786491257679,0.285658740633483,0.999486182046446,-4.66807856117176
"IMP3",0.0296668677169905,19.6866080363898,0.427961226922546,0.674861990959372,0.999486182046446,-4.96897919959632
"NUDT15",-0.0185948576569714,17.4718294087233,-0.206514942927343,0.839212204717047,0.999486182046446,-5.01176745116998
"MRGBP",0.0173430366049203,20.0304226018422,0.178830289238496,0.860504047566058,0.999486182046446,-5.01503994664338
"TYW1",-0.0564970319556402,15.4983834763964,-0.22370115928739,0.826831753495689,0.999486182046446,-5.00926182736622
"EXOC1",0.0260976798185339,18.4886202939436,0.441974851752815,0.664918412080267,0.999486182046446,-4.96529366166208
"INTS9",0.102283505922458,17.6016900401873,0.937234634472498,0.36373088902518,0.999486182046446,-4.76541562397294
"NDFIP2",-0.163201931810281,15.3905531366179,-0.370274885123666,0.716478616806137,0.999486182046446,-4.98292143630238
"TMEM30A",-0.141518670081609,20.1115679124968,-0.689173012431974,0.501625015993978,0.999486182046446,-4.88180276734547
"UQCC1",-0.0152157415873226,18.9446880403581,-0.197361407087567,0.846238559515986,0.999486182046446,-5.0129011077083
"SEPTIN11",-0.0973272811349588,21.6947390267948,-1.56252718651597,0.139359454681769,0.999486182046446,-4.35203552822674
"TMEM184C",-0.00354789886183582,16.704074610955,-0.0281671553246273,0.977906388016969,0.999486182046446,-5.02462595672253
"MED17",-0.00752154502026414,18.6149891463762,-0.0817767792814277,0.935923541638445,0.999486182046446,-5.02281207331132
"PARVA",-0.0579678984989513,19.0425349966001,-0.939216727647612,0.362745832630089,0.999486182046446,-4.76436171361693
"PANK4",-0.00595769246276134,18.1810780274618,-0.101970480508275,0.920153363677378,0.999486182046446,-5.02167069151569
"FBXO28",-0.058159889524088,17.2419336790992,-0.519798208291595,0.610916726310664,0.999486182046446,-4.94275933602005
"ETNK2",0.0987762678190229,16.8654392386882,0.525345668529386,0.611079724708706,0.999486182046446,-4.93886909140455
"TBC1D13",0.135284245182,17.7983806582403,0.961176980562601,0.351955580857256,0.999486182046446,-4.7525607780608
"EXD2",-0.026508565009177,19.4211580165227,-0.513838352367686,0.614975941422012,0.999486182046446,-4.94460794389383
"DNAJC11",-0.0216693536408528,20.2045765361865,-0.392093570601165,0.700595947761607,0.999486182046446,-4.97788908723741
"INTS7",-0.020897017501305,18.8103864234929,-0.353079675027436,0.729023692600145,0.999486182046446,-4.98672025079798
"TMLHE",0.031859766979661,17.1493565891672,0.303605869972437,0.765668535611272,0.999486182046446,-4.99661842782275
"FANCI",-0.0466196638139529,19.8394945606162,-0.91675604782813,0.374016340213597,0.999486182046446,-4.77619474018009
"ATAD3A",-0.00457392282387659,21.8211961247492,-0.0940980065053083,0.926297592856862,0.999486182046446,-5.02214544459461
"ARL8B",0.0509335491096792,21.8651969262856,0.116360715188468,0.908967440712627,0.999486182046446,-5.02069928339891
"PRMT7",-0.0613893576767026,18.3908404077894,-0.928872456452102,0.367907027014277,0.999486182046446,-4.76984134815013
"DNAJC17",-0.0244085351359828,18.558683179297,-0.193254641813111,0.84939539073115,0.999486182046446,-5.01339315288725
"INTS13",-0.082075397521244,19.0864289920648,-1.10594940887239,0.286460338512315,0.999486182046446,-4.66924298661471
"GNL3L",-0.0198235873420707,19.1922449089971,-0.262383070199909,0.796655130021784,0.999486182046446,-5.00374582930089
"DDX18",0.0370842803957743,21.4635316481556,0.49633183829137,0.62697464069352,0.999486182046446,-4.94992079813865
"ASF1B",0.158492490678487,18.4265473177274,1.19815517641434,0.249754225721497,0.999486182046446,-4.61144862476962
"FAIM",-0.010335444378974,17.6326047270602,-0.132015923722955,0.896755601731049,0.999486182046446,-5.01950927496052
"KLHL11",-0.0736889078353542,17.186043673838,-0.961885937706849,0.351611006623651,0.999486182046446,-4.75217601850655
"INTS10",-0.0177167617016103,19.0090036463014,-0.215187159724176,0.832568338771418,0.999486182046446,-5.01064639762933
"DNAAF2",0.161432445755652,15.8789779254126,0.868704870995968,0.398922848660831,0.999486182046446,-4.80069157104527
"MRPS18A",0.0300406360310497,20.4156128946367,0.437334712763206,0.668203806535935,0.999486182046446,-4.96652667467538
"PNPO",0.0837207478332509,19.7201368322948,0.72192606317098,0.481628441711553,0.999486182046446,-4.86835151530651
"ARMC1",-0.0883443422777255,19.3777437542542,-0.6350116606559,0.535147583018955,0.999486182046446,-4.90309584321681
"POLR3E",0.0233539115321406,17.3953113077533,0.206021959263658,0.839590269775937,0.999486182046446,-5.01182980548085
"SDAD1",-0.0462207430475949,19.9127281843538,-0.650634444356851,0.525288294778748,0.999486182046446,-4.89715141638724
"TMEM38B",-0.278550575272263,19.22472963769,-2.6619533513329,0.0179566497050399,0.999486182046446,-3.39337014597412
"MTPAP",-0.0617670398751216,19.3534699895278,-0.559076908215601,0.584498248764711,0.999486182046446,-4.93007205522858
"AIG1",0.127816547209209,15.371708423992,0.501340115882256,0.623530690711855,0.999486182046446,-4.94841879129181
"RLIM",-0.136558777541978,15.5667239944802,-0.363794079337815,0.721194078779779,0.999486182046446,-4.9843752518181
"HAUS2",-1.14902493966387,15.9156905348616,-2.78904360159493,0.0140274722540099,0.999486182046446,-3.2797569884093
"NLE1",-0.00226048886590746,18.8334676864949,-0.0388174206675054,0.969556450902642,0.999486182046446,-5.02440635330018
"KBTBD4",-0.00304142259222928,16.9595336492745,-0.026770921102623,0.979001272597016,0.999486182046446,-5.02464956977573
"NECAP2",-0.0666000993496638,19.5427037666817,-0.406820657190144,0.690017661989957,0.999486182046446,-4.97430443250782
"POLR3B",0.0108483833187982,18.4842644088994,0.149308366645371,0.883332554151294,0.999486182046446,-5.01801447250859
"RBM28",0.0207523708197144,20.0117538233248,0.361897317786962,0.722560730888954,0.999486182046446,-4.98480308693243
"ANO10",-0.11232343729295,20.8926634894412,-1.21133774216364,0.244815726964791,0.999486182046446,-4.60290206177044
"RBM22",0.0134018221320638,19.8330812176648,0.220079115211975,0.828826350298418,0.999486182046446,-5.00999385777783
"BSDC1",0.0452730013540261,16.5280601541836,0.180407927742566,0.859287525777199,0.999486182046446,-5.01486600994632
"GPATCH2",-0.201715751876783,17.9685908513482,-0.994103080565763,0.337403537164455,0.999486182046446,-4.73404164613726
"DMAC2",-0.0505370916778389,17.6021044726647,-0.445300981305131,0.662567747215435,0.999486182046446,-4.96440210911073
"WDR70",-0.0538157376035961,18.7627465101192,-0.630144151443737,0.538240330876718,0.999486182046446,-4.90492065669312
"ARGLU1",0.0283676314927028,17.8517496802552,0.102595170181732,0.919682321379761,0.999486182046446,-5.02162896053087
"SLTM",0.00186797262183092,20.4724170543359,0.0241840935556192,0.981029898163653,0.999486182046446,-5.02469014670661
"ZNHIT6",-0.0750522394650623,17.5205374286424,-0.896196506440976,0.384540546939816,0.999486182046446,-4.78681368314467
"ASNSD1",-0.017007225760409,16.4206194675828,-0.117163665611223,0.908310763944452,0.999486182046446,-5.02064691396789
"CUEDC1",-0.0618592740775448,15.8105247952142,-0.250384835224355,0.805743633392591,0.999486182046446,-5.00562791386076
"MCUB",0.036678059036559,16.2395381890282,0.269530564084291,0.791255346102779,0.999486182046446,-5.00258334241635
"PIH1D1",0.225650347414579,17.8704593155706,0.743383848661411,0.469157286296028,0.999486182046446,-4.85902778948273
"FAM118A",0.106242817665457,16.8387961659116,0.774401268023682,0.450928675616339,0.999486182046446,-4.84543180706189
"RMND1",0.0446889857446173,21.4221057639189,0.431108460658785,0.672623272616805,0.999486182046446,-4.96816145601393
"PAK1IP1",0.0716079181029805,18.6111332587342,0.549484102571049,0.590895966417438,0.999486182046446,-4.9332510581861
"HIF1AN",-0.130785619834736,19.3791307069058,-1.68887014445426,0.112264552159042,0.999486182046446,-4.25237352717942
"OXSM",0.100197726514953,18.5931819683356,1.16746593116838,0.261548251998638,0.999486182046446,-4.63107427782527
"GID8",0.313620066916606,17.1593344869431,1.37985999840423,0.188187891015925,0.999486182046446,-4.48781178433474
"MRPL22",-0.143950074383337,20.8206036697301,-1.16105853465607,0.264063501761475,0.999486182046446,-4.63512336433178
"CZIB",0.0548310230301965,20.4967182046024,0.555097388398084,0.587147984725074,0.999486182046446,-4.93139713419435
"BABAM1",-0.00428700910481083,19.004382489185,-0.0549967498071099,0.956879045461935,0.999486182046446,-5.02393917133646
"CLN6",-0.168593873127406,19.3242999288407,-1.19705459070263,0.250169983807386,0.999486182046446,-4.61215902034459
"NMRK1",-0.103477703173652,17.7231622766334,-0.524287283912713,0.609826410892313,0.999486182046446,-4.94028204698893
"ASB6",-0.0275111998713342,18.2077944144806,-0.312349665087268,0.759146827861997,0.999486182046446,-4.99497543298279
"THG1L",-0.0553434150616994,19.1557085417379,-0.715325935259069,0.485577042420121,0.999486182046446,-4.87113188265851
"HPF1",0.125508977785998,17.7459877902274,1.11411457170007,0.283055033183928,0.999486182046446,-4.66426853054273
"IRAK4",0.0440445796763758,15.9325830524951,0.230346884330286,0.820986300259716,0.999486182046446,-5.00857699452295
"UCKL1",-0.0442720135429227,19.1547519090533,-0.726889640477468,0.478671674193274,0.999486182046446,-4.86624538480564
"GEMIN8",-0.0903227761102485,16.257650673642,-0.690837364914558,0.500395544404015,0.999486182046446,-4.88124561251693
"TMEM160",-0.00257622893123255,19.8480872375462,-0.0284612621793444,0.977675764116803,0.999486182046446,-5.0246208297849
"TXNL4B",0.0917394469193944,16.9940468118191,0.462063903313283,0.650777153721218,0.999486182046446,-4.95981113771938
"FAM120C",0.0273325691497028,19.7040613976054,0.611937784065253,0.549895654515874,0.999486182046446,-4.91163079144939
"TRNAU1AP",-0.598165933515023,16.2925913091542,-1.58685212750884,0.13549070327509,0.999486182046446,-4.33568245077606
"NDUFB11",0.0738673667483987,20.1188268869289,0.217015043988275,0.831229002011918,0.999486182046446,-5.01038640885896
"SDHAF2",0.398975389718743,16.7025816618862,1.03618588660716,0.317035928638176,0.999486182046446,-4.71050141762701
"MRPL16",0.033199732713836,19.9281178974423,0.691374484673994,0.500067702359732,0.999486182046446,-4.88102721641786
"NHP2",-0.156774308416171,20.8180938948921,-0.852592654640862,0.407702420101708,0.999486182046446,-4.80856297895896
"OCIAD1",-0.0524514079284657,20.0678248130154,-0.525121605393708,0.60730212658757,0.999486182046446,-4.9410910480139
"ADPRS",-0.0640930479643309,20.2306586293131,-0.674850889457796,0.510210638580168,0.999486182046446,-4.88767492304767
"MARCHF5",-0.0754722258833525,19.2336362513533,-0.748017008093671,0.466209392223841,0.999486182046446,-4.85713561885923
"HYPK",0.258432196519497,17.7857714916115,0.757089753458799,0.461156233110266,0.999486182046446,-4.85302493917951
"LYAR",-0.0103431381709385,20.5362890860423,-0.180630648034317,0.85911581513109,0.999486182046446,-5.01484133245273
"TMEM161A",-0.137603013380399,16.322022552147,-0.997079657794902,0.334802247396287,0.999486182046446,-4.73278192267123
"BPNT2",-0.0352361927359688,21.0923094914972,-0.531513790045051,0.602975797845744,0.999486182046446,-4.93906653990027
"CHCHD3",-0.0326424594711163,21.7961782614535,-0.257137734446345,0.800624742370496,0.999486182046446,-5.00457932932461
"DUS2",0.00362539717940891,18.4014303824202,0.0408369849449431,0.967973472899167,0.999486182046446,-5.0243568364482
"CMTM6",-0.040139100314331,17.2227363115227,-0.193329250778514,0.849746726996346,0.999486182046446,-5.01327319477248
"TMEM260",0.206417994810783,15.7444835841122,0.985941545401061,0.340059068141685,0.999486182046446,-4.73898181590996
"SIRT5",-0.0751383385324402,18.9820882477981,-0.900904668378643,0.382112979310555,0.999486182046446,-4.78439998777868
"MKS1",-0.211766396600048,16.0594463574701,-0.730922154499509,0.48045388631811,0.999486182046446,-4.86225256785387
"MIOS",0.0286031570950875,18.3605475527877,0.572058836275952,0.575897269518242,0.999486182046446,-4.92568757330692
"MTMR10",0.336863944778353,15.1989704632517,1.43112520196575,0.173239237625765,0.999486182046446,-4.45078812919365
"SMPD4",-0.0383174954274956,19.8239643417337,-0.711107437635505,0.488110913091545,0.999486182046446,-4.87289687158269
"CWC25",-0.158952950209443,16.6598599596173,-0.864204137635887,0.401311097441386,0.999486182046446,-4.80292819276415
"TEX10",0.0105843976846103,19.8844811095416,0.164178976959117,0.871818778492412,0.999486182046446,-5.0165827143889
"ZDHHC7",-0.121745148979873,14.715444295414,-0.442074111565603,0.66530890530308,0.999486182046446,-4.96503255422186
"THUMPD1",-0.0520987543197933,21.0849370605743,-0.433109094426108,0.671201826858791,0.999486182046446,-4.96763862841523
"P4HTM",0.0539914320051551,17.2873030069362,0.51056508510332,0.617210903574566,0.999486182046446,-4.94561462076299
"TRMT1",-0.0779127930484158,18.953231407117,-1.02764942648457,0.320672511074907,0.999486182046446,-4.715474243865
"PGPEP1",0.110130038660646,17.3787325431412,0.459072762231579,0.652895482541934,0.999486182046446,-4.96063118900335
"FBXL12",0.229741286946147,17.2165968638889,1.16250344057526,0.263494695243811,0.999486182046446,-4.63421174459598
"GDAP2",0.0305810730961227,18.6647796277076,0.299672111583501,0.768608624510696,0.999486182046446,-4.99734265322045
"NDE1",-0.043502280622338,16.0945424768419,-0.113723399194272,0.91100114936936,0.999486182046446,-5.02088937737831
"BABAM2",-0.237385185731615,19.7277957238856,-1.73275048817582,0.103988290507686,0.999486182046446,-4.21679415121069
"ING3",0.0252951791928844,15.9734570169701,0.0758986668303943,0.940781405646576,0.999486182046446,-5.0230680907612
"QPCTL",0.0368466412799755,19.449486746432,0.565294744862723,0.580370481056974,0.999486182046446,-4.92798385619755
"ARL15",0.119492449271945,16.3132608042583,0.909867907714921,0.377520204852115,0.999486182046446,-4.7797751913951
"KCTD5",-0.132776411808003,17.2284995745713,-1.26416840822025,0.225781473475161,0.999486182046446,-4.56796590969058
"CDKN2AIP",-0.0492351411876477,17.2111037258014,-0.405940319200669,0.690614101625876,0.999486182046446,-4.97453884216795
"DNAJB12",-0.0614183488185525,19.5996226212375,-0.613193323240725,0.549087493291574,0.999486182046446,-4.91117391076985
"ALKBH4",-0.0399012005040973,19.2931222732163,-0.505696159456791,0.620542620750344,0.999486182046446,-4.94710071909095
"NSMCE4A",0.062404381389257,17.4313776588735,0.432358834531648,0.67173473294538,0.999486182046446,-4.96783496812657
"DDX43",0.00234955983049545,17.265676355899,0.0168015927978529,0.986820052291538,0.999486182046446,-5.02478329386306
"GAR1",0.375067263431241,19.5702988166963,3.48899095303638,0.00337062742582088,0.999486182046446,-2.64600056049227
"SLC39A1",-0.172099230080033,18.1274487736445,-1.18253500049843,0.255704960051033,0.999486182046446,-4.62148536340731
"PPP4R2",-0.0874217089706057,18.2564889273872,-0.77303412562257,0.45171271150649,0.999486182046446,-4.84604712902535
"DPP3",0.0278267029151351,22.7547336489466,0.438516452201622,0.667366420170584,0.999486182046446,-4.96621384349354
"AATF",0.00869388050872999,18.5356093369916,0.085505188328346,0.933009561330146,0.999486182046446,-5.02262019253165
"TUBA8",0.066586185758446,17.7905000774681,0.112903559580781,0.911659633779956,0.999486182046446,-5.02094329001279
"DDX56",0.0553317474566981,20.1749690245181,0.803577654729222,0.434400093241746,0.999486182046446,-4.83207096953861
"B3GNT2",0.153261404560954,16.8982803128038,1.01171648444152,0.327982444226829,0.999486182046446,-4.72454801292546
"SPHK1",-0.0771478758774506,16.640543458193,-0.204088920375189,0.841549305884216,0.999486182046446,-5.01193694011483
"MTMR4",0.0778939926816555,18.2246248956739,0.6785603181023,0.508676224433724,0.999486182046446,-4.88577435454956
"TERF2IP",0.00189630071664126,18.4769917915505,0.0243580708431076,0.980893458381544,0.999486182046446,-5.02468754691185
"ABI2",0.0871418503778401,18.4663878663667,0.706794597593242,0.490709576236688,0.999486182046446,-4.8746915617542
"FAM53C",0.00684165641534662,18.8017555134334,0.0263415040125472,0.979345068160989,0.999486182046446,-5.02465631728843
"BCLAF1",0.0301786850326557,20.949551659366,0.313518304603905,0.758276597377051,0.999486182046446,-4.99475237248767
"ZDHHC3",-0.25384847071464,16.2113737473391,-1.151564840454,0.267824085807346,0.999486182046446,-4.64109170467605
"ANAPC11",-0.240281820086999,14.4680054121228,-1.27717267086628,0.228435171670641,0.999486182046446,-4.56069283566084
"UTP6",0.0481541647895334,18.1803527131808,0.424284690224338,0.677481246863907,0.999486182046446,-4.96992714789386
"COA4",-0.0858739536267716,15.7599460532256,-0.252388318098031,0.804770949587022,0.999486182046446,-5.00513199321055
"TAB2",-0.0564198323614171,16.1259099394989,-0.55876802082184,0.584703699263017,0.999486182046446,-4.93017522571823
"MRPL39",0.0293001883563697,20.5511874125802,0.493077460302804,0.629217348559528,0.999486182046446,-4.95088909728963
"MAP3K20",0.210514400681205,18.0706109844906,2.82143177912007,0.0130552154176277,0.999486182046446,-3.24671120625628
"FKBP11",-0.206616055191958,19.4666123211156,-1.43490550951473,0.172204003529953,0.999486182046446,-4.44804317523452
"TMOD3",-0.0360186682838695,20.2396673595432,-0.392284716190768,0.700457759942216,0.999486182046446,-4.97784360690184
"DONSON",-0.152422333241496,15.0804294576075,-0.466457089431276,0.648757449514269,0.999486182046446,-4.95802966061887
"ELOVL5",-0.21870289128006,19.9775840225554,-0.967228932714401,0.349330778061772,0.999486182046446,-4.74915486123978
"MIS18A",-0.134014006012258,16.6738308966756,-0.649111928479217,0.526244599604776,0.999486182046446,-4.89773658328351
"NKIRAS2",0.0160506807006406,18.1515443950891,0.202952647231978,0.841945015637536,0.999486182046446,-5.01221469761005
"UGGT1",0.0256714249961796,21.4228092878519,0.452440070172827,0.657534765754535,0.999486182046446,-4.96246680575689
"CDK12",-0.0211386941411753,17.0642450851261,-0.155104024977613,0.878841794880137,0.999486182046446,-5.01747253828387
"RRN3",-0.124002361319381,18.120624505936,-1.17368189714569,0.259125660686123,0.999486182046446,-4.62713008473474
"PLK2",0.323435969012323,14.190286223564,1.31365806769732,0.222356842496295,0.999486182046446,-4.53830105939124
"FASTKD2",-0.0324684482820956,19.0967337009195,-0.415786304037393,0.683552168484625,0.999486182046446,-4.9720881062028
"TVP23B",-0.160751023041726,20.8741172900059,-0.377763429365106,0.711963558151117,0.999486182046446,-4.98078325309538
"GTSE1",-0.0691455961527545,16.0792938090774,-0.410385620635578,0.687422020800738,0.999486182046446,-4.97343941256952
"TECR",-0.0936248260032002,21.2641449028964,-1.04126428227182,0.314519844778156,0.999486182046446,-4.70762999098045
"ERAP1",0.0118723968542049,19.4958277043578,0.177028567463804,0.861893807818735,0.999486182046446,-5.01523673162965
"ACTR10",-0.110163658798651,20.9768434432339,-1.66965613536507,0.116065464361318,0.999486182046446,-4.26780262729497
"USE1",0.0547796135114744,17.7312565976855,0.566029597533371,0.579883640501433,0.999486182046446,-4.92773562917969
"CISD1",0.0588103008827012,20.2011963569436,0.328204731503488,0.747414238423882,0.999486182046446,-4.99186066944259
"GGA3",0.0731020666248661,18.0220259403593,0.629357665808535,0.538740981135159,0.999486182046446,-4.90521428896718
"C9orf78",0.0703946846558416,18.5002095360165,0.790602459921823,0.441702471562913,0.999486182046446,-4.83806665193693
"RTEL1",0.0842781354149356,12.8138078508207,0.456234568540651,0.659332935524607,0.999486182046446,-4.95911190780473
"STMN3",0.0730289209102146,17.9655448696963,1.03207891460366,0.337586380589105,0.999486182046446,-4.7076910988642
"FAM120A",-0.0527271008020307,21.0128179118521,-0.876638165995591,0.394736214298265,0.999486182046446,-4.79672483984686
"GDE1",0.0239476863409465,17.9780318450644,0.206064869312899,0.839557360791309,0.999486182046446,-5.01182438393942
"WWOX",-0.123372470948532,17.5538494528855,-0.899638627856936,0.382764738351933,0.999486182046446,-4.78505009617509
"SMARCAL1",0.111106418220285,16.7068751423572,0.896421131878997,0.384424492015666,0.999486182046446,-4.78669877079669
"GLTP",-0.152293599330108,20.0085412881189,-1.95332423765188,0.0700182278323709,0.999486182046446,-4.0315444942259
"SPG21",-0.0817334050227956,19.0179469857221,-1.25273766371917,0.229798056086493,0.999486182046446,-4.57561651835298
"MRPL35",-0.222570752615098,19.0522061284796,-0.80504335046138,0.433834006452875,0.999486182046446,-4.83125850700639
"GRHL1",-0.160427649953659,14.9838460559511,-1.0224236645923,0.323057004591018,0.999486182046446,-4.71846295628194
"UBP1",-0.156626371900799,17.6302987392688,-1.03961718791857,0.315259594901001,0.999486182046446,-4.70858338578338
"DTL",-0.0540737430275655,16.2265382606279,-0.313619113724319,0.758201545427303,0.999486182046446,-4.99473309256232
"COQ3",-0.0356042977794573,18.3157873129784,-0.542045652004257,0.595881259875944,0.999486182046446,-4.93568040845395
"MTCH1",-0.123659106159796,20.1731581747303,-1.66765266149508,0.116468147263682,0.999486182046446,-4.26940603870835
"NUDT4",-0.00813034368549381,18.6229109421062,-0.0408194641496011,0.967990601038398,0.999486182046446,-5.02435707303042
"HSPBP1",-0.011907073982897,21.0825910891281,-0.153723418114591,0.879911172096677,0.999486182046446,-5.01760349850284
"MAT2B",-0.00716290440555056,21.8722095557555,-0.118781121352127,0.907051282129673,0.999486182046446,-5.02052958322977
"MYOF",-0.038031144195724,21.0692643423435,-0.698844421782536,0.495521342736655,0.999486182046446,-4.87797389692786
"ITSN2",0.0796317056259923,17.2135130256484,0.727911243184496,0.478064473931815,0.999486182046446,-4.8658102875883
"BICRA",0.0653781805995379,14.432834426006,0.199791201447568,0.844372078850277,0.999486182046446,-5.01260515096563
"NOP53",0.00919914827908386,20.3651389137603,0.0724366369820377,0.943227505008661,0.999486182046446,-5.02325525078665
"EHD3",0.084960809570763,18.1881456811906,0.465382887436816,0.648453940005125,0.999486182046446,-4.95888283787653
"ARHGEF12",-0.00120740546130449,17.3992359005269,-0.0133383297551269,0.98953660189136,0.999486182046446,-5.02481542825058
"CNOT2",-0.0942338800619993,19.0709275286218,-0.847038038408,0.410506818503639,0.999486182046446,-4.81136668231911
"NCKIPSD",0.0307673354407285,18.8931695572099,0.470153683749217,0.645121105644912,0.999486182046446,-4.95753731952947
"OGFR",-0.0318401222689566,21.5770613904276,-0.535167328570252,0.600509923332766,0.999486182046446,-4.93789899489286
"LMCD1",-0.0802805644106286,20.1596091172703,-0.802938311260661,0.434758100628162,0.999486182046446,-4.83236841603982
"PALS2",0.0505697155009841,19.3260517729388,0.776013898721636,0.450004950124752,0.999486182046446,-4.84470475502971
"CHMP5",-0.243845648665257,19.7208840663713,-0.850135604463586,0.409107029212277,0.999486182046446,-4.80972512870626
"COMMD9",0.23734546369316,16.4102396438166,0.903831034545292,0.380609360707414,0.999486182046446,-4.78289433324175
"CNIH4",0.107237308328692,18.813642434672,0.507393210425196,0.619453043556386,0.999486182046446,-4.94654496151858
"CWC15",-0.0218029462952565,19.3904930721332,-0.153078037315747,0.880411148089257,0.999486182046446,-5.01766431760439
"MRPL15",-0.0276487908360714,21.0098860469571,-0.413431086039904,0.685238675922024,0.999486182046446,-4.97267950727751
"THYN1",0.111360754061756,18.7331289025924,1.23890134780796,0.23473472845739,0.999486182046446,-4.58480997708893
"CRIPT",-0.198057046193583,16.9943062908438,-0.727056127614527,0.478637992933225,0.999486182046446,-4.86613878307689
"CCDC59",0.0119980485577216,17.8401630339423,0.0791813501612986,0.937952591125245,0.999486182046446,-5.02294060277537
"NDUFAF4",0.0853413212838952,18.9608655410583,0.603257152591629,0.555500830280268,0.999486182046446,-4.91476577557553
"HACD3",-0.0203191660042563,22.9276190171731,-0.290265630007213,0.775653866357414,0.999486182046446,-4.99903678492552
"MED11",0.0257233419733858,14.8935750636879,0.091223097149149,0.92854260559654,0.999486182046446,-5.02230933037578
"EMC3",0.00627905975282061,22.1321729296694,0.0545457754324582,0.95723226230253,0.999486182046446,-5.02395437544505
"NDUFA13",0.00151127230875758,22.0865572958485,0.0162640305962278,0.987241700628194,0.999486182046446,-5.02478876586245
"PDP1",0.0764040220030076,17.5904683338683,0.768755937980868,0.454171683392799,0.999486182046446,-4.84796640692778
"KCMF1",-0.129629449863064,16.7683000331071,-0.404010876972759,0.692037413330296,0.999486182046446,-4.97499503556019
"RAI14",0.0742276184626505,18.1749349683316,0.571147612908267,0.57649882860509,0.999486182046446,-4.92599841054605
"FOXJ2",0.103748228366319,15.0012149215017,0.458274919940271,0.65343394307324,0.999486182046446,-4.96086310076375
"VAPA",-0.0251052480509699,22.3444241182393,-0.245506118629074,0.809447584708927,0.999486182046446,-5.00636832283037
"MRPL27",-0.0314490396334897,19.5566535041908,-0.412389926556156,0.685984775130422,0.999486182046446,-4.97293990918573
"TBC1D7",0.0494635346177077,16.9436645761379,0.333262281435811,0.743626193616961,0.999486182046446,-4.99086040044119
"MTRES1",0.145226631926025,17.188510042624,0.814263024885265,0.428444576476744,0.999486182046446,-4.82706895796171
"COX16",-0.108385182584886,17.9889252556506,-0.339050213366175,0.739445863519972,0.999486182046446,-4.98963421749994
"TMEM14C",0.00417696092855024,18.8374897338612,0.0133104011828132,0.989562071258798,0.999486182046446,-5.02481558751979
"ZNF581",-0.0161282476211291,17.1280933095621,-0.0741659000690951,0.941874808267974,0.999486182046446,-5.02317724452846
"TMEM9",-0.211417731102198,17.5405407894857,-0.973289752247582,0.346100839132127,0.999486182046446,-4.74595473664156
"SENP1",0.0924374718692711,16.1439808326961,0.370728097669238,0.716109980334577,0.999486182046446,-4.98283687649415
"CXXC1",-0.0169957044233975,18.0683257059363,-0.254116541613588,0.802913739751287,0.999486182046446,-5.00505186424792
"SH3BP4",0.113328783509157,17.7634889664449,0.767879606305937,0.454676398899992,0.999486182046446,-4.84835837731108
"HMG20B",0.0769124461906046,16.9310259164809,0.615127645286221,0.547843683068605,0.999486182046446,-4.91046832423753
"GMIP",0.0236055560812147,17.0836049536635,0.213904147101027,0.833550447789473,0.999486182046446,-5.01081513301731
"ABRACL",0.257146962443596,20.2265463994609,1.16976159441468,0.261018718668153,0.999486182046446,-4.62960388010242
"VPS54",0.250450064282337,14.8356574624667,1.37857662146634,0.191732531437142,0.999486182046446,-4.49036624146486
"ACTR3B",-0.232420751047886,17.2834439143897,-0.634336018263216,0.53649522387847,0.999486182046446,-4.90283202597891
"CAMSAP3",0.0168472171419545,18.8887401360692,0.358771820733269,0.724849118988151,0.999486182046446,-4.98548792104164
"PHRF1",0.0403360254480845,16.2400755530443,0.344170479361773,0.735575430988988,0.999486182046446,-4.98861042672099
"KIAA1522",0.00417618276145504,18.6098450329593,0.0360704079151926,0.971709830058945,0.999486182046446,-5.02446967683351
"POGK",0.05804543381565,18.1388816468803,0.483731918654791,0.635678666085734,0.999486182046446,-4.95363594877762
"CCDC88C",0.332069729503896,16.2063162046106,1.65886311509198,0.118249119092187,0.999486182046446,-4.27642824522447
"STIM2",-0.0152879297809019,15.0971059813404,-0.108898337773534,0.914750717930852,0.999486182046446,-5.02122143215426
"VPS18",-0.0292681501821797,20.2901037893974,-0.538818810689498,0.59805047752336,0.999486182046446,-4.93672455189499
"RCC2",-0.0197538397299475,23.4264449399217,-0.264674154624348,0.794923076964438,0.999486182046446,-5.00337655749105
"RELCH",0.0894336436777081,17.890943084904,0.5294079657657,0.604399360091979,0.999486182046446,-4.93973605022803
"DIP2B",-0.0247557792405004,19.0476765499096,-0.376706321507523,0.711755611682903,0.999486182046446,-4.98147960486271
"SLAIN2",-0.0577043671762816,18.6398970822075,-0.294074790796051,0.772823799341287,0.999486182046446,-4.99834728849729
"TENM3",-0.0283970754465699,17.695178265489,-0.282588327384754,0.782858909708256,0.999486182046446,-4.99983729539695
"USP36",-0.057511413353641,18.5227204883829,-0.745072645709582,0.467934160299483,0.999486182046446,-4.85841922018425
"BCCIP",0.0335553187122279,20.8562140002326,0.305572633341481,0.76419997135656,0.999486182046446,-4.99625285758936
"STK26",0.0335827167862703,20.5197783959218,0.574310368730562,0.574412288285381,0.999486182046446,-4.92491753609958
"ARMCX1",0.135997123100079,17.1087236444257,1.22235370896522,0.240747195461329,0.999486182046446,-4.59570725161178
"C5AR2",-0.100105101960677,14.0293142375932,-0.467281895681908,0.65500489895561,0.999486182046446,-4.95421512142975
"PTGFRN",-0.0443055885056616,20.0364458228691,-0.703088358106351,0.49294928500215,0.999486182046446,-4.87622592293095
"CTTNBP2NL",-0.214761582958582,15.4976274485281,-0.835276884943273,0.41893846686608,0.999486182046446,-4.81605666332924
"CFAP97",0.710090014244194,13.7205407850779,2.00154386665573,0.071215505068781,0.999486182046446,-4.02462244693117
"TMEM181",0.368478445710496,16.5243036679748,1.79168743638536,0.0952083917060981,0.999486182046446,-4.17254171562729
"IBTK",0.00386432990037733,17.3520725026235,0.0263464284960231,0.979334155606755,0.999486182046446,-5.02465651088731
"CHD7",-0.0305700602676389,16.0278566508477,-0.224385288376917,0.825535985818936,0.999486182046446,-5.00940743138604
"HEATR5B",-0.00119900655978356,18.3903045058305,-0.0197033675862553,0.984544057082033,0.999486182046446,-5.02475068365318
"ZNFX1",-0.0251214488642297,17.8345130863068,-0.359146332907564,0.724574769537425,0.999486182046446,-4.98540616638434
"CHPF2",0.168574046006441,17.6837702381342,1.35522417332289,0.195736992508528,0.999486182046446,-4.50528350959729
"RRBP1",-0.0205760491229015,20.3022129441733,-0.317699871911293,0.755165559705953,0.999486182046446,-4.99394753589414
"ANKIB1",0.172070798864967,13.4617228193864,0.575406256410984,0.573690228687721,0.999486182046446,-4.92454171010293
"IFT80",0.0683947067941162,14.7035147336783,0.348905757849002,0.732090468041473,0.999486182046446,-4.98761166332032
"CPSF2",0.0235863750831733,20.2614351991004,0.515340207220369,0.613951803786281,0.999486182046446,-4.94414401103663
"KLHL9",-0.19773016789523,15.1903479831752,-0.670457440120673,0.513669974659216,0.999486182046446,-4.88900159109435
"LARS1",0.00448246157468901,22.189773266377,0.0445768943443344,0.965042424519174,0.999486182046446,-5.0242585112093
"TXNDC16",0.0574562478873375,16.6031603894428,0.314563586900517,0.757815262405718,0.999486182046446,-4.9944226952971
"RCOR3",0.0329769092610341,16.4545944567798,0.201441784745898,0.843104709649029,0.999486182046446,-5.01240205497282
"MYEF2",-0.0825530991831229,20.9506282668081,-1.16654822975003,0.261907373979251,0.999486182046446,-4.63165524366746
"KLHL42",0.0896411142065041,16.9111589424946,0.647274759536929,0.528112835706206,0.999486182046446,-4.89803960448113
"EIF2AK4",-0.193549521978216,17.2876502971166,-1.8613095671922,0.0827481225099382,0.999486182046446,-4.11002161908925
"WDR35",0.0875014994617409,15.3226523619473,0.421169983246359,0.679703617790584,0.999486182046446,-4.97072405548692
"CGN",0.0434150103354121,18.8849780864408,0.402068535799518,0.693399313583324,0.999486182046446,-4.9754869769458
"ARHGAP28",-0.287778779606684,12.7791046646608,-0.391436735305203,0.704146872729345,0.999486182046446,-4.97658009025162
"RBM27",0.0682331060259678,18.6691218456362,0.756027952603207,0.461536462198397,0.999486182046446,-4.85362030990878
"KANSL3",-0.00827790304376386,15.5248974507446,-0.0467380033207264,0.963348951398736,0.999486182046446,-5.0241977700665
"HECW2",-0.0114654672126573,14.533811540352,-0.0244765662030709,0.980886414319587,0.999486182046446,-5.02468266162708
"ANKFY1",-0.00902103456395409,20.1101441687314,-0.202972869924565,0.841929495849702,0.999486182046446,-5.01221218043716
"RERE",-0.1002141030648,16.2626537894011,-0.467013781722747,0.647313732275039,0.999486182046446,-4.95842435257882
"SUCLA2",-0.0845750621135899,21.1273267247195,-0.907659198024457,0.378648449500693,0.999486182046446,-4.78091843419302
"WRAP73",-0.231725109598669,15.7261528887586,-0.671102403657222,0.516367054143643,0.999486182046446,-4.88701542762418
"GMPR2",-0.0198540342159035,20.3241713168637,-0.252533590516253,0.804113805237233,0.999486182046446,-5.00529724650796
"STX18",0.131115644766332,18.8230110212671,2.19188510874305,0.0448663936802923,0.999486182046446,-3.82180077520658
"DPM3",-0.0821749851221725,19.3432765477439,-0.784236573436308,0.445313391577291,0.999486182046446,-4.840976725558
"IMPACT",-0.043518112667666,19.109115355385,-0.486485747433939,0.633771507394173,0.999486182046446,-4.95283175538958
"ZNF219",-0.163477242241452,15.3748526731129,-0.667521036754851,0.515486645428709,0.999486182046446,-4.89016240830497
"UVRAG",-0.211449254266803,17.3104629199112,-1.05475515281797,0.308508185821191,0.999486182046446,-4.69977553303612
"ATXN10",-0.032631052832663,20.2327493329233,-0.326837345604341,0.748382697583881,0.999486182046446,-4.99215244859364
"MBD2",0.075796252659309,19.0875241575859,0.685888141462899,0.503422321108758,0.999486182046446,-4.88325072060111
"NCDN",-0.0981912596815455,20.4483026038796,-1.54683336508533,0.143086221977954,0.999486182046446,-4.36410587835777
"TFIP11",0.0023130906857034,18.0667795347228,0.031441432207669,0.975338983603952,0.999486182046446,-5.02456587547326
"EPS15L1",0.0538745298669561,19.4693637643733,0.232403309880404,0.819482198753109,0.999486182046446,-5.00826516642703
"DNMT3B",0.0594231732256922,17.3787089007231,0.63811363386748,0.53318180500463,0.999486182046446,-4.90192615597584
"ORC3",0.0222887914999816,18.6201804568298,0.26504414098916,0.794643472782179,0.999486182046446,-5.00331662688236
"SAE1",-0.000754129446630003,21.8039006362701,-0.0143067690023679,0.988776952643523,0.999486182046446,-5.02480718621339
"COPG2",0.0131819330543408,20.1209659399738,0.25560121482841,0.801788646856979,0.999486182046446,-5.00482034047252
"RNF7",-0.509035179132681,17.2729972171045,-2.10663535962942,0.0556157832544474,0.999486182046446,-3.91699050062523
"PI4KB",-0.0850894169529255,18.5919729072696,-1.2155863991978,0.243240297950695,0.999486182046446,-4.60013283600993
"COMMD3",0.191020682737221,18.2473729124379,0.98704805801503,0.339617677317107,0.999486182046446,-4.73833969979138
"GNG12",-0.0360969963740025,18.8032540037995,-0.146728710061651,0.885372408792497,0.999486182046446,-5.01824073792553
"RABL2A;RABL2B",0.0628760425617045,16.985860277628,0.408886859517849,0.688497567115671,0.999486182046446,-4.97381138739841
"MTRR",0.0256092836617512,17.4554870049644,0.187132698585989,0.854106209529684,0.999486182046446,-5.01410757124814
"UXT",0.10565853315082,18.2179370565645,0.905282767330724,0.379864925913377,0.999486182046446,-4.78214585847581
"ASH2L",-0.0267690122071791,19.2220244892129,-0.602237862878052,0.556161013487016,0.999486182046446,-4.91513115402257
"PEMT",-0.450838146138739,16.0129071067781,-1.26305527398409,0.227705344486129,0.999486182046446,-4.5689829356268
"DHCR7",-0.113777608983973,23.5604861745321,-0.971239375423546,0.3470870522511,0.999486182046446,-4.74707778227876
"HDAC6",-0.0901426636928626,18.1765899335456,-1.1877562223576,0.25370386117733,0.999486182046446,-4.61814141649889
"SPAST",0.0179586165747132,17.3629284062604,0.208880265403221,0.837398830263545,0.999486182046446,-5.01146622118214
"METTL1",-0.0097540641926841,20.4388887812183,-0.141975467912104,0.889020362642707,0.999486182046446,-5.01867070113372
"GULP1",-0.22480269020744,17.8010980089457,-0.694697928462852,0.508300907164211,0.999486182046446,-4.87400453030214
"VPS29",-0.0193379753558602,21.4341270657535,-0.275312111326488,0.78689557245897,0.999486182046446,-5.00162048215514
"EIF3K",0.126890584770351,21.1800121154462,0.502603321485174,0.622811384232689,0.999486182046446,-4.94795792570401
"GRHPR",0.00984396327659454,21.4112325259275,0.118176473338915,0.907522079936253,0.999486182046446,-5.02057363235448
"RPS6KB2",0.0201640485458796,19.1401200236525,0.21827788250663,0.830203668016432,0.999486182046446,-5.01023581539219
"DNAJB11",0.0623373766893955,21.8766676401109,0.98089090823508,0.342461960455689,0.999486182046446,-4.74177432757958
"RNF14",-0.0805453674011432,18.4756274682311,-0.66432190221414,0.516735359809946,0.999486182046446,-4.8918341954676
"UBA2",-0.0143202031569061,22.2556298305612,-0.270603214172042,0.790445927488865,0.999486182046446,-5.00240622506109
"CTNNAL1",-0.0282449490910075,16.5218271745376,-0.25467817825524,0.802488075445793,0.999486182046446,-5.00496443780227
"FAM8A1",-0.139708599356464,18.5127352605509,-1.56641067786256,0.138450080101378,0.999486182046446,-4.34903765279119
"MORF4L1",0.0225552957209594,20.1097432139141,0.249265567329516,0.806592966556296,0.999486182046446,-5.00579904984665
"NXF1",-0.0164781588632863,20.5321020243842,-0.339964319568238,0.738676037208651,0.999486182046446,-4.98948640178882
"SEL1L",-0.0160432990429662,19.744678904412,-0.278527490537849,0.784474084063273,0.999486182046446,-5.00107627858365
"B4GALT7",-0.00223461390834245,17.7497899668777,-0.0174124775976759,0.986340896760136,0.999486182046446,-5.0247768595253
"PEF1",0.101352554440524,18.4188457630473,0.648492016220658,0.52663425290749,0.999486182046446,-4.89797448011626
"ZMYM2",-0.0530911680109334,19.2222885633575,-0.63242910132519,0.536787272605145,0.999486182046446,-4.90406565293474
"COPS7A",-0.0429758260359669,20.3298048261508,-0.475701447004772,0.64125537167537,0.999486182046446,-4.95595614596388
"SLC25A10",-0.105362435547722,22.382907280289,-1.93877268583995,0.0719058224288731,0.999486182046446,-4.04405815405544
"APEX2",0.271140095268372,11.8944804874857,0.837251776017763,0.419154036175237,0.999486182046446,-4.81447831496785
"UQCR10",-0.00245807602258807,22.6726425133938,-0.0343891144910105,0.973027906936933,0.999486182046446,-5.02450614242209
"MTFP1",-0.00543929303928792,20.3736146033581,-0.0711481502099785,0.944235527231774,0.999486182046446,-5.02331217859549
"TJP2",0.0148589134034829,20.0165991922914,0.305001994145066,0.764625966263376,0.999486182046446,-4.99635916334672
"MALT1",0.0279083193449878,17.1809463446588,0.191663265063925,0.850619387481213,0.999486182046446,-5.01358105968492
"CFDP1",0.0751032069230746,19.908284299523,0.621997433853682,0.543438726653887,0.999486182046446,-4.90794575254679
"ZNF629",-0.0609799814856054,16.3828794509631,-0.603498656791706,0.555344472508073,0.999486182046446,-4.91467912075366
"DAXX",0.0898506058093105,17.2925116084152,0.815380234484498,0.427824938131225,0.999486182046446,-4.82654262525219
"FTSJ1",-0.112705454180013,17.5503680476122,-1.10097894508866,0.288548193097608,0.999486182046446,-4.67225717952138
"VTI1B",0.0601959442688553,18.9935742123487,0.508984249325328,0.618291692013184,0.999486182046446,-4.9460986093571
"STK39",0.00544490317109947,18.8861351469987,0.0566014604336194,0.95562226368951,0.999486182046446,-5.02388405561195
"ADD3",-0.0382015716948025,16.0713768001943,-0.0887462961830256,0.930577722547557,0.999486182046446,-5.02243343365203
"FBXL17",-0.0715187195514631,16.4885491951743,-0.542572942157386,0.595527170216739,0.999486182046446,-4.93550922793803
"LRWD1",0.0548153699672476,19.3267222235612,0.732420186345267,0.475390097981096,0.999486182046446,-4.86388337200539
"CNOT8",-0.00327096544497607,17.9612060264776,-0.0402615930634317,0.968424463557578,0.999486182046446,-5.02437119994301
"NIPSNAP3A",0.00569530051753731,19.9991830276499,0.0694301645703547,0.945579712566852,0.999486182046446,-5.02338649468886
"CGGBP1",-0.088483469782318,18.971194284443,-0.660986973670447,0.51881190584463,0.999486182046446,-4.89313909295069
"IFT172",0.21758908578671,12.7260214630934,0.696882951694561,0.49671277045208,0.999486182046446,-4.87877853092068
"PISD",0.00108971113881751,17.781202127507,0.0151324341741833,0.988129305037402,0.999486182046446,-5.02479970326089
"ABCF2",-0.004195202599103,21.3530924992768,-0.0429172278653468,0.966343079465795,0.999486182046446,-5.02430320750509
"TES",-0.130086652376299,20.9288058743064,-1.24734048729932,0.231713942588793,0.999486182046446,-4.57921143443798
"TUBGCP4",0.0497751587786226,17.801185465127,0.488197762659865,0.632587206531654,0.999486182046446,-4.95232960261522
"STAP2",-0.0200771534229496,19.581299185133,-0.291008597873366,0.77509664850386,0.999486182046446,-4.9989049071585
"KDM5B",-0.0112763631495554,16.9977266236296,-0.106292635893008,0.916782262747744,0.999486182046446,-5.02139386332105
"WARS2",0.0294909839328739,19.3992557095317,0.467903906914086,0.646691803889365,0.999486182046446,-4.95817346760435
"PARP2",-0.0682434352637102,16.625347475989,-0.815192716646409,0.427928900961313,0.999486182046446,-4.82663101163739
"LIMD1",-0.0129255043281979,16.3639350329669,-0.0854838649333327,0.933026224093345,0.999486182046446,-5.0226213142155
"POLL",-0.144267122838425,15.5211339799608,-0.493843576123792,0.62921128071084,0.999486182046446,-4.95038197699029
"SEC63",-0.0455746205381899,20.4141543801751,-0.872015688695517,0.397172054161905,0.999486182046446,-4.79903989401672
"ZC3H7B",0.0284711177912946,18.2815763309492,0.236394651236563,0.816377640045628,0.999486182046446,-5.00771253574842
"SUSD2",-0.0397369407225305,19.0362552242219,-0.465000021321268,0.656556879550043,0.999486182046446,-4.95488818999536
"HMGXB4",-0.0645625577379221,16.0840861829406,-0.341668119196617,0.737419497647522,0.999486182046446,-4.98913283717615
"NDRG3",-0.0194239398348159,18.8342762925193,-0.252516308005765,0.804126910259462,0.999486182046446,-5.00529991721068
"APOBEC3B",0.0833453376809832,15.8902471076449,0.228404716308153,0.823654294085174,0.999486182046446,-5.0084752297368
"ARMCX3",-0.11961577722732,19.4419290710637,-1.21601895248936,0.243080346539701,0.999486182046446,-4.59985050202143
"SWAP70",0.00339899625902618,18.2550751705574,0.0428741117000731,0.966376870272314,0.999486182046446,-5.02430434607193
"SUN2",-0.0652603150499331,16.2920247582009,-0.503032126574245,0.622369222727873,0.999486182046446,-4.94790810383375
"RSL24D1",0.201159904477382,18.6487975163174,1.96906822711968,0.0680265761158825,0.999486182046446,-4.01796424563007
"LAMTOR3",0.0396452999530439,20.4362275467369,0.334488430721087,0.742719671232823,0.999486182046446,-4.99061102553448
"NDOR1",-0.216222176366582,16.3140390886833,-1.02348022979336,0.323750338015159,0.999486182046446,-4.71751191487914
"LIMA1",0.0516203048649686,19.2415226558619,0.654476486128717,0.522879448464293,0.999486182046446,-4.89566915195657
"AFF4",0.00657843343303455,18.6384417880042,0.0750286449639983,0.941200004674976,0.999486182046446,-5.0231376391448
"SRP68",-0.0400424968632933,21.7574328099576,-0.782558445030317,0.446268363206449,0.999486182046446,-4.84174039000787
"CHORDC1",-0.0584256539529733,21.685016052182,-0.991647582401264,0.33735874728503,0.999486182046446,-4.73581275615338
"TBK1",-0.0489286050623861,19.3330544561666,-0.979606825703634,0.343074782961632,0.999486182046446,-4.7424824172969
"SEPTIN9",-0.048462479820266,23.2533780309646,-0.836556716134086,0.416189039463826,0.999486182046446,-4.81644689904368
"UBQLN2",-0.0217386544815241,17.2851487058333,-0.162101229009238,0.873425765198408,0.999486182046446,-5.01679088579621
"TRPS1",0.0104246715194662,19.0410686517712,0.151311335172273,0.88178007959483,0.999486182046446,-5.0178295041848
"DCDC2",-0.0177259793411579,17.1679653860716,-0.144899001835514,0.886751930289247,0.999486182046446,-5.01841301545207
"PCYOX1",0.0377493375990383,20.7984091944641,0.646060909445752,0.528163923342232,0.999486182046446,-4.89890541868264
"DDX20",0.00142408755067081,19.7353409992998,0.0326440636430612,0.974396053472568,0.999486182046446,-5.02454215074112
"SHPK",-0.0205133423660584,20.1375345348984,-0.362974772955486,0.721772486579599,0.999486182046446,-4.98456566116484
"NUFIP1",0.38124010995946,14.9164075672686,0.889462762871431,0.389151634178886,0.999486182046446,-4.7897446016008
"DPP7",-0.0318196614132908,19.9866148917461,-0.289954001191779,0.775887622595736,0.999486182046446,-4.99909200071566
"GTF2IRD1",-0.0833408308306858,14.9954903106091,-0.31447124770748,0.758249550387209,0.999486182046446,-4.99429089082503
"POLG2",0.0816224808420181,19.2664592008668,0.82957863101146,0.420000354075588,0.999486182046446,-4.8197986004022
"CEMIP2",0.159848382914387,15.7099212555568,1.00302698143443,0.332019097465407,0.999486182046446,-4.7294480791573
"USP25",0.432582962529345,15.3989759312122,1.99145769404696,0.0652827298217946,0.999486182046446,-3.99858027423509
"NARF",0.0127578407593596,16.7764847469775,0.0333242794522119,0.973869479815626,0.999486182046446,-5.0245280073919
"BCAP29",-0.0644517944482246,17.2843316983957,-0.363861132005815,0.721124288813611,0.999486182046446,-4.98436982915815
"CYB5R1",-0.0328350820432242,21.5943310153118,-0.724315385261373,0.480203771265136,0.999486182046446,-4.86733930936366
"BAIAP2L1",-0.0260687421427441,16.6675278182227,-0.198919225307777,0.845041789177252,0.999486182046446,-5.01271177388936
"SAP30BP",0.00355159709435782,21.0204125291026,0.0280901770019494,0.977966750909027,0.999486182046446,-5.02462728983404
"ZNHIT2",0.0882690757073732,18.6797841382404,0.895052672119779,0.385131887102093,0.999486182046446,-4.78739845759288
"RAPGEFL1",0.121492963456696,14.2224981249013,0.572848438758619,0.579716285150693,0.999486182046446,-4.92299253615463
"MED13",-0.0255692456900647,18.049329638475,-0.354977923140856,0.727630538416623,0.999486182046446,-4.98631142393194
"PFDN2",-0.0440774019942438,20.806636480782,-0.457350917870777,0.654082580610793,0.999486182046446,-4.96111837721736
"GPN3",-0.0313095074374736,18.3658558187561,-0.0693122889879094,0.945690536963551,0.999486182046446,-5.02338964004915
"PUF60",-0.0364205579779409,22.9684136621109,-0.870334368423381,0.398060513299209,0.999486182046446,-4.79987933408767
"NRBP1",0.0232795303474376,20.7228598561285,0.520646851218382,0.610339790055772,0.999486182046446,-4.94249446165896
"ENOPH1",0.0156895744772001,21.7230825191288,0.202819166408617,0.842047456420299,0.999486182046446,-5.01223130608561
"FEZ2",-0.141250466270279,16.4235816548978,-0.525906035342095,0.607331546951859,0.999486182046446,-4.94053653201627
"EVL",-0.048542290752053,15.1455848321732,-0.156757069143125,0.877561717069865,0.999486182046446,-5.01731420237306
"NDUFA12",-0.0249800313228725,19.4992720059246,-0.302440583284389,0.766539084027057,0.999486182046446,-4.99683393043637
"EIF2B4",-0.0385053957420354,20.9118972404539,-0.577222548764705,0.572494555176993,0.999486182046446,-4.92391734848252
"ATP6V1H",-0.0224809364348637,20.5068481569769,-0.281379289507127,0.782328332260486,0.999486182046446,-5.00058840270106
"RABAC1",-0.121015722965009,18.4648778603609,-0.625948185842338,0.540973472512267,0.999486182046446,-4.90644992593064
"TAGLN3",0.0638209242436361,15.5635132913723,0.298628245442939,0.769688962790515,0.999486182046446,-4.9974156054037
"IPO11",-0.0373650896284019,19.0125433435502,-0.435229997358879,0.669696347692719,0.999486182046446,-4.96708182238186
"TRMT112",0.314419126786685,20.2465324122578,0.846265526054645,0.411192236007926,0.999486182046446,-4.8116131771876
"MRM2",-0.0847547185998927,15.442878602794,-0.38042121231113,0.709444713790812,0.999486182046446,-4.98044364929156
"XPO7",-0.0509933194954932,21.0387374790842,-0.821469743603447,0.42445765062549,0.999486182046446,-4.82366266681464
"LCMT1",-0.101961225748884,20.2558706417308,-1.05331142134368,0.309147491722401,0.999486182046446,-4.70061994323877
"VPS51",0.0189196510194556,19.1744292165586,0.362684274713412,0.721984977107877,0.999486182046446,-4.98462974249612
"BAZ2A",-0.107091823003859,17.2105290606141,-0.986495079628542,0.339796445705866,0.999486182046446,-4.73867504807386
"BAZ1B",-0.0537310262341322,19.7582082692815,-0.783343334464978,0.445821546393665,0.999486182046446,-4.8413833913623
"ATP5IF1",0.336696041899287,16.7442739194499,0.894795358134781,0.385453723325854,0.999486182046446,-4.78744613439196
"AK3",0.0292782371628704,20.9665661833239,0.41240963683764,0.68597064751769,0.999486182046446,-4.97293498539336
"SCOC",0.383091908350121,14.8969503125797,1.53380214271548,0.146244527170229,0.999486182046446,-4.37407347677289
"LNPEP",-0.0558530846597378,21.1415737873184,-0.691590217735135,0.499936060702699,0.999486182046446,-4.88093945458236
"MBD1",-0.00372375418278637,16.5963373928169,-0.0217635739346464,0.982928225785198,0.999486182046446,-5.0247243841996
"SIX4",-0.150644456673589,15.6926643084973,-0.641032874763475,0.534927579347629,0.999486182046446,-4.89879984666509
"CNOT7",0.102898473974435,19.3658326685476,1.24003503190081,0.234327144798426,0.999486182046446,-4.58405949305706
"PLXNA1",0.0558192756954305,19.974793933405,1.21047607272337,0.245136201771918,0.999486182046446,-4.60346281531808
"RWDD2A",-0.0605720338529352,14.5571910274338,-0.185832376500543,0.855107550649242,0.999486182046446,-5.0142563754513
"TSPYL4",0.0618939747858889,16.3508137435427,0.250876903179603,0.80624234960831,0.999486182046446,-5.00525446624636
"GGT7",-0.425143743113978,16.317837495965,-1.97546856540538,0.0686375772017401,0.999486182046446,-4.0191709990353
"ST6GALNAC2",-0.15219621348559,14.7840704596704,-0.689703126186657,0.513383196081646,0.999486182046446,-4.87490696286854
"RABGEF1",0.0146595654276673,18.0517064494038,0.195938354937021,0.847332140463433,0.999486182046446,-5.01307277109535
"MSRA",-0.0729877717772744,17.0003115930256,-0.634356256637781,0.535563440600712,0.999486182046446,-4.90334230815256
"NAGK",-0.00583722352011762,21.6311722329524,-0.0879930207223162,0.931065716516293,0.999486182046446,-5.02248740637418
"HACL1",0.0526799296929816,18.4159513836645,0.60538289677152,0.554125369277861,0.999486182046446,-4.91400192245774
"TRMT6",-0.00529441252662721,18.8155463875721,-0.0848914286275903,0.933489185157548,0.999486182046446,-5.02265236669464
"ENPP5",-0.121180282204596,15.5645896059003,-0.724785088725751,0.479924001913517,0.999486182046446,-4.86713997074652
"HOOK1",0.00893758308080805,18.7543430322097,0.118159467254137,0.907535321924149,0.999486182046446,-5.02057486802082
"SH3BGRL2",0.0790408160119203,16.7794575809495,0.415130057664476,0.684021913881453,0.999486182046446,-4.9722532178113
"RASAL2",-0.0117176653193489,15.6103855502392,-0.0815669355063978,0.936087576009845,0.999486182046446,-5.02282261890644
"RPUSD1",-0.0249654290893027,17.0155151990338,-0.148089716300821,0.884277356662049,0.999486182046446,-5.01812581046922
"GNPTG",-0.264504189510276,16.8627135010949,-1.69773566162138,0.112062579603055,0.999486182046446,-4.24843347739441
"TSR3",-0.0716655766375709,18.8424616837796,-0.892690048768767,0.386355259706854,0.999486182046446,-4.78860431117521
"SLC25A13",0.0039019687607933,21.1976039675655,0.0743434294314864,0.94173594831447,0.999486182046446,-5.02316913221064
"TUBD1",-0.0654835677344821,16.3019989724201,-0.42751954887381,0.675176424397683,0.999486182046446,-4.96909349788574
"DBNL",0.0359433817223227,21.3814780853364,0.389582247616245,0.702412512004674,0.999486182046446,-4.97848462178753
"DDX41",-0.0763883428999534,19.795769294913,-1.36000805397724,0.194252187902869,0.999486182046446,-4.50190739334851
"DCTN4",-0.0365813505030808,20.3034685233591,-0.632983719272779,0.536434905643994,0.999486182046446,-4.90385768930079
"CDC23",-0.0923029430239595,19.9594498488222,-1.26329501244965,0.226086406899124,0.999486182046446,-4.56855223539889
"ANAPC7",0.00947102535503319,19.0063138144614,0.13877701508835,0.891503260044692,0.999486182046446,-5.0189466255635
"ANAPC5",-0.0132158594886285,18.9160229027818,-0.203069507669582,0.841855332710909,0.999486182046446,-5.01220014824186
"ANAPC4",0.0748589304944893,19.0753223227805,0.953846400328466,0.355532299513748,0.999486182046446,-4.75652534126353
"ANAPC2",-0.0767804364334381,18.6657080717333,-1.09776590707915,0.289903851349209,0.999486182046446,-4.67419999030049
"HSPB8",0.129112214418548,20.567427868895,0.47673941070006,0.640672572116454,0.999486182046446,-4.95558483311467
"GGA2",0.0264186735434322,18.1735654240554,0.321912409823166,0.752035909234498,0.999486182046446,-4.99312616632632
"GGA1",-0.103335005661386,18.0878856719803,-0.874984111601611,0.395606679080737,0.999486182046446,-4.79755443948488
"STOML2",-0.0227630976788546,22.2523658985131,-0.280504385164882,0.782986434561119,0.999486182046446,-5.00073859879759
"FBXO2",0.193057096223836,17.2398869534845,0.854509838515792,0.407464157219107,0.999486182046446,-4.80724561173483
"NAGPA",0.256162471079076,13.9761071977812,0.74948071255164,0.466197170828739,0.999486182046446,-4.85604143682928
"ZNF580",-0.131248584639431,14.9525083102843,-0.358131204603164,0.725318493735868,0.999486182046446,-4.98562757236571
"NOCT",-0.0018087135687388,16.5492017702862,-0.00957285744635726,0.992490352377405,0.999486182046446,-5.02484198735724
"VPS28",0.166528268330982,18.3074710848903,0.751708911311085,0.464160226548524,0.999486182046446,-4.85546162961843
"LSM7",0.0180503548847923,20.3862603386476,0.0782859583156921,0.938673702997965,0.999486182046446,-5.02298157857752
"ING1",0.124753486813772,16.3443295975832,0.780684644771292,0.447336206057496,0.999486182046446,-4.84259138622064
"SERPINA10",0.415436003520437,16.6207264647203,2.30571262473249,0.0360911210469825,0.999486182046446,-3.71932305011395
"CCNL1",0.0949532731078833,18.0605148566087,0.584864351881748,0.567478282002182,0.999486182046446,-4.9212702522125
"DBR1",-0.0992519577060769,19.5164937335412,-1.10584587701323,0.286503712147718,0.999486182046446,-4.66930587842578
"TASOR",0.0258587696880603,18.2202787889065,0.317626516789105,0.755220097471226,0.999486182046446,-4.99396174485889
"FEM1B",-0.0101734162849283,17.8404584148723,-0.163182929820614,0.872589075950049,0.999486182046446,-5.0166828383816
"JPT1",-0.270477517459803,19.7932311987846,-1.23638957280209,0.236022171757387,0.999486182046446,-4.58651259208876
"FBXO9",0.104885129722643,17.5985820061864,0.466809326913669,0.647477032019179,0.999486182046446,-4.95847124364853
"FBXO3",-0.0924426846690736,17.8401894230092,-0.442279284826011,0.66472041586676,0.999486182046446,-4.96520351412914
"AKAP11",-0.00657989167071094,17.1278679332093,-0.0748146854991835,0.941367350646623,0.999486182046446,-5.02314750388785
"PTBP2",0.079190010734763,18.4714390695473,0.154094447960363,0.879665462178871,0.999486182046446,-5.01755923402879
"FBXW11",0.215308972362031,16.9399931010806,0.681134796269703,0.506423569511028,0.999486182046446,-4.8851170136257
"GMEB2",-0.41214416767415,17.4117473390763,-1.74940311452327,0.102566460738057,0.999486182046446,-4.2071118547108
"MRTO4",-0.00496351340069268,21.1816741407527,-0.0525773281329986,0.958774117675796,0.999486182046446,-5.02401927455497
"CPSF3",-0.0461578587416902,20.6822572717286,-0.661984881225384,0.5181900440962,0.999486182046446,-4.8927492613359
"PITPNC1",-0.155603259420761,18.6414030117798,-0.957141304015421,0.355022692835847,0.999486182046446,-4.75432828954362
"APPL1",-0.00423820082925985,18.6036890097451,-0.0826933550435739,0.935207091903068,0.999486182046446,-5.02276569401927
"CROT",0.122114583336927,17.1235731222208,1.02821024923987,0.320417366329151,0.999486182046446,-4.71515276723354
"TLK1",-0.0558180618387976,16.0668308967705,-0.3667008540965,0.71904908100366,0.999486182046446,-4.98373928721523
"GPATCH8",0.0151355194787435,17.7803582302883,0.153909756730357,0.879766825547104,0.999486182046446,-5.01758589102162
"PARP4",-0.0360762326129596,18.4336883079917,-0.477840035732841,0.639768038931058,0.999486182046446,-4.95534188476262
"NXT1",-0.154783244098795,18.0410654593406,-0.919200393296036,0.373834426347958,0.999486182046446,-4.77447482656234
"NUDT5",0.0272924406964563,22.4184967610499,0.487793634275201,0.63286667207728,0.999486182046446,-4.95244828974297
"RCOR1",0.00581374120732292,20.322484474371,0.0768996678637596,0.939736728376757,0.999486182046446,-5.02305017540372
"MAN1B1",0.0439993683619591,19.0301783229519,0.513399732508286,0.615275199528697,0.999486182046446,-4.94474319382746
"RALY",0.0301438936781828,21.100373120068,0.324257731363899,0.750295428437739,0.999486182046446,-4.99266427525834
"MYO15A",0.147619938157995,19.1416501914265,1.00506211523675,0.331070522935274,0.999486182046446,-4.72830354356144
"GTF3C4",-0.0232844608817047,22.2314218687254,-0.379279687104857,0.709884426428924,0.999486182046446,-4.98088885529082
"ERG28",-0.0787220429319291,20.2964657934782,-0.492892023234456,0.629390188614954,0.999486182046446,-4.95092004069048
"PACSIN3",0.0484236818727695,19.3091248929944,0.765544441976113,0.456023019138195,0.999486182046446,-4.84940091926705
"FBXO5",0.270516563676015,13.0021024320564,1.43343961063037,0.172588119027743,0.999486182046446,-4.44909592919798
"FBXO4",0.0210539737648361,18.0312219633056,0.199145263626141,0.844868171385186,0.999486182046446,-5.01268417896016
"FBXW2",0.161611428837656,16.4347248419122,0.817014283695311,0.426919683076736,0.999486182046446,-4.82577166364785
"ACAD8",0.0016911797427035,18.4179801743107,0.0226841473831109,0.982206239479174,0.999486182046446,-5.02471178800684
"ACIN1",-0.0397076905481839,21.2479414826278,-0.386460760002666,0.704673057220283,0.999486182046446,-4.97921967069575
"AMFR",0.0439014201417542,17.9004632937717,0.601355008998337,0.556733170096324,0.999486182046446,-4.9154471600437
"AGO2",-0.0351332323386941,19.2199759027576,-0.560481226837595,0.583564661182405,0.999486182046446,-4.92960232710238
"NUP50",0.00220739224889499,19.631076202585,0.0328888291275373,0.974204148472447,0.999486182046446,-5.02453721313343
"ZHX1",0.0493516280983215,16.7892198435844,0.262464658469697,0.796593430469637,0.999486182046446,-5.0037327334824
"POMT2",0.00285577554796035,16.7679085023176,0.0209019295032466,0.98360400931466,0.999486182046446,-5.02473570137222
"CDV3",-0.15228470655855,22.3514786477657,-0.660060711915162,0.519591969053538,0.999486182046446,-4.89338667129723
"CNOT11",0.0883060905495903,17.3017789904319,0.751559200108792,0.46413959692061,0.999486182046446,-4.85558538786471
"INTS6",-0.00405777007144792,18.9610871101111,-0.0761449152809974,0.940326973181413,0.999486182046446,-5.02308571637296
"BAG5",-0.00630074945273762,19.5231891162843,-0.094216770231662,0.926204864230481,0.999486182046446,-5.02213856522205
"AGO1",0.0946569737602374,17.619158354106,0.847791186434175,0.410100483604663,0.999486182046446,-4.81099952387176
"RAB21",-0.0123516241310639,22.0539982212171,-0.164461599173155,0.871600235770047,0.999486182046446,-5.01655419443374
"RAB22A",0.0247598901155008,19.4472058346075,0.448931396992664,0.660006219742241,0.999486182046446,-4.9634216546082
"TRAPPC2L",0.0299214647968498,20.2779873794406,0.276143615184711,0.78626915106745,0.999486182046446,-5.00148034680957
"ZNF346",-0.06184557443801,17.2949274147876,-0.442143975383274,0.664798799757145,0.999486182046446,-4.96524848416883
"BLOC1S6",-0.0909991603421503,16.7769421049341,-0.363937366060171,0.721068548882078,0.999486182046446,-4.98435296427888
"PSME2",0.0236025013304335,22.3483014125664,0.240716673963145,0.813088352866247,0.999486182046446,-5.00708117507617
"TAOK2",0.0336466391594605,18.3558176572838,0.464420711561101,0.649127053840695,0.999486182046446,-4.95915260845098
"MKLN1",0.0138481571440039,17.7086039658932,0.203736950384918,0.841343156500709,0.999486182046446,-5.01211689099179
"DNPEP",-0.0272614386971064,22.3591702168254,-0.281548977663792,0.782200712879038,0.999486182046446,-5.00055921875588
"RAB23",-0.0565624915776297,17.6043574781409,-0.587216830212144,0.565938746151542,0.999486182046446,-4.92044880567048
"MCTS1",0.0454366996481426,22.4066199536361,0.400901961087943,0.694239402680883,0.999486182046446,-4.97577092536768
"OGDHL",0.0774099718780832,15.8730109409391,0.611678722240819,0.556305990406236,0.999486182046446,-4.90821415908136
"BRPF3",-0.128143763364996,15.0034027040247,-0.373877862854659,0.71419682979256,0.999486182046446,-4.9819479290169
"WWC3",0.0968075830610005,17.8550210962432,1.10783229789622,0.285672375167957,0.999486182046446,-4.66809840060606
"SLC39A10",-0.0329420605687254,17.7400165664792,-0.300947352217338,0.767655105061493,0.999486182046446,-4.99710889136588
"INO80",-0.0164193922032183,17.6915186002985,-0.206258244499264,0.839409059492285,0.999486182046446,-5.01179993773583
"KIDINS220",0.0910209680240968,17.1061119782711,0.700121357707442,0.494746618192787,0.999486182046446,-4.8774489685974
"ASAP1",0.0795772247765747,18.0700838834188,0.86914952556813,0.398687412889502,0.999486182046446,-4.80047005904013
"MRTFB",-0.0384967031680361,16.816610944645,-0.380971531174253,0.708655277724103,0.999486182046446,-4.98049833963389
"ATAD2B",-0.00304590901425783,17.0022487462364,-0.0211419035699335,0.983415797494741,0.999486182046446,-5.02473259538151
"HEG1",0.22251417925969,19.1366754008363,1.83616891662408,0.091747746559854,0.999486182046446,-4.14757296320636
"ZBTB21",0.0536481904387216,16.8069831099795,0.388918927211403,0.702892638661879,0.999486182046446,-4.9786413011718
"ZMIZ1",-0.104382287813721,16.7341208334388,-0.713840928621617,0.486468124652203,0.999486182046446,-4.8717542755987
"ANKRD50",0.00206194155728312,17.5095591428013,0.0274898738988034,0.978437485992832,0.999486182046446,-5.02463756075105
"MED23",-0.0475748085725236,18.6599318712475,-0.429756869292689,0.673584307562638,0.999486182046446,-4.96851334723765
"PRR12",-0.0504047004573422,16.9545938770728,-0.483273218558554,0.635996597860707,0.999486182046446,-4.95376947803318
"YEATS2",0.134565260734323,18.0694717301348,1.37132683475454,0.190775432554061,0.999486182046446,-4.49388745790521
"CNOT6",0.118506200374636,18.0673842950334,0.914227340952902,0.375300056839958,0.999486182046446,-4.77751181460187
"TBC1D24",-0.0851457426406377,18.9682462394176,-0.776859658609109,0.449520967019412,0.999486182046446,-4.84432290886388
"TPCN1",0.0464631785951202,15.474475138094,0.253881561984151,0.80309184994137,0.999486182046446,-5.00508838549146
"ISY1",0.152180151269562,17.7313564308209,0.7842435099199,0.445309446907483,0.999486182046446,-4.84097356597265
"PPM1H",0.111993177343859,18.7894482781667,1.39260960723864,0.184375114612951,0.999486182046446,-4.4786871882635
"TTC7A",0.0404093101481919,15.2609476443546,0.160770489166563,0.874612197176197,0.999486182046446,-5.01688685628109
"HECTD1",0.00242697459937347,20.2982350227383,0.0677358364002419,0.946905555497052,0.999486182046446,-5.02345800998574
"ZMYND8",-0.0313158837098619,19.0241675592258,-0.29899923278011,0.769111903607704,0.999486182046446,-4.99746560414119
"MYO5B",-0.0319184472836653,18.1224028709113,-0.410045103603223,0.687666322631507,0.999486182046446,-4.97352404052206
"CIZ1",-0.0276577695975746,17.5849541553808,-0.186763872465454,0.854390205761953,0.999486182046446,-5.0141498830956
"CORO1C",-0.0337314536520772,21.9886721856722,-0.520689256916275,0.61031096823115,0.999486182046446,-4.94248121544456
"TPX2",-0.0777613043636514,18.5077780132112,-1.02065744894497,0.323865800955122,0.999486182046446,-4.71947030072177
"ABT1",0.0445987615731163,17.8459460907775,0.307281234450209,0.762924934246852,0.999486182046446,-4.99593339135723
"NOB1",-0.0346209837985114,20.6147674892609,-0.436099778772195,0.669079374403352,0.999486182046446,-4.96685271843741
"AKAP8L",-0.0015073672565542,18.1251061936177,-0.0137722486093714,0.989196232135737,0.999486182046446,-5.02481180672414
"PYCARD",0.0966525294497806,20.0995181611428,0.506269532277297,0.620254139315307,0.999486182046446,-4.94687001695165
"TMCO1",-0.053239469809597,22.3956157030432,-0.566993629782165,0.579245289153483,0.999486182046446,-4.92740952796193
"MGAT4A",-0.0785711895938661,17.0284410483234,-0.242511166823616,0.812613275535004,0.999486182046446,-5.00652029449307
"NOTCH3",0.0822715277664514,17.3085478640888,0.669767653387511,0.513354723647166,0.999486182046446,-4.88969043324411
"MYO6",-0.0354051856626398,19.8619155272786,-0.59044052539476,0.563832660950486,0.999486182046446,-4.91931814006131
"KMT2B",0.0453153170322622,16.6752848747988,0.390548907721945,0.701713055871748,0.999486182046446,-4.97825582798973
"DDX19B",0.0378093149303957,17.8806162649256,0.215246491053004,0.832522929325549,0.999486182046446,-5.01063857047708
"PPT2",0.0382648948341,17.9283149083314,0.156452842800081,0.877972233394777,0.999486182046446,-5.01730436007743
"NFU1",0.342429519249404,18.5248309360333,0.594815599549893,0.561160564399889,0.999486182046446,-4.91767345116767
"PRPF19",-0.0698947934483982,22.6428816958573,-1.05238078405145,0.309560103972307,0.999486182046446,-4.70116376525251
"SYNPO2",-0.075181553860002,16.5676513428478,-0.683592603418379,0.517000352595585,0.999486182046446,-4.8774288360016
"USP18",-0.131449549487433,15.6335420793362,-0.925143294337625,0.386768180794345,0.999486182046446,-4.76490263453946
"UBQLN1",0.312088590620757,17.7051878698665,1.19965989605151,0.249358626930866,0.999486182046446,-4.61048044881846
"NENF",0.229127195380535,17.5438677880323,0.462774337798737,0.650414211949767,0.999486182046446,-4.95954284444618
"NOL7",-0.019612554389596,18.5525115780904,-0.252631302549355,0.804039713073565,0.999486182046446,-5.00528214346601
"SNX12",0.0317511649431275,21.2853209557408,0.456211215632076,0.654883034447703,0.999486182046446,-4.96143256431916
"SYNRG",-0.0135036856813944,15.667102593144,-0.0275988178599045,0.978385047573218,0.999486182046446,-5.02463437165553
"VPS4A",0.0310977796177738,20.3639741598637,0.312694895010638,0.758889716367936,0.999486182046446,-4.99490962334126
"PCDHGC3",0.345227616504321,15.7272533115966,1.54854809548475,0.142674962339497,0.999486182046446,-4.36279055177237
"L1RE1",0.0124429304493034,21.1725305770743,0.214481358827716,0.833108573317274,0.999486182046446,-5.01073934478437
"G3BP2",-0.0185413737076061,20.5266860443741,-0.429692872802023,0.67362982621277,0.999486182046446,-4.96852998250269
"POLI",-0.00524591341852521,15.5179959977796,-0.0254108745122422,0.980067821965649,0.999486182046446,-5.02467141700257
"STUB1",-0.00415043313454788,21.6572259691373,-0.0517252695980952,0.959441575608567,0.999486182046446,-5.02404662740836
"PACSIN2",-0.0634188008744943,19.8779064795407,-0.754305645620897,0.462538671439501,0.999486182046446,-4.85437890583644
"MAGED2",0.0208815279226755,20.5963109016897,0.405574199258677,0.690877277042918,0.999486182046446,-4.9746288755974
"SNX7",0.0599827321560866,17.4196416326023,0.42959267782344,0.673701094336913,0.999486182046446,-4.96855602241225
"SNX6",-0.0475421184332383,21.0492486201759,-0.746789201834135,0.46692815050917,0.999486182046446,-4.85767143489659
"DUSP12",-0.0122308249563439,18.1468142229703,-0.130106238089728,0.898240054460632,0.999486182046446,-5.01966312518782
"ANGEL1",0.00123234586495613,16.958814657631,0.00518522891461324,0.995957770323679,0.999486182046446,-5.02486172651924
"SSR3",-0.145364553295362,19.9038439897087,-1.13619063918225,0.27399997556491,0.999486182046446,-4.65067755363474
"PSMD13",0.0251231401868992,22.4305960146961,0.286927800507633,0.778158772433421,0.999486182046446,-4.99962516126775
"FAF1",-0.0010048369241602,20.2766843664839,-0.0151544405655896,0.988112043450838,0.999486182046446,-5.02479949807583
"PPIE",0.0391618582788347,18.3536184283906,0.391868987441703,0.700758323101784,0.999486182046446,-4.97794249607139
"ABCG2",-0.0743124034106373,18.7297283135145,-0.605113173511419,0.554299791477176,0.999486182046446,-4.91409898185907
"DIMT1",-0.0409980279813738,20.3796400962006,-0.709337324239674,0.489176486312035,0.999486182046446,-4.87363466020955
"TIMELESS",0.0206071551888094,18.3442691785406,0.242032782843457,0.812087444356105,0.999486182046446,-5.00688667130458
"COPS3",-0.0510871610186001,22.2309456491789,-0.662151157249274,0.51808646796499,0.999486182046446,-4.89268425332563
"MINPP1",0.0290290115749414,18.6735610539306,0.409414328917006,0.688118963146387,0.999486182046446,-4.97368062594222
"RPL26L1",-0.0873126719820334,18.8503378038084,-0.823978143635844,0.423075579561231,0.999486182046446,-4.82247089983887
"WDR3",0.0345197010379863,19.9437334765439,0.506150714325351,0.620231211371417,0.999486182046446,-4.94696255256172
"TTF2",-0.0518796288984333,18.9007296235867,-0.932689261146273,0.365996808979306,0.999486182046446,-4.76782541765898
"NSFL1C",0.0137091767052873,20.5150056261933,0.237519925067443,0.815520900456253,0.999486182046446,-5.00754924522851
"C19orf53",-0.0132038622813013,18.1298241565404,-0.097834851840872,0.923380466997068,0.999486182046446,-5.02192483697102
"COG5",-0.0494739081366866,18.8677392694182,-0.595719684212248,0.560392740849542,0.999486182046446,-4.91745406826843
"FLVCR2",-0.0527740144867082,15.6428328070474,-0.0883586173913116,0.931117025471915,0.999486182046446,-5.02242401750756
"AP4E1",-0.0653858585411875,19.5098438649261,-0.939639021832189,0.362536200308816,0.999486182046446,-4.76413693204165
"MACF1",-0.0216679972849043,17.689678712011,-0.270682404726548,0.790386180410959,0.999486182046446,-5.00239312152237
"CEP131",0.00649800870797534,17.7631899355519,0.0656964424389496,0.948501633815753,0.999486182046446,-5.02354174894104
"SCAF8",-0.0471493078346477,17.5687806537973,-0.27080938160746,0.790290382714951,0.999486182046446,-5.00237210296414
"PPP6R1",0.0294491016600631,18.1663094169841,0.22710809417624,0.823457220002153,0.999486182046446,-5.00903082523455
"TRIM33",-0.0195136841704517,22.2068690551136,-0.381895888719005,0.707984072421846,0.999486182046446,-4.98028426329941
"PHF8",0.039025406266493,17.723432748923,0.380223049734097,0.709198956996636,0.999486182046446,-4.9806713144285
"DOLK",-0.436180264764918,18.5493425105745,-1.75757958155095,0.0999284582345683,0.999486182046446,-4.19744628613578
"SMG5",-0.036319972754935,18.5706722319777,-0.414693298740238,0.684334623625822,0.999486182046446,-4.97236296658123
"SETD1B",0.540277061578207,14.392555685905,2.11826411362429,0.0528706043602043,0.999486182046446,-3.89646395044956
"EXOC7",-0.0241691034997729,19.5856913470191,-0.353596316520145,0.728644423122614,0.999486182046446,-4.98660919330835
"ZC3H4",-0.108334932270012,17.3897243391145,-0.749628205077719,0.465267226735294,0.999486182046446,-4.85643129525825
"USP22",0.0105142437092383,18.6843530569691,0.062652607360451,0.950886303586713,0.999486182046446,-5.02366178342186
"USP24",-0.0164598548580202,19.0937961995938,-0.321503164612684,0.752339756275565,0.999486182046446,-4.99320642694738
"TBC1D2B",0.0504656114769162,17.3232583362113,0.564252992499676,0.581061005187303,0.999486182046446,-4.928335232171
"AGTPBP1",-0.347904124250537,15.2214393886128,-2.08852215421079,0.0545164585916789,0.999486182046446,-3.91364599569652
"SATB2",-0.0855165935302225,14.278433198019,-0.410839096211026,0.691068389496373,0.999486182046446,-4.97137870340596
"DICER1",0.0739714417141286,18.7293070848535,1.49550752993573,0.155868006248832,0.999486182046446,-4.40306998833286
"SLC7A11",-0.262678216017832,17.0396326942086,-0.892710303296614,0.388667878485293,0.999486182046446,-4.78756095842448
"WASF3",0.0865215162989692,15.2326159683356,0.684234600674245,0.508308239284926,0.999486182046446,-4.8817609447041
"MAPRE3",-0.171942446419518,18.5516770911934,-2.17192012329456,0.0465970448169145,0.999486182046446,-3.83964033833451
"HPS5",-0.0726678089395421,16.3101882585096,-0.550703026138986,0.590081060586324,0.999486182046446,-4.93284998821582
"SHOC2",-0.0324187885217242,18.7794763290753,-0.591882974178828,0.562891640973285,0.999486182046446,-4.91881034917061
"SRRM2",-0.0325167019855179,21.4700555905572,-0.481729463039683,0.637067141476565,0.999486182046446,-4.95421798154274
"NEU3",0.45302980964699,15.1324290407546,0.756691526155207,0.461387509593157,0.999486182046446,-4.85320073242038
"MGAT4B",0.116830071268893,16.3724347734527,0.853739153761121,0.406900745535385,0.999486182046446,-4.8080899728307
"PA2G4",-0.043940409070057,24.9985655589453,-0.611581386442912,0.550125177237895,0.999486182046446,-4.91176032314509
"SPG7",0.0421225667791774,19.7515919738185,0.672377969539328,0.511738799393519,0.999486182046446,-4.88865718076948
"CTNND2",0.172697431025217,16.3786343595543,1.14776846774922,0.269339207490101,0.999486182046446,-4.64346790304391
"BAIAP2",-0.0718296829780982,20.5234543322906,-0.953811368436117,0.355549452785508,0.999486182046446,-4.75654422674805
"SMC3",-0.0196532669323766,21.0020801202953,-0.335127932098794,0.742247028328839,0.999486182046446,-4.99048060781038
"CHMP2B",-0.181921121512527,18.6156011808362,-1.20469978209883,0.247292932421364,0.999486182046446,-4.60721426523091
"SCML2",-0.134590985694803,18.430175843974,-1.56179294359527,0.13953195734603,0.999486182046446,-4.35260184069627
"ZNF148",-0.0449132444187015,17.6863282987212,-0.371122829902623,0.71582215188723,0.999486182046446,-4.98274790977923
"MTMR6",-0.064772147867096,18.1902811718436,-0.980094931270315,0.34284174571048,0.999486182046446,-4.74221334822077
"NIP7",-0.00577013429735374,19.8129916530165,-0.101975923226423,0.920149117573135,0.999486182046446,-5.02167035012765
"GNE",0.109864707042615,17.3896495813072,1.06494279006701,0.304024384108564,0.999486182046446,-4.69379080628744
"RTRAF",0.0267211857303202,21.0100118037487,0.111786965558365,0.912529401285986,0.999486182046446,-5.02102053114518
"RUVBL2",-0.0132847764109485,24.3708613607954,-0.274185314389193,0.787744698768464,0.999486182046446,-5.00180971938227
"CDYL",-0.189468195978382,17.4400288705902,-2.10585618496334,0.0527747504654166,0.999486182046446,-3.89833668307483
"PIN4",0.0729009512953844,20.0848534092484,0.222905609603765,0.826727273967507,0.999486182046446,-5.00959139749365
"HIGD1A",-0.19210947806538,19.769333560797,-1.29277376944783,0.216086123853596,0.999486182046446,-4.54863256914198
"FAM50B",0.179304976260253,14.2422890272684,0.660999759051723,0.520377594505137,0.999486182046446,-4.89225062698145
"GINS2",0.112742983723063,16.465863352622,0.342959017118755,0.736497979751646,0.999486182046446,-4.98885075393206
"PRELID1",0.179071030547281,18.0282936098915,1.69976999691917,0.110156848205958,0.999486182046446,-4.24357960636207
"RCE1",-0.107858848394692,19.2414190483118,-0.695655357328269,0.497493755519521,0.999486182046446,-4.87926190535352
"EIF3L",-0.0664198792414048,22.3997714835258,-0.99809659535532,0.33432518107692,0.999486182046446,-4.73221301494296
"PLAA",-0.0803472202478304,20.1056743529081,-1.24817981983575,0.231415177038371,0.999486182046446,-4.57865311410758
"RUVBL1",0.0248196305747364,24.1567255927957,0.537734338115191,0.598780393635645,0.999486182046446,-4.93707414378096
"NUDC",-0.0171682248190344,22.1397993560415,-0.246696491611992,0.808543407561644,0.999486182046446,-5.00618899604929
"BCS1L",-0.00065725331733546,19.6001503776799,-0.0115542224516227,0.990936092669496,0.999486182046446,-5.02482910037279
"VDAC3",-0.0812381158334397,22.6700099390598,-1.03722088908154,0.316338083483086,0.999486182046446,-4.70996828017478
"CFL2",-0.0890788051603337,20.0628391100276,-0.65992348350763,0.519475104820788,0.999486182046446,-4.89355395024557
"ERGIC3",-0.134137779234315,18.6392787727882,-0.725854267898488,0.479357693404083,0.999486182046446,-4.86664736685102
"WDR83OS",-0.031384285694136,12.0659833749475,-0.10345749125861,0.919932037256924,0.999486182046446,-5.02143458717301
"FARSA",0.0308398001786792,23.0886109665787,0.550363824940048,0.590307774592868,0.999486182046446,-4.93296168180384
"ITM2B",0.0478570265752225,17.2564493003703,0.299471484682282,0.768758671962908,0.999486182046446,-4.99737934093526
"SLC5A6",-0.109489279870395,20.3213419845705,-1.25571727151126,0.228745697741221,0.999486182046446,-4.5736270828333
"MRPS33",-0.0734149804500674,20.0117508226597,-0.796753011329013,0.438231332556519,0.999486182046446,-4.83523528254379
"ASF1A",0.0899693902837733,19.8192577947874,0.862100768717395,0.40243046348628,0.999486182046446,-4.80397002150218
"DRG1",-0.00785857918215882,21.8270352229789,-0.133902930674759,0.89528916976961,0.999486182046446,-5.01935505727934
"TRAPPC4",0.0179251998696373,20.9330668698739,0.280090751013918,0.783297629576256,0.999486182046446,-5.00080944759231
"BTRC",0.0327212357999418,13.3287694233546,0.123064100462149,0.903836963111221,0.999486182046446,-5.02018988339289
"NCKAP1",-0.0501906842802207,20.9265747771956,-0.559706027034016,0.584079917235559,0.999486182046446,-4.92986175940324
"CNPY2",0.154351605388221,20.5866043942519,0.779941357075574,0.448005305739451,0.999486182046446,-4.84279981666692
"EXOG",0.201826430953883,15.0065857079845,1.0222039469561,0.323157539792529,0.999486182046446,-4.71858834695745
"CA5B",0.110646946713882,17.4755384137721,0.255019424583503,0.803652928277565,0.999486182046446,-5.00441748749928
"EXOC6B",0.0134847302313936,18.0664468031134,0.206472618460827,0.839244661390568,0.999486182046446,-5.01177281031774
"DIP2C",-0.0985664545021123,16.1686808015845,-0.563070386321235,0.581845408389256,0.999486182046446,-4.92873337903969
"MAN2B2",0.159693064376182,16.8138007103245,0.672255853938502,0.512559178362323,0.999486182046446,-4.88828835539519
"ICE1",-0.109676296288614,15.9291088640951,-0.716899240022075,0.484634041794312,0.999486182046446,-4.87047120692789
"ATP11B",0.121046177925562,16.1624692698927,1.2043720902117,0.247415723258827,0.999486182046446,-4.60742668868409
"POFUT2",-0.0311581553387192,17.3477296138469,-0.106381857897979,0.916725839007658,0.999486182046446,-5.02138599680247
"DNAJC16",0.0103235695776362,16.7294473846014,0.0592143705686239,0.953576139688523,0.999486182046446,-5.02379092255204
"SBNO2",0.535152711393774,17.3158727840416,2.24208455580033,0.0408170821633279,0.999486182046446,-3.77715637719126
"DLGAP4",-0.046948120720959,16.7962106787296,-0.356430532192475,0.726565116578179,0.999486182046446,-4.98599712987834
"STK38L",-0.152245559164413,16.738372031233,-0.940764898631745,0.361977709918031,0.999486182046446,-4.76353722924687
"INPP5F",-0.0870624980562482,16.6433323869956,-0.669402330811218,0.513581111585991,0.999486182046446,-4.88983474693236
"PLEKHA6",0.0197443926806322,20.512739501305,0.291815282438005,0.774491788643167,0.999486182046446,-4.99876134408083
"FNDC3A",-0.140834383194306,16.8975927793276,-0.938748174932617,0.36297852634651,0.999486182046446,-4.76461101892043
"NISCH",0.0293152580153304,18.8920160765125,0.411053272712836,0.686943122591687,0.999486182046446,-4.97327328513382
"PIKFYVE",0.209321389293807,15.7868085655238,0.798060476473231,0.437495686113224,0.999486182046446,-4.83463090473318
"WDR37",0.0231253392719921,18.8404897766664,0.330893212831687,0.745378815605674,0.999486182046446,-4.99133968370541
"TBC1D30",-0.100217062786591,17.7500410845508,-0.982068557617335,0.341900612451706,0.999486182046446,-4.74112425728893
"AMOTL2",-0.232779625892297,14.4672177018857,-0.951195035060273,0.356832162647816,0.999486182046446,-4.75795304288772
"PADI2",-0.0120032618617643,19.6639886281638,-0.171725118161154,0.866843354552194,0.999486182046446,-5.01559522526507
"ZBTB1",-0.0630996947997851,16.3724419455631,-0.408904354524262,0.68848500826701,0.999486182046446,-4.97380705294333
"SIK3",0.092773484401242,16.0174775934963,0.139420111738321,0.891538517625055,0.999486182046446,-5.01878424987078
"KDM2A",-0.0642162594688429,20.6670467471614,-1.12264232550272,0.279530934068631,0.999486182046446,-4.65904288820262
"DIS3",-0.0466616979672914,20.6387625098459,-0.70418112786983,0.492288287619089,0.999486182046446,-4.87577428316271
"TRAPPC8",0.038618963572123,16.8198150071969,0.38049187243117,0.709003671681607,0.999486182046446,-4.98060922730192
"LRCH1",-0.0759204884592002,19.3336657695539,-0.640097947482686,0.531926426292203,0.999486182046446,-4.90117515456541
"RCL1",0.0175553525485803,19.4890923522958,0.254157827164393,0.802882447238917,0.999486182046446,-5.00504544407665
"GSTK1",0.00758523725487592,20.1065508467584,0.0777729258376033,0.939053853565436,0.999486182046446,-5.0230086171418
"LAMTOR2",0.109170724420309,19.2242766253663,1.26458546932943,0.225635977033265,0.999486182046446,-4.56768582687768
"MRPS28",0.061911055049567,21.4044432858791,1.41255924510192,0.178536053797516,0.999486182046446,-4.46429861368201
"COA3",-0.150151421492549,19.5063566908075,-0.894218058647227,0.385652239824602,0.999486182046446,-4.78778540937721
"DDX52",0.0454266445250369,19.7996558839981,0.738458105419085,0.471823076136427,0.999486182046446,-4.8612862884131
"MRPS17",-0.0759179394044729,20.9126710311452,-0.595495760662098,0.560538421992497,0.999486182046446,-4.91753345016117
"MRPS7",-0.0110259331576259,21.6196859989648,-0.191039134969407,0.851099541708757,0.999486182046446,-5.01365433462644
"CRYL1",-0.0431269121127968,20.4597138884181,-0.564137502262733,0.581137583874095,0.999486182046446,-4.92837414874274
"TMA7",-0.601063759330524,12.9436786989644,-0.789211469169275,0.443669907707144,0.999486182046446,-4.83809120910715
"POLDIP2",-0.0338179560972804,21.7512671295325,-0.622262311204051,0.543269275937541,0.999486182046446,-4.90784797000794
"AP3M1",-0.0110741750650512,20.089456024034,-0.112079389390763,0.912271434700246,0.999486182046446,-5.02100527991069
"YBX2",-0.0107981477163896,18.2040564605906,-0.0796019363282396,0.937623755494762,0.999486182046446,-5.02292005580805
"MAP3K2",0.0641315259542488,17.9856465434589,0.278209518688384,0.784737391107677,0.999486182046446,-5.00112148180612
"LEMD3",-0.0401001692914136,19.0556297477336,-0.61354402036021,0.548861873426671,0.999486182046446,-4.91104613946004
"KLHDC2",-0.00113929273952706,18.0481325239158,-0.012383887360376,0.990285282183951,0.999486182046446,-5.02482298618709
"CDIN1",0.196971533471272,13.623552703233,0.339801346578737,0.74007159166942,0.999486182046446,-4.98896793481175
"CARHSP1",0.150754240435163,20.0317730774847,1.55573254619017,0.140962721858819,0.999486182046446,-4.35727018797608
"COG6",-0.00719453252116153,18.8963819830123,-0.102923549287527,0.919409871179289,0.999486182046446,-5.02161063420384
"THRAP3",0.0100058747603455,22.0101298595698,0.139136570974163,0.89122408459039,0.999486182046446,-5.01891591982955
"WBP11",-0.152557746086114,20.0828969510598,-1.40405989086991,0.181004917686408,0.999486182046446,-4.4704451809462
"TDRKH",0.0602382457142845,19.6604711684017,0.96027671594201,0.352393476362578,0.999486182046446,-4.75304902291544
"MED16",-0.121052519371201,18.5284594438567,-1.48780454754761,0.157866591698438,0.999486182046446,-4.40884838069474
"NOP58",-0.0655627819522131,21.2950615034949,-1.04981358177614,0.310700394263756,0.999486182046446,-4.70266193002458
"GIT1",-0.103036091277815,18.9430429147987,-1.73044726282404,0.104409039178517,0.999486182046446,-4.21867323602259
"ZNF281",-0.20177315488036,16.4934601913371,-1.63791395396877,0.122589177916425,0.999486182046446,-4.29308394344277
"ARL2BP",0.208177510530234,17.8146092199883,0.752659331157461,0.463623351174101,0.999486182046446,-4.85503515326226
"POLR3K",-0.0227394468910909,16.6981348939756,-0.0942871361268405,0.926469740822819,0.999486182046446,-5.02209044552823
"SUGT1",-0.108020052251437,22.2525973048943,-1.64620891444043,0.120854529558086,0.999486182046446,-4.28650279575627
"MTO1",-0.0673402264878611,17.8847754289747,-0.929534334577395,0.367575282560789,0.999486182046446,-4.76949226056261
"YARS2",0.0141301884167326,18.6640867580094,0.187966037923111,0.853464614915545,0.999486182046446,-5.01401166500065
"COQ6",0.017999293560564,19.3095776713113,0.197862629502021,0.845853460054212,0.999486182046446,-5.01284035142934
"AMDHD2",0.047740773989883,19.087538228064,0.694755395432947,0.498006986220505,0.999486182046446,-4.87964897279269
"ACOT9",-0.0485421078915742,20.0113749354905,-0.50188898557904,0.623153809726149,0.999486182046446,-4.94825330939208
"AAR2",0.0170583178295978,19.5153422071306,0.0698078971229565,0.945302875934113,0.999486182046446,-5.02336839636987
"NOSIP",-0.0284227175031226,20.5304712969666,-0.44248378780887,0.664558496648813,0.999486182046446,-4.96515766078284
"DERA",0.0992716413934716,17.760461462251,0.937697922966421,0.363500479604418,0.999486182046446,-4.76516945325684
"MEMO1",0.0385030089495615,19.9212554796917,0.483645300267669,0.635738696885361,0.999486182046446,-4.95366117297306
"TMX2",-0.104617720501363,20.0190868502589,-1.67478868571292,0.11503936567927,0.999486182046446,-4.26369028466318
"LSM2",0.0264600612784456,21.0364752122891,0.305691167721794,0.764111492675244,0.999486182046446,-4.99623075105459
"SNX24",0.0513658339979983,18.8734297105128,0.739215462655503,0.471376804452361,0.999486182046446,-4.86095917540647
"STARD10",0.038869743443037,23.8007065830749,0.508649687721965,0.618520542764198,0.999486182046446,-4.94620085577988
"SH3GLB1",0.00364190802658015,18.0678691907795,0.0347486660746276,0.972746023745479,0.999486182046446,-5.02449849035764
"NDUFAF1",-0.0839947353194539,17.7971349195657,-0.970635968179348,0.347377661545651,0.999486182046446,-4.74740791138126
"CAB39",0.0393442238190183,20.2907171556437,0.522613327673576,0.609003940162863,0.999486182046446,-4.94187911961609
"LUC7L2",-0.0438055620401663,22.0283421229003,-0.414673697728496,0.684348658919507,0.999486182046446,-4.97236788930329
"UBE2J1",-0.0903613763461628,18.2992719186492,-0.666835504400192,0.515173373708191,0.999486182046446,-4.89084668908569
"RBMX2",0.235283125795757,16.9237900837279,1.2738510161639,0.222422613706048,0.999486182046446,-4.56144639579292
"DHRS7",-0.0590301148100636,20.2065323623669,-0.639202166835846,0.532492938312219,0.999486182046446,-4.90151444633374
"MRPS2",-0.0806555735875882,21.4996899696634,-1.13091850762611,0.276142384434423,0.999486182046446,-4.65394198603692
"COQ4",-0.00142054831771077,16.8355080572879,-0.00959757702121567,0.992480213355414,0.999486182046446,-5.02484171054344
"UTP11",0.159072548343339,17.4492903700795,1.35364371651679,0.196229542741082,0.999486182046446,-4.50639710853274
"MOB4",-0.0650185993636931,19.8992325312193,-0.720522515581632,0.482466511742104,0.999486182046446,-4.86894470340805
"RRP7A",-0.0520125679157957,19.1369073044929,-0.523558519102864,0.60836237249275,0.999486182046446,-4.94158257143627
"SBDS",-0.0191394971674796,22.146599417485,-0.425191823240133,0.67683458081031,0.999486182046446,-4.96969398889931
"TMED5",-0.0167412768870676,21.244231695655,-0.258286638286977,0.799754773734619,0.999486182046446,-5.00439818591619
"PRELID3B",0.259663762673839,17.5290780813009,2.5614596191624,0.0219134177732491,0.999486182046446,-3.48577258082218
"EXOSC1",-0.0209974269863267,19.6999214495174,-0.172737775208627,0.865205409111813,0.999486182046446,-5.01569739826862
"TMED7",-0.10206882440162,20.9474877097047,-1.23689282835005,0.235458194637039,0.999486182046446,-4.58613836479906
"SF3B6",-0.0244241453451224,22.0082070462868,-0.270604873940309,0.790444675225764,0.999486182046446,-5.00240595046058
"EMC9",-0.015481371452335,18.5991713113266,-0.114804556811507,0.9101482124156,0.999486182046446,-5.02081516778443
"MRPL11",0.0115338113283698,20.8190824986426,0.150036916353411,0.882767807226894,0.999486182046446,-5.01794747703823
"REXO2",0.0319016798213703,19.7570423784585,0.322017048687116,0.751958226170993,0.999486182046446,-4.9931056286284
"RRP15",0.100014016222175,19.4172709203986,0.685477735564043,0.503696613261518,0.999486182046446,-4.88340366233929
"WASHC3",-0.0626485440628706,17.9276176375039,-0.252583300470799,0.804108079748566,0.999486182046446,-5.00527860002441
"NOP16",0.00447281461324422,20.6427894275529,0.0342570619850755,0.973131435109804,0.999486182046446,-5.02450893281712
"TPRKB",0.0127882709543314,19.8495285808581,0.175713396571898,0.862908564996733,0.999486182046446,-5.01537912471034
"PPIL1",-0.0952993822494683,21.3457298822227,-1.30397099287385,0.212226367179207,0.999486182046446,-4.54094074193939
"MED31",-0.124147874536508,17.717026371254,-0.905866594549136,0.379565823706002,0.999486182046446,-4.78184456523614
"UFC1",-0.0880939487232304,20.4499886779514,-0.603173883902638,0.555611417881575,0.999486182046446,-4.91476373483702
"CIAO2B",0.312904781717489,18.8131004760141,1.63526441345271,0.123278960851162,0.999486182046446,-4.2954084546851
"MSRB2",0.113250133667822,18.1687887911083,0.891435674770375,0.387005841347005,0.999486182046446,-4.7892434234821
"MRPS16",0.0430274741281309,20.6001890181549,0.253376482296833,0.803506803413204,0.999486182046446,-5.00515574462223
"MRPS18C",-0.0343061632004833,17.6708095381066,-0.14841496298716,0.884037646167202,0.999486182046446,-5.01809353444596
"FIS1",0.0692192611500033,21.439104856423,0.447918879160616,0.660760503344169,0.999486182046446,-4.96367520743556
"PAM16",-0.0593556948959133,19.726437452377,-0.317073535433039,0.755678526225269,0.999486182046446,-4.99404933091298
"AK6",-0.026390534945218,19.19105734478,-0.130988830160604,0.897572773316888,0.999486182046446,-5.01958874330507
"MRPS23",0.0750610853485369,21.9168107055555,1.18253989955889,0.255703076763825,0.999486182046446,-4.62148223096208
"GOLT1B",-0.198017832196665,19.283977713937,-0.831074300041613,0.419444610254798,0.999486182046446,-4.81895218196088
"BOLA1",0.305706187917636,17.8322652131798,0.963038927955979,0.351358804754565,0.999486182046446,-4.75143488332696
"PTRH2",-0.0457826526721767,22.2012584219757,-0.91269632151049,0.376078749388287,0.999486182046446,-4.77830774886387
"CHMP3",0.0518346239402412,20.4582803455068,0.454486192731285,0.656095413584642,0.999486182046446,-4.96190667739181
"STRAP",-0.00109649836118564,21.7657946380917,-0.0136506919300659,0.989291582045232,0.999486182046446,-5.024812832936
"RTCB",0.0520398002581857,22.2012659567604,0.524676838690633,0.607603720382231,0.999486182046446,-4.94123104936531
"FBXO7",0.000414382167292615,18.8999858932325,0.00343726465508365,0.997303520585635,0.999486182046446,-5.02486656203278
"SH3BP1",-0.124760942899389,15.9898816970303,-0.851303687331741,0.408208923984371,0.999486182046446,-4.80928345230159
"RAP2C",-0.214930814855208,19.960864714579,-1.04946415854571,0.311190336735938,0.999486182046446,-4.70277931036252
"STARD13",-0.129964608627844,17.02426290312,-0.877923474189203,0.3950665151412,0.999486182046446,-4.79561829920297
"RABGAP1",-0.0627926271957868,20.2859023614747,-0.98455103755674,0.340719423431185,0.999486182046446,-4.73975180875609
"TMED3",-0.110402596501633,18.3928516763512,-1.31042454823222,0.210090896991698,0.999486182046446,-4.53650338377776
"TSC22D4",-0.0838219006562539,17.7086644618469,-0.704582294840751,0.492045760499281,0.999486182046446,-4.8756083219514
"DOP1B",0.0260413961736781,18.9133070290187,0.326843018559482,0.748378493083238,0.999486182046446,-4.99215131863264
"ZNF330",-0.187860335398067,17.4509171742587,-0.658549705259013,0.520425284829239,0.999486182046446,-4.89403678772441
"R3HCC1",-0.000854977581290939,17.596284369424,-0.00404559444163631,0.996826298121304,0.999486182046446,-5.02486516064567
"NOC2L",-0.0478817202579656,20.5231047979519,-0.900496242940998,0.382323155013648,0.999486182046446,-4.78460979808323
"RPL36",0.0466069974952497,23.0566273949681,0.192741555853769,0.849842467349486,0.999486182046446,-5.01343969479761
"RWDD3",0.269556634308534,13.0828469850211,0.852066937691782,0.411206820636331,0.999486182046446,-4.80728168956491
"CCDC9",-0.109935890600891,19.2827175821726,-0.920377072893647,0.372183329037635,0.999486182046446,-4.77430338195153
"CHTOP",-0.0205878457488211,19.3036869305647,-0.116398191318906,0.908919018697065,0.999486182046446,-5.02069984216394
"SAMHD1",-0.00320956946722006,20.1021349529158,-0.0655366811611357,0.948626676533185,0.999486182046446,-5.02354820082633
"FAM32A",-0.186981777676092,17.6088001749819,-0.851383719329454,0.408199177328154,0.999486182046446,-4.80922830200696
"PKP3",-0.010915340675254,21.6219857540488,-0.192275406033297,0.85014851612035,0.999486182046446,-5.01350896179313
"KNSTRN",-0.0716343510240911,16.9064823626546,-0.486112530191986,0.634029821317524,0.999486182046446,-4.95294100045581
"HBS1L",-0.0918700724679056,19.6279109939452,-1.33871620830451,0.200931283955698,0.999486182046446,-4.51687141255732
"PRKAB1",0.0944545112309569,18.3114076584828,1.02076828105975,0.32381500523326,0.999486182046446,-4.71940713014686
"MTF2",0.106045153071994,13.8336184071391,0.298125359908555,0.770409945852955,0.999486182046446,-4.99737195649373
"WDR45",-0.0103721847502598,17.3218688059076,-0.04535594938865,0.964431926328552,0.999486182046446,-5.02423694599434
"DMXL1",0.113395543198564,16.1917551642066,0.452837646387391,0.657254979305763,0.999486182046446,-4.96235815890344
"ATP6V0A2",0.0314292623371131,19.0193901295527,0.407517242725039,0.689481045218632,0.999486182046446,-4.97415015800391
"TLN1",-0.0418341861222231,20.4770373469355,-0.689326191245272,0.501318595188009,0.999486182046446,-4.88185923573939
"KIF3A",0.0427543935429036,18.9225602947622,0.548253121299225,0.591719513193397,0.999486182046446,-4.93365524526356
"TRRAP",-0.0303009310539437,18.9274723855213,-0.60508193682849,0.554319993249662,0.999486182046446,-4.91411021971881
"DCAF1",0.00238951984254498,19.3494362507041,0.0485148480286643,0.961956729178522,0.999486182046446,-5.02414567645917
"KDM3A",-0.10965383549525,15.5792599826363,-0.729836507100445,0.476921437945037,0.999486182046446,-4.86498882836429
"TCAF1",-0.0237695650330423,19.891040087574,-0.437663075562992,0.667971081222019,0.999486182046446,-4.96643983175898
"RBM19",0.0680259927832054,18.4385475157371,0.981507813889141,0.342167820043881,0.999486182046446,-4.74143387167252
"DAAM1",-0.00336014331467993,17.7815947531265,-0.0360146622491616,0.971753531419668,0.999486182046446,-5.02447091378895
"HECTD4",0.0688900492544047,15.6938319175125,0.552199452445677,0.58908141398076,0.999486182046446,-4.93235646461598
"WASHC2C",-0.0719895954549585,15.4896424503074,-0.160220207414433,0.874901033376269,0.999486182046446,-5.01697251837429
"ZNF451",-0.239788129027632,15.5372431742606,-1.17501250272869,0.258609311083465,0.999486182046446,-4.62628372993494
"WDR7",-0.0422775921969425,17.7412904198001,-0.562184399347161,0.582433426877007,0.999486182046446,-4.92903114896014
"USP15",0.0420574716495281,20.5665951585022,0.481383708816255,0.637307025474437,0.999486182046446,-4.95431824468696
"FARP1",-0.0737295208281186,15.0328944128786,-0.393432547706258,0.699628170911482,0.999486182046446,-4.97757004450139
"CEP170B",0.0050391199246036,17.8520323873922,0.0460891523507737,0.963857380664128,0.999486182046446,-5.02421630887352
"TLN2",-0.041186412909056,16.093381300959,-0.185788844909934,0.855141077560579,0.999486182046446,-5.01426133922092
"MYO5A",0.0435419628831184,18.1579568051919,0.497404503415769,0.626236261026482,0.999486182046446,-4.94960030973742
"DTNA",-0.167409187007891,17.1156921857915,-1.61947421840261,0.126522332194173,0.999486182046446,-4.3076481237983
"CRYBG1",-0.0813374550305035,17.0041434617655,-0.955657487941176,0.354646290592246,0.999486182046446,-4.75554820801507
"TRAF6",-0.0181314994414166,17.4392107258219,-0.165931407098222,0.870463855260163,0.999486182046446,-5.01640508652202
"MAP4K5",0.0604779138507041,18.580128458945,1.06454852991858,0.304197013413786,0.999486182046446,-4.69402326530295
"HYOU1",0.0397940418157035,23.5305424796286,0.765744965815969,0.455907285809682,0.999486182046446,-4.84931150567836
"RNF115",0.282037949111864,16.4656490060651,0.598083136225786,0.5590370086905,0.999486182046446,-4.91651287092679
"ATG4B",0.0160158575001041,20.5997618415091,0.145971179630762,0.885920260329192,0.999486182046446,-5.01831720074413
"TBL2",-0.0481941575026354,21.9854459371339,-0.828531852015639,0.420574035667089,0.999486182046446,-4.82029927640519
"WIPI2",-0.0822162837090374,18.1874740394854,-0.904388259695535,0.380323503989004,0.999486182046446,-4.78260716339597
"TELO2",-0.0388594972646779,19.8608167131328,-0.537125505686139,0.599190370430732,0.999486182046446,-4.93727011598465
"MMACHC",0.104802435394209,16.5056383409106,0.890539191388723,0.388492579652124,0.999486182046446,-4.78924285666637
"LAS1L",-0.00615293667720351,21.0494135785878,-0.0692072989330848,0.945754099601945,0.999486182046446,-5.02339600236613
"AFG3L2",-0.0345077483368392,21.2596377198491,-0.694543364224578,0.498136075637758,0.999486182046446,-4.8797355880065
"AMMECR1",0.0593427961022606,18.2922344738164,0.38431629372585,0.706227727567734,0.999486182046446,-4.97972132149766
"ARIH1",-0.121968601065188,19.278630086516,-0.86155757860836,0.402719872732055,0.999486182046446,-4.80423871570291
"LSM5",0.310079940586242,17.9473074797342,0.785618142421541,0.44477522826411,0.999486182046446,-4.84021796443747
"LSM4",-0.0714409020345208,20.9138915053386,-0.422849689941364,0.6785606414514,0.999486182046446,-4.97026721529883
"RNF114",-0.064137876745832,20.843470854963,-0.357859455029515,0.725571537515488,0.999486182046446,-4.9856625827517
"SAMM50",-0.0640276069803107,21.3645488326587,-0.618932996015702,0.545401258411896,0.999486182046446,-4.90907421845599
"PRRC2C",-0.0456449307980051,19.8115727062749,-0.575909374563862,0.57335889286225,0.999486182046446,-4.92436894480514
"OARD1",0.0341078364774674,18.4973405392783,0.412093231447442,0.686197450034332,0.999486182046446,-4.97301399858477
"POLR3H",0.127504040394754,16.0060024618439,0.612864393153817,0.54929915532518,0.999486182046446,-4.91129368990732
"LRRC42",0.0244196251067414,16.8196866120805,0.245362298075077,0.809556846211091,0.999486182046446,-5.00638993099777
"HSPB11",-0.04052405856158,20.5172994889871,-0.268127191608842,0.792337727482624,0.999486182046446,-5.00280572475676
"YIPF1",-0.0817194677232962,18.8171853569515,-0.642799015000987,0.530220253260812,0.999486182046446,-4.90014942711266
"PPME1",-0.0540454894112585,22.2287618861178,-0.718094549739975,0.483918335370972,0.999486182046446,-4.86996838543502
"ASB3",0.0669061955102173,15.6832464553421,0.251888978200916,0.805141282067775,0.999486182046446,-5.00521221468215
"ASB1",0.117069754932279,14.0445609633552,0.386522379908527,0.704628404825702,0.999486182046446,-4.97920521599096
"RBM7",-0.0590895078515139,17.8836536009103,-0.778692767689287,0.448473096311007,0.999486182046446,-4.84349402477589
"TIMM22",-0.301369580896186,18.800069392047,-1.73765975813488,0.10322633472903,0.999486182046446,-4.21310057156254
"AP4S1",0.0207005805375999,18.8617760792031,0.219854045024307,0.828998419188512,0.999486182046446,-5.01002419890889
"KCTD3",0.00518761921369659,17.3116238645565,0.0728260458010023,0.94292287837586,0.999486182046446,-5.02323784511214
"NUB1",-0.0641768880302394,18.1190737055606,-0.956711111130587,0.354131552525102,0.999486182046446,-4.75497903855486
"YTHDF2",-0.138231937603404,19.1666351035623,-1.71931166410594,0.106464371739831,0.999486182046446,-4.2277403589507
"CTDP1",0.00636306210908444,18.7479641578992,0.0948827834186428,0.925684873415779,0.999486182046446,-5.02209982600487
"PAXBP1",-0.0439234547068423,17.6408497465403,-0.7388848921012,0.471571561062686,0.999486182046446,-4.86110199039715
"NME7",-0.0319205145913521,17.5563702626284,-0.216519716666781,0.831548610546171,0.999486182046446,-5.01047008771149
"SUPT16H",-0.0676758358455984,22.3873797672164,-0.931679016501284,0.366501745838593,0.999486182046446,-4.76835967693699
"UTP18",-0.00341784727957872,19.1372256187402,-0.0688724293214287,0.946016132465588,0.999486182046446,-5.02341023082929
"PHLDA3",0.0599997742100022,17.1332803502587,0.156862897206559,0.878339806171411,0.999486182046446,-5.01711066657114
"TIMM9",-0.118127254354686,17.418182624096,-0.792306783109069,0.440738878209457,0.999486182046446,-4.83728401696558
"UCHL5",0.0104732373705225,21.6778310723661,0.0924421564696594,0.927590565983614,0.999486182046446,-5.02224045712965
"CD2AP",-0.0686150715590159,19.6742870491086,-0.586811422227717,0.566203899900503,0.999486182046446,-4.92059058728792
"ATP6V1D",0.0285603792833768,19.5174287927081,0.405536462669878,0.690904405315698,0.999486182046446,-4.9746381510192
"TNPO3",-0.077057633179578,21.3512587377204,-0.619191557180801,0.545235520351886,0.999486182046446,-4.90897920409364
"ENTPD2",-0.184329958166845,16.0393458374056,-0.860884966710762,0.404063161620028,0.999486182046446,-4.80410623039992
"TIMM13",-0.333755088184688,17.9424934999747,-0.928443781657388,0.368418333345401,0.999486182046446,-4.76994544032151
"SRPRB",-0.0591325707989085,21.1509038130928,-1.02741614709122,0.320778684045222,0.999486182046446,-4.7156079233225
"N6AMT1",0.399301901741648,17.2942519604734,0.878615818563488,0.393976653627799,0.999486182046446,-4.79560312493078
"ORC6",-0.155408647681128,16.3260503418583,-1.10780490684806,0.285683826343345,0.999486182046446,-4.66811506216573
"CERT1",-0.0751063300017627,19.0786040718162,-1.1116793836792,0.284067453219687,0.999486182046446,-4.66575509435346
"GMPPB",-0.0235115212563741,21.4441730145145,-0.362020526120646,0.722470577683878,0.999486182046446,-4.98477597184436
"GTF3C5",0.0203918338861087,19.8082312572931,0.226946040796813,0.823580903902419,0.999486182046446,-5.00905336559892
"GTF3C3",0.00385235149106933,19.9853425309075,0.0596674906040458,0.953221343319658,0.999486182046446,-5.02377434452423
"TRAPPC1",-0.0567031267964566,20.4521265301367,-0.827658116870002,0.421053270395274,0.999486182046446,-4.82071676295702
"CDC42BPB",-0.0494862777936831,19.6474489981064,-0.992774967636745,0.336827029068454,0.999486182046446,-4.73518484580121
"RBM8A",-0.0333581570138257,23.0041240085628,-0.267550977284139,0.792749788823676,0.999486182046446,-5.00290839286009
"DNAJC15",-0.00951031072957775,18.6214880123264,-0.0791530333360775,0.938051265095454,0.999486182046446,-5.02293312180031
"USP16",-0.0116689613017904,17.5636087079123,-0.0549503000203823,0.956915425916314,0.999486182046446,-5.02394074311996
"TSSC4",-0.2563763089051,15.8025381043606,-0.727176660481021,0.479357860740765,0.999486182046446,-4.86565469601124
"INSIG2",0.241846410424648,12.4319418521947,1.05203036210947,0.318158496188851,0.999486182046446,-4.6992455425798
"MPC1",-0.0975078413474719,15.4772435842932,-0.501245964455596,0.623595350666255,0.999486182046446,-4.94844716022642
"IER3IP1",0.108926707540732,17.4672174939252,0.413488844141318,0.685234156269417,0.999486182046446,-4.97264694915347
"ZNF706",-0.0352173923478389,19.6628663131933,-0.151145013681937,0.881949861506648,0.999486182046446,-5.01783611437766
"MAGED1",-0.0487990121249631,14.9901583945474,-0.40917183305912,0.688293009722911,0.999486182046446,-4.97374076175445
"SNX14",-0.0230671915572582,15.906897284953,-0.172775308165434,0.865176430021618,0.999486182046446,-5.0156934173834
"SNX11",-0.05988632239794,17.5249738606036,-0.447291753620332,0.661162567240056,0.999486182046446,-4.96386541591643
"SNX9",0.0807956318213847,18.857030539835,0.828522118470587,0.420579372467474,0.999486182046446,-4.82030392938702
"SNX8",0.012615803254274,18.6736336487687,0.192535589332931,0.849948395667491,0.999486182046446,-5.01347824830492
"SNX5",-0.0205988244818691,20.8433628140645,-0.353774584642052,0.728513572491424,0.999486182046446,-4.98657083593219
"FLVCR1",-0.0765151205558503,17.827129724042,-0.69237768823529,0.499455713712581,0.999486182046446,-4.88061889417571
"NUBP2",-0.0202125282451746,20.7635811701091,-0.244457841206525,0.810244062439962,0.999486182046446,-5.00652553331576
"PEX16",-0.13163490176311,19.0146851444641,-1.9416435919799,0.0715298116082385,0.999486182046446,-4.04159224401147
"ST14",-0.0485796298525862,18.8853083593298,-0.523776359756567,0.608214555939143,0.999486182046446,-4.94151415320502
"HEBP2",0.314928960300826,19.9426016266672,0.834446558485106,0.417603434666904,0.999486182046446,-4.81733297483359
"HCFC2",-0.0325875876455406,16.6588531008382,-0.102124886687925,0.920041436906093,0.999486182046446,-5.02165973291773
"UBIAD1",-0.0327772522673691,18.2616882951895,-0.321778953723446,0.752134990011501,0.999486182046446,-4.99315235055324
"MRFAP1",0.141575544195472,19.1396723455884,0.515707651585871,0.613853690152368,0.999486182046446,-4.94394741551238
"PUS1",-0.047865696513103,20.9483259806132,-0.930475488311823,0.367103914873883,0.999486182046446,-4.76899551748229
"LRRFIP2",-0.0764965864739153,17.9026322537194,-0.494228466874796,0.628423715538595,0.999486182046446,-4.95054732394965
"FHOD1",-0.0405526519766291,19.1118407499299,-0.68984214135367,0.501003332079059,0.999486182046446,-4.88164986794295
"PSAT1",0.324446899614145,17.0923942364624,0.959045096873206,0.354304333166889,0.999486182046446,-4.75322137638349
"NCOR2",0.0382375573966307,21.1492503079499,0.414255944915764,0.684647819214588,0.999486182046446,-4.97247275287732
"SLC25A15",-0.00419888348327291,18.9091409275404,-0.0324450193021303,0.97455211264867,0.999486182046446,-5.02454613883765
"RAD54B",-0.0428509463109243,16.9851421378509,-0.298458945700464,0.769516088651863,0.999486182046446,-4.99756413078472
"F11R",-0.0345049622664781,21.8222904835511,-0.297252839052966,0.770418618166278,0.999486182046446,-4.99778344420554
"GPC6",-0.070734071478018,16.809648576072,-0.600114614491479,0.55753757525223,0.999486182046446,-4.91589041334702
"NPTN",0.0402872333164161,20.0740480687034,0.231351013829607,0.820249783778679,0.999486182046446,-5.00842572306147
"ADGRG1",-0.0759949013822769,17.2045929941152,-0.379539930490462,0.711057006934857,0.999486182046446,-4.98019367875497
"SPIN1",-0.0149823424177207,18.1698035695887,-0.153974630544741,0.879716572311704,0.999486182046446,-5.01757975599171
"KPTN",-0.00470925938104116,16.3014505227059,-0.0430250779787836,0.966258555953977,0.999486182046446,-5.02430035450171
"SLC12A7",-0.034794474896195,20.2503078588997,-0.728989618075484,0.477424035284556,0.999486182046446,-4.86535041421401
"ALG6",-0.127408161622039,18.3320795129659,-0.420959028332609,0.679975305783866,0.999486182046446,-4.9707177891541
"ALG5",0.00128242865230277,21.1759095880442,0.00931956385091443,0.992689447695912,0.999486182046446,-5.02484345506555
"MRPS18B",-0.0101328337470434,20.0867991316295,-0.138712242524395,0.891553553973586,0.999486182046446,-5.01895214866511
"COPG1",-0.0457335046594487,22.3934299339689,-1.17503125533602,0.258602039649545,0.999486182046446,-4.626271796855
"AUP1",-0.126720217568646,20.006521254869,-1.18166393801784,0.256039981353397,0.999486182046446,-4.622042163593
"GMEB1",0.306577850134111,16.0679918019046,0.656437526091133,0.524506097269561,0.999486182046446,-4.89330706163849
"CLIC4",-0.0622000744551343,20.2287481966165,-0.67298224850397,0.511365136905432,0.999486182046446,-4.88841746227303
"NFS1",-0.0217541650647668,19.0609110898815,-0.338114768764788,0.74004094023519,0.999486182046446,-4.98986825542089
"POMT1",-0.0448724621382155,17.8630579054766,-0.403480103125661,0.692383353614995,0.999486182046446,-4.97514232747585
"CFAP20",-0.0839365170451565,20.1967833277456,-1.25304999053727,0.229687568280223,0.999486182046446,-4.57540814272435
"TACC3",-0.16193353391596,18.5574718122493,-1.14374717715948,0.270951166559655,0.999486182046446,-4.64597834665888
"SPCS1",-0.0326925735067327,20.5156678809819,-0.0810522639874269,0.936511663403946,0.999486182046446,-5.02284579203177
"SAR1B",-0.0212770670786,21.4960891457111,-0.0627070139886376,0.950858453610201,0.999486182046446,-5.02365832887686
"AP4B1",0.0258586736981101,18.8629380981785,0.352682571898256,0.729315258082513,0.999486182046446,-4.98680550452894
"MTCH2",-0.0127493055516581,22.6855132607641,-0.217543440588352,0.830765426827309,0.999486182046446,-5.0103339067275
"ARFGEF2",0.00122287896493845,19.0708153745075,0.020539836339313,0.983888001127968,0.999486182046446,-5.02474032084746
"ARFGEF1",0.0265052761359534,18.4953769781963,0.328758821900553,0.746959072302135,0.999486182046446,-4.99176862298717
"MAD1L1",-0.0816216521208517,18.6733662085967,-0.937896318508,0.363401841467011,0.999486182046446,-4.76506400358261
"STK24",-0.0258091211480185,18.967091206559,-0.343345637998501,0.736183096843641,0.999486182046446,-4.98878303813607
"BZW2",-0.0476616588440031,22.9368948813418,-1.08684428662897,0.294547327078989,0.999486182046446,-4.6807706389774
"MRPL42",0.024604947231655,17.8381342943508,0.119717562505535,0.906326183869643,0.999486182046446,-5.02046023230524
"COMMD10",0.0526943342506314,19.1628894072464,0.589832484168747,0.564229583542492,0.999486182046446,-4.91953184447049
"DYNC1LI1",0.0150906816870418,21.1786893247369,0.227517318498652,0.823144909542754,0.999486182046446,-5.00897383441174
"CHCHD2",-0.0798198705802697,18.5615240642684,-0.174849336776583,0.863622859973854,0.999486182046446,-5.01546034299827
"EPN1",0.0756245288421056,17.9475082367383,0.481498788596221,0.637734583383134,0.999486182046446,-4.95401590336002
"USP3",-0.0831155837038366,19.6635427017428,-1.31362364619766,0.209038703133395,0.999486182046446,-4.53429807123623
"PXMP4",-0.0986657916145184,19.9711676487901,-0.793991131467096,0.439787886697565,0.999486182046446,-4.83650909270568
"TEX264",-0.0673197327184809,20.3453504507878,-0.761214875491677,0.458526297565669,0.999486182046446,-4.85132638409039
"CABIN1",0.00984546994320468,15.8983351533397,0.0755893263803957,0.940761487679812,0.999486182046446,-5.02311165506313
"TAF6L",0.0600960430820798,18.1240143665529,0.840537519712473,0.414024917953424,0.999486182046446,-4.81452390524566
"CEPT1",-0.171949001650482,20.5926674875676,-1.10133808926945,0.288505480211374,0.999486182046446,-4.6720209122208
"DNMT3A",0.0636439225965582,18.4916391239664,0.323245786150183,0.751074356444448,0.999486182046446,-4.99285224504671
"OAS3",-0.0723925709365787,18.5893045977158,-0.918673968525892,0.373044696143783,0.999486182046446,-4.77519374317317
"IKBKG",-0.0891824099691618,16.8330647578369,-0.609602585430913,0.551400487119416,0.999486182046446,-4.91247823684511
"SLC30A1",-0.0869645923847706,19.8124739854083,-0.833401114681199,0.417909778109438,0.999486182046446,-4.81796562072247
"SLC4A7",-0.115260507529783,19.2717577696156,-1.26694671168644,0.224813624338077,0.999486182046446,-4.56609885608028
"NDUFB9",-0.0561780350118042,20.8947375652313,-0.298567256615957,0.769502734011725,0.999486182046446,-4.99751782102685
"COX11",-0.0895992866229456,17.5896505739397,-0.900279460048664,0.382434743266369,0.999486182046446,-4.78472112773596
"SQOR",-0.0249527575887249,20.4822725387765,-0.315217100228398,0.757012188085351,0.999486182046446,-4.99442666261756
"ROBO1",-0.0371670177498196,17.8953732176172,-0.295130635835025,0.772007495895182,0.999486182046446,-4.99816721719364
"AP1M2",0.013505073705474,22.3065715628335,0.12750560661946,0.900262230571669,0.999486182046446,-5.0198690466746
"NCOA3",-0.0546476211321973,18.8380700696691,-0.887116525261968,0.38925161124926,0.999486182046446,-4.79143819127065
"NUMBL",-0.0795775842807416,16.5375490751916,-0.379684598182887,0.709590176726903,0.999486182046446,-4.980795546548
"MAP3K4",-0.116295269422181,16.8496072847194,-0.816523381739434,0.427191510670534,0.999486182046446,-4.82600341843853
"SCIN",0.00892033408181447,22.3506236499961,0.217509143198339,0.830791662499847,0.999486182046446,-5.01033847944679
"DDX49",0.0105245827044627,19.5432966534461,0.180807191908966,0.858979710342415,0.999486182046446,-5.01482174982765
"CAPN7",-0.0496662745524823,19.4771318006576,-0.720432691473858,0.482520176256855,0.999486182046446,-4.86898263073172
"WASF2",-0.0674636427116013,19.5042584532127,-0.561115521701462,0.583143235206575,0.999486182046446,-4.929389799583
"PIAS3",-0.268112292212981,15.9355802274127,-1.58846513222313,0.133380930213604,0.999486182046446,-4.33193090568191
"MAU2",0.0665163586644475,18.210416280935,0.516932677434808,0.612866782001413,0.999486182046446,-4.9436506822876
"FAM169A",0.0462819117243516,15.5104471527422,0.223288592787874,0.826593941679672,0.999486182046446,-5.00948983350596
"ENPP4",0.0501325281110567,17.9081475572957,0.423793137229656,0.677831768974871,0.999486182046446,-4.97005329012618
"ZHX2",-0.0220402011136933,18.6444880286024,-0.256670370564002,0.800978716139058,0.999486182046446,-5.00465278872453
"MORC2",-0.0555220941733978,19.9569012386582,-1.00554529850146,0.330845596090556,0.999486182046446,-4.72803152897967
"IVNS1ABP",-0.127799670633561,20.4287545161489,-0.980748323264084,0.342529970314496,0.999486182046446,-4.74185299182751
"SEC23IP",-0.00692232717053187,20.6016143732306,-0.100521325633172,0.92128400229707,0.999486182046446,-5.02176094102164
