"","logFC","AveExpr","t","P.Value","adj.P.Val","B"
"NUDT4B",0.192202289330961,17.5096120855594,0.543966874772522,0.594738691029723,0.933531465418893,-5.02432542887684
"SMIM26",-0.0932779885733801,16.5951083811858,-0.70805654023047,0.489916800909042,0.914774148954532,-4.95518923490134
"GATD3B;GATD3",0.0304236226032408,22.5762942455791,0.428490272618796,0.674467693569319,0.945496050667302,-5.06282396457123
"NBDY",-0.135657782024824,11.8106616648694,-0.337218906177485,0.741877460983393,0.959121035313995,-5.08632826007968
"ARHGEF18",0.417056090165792,15.8865181130563,1.32745505129478,0.205910801469846,0.843753658848491,-4.55667581128667
"RBM47",-0.106051415138271,18.6195977240705,-1.58156906534486,0.134887977992134,0.842341998928484,-4.34119800646766
"TTC26",0.087669524455805,16.2539941268644,0.729230250682694,0.477248558501004,0.911462804536586,-4.94503885095098
"UBA6",-0.0373700957627499,21.1190365001775,-0.747032916184158,0.466751877721315,0.911462804536586,-4.93629499408032
"ESYT2",-0.00736962191822954,19.9624803355491,-0.168162620354853,0.868732805403055,0.980174066839352,-5.11656821213927
"BLTP3B",0.171900663891721,15.8888976384381,1.433635002441,0.172473784356545,0.842341998928484,-4.46941684030185
"SHTN1",0.112529152442157,20.263140601677,1.41298729222431,0.178353313288443,0.842341998928484,-4.48666087508179
"TMEM223",-0.161206704374269,17.9954439806058,-1.18439371748547,0.254937906265804,0.850763184094445,-4.66563313294936
"ARHGAP10",-0.0651924037824934,21.019347103108,-0.608655481253719,0.551984951582993,0.92552891980847,-4.99915664185239
"MEX3A",-0.0766298993849883,16.4837173122066,-0.325439540899467,0.749405819209753,0.961031568617505,-5.08961225699161
"ILVBL",-0.108110942981131,19.9448660776667,-1.51861911141859,0.149938012423996,0.842341998928484,-4.39672877648678
"PLEKHG3",0.111194503419746,17.5300932527103,1.40146356882217,0.181705700894997,0.842341998928484,-4.49621177469515
"ELOVL7",0.363325692299892,16.8497177974693,1.33760648637079,0.201367887889867,0.842341998928484,-4.54820612258438
"SH3PXD2B",-0.0266115743822724,17.2109253389064,-0.14666981029831,0.885372719918665,0.982823192403566,-5.11892677001178
"NBAS",-0.0448894064320058,18.3604311017804,-0.669714733834547,0.5133579191635,0.918865221019509,-4.9728737090576
"TARS3",-0.0890930493269124,18.3942026725891,-0.872607532576146,0.396819736144068,0.89748855011745,-4.86930718297959
"FAM234B",-0.127315667403064,16.7989292750282,-0.520932723793106,0.610123355494561,0.936335994482148,-5.03278669387725
"TYW5",-0.181681352064604,17.7368953899416,-1.39306953227892,0.18417996591539,0.842341998928484,-4.50313539069416
"VWA8",0.0387390290893244,20.2691918509339,0.961893129542222,0.351563335651533,0.886421458442757,-4.81621729793524
"SBNO1",0.101256898693631,19.5094171894783,1.41966358792686,0.176434441477258,0.842341998928484,-4.48110345475539
"CRPPA",0.29706077880315,17.4002582334612,1.09525064988011,0.292394943958819,0.875482866553864,-4.72855393270395
"FAM221A",-0.417217308585698,15.7946253491978,-1.21160904820926,0.266959479615888,0.855784088667751,-4.64465202391139
"GTPBP10",0.145207336743898,19.2031863906022,1.65893171312022,0.118174488620179,0.842341998928484,-4.271122117741
"WDR91",-0.120113299456747,18.7634394819377,-1.21639391156323,0.242887405642335,0.849389846357638,-4.64197330509491
"DENND11",-0.146147349910539,16.5409710918183,-0.866170808812035,0.400226781362407,0.899243050380325,-4.87296248989476
"PEDS1",-0.0867653250570939,18.6698576551903,-0.892841938742538,0.386235653369422,0.896341048011413,-4.85766398386801
"CNOT1",0.0168651095043053,21.5365863932257,0.281915713104181,0.781913682648133,0.966732684376251,-5.09876970790188
"MAP1LC3B2;MAP1LC3B",0.993627125437165,17.7519568870843,1.29863634790223,0.214561884799978,0.846423796376897,-4.57914808536382
"FAM83G",0.00898398561242431,19.1944102842799,0.130831959438484,0.897670810783322,0.984405675544383,-5.12045946610611
"PALM3",-0.154824290975931,16.058049622773,-0.716437492690191,0.484878705255292,0.912730526544901,-4.9512040270163
"PGP",0.0176097611925279,22.0787905248852,0.232074574984856,0.819659869782409,0.970431456911451,-5.10766522219348
"RIMOC1",-0.0312008687274599,18.911506472198,-0.147615013250913,0.884667052329095,0.982823192403566,-5.11882321565125
"RCCD1",-0.0507404347455669,16.3541432219105,-0.484756860478384,0.634948130099104,0.938925721121189,-5.04520920051438
"ZNF316",-0.0124295035435011,17.7730185786324,-0.119243677226907,0.90668652847614,0.985077106827249,-5.12147041310635
"SDHAF1",-0.174085836754536,13.8102988139735,-1.0156860637939,0.326103523250774,0.878437682691824,-4.78213800339987
"TUBAL3",-0.421893164196749,20.1294335332205,-0.865688949735442,0.400910621850737,0.899243050380325,-4.87299207130634
"SMCHD1",0.0836068768361002,19.7711649398956,1.28747432751493,0.21770733370938,0.847331168713696,-4.58774468098956
"CASTOR2",-0.0964552732903847,16.6118850298487,-0.489409068751857,0.631729278602894,0.938733993165069,-5.0436595324979
"UNC119B",0.195100412737133,18.9100145328671,1.82018533686349,0.0890207880163781,0.842341998928484,-4.11921315980885
"METTL15",-0.0647256597864079,17.0695922743813,-0.651957732943304,0.524429234103729,0.921426436241604,-4.98075694869344
"CCDC85C",0.113038145829027,17.5042225542874,0.873229623972721,0.396491481168949,0.89748855011745,-4.86895266355736
"SAC3D1",0.0135025073478836,18.5917934934694,0.123764582039201,0.903167599352852,0.984405675544383,-5.12108712985225
"USP27X",0.000625424353554394,12.3300659032393,0.00279435707502787,0.997810440021469,0.999742128090196,-5.12643184181664
"ZSWIM8",-0.029076778773252,17.5104737662796,-0.309373394166468,0.761352222161722,0.963360829111366,-5.09314281336662
"POM121C",0.316951284732962,17.5115628398541,1.46657840980357,0.16342501577862,0.842341998928484,-4.44156190155689
"SNRPGP15;SNRPG",-0.099962822813211,22.8829450972513,-0.425989082338906,0.676377873125738,0.946531737281686,-5.06348458167057
"NUDT19",0.0347671538937924,18.2580102327776,0.338666429437804,0.739620049706938,0.958733148350364,-5.08657411540969
"MIF4GD",-0.0895709083839655,17.1594535876957,-0.648610148578806,0.526531466597787,0.922640245251862,-4.9822211887568
"HACD1",0.0436361643554157,14.1086239382471,0.132990820851838,0.896647618961663,0.984405675544383,-5.12011782173849
"MYO9A",-0.150528059975642,16.4262840789753,-1.16519820046339,0.262383738418865,0.851343345813351,-4.67959454332779
"EPM2A",0.344050365399251,17.1377181237456,1.44980262613725,0.167982432413912,0.842341998928484,-4.4557984756114
"GPR89A;GPR89B",0.106615938625644,20.1933624025513,1.16690214106253,0.261716150686958,0.851343345813351,-4.67836230994134
"IGLL5",-0.304791786705543,17.989220862938,-1.01321185502,0.327585183428306,0.8794047318512,-4.78360058291788
"WASH3P;WASH2P",0.237327903266877,19.887957315809,0.721973380344009,0.481917203537194,0.911504459854973,-4.94832304878582
"TMEM238",-0.0208817375604049,17.9450927535281,-0.163059550989416,0.872678149800865,0.981776234144474,-5.11715722478729
"MCRIP1",-0.14771307003026,17.162217310652,-0.994943686232837,0.338210180510303,0.882084620678191,-4.79440561372785
"STMP1;CEP85L",-0.380153540350785,11.0970465200585,-1.06438410434935,0.315507506486125,0.878437682691824,-4.74629803642907
"NACA",0.119212769826689,24.3133281802832,2.09577829117328,0.0537282107851295,0.842341998928484,-3.8446699938305
"C11orf98",-0.544401895897479,19.7091170629502,-1.18123251972596,0.256728471762693,0.850763184094445,-4.66788407944714
"ASDURF",0.148039488230488,17.6547824974139,1.0320304715029,0.318635928554083,0.878437682691824,-4.77148053163947
"DNASE2",-0.355804500090208,20.0381129760601,-1.59769298374073,0.131691141497252,0.842341998928484,-4.32741983573584
"KIF2A",0.112027554369096,20.5081091287935,2.4301031273567,0.0283165262510934,0.842341998928484,-3.49437581112485
"DDX39A",-0.0882438976786482,22.3202851720378,-0.701591636734296,0.493824254072795,0.916016829726497,-4.95823414268457
"PDLIM1",0.206028862303256,19.3496230620548,1.94853992667594,0.0705772072306614,0.842341998928484,-3.99339878044148
"ACOT7",0.0940838816223888,22.5897939616151,0.821912304995922,0.424176243477182,0.902043681327841,-4.8974551642432
"MYO1C",0.0665721626949711,22.210722893305,1.35943827319118,0.194370411539151,0.842341998928484,-4.53058881322126
"SNAP23",-0.209543258995872,17.4379602335927,-0.98246451538025,0.341666892202817,0.883952237043116,-4.80336699769508
"HAX1",0.0755149428219575,20.1554798485229,0.964554766069019,0.350271692730843,0.886421458442757,-4.81456748880017
"AIP",-0.171528687302274,20.0187315697603,-2.3314118337451,0.0343010637814746,0.842341998928484,-3.59917881212557
"GTPBP1",-0.0892800681039354,23.0697916038501,-1.76263966180877,0.0986017951830682,0.842341998928484,-4.17427067502163
"STXBP3",-0.0603052703018214,20.2082758190752,-0.618729682515653,0.545504595566901,0.92552891980847,-4.99498098041404
"AP4M1",0.103608466975079,18.7403455810986,1.22554039849648,0.239525466061653,0.849389846357638,-4.63512344349018
"ARVCF",0.0688613988208822,16.5599954621365,0.517026921940179,0.612780639544974,0.936335994482148,-5.03416894670421
"SMAP",0.281938710498707,18.6346682487036,0.999548315543909,0.333934978484605,0.882084620678191,-4.79238020627278
"RAB27B",0.253316610723111,19.6207080019932,1.58905827294796,0.133392914974677,0.842341998928484,-4.33479957237612
"AP3B1",-0.00115019591958543,22.5037916274955,-0.0212131564569463,0.983359097991095,0.997543228069567,-5.12627738011037
"SULT2B1",-0.0226622190846264,22.578272604964,-0.429884214500683,0.673475921337398,0.945496050667302,-5.06241287240004
"RHOD",-0.0405334788448002,18.6873935869273,-0.220459006372374,0.828556808146556,0.972181095452472,-5.10948276126599
"LGALS8",0.167836986594523,17.9635858270763,0.968419943328183,0.34840191634975,0.886421458442757,-4.81216485956723
"NDUFS8",0.240675265802846,20.6133273849015,0.681404133137368,0.506470405092662,0.917812698368546,-4.96736434283979
"TNFRSF10A",-0.0228092381231377,17.0785106171793,-0.186415233135267,0.85465138937788,0.975701677811386,-5.11431371617144
"NFKBIE",-0.603879976548972,16.2641065869042,-1.28620347876265,0.220017341323393,0.847665896924723,-4.58903984625673
"PSMD11",0.0243926557754683,23.2366362870137,0.326827875526204,0.748376545331725,0.960914217201338,-5.08929893749807
"PSMD12",-0.098216840393242,22.5567643266216,-1.21549016648973,0.243221570347255,0.849389846357638,-4.6426480346602
"PSMD9",0.202135618836579,20.8980047309869,2.13621864463145,0.049795461121031,0.842341998928484,-3.80311938472167
"ATOX1",-0.0844896677146316,18.3575825880163,-0.392901078809244,0.700061282873079,0.950948649571637,-5.07284578107256
"MEN1",0.0176400554674423,18.5987232887223,0.134232115565425,0.895028186407704,0.984405675544383,-5.12014511665772
"CBX4",0.0619448407694918,18.4796608606022,0.568961536008859,0.577918823806856,0.929790176756083,-5.01498394118656
"GET1",-0.183115683404402,19.6000363292512,-0.773796041894677,0.451496255062522,0.91142481873976,-4.92263335642355
"PGRMC1",-0.060731143801803,21.0820194792822,-0.147599269178641,0.884714005317008,0.982823192403566,-5.11881648764942
"SUPT5H",0.0241260886805534,19.7883110956996,0.550563466005856,0.590150732225359,0.932117240136735,-5.02197897744263
"TAF4",-0.0363167836999594,17.73468014329,-0.330453186592501,0.745691175520146,0.960286183316858,-5.08847461070905
"DFFA",0.0746994510162082,19.7089283646789,0.551950230365833,0.589224169945662,0.932117240136735,-5.02145929185938
"RFXAP",0.00934306506458427,15.1679509029436,0.0395538564862167,0.968977678565983,0.994630468337478,-5.12588806560466
"CLIC1",0.140060628859519,24.7656895184596,1.08895294998666,0.293596811980978,0.875482866553864,-4.73328893406872
"EIF3F",0.124244213991652,22.5039720574804,0.899466190380501,0.382899479332843,0.895939118424901,-4.85375535347172
"WWP2",-0.0498577162217977,18.0393430869971,-0.453945640105742,0.656456591597562,0.940958728523278,-5.05511377946347
"CDC7",0.186804997852287,14.606729797541,1.01658638676308,0.325688931169153,0.878437682691824,-4.781554577434
"PDHX",0.0681639347159866,19.3809335157171,1.0744096953599,0.299851669194214,0.87771037337981,-4.74320359398484
"QSOX1",0.109742804025792,18.9861256969184,1.33778269982003,0.201170629950875,0.842341998928484,-4.5480194410357
"DCTN6",0.117106156727903,19.1773113927279,1.30431723166865,0.212054486213532,0.846423796376897,-4.57456625050335
"SLC33A1",0.162332611134484,19.2556359874866,1.53815602084034,0.145122285006361,0.842341998928484,-4.37964328119568
"WASL",0.0366275961162401,19.3366904235469,0.584938604927137,0.567404345731263,0.929022143808322,-5.00873376839312
"IPO5",-0.0981309362200555,22.0185239961908,-1.02562596346197,0.321547240833189,0.878437682691824,-4.77567324450045
"POLRMT",0.00860122722473022,18.7948953869224,0.173117675059749,0.864905345460474,0.978095195722466,-5.11597900671081
"EEF2K",-0.00749202364694312,17.5000580131041,-0.0808741836723749,0.936625999433098,0.988634971821529,-5.12415031323995
"SAP18",0.00798751428802902,21.1368583724339,0.0884749198869383,0.930685825553819,0.988634971821529,-5.12370093565155
"DNM1L",-0.0170045477773826,21.5741093261287,-0.369042081857563,0.717324842632251,0.954180921097348,-5.07914907336229
"RTCA",-0.0411494270683761,18.954287641173,-0.364629890881974,0.720547431339241,0.954180921097348,-5.08026623747154
"PIK3C2A",0.107869476280641,19.3239152345713,1.47024385622262,0.162443042445943,0.842341998928484,-4.43843705416748
"IFRD1",-0.0322924336566679,16.5429331438343,-0.251750971877543,0.804697344743562,0.968763141778022,-5.10435711737893
"PIK3R2",-0.0670899879953346,16.6375300701026,-0.720135948463367,0.482665315594236,0.911504459854973,-4.94943182195986
"GOLIM4",0.125943031515721,15.9329628608949,0.677980250334388,0.508250592003274,0.917812698368546,-4.9691377173948
"MANBA",-0.0483504395433236,18.0606260370352,-0.562743353321312,0.582038216361445,0.929790176756083,-5.01737239775179
"AGRN",0.120087880187306,17.6801966480795,1.50214989723801,0.154101397806207,0.842341998928484,-4.41102479772796
"PLOD2",0.00181692467635131,18.6003570466498,0.0226355989015568,0.982243443874227,0.997543228069567,-5.12625559149955
"EXOC5",0.0163147340731236,19.0439357924646,0.335033569578901,0.742303233006195,0.959337893998087,-5.08742037525604
"HMGN4",-0.110669908205292,17.2130077119629,-0.5170214482752,0.612784367472891,0.936335994482148,-5.03417087687112
"NDUFA4",-0.0390382633657538,21.8356587446749,-0.256057128142733,0.801467661576828,0.968763141778022,-5.1035840100814
"PSMD14",-0.1514228485286,22.7060532146929,-1.17786325869722,0.257452640757305,0.850763184094445,-4.67040252999387
"ZNF593",0.14008371459644,18.505459342515,1.19192288859513,0.252062037200803,0.850763184094445,-4.66010938552344
"BIN1",0.17175632239633,18.24659687383,1.49827945797078,0.156593846590347,0.842341998928484,-4.41580844393837
"KPNA3",-0.0523060196870162,21.23697433269,-0.947179223634936,0.358763762809867,0.890549978301985,-4.82526841557714
"STK25",-0.0588523767717923,17.8585972694521,-0.589858331085033,0.564187152981425,0.929022143808322,-5.00677645212782
"LAD1",0.0211035904674297,20.7387311408178,0.177956454831859,0.86117107402777,0.97751782113991,-5.1153872067697
"FAAH",-0.0521708289812324,19.1431007286858,-0.538000119347172,0.598578481991104,0.933531465418893,-5.02663064346973
"KRIT1",0.224523995183775,15.9282585308744,1.79919741193956,0.0924151071427124,0.842341998928484,-4.13939655977132
"PES1",0.0477439336830159,21.6334026432466,0.861621659466061,0.402646382590208,0.900408026538814,-4.87553168818053
"SDCBP",0.08184447865791,18.5453573990972,0.706019713668578,0.491145894713227,0.915460816885146,-4.95615130887304
"MPHOSPH10",0.0420747011791534,18.9564507892243,0.454186134624234,0.656287452249341,0.940958728523278,-5.05503889129418
"NOP56",0.00407312932239279,19.8259660614181,0.0687726408502817,0.946091566393388,0.991836338916264,-5.12478264102112
"DDX3X",0.09642649196552,23.8846984039788,1.87112377950619,0.0812395797558659,0.842341998928484,-4.0697572500659
"RNASET2",0.029468634028575,17.2004028497465,0.223251507165352,0.826393200008659,0.972181095452472,-5.10906208438515
"PODXL",0.719518021696018,18.6146728535845,1.34138081387864,0.202184526664517,0.842341998928484,-4.54585485956539
"PIR",0.0742975545091724,20.1903191827311,0.934622139998814,0.364989167413179,0.892652924906307,-4.83289951330862
"PEX7",-0.0655104889959439,16.6426655318479,-0.623651745321355,0.543816011432545,0.925464328596667,-4.99196032954597
"KPNA4",-0.0999080970706849,20.9292687214344,-0.682813270494846,0.505380994149971,0.917812698368546,-4.96686638708894
"NFIB",-0.327320389143473,15.480005024074,-1.199804317784,0.250418446103705,0.850763184094445,-4.65421516654394
"E2F3",0.219737564058963,13.6944447175148,1.19589915117975,0.250553354941279,0.850763184094445,-4.65718147338958
"PPP6C",-0.127808974110202,20.8325316184226,-1.48611761307485,0.158247017522631,0.842341998928484,-4.42484625716173
"NME4",-0.677977719509595,17.1689432068491,-0.602587463246851,0.567692282327312,0.929022143808322,-4.99396679559731
"CES2",0.17986301398345,13.6842200428977,0.814548849527224,0.428249011629571,0.902043681327841,-4.90142051469727
"PIK3C2B",0.161084798073944,18.3169745748861,1.26580253908042,0.225155968939341,0.849389846357638,-4.60451841517007
"MAN2B1",-0.0507087516031675,18.7195209727924,-0.767075836480428,0.455105057753976,0.911462804536586,-4.92622364001391
"FBP2",0.650059391523605,22.5021422917234,1.77954626491597,0.0963423852770785,0.842341998928484,-4.16002062856984
"UBE2C",0.119192898770464,19.4479797479459,1.17346300780196,0.25915776291898,0.850763184094445,-4.67360478134482
"PDXK",-0.0912152822517172,21.65213856885,-0.983132600724412,0.341348819783325,0.883952237043116,-4.80294585902947
"SCD",-0.0216360440316166,21.9324810497312,-0.158892657024782,0.87591213591005,0.982217155598578,-5.11762225435313
"ARID1A",-0.139342921788199,17.9040720290163,-1.26364257302291,0.225909241453922,0.849389846357638,-4.60617880639856
"CDK2AP1;CDK2AP2",-0.0383377284775008,15.6104209116142,-0.198137596839981,0.845634452228726,0.974829174801071,-5.11274419357797
"C2CD2L",0.191325386439694,17.2254694265935,1.83042209702515,0.087405763345677,0.842341998928484,-4.10932709044718
"NEMP1",-0.170443220046213,15.4710850956405,-0.827077453416603,0.421334339563,0.902043681327841,-4.8946548709123
"TXNDC9",0.14999107006151,19.9709561586468,1.84279120844131,0.0854891509185851,0.842341998928484,-4.09734588934186
"TRAFD1",-0.0431564965749835,16.9428655300008,-0.399430753401949,0.695283048288504,0.950393426960806,-5.07109936639906
"COX7A2L",0.129727085057411,19.6550316388188,1.73594898914209,0.103346339527338,0.842341998928484,-4.19949786092362
"HSPB6",-0.146534296946477,16.6291875359365,-0.40673704124448,0.690528769402396,0.948559449659011,-5.06879125737721
"NDUFAB1",-0.351539577529081,18.2746439336114,-0.800245028349888,0.43662451581218,0.903961056574724,-4.90879277663013
"UBFD1",-0.543313462207301,21.0715932372678,-1.76402979081637,0.099007770012341,0.842341998928484,-4.17470066898196
"CIT",0.0430796078490232,17.4268608863186,0.560377518653036,0.583609493050561,0.929790176756083,-5.01827463275486
"COPE",0.0131429753312311,21.6592874470564,0.120631592084521,0.905606000721913,0.984405675544383,-5.12135425838748
"AP3D1",0.0708276488414938,21.1885177981322,0.819638287304493,0.425431340092596,0.902043681327841,-4.89868312355619
"CCS",-0.168974446529614,19.3297722952819,-0.529961461003449,0.604246974738352,0.934888469059751,-5.02939890793431
"DVL2",-0.222023065983027,17.3449742884928,-1.47470567958025,0.161254353706585,0.842341998928484,-4.4346264577443
"CHD1",0.0813314798650744,17.8302294752149,0.643925654913472,0.529481218824168,0.923174371936723,-4.9842584832726
"CHD2",-0.0250728914874649,18.7828462357647,-0.359706348631493,0.724149981409902,0.954513005938327,-5.08149739040382
"GOSR2",-0.161740906392406,18.8880967722505,-1.05886752361207,0.306643975462131,0.878437682691824,-4.75368078660264
"TOR1A",-0.100847524160077,19.8090320875455,-1.04497452118346,0.312810209994314,0.878437682691824,-4.76294171672243
"TOR1B",0.0503556219881141,18.2241296544139,0.561115359099509,0.583119219836989,0.929790176756083,-5.01799363472948
"STX16",0.09846580509479,20.2889216820255,1.22200530182639,0.240820531856889,0.849389846357638,-4.63777545887866
"ADAM10",0.0495883213223252,20.0889340124208,0.422214254425692,0.678940719079956,0.947983628026866,-5.06465884789682
"ABCD4",0.388930204900385,15.0446091501796,1.89776283638245,0.0824701981174923,0.842341998928484,-4.06344836687196
"EI24",0.171557031623301,18.7305277767814,1.39301244063863,0.18419688832229,0.842341998928484,-4.50318238444249
"ENC1",-0.351324687625867,13.6030071799547,-0.955781232808597,0.364718376035931,0.892652924906307,-4.81515631798031
"TP53I11",-0.00777962062455373,18.1410374695844,-0.0613375469672366,0.951911402440657,0.992530218964564,-5.12512046201407
"KMT2D",-0.0224736130559897,16.6328477678487,-0.170553217995622,0.866885792598465,0.979338716752643,-5.11628607098341
"APAF1",-0.310383638266547,16.914933702013,-2.03356356414237,0.0603393093362203,0.842341998928484,-3.90803028387489
"RIOK3",-0.0991093247276886,17.2248147353971,-0.679919982183475,0.507056291259944,0.917812698368546,-4.96825486399789
"IMPA2",-0.323203916358953,18.1782807724429,-2.60915827027498,0.0199049696417003,0.842341998928484,-3.30235243075699
"MAP2K7",-0.0404835260971161,18.4925677497851,-0.621499993471591,0.543729887697313,0.925464328596667,-4.99382151221857
"ACOT8",0.099746226116963,20.0213455490875,1.70376475995136,0.109332671386706,0.842341998928484,-4.22964450211052
"CDIPT",0.044432086526097,20.1144516643148,0.257070147373483,0.800706942095461,0.968763141778022,-5.10340082326124
"PDCD5",-0.0113233718743047,19.2469184349821,-0.0551204917681644,0.956791132595305,0.99368054048757,-5.12537229801283
"PRMT5",0.12802239535673,23.1508890213561,1.00275431039786,0.332100291916186,0.882084620678191,-4.79047099135521
"SLC9A3R1",0.0315116206246735,23.3460612267659,0.281346231483919,0.782341982247029,0.966732684376251,-5.098880963166
"CHEK1",0.213226237723582,17.9651277293435,2.76850577736257,0.0144862937500351,0.842341998928484,-3.13035368452971
"TNFRSF10B",-0.00272312412815268,14.9402455044437,-0.0103145088014774,0.991908171492963,0.999742128090196,-5.12639741569439
"FPGT",-0.0282610584067093,16.7402341624952,-0.204340799344982,0.840871830142115,0.974567081842156,-5.11187519942518
"TPP1",0.0595552035447717,19.0648694067625,0.550859381915398,0.589952954755584,0.932117240136735,-5.02186818764685
"GNB5",0.377055101161787,17.482944502389,2.5178011550579,0.0409274905323996,0.842341998928484,-3.64696990180013
"TCERG1",-0.0093144219953345,21.2803745037455,-0.121760981192276,0.904726884248863,0.984405675544383,-5.12125875044496
"NDC80",0.15929286634664,16.8953584226078,1.37656316921169,0.189125706645329,0.842341998928484,-4.51666733931689
"NRP1",-0.0790592540360855,18.4267644920108,-0.972353814451159,0.346506110675622,0.886421458442757,-4.80971126548001
"TNPO2",-0.00568335588350521,19.799279907523,-0.0546792684222329,0.957125599590028,0.99368054048757,-5.12539023976465
"POLR3A",-0.0476346484652197,19.1676352257173,-0.864263064339118,0.401240295721779,0.899243050380325,-4.87404134874706
"PSMA7",-0.21940270619957,23.5937998164006,-1.71053414593318,0.108048983729859,0.842341998928484,-4.22332895737792
"SCAMP3",0.00157186730699266,21.4778708503613,0.0185774461297644,0.9854264390196,0.997597951331661,-5.12631401703962
"PHYH",0.467183864763697,16.2193218855677,1.41542195608617,0.185520031896101,0.842341998928484,-4.48923603655696
"OPLAH",0.0299256509494512,18.4032453145039,0.348884160142025,0.732092209004353,0.958217861269429,-5.08414604216641
"BCKDK",4.92222349564031e-05,17.3325059622407,0.000507514148037951,0.999601842891187,0.999742128090196,-5.12643449220532
"MGST3",-0.634031961052909,20.7757648837931,-3.09331598163579,0.00767414080205904,0.842341998928484,-2.79152102550044
"GEMIN2",-0.249173609302112,18.18091091825,-1.43753053972114,0.171382635817939,0.842341998928484,-4.46614478133888
"IRF6",-0.345655045880775,16.8215820092655,-1.92120188052079,0.0741890524905371,0.842341998928484,-4.02052069319704
"TAX1BP3",0.140166066197782,20.7856911706295,0.88784364451432,0.388980623166138,0.896809944907941,-4.86048000354417
"GIPC1",-0.0594818827830359,21.0285789517023,-0.890236288172446,0.387587842240483,0.896809944907941,-4.85917623864317
"LIN7A",0.160872583068571,16.1888181239282,1.2163974924872,0.242886082284886,0.849389846357638,-4.64197063085332
"IKBKB",-0.04833372696962,17.7280088407522,-0.618642599095716,0.545560434079487,0.92552891980847,-4.99501734951556
"RGS12",0.0163873473181049,15.5551600508389,0.0457855708842653,0.964190895755694,0.994164813684224,-5.12569486044708
"TIMM23",-0.0453389106680433,17.4126587133335,-0.287222308504103,0.77792619013417,0.966732684376251,-5.09772234223117
"HAT1",0.00789265184923593,21.260692014924,0.0927206918746857,0.927369475442007,0.988098030773619,-5.12343237858165
"UBE2L6",-0.218845780818359,17.2358491546211,-1.22627698390614,0.239256304985725,0.849389846357638,-4.63457013857898
"CASK",0.0570921813759249,18.9598601946089,1.10470198791813,0.286932906813063,0.87217797114032,-4.72243251743413
"PLD2",-0.0867013594720341,16.5593418573323,-0.630322943385044,0.538098961362344,0.925464328596667,-4.9900966943761
"UQCRQ",-0.00468721940195493,21.6720270952295,-0.0528176254243295,0.958583853064131,0.994118447583944,-5.12546013293682
"MYL12B;MYL12A",0.176137182961742,22.6288401677449,0.735925436425107,0.473525690986821,0.911462804536586,-4.9416181991026
"HGS",0.0296221105170318,19.8566656173744,0.28537713900449,0.779311965413295,0.966732684376251,-5.0980887066954
"AURKA",0.0229199253954135,19.6568757599494,0.385721853165497,0.705192799320967,0.952083020150937,-5.07480745302055
"RAB29",-0.142665711497276,18.2587617561202,-1.12801620813868,0.277275892800901,0.865963280833073,-4.70613512046277
"VPS26C",0.248134925680123,17.0806903424943,1.92453469835526,0.0737399754206238,0.842341998928484,-4.01722319558671
"PPP1R12A",0.00608933793060373,20.7582856225359,0.0921056070510938,0.927849830180867,0.988176918854616,-5.123472062823
"SLC27A2",-0.0110521896133413,19.542263824378,-0.10745779086227,0.915869614544819,0.985471838577121,-5.12240273190897
"GAK",0.0112303876918389,19.4259160273184,0.18312237718243,0.857188115443008,0.97665276142106,-5.1147374962952
"HNRNPDL",0.230158259775322,21.176987436568,1.88973893308421,0.0785514204673362,0.842341998928484,-4.05152405903542
"XPO1",0.0267850978242663,21.8389570810975,0.433782998523808,0.670705316664113,0.944843240886836,-5.0612562165935
"BTAF1",0.0423017479988381,19.2565288611447,0.619767974305265,0.54483907670747,0.92552891980847,-4.99454698576467
"ARHGEF10",0.0404270128742574,17.3851205265049,0.450925682616589,0.658582174606117,0.941624877813888,-5.05605091938162
"ZNF609",0.164004599308129,17.1342098780297,1.13646985082928,0.273835290492969,0.86045936075299,-4.70015977631246
"SPTBN2",0.217808842748813,18.5321828890136,2.33284604570072,0.0342061213631249,0.842341998928484,-3.59766267571049
"SEC16A",0.0337680177523119,20.5269658473638,0.545119834968312,0.593795023386428,0.933531465418893,-5.02400700227978
"PLXNB2",0.0574210732714064,18.637633978812,0.997547714012554,0.334536801956632,0.882084620678191,-4.79380110844446
"AREL1",-0.0446379230269009,15.218796204285,-0.340144317005672,0.738529499326953,0.958733148350364,-5.0862272899831
"KHNYN",-0.316115606486459,17.0507156999528,-1.81403822056054,0.0900032960280804,0.842341998928484,-4.1251366262355
"TECPR2",-0.205530575831478,17.8176010029001,-1.45654818084429,0.166137377051908,0.842341998928484,-4.4500868218605
"U2SURP",0.0508815569051251,23.6199716432203,1.0950439035236,0.291006061224724,0.875218094541793,-4.72910490630815
"SETD1A",-0.147954171831813,17.7910255126358,-1.92993002256975,0.0730181823780609,0.842341998928484,-4.01187972304518
"N4BP3",0.092718645362627,17.5707894244329,0.681680173515947,0.505973944542375,0.917812698368546,-4.96745172326125
"SYNJ2",-0.278887608699492,16.9848022241278,-2.0448842082671,0.0590834812302499,0.842341998928484,-3.89655455707673
"KIF3B",0.0825767697608057,17.2384718481707,0.853120346549653,0.407193949372397,0.902043681327841,-4.88030133466935
"PFAS",-0.057224264921242,21.0877694529538,-0.993238707419378,0.336562868441174,0.882084620678191,-4.79654626549725
"MCF2L",-0.0741169858054391,14.6609766949606,-0.179825761629621,0.860636297975071,0.97751782113991,-5.11489132892171
"DCLK1",0.0979665887949785,18.1992513905149,0.578753926006137,0.571462458828508,0.929079585778747,-5.01117250083707
"ANKRD28",-0.0729124510061858,18.8966513386141,-1.04902576725269,0.311002868167615,0.878437682691824,-4.76025144247974
"PRORP",0.0875004882791544,20.3763144984084,1.54362333571162,0.1437982552261,0.842341998928484,-4.37483770408573
"CHUK",-0.0149847853593599,18.5174457810668,-0.277745769877679,0.785051523257719,0.967732792545929,-5.09957922419047
"LSM1",0.0315738445696887,19.5046818957489,0.134162212738996,0.895120593583164,0.984405675544383,-5.12014330278323
"NPC1",0.0427494879119834,19.5020396049624,0.742682205636741,0.469303989549141,0.911462804536586,-4.93844945250159
"AGPAT2",-0.111164905571293,19.0038754012014,-0.659242130276001,0.519968348881364,0.920721460254424,-4.97748301229849
"SCAMP1",-0.146249579775827,19.7933515271679,-1.49540414627926,0.155834489524927,0.842341998928484,-4.41685185859267
"SCAMP2",0.180878225280861,19.7399292352489,2.58691039678615,0.020802092725462,0.842341998928484,-3.32630740109085
"ARPC1B",-0.0753432374521026,21.8885903972679,-0.794822519082758,0.439282976621251,0.904610436752843,-4.91188773187213
"ARPC2",0.074496042093493,22.8194911218929,1.41315791242663,0.178304061798901,0.842341998928484,-4.48651906827858
"ARPC3",-0.0800709817717227,23.0137533452269,-0.929421788511608,0.367589032406169,0.892975750565936,-4.83603453525557
"BET1",0.00418252652014672,16.9571802583632,0.0175995092239331,0.986229858558739,0.997746343106665,-5.12632530530971
"ZBTB7B",-0.0468433790443576,17.40786232697,-0.349092668322967,0.73193888495103,0.958217861269429,-5.08409575859843
"POLR1C",0.0270870765372173,21.3079261181484,0.207636840919194,0.838343835140246,0.974041947385252,-5.11140264841688
"TRIM24",-0.0770447304990434,18.9771089962219,-1.20547258471309,0.24694953932202,0.849389846357638,-4.65010178538666
"PGRMC2",0.156909824402529,20.6729368315586,1.32047548584708,0.206742021787148,0.844322763856599,-4.56180823361648
"RGL2",-0.0849036722130592,17.5702557153982,-1.04185446780839,0.314207323929339,0.878437682691824,-4.76500785408907
"PFDN6",0.000266232510149678,20.0411230550312,0.00142092931783466,0.99888552235307,0.999742128090196,-5.1264338761875
"WDR46",0.0245689259499287,18.4501261940573,0.250636754206526,0.805542583963519,0.968763141778022,-5.1045515537763
"NKRF",-0.00708691921749605,20.4091378017087,-0.13638879873239,0.893352662050131,0.984405675544383,-5.11994156184256
"GNPAT",-0.120839156681004,16.1779483704228,-0.551367203007448,0.589613627575291,0.932117240136735,-5.02167793014813
"LAMA5",-0.106097158168772,17.3490508830997,-1.43286165630529,0.172691081057587,0.842341998928484,-4.47006571137296
"ZNF185",0.0507651131985334,16.5593456588692,0.482563013445502,0.636468700799938,0.938925721121189,-5.04593506031057
"CASC3",0.13454989789237,17.3352953288098,1.09832267431551,0.28961849983305,0.875218094541793,-4.72684494970832
"MRPS12",-0.235158721695772,19.0576762747828,-1.74427253461607,0.101845675872698,0.842341998928484,-4.1916523828657
"VGF",0.902797089876568,16.3202196967515,2.05366263677185,0.0658074176246426,0.842341998928484,-3.93240164230749
"LEPROT",0.22467969230704,13.1295756048549,0.519626072101224,0.611561907918159,0.936335994482148,-5.03290455881556
"ACOX3",0.0119239943024851,19.2946949618028,0.191483666032634,0.850750057301295,0.975701677811386,-5.11364676077403
"RER1",0.0209713305705499,20.9529110555874,0.338317436092606,0.739877660445083,0.958733148350364,-5.08665580008954
"SURF4",0.196729060912467,22.3858323008952,1.65330266222611,0.119327272252277,0.842341998928484,-4.27628603767181
"MAPK13",0.0196474303985426,19.8263734418046,0.31620733769161,0.756262778887026,0.963360829111366,-5.09166248952867
"ATXN7",0.122351969586303,15.7812451554827,0.944131029125809,0.360268151517863,0.891497764793046,-4.82712876133288
"SPTLC1",0.0124387302309721,21.1096458059522,0.255926364727758,0.801532165341576,0.968763141778022,-5.10362090877204
"SPTLC2",0.0357928421401112,20.5503886610836,0.333350744488876,0.743547321266006,0.960155917473499,-5.08780935221815
"FANCG",0.124669844511722,15.6812968833565,0.926982244768978,0.368813036987883,0.892975750565936,-4.83750008573477
"OGT",0.0962049988077283,20.4919133006797,1.34438385842838,0.199077729363126,0.842341998928484,-4.54272692000122
"PPM1D",0.0711210491117882,19.6427055446909,1.20653591419262,0.246551744594487,0.849389846357638,-4.64931280437653
"PMM2",0.0840216963031892,21.744486052305,0.8755679729103,0.395259238479842,0.897167192888407,-4.86761811940874
"RAD51B",0.134825949792873,15.7761874021022,0.716753103619364,0.485486666610934,0.913076276560909,-4.95053812413281
"TM9SF1",0.0279457466104134,20.918359164884,0.221145276247517,0.828002679949402,0.972181095452472,-5.10938761051758
"INPP4B",0.075964825162373,20.6951851220608,1.57437546576229,0.136540108019434,0.842341998928484,-4.34761334098037
"HMGB3",-0.0746589964932696,23.1570954756584,-0.463335015007386,0.649945950579894,0.940958728523278,-5.05211479971855
"PPM1G",0.131398254784081,21.8188567084893,1.46253954588789,0.164512740217729,0.842341998928484,-4.44499921431207
"INPPL1",0.0296355849117482,19.2899222652779,0.572667196202329,0.575471136027172,0.929763305957504,-5.01354880679327
"FANCA",-0.0450932570454867,16.6697891771906,-0.483289889570317,0.635964710076702,0.938925721121189,-5.04569491430548
"EIF3D",-0.131787803459915,22.8933774461213,-0.86448329738848,0.401257692270545,0.899243050380325,-4.87384036854074
"EIF3H",-0.0611860803882358,22.2834880315145,-0.867070739955529,0.399749271263475,0.899243050380325,-4.87245284738416
"HDAC3",0.133610146738356,18.1873805050363,1.08182458238692,0.29665046301485,0.877128291805452,-4.73816192694003
"NVL",0.00620113612066575,18.1761312858024,0.0983576199901331,0.92296866320692,0.986084669120459,-5.12305641161435
"BCAT2",0.008451847479229,20.5765929072227,0.093832826608528,0.926501020478709,0.987672911573181,-5.12335995603155
"BIRC5",-0.278483062225236,14.9771737462449,-0.605369737961767,0.555650893707378,0.925905848197331,-4.99949733362
"NCAM2",0.129232577852235,18.958271575796,1.80555075252971,0.0913756859367509,0.842341998928484,-4.13329901898649
"IPO8",0.0970240311265798,18.8498538487123,1.35207119783721,0.196662625773288,0.842341998928484,-4.53654054570363
"STX7",0.181857481281849,19.6818511254015,1.38864068854915,0.185496486563951,0.842341998928484,-4.50677699529017
"SLC16A6",0.134065047880227,15.6640197535959,0.660482463525348,0.519822839405641,0.920721460254424,-4.97652156368145
"TNRC18",-0.0144777461569277,17.1966609336668,-0.180975183710949,0.858843134167992,0.977171115752443,-5.11500978996912
"SLC16A3",0.0622672563443274,17.110689071924,0.531390318053108,0.603036560923847,0.9347876022965,-5.02903709533571
"SLC31A1",-0.0779604011819295,17.1114072481072,-0.304524185882334,0.765000388002182,0.963360829111366,-5.09416036510495
"ABCC3",0.028245686545894,16.8158569438551,0.184845412660867,0.856040540416379,0.975701677811386,-5.11446332189692
"ABCC4",0.0664936799917548,17.5366461950624,0.776675475750743,0.449591275871979,0.911316442457203,-4.92131526085504
"ABCC5",-0.0201503458690624,17.9484871002107,-0.312000277622467,0.759394538896515,0.963360829111366,-5.09257755428512
"POLR1G",0.136529117271525,20.602130124701,0.66380202574422,0.517243841486642,0.920721460254424,-4.97537994557769
"P4HA2",0.0781849409521982,18.6446533438366,0.579136548505545,0.571210956960066,0.929079585778747,-5.01102233275068
"YKT6",0.0647923523406746,21.3853405297754,0.824185486262216,0.422923999937003,0.902043681327841,-4.89622465943617
"NUP42",0.108197312689477,16.7891118733466,0.891696871304754,0.386829488201828,0.896341048011413,-4.85832902152533
"ARPC5",-0.0991367555087912,21.2161020755445,-0.635952425014378,0.534621362695841,0.925464328596667,-4.98763016472553
"POLR2D",-0.0329388013507792,15.6736182120172,-0.100653568788559,0.921176928051982,0.985937788833006,-5.12289693198863
"MAFG",0.647537206355301,15.7300443673826,2.38088147975289,0.031165725994071,0.842341998928484,-3.54676087904286
"PDPK1",-0.206474885829763,17.9326465075217,-1.40201978872804,0.181542712652051,0.842341998928484,-4.49575199303078
"RNF113A",0.316470933966563,18.2607542914379,1.3417443148049,0.200153239548151,0.842341998928484,-4.54492651223405
"KDM6A",-0.0926596579361068,15.4430251543162,-0.436207075988754,0.668985173142841,0.944349207216172,-5.06053197695051
"CLDN3",0.126936261940667,20.126927554122,1.1194405317012,0.28079927207781,0.868836708734261,-4.71216096029518
"DHX15",0.0416346907149112,23.4651319179415,0.680270552967507,0.506840617214493,0.917812698368546,-4.96809505743536
"RNMT",0.112750027864813,20.3329951417971,1.11178911406824,0.283971144955123,0.871003372588737,-4.71750678782019
"ZZEF1",0.0156486493844383,18.9647932961215,0.291324309468833,0.774848268881717,0.965508761746846,-5.09689954495919
"ASAP2",0.101365514590306,18.510100986319,1.14960419993192,0.268553702547779,0.856157940490957,-4.69080695574901
"TTI1",0.0476981085377695,19.4487952135551,0.688193963131788,0.501980293438186,0.917812698368546,-4.9644630480721
"RRP8",0.031093820320379,19.5615873754032,0.440392719990294,0.666019524177947,0.944349207216172,-5.05927226211225
"SIPA1L1",0.0105547397152606,17.5713488550824,0.157327899035017,0.877113639453683,0.982823192403566,-5.11779725224299
"CYB5B",-0.120813668657057,19.3524416597095,-0.337035611071775,0.740971542264487,0.958942566652935,-5.08688280360341
"PRPF4",-0.0457374884400465,21.1772187197565,-0.727434643599976,0.47831514220739,0.911462804536586,-4.94591017374103
"PHGDH",-0.000932627563656752,24.5812227578955,-0.014347755579014,0.98874425092907,0.998250268639225,-5.12636266702708
"NDUFS4",0.0721709580793224,19.4031367348267,0.503510901270606,0.622019455996957,0.938315260595475,-5.03887570766498
"PHF1",-0.201115572669046,16.117984754968,-0.84820181316657,0.409840382381876,0.902043681327841,-4.88304201869682
"DYNC1LI2",0.0708806626810201,21.1930061879417,1.39061093259838,0.184909865185234,0.842341998928484,-4.50515794447799
"PSMD3",0.0251734355303022,22.2467159203209,0.55114103690818,0.589764739994419,0.932117240136735,-5.02176268478944
"PAPSS1",0.0233522268742625,21.2679298109898,0.395619391385055,0.69803249973858,0.950393426960806,-5.07214292409201
"ZW10",0.038707117094507,20.5785834336472,0.561578171794951,0.582811802705707,0.929790176756083,-5.01781719977508
"SPINT1",0.115232284912945,20.0677373236385,0.697861374158189,0.496202431156453,0.917234421027085,-4.95990450369665
"SART1",0.0927661418785277,20.0079272903707,1.20759249368474,0.246156966073915,0.849389846357638,-4.64852831159511
"SPINT2",0.0539176500244345,20.9499436804451,0.385202174086787,0.705604452866237,0.952083020150937,-5.07492678234722
"GPAA1",0.0549122126615913,19.6063174927951,0.679416660132683,0.507366032211874,0.917812698368546,-4.9684841694995
"TGFB1I1",-0.733679255435373,16.7441782453096,-1.07719301831597,0.320653541519552,0.878437682691824,-4.73467370873255
"AP5Z1",-0.0566516006497473,17.9454414226891,-0.681145484475708,0.506302584383453,0.917812698368546,-4.96769589289841
"HSPA12A",0.139919092806867,16.1976440935633,0.447045669477653,0.661340272388199,0.942806111081549,-5.05723277884501
"CCP110",-0.13940872090814,15.4050803638875,-1.14404357792266,0.27078024819238,0.858604202731194,-4.69477682136578
"CTIF",-0.324138369523258,16.9052244836547,-1.92342047880045,0.0738898363162422,0.842341998928484,-4.01832588741949
"PPIP5K2",0.0382296292472297,19.0809818148038,0.68048217793547,0.506710449552748,0.917812698368546,-4.96799855227477
"MAP3K7",0.0654050689289711,17.802062510667,0.752670207342259,0.46345773529419,0.911462804536586,-4.93348655871654
"EEF1E1",0.0873862367530691,22.3213846705346,0.790006363344903,0.442004068348318,0.908203360227037,-4.91440867066582
"RIPK2",-0.521798266409412,17.7002092037063,-2.61758513427195,0.0195749777508987,0.842341998928484,-3.29327374725437
"HNRNPR",0.134835911603375,21.1291884647226,1.12332521483333,0.279199083599935,0.867594757942038,-4.7094357991016
"PRPF3",0.0400783126300901,21.317961598647,0.840100678469067,0.414223774300573,0.902043681327841,-4.88752587317377
"TXNL1",0.140709708002646,22.7098690712522,1.84764086963058,0.0847479709046979,0.842341998928484,-4.09263774233884
"TPD52L2",0.0486458949607318,22.9776805828804,0.599961486382772,0.557610861818621,0.9270468147788,-5.00270873531791
"EMC8",-0.0372872685054588,20.2489430480642,-0.556748994418879,0.586023621319672,0.931207111891984,-5.01965143453369
"ERI3",-0.280606361867356,19.7580246265865,-2.81382107035025,0.0132270749758476,0.842341998928484,-3.08137910353056
"THAP12",-0.132241245555932,17.3301616810265,-0.836936879331196,0.415943940285916,0.902043681327841,-4.88926674857133
"SYNJ1",0.0906631152593498,17.506237440505,0.84326012826222,0.41251061600587,0.902043681327841,-4.88578164698332
"FIBP",0.052950402806033,17.7010589303231,0.5680331961615,0.578532863440316,0.929790176756083,-5.01534209540073
"EIF4G3",0.0806288928439898,18.6378238401069,1.13245195535061,0.275466525273511,0.862150370073391,-4.70300412405881
"PPIH",0.0829042050992435,21.9296240771214,1.14081917339506,0.272077723401639,0.85906760557634,-4.69707194282607
"HTRA2",0.0481977646320573,20.2659406277093,0.774470035229875,0.450854312121416,0.91142481873976,-4.92244775475056
"OIP5",-0.343177362880429,17.0018508136968,-2.51264986054522,0.024086016775937,0.842341998928484,-3.40609255234394
"AKR7A2",0.172323331168382,19.5281498335247,1.01511072623081,0.326541645804529,0.878437682691824,-4.78244063248059
"EPB41L2",0.156216144425656,18.3389829189032,1.56809618584763,0.137996303191459,0.842341998928484,-4.35319883770673
"TGOLN2",0.0794868521531988,18.3539754132431,0.514224134469322,0.614690968960709,0.937066602819216,-5.03515474147481
"RAD51C",0.0930356569706134,19.718412790475,1.79869570833429,0.092497631545154,0.842341998928484,-4.13987760620747
"B4GAT1",0.0126980349429147,19.7013156049784,0.220392341920407,0.828578229968691,0.972181095452472,-5.10950323738498
"ATP8B1",0.0259232064887946,16.9509131595396,0.192506359673442,0.849963343220335,0.975701677811386,-5.11351002962331
"FOXO3",0.102611274295189,15.9319136913282,0.617615426313756,0.54621930080385,0.92552891980847,-4.99544597301445
"XRCC3",0.0629231702095581,18.3343441565783,0.421087261032746,0.679745276849103,0.947983628026866,-5.0649855656562
"CA12",-0.146047719504072,18.0449016273403,-1.0875360000247,0.294201945145645,0.875482866553864,-4.73425960432892
"AKAP10",-0.0166971086177377,17.424837977885,-0.235960164969414,0.816699194737439,0.969686015513223,-5.10703305558166
"SYT7",-0.283996781070972,17.3513614379079,-1.60790588233828,0.128984064773089,0.842341998928484,-4.31756180575818
"DENR",0.09691056786993,21.8069732528441,0.537640985523611,0.598940644056229,0.933531465418893,-5.02668562176612
"XPOT",0.0205841815797747,21.8995901565403,0.247935772105907,0.807592573251919,0.968763141778022,-5.10501934931268
"DNPH1",0.00759522896325038,21.175051374682,0.0697218125441216,0.945348821566999,0.991836338916264,-5.12473673767602
"TIMM44",-0.037396735767981,21.5237273306655,-0.479079652554109,0.638886518264891,0.938925721121189,-5.04708108814713
"TRAPPC3",-0.214438952539496,20.3479238492457,-1.27466339853238,0.222313304187351,0.848913596012489,-4.59771502549972
"CHMP2A",-0.0363813238823951,20.0254640267221,-0.352673465907603,0.729307636393936,0.958217861269429,-5.0832276340948
"NCK2",0.135675608263476,17.938479450191,0.920638063490524,0.372009224931979,0.892975750565936,-4.84129598147198
"TSPAN6",0.376788365568594,17.4187143642542,1.36119251056328,0.194063032215911,0.842341998928484,-4.52926308930349
"PLRG1",-0.0641685026702561,18.7382805584494,-1.0707234950192,0.301452533770959,0.87771037337981,-4.74569962611019
"PRC1",-0.0101789974676834,18.9604979631071,-0.147063278159995,0.885067566097501,0.982823192403566,-5.11888647352432
"RGS10",0.0200822945325676,16.6759452517613,0.142884235084151,0.888309573067924,0.983360786433286,-5.11930896982864
"ZNF207",-0.173491881811017,19.6375934208027,-1.61601845195777,0.127210653411905,0.842341998928484,-4.31023469594134
"NDUFB5",-0.281603928904001,20.0620521902026,-1.80013451017496,0.0924633623037095,0.842341998928484,-4.13911197866949
"NDUFB3",0.511032087419299,21.1090236738482,2.91327659307317,0.0109365891443914,0.842341998928484,-2.97937311376048
"NDUFA2",0.0955638857396117,20.5241608649131,1.00986679351645,0.328792387046944,0.880057183772315,-4.78589873166841
"GET3",0.202047107824242,22.6653540671758,1.83330652816824,0.0869554274627453,0.842341998928484,-4.10653660491545
"BUB1",0.0358178058186436,15.6607737752359,0.214346978617257,0.833203018380899,0.973261659187354,-5.11041744239631
"BUB3",0.0628133717890833,22.7732567418769,0.887725895179413,0.388893607413255,0.896809944907941,-4.86062960433886
"PLPP2",0.0127539580423388,16.2423695170346,0.0578324501757491,0.954656028296685,0.993062586116823,-5.12526633778626
"ACTN4",-0.0369199026074654,23.097437777528,-0.310321726731534,0.760645282507367,0.963360829111366,-5.09293929052569
"GSTZ1",-0.0248808829573726,20.1837817991652,-0.291675570377215,0.774584882228059,0.965508761746846,-5.09682855346238
"BUD23",0.0947965788318257,18.3872218789691,1.28032141884379,0.220143908290535,0.847665896924723,-4.59330385947535
"HTATSF1",-0.0263411899462334,20.7541654848819,-0.365084227687301,0.720215336998548,0.954180921097348,-5.08015180523948
"TRAF3IP2",0.140800707013568,14.8289893945825,0.713200423556797,0.487613498342472,0.914132023680643,-4.95223555918551
"PRKAB2",-0.168107922452354,16.8376247098522,-1.21780757328457,0.24236541102666,0.849389846357638,-4.6409171199345
"AP1G1",-0.0923662497641722,22.3358387012897,-1.33281521313444,0.202757225440108,0.842341998928484,-4.55199005973897
"STX6",-0.132794380210424,18.4640415369263,-1.05092764434568,0.310157030234136,0.878437682691824,-4.75898556664389
"SYNGR2",0.0774745867276998,22.6578415183372,0.802832801792127,0.4347808095347,0.903541079664684,-4.90766473596305
"SYNGR3",0.0216342844491848,14.7456362557076,0.154625275464062,0.879206577519972,0.982823192403566,-5.11809113297539
"SGTA",-0.203825908676677,19.4502360186982,-0.651046927510115,0.52531080125533,0.921503099472746,-4.98095277331973
"ENSA",0.341128092085452,22.8186902579328,1.23311301320985,0.237309900136905,0.849389846357638,-4.62943370129125
"SLC25A20",-0.0703156053467744,19.8417349718811,-1.20535232973041,0.246994558282678,0.849389846357638,-4.65019098043989
"NARS1",0.0962523386217953,23.6811338536075,1.8166277384299,0.0895882394630278,0.842341998928484,-4.12264252419995
"MYO1B",0.0378826372297425,21.2226489208287,0.589151830017711,0.564648563642487,0.929022143808322,-5.00705847984633
"SLC25A17",0.108903133939311,17.6426552442847,0.674975055882766,0.510104115298512,0.918582534034279,-4.97050093149164
"NUDT21",-0.0728616154977395,22.6299054779723,-1.10478453988111,0.286898275697229,0.87217797114032,-4.72237528527025
"LANCL1",0.0208794804177295,21.202435408611,0.138564197341184,0.891681450332698,0.98411418237975,-5.11972882020707
"STRN",0.0648782288658225,19.1301169527489,0.965079473177643,0.350017454620017,0.886421458442757,-4.81424179885756
"RRP9",0.071298841602303,19.8106356000392,0.8944852101146,0.385384522796333,0.896341048011413,-4.85670831299242
"SCO2",0.0294239466685617,18.907700422564,0.303245476883187,0.76592558982184,0.963360829111366,-5.09444317150831
"AKAP8",0.107704339299517,17.5204401456624,1.07952512977008,0.297640489283522,0.87771037337981,-4.73972838511843
"GTPBP6",0.0269253559558784,18.7344720527632,0.537320537716808,0.599036074019647,0.933531465418893,-5.02687936243463
"SLC37A4",-0.125082756228934,19.025520892106,-0.624361565779465,0.54201380732846,0.925464328596667,-4.99254428006353
"IDH3B",-0.0325143432020596,20.9252562107774,-0.498852307077115,0.625219228216757,0.938315260595475,-5.040470424751
"NRDC",0.0708105871346767,21.9549899333803,1.47698363875744,0.160650275588009,0.842341998928484,-4.43267809788601
"CALU",0.116846315756518,21.7306657664088,1.30524585351237,0.211746254404427,0.846423796376897,-4.57383608523971
"AHCYL1",-0.445674167913293,20.5238701568147,-2.90852810697558,0.0110199138698104,0.842341998928484,-2.98342906541545
"KIF1C",0.0676249811948111,19.811320319414,1.03268102738872,0.318341272871254,0.878437682691824,-4.77105345119582
"PRICKLE3",0.25502144816363,15.7800743628441,1.76240260313685,0.0986430767690666,0.842341998928484,-4.17449561832959
"ORC5",0.0885202801011076,19.0623550719225,1.16718302724679,0.261606226642489,0.851343345813351,-4.67815904926016
"NDUFS5",0.179402304718856,21.5458190527376,1.71022147626484,0.108107984584185,0.842341998928484,-4.2236209640766
"PDE6D",-0.121854756392729,18.9413903415948,-0.468301830552449,0.646537818781551,0.940757100789874,-5.05049024978356
"ORC4",0.0371540023707126,19.0796326093226,0.434904292635021,0.669909400321374,0.944349207216172,-5.06092169304991
"PEX1",-0.0663826780909531,17.0086151122283,-0.684983389013547,0.503946415195713,0.917812698368546,-4.96593938937948
"RAD21",-0.0257958721225897,19.2123176069572,-0.395556718456361,0.698077747643022,0.950393426960806,-5.07216000280694
"KALRN",-0.0392472456295998,13.6110107827521,-0.154203675376242,0.879533153218588,0.982823192403566,-5.11813652024315
"DHX16",0.00457254045955935,20.6499056371942,0.107904341149433,0.915521445871042,0.985471838577121,-5.12236917063708
"ZNRD2",-0.194362678515301,17.9594864331281,-0.687816802710533,0.502434377353583,0.917812698368546,-4.96449112409559
"PPP1R12B",-0.15602777319069,15.1408004980461,-0.723837466440012,0.480456172971943,0.911462804536586,-4.94764985268345
"SH3BP5",0.0510190896751936,14.637920648588,0.28452824545938,0.77994976940168,0.966732684376251,-5.09825647596953
"MED14",-0.0167310987513218,17.9404627623209,-0.19274093427748,0.84978291832334,0.975701677811386,-5.11347856568823
"PRPSAP2",0.0535238866678114,20.4601567197722,1.0470506502092,0.311883055482437,0.878437682691824,-4.76156409658144
"SMARCA5",-0.0601485199677398,21.0965559214713,-0.789139885293787,0.442494750314901,0.908452848359071,-4.91486076708467
"ADCY3",0.232958742488321,14.9360766712291,1.05068229209527,0.311464823692745,0.878437682691824,-4.7587278977135
"KIAA0513",0.0981488903532366,17.022521992093,0.779068110435231,0.448223542801286,0.911232025204671,-4.92008338789967
"SPAG9",0.0215586287050442,20.3929025905293,0.389953005137555,0.702128225921788,0.9516081755383,-5.0736764129142
"KIF5C",0.0301120841324831,16.8774844086064,0.186194927099125,0.854821055675963,0.975701677811386,-5.11434230312822
"URB1",0.0432768492210691,19.1255287391193,0.756073151355916,0.461476168797317,0.911462804536586,-4.93178205206537
"MGRN1",-0.17530084597351,16.4773931445415,-0.816076927233787,0.427401762897225,0.902043681327841,-4.90060020866142
"SIPA1L3",0.0785348607727929,15.8165544830602,0.605402818312795,0.554086152844442,0.92552891980847,-5.00049117071732
"ZFC3H1",-0.000439980412819452,16.1614867499798,-0.00445499653250804,0.996504959786216,0.999742128090196,-5.12642764871222
"LCMT2",0.156986033848241,18.0369737251456,2.28086071251836,0.0378102722684767,0.842341998928484,-3.65247037571123
"AQR",-0.0339066311827239,19.6083214693587,-0.851177657011911,0.408237873220107,0.902043681327841,-4.88138548554192
"OPA1",-0.00155514097168208,19.6603577351197,-0.0278907981590713,0.978122022301251,0.996921100054001,-5.12616283622602
"MCM3AP",0.167876348661686,18.2987858099515,1.41003473708832,0.17920737284372,0.842341998928484,-4.48911299226025
"KIF1B",-0.0986553461486857,17.9563381382001,-1.03640856767816,0.31665676002658,0.878437682691824,-4.76860213935268
"KDM1A",-0.0856551404274271,20.5033976558317,-1.33185276744161,0.203065787223791,0.842341998928484,-4.55275815801297
"TBC1D4",-0.105669100350767,17.7724797002174,-1.46893349606317,0.162793522510207,0.842341998928484,-4.43955473752209
"FZD6",-0.224023993056786,16.2608616326338,-1.73281327861749,0.103916690428242,0.842341998928484,-4.20244831658652
"NUPR1",-0.188598980471763,13.1438657964857,-0.986260278181573,0.357820057022243,0.890549978301985,-4.79316568066405
"NME2P1",0.460254615516995,19.609437058618,1.58265169323567,0.135238662630428,0.842341998928484,-4.3410717729013
"FADS1",0.113792608336915,17.8240452112689,1.24945018370043,0.230908188327784,0.849389846357638,-4.61703678169121
"PPL",0.0370321352417378,18.2322023906985,0.459775532668176,0.652361934642131,0.940958728523278,-5.05328764113198
"MAN1A2",-0.0508680883406463,18.9171256709833,-0.80034425400963,0.436176336396895,0.903961056574724,-4.90898071576263
"SNX3",-0.0101366016221611,22.1880048340831,-0.168442033063813,0.868516885760963,0.980174066839352,-5.11653543999683
"STX10",0.57945292471044,15.4715671871045,2.15985346486188,0.050371425326023,0.842341998928484,-3.80075931923805
"OGA",-0.131322727735206,20.8070558341126,-1.39811821078676,0.182688514507329,0.842341998928484,-4.4989744986041
"ADCY9",-0.154361382289014,16.3189403260712,-1.22001453527381,0.2415522318468,0.849389846357638,-4.63926639777607
"SORBS3",0.0637668617416445,17.0160638415696,0.419488334610984,0.681319257426521,0.947983628026866,-5.06520289288247
"SYNCRIP",-0.01112657160105,23.3020461592263,-0.109449639987026,0.914316737736005,0.985471838577121,-5.12225195913113
"CDC40",0.0100216710694596,18.1362921200279,0.112754170150073,0.911741273795512,0.985471838577121,-5.12199572895881
"B4GALT4",-0.153502900409695,16.7615445213559,-0.583314141223557,0.569848941953706,0.929079585778747,-5.00848105302493
"RANBP6",0.0849834553874942,17.9576689180901,0.743459005980777,0.468847697182853,0.911462804536586,-4.93806561604397
"NEMF",0.0148366496067247,20.8408078073148,0.304145006949512,0.765253686315155,0.963360829111366,-5.09425389077702
"GMDS",0.0888103079846019,20.3844763351218,1.31193226630375,0.209537414152877,0.846423796376897,-4.56856765001579
"NMT2",0.35175241921478,17.3252737561079,1.22104183782287,0.241394798157781,0.849389846357638,-4.63849485721293
"CCNT1",0.054771409054414,18.2440635936548,0.666543301168369,0.51532538041406,0.920033648609936,-4.97429599305015
"BUB1B",-0.0716143878115325,19.4734966911826,-1.01687645091613,0.325555439382829,0.878437682691824,-4.78136651995322
"PLOD3",-0.0859104269227267,21.5837995616517,-1.04357722772064,0.313435338216026,0.878437682691824,-4.76386764272332
"EIF4E2",-0.103587649599337,16.7298831170094,-1.27453325035746,0.22213135998174,0.848913596012489,-4.59778589056764
"CCNT2",0.00138439096129517,17.3973344318644,0.00935418306953606,0.992661531337411,0.999742128090196,-5.12640401421821
"DIAPH1",-0.0633356398418101,21.7745657830815,-1.12343384407992,0.279154435324356,0.867594757942038,-4.70935948748517
"TSPAN3",0.251413389796637,13.5796245362358,0.907699433994781,0.379622364960063,0.893756828005623,-4.84841864171456
"EXOC3",0.00909083569243307,19.8235150329652,0.188130991377343,0.853330271441762,0.975701677811386,-5.11408992957688
"PLIN3",-0.0200576848539669,20.34126538654,-0.199432174930215,0.844639995069025,0.974829174801071,-5.11256503443077
"SLC16A7",0.210853777722985,16.5728296475409,1.14075248054011,0.272104609591187,0.85906760557634,-4.69711936133523
"RAD1",0.041635841740213,18.2539485581964,0.600152554902055,0.557486890280095,0.9270468147788,-5.00263118440667
"PRMT3",-0.127550368893289,20.1848391314448,-1.40772270575663,0.179878494016213,0.842341998928484,-4.4910307351175
"PEX10",0.365753210471995,14.7597603404902,1.11114403096249,0.285499947443215,0.87202202407069,-4.71764373652528
"KPNA6",0.00873463135556207,21.2121616797644,0.0571268543957756,0.955216105629321,0.993287371241483,-5.12529395326077
"UGDH",0.00943838496908,23.2399784758025,0.140747551920685,0.88996796481085,0.983431554290737,-5.11952029808378
"CTNND1",0.0422579933511464,20.3126108295988,0.692907900583081,0.499101664186495,0.917812698368546,-4.96228394940389
"ICMT",-0.46081662472707,18.4254968131647,-2.10771197480347,0.0527511169797697,0.842341998928484,-3.83397129078502
"EIF1B",0.0651597947656981,17.2429704320591,0.259354358465996,0.798965912934698,0.968763141778022,-5.10299569383507
"SNX2",0.0693886918462319,21.2235812188826,0.999504863984976,0.333619434043172,0.882084620678191,-4.79255100683994
"DPM1",0.0599380224569437,22.3282160995621,0.774367458005918,0.450913111119172,0.91142481873976,-4.92250035807293
"USO1",0.0724823365681253,21.2961295484037,0.99259585604268,0.336865878370841,0.882084620678191,-4.79695496437904
"SLC19A2",0.063615694628556,17.1588519994551,0.725929662260792,0.479210202291214,0.911462804536586,-4.94663896950854
"MRPS14",0.124946211625005,18.933052265968,0.725084966252863,0.479823459667182,0.911462804536586,-4.94697627613437
"TOM1",-0.342940858740384,16.7372190537022,-1.02197979248748,0.32340285433336,0.878437682691824,-4.77797580385984
"PFKFB2",-0.0492965852990821,18.5718005458256,-0.711294872395164,0.487966442261546,0.914132023680643,-4.95365444374104
"CCDC22",-0.00677699268825549,19.7772511621833,-0.109290938676904,0.914440450612407,0.985471838577121,-5.12226407331311
"PQBP1",-0.0876392664340386,21.2491044787211,-0.551230847840379,0.589792478839429,0.932117240136735,-5.021672843138
"TIMM17B",0.0852199118131303,20.1811839683814,0.612055077457013,0.549820653861093,0.92552891980847,-4.99773691000741
"PRAF2",0.0308249169645123,19.7781469905944,0.194141793621286,0.848731505855983,0.975701677811386,-5.11328185298829
"DKC1",-0.00448806171053562,21.2669916955573,-0.0756333361550519,0.940724150953247,0.990322435702229,-5.12443669884648
"EIF5B",0.0685636267711978,22.3544272607782,1.52020021474622,0.149543337084462,0.842341998928484,-4.39535114330176
"EDF1",0.095900374319239,22.7979455844627,1.21085239773003,0.244942023165294,0.849389846357638,-4.64610462287617
"KIN",0.138168417874255,18.4604806660064,1.83595428675564,0.0865438620954214,0.842341998928484,-4.10397321148753
"DIAPH2",0.0702863677700449,18.5594728546804,0.776383069528951,0.449758606867055,0.911316442457203,-4.92146557703461
"DNAJA2",0.102707365403958,21.9982065447064,1.26237012885456,0.226353925518885,0.849389846357638,-4.6071559758923
"BRD4",-0.0850254297520685,17.8678391548216,-0.56623716324296,0.579721788957793,0.929790176756083,-5.0160334414648
"OPHN1",-0.186789878048637,16.2033747597996,-0.625760189098133,0.541006935282527,0.925464328596667,-4.99202906791917
"SMPD2",-0.219001365222777,16.5696974706246,-1.40383598887006,0.181011347901635,0.842341998928484,-4.49424982785331
"TBL1X",0.0341945800551198,14.9032961083307,0.24122223018349,0.812694305253128,0.96916047735853,-5.10616038187852
"HUS1",0.116522019800755,18.0884672513392,1.14944767983161,0.268616184896953,0.856157940490957,-4.69091890379793
"PFDN1",-0.439550132201944,18.1963585947645,-1.86935240315596,0.0817424436076714,0.842341998928484,-4.07239721180638
"PPP1R11",0.0096767086260634,17.5736912132047,0.0480303858111176,0.962334461098137,0.994140555635692,-5.12562875268051
"RNASEH1",0.140631876681329,16.7344290701133,1.11185891148194,0.283942090090349,0.871003372588737,-4.71745815308317
"NBN",0.173897673699795,18.6791436250647,2.27229676604343,0.0384371714143643,0.842341998928484,-3.66146886592263
"NOL3",-0.384936778762309,17.7265608243721,-1.03053181245917,0.319661387178128,0.878437682691824,-4.77233131833193
"RNGTT",0.051200648450159,19.1197167972266,1.07713810616179,0.298670795097958,0.87771037337981,-4.74135167461326
"ABCB7",-0.0226620495913927,19.0466373645583,-0.336476928683234,0.741236770273568,0.958942566652935,-5.08708522098645
"SRGAP2",-0.0194070743858532,18.4521467049762,-0.19072198249783,0.851336094232006,0.975701677811386,-5.11374812556209
"NOS1AP",-0.00909303174302778,18.4949690163693,-0.0498175508409983,0.96118991610897,0.994140555635692,-5.12554634765453
"IGSF3",0.0420175433973711,20.4398609707089,0.918955833030472,0.372859901155846,0.892975750565936,-4.84229877781931
"DNAJC6",-0.10018212208648,17.3601536935896,-0.98984867672721,0.338162951114858,0.882084620678191,-4.79869903361392
"FAM20B",-0.157360061712378,19.1398398737223,-1.29480331996901,0.215233022276131,0.846423796376897,-4.58202541451035
"DENND4B",-0.292955741162205,15.9446825918487,-1.28409464936594,0.218855912430618,0.847665896924723,-4.59037413695433
"WDR1",-0.0425866952900087,22.9198801783281,-0.580231038317742,0.570491858353549,0.929079585778747,-5.01059226254969
"SLIT1",0.194660320509687,17.8415762288741,0.498978830470707,0.625868259563938,0.938315260595475,-5.03997209797526
"ATP9A",0.0857491031085367,18.6828886807216,1.01439603935901,0.326698229764415,0.878437682691824,-4.78297322190684
"N4BP1",-0.150611094787351,17.4517640413828,-1.02185712284756,0.323269387972691,0.878437682691824,-4.7781305226039
"ROCK2",-0.0452127052359295,19.1098255111873,-0.848007433442827,0.409945200481137,0.902043681327841,-4.88315004568698
"CLASP2",0.0463513484465423,18.5524663423368,0.810237768557294,0.43064511786487,0.902043681327841,-4.9037274719009
"PTCD1",0.0436396177723779,18.6770285227554,0.823750633309532,0.423163365463069,0.902043681327841,-4.89646028306586
"CPNE3",0.569884374668984,23.6611886362706,6.56525823864178,9.59357503000606e-06,0.0639987390251704,0.148012125971131
"DEPDC5",-0.0646199598879846,14.798908181217,-0.233558974079097,0.818528475078877,0.970431456911451,-5.10742494439915
"ATG13",-0.0158703995418037,17.5734540463312,-0.194004963660514,0.848810829985151,0.975701677811386,-5.11330836397872
"ICOSLG",0.0881171689410465,17.7444892988682,0.712439349752918,0.487278262284046,0.914132023680643,-4.95311049934171
"PPFIA3",-0.114047623482044,17.4984478012724,-1.52261328311807,0.148942672706623,0.842341998928484,-4.39324687667291
"HIP1R",-0.0386297703413732,19.5615208043022,-0.659823235378565,0.519508554361948,0.920721460254424,-4.97728916067437
"OBSL1",-0.160534123507542,15.4021716800765,-0.822664686599018,0.423761508875569,0.902043681327841,-4.89704822118045
"RNF40",0.018607610815959,19.2401929128226,0.258192910043973,0.799815499370321,0.968763141778022,-5.10321625888964
"PHF2",-0.012770406161291,19.0664511984242,-0.24515907005768,0.809701554303684,0.968763141778022,-5.10549503405232
"ZC3H11A",0.101961378594442,20.3235490862701,1.22808695491246,0.238595910357569,0.849389846357638,-4.6332094773508
"CLUH",0.0394181222509644,21.5489556285611,0.902639369888194,0.38117981827615,0.89464197567737,-4.8519437841828
"TSC22D2",0.290249016174812,17.2043928847508,1.01897113332989,0.324770367225397,0.878437682691824,-4.77993622435799
"KDM4A",-0.107302431473947,17.316084685479,-0.630308170783936,0.538108362372638,0.925464328596667,-4.99010297178222
"DNAJC13",0.0111332118512983,19.1876678034151,0.21405257855948,0.833428402942371,0.973267935496457,-5.11046131904304
"PHACTR2",-0.000978020311578121,20.1811788573579,-0.00643679184006028,0.99495106155949,0.999742128090196,-5.12642009890595
"PPP6R2",-0.105835534410996,16.7203506931059,-0.616047198281425,0.547226059664093,0.92552891980847,-4.99609908993731
"CNOT3",-0.0846928325487681,19.4417119484329,-0.602855648547993,0.555734622894387,0.925905848197331,-5.00153157728783
"ANKRD17",0.015642739470433,19.3327657563233,0.282893795894056,0.781178249967668,0.966732684376251,-5.09857810993581
"SIN3B",-0.062901833320236,16.5807946843183,-0.415859571653571,0.683482566653254,0.947983628026866,-5.06649002443929
"ATP2C2",0.105735165730632,19.4757649021152,0.678997958310054,0.507714804894345,0.917812698368546,-4.96861531728614
"DNAJB6",0.0342105025297492,17.9169616809223,0.362618359590011,0.722018444823797,0.954180921097348,-5.08077120372728
"XYLB",-0.0633676709573479,17.6031725308076,-0.455663707730557,0.655248704995482,0.940958728523278,-5.0545779481595
"COQ9",-0.392700347902579,17.2155055523752,-0.991962622262074,0.337497929971203,0.882084620678191,-4.79721203425924
"GGCT",-0.0687764716327983,22.2222222300847,-0.876440927116973,0.394799872398408,0.897167192888407,-4.86711911379282
"NDUFS7",0.205098161804873,20.4706907228259,0.512543983188321,0.616072866275782,0.937823009875541,-5.03559614000892
"RTN2",-0.204755916585386,13.7353315304689,-0.5885388872257,0.568281933080585,0.929022143808322,-5.0052022521305
"NDUFS2",-0.0293289372793559,22.103155034628,-0.337154091813355,0.740736619946061,0.958942566652935,-5.08692749437953
"ZPR1",-0.0779081536209425,19.2736964952334,-0.309081965322229,0.76166027034065,0.963360829111366,-5.09316351517565
"DUSP11",0.266307051818977,17.625671356237,2.49291635260314,0.0250387927196981,0.842341998928484,-3.42724083703263
"NIPSNAP2",0.0411953065798798,20.3239449118509,0.578603950210279,0.571561055390474,0.929079585778747,-5.0112313364743
"LRRN2",0.0336455451482855,18.0014566685216,0.205607041227326,0.839900433071226,0.974261135283977,-5.11169454684364
"PDCD6",-0.110753665803671,22.3603065250161,-0.468610561903447,0.646322307376958,0.940757100789874,-5.05039109279897
"TBCA",0.176882183034774,21.9583013211075,0.968545678209887,0.348574343689649,0.886421458442757,-4.81197809152953
"ATP6V1G1",-0.127790584498612,18.2732184894315,-0.649566385821047,0.526027791357116,0.921999841340862,-4.98173984125948
"VPS4B",0.0213485035103425,20.4181443023967,0.264092794746978,0.795351993799207,0.968763141778022,-5.10214641790422
"MPDU1",0.0391385635955288,21.578390836486,0.522141309923356,0.609302248411151,0.936335994482148,-5.03235697330122
"ENTPD5",0.152459293478326,15.8776370675681,0.760223992888199,0.45906618053832,0.911462804536586,-4.92969357219262
"ZNF217",0.0570745716746224,19.2735231123259,0.73965392448063,0.471085387994585,0.911462804536586,-4.9399423423051
"BCAS1",0.060967402477484,17.9902729432258,0.153671618875656,0.880562821736854,0.982823192403566,-5.11803908721213
"MACROH2A1",-0.100048681565536,19.526041576107,-0.3776214782802,0.711187400919437,0.954180921097348,-5.07687935935298
"SH3BGRL",0.110846506816831,21.3747151706638,0.484948839738323,0.634964527648541,0.938925721121189,-5.04505428400647
"FLNB",0.0696042159043451,22.4484595996931,1.23497480133994,0.23609575614505,0.849389846357638,-4.6280177932636
"NCOR1",0.0854216497430755,17.0955196593014,1.03662900990691,0.316557342485784,0.878437682691824,-4.76845694603205
"NDUFS6",0.134114811034955,19.2135958467667,1.11569483116074,0.282348710029675,0.870529341498932,-4.71478158569439
"PEX14",0.0920989231765681,17.425637136812,0.536001624450751,0.599924655272973,0.934414516770022,-5.02736121850279
"TRIM3",0.105455656090154,17.6748007181645,1.1782071889104,0.257319728606248,0.850763184094445,-4.67015185033204
"ULK1",-0.0468197707370841,17.0988894256455,-0.506249082040089,0.620142394867005,0.938315260595475,-5.03793177908141
"CS",0.0325694529855838,24.8373218085838,0.506088148547171,0.620252641650892,0.938315260595475,-5.03798739253253
"SPAG7",-0.109662841105749,18.580117140153,-0.566829313481472,0.579412797057501,0.929790176756083,-5.01575210714912
"MRPL33",0.100848723004066,18.331259826332,1.4290445807269,0.173766923567369,0.842341998928484,-4.47326499132246
"SEC22B",-0.0618799038282738,22.7835481175136,-0.746138249989992,0.467275990599502,0.911462804536586,-4.93673895706111
"PRPF40A",-0.0368138421660014,21.9717039555413,-0.616166495465556,0.547149438569589,0.92552891980847,-4.99604946087038
"TACC1",0.109545402814039,18.2572113981733,1.03953020242835,0.315251036151614,0.878437682691824,-4.7665437426215
"NME6",-0.0421480042076965,17.4422544968766,-0.265246290005347,0.794480185360899,0.968763141778022,-5.10193446239771
"CDC45",-0.0383365777311937,17.6203334525568,-0.436626981577821,0.668687399465474,0.944349207216172,-5.06040612601053
"LRCH4",0.0480250294789819,16.7092173759484,0.151170899509674,0.882054567270428,0.982823192403566,-5.11841719877338
"MTX2",-0.12037828788824,20.2365440930657,-1.28426966346721,0.218796316432352,0.847665896924723,-4.59023809554834
"VPS26A",0.0155579037580758,21.9337940700408,0.301921888069828,0.766914597269285,0.963360829111366,-5.09472068097319
"NDUFB1",0.17820176336285,18.6445275573086,0.847736504919659,0.410247603592423,0.902043681327841,-4.88320963979751
"PMPCB",0.0992556558242619,21.3512584838949,1.49491994584949,0.155959513808399,0.842341998928484,-4.41726947374133
"SAP30",-0.127634479661488,17.0558569191368,-1.02609209487392,0.321334705384184,0.878437682691824,-4.77536881239627
"MED24",0.0771287635234899,18.8805063467976,1.23279425862921,0.23688502967139,0.849389846357638,-4.62966370908576
"KATNA1",-0.0365228929466888,17.1123335205207,-0.296777122682769,0.770762819880672,0.964320849854457,-5.09578801313706
"PSIP1",0.0395015452098626,19.8927495043007,0.639063954331753,0.532552341532726,0.924689398845605,-4.98635837640013
"ERLIN1",-0.117321243370032,19.3243477294861,-1.27542627846979,0.22182380360362,0.848913596012489,-4.5970953448565
"NDUFS3",0.169652860377028,22.0622133186211,2.14185260118342,0.0492691773902574,0.842341998928484,-3.79730927755104
"SRSF10",0.236468852241831,20.4274953590492,1.9454598356392,0.0709760447973745,0.842341998928484,-3.99646281661824
"CLN5",0.30948319720196,17.6857536577817,1.77559544367213,0.0978564938650979,0.842341998928484,-4.16610031604569
"ECI2",-0.0162719317098201,18.6636235922489,-0.231989969064417,0.819724368115129,0.970431456911451,-5.10767887155127
"TADA3",-0.143351560458274,16.1663770459768,-0.723713838926348,0.480529858125494,0.911462804536586,-4.94770950277543
"TAF5L",-0.21565653546395,15.3652537115751,-1.4342316168861,0.17230630039995,0.842341998928484,-4.46891609586416
"EED",0.109672449464465,19.0858710886205,1.60185666863729,0.13032017944639,0.842341998928484,-4.32301120363394
"BANF1",-0.123830337407359,19.5025392477346,-0.52914921069213,0.604716878094795,0.934893694964166,-5.02974227329287
"SF3B1",0.0375719416022946,22.894604370422,0.831462347195252,0.418931438464685,0.902043681327841,-4.89226547909589
"CSDE1",0.14653291355437,23.6772588837099,2.05884330018604,0.057567916586284,0.842341998928484,-3.88237089896345
"WBP4",-0.171792036901099,18.6710762642608,-0.521569327919006,0.609899577961911,0.936335994482148,-5.03242911921795
"PRKRA",0.0803828666312612,20.2370026407557,1.45504825857356,0.166546178217426,0.842341998928484,-4.45135835211679
"RPS6KA5",0.0786621691495277,17.9336706621504,0.360579807263619,0.723560311948292,0.954513005938327,-5.08125448118226
"MED6",-0.117619004492933,17.8210896651069,-1.3898327024959,0.185141394561805,0.842341998928484,-4.50579764341598
"MYCBP2",-0.00298182187758655,16.5727343385843,-0.0398274591205731,0.968763211096935,0.994630468337478,-5.12588047925394
"GCAT",-0.125729826190778,19.0269885297974,-2.00096759037298,0.064092665166438,0.842341998928484,-3.94093335335592
"NPM3",0.0351364271017012,21.3504597181926,0.488172431260512,0.632584156794139,0.938733993165069,-5.04407284371782
"LYPLA1",0.239817586760143,22.645474228098,0.76636856452895,0.455886781327021,0.911462804536586,-4.92634791929642
"ERAL1",0.0352057056747306,19.8650862111601,0.415622137026603,0.683652513763217,0.947983628026866,-5.0665579227299
"DEDD",-0.425803486213562,13.0366029359718,-2.17918377746347,0.048628128748438,0.842341998928484,-3.78156668341593
"CREG1",0.839421635986923,19.0805440433371,1.19080538738459,0.253066456239615,0.850763184094445,-4.66088281881879
"SNRNP200",0.0531373281688801,22.4163176584638,1.16629268808362,0.261954779602034,0.851343345813351,-4.6788032054228
"TRMU",0.083665222009131,17.8066059401106,0.904338102939101,0.380307790171372,0.893756828005623,-4.85094653074978
"TIPRL",-0.0632848925181548,20.6528985024574,-1.09267415015478,0.292011998535411,0.875482866553864,-4.73073495812456
"TOM1L1",0.0416362265600192,19.6576240033089,0.475405198198402,0.641441575441722,0.940452032916863,-5.0482813571069
"RPS6KA4",0.00154867111693591,18.3256481148216,0.0209781789826013,0.983543399717585,0.997543228069567,-5.1262808433975
"SURF6",-0.0427613296667637,20.2895439044821,-0.376397141858615,0.71196518867797,0.954180921097348,-5.07725765195661
"PPM1B",-0.083941515546158,18.5133385638968,-0.923463115192363,0.370583633429727,0.892975750565936,-4.83960841902541
"ADAP1",-0.38232377142921,16.72844988689,-1.67024349019122,0.115887047939301,0.842341998928484,-4.2607151068859
"UTP20",0.051348475139644,19.4327472094475,0.737212455120432,0.472524586818859,0.911462804536586,-4.94114193126996
"NUP155",0.0273706779874239,20.6928464450923,0.518787441199344,0.611582183946139,0.936335994482148,-5.03354712923955
"RP2",0.0698187500414704,18.9166537243169,0.907344278196987,0.37876791815577,0.893575714592306,-4.84917779401203
"STK16",-0.270668661168994,14.0046329305283,-0.970832169543654,0.347238558227404,0.886421458442757,-4.81066131793789
"WDHD1",0.0856771416890716,19.8238268456027,1.61281240237506,0.127908981224082,0.842341998928484,-4.31313292048642
"CRTAP",0.0322380275054712,18.4559914108024,0.349529390413288,0.731617784769781,0.958217861269429,-5.08399034403944
"SLC25A12",0.124586462324352,19.1924481994661,1.86637659524761,0.0819381597255941,0.842341998928484,-4.07439361157861
"B3GALNT1",0.0257903008388602,18.1361811750647,0.237290237220917,0.815686389885407,0.969435935671754,-5.10681427210601
"RAD51D",-0.150255944787833,13.1006933413223,-0.439743949079493,0.666934074229253,0.944349207216172,-5.05920330788231
"ATP6AP2",-0.0157145416691407,20.5641030709055,-0.218068462567843,0.83035526453428,0.972373687946956,-5.10985764653332
"RNASEH2A",0.22373426525343,19.2466493374412,3.63946620513139,0.00247096452978253,0.842341998928484,-2.20580158400274
"CDC123",0.0497435853840393,20.7416600291526,1.07001330209737,0.30176168097695,0.87771037337981,-4.74617972595262
"CAPN15",0.0940881946122829,18.4545324647697,0.750129228123859,0.464940779682258,0.911462804536586,-4.93475480044516
"POP7",0.0957358498459904,19.1787993142853,0.875577128118432,0.395254418975022,0.897167192888407,-4.8676128882647
"RPP40",0.0901113611427498,19.4440928097806,0.94410975098507,0.360278668355286,0.891497764793046,-4.82714172979457
"EIF3G",0.072494913016925,23.9580654199037,1.0761118510512,0.299114562398162,0.87771037337981,-4.74204869130954
"EIF3J",0.0327393600958352,21.0661203142899,0.226926233726587,0.823614141678227,0.97172646386436,-5.10847718694411
"CBR3",0.0109764883766204,18.5577824537908,0.0875940091677192,0.93137406890604,0.988634971821529,-5.1237550814938
"PSMD10",-0.0828585104801967,19.4875435909513,-0.716521030023607,0.484828644299653,0.912730526544901,-4.95116408963107
"AP1G2",0.0787674409040697,19.1164041074285,0.962032185851762,0.351495771837727,0.886421458442757,-4.81613119898579
"ZMPSTE24",0.0519580582070347,21.6055170758104,0.762801734464156,0.457573463446305,0.911462804536586,-4.92839142251134
"SC5D",-0.218151959153003,13.1374658596684,-1.04202027055634,0.322442102173191,0.878437682691824,-4.76189225776353
"PPP1R37",-0.0241422480234377,17.5864942582346,-0.176475222574932,0.862313838114763,0.977592365867279,-5.11557008953557
"TRAPPC6A",-0.337683477180377,17.5231735112604,-0.947918430125334,0.358718088597255,0.890549978301985,-4.8246606837396
"IDH1",-0.0993985077090933,23.4824218958594,-0.907872236590388,0.378497916598486,0.893575714592306,-4.84886664098339
"GATB",-0.0212270842393387,17.6196708938086,-0.292965787047105,0.773617682601354,0.965357942505356,-5.09656707171529
"SCO1",-0.102910398408291,20.8786828401236,-0.690388087198196,0.500743618356567,0.917812698368546,-4.96338240972805
"RBBP9",-0.243183870934452,19.1180239517968,-1.67109088646435,0.115717245107004,0.842341998928484,-4.2599338900072
"STAM2",0.238693805864482,18.2908082202778,2.25726075163743,0.0395614568245985,0.842341998928484,-3.67724579914649
"TUSC2",0.347534010179245,18.862055951204,2.36864383993199,0.0319151109696614,0.842341998928484,-3.55975063106505
"DGAT1",0.218414323770421,17.8768170059325,1.13957902404068,0.272577998784096,0.859600270986376,-4.69795333346171
"CCNK",0.0168445953300598,19.7451583732136,0.245874540543924,0.809157988238928,0.968763141778022,-5.10537297149714
"ARL6IP5",0.565460459929326,21.5811120442561,1.07111863596935,0.301810915296377,0.87771037337981,-4.74526348167575
"PIAS1",-0.0478887138034718,15.6657396585433,-0.359123221255796,0.724577104193027,0.954513005938327,-5.08164212142495
"BCAS2",-0.364413765962439,18.5350135419519,-1.55186477849429,0.142139322402711,0.842341998928484,-4.36796652221675
"DCTN3",0.0960104390714598,20.4468113335273,0.906741210663117,0.379076491125202,0.893575714592306,-4.84953302295986
"DNAJC8",0.146425823474512,22.1636561073125,1.74504833867391,0.101706784530689,0.842341998928484,-4.190920129825
"SMNDC1",0.0244102727244915,19.3303905818313,0.272094428440775,0.789310255117744,0.968408605409542,-5.10065733914105
"RAD17",0.0792358477114448,17.1267818113894,0.537050770389845,0.599217768688907,0.933531465418893,-5.0269780114757
"ATP5PD",-0.386324319891134,20.8883576569446,-1.8115498586753,0.090837088747245,0.842341998928484,-4.12889289412974
"FLOT1",0.0392108370725772,19.1992379304913,0.43653416221749,0.668753216838626,0.944349207216172,-5.06043395519748
"TRIO",0.0208558399594452,18.5298844287209,0.301923837862865,0.766913140042793,0.963360829111366,-5.09472027304902
"ATP5MG",-0.0833645322427614,21.6957354371554,-0.499447175365306,0.624895553642842,0.938315260595475,-5.04021478168201
"MPDZ",0.184418143091445,17.3605022646435,0.466740368664556,0.648136656457842,0.940757100789874,-5.05068568218792
"CPD",-0.0498791262483564,19.2644285105717,-0.50956993754895,0.617869564353522,0.938315260595475,-5.03678043357168
"GLRX3",0.13920550078506,22.9891461573523,1.91143751497317,0.0755189640780243,0.842341998928484,-4.03016698956141
"RSL1D1",0.0143673797964361,22.610028875521,0.241684431412293,0.812342786404757,0.96916047735853,-5.10608281939369
"WFS1",0.0399414982218005,19.7648243647527,0.662961028370464,0.517552904159796,0.920721460254424,-4.97589504419989
"ANXA9",-0.0633034784769109,18.3921500415681,-0.457929906921169,0.653656977250368,0.940958728523278,-5.05386818554573
"CLPX",0.0701743392021257,20.5011450976714,1.06866270696628,0.302350238049289,0.87771037337981,-4.74709203918879
"NEBL",-0.408322119572304,17.5514740176588,-2.04684620739067,0.0588682791523828,0.842341998928484,-3.89456320244319
"STC2",0.194930498938366,15.3482180110221,0.6714675804329,0.512272361235949,0.918582534034279,-4.97208494832877
"TM7SF2",-0.0193191657335667,18.5889300258524,-0.096312793456342,0.924578603296011,0.986700345958677,-5.12319315586314
"SNCG",0.129015281061204,19.2288445846874,0.844190212027826,0.417056662150806,0.902043681327841,-4.88232931749748
"CIAO1",-0.129998198107298,20.8468620852664,-0.741699725130071,0.470020186354196,0.911462804536586,-4.93884579076428
"DFFB",0.00291129075588259,17.2320002305923,0.0300291590319036,0.976445177652923,0.996420699068217,-5.12611957163192
"ZFAND5",0.118096825810451,14.8655840604899,0.347465564022895,0.733135670295922,0.958217861269429,-5.0844873689674
"SRP72",0.013826354838617,21.837238657445,0.234376862244666,0.81790526667503,0.970344306240286,-5.10729190576515
"JTB",0.261139597767322,18.8861560770247,0.972611642982293,0.346709024490919,0.886421458442757,-4.8093996867644
"DXO",-0.386518313661181,16.3368786133158,-2.07406931670389,0.0559555008707545,0.842341998928484,-3.86685885716387
"DDAH1",0.166582613731485,20.086984626018,1.94164258216253,0.0714731640635778,0.842341998928484,-4.00025727751954
"RECQL5",0.171160803001204,17.7934993488653,1.66587738985773,0.116765363214754,0.842341998928484,-4.26473670243043
"URI1",0.123594107269945,17.2705734751189,1.43115853720433,0.173170424240712,0.842341998928484,-4.47149388148532
"B3GAT3",0.0981145077447216,19.2180228973984,0.678662724945602,0.507830203954708,0.917812698368546,-4.96882735864876
"MTA2",0.051555504843698,22.2076466543288,0.780072447838575,0.44765019847676,0.911232025204671,-4.91956528574789
"STK10",-0.033465658025694,19.1266462692514,-0.437446307196217,0.66810654503299,0.944349207216172,-5.06016022724355
"SLIT2",-0.267051746178208,12.5745258487669,-0.698389081317843,0.499704404287053,0.917812698368546,-4.95717721609063
"ATG12",0.137494405931282,17.3393290548814,0.627636090331878,0.539810320897807,0.925464328596667,-4.99123618457374
"LTN1",0.0706292404740978,19.5177138870134,0.922421328931469,0.371108908398804,0.892975750565936,-4.84023124952621
"TOMM70",-0.0342971788143664,21.3155132512702,-0.59016796211392,0.563984998419022,0.929022143808322,-5.00665275079788
"IPO13",0.013895277013301,18.126848906627,0.18976483809398,0.852072646662252,0.975701677811386,-5.11387493320992
"DDHD2",-0.103956563457981,16.0340372795574,-0.721526863152356,0.48183447488508,0.911504459854973,-4.94876318646668
"MYO1D",0.110885329849157,20.1447586386025,1.6899425513508,0.111995151067532,0.842341998928484,-4.24249749518595
"TOX4",-0.35725521000786,17.7242795796663,-2.7642734153467,0.0146096833547112,0.842341998928484,-3.13492754138642
"SEC24D",-0.0891383613918855,18.1359842309095,-1.27527383427253,0.221876281116866,0.848913596012489,-4.59721324928334
"UFL1",0.0526302360913746,23.7111061455821,0.911445600510594,0.3766739135918,0.893575714592306,-4.84675659991052
"TMCC1",-0.178379114862885,13.2825077382876,-0.390817391764365,0.703535835278208,0.9516081755383,-5.07233856802211
"PHF14",0.00321823403220733,17.9257055872007,0.0258098401545264,0.979753955751484,0.997382571404356,-5.12620187272126
"TMEM63A",-0.0383677112516949,17.1019673292282,-0.379404327008942,0.709778341979401,0.95366189714896,-5.07647385105712
"FARP2",0.0282398804664581,17.2529962866351,0.243390482454921,0.811045641983245,0.968763141778022,-5.10579525336993
"UBXN7",0.00423349166714715,18.9199059020353,0.0255098250069879,0.979991644238347,0.997382571404356,-5.12620714878687
"SUN1",0.0319718782417731,18.882931059882,0.571940221065885,0.575950895969974,0.929763305957504,-5.01383104271444
"PLPBP",0.0549554681598536,20.7972875760044,0.818215300624795,0.426217944346692,0.902043681327841,-4.89945000316656
"ERLIN2",0.00711193421337342,20.372335678831,0.14275818356682,0.888407393351173,0.983360786433286,-5.11932152498345
"PRPF6",-0.0460990503344085,21.990690700078,-0.852656424357238,0.40744308280117,0.902043681327841,-4.88056043043222
"DKK1",0.0168350897384322,16.5551160812751,0.0299834421004388,0.976648870703199,0.996420699068217,-5.12611208494129
"PCF11",-0.0119973622151441,17.1809277112417,-0.126850528839279,0.900766797041735,0.984405675544383,-5.12081733591018
"FRYL",0.0622974639643878,18.4809568223763,0.78468847711756,0.445020977738755,0.909916121031136,-4.91717637900365
"ENDOD1",-0.231491234806889,17.6754659890912,-1.58066744220318,0.135094112264259,0.842341998928484,-4.34200304840803
"GLCE",-0.0973292076463146,19.5639989971357,-1.55353121554567,0.141424888441292,0.842341998928484,-4.36610227094345
"GLS",-0.0912060128416137,20.5636355614268,-1.83172149173468,0.0872026372026656,0.842341998928484,-4.10807028057562
"HAUS5",-0.0225513443877645,17.881979378434,-0.259525570719965,0.798806648995757,0.968763141778022,-5.10297669140603
"FBXO21",-0.0772674311039765,18.0297798635274,-0.828353986677867,0.420633885659372,0.902043681327841,-4.89396041632822
"KDM4B",0.113087982555635,15.8126650777951,0.704662059696153,0.491966166340022,0.915921405077277,-4.95679117905488
"SOGA1",-0.136116443886198,20.7637715923342,-0.8197929797171,0.425496492829822,0.902043681327841,-4.8985091840943
"USP19",0.0401308011976518,17.9056785706643,0.537841415748147,0.598685328394008,0.933531465418893,-5.02668875381826
"WDR47",-0.0272910201422754,17.200087464564,-0.250751423566299,0.805455584833296,0.968763141778022,-5.10453158277381
"TRIM37",-0.123782550750672,17.2587214287798,-1.11150952381541,0.284087553446149,0.871003372588737,-4.71770158173147
"AP2A2",-0.0627220215975228,19.4914347037254,-1.23312382915524,0.236765605795566,0.849389846357638,-4.6294150818545
"SEC31A",-0.0188708609501624,22.1339811615932,-0.363016251596036,0.721727379940592,0.954180921097348,-5.08067153495653
"HEXIM1",-0.22422947148964,19.5567420507659,-1.89314916954771,0.0780676972074234,0.842341998928484,-4.04817481801573
"TJP3",0.0182278193263627,18.9735930679741,0.270579276496341,0.790453230688853,0.968408605409542,-5.10094267035595
"RPP14",-0.325514596246698,18.5321695042486,-1.98270803022118,0.0662869812348566,0.842341998928484,-3.95927154448795
"CCNB2",-0.0232300063660809,17.8910581058602,-0.271943336567364,0.789424210914534,0.968408605409542,-5.10068586310754
"YIF1A",0.0538276143308138,19.3205549501608,0.454853495962323,0.655818200163923,0.940958728523278,-5.05483088000187
"UBR5",0.0835116257240003,19.8489586620594,1.781795473942,0.0953159052568761,0.842341998928484,-4.15604249151258
"AGFG2",0.0132333010542247,16.5183987296798,0.113733534162571,0.910978178496662,0.985471838577121,-5.12191832931755
"SCAF4",-0.111707714828107,17.4712438171523,-0.815527862224658,0.427706070028227,0.902043681327841,-4.90089511527655
"NDUFB6",0.158842616246815,19.4307913130495,2.3920167239295,0.0304983364715853,0.842341998928484,-3.53492895066305
"MFN2",-0.0254751513174227,19.2364057409126,-0.323222950238379,0.751050161082908,0.961474909590464,-5.09010978538565
"UBE4B",0.0128888872413384,18.6716904017078,0.266793576209513,0.793311196047352,0.968763141778022,-5.10164871548293
"ZFPL1",0.131154456853011,19.6133325587135,0.517248163712315,0.612790753219611,0.936335994482148,-5.03399007829928
"ELP1",0.102530521602109,20.1295728230033,2.45955115925123,0.026732032361604,0.842341998928484,-3.46293820478907
"UBL3",-0.0418677125697577,20.7279728839104,-0.332957742030174,0.7438379689719,0.96016700677468,-5.08789991640272
"GABARAP",-0.121013518898938,17.4550877538276,-0.465293330152541,0.648568196264469,0.940928818983741,-5.05149602416317
"NDUFA3",0.011269910796706,19.5103859714295,0.0297143848174907,0.97670438483092,0.996420699068217,-5.12612552630915
"NDUFB4",0.0245113060789031,20.543852606665,0.275072553846551,0.78706512645608,0.968408605409542,-5.10009192201137
"NDUFB8",-0.273012805660279,18.5753810211819,-1.25391288878826,0.229558357398112,0.849389846357638,-4.61364941086937
"NDUFA7",0.248978476762463,19.027567814568,2.1086088958712,0.0524504816206501,0.842341998928484,-3.8315170194062
"RTN3",0.253264264193277,22.1472885461744,2.92813837883044,0.0105059160509094,0.842341998928484,-2.95790312126869
"LETM1",-0.0555705434558185,21.3113007169995,-0.860477207441063,0.403256614820677,0.900408026538814,-4.87617618075511
"EPN2",-0.467809252337386,18.0255958038056,-2.00185134290358,0.06421203157227,0.842341998928484,-3.94126435474266
"STBD1",-0.0369249531704661,17.892546429225,-0.264500986898507,0.795043451005353,0.968763141778022,-5.10207151659734
"ZRANB2",0.183093036271721,19.0057219623971,0.992906853071137,0.336888560470337,0.882084620678191,-4.79668368320977
"SNX4",0.0862389228510452,20.0033383341136,1.2895896176467,0.216990892215278,0.846721564084261,-4.58609639802968
"ZWINT",-0.404319586546904,17.2541473536686,-1.79036594198895,0.093877348506442,0.842341998928484,-4.14785455679538
"LUC7L3",0.031158978536439,21.3761649605482,0.530664301489857,0.603527237759111,0.9347876022965,-5.02929969747249
"KIF20A",0.075487946698594,17.8088329249588,1.2106804904068,0.245005975605304,0.849389846357638,-4.64623255635194
"SPDEF",-0.149582326757539,18.0705759800981,-1.19408139729307,0.251242185740381,0.850763184094445,-4.6585208917003
"KIF4A",0.0531803340768704,19.122597172804,0.555566320657607,0.586811581530384,0.931294606042491,-5.02009836105925
"MBD4",-0.00717124350203235,16.4134884555267,-0.0835789354937467,0.934511699685038,0.988634971821529,-5.12399501768884
"SBF1",-0.0302903335122622,17.0213250891275,-0.287900528487969,0.777417023127617,0.966517881554072,-5.0975870948372
"GOSR1",0.0459339818909044,18.841216710507,0.396575055339164,0.697342687012054,0.950393426960806,-5.07188217473799
"KAT7",0.00250200080770568,19.2774350443128,0.0504153519130806,0.960465816116198,0.9941266553382,-5.1255467477534
"ATE1",-0.0575384170621227,18.5917252949791,-0.574952407125971,0.573964393012382,0.929763305957504,-5.0126594143658
"LYPD3",0.0885753696163256,15.6356044635162,0.265158603946363,0.794546448297301,0.968763141778022,-5.10195060679754
"VAPB",0.00835687124323314,21.9233338514447,0.114462196665509,0.91041048215497,0.985471838577121,-5.12186030948735
"SNAPIN",0.26921816530734,18.7982021285392,1.10160360493471,0.288602518212582,0.873929822512998,-4.72448049505688
"MPZL1",0.142108092711677,17.0953851181142,1.04005692032228,0.315014293204637,0.878437682691824,-4.76619592905182
"NDUFC2",-0.0735694854778508,19.70875037553,-0.796686768083196,0.438232546502438,0.904343612727458,-4.91090826381735
"NDUFA10",-0.0613461838705582,20.6726685928191,-0.949906324611138,0.357421544794232,0.890549978301985,-4.82359974495489
"FKBP9",0.0635732868109535,19.7965260740748,0.951509814326929,0.356633974313869,0.890050595827842,-4.82261670485796
"PGLS",-0.0735115815622471,21.8907548084587,-0.350197019133447,0.731230924073853,0.958217861269429,-5.08377656024431
"PAPSS2",0.0313200598587784,19.3865994995351,0.496446818699477,0.626874510086204,0.938315260595475,-5.04128832081515
"SMC2",0.0495032779268776,20.0948274184815,0.813648051204779,0.428748967999267,0.902043681327841,-4.90190344675463
"ATG7",-0.0302286998304027,20.7641576157246,-0.391895115795638,0.700723362842663,0.951184951932673,-5.07315324389154
"TACC2",-0.00666746072586832,17.1080838011542,-0.0599332194785044,0.953010971379227,0.992899608007313,-5.12517993720676
"TRIM16",-0.0502243003172005,20.5648050196995,-0.566709940488819,0.579408700442305,0.929790176756083,-5.01585165566741
"FARS2",-0.106782980512488,17.7370512783272,-0.815851826520344,0.427526503143532,0.902043681327841,-4.90072113301589
"ZBTB7A",-0.189827180195707,17.8093722757875,-1.44031437843231,0.17060637511431,0.842341998928484,-4.46380288948268
"LYPLA2",-0.590175027968328,18.8928191630574,-2.12094665792325,0.0516297315916534,0.842341998928484,-3.82169047182984
"IPO7",0.0140807190935881,22.4130103551481,0.226396377634887,0.823991542495098,0.97172646386436,-5.10857034159655
"ARIH2",0.073244277303953,18.5637273871202,1.08879123774917,0.293665827386003,0.875482866553864,-4.73339976471931
"MAP3K6",0.05101217647033,15.7190049424694,0.331506251317979,0.74491177803249,0.960286183316858,-5.08823349306072
"SLU7",0.153257775994817,18.8543600069478,1.10123120405686,0.28839174402922,0.873688158228396,-4.72483569745427
"PGM3",0.0576971146346921,21.1608360445503,0.863397801749989,0.401700538170194,0.899243050380325,-4.87452998621136
"MOCS3",0.0261092636509161,20.3777348255142,0.366453748050819,0.719214648421144,0.954180921097348,-5.07980602757916
"CD2BP2",-0.0891691709278248,19.8198868237803,-0.771801201406641,0.45238569189503,0.91142481873976,-4.92381434846512
"ZFYVE9",0.0111773110801998,14.5991262841362,0.0411265620844937,0.967744924372511,0.994596052769101,-5.12584374477846
"SVIL",0.0408959746853874,17.4432397196497,0.517278224804685,0.61260949758652,0.936335994482148,-5.03408030935572
"AHSA1",-0.0625667266617285,24.8453048189541,-0.554668412773239,0.587410177297433,0.931672204648401,-5.02043707630199
"PARN",-0.0397009347125206,18.945933946409,-0.429576837972461,0.67369456211344,0.945496050667302,-5.06250363280275
"PSMG1",0.0487154716396887,21.7063371471611,0.521743291502026,0.609572600116458,0.936335994482148,-5.03249859592351
"SGPL1",-0.00245612934805095,21.2135862240298,-0.0409008223596536,0.967921863708625,0.994596052769101,-5.12585021258449
"CLDN7",-0.416855003554705,19.5904060418315,-1.58886197615857,0.133674822824697,0.842341998928484,-4.33531767465452
"NSA2",0.0898782376560376,19.9994376956218,0.743029844200765,0.469099753216469,0.911462804536586,-4.93827772037404
"H6PD",-0.0654086800393898,16.8725198712761,-0.626294105592674,0.540666207574242,0.925464328596667,-4.99180362326364
"SEC24A",0.0291288607834197,20.9819909319053,0.498994970526488,0.625121123022886,0.938315260595475,-5.04042179874279
"SEC24B",0.107474934696139,19.7538708090128,2.19601678683086,0.0444660084146485,0.842341998928484,-3.74119939327022
"VNN1",-0.354054192869235,17.186711159688,-1.34805066353569,0.198119990771683,0.842341998928484,-4.53984977074364
"CBX6",-0.110231065508987,16.4402300285603,-0.744990038897821,0.467949162625517,0.911462804536586,-4.93730803436291
"SLC2A10",0.0424202084757148,15.8250604391068,0.281503332974552,0.782223821007696,0.966732684376251,-5.09885029359822
"TDP2",0.162028800136834,17.8645623496664,1.41411717204109,0.178027368316434,0.842341998928484,-4.48572158868033
"SFT2D2",-0.139139123272098,16.8407895141176,-0.995313066278268,0.33558643318951,0.882084620678191,-4.79522597500632
"MPC2",-0.193499360840026,19.1447983537586,-1.44191716055183,0.170160766528757,0.842341998928484,-4.46245319644246
"ETHE1",0.077718861642694,18.1966895297816,1.01612551730025,0.325901110867875,0.878437682691824,-4.7818532824967
"ACSL3",-0.0193815933064165,20.4902745610258,-0.203671210097182,0.841385613602146,0.97462813480464,-5.11197028090315
"POLR1A",-0.00290022335844498,19.841137189111,-0.0559037203828423,0.956166553653345,0.993442398593704,-5.12534295013811
"PCNT",-0.111977097348376,15.7717373716415,-0.531929813259137,0.602672072571728,0.9347876022965,-5.02884173771573
"YEATS4",-0.0318745161369876,17.5196132123565,-0.375834174800807,0.712374873953367,0.954180921097348,-5.07740370986645
"ZBTB11",-0.0323733632212342,15.0597102064936,-0.282260289797083,0.781654566517276,0.966732684376251,-5.09870228292204
"CNOT4",0.249635421771597,18.1941232909576,1.72302114061707,0.10571556431992,0.842341998928484,-4.2116436399643
"STAMBP",0.0603447196381772,20.2775575367735,1.07260367920188,0.300635213038572,0.87771037337981,-4.74442736048093
"CPSF4",-0.0186913876014927,18.1264026621421,-0.217074957064937,0.831115275883927,0.972525873604924,-5.11000802714732
"ASMTL",0.0254382979018324,20.3254207770811,0.519678038149905,0.61097635589197,0.936335994482148,-5.03323180308257
"CDS2",0.0264656770974128,17.9323398349273,0.260731702683782,0.797893902920311,0.968763141778022,-5.10275881927294
"CEP43",0.022274367679767,17.295833712657,0.181845243599899,0.858172424389927,0.977171115752443,-5.11489983909892
"PPP1R3D",-0.0121876510665331,19.7869585597054,-0.117038150381414,0.908403979911489,0.985471838577121,-5.12165223579784
"BRD1",-0.0682559725122225,17.9958473395984,-0.876753384477826,0.394635537692333,0.897167192888407,-4.86694039956068
"POP4",0.0416938907780988,19.7339305272705,0.487843425352379,0.632811687492627,0.938733993165069,-5.0441826360983
"HERC2",0.00850819200281805,17.4297540249882,0.100290493360898,0.92146023928753,0.985937788833006,-5.12292239618477
"RAB3D",-0.0586852790053705,21.0159473149318,-0.763934345752443,0.456918543787591,0.911462804536586,-4.92781803137581
"SNAP29",0.0978597151160443,19.5250950785621,1.47053929231135,0.162364109435072,0.842341998928484,-4.43818496997808
"OXSR1",0.0136628864194712,20.9233773363117,0.24939082718052,0.806488034332937,0.968763141778022,-5.10476796428627
"GGPS1",0.0998337318319749,19.5087854930767,0.929449904136286,0.367574942110535,0.892975750565936,-4.83601762576589
"HSPA4L",-0.0561703617743206,21.4116007728808,-0.589348904959589,0.564519835286641,0.929022143808322,-5.0069798415083
"PTBP3",-0.00757003643747467,20.0688372226739,-0.0994153945782336,0.922143132410731,0.985994043326172,-5.12298339350767
"STARD3NL",0.105646255201652,18.1230896000037,0.920908466609035,0.371872610534281,0.892975750565936,-4.8411346452308
"LSM8",0.111463346937413,21.1079650156175,0.951980820744975,0.356402864186547,0.890050595827842,-4.82232768261156
"AP2A1",0.0665408546224171,21.6831266077707,1.0423350535759,0.313991830000356,0.878437682691824,-4.76468993178541
"WIZ",0.0790171010637479,18.3678860229981,0.728870249185079,0.47746228277565,0.911462804536586,-4.94521369859128
"RIGI",0.806172117656075,17.123674050585,3.70841502643662,0.00214744116373229,0.842341998928484,-2.13543977720694
"STAU1",0.0423195168807098,21.8987650523758,0.824794141353152,0.422589111771079,0.902043681327841,-4.89589467773021
"TTC4",0.0760660397271877,18.6135062388117,1.03454752111759,0.317496977233884,0.878437682691824,-4.76982690538947
"TMEM50A",0.224314348326612,17.2025386766771,1.13951184551276,0.272605118378105,0.859600270986376,-4.69800105679558
"BAG2",0.00537002525383912,18.7080487451184,0.0412178597260948,0.96767336394243,0.994596052769101,-5.12584111884715
"BAG3",-0.235291154426704,19.472730991754,-1.28925448084788,0.217332658913792,0.847331168713696,-4.58639722423507
"MAP4K4",-0.0675812984274824,15.2025249810869,-0.443584202114562,0.663762132224199,0.944051057140379,-5.05830395053299
"MLYCD",0.105740096958733,19.5356966136699,1.31254211837077,0.209336870469713,0.846423796376897,-4.56808617072478
"CRYZL1",0.0828104082703227,18.1572132001205,0.583563624100765,0.568305229041203,0.929022143808322,-5.0092780536611
"AIFM1",0.0394652567514946,22.8685149902634,0.691549115343708,0.499930430272841,0.917812698368546,-4.9629134680696
"CLIC3",0.213273686034501,18.8783949120186,0.723928226838714,0.482479159821812,0.911504459854973,-4.94626919864105
"EML2",0.0175882655127495,18.3234329660573,0.152990593834148,0.880472944498861,0.982823192403566,-5.11826642598989
"LATS1",-0.0224172961900422,17.4202944704005,-0.261845474473248,0.797051321664813,0.968763141778022,-5.10255674475477
"NUDT14",-0.116882431322939,18.1035177118516,-1.22988625169413,0.237940818471733,0.849389846357638,-4.63185535515067
"TSPAN13",0.239098086481086,19.4395720821703,0.677240818079818,0.509030802619628,0.91827680921019,-4.9692615308279
"TSPAN15",0.0065249343055207,18.3675059542329,0.0473919771947744,0.962834699922245,0.994140555635692,-5.12565002993387
"BPNT1",-0.0936830943021079,21.099334793652,-0.810586524191843,0.430450960094154,0.902043681327841,-4.90354124738984
"DDAH2",-0.200842263179613,19.385135852822,-0.687649921935306,0.502605291054126,0.917812698368546,-4.96452310200603
"ABHD16A",0.00627682735060375,19.3110124826357,0.0679417411587194,0.946741803638956,0.991836338916264,-5.12482230851982
"TXNDC12",-0.076256718319069,20.0068862650534,-0.221834044071101,0.827570765658452,0.972181095452472,-5.10924850735017
"TRUB2",-0.0408650921835374,18.3425432893338,-0.555514117923262,0.586846374257058,0.931294606042491,-5.02011806752173
"ECD",0.0190970066261009,18.7302033652149,0.22018562406303,0.828736264823007,0.972181095452472,-5.10953491431333
"SYF2",0.252759489648266,16.6602617173816,1.33037980231371,0.203538753068341,0.842341998928484,-4.55393292711077
"MBD3",0.00548744558768632,17.9931766144936,0.0474419135501419,0.962795570630011,0.994140555635692,-5.1256483758856
"TOP3B",0.243757206602528,16.2088337954565,0.467367528381243,0.647190212759842,0.940757100789874,-5.05078994274069
"NUDT3",0.1529859203964,19.287375891295,1.97249122447379,0.0675443462664942,0.842341998928484,-3.96950217268774
"AGR2",0.0344549953470832,22.1561927895481,0.601893567503339,0.556357946927183,0.926476251610394,-5.00192347764592
"BCL10",0.222222971260628,17.4211424212977,1.04600566755328,0.312349472051752,0.878437682691824,-4.76225777486671
"NDUFB10",0.0381378650066573,22.0396977935201,0.47893869548754,0.638984446766034,0.938925721121189,-5.04712729555398
"CLPTM1",0.111014146980899,21.1449562942561,1.55774175468173,0.140426381226711,0.842341998928484,-4.36237960947317
"MOCS2",0.0115391436916248,19.4625274179273,0.111041171267555,0.913076214207931,0.985471838577121,-5.12212950250571
"TOMM40",0.0302504430188755,22.852850409739,0.226309661978684,0.824064764343625,0.97172646386436,-5.10858149757365
"PEX11B",0.0443896852679799,21.0219260479085,0.466315647033268,0.647782184442233,0.940757100789874,-5.05121236289923
"PAK4",0.0544134832941765,20.0929866858005,0.777541083282044,0.449096155908478,0.911232025204671,-4.9208699846657
"ACTL6A",-0.0578521926449582,20.6626715702205,-0.479663973507458,0.638480641330762,0.938925721121189,-5.04688940174336
"NSD2",0.169854388203152,17.3081527610522,1.33138582233487,0.203215626557133,0.842341998928484,-4.55313067134022
"MT-CYB",-0.871667476761882,19.0109833258323,-1.46281544099462,0.165086029732386,0.842341998928484,-4.44528297051552
"CYB5A",-0.184483824675645,18.5918996556201,-0.445984458408395,0.662267575445584,0.94282665477207,-5.05745341628121
"LDHA",0.14499515757409,26.8475291371715,2.16579236398199,0.0470898072122604,0.842341998928484,-3.7725648573449
"GLUD1",0.0219564356560831,21.9901065956365,0.331875134837809,0.744638826971164,0.960286183316858,-5.08814885287595
"DHFR",0.114821414151521,20.2380152537985,0.782933487335599,0.446121516767442,0.910591296681605,-4.91802266362634
"CYB5R3",0.157773139742734,22.8192716964066,1.60588332261657,0.129429483783607,0.842341998928484,-4.31938516450151
"GSR",0.04890023162001,23.3636923121534,0.955450950723755,0.354703377549859,0.888223059923089,-4.8201946023469
"MT-CO2",0.380462358134078,23.8390603858969,1.97406654771004,0.0677593237710133,0.842341998928484,-3.96999451113464
"MT-CO3",0.219914275969042,16.8844077301166,0.914326442484094,0.375207769275419,0.892975750565936,-4.84505032464598
"SOD1",0.264213675101551,23.2864000766882,1.99029112261763,0.0653913370834068,0.842341998928484,-3.95179007109918
"PNP",0.240700213503633,23.0567275620659,1.28873125400024,0.217645384836337,0.847331168713696,-4.58682792127365
"HPRT1",0.231966749881181,23.0640095496218,2.710728933387,0.0162615380533952,0.842341998928484,-3.19277754254976
"GOT2",0.111384468863832,24.3152578125683,0.905123763993491,0.379904936690378,0.893756828005623,-4.85048475885284
"ABL1",0.0639793606683305,16.7491351437327,0.58267395300834,0.568888541066856,0.929022143808322,-5.00962958831833
"PGK1",0.110719914795457,26.2833733166374,1.8886357579577,0.0787084746918651,0.842341998928484,-4.05260691222166
"AK1",0.130714493293219,21.7461418587244,2.31949915820324,0.0350993091182245,0.842341998928484,-3.61176333183853
"F2",0.0445545554792197,19.9035185487625,0.252052832622907,0.804508752927521,0.968763141778022,-5.10428856878151
"F9",0.0142442592503578,16.5953219790935,0.0423752110760363,0.966772835790151,0.994596052769101,-5.12580685975955
"F10",-0.192616207105214,18.2816182856631,-1.25734387840443,0.228117201597793,0.849389846357638,-4.61100879960221
"PLG",-0.218726860212996,20.5469162160132,-1.82304949221614,0.088566266558965,0.842341998928484,-4.1164498530443
"ADA",-0.0379583959455179,16.47398076224,-0.213829265668397,0.834665803487688,0.973308054279073,-5.11013306052454
"CA2",0.0405571622394945,18.9805027624813,0.489184244683933,0.631884657403067,0.938733993165069,-5.04373474803902
"ASS1",0.0246652466245543,23.2936457893616,0.362007245001376,0.722465572247445,0.954180921097348,-5.08092407524191
"SERPINC1",-0.212100832250492,22.4106799975227,-2.04802826005381,0.0587389722218379,0.842341998928484,-3.89336311320909
"SERPINA3",-0.0638429110027889,15.7141036610205,-0.162690741266376,0.873811784205246,0.981776234144474,-5.11697492259663
"A2M",0.149576568401251,24.703423905846,0.87295482612826,0.396802776838685,0.89748855011745,-4.8690157812249
"C3",-0.262554873840724,22.6749626665766,-1.65411025653183,0.119386496218575,0.842341998928484,-4.27596429844834
"C5",-0.0823403590683682,18.5923375858722,-0.610524726087313,0.550779387829764,0.92552891980847,-4.9983866910872
"CST3",-0.806453145580491,18.1022614680251,-1.67800519308772,0.114995338779001,0.842341998928484,-4.25487590990299
"KNG1",-0.0898335803300085,18.8191251511191,-0.577203550778767,0.572482131998181,0.929247069033357,-5.0117800223672
"NRAS",0.0752794452128498,21.7920213548336,0.814871335502736,0.428070118225888,0.902043681327841,-4.90124751014555
"KRAS",0.520633334601012,17.1293988809547,1.40310049596644,0.183190838811376,0.842341998928484,-4.49594257932808
"LDLR",0.00286440718427983,18.0914082203308,0.0470331762575782,0.963115853231446,0.994140555635692,-5.12566186334077
"TGFB1",0.0198465850224352,16.7645659471243,0.0595267479212454,0.953544347367625,0.993062586116823,-5.12517551647278
"IGF2",0.243950254211532,17.4407596067696,0.534433092415725,0.601206899235565,0.934665864553823,-5.02779031730252
"IGLV2-11;IGLV2-8",-0.357965428144901,15.1534286342008,-2.11223076494492,0.052094901703995,0.842341998928484,-3.82779905369286
"HBD;HBB",-0.0863220786264165,20.7083209036709,-0.360127077255357,0.72394901067971,0.954513005938327,-5.08133774789834
"MB",-0.0309513559178747,16.285263731919,-0.103476099466103,0.918976571626013,0.985937788833006,-5.12269555002129
"COL1A1",-0.213570169003006,18.507642070732,-1.41590563784221,0.177512436359998,0.842341998928484,-4.48423377772105
"COL3A1",-0.0382111438216839,17.0822879690303,-0.213306916650786,0.833999328713988,0.973308054279073,-5.11057218305817
"LMNA",0.0497048190365028,24.0417291770693,0.493261237209721,0.629069790697493,0.938399949405853,-5.04236564180295
"APOE",0.0629851919390028,19.1920348996916,0.643825056890989,0.529544665451545,0.923174371936723,-4.98430208354201
"APOC3",-0.190041966231348,15.5360415379314,-0.869421649757872,0.398503646732497,0.898430086268213,-4.8711193284244
"APOH",0.0226102774742358,18.0123470220205,0.102250564758944,0.919944371565235,0.985937788833006,-5.1227815643364
"FN1",-0.200046754017798,19.1659416513797,-2.0436500190771,0.0592192220976777,0.842341998928484,-3.89780683919546
"RBP4",-0.78663124602021,19.1974934272746,-2.78400690131499,0.014280763002853,0.842341998928484,-3.12228224050278
"AMBP",-0.0941678448630476,17.3238300157007,-0.311760154554692,0.759626265799825,0.963360829111366,-5.09260496750042
"AHSG",-0.224870091165815,25.3678386029935,-0.54424661907429,0.594632783950382,0.933531465418893,-5.02416969946475
"ALB",-0.116602977321683,29.3328425226337,-0.660858897794731,0.518980447156479,0.920721460254424,-4.97675248552722
"AFP",-0.144901278483353,24.1587727369068,-0.990808166009309,0.337864527673136,0.882084620678191,-4.79802254998315
"GC",-0.329832681359967,22.6853545845587,-1.76577888268735,0.0984528435177652,0.842341998928484,-4.17236844872766
"TFRC",0.104471285601196,23.6073640576034,2.36630832216167,0.0320600506283133,0.842341998928484,-3.56222803774912
"TF",-0.141371779572069,19.822213135587,-0.57604720643815,0.573425249350763,0.929763305957504,-5.01211433056771
"LTF",-0.018263453502751,25.3343116329591,-0.194295126213548,0.848587719325953,0.975701677811386,-5.11326913761675
"FTH1",-0.145723414997274,16.7664295768252,-0.750573958939623,0.46468100202113,0.911462804536586,-4.93453310730303
"ESR1",-0.218953740609614,15.0375141340259,-1.44825242350623,0.168408837419481,0.842341998928484,-4.45710861449924
"MT-ND1",-1.39258776221531,19.5427625931649,-2.0032928679711,0.0644172786138444,0.842341998928484,-3.94186089242803
"MT-ND3",-0.278636430446831,17.3141909567804,-0.459277520607575,0.652919008450127,0.940958728523278,-5.05332084254436
"MT-ND4",0.0988352360216531,19.5682835583971,0.613171080105227,0.549166114154249,0.92552891980847,-4.9972333452491
"MT-ND5",0.273103990315462,17.5859548004945,0.927667162277852,0.368692160920619,0.892975750565936,-4.83697493100119
"MT-ND6",0.25535817857622,18.0238066194407,0.873062752471615,0.396871556268588,0.89748855011745,-4.86888362905933
"MT-ATP8",-0.352174360227295,18.1646989671332,-0.759326180060618,0.459956730036743,0.911462804536586,-4.92991233064439
"VTN",0.221667262819313,21.9669404860147,1.55226366850993,0.141915194888928,0.842341998928484,-4.36745536576885
"HMGCR",-0.0475187226466147,17.0827029994019,-0.401844547210702,0.693544061199354,0.950096936495422,-5.0704334396112
"CAT",0.119343253424653,21.6967177204841,2.12154467198737,0.0511906871743264,0.842341998928484,-3.81822787409041
"RAF1",-0.158722950033599,18.9654128392412,-1.72663245201542,0.105048996464269,0.842341998928484,-4.20825567092978
"GBA1",-0.00885714926752001,20.8793808168886,-0.101324592206786,0.920653351149127,0.985937788833006,-5.12284962820157
"FUCA1",0.087886321867753,19.512075960599,1.35620004862474,0.195375284983601,0.842341998928484,-4.53320769348334
"ALDOA",0.020747736122452,27.0858940572563,0.420711274168158,0.680013782603339,0.947983628026866,-5.06509437698269
"CSTB",0.184154292564219,23.3745574818817,1.56529273447494,0.138650689629742,0.842341998928484,-4.35568817363523
"ANXA1",0.105885449824388,17.3314278778381,0.589899643772197,0.564160178172949,0.929022143808322,-5.00675995073098
"APOB",-0.119798554719377,21.0010685127036,-0.840817121869544,0.413931633732385,0.902043681327841,-4.88707407022654
"NR3C1",-0.142048063404612,16.5790991437394,-1.0244646780332,0.322077176550217,0.878437682691824,-4.77643119124611
"PRNP",0.238952298267563,17.6700071563572,2.30508690696943,0.0360884116918644,0.842341998928484,-3.62696734277493
"SOD2",-0.0432505913623231,20.477578621059,-0.152534522047023,0.880884742025612,0.982823192403566,-5.11830052129025
"OAT",0.0809265564171717,23.400709918619,1.04236777921718,0.313977159775875,0.878437682691824,-4.76466827842605
"TK1",0.0797843528366613,21.421836878663,0.858180800374985,0.404482923732069,0.900636042795938,-4.87746714084795
"KRT1",-0.310042481224293,19.9635987030999,-0.566306286072268,0.581337420533426,0.929790176756083,-5.01493560657022
"TUBB4A",0.269948342142371,19.7708292156931,1.08687412447567,0.294848175782779,0.875482866553864,-4.73460667900855
"GAPDH",-0.103741812818434,28.1935245963284,-0.63993920979427,0.532097687098615,0.924449858061943,-4.98591652898583
"ASL",-0.11725354541138,19.4269322189366,-1.82724716032019,0.0879038534165584,0.842341998928484,-4.112396152077
"HLA-A",0.241330518268221,18.8506304950755,2.08876226212999,0.0544389587031029,0.842341998928484,-3.85185022939054
"ERBB2",0.036954214862682,18.3568958450981,0.140869909542452,0.889913012448189,0.983431554290737,-5.11949908108123
"CAPNS1",-0.330529285959024,20.4194277993441,-1.03411570424076,0.318205484871124,0.878437682691824,-4.76991738466273
"HSPB1",0.019040551615312,27.281463432732,0.175787266622232,0.86284470146634,0.977592365867279,-5.11565451223823
"CYP1A1",-0.644730468675526,18.5009151047576,-1.74555128907671,0.110477008102102,0.842341998928484,-4.21188866626362
"TYMS",-0.00733110696483052,19.990917809752,-0.107646445468743,0.915722521151658,0.985471838577121,-5.1223885701835
"RPN1",0.0698980224019188,24.6430206788541,1.58851333372098,0.133309310767671,0.842341998928484,-4.33498838694635
"RPN2",0.051000650207822,23.0758488474654,0.914868269115087,0.374932453337935,0.892975750565936,-4.84472889536715
"GNAI2",0.059780970545674,20.538553209036,0.349763177880134,0.731503248379348,0.958217861269429,-5.08390498369154
"SLC4A2",-0.0867960356527142,19.0088770690224,-1.28988927418581,0.216889551105498,0.846721564084261,-4.58586274046982
"ATP1A1",0.12381396619784,23.4203306970366,1.95322139833962,0.0699748903031615,0.842341998928484,-3.98873773706172
"ATP1B1",0.1741229041621,22.0929039907627,2.68125952362199,0.0172464113346404,0.842341998928484,-3.22459752622294
"APP",0.194176896965018,19.0681288384559,2.67943673622099,0.0173091870520857,0.842341998928484,-3.22656509087082
"HMGN1",-0.0132042877704883,21.8116659241,-0.0881895993849001,0.930920333063781,0.988634971821529,-5.12371683854208
"SLC25A5",-0.00131780095447098,26.2388577568802,-0.0146821525318937,0.988481937932912,0.998208145314934,-5.12635927580506
"CFI",-0.174937922819922,18.9279535031477,-0.84640073975404,0.410975169394657,0.902043681327841,-4.88394719219431
"ISG15",0.0491098807708283,22.9565133488345,0.793231452746632,0.440180740626649,0.905742061524332,-4.91272205737716
"PCCA",-0.0828537938342784,19.0236878236003,-0.999407999728038,0.333664794705013,0.882084620678191,-4.79261292522515
"PCCB",0.0197523420929713,20.7744325791225,0.434769275766832,0.670005216272545,0.944349207216172,-5.06096201775859
"EIF2S1",0.00872076438801628,24.0154247504122,0.17571804534399,0.862898120072808,0.977592365867279,-5.11566298859023
"HMGN2",-1.07392451987485,14.9036923470609,-1.44530389023855,0.169658655267809,0.842341998928484,-4.45991452108619
"ICAM1",0.468609887590436,16.4199024214699,2.64292534129967,0.02050866470871,0.842341998928484,-3.3137479245761
"RPLP1",-0.496688722077003,21.8734403842351,-1.3622353733447,0.194135726992756,0.842341998928484,-4.52857892005636
"RPLP2",-0.166338912189726,21.8329373205844,-0.309481694960394,0.761405908551272,0.963360829111366,-5.09305774060079
"RPLP0",0.0213569552194706,24.6756196946251,0.174421930447989,0.863898469704185,0.977938855834598,-5.11582108867526
"POLR3D",0.0414575605603815,18.185701982306,0.489371534520958,0.631755217743048,0.938733993165069,-5.04367209198321
"CLEC3B",-0.0454135122845045,18.9543799909594,-0.310673450663434,0.76038314405334,0.963360829111366,-5.09286365101219
"SSB",0.158133744181804,23.2755238919029,2.30724591429181,0.0359385900657133,0.842341998928484,-3.62469122359913
"SERPINA7",-0.376310190125608,19.1541043603627,-2.01636659076432,0.0625161276259901,0.842341998928484,-3.92667643669986
"SERPIND1",-0.730680591316013,19.3582663664775,-3.3688455233193,0.00440093532857704,0.842341998928484,-2.501837606413
"TFAP2A",-0.303485306494636,15.065978050082,-1.2220431268725,0.240806646075835,0.849389846357638,-4.6377471130436
"ITGB1",0.147671262552368,21.8035604335081,1.51728152794146,0.150272584429473,0.842341998928484,-4.39789352498537
"KRT18",-0.00397930591269713,28.5991805464535,-0.0353848074632276,0.972245945729534,0.994854171486128,-5.12599719553953
"KRT8",0.198366379788613,29.3454109990361,2.25096386433338,0.0400413753413503,0.842341998928484,-3.68384445202873
"UROD",0.0500052690211241,19.1055962541672,0.357684180540016,0.725631561891748,0.95533612579038,-5.08199830695407
"INSR",-0.0211838967855975,16.3166403939641,-0.185243451255858,0.855553909486871,0.975701677811386,-5.11446538099536
"GLA",-0.159087035685999,19.4327429874943,-1.17183938236971,0.259789103444744,0.850763184094445,-4.67478404078244
"GSN",-0.0278619844607633,21.6776838345828,-0.509084799048881,0.618201347513931,0.938315260595475,-5.03694907957253
"RB1",0.0943640851199561,19.2203840327893,1.21953718578765,0.241727936611124,0.849389846357638,-4.63962362677525
"PGR",0.623347510180318,14.8585560925482,1.38109276026261,0.195544664767203,0.842341998928484,-4.51653702953552
"PTMA",0.244684796796186,24.1050911851836,0.745223951163771,0.468174116182639,0.911462804536586,-4.9369612929001
"CDK1",0.0449417140000818,22.9649684145977,0.523562668642188,0.608337279615929,0.936335994482148,-5.03185038817895
"ATP5F1B",0.0885656072182641,25.41861083092,0.864112827521334,0.401320183213075,0.899243050380325,-4.8741262221268
"S100A6",-0.715645108030575,20.4528888868006,-1.52029406983078,0.150173808614127,0.842341998928484,-4.39596907498343
"EIF4E",0.0117468740674944,22.4802492921446,0.178097237902286,0.861062477172895,0.97751782113991,-5.11536974566655
"ENO1",0.0195454427605064,26.8312770619331,0.265840995562791,0.794030819231273,0.968763141778022,-5.10182482856331
"PYGL",0.0536796772609627,20.198323328447,0.517273090110474,0.612612994176045,0.936335994482148,-5.03408212083053
"GPI",0.042177488080835,25.3577692668717,0.532770927571128,0.602104025919963,0.9347876022965,-5.02853678483168
"POLB",-0.135059352472169,16.8899880854316,-0.709258275410494,0.489192488799246,0.914374640734034,-4.95462042305427
"NPM1",0.107513038357226,25.7871648128206,0.840709863916148,0.413893092619925,0.902043681327841,-4.88719000875246
"TPM3",-0.106485528904294,22.8996977403583,-0.417008970703041,0.682802133428976,0.947983628026866,-5.06608060478383
"ITGAV",0.0956057042130567,19.2034776495776,1.09019375585656,0.293067661559321,0.875482866553864,-4.73243810203608
"HEXA",-0.185539527530963,21.0198421671441,-1.81001791628114,0.090651066628415,0.842341998928484,-4.12900531367048
"EPHX1",0.125808052410882,20.8264079102372,1.29510216788079,0.215132605744229,0.846423796376897,-4.58179170777374
"DBI",-0.912643091574356,20.7334676410869,-2.39625888447942,0.0307153243174015,0.842341998928484,-3.53732272132791
"LDHB",-0.307124394124845,23.7320475269344,-1.63061116652528,0.124480951004317,0.842341998928484,-4.29769398118888
"CENPB",0.0581112634803276,18.5368762473484,0.52941279849328,0.604373528489201,0.934888469059751,-5.02975156903331
"PROS1",-0.0934775115886204,18.0116916642231,-0.684530500989508,0.504224119764888,0.917812698368546,-4.96614713481305
"P4HB",0.168483935371633,25.7861448991365,2.69868988186533,0.0166571293429663,0.842341998928484,-3.20577898309348
"H1-0",0.0421465099347067,22.831220664334,0.202141562681518,0.842617607314415,0.974776855773745,-5.11216769032053
"ACYP1",0.118176599993362,18.7998236153319,1.08191229231521,0.29661274781393,0.877128291805452,-4.73810212340868
"CTSD",-0.0529408286224715,23.9957465582599,-0.57859053898209,0.571569872588215,0.929079585778747,-5.01123659701263
"ANXA2",0.788129326171699,23.5262447800688,6.02526651338101,2.46543828805361e-05,0.0822346940980282,-0.187417876999153
"CAPN1",0.107797120238896,23.364766020091,1.23866303872055,0.234765429346573,0.849389846357638,-4.62522891557038
"TUBB",0.0482571893345423,27.0384057243066,0.567919665165972,0.578607980431458,0.929790176756083,-5.01538585792398
"PSAP",0.0770946891686037,19.9678343679408,0.64355927101056,0.529712315697131,0.923174371936723,-4.984417247653
"HEXB",-0.00675650528870619,21.3902750452012,-0.0836900837073089,0.934424826118589,0.988634971821529,-5.12398852688737
"CTSL",0.112825634729141,18.8278095705407,0.763152207842136,0.457370744043044,0.911462804536586,-4.92821407486717
"PFN1",-0.0686235602649212,27.0115065158244,-0.847414746088693,0.410264912174338,0.902043681327841,-4.8834792994517
"APRT",-0.0583725647586704,25.1328212034649,-0.606607451192271,0.55330746323334,0.92552891980847,-4.99999770323388
"EPRS1",-0.030139990482418,22.5989426781888,-0.46425375529399,0.649224458824416,0.940958728523278,-5.05186967421403
"CTSB",0.0189745955885847,20.5093373749096,0.214516609171391,0.833073160781036,0.973261659187354,-5.11039213392797
"HSP90AA1",-0.00114751024956661,26.9199827676025,-0.0226761771755529,0.982211617957723,0.997543228069567,-5.12625494919506
"HNRNPC",-0.103679121656526,24.6717170117019,-0.623607093106414,0.542492367605682,0.925464328596667,-4.99286422329769
"UQCRH",-0.132596546990012,18.7030243621244,-0.467495752802104,0.647100659881999,0.940757100789874,-5.05074884663717
"LAMB1",-0.269027009985848,18.4040049749044,-2.14287989687215,0.0491737712049251,0.842341998928484,-3.79624931215278
"YES1",-0.0867927964979351,18.2048969141293,-0.595976761545545,0.560199653849958,0.928008912548565,-5.00432078733573
"FH",0.0211960651851335,22.1095877436011,0.318442115525585,0.754600989410457,0.962912401570726,-5.09117151561428
"THBS1",0.00347976384470527,21.6190355988813,0.0470682036244361,0.963088405866215,0.994140555635692,-5.12566071208288
"SP1",-0.214455167305381,16.4580898747326,-0.704151413162439,0.492354093630208,0.915921405077277,-4.95698013502096
"IGF1R",0.136527708504339,19.2190931105514,0.739969396997601,0.475364322631761,0.911462804536586,-4.93694057095334
"ANXA6",1.36728463478872,22.215020450318,5.84234148230352,3.72817599306617e-05,0.0829022068324813,-0.363186882600318
"RHOC",-0.184100323026467,20.7756091630063,-0.384796377976233,0.70603428281917,0.952083020150937,-5.07496164032233
"CD55",0.188538726832913,18.9754104572046,1.14145701457318,0.271947372015538,0.85906760557634,-4.69659434011427
"SLC3A2",0.156118719022398,24.9581809014932,2.38297315891009,0.0310393166635612,0.842341998928484,-3.54453921658086
"GUSB",-0.0997800229509274,18.984858456823,-1.28509074965117,0.218516890978304,0.847665896924723,-4.5895996719643
"PFKM",0.0571567013925431,21.3030334774674,1.02991086791785,0.319597325929103,0.878437682691824,-4.77287049441871
"HSP90AB1",-0.0648449017588,27.3547158698121,-0.82388947792602,0.423086928700887,0.902043681327841,-4.89638506247689
"SRPRA",-0.073706052000361,19.4144065408725,-1.07356351185963,0.300218600327219,0.87771037337981,-4.74377717842608
"ASNS",0.0423750497830149,23.6592084337005,0.584873070586872,0.56744726649113,0.929022143808322,-5.00875973741695
"HMBS",0.0582830923398596,20.8876275976259,1.21339048999347,0.24399931380904,0.849389846357638,-4.64421418220176
"PDHA1",0.0392079704117911,22.7590542172163,0.365973684376116,0.719565363573837,0.954180921097348,-5.07992737827224
"CYC1",0.113191776496731,22.7956618981195,0.993843479559645,0.336277983990919,0.882084620678191,-4.79616157538723
"SNRPB2",0.0516703606633264,20.8645096496497,0.918599878704701,0.373040071775937,0.892975750565936,-4.84251076557501
"SNRNP70",-0.00159466248715745,23.3122956936327,-0.0246189344178731,0.98068793304225,0.99743393830231,-5.12622285184046
"NFIC",0.0468448166232847,19.4594174236267,0.373637379003063,0.713974413250956,0.954180921097348,-5.07797161539091
"SERPINF2",-0.0448209012449645,21.4044467249498,-0.309472972446131,0.761319922602075,0.963360829111366,-5.09310217436608
"RPS17",0.0487078549976161,23.9939590595922,0.68749336635644,0.502408948958255,0.917812698368546,-4.96478574811432
"KRT19",0.0130349087484234,27.6580385162813,0.163494098999262,0.872342049156057,0.981679117732803,-5.11710777133775
"GNAI3",-0.0344910123321114,21.595424702097,-0.367389055545752,0.718531538026775,0.954180921097348,-5.07956915438251
"ANXA5",0.116069811212089,24.9657603559629,1.51390249469664,0.151120586035177,0.842341998928484,-4.40083306270679
"KRT16",-0.388172073991932,23.1508591178508,-1.53530573385331,0.146293624079837,0.842341998928484,-4.3826918287353
"RPSA",0.140385442213226,22.4668294533088,0.65158864789286,0.524870610329518,0.921426436241604,-4.98078117873397
"CD63",0.860215828116367,19.991998898615,1.3077819466445,0.211522777273482,0.846423796376897,-4.57198078368431
"MRPL3",-0.167366053114911,19.8157993354009,-1.69270811122051,0.111457967064886,0.842341998928484,-4.23993045621377
"SNRPA",0.0769087442742347,20.9490660503562,0.864515603888511,0.401106033142702,0.899243050380325,-4.8738986525112
"ENO2",0.179043514044313,20.7646089340333,1.87769299257489,0.0802816708378875,0.842341998928484,-4.06333235460944
"ACAA1",0.0132602631291654,20.9725782100383,0.220141687596304,0.828769855036983,0.972181095452472,-5.1095416432311
"SRP19",0.154414146891352,20.4001308893051,0.633769217793733,0.536111515874428,0.925464328596667,-4.98849532343306
"SNRPC",-0.0964408884663079,20.4160911832348,-0.456788793616356,0.654597839842976,0.940958728523278,-5.05414313275773
"LGALS1",-0.189185905946658,20.2661536276302,-0.618497152340099,0.545945916816439,0.92552891980847,-4.99488684726339
"QDPR",-0.00517692625527033,20.1985391000654,-0.0556549098645328,0.956361427637351,0.993442398593704,-5.12535264419565
"HMGB1",-0.0971162831147936,24.8727096662617,-0.603440058288071,0.555456989914745,0.925905848197331,-5.0012274307859
"FBP1",-0.013674741606664,24.3627009321288,-0.217705111559496,0.830633200327987,0.972434112431026,-5.10991272362757
"TPM1",0.0605029457629911,20.5072218418455,0.406168854985262,0.690490077685079,0.948559449659011,-5.06919903729344
"CLTA",-0.372779159935863,19.7195085803923,-1.55847807978068,0.140696073228127,0.842341998928484,-4.36229208151819
"CLTB",0.083112725762863,18.8308673534005,0.696548200280893,0.496885306668202,0.917234421027085,-4.96059184625636
"ANXA4",0.217652337962981,22.2185073034249,3.30018751447834,0.00493457631806678,0.842341998928484,-2.55956467857045
"CNP",0.0782812637079502,21.5498065846,1.16685984631706,0.261732705672149,0.851343345813351,-4.67839291287943
"HMOX1",0.0207014571102917,18.751382054526,0.0663613105324507,0.947999805576648,0.991836338916264,-5.12489410049787
"DLD",0.0488666213407072,22.6874443412674,1.07246979820291,0.300693357494514,0.87771037337981,-4.74451801314686
"HNRNPA1",-0.785834165361834,22.3954596898416,-1.15255756442873,0.267941414317132,0.856157940490957,-4.68859833619329
"SNRPA1",0.0910532009485792,22.8714348215642,1.45094543157964,0.167668660819679,0.842341998928484,-4.45483205440816
"CTSH",0.173042487068738,18.8409157382114,0.947061267039355,0.358970003245996,0.890549978301985,-4.82526788259385
"COX6C",-0.0921120620019664,23.2358929755777,-0.362304732117559,0.722369028542906,0.954180921097348,-5.08078716372404
"TACSTD2",0.215202948019261,21.8111931165396,1.62649868815869,0.124976671376093,0.842341998928484,-4.30078087794259
"PARP1",0.0805327880752778,22.2425366926092,1.51572303435931,0.15066320509552,0.842341998928484,-4.39924982483166
"POLA1",0.0319706601765191,19.6250111978725,0.656895239486361,0.521337238728186,0.920721460254424,-4.97858455949393
"LTA4H",0.0807402608427168,22.9820867122442,0.667776848566556,0.514559611419861,0.91953580706721,-4.97374352607353
"ALDOC",-0.0656481585065478,23.716875040642,-0.611126468335631,0.550391600547303,0.92552891980847,-4.99813836160792
"NUDT7",0.670760639243271,15.1104331266676,1.43635156005553,0.175223224138434,0.842341998928484,-4.46951919143447
"H2AZ1;H2AZ2",-0.0127006830963552,21.3557339317962,-0.0978934681486641,0.923330935380762,0.986084669120459,-5.12308820585696
"TFPT",0.934965629371005,15.9461256105074,4.03150425529503,0.00127254483790429,0.771740601241775,-1.89423447474032
"FBXO45",-0.0147204337393774,16.4930376289492,-0.109121992506134,0.914572152209009,0.985471838577121,-5.1222769502432
"ATXN1L",-0.121188890541433,16.0626516254872,-0.814484232838827,0.428284862372265,0.902043681327841,-4.90145517243546
"JMJD7",-0.39232122741315,15.0045866857388,-0.804430984338242,0.434963870940692,0.903541079664684,-4.90616062986203
"CHTF8",0.045681446329187,17.5756136553953,0.274388477167657,0.787580661413944,0.968408605409542,-5.10022233568294
"TRAPPC2;TRAPPC2B",-0.0740330896820502,17.4846878501705,-0.501397615863123,0.623470001697976,0.938315260595475,-5.03960087585107
"PET100",0.14225035443725,15.9658438390353,0.814649369715284,0.428193244677657,0.902043681327841,-4.90136659496689
"SULT1A3;SULT1A4",0.173466729860401,16.717797931952,1.07196595623611,0.300912249959658,0.87771037337981,-4.74485908998158
"HSPA1A;HSPA1B",0.0578289086075401,26.1396636959606,0.668680280879861,0.513999187763833,0.919273078169579,-4.97333831051859
"CALM1;CALM2;CALM3",0.0657168443058076,21.5932581023205,0.508894260519325,0.618331679133246,0.938315260595475,-5.0370152735301
"POLR1D",-0.0241239493444176,18.6836699328214,-0.185576554389074,0.855297328272551,0.975701677811386,-5.11442236382632
"EEF1AKMT4",-0.254673002360288,18.0593514413973,-1.48458520718279,0.158648103048166,0.842341998928484,-4.42616237322635
"ZFTRAF1",-0.22695708340429,18.2889718110077,-1.75866455370119,0.0992960387257923,0.842341998928484,-4.17804055368545
"FDX1",0.200153694888279,17.1008986245754,0.439315820869316,0.667402246944817,0.944349207216172,-5.05923662803663
"RAP2A",-0.04093882310843,16.9629053811966,-0.309383041819359,0.761345029157659,0.963360829111366,-5.09314074595363
"RO60",-0.0578462828583923,21.3771290452395,-1.03557520252169,0.317032804827047,0.878437682691824,-4.76915080408833
"MYBL2",0.185406385241734,15.0669123294571,0.696289840661297,0.49704241504751,0.917234421027085,-4.96071220558924
"GAA",0.0516018441867985,21.9679053871445,1.02568102549933,0.321522129686638,0.878437682691824,-4.77563728918794
"AR",-0.0637700290463883,17.3051606447505,-0.40757616424551,0.689421939531088,0.948559449659011,-5.06883657761476
"RARA",-0.0253256535936472,16.7278829770111,-0.122993499501934,0.903767639168648,0.984405675544383,-5.12115350840431
"RRAS",-0.00955336531312767,18.3892810082034,-0.0903088065430535,0.929253219543953,0.98844437342078,-5.12358647889435
"ARAF",0.00785866363045429,19.1998706711318,0.104043447140372,0.918532311762332,0.985937788833006,-5.12265475190555
"H1-4",0.0634451379092269,23.5963646250543,0.347358357278892,0.733288305802952,0.958217861269429,-5.08447614167471
"BCL2",0.0738014685579245,18.4709652319294,0.28462855517518,0.779957481279438,0.966732684376251,-5.09820088186247
"DLAT",0.00315641295615521,21.5220060980614,0.0389730451056438,0.96943296434272,0.994630468337478,-5.12590399683284
"PTPRF",0.0244467678444096,19.4940857151375,0.426231043561082,0.676076433191898,0.946471645300841,-5.06348749933344
"NR2F6",0.0331113550207931,17.0028995410054,0.287701351098242,0.777566542665181,0.966517881554072,-5.09762684643009
"TXN",0.325194725313981,25.4843281925517,3.08525582625718,0.00764208345226135,0.842341998928484,-2.78877786088693
"COX5B",-0.122936010743175,22.1246189996262,-0.406001656566056,0.690734216761796,0.948559449659011,-5.0691768823345
"CTSA",-0.0637784478416208,20.8524915595917,-0.731166147061908,0.476100254774619,0.911462804536586,-4.94409727234229
"MGST1",0.0466933281521094,21.6216528630159,0.400746021636625,0.694335259756295,0.950289138302295,-5.07073698817567
"MAPT",0.101305317201948,20.2293645586531,0.669999538044792,0.513282302553029,0.918865221019509,-4.9726796696839
"C7",-0.103763651230263,17.600838722927,-0.586233676042005,0.566556510136695,0.929022143808322,-5.00822001551657
"PRKAR1A",0.192607889880829,21.0442583530995,1.75966743620391,0.0991204829279527,0.842341998928484,-4.17708986504161
"TFPI",0.00149243835558721,16.2613607020003,0.00737242052444108,0.99421621367854,0.999742128090196,-5.12641559434074
"UROS",0.247739938375869,17.5417055499522,1.31011939599926,0.210134464832091,0.846423796376897,-4.56999797027921
"ESD",-0.0349293876997763,24.9942902478078,-0.562306873524106,0.582327941617691,0.929790176756083,-5.01753912354918
"HSPD1",-0.000276949967389584,26.1342165570673,-0.00352506971823915,0.997234503641115,0.999742128090196,-5.1264302411671
"CLU",0.220089314108275,19.4788699084229,1.36525694837013,0.192773752353383,0.842341998928484,-4.52595493547078
"HAPLN1",0.116774027894404,20.7637336368217,0.937886958494511,0.36336344624058,0.891847968629667,-4.83092374035655
"HSPA5",0.152543686204368,24.7142667942426,2.52829043726555,0.0233555652570712,0.842341998928484,-3.38931345911381
"LAMC1",0.0849701684431601,17.7377912154419,0.576750935013664,0.572779994690853,0.929297666877198,-5.01195709287116
"ACP2",0.0043268523148221,19.8492507097102,0.0481430107194535,0.962246213117822,0.994140555635692,-5.12562496952106
"MAP2",0.205590316512676,16.8401263676696,0.526289440973105,0.60963867758096,0.936335994482148,-5.02888618605776
"HSPA8",0.123402700659085,27.4551063887607,2.21575427156353,0.0428266694716632,0.842341998928484,-3.72064486722464
"SLC2A1",-0.00766541867665183,21.3229879743989,-0.100865207533196,0.921011789404718,0.985937788833006,-5.12288204638851
"EPB41",-0.0431434963100799,18.507657039618,-0.795886543981929,0.438683245508327,0.904343612727458,-4.9113289477798
"UMPS",-0.0328023908645925,22.2638867508634,-0.610890171063863,0.550543862461557,0.92552891980847,-4.99823590497463
"PDHB",-0.0368498384674503,21.9315062049558,-0.506247197896348,0.62014368553689,0.938315260595475,-5.03793243027862
"DBT",0.0279217336050586,20.736423023271,0.251447403476526,0.804927605081835,0.968763141778022,-5.10441017603996
"PYGB",0.0388354533678097,22.1652459320289,0.590196422698692,0.5639664187615,0.929022143808322,-5.00664137739571
"RALA",0.0239191244131369,21.1670501798451,0.347652972788809,0.732997788798323,0.958217861269429,-5.08444235473913
"RALB",0.0642586100640159,19.5279048717032,0.8960821971748,0.384558578293493,0.896341048011413,-4.85577811049709
"BCR",0.0714797817711634,18.5592692680208,1.41746773438739,0.177063682138428,0.842341998928484,-4.48293324810929
"LAMP1",0.148769072838189,22.8472687898732,1.55426440628807,0.141250584437128,0.842341998928484,-4.36545447891245
"ACADM",0.127593422229964,20.9863575733285,1.45132301270564,0.167565097985816,0.842341998928484,-4.45451264037662
"TOP1",0.0233678862543876,22.8842136897505,0.389653660698752,0.702344862633376,0.9516081755383,-5.07375682599403
"TOP2A",0.145980157776048,20.0394001333417,1.54602533173015,0.143219798541547,0.842341998928484,-4.3727231063305
"G6PD",0.107481145129082,26.162105222277,1.59139632552444,0.132658557675695,0.842341998928484,-4.33240561763909
"UBL4A",0.0477585703724657,18.9849937664305,0.265200502861901,0.794551357115537,0.968763141778022,-5.10192802246208
"VDR",1.41743144113078,15.4960362952489,1.14030379686008,0.289988882719792,0.875218094541793,-4.6940737679588
"ESRRA",0.227914591987481,16.2609815123501,0.859615408647967,0.403716537254761,0.900408026538814,-4.87666100624762
"PC",0.0311292804320864,20.0943323119705,0.560412305248072,0.583586373621751,0.929790176756083,-5.01826139251985
"DMD",-1.58584217189067,15.1266897325676,-2.96677449439436,0.0134531843350368,0.842341998928484,-3.08913289285222
"MTHFD1",0.0302179054912912,24.7430046572223,0.665170161006612,0.516178574486883,0.920405749218605,-4.97490987244254
"IGF2R",0.0539344194511457,19.979989483711,0.550474199355458,0.590210400835389,0.932117240136735,-5.0220123874844
"ADH5",0.0948901909795268,23.1223066813322,1.35274889502402,0.196450856380959,0.842341998928484,-4.53599398759735
"CDK4",0.0899878087515837,20.3573389514364,1.75186810922572,0.100492991278801,0.842341998928484,-4.18447584900122
"PRPS2",0.0818561658145676,20.9406558387051,1.54195268954447,0.144201750356775,0.842341998928484,-4.37630726137845
"PABPC1",0.167834455554853,23.0969490913109,3.38868479702483,0.00411990839723773,0.842341998928484,-2.46620282907479
"PCNA",0.237305078004852,23.5840019385609,1.86758931450843,0.0817591906697489,0.842341998928484,-4.07320972674024
"HARS1",0.012174461316544,23.0297688436769,0.211381742434767,0.835473809628658,0.973308054279073,-5.11085664120254
"COL6A1",-0.0999755660268598,19.2170780254219,-0.697357413554993,0.496393413535343,0.917234421027085,-4.96021460231434
"SLC25A4",-0.0244481947630213,22.4724589747979,-0.261399337096986,0.797388798467965,0.968763141778022,-5.10263779075391
"SLC25A6",0.0495467088246215,23.485327669525,0.376133351551573,0.712157144091928,0.954180921097348,-5.07732611705184
"F5",-0.010981168330563,20.1310376985531,-0.100305774286179,0.921448315212955,0.985937788833006,-5.12292132631278
"IMPDH2",0.0691992569922704,24.2687743450241,1.09538171029856,0.290862875231061,0.875218094541793,-4.72887231467243
"TPR",0.000223131379048169,20.3974062897832,0.00310469357049028,0.997564296961845,0.999742128090196,-5.12643121479324
"ANXA3",0.032277219396267,21.7596087115597,0.635056183356132,0.535091507311456,0.925464328596667,-4.98807833560656
"CKMT1B",0.0816733563457035,23.9943834335625,0.701311110583576,0.493994222947562,0.916016829726497,-4.95836569090134
"BCKDHA",0.0060025556205261,17.7026024036934,0.0532709033206952,0.95822877924346,0.994118447583944,-5.12544333799879
"ACTN1",-0.0770285237901298,22.1703361910485,-0.893832612104176,0.385722383648236,0.896341048011413,-4.85708802295758
"CDH1",0.244011165327926,20.6559468277513,2.44424372488069,0.027544842644788,0.842341998928484,-3.47928832914676
"SRC",-0.0167779435467033,19.1757366942035,-0.247202579762292,0.808149303587668,0.968763141778022,-5.10514546937077
"PEPD",0.0120762418766489,20.816123581124,0.106899299417329,0.91630508716459,0.985471838577121,-5.12244451084112
"XRCC6",0.0572468804794042,24.7865645463781,0.786944884210846,0.443739306456917,0.909413756409162,-4.91600406023773
"XRCC5",-0.0356280109680398,24.4442518313151,-0.470956878061063,0.644541028858695,0.940757100789874,-5.04972254481381
"UNG",0.0178264162749677,20.0931107944441,0.242921310031787,0.811402306150715,0.968763141778022,-5.10587453493508
"COX4I1",0.205493455188023,23.5396472485337,2.23324339981397,0.0414213156336357,0.842341998928484,-3.70238636895776
"IFI30",-0.332346962377287,16.6452543629254,-1.62666905043462,0.124914239647652,0.842341998928484,-4.30058260489727
"LAMP2",0.424168199218961,23.9253533235655,3.11582598897337,0.00720633718107846,0.842341998928484,-2.75788696901133
"RNH1",0.0465276396880832,23.4393170242438,0.215384401308206,0.832470867509239,0.97321318663213,-5.11024128234627
"EEF2",0.133331640407114,27.021996309717,2.05922980601312,0.0575264643935305,0.842341998928484,-3.88197765857057
"KRT10",0.924210245002232,18.3421086990636,0.93115472024352,0.36831719562276,0.892975750565936,-4.83418271633194
"PDIA4",0.0788635331886454,23.8953071940072,1.35522963138947,0.195677238446773,0.842341998928484,-4.53399166139809
"P4HA1",0.0975421815160509,20.0321552069814,1.54397177091146,0.143714221509061,0.842341998928484,-4.37453108481901
"TPT1",-0.0769809983441796,22.4719997135973,-0.215283188932113,0.832577972734158,0.97321318663213,-5.11024637601306
"ALAD",-0.142033109776563,19.9476271112743,-0.982066412870211,0.341949784346472,0.884165508285006,-4.80357599321179
"LCP1",-0.233804808283455,16.404079184126,-1.16519980662301,0.262383108530062,0.851343345813351,-4.67959338245942
"PLS3",-0.130314726622363,20.6431565827177,-1.91100452228549,0.0755784318864508,0.842341998928484,-4.03059423971152
"APEH",0.111499572653255,22.3272109253686,0.995197449533938,0.335640802884629,0.882084620678191,-4.79529962301621
"ETFA",0.0493316258364516,23.056002176556,0.957534847245933,0.353685513385183,0.887629706552621,-4.81891049588606
"GYS1",-0.0485386506070107,20.8782588201751,-0.764952229791634,0.45633046019616,0.911462804536586,-4.927302070399
"PRKAR2A",0.0151072900767524,21.6796117261602,0.244099014226554,0.810507099306352,0.968763141778022,-5.10567523762122
"ENO3",0.252609842091694,21.1587611138023,0.302713324973256,0.766454445216437,0.963360829111366,-5.09449550467248
"GTF2F2",0.167978520784697,20.8127256515028,1.81295384753054,0.0901776094914544,0.842341998928484,-4.12618052220887
"CD59",-0.181610721779254,17.5115053607229,-1.48915126461016,0.157455500955341,0.842341998928484,-4.42223821748064
"MTHFD2",0.0544633639509549,22.1013519554217,0.951610428445358,0.356584596929665,0.890050595827842,-4.82255497544993
"EDN3",-0.13693305768353,14.4732029933513,-0.828373221582959,0.420623336939493,0.902043681327841,-4.89394994502428
"MIF",-0.316157887088064,25.0181116637689,-1.29258385036438,0.21639392865639,0.846423796376897,-4.58383554583094
"PRKCSH",0.131696610481896,22.2229967606387,1.68487695714036,0.112984938504935,0.842341998928484,-4.24719345608845
"FDPS",0.0622941701867283,22.8352887793017,0.870195597302038,0.398094137442127,0.898430086268213,-4.87067963223831
"TRIM27",-0.097016703903595,19.1038385272396,-1.49871628699737,0.15498151795336,0.842341998928484,-4.41399287804366
"COX7A2",0.125071383740714,22.6938033373349,1.22595992440812,0.239372135148296,0.849389846357638,-4.63480833637653
"AKR1A1",0.120717036534803,21.4383843949613,1.80984888401105,0.0906783923108542,0.842341998928484,-4.12916787824474
"PKM",0.0904699309905261,27.5253271573069,1.88967699224238,0.0785602312563354,0.842341998928484,-4.05158486650686
"ACYP2",0.13765878586408,18.3203031255032,0.977880825873006,0.343854810958576,0.886000557707477,-4.80624996339855
"HSP90B1",0.104723866429644,25.3086160189783,2.64322855507488,0.0186028782822307,0.842341998928484,-3.26563100161393
"CCNB1",0.0602224635170678,19.7935594077796,0.99316663117341,0.336596832161045,0.882084620678191,-4.7965920995881
"MYL6B",-0.482478287211613,14.7768086077309,-1.71134078629118,0.107896900289662,0.842341998928484,-4.22257549082565
"SNRPB",0.191109455634667,17.3692349456844,1.10162332881663,0.288226650363736,0.873584727204218,-4.72456448970638
"IDE",0.0185368990214556,23.1386196632348,0.322198290321006,0.751810711164467,0.96184670484124,-5.09033864955466
"COX6B1",-0.287942027475047,18.998347587582,-1.61292711571711,0.128090815356678,0.842341998928484,-4.31335835338192
"POU2F1",-0.00309974587450768,17.0974038290182,-0.027357989217884,0.97853985356822,0.996921100054001,-5.1261731192461
"HNRNPL",0.0173784193315036,23.0233987299055,0.253542045283521,0.803339175159268,0.968763141778022,-5.10404277976101
"DARS1",0.082089053860507,23.8557977427367,1.6823952432239,0.113472620414855,0.842341998928484,-4.24949123320162
"JUP",-0.00444138706424724,20.950134992616,-0.0751060541766453,0.94113656420194,0.990584099051931,-5.12446445133299
"UQCRB",-0.108381723280154,20.5093675348642,-0.794744914636637,0.439355091452438,0.904610436752843,-4.91191100771385
"CPA1;CPB1",-0.0745009500862999,17.0169351378165,-0.385821621071639,0.705120477508931,0.952083020150937,-5.07478092201583
"GLUL",0.0793904750952379,18.4517131669411,0.914714697036186,0.375010473230308,0.892975750565936,-4.84482001587311
"PVR",0.0653470712414475,16.7524855698626,0.492603534672516,0.629523485577132,0.938594368330039,-5.04258724204032
"CPN1",-0.189868374479385,15.3289387955452,-0.73664184193653,0.47286133727133,0.911462804536586,-4.94142177885109
"GSPT1",0.0402352571492344,22.7098650095259,0.690260866577404,0.500716918049944,0.917812698368546,-4.96350926299585
"ARSA",0.949454509480137,16.1748815598963,2.7809937486769,0.0170318832579055,0.842341998928484,-3.21243593968601
"B4GALT1",0.204574879050483,18.9915850873912,1.10338832987057,0.287671155802336,0.872694079289398,-4.72329379518545
"EZR",-0.108793742216768,23.18801636879,-0.902570851325638,0.38121502002472,0.89464197567737,-4.85198397473819
"UCHL3",-0.237415970056443,18.8105911701391,-0.676479178204477,0.509500015130001,0.91827680921019,-4.96960745135374
"CD46",0.499102091619665,19.6354792096891,2.93714140681228,0.0104112245483636,0.842341998928484,-2.95309605041852
"NME1",0.271646984693458,25.5918604701656,4.26113660891612,0.000703473248165765,0.651418876108672,-1.5944152209002
"NQO1",0.00839036238916435,22.6695631065647,0.0804268894061561,0.936975696577604,0.988634971821529,-5.12417550336197
"GNS",0.0977094380931227,21.1737460009006,0.995242869692612,0.335619442946596,0.882084620678191,-4.79527069116479
"PHKG2",0.0573615314279543,18.7199282225724,0.638756721306605,0.532746753751107,0.924786259243724,-4.9864905825477
"RPS2",0.163369167977152,24.870444778976,1.86439330601644,0.0822316022327932,0.842341998928484,-4.07632896827983
"CHN1",-0.210879685073809,17.1262708393952,-1.6390287032155,0.122294117471643,0.842341998928484,-4.28933566602571
"DSP",0.108517993990706,21.0276196420087,1.70794872054503,0.108537700206237,0.842341998928484,-4.2257426532272
"RPA2",0.074550208490983,21.3205376820385,0.918676964621727,0.373001048751204,0.892975750565936,-4.84246486318523
"COX7C",-0.114209552554456,17.8157453396748,-0.683011820075541,0.505156003777637,0.917812698368546,-4.96684285311214
"CD44",0.0285429676204956,18.042587328694,0.213352354003536,0.833964536243146,0.973308054279073,-5.11056543847071
"H2AX",-0.549151167947301,11.8123729602741,-1.86138415323947,0.0877879109343476,0.842341998928484,-4.09729789687433
"ITGB4",0.0153339630089242,18.9065506756586,0.237605175653914,0.81544662466874,0.969323669487734,-5.10676228967431
"CBR1",0.06478194476135,23.5369142701958,0.982600956151513,0.341601916359615,0.883952237043116,-4.80328100937988
"ACADS",-0.0286550573613162,17.0450252378122,-0.295707963790035,0.771563324296793,0.964598751196384,-5.09600755540086
"CREB1",0.109392518453504,17.9370343077822,0.421295305594029,0.679676526800224,0.947983628026866,-5.06487998230081
"GLB1",0.0788247000412596,20.0192114500904,0.934526229308991,0.365037002010388,0.892652924906307,-4.83295746729664
"PPP3CB",-0.185782199756723,17.0992444009077,-1.19006946281068,0.252767652603057,0.850763184094445,-4.66147161766841
"NCK1",0.00677884435021525,19.44352037803,0.0974432692562736,0.923682334007166,0.986084669120459,-5.12311890089801
"GCFC2",0.279429796529929,17.3468658828788,2.50589346715498,0.0244082638271741,0.842341998928484,-3.41333614042821
"H1-5",-0.0442220976101275,26.0414751635654,-0.299171244317216,0.769011295023074,0.964320849854457,-5.09527563354074
"H1-3",0.00139534302709521,22.946394908968,0.00954139864190868,0.992515913189725,0.999742128090196,-5.12640275845433
"H1-2",-0.177992201656057,23.8194546647129,-1.30370365488004,0.212327659087454,0.846423796376897,-4.57506349496478
"EPCAM",0.224485151757282,22.7316355186195,1.59481187262032,0.132039740151682,0.842341998928484,-4.32956226123131
"POR",0.0626039095296846,21.7532006924456,1.29188069090442,0.216217026617967,0.846423796376897,-4.58430893412618
"MGMT",0.0383084966380665,19.8193209343649,0.336055742469208,0.741547917867508,0.959059997548971,-5.08718316809616
"ATP2A2",0.0388938849801121,23.0253133023682,0.446447113251061,0.661740006573415,0.942806111081549,-5.05742959100142
"CPE",-0.0845301554248294,17.9922120016522,-0.146854610543204,0.886070223245487,0.982869048764657,-5.11870598200761
"PLCG2",0.264307070899939,16.867417911545,1.44197001090963,0.171629829497229,0.842341998928484,-4.46345942087394
"FAH",-0.0180577762621432,21.1852853204439,-0.213139966770606,0.834127169323116,0.973308054279073,-5.11059695237477
"STMN1",-0.0760189007434242,22.2752675112609,-0.436107938427631,0.669133207618254,0.944349207216172,-5.06051664948636
"YBX3",0.15980552706495,21.9802143761754,1.32899609903308,0.203983862901654,0.842341998928484,-4.55503566787815
"ZNF22",-0.0523422338985142,16.0121432322937,-0.267377400240905,0.79287024454016,0.968763141778022,-5.1015404707816
"ZNF24",0.18006978994126,18.2247046718716,1.32745772490954,0.204479644530267,0.842341998928484,-4.55626072021055
"ZKSCAN1",-0.216310565766383,15.5949674265376,-1.14614772098076,0.269936084499371,0.858604202731194,-4.69327638102866
"NAGA",-0.254162793156954,18.3231203225462,-1.49086303175264,0.157010342704744,0.842341998928484,-4.42076510185716
"HMGA1",0.11377580574414,22.217995850386,0.971890852426195,0.346728843576303,0.886421458442757,-4.81000045170261
"TMEM11",-0.0483613469827873,20.2858853483032,-0.704452407831215,0.49209290676291,0.915921405077277,-4.95688988906673
"GOT1",0.0756011628540598,23.445373795373,1.02168750131906,0.323347051222013,0.878437682691824,-4.77824094108407
"ITGA2",0.115131476675916,19.8571257881714,1.42484329900068,0.174957435795872,0.842341998928484,-4.47677971579155
"SMPD1",0.0136063237846749,16.3143864511354,0.0792841827651342,0.937945338589296,0.988941576375722,-5.1242291913649
"UBTF",0.0453274552377323,21.4183575428722,0.57145188518523,0.576273285354818,0.929763305957504,-5.01402044140231
"NDUFB7",0.147579920162137,18.9073790271896,0.562970774837733,0.58206450817022,0.929790176756083,-5.01717135744542
"PRKACA",0.318470728309006,18.4340566744853,2.00510475260591,0.0636047660192554,0.842341998928484,-3.93676892082663
"CAPN2",-0.216529854350323,17.4993055299631,-1.24721593488056,0.231703000086173,0.849389846357638,-4.6187378656433
"CEBPB",0.243107017480799,17.3600730290192,1.22358748310184,0.24024023580299,0.849389846357638,-4.63658922176949
"PTPN2",-0.199988249664987,18.7702433694793,-1.56031779464972,0.139818441156171,0.842341998928484,-4.36009902186136
"CTPS1",0.0587668679719329,22.1970689707445,0.679777734315672,0.507143818505569,0.917812698368546,-4.96831968566235
"DDX5",0.0639857597840248,24.6770156334045,1.39344931159489,0.184067428692926,0.842341998928484,-4.50282275017342
"PFKL",0.0125401265720377,22.4938498596633,0.202894340463658,0.841981807995433,0.974641790931378,-5.11208020801968
"GM2A",-0.152143773205136,17.1858673449663,-0.700677708114087,0.494378124251065,0.916016829726497,-4.95866253811887
"LGALS3",-0.123378462472878,20.1702141016226,-0.65048233942244,0.525505144415982,0.92154210785698,-4.98130483034397
"PSMC3",0.0933303153784522,23.0146569066309,1.07734575552921,0.298581063601772,0.87771037337981,-4.74121057755209
"TCP1",0.0531837555751231,24.2780144177573,1.07841079760458,0.298121139382872,0.87771037337981,-4.74048654230837
"PTPN1",0.0989400470405251,22.6488015187748,1.37890813110605,0.188416573722559,0.842341998928484,-4.5147516766195
"IGFBP2",0.126538414058938,18.186601100696,1.15110698976137,0.267954354017035,0.856157940490957,-4.68973151180805
"ERCC2",0.0234190198286797,19.7227558395602,0.337665667453434,0.7403588521609,0.958942566652935,-5.08680813089229
"BMP7",-0.0573968970558969,13.8261028306315,-0.304081232004185,0.765301316560264,0.963360829111366,-5.09426732857202
"RPL35A",-0.0180442621730776,24.056702287481,-0.218388949528397,0.830110135915843,0.972373687946956,-5.1098089912369
"ITGB5",-0.00643674147458739,16.8708719221151,-0.0602327523056323,0.952776432965623,0.992899608007313,-5.12516736707242
"ARF4",0.128994157449366,23.5874051695469,1.90012827571704,0.0770860798841197,0.842341998928484,-4.04131198410722
"RPL7",-0.00789494352029863,25.6664536426609,-0.0725333788590298,0.943149028228183,0.991710398202973,-5.12459707732187
"VCL",0.106992759348948,22.449771370807,1.17005039577248,0.260486104156596,0.850763184094445,-4.67608195183985
"PTPRA",0.207990383537215,17.1055534853252,1.18961279827557,0.252941741827262,0.850763184094445,-4.66180700953142
"NAT1",-0.094787042818961,17.7369847750973,-1.10783788078351,0.285619565671482,0.87202202407069,-4.7202560667989
"SON",0.0104125794765686,21.0513361418564,0.190255836653622,0.851694790135026,0.975701677811386,-5.1138099622464
"NELFE",-0.0824182043420016,19.761150862696,-0.730543056879793,0.476469666783827,0.911462804536586,-4.94440057684658
"RPL17",0.133183577632323,25.0876590468321,2.48883058086877,0.0252405078974463,0.842341998928484,-3.43161635888444
"PGAM1",0.200890001565217,25.0902570482773,0.843565052344895,0.412626837272406,0.902043681327841,-4.88544847553137
"RCC1",-0.080835405912822,23.6657267546746,-1.17012832359059,0.260455713255878,0.850763184094445,-4.67602544689404
"SDC1",0.0345298354950714,14.6468113644124,0.186433944707638,0.854636979205706,0.975701677811386,-5.11431128660627
"LIG1",0.026491003658542,20.4767503267174,0.395216453216852,0.698323429236843,0.950393426960806,-5.07225268104861
"ATP5PF",-0.2286919871792,17.2005876511044,-1.07155912810708,0.301089080571151,0.87771037337981,-4.74513439912027
"XRCC1",0.101866148400052,20.599504547178,2.02896037557164,0.0608568956909667,0.842341998928484,-3.91268949616864
"KRT15",0.638453540430751,15.2128314123374,0.738957249115364,0.473752918220611,0.911462804536586,-4.9388430276242
"PLCG1",0.0335235510681429,20.8408270930938,0.545369778567357,0.593627447395037,0.933531465418893,-5.0239143035773
"NCL",0.190237722466048,26.1885821373808,2.28468497935581,0.0375334354164444,0.842341998928484,-3.64844918031814
"HK1",0.039555363693033,23.6332752767181,0.605707498677901,0.553889147741435,0.92552891980847,-5.00036644764149
"POLR2C",0.0502669247209333,17.9986442854021,0.628588635183891,0.539203264584385,0.925464328596667,-4.99083272954137
"POLR2E",-0.00199803892424555,20.9501810395906,-0.0224787286026328,0.982366478997062,0.997543228069567,-5.12625806374558
"NDUFV2",-0.101387837648332,20.7916132422662,-0.410911927008047,0.687151516423241,0.948559449659011,-5.06782772373325
"ERCC3",-0.000794315225014941,18.5564056547016,-0.0157357536024864,0.987655464498442,0.997917399529304,-5.1263480800614
"TRIM21",-0.238903527065464,16.2101104380327,-0.731662297912117,0.475900743648364,0.911462804536586,-4.94379489389744
"EIF2AK2",0.1427993973649,20.5027933145418,2.60968135714795,0.019884330962304,0.842341998928484,-3.30178896295891
"SRM",-0.111743096324183,24.2718863568364,-0.895423819305837,0.38489893934589,0.896341048011413,-4.85616177106426
"SLC9A1",0.0320731514758101,18.0634750339338,0.514923665444149,0.614213910203024,0.937066602819216,-5.03490918076919
"CSNK2A2",0.0364568441263913,20.1415923525418,0.570373512588245,0.576985537803761,0.929790176756083,-5.01443814324852
"RXRA",0.0146878844221092,18.7154253981947,0.1564197132073,0.877816842419343,0.982823192403566,-5.11789657306032
"ITIH2",-0.203253959355074,23.6692258473362,-1.19700090895511,0.250360461800143,0.850763184094445,-4.65635351315888
"ITIH1",-0.270861343638582,16.1274002580265,-1.55139802521209,0.141933056639299,0.842341998928484,-4.36798593127134
"NFKB1",0.00312074456000744,18.4370110087645,0.0659829665870958,0.948274836219763,0.991836338916264,-5.12491391466376
"TYMP",-0.462523341766831,13.0473302635894,-1.57084612713352,0.161505925639622,0.842341998928484,-4.37975735396028
"ATP2B1",0.0393132845423843,20.1505518907378,0.606318415159695,0.553494245701775,0.92552891980847,-5.000116187942
"EIF2S2",0.0308467200504978,23.0293523075207,0.298445740389314,0.769514025430665,0.964320849854457,-5.09544381941429
"ANXA7",0.0430881784343029,22.3573210730586,0.403223747160593,0.692551232848782,0.950093748745254,-5.0700511918718
"TBP",0.0985004208592386,17.2081057750989,0.825565016325106,0.4221652148187,0.902043681327841,-4.89547644075332
"CCNA2",-0.0732985023612471,16.7731359361422,-0.472989019889789,0.643124243429989,0.940757100789874,-5.04906577527943
"BTF3",0.0581827063370639,22.1416360767871,0.737301063043213,0.472472307455678,0.911462804536586,-4.94109845744086
"RAB3A",-0.101848889055567,17.2229452209021,-0.735493217379134,0.473539646358252,0.911462804536586,-4.9419845081003
"RAB4A",0.0776008971596447,18.8036668056397,0.612994972755651,0.549188406617879,0.92552891980847,-4.99736580427882
"RAB5A",-0.0176428374561937,21.9716094148378,-0.226546073105421,0.823877269029035,0.97172646386436,-5.10854676477901
"RAB6A",-0.332008323997339,22.0669924297537,-3.13050490075646,0.00697082863541174,0.842341998928484,-2.7402768177292
"MSH3",0.0352497035752179,18.7871083913006,0.515194134570209,0.614029506814703,0.937066602819216,-5.03481415107542
"PSMB1",-0.152010603403937,23.9088241742283,-1.65372906323881,0.119239609706993,0.842341998928484,-4.27589521889943
"M6PR",0.231244966362894,19.6919941220565,1.52145015519822,0.14941185178263,0.842341998928484,-4.39445541958586
"COX5A",-0.682713263169486,19.2782320823217,-1.3533312944296,0.196896923007586,0.842341998928484,-4.53575979508754
"LMNB1",-0.0328346171152987,23.6993994386501,-0.402239398104273,0.693259765102489,0.950096936495422,-5.07032413587585
"PZP",-0.427263520499977,19.6948913566733,-2.23637298835285,0.0414176808472545,0.842341998928484,-3.70155397718073
"CAST",0.0580514668832208,18.0818471887903,0.517829735509342,0.612233990249757,0.936335994482148,-5.03388564158286
"IMPDH1",0.0323423709520192,22.0870790483868,0.511792117946348,0.616350929763189,0.937823009875541,-5.03600599223168
"AGA",0.0107299323013201,18.6791556275091,0.0805601687938174,0.936871496603743,0.988634971821529,-5.12416801210599
"RASA1",0.0493638925251325,19.0672568900756,0.884897934213564,0.390368090335809,0.896881171140022,-4.86226258081077
"PTMS",0.120623706322068,21.2484131821045,0.244392570308447,0.810388585927908,0.968763141778022,-5.10558570508287
"GSTM3",0.043745886632184,26.2050024443995,0.441063316351617,0.665544921185772,0.944349207216172,-5.05906935970566
"ATP6V1B2",0.0874448380109456,21.1332586739659,1.42185145314811,0.17580932029038,0.842341998928484,-4.47927843036091
"ATP6V1C1",0.065292855171684,21.0591479320642,0.926732951534042,0.368938273603273,0.892975750565936,-4.83764966356065
"CSRP1",0.0475297664131205,22.4329880515569,0.571689687948328,0.576116281079095,0.929763305957504,-5.01392822979044
"FLNA",0.0839559357788886,24.9809437179808,1.82784447743101,0.0878099527792205,0.842341998928484,-4.11181895173652
"NF1",-0.0267441088921458,17.9841462889838,-0.32303073881032,0.75119280899198,0.961474909590464,-5.09015277133247
"ACO1",0.0283868094949291,20.1152061017528,0.477895197081103,0.639709622850267,0.938925721121189,-5.04746896123697
"VDAC1",0.0657352996965379,25.4137432759731,0.969627379259052,0.347819257899677,0.886421458442757,-4.81141265582437
"SDHB",0.0182434114457486,20.7987274218687,0.176096113968814,0.862606369974035,0.977592365867279,-5.11561665251068
"CD9",0.256576131730803,21.3078039456787,1.2104091796888,0.245503259691341,0.849389846357638,-4.64641981094324
"BCKDHB",0.0651503872427739,18.4462628045089,0.365556309598163,0.719893689753966,0.954180921097348,-5.08002062748502
"COMT",0.0467557209292018,23.1727874284572,0.41907121555645,0.681185531130203,0.947983628026866,-5.06556791251829
"MMUT",-0.105369651333756,19.3783344727662,-1.51568598267607,0.150672502108929,0.842341998928484,-4.39928205888216
"OSBP",0.0603919911157647,20.8246984947384,1.20900968737564,0.245628216384346,0.849389846357638,-4.64747525519414
"PCMT1",-0.139807667532967,22.1773517276748,-0.580991198971531,0.570176479562697,0.929079585778747,-5.0101739234566
"FBL",0.0824813157914193,22.1185358199933,1.05784715462465,0.307093809157473,0.878437682691824,-4.75436432264167
"GART",0.0415934337232038,23.4499006345026,0.762567168756953,0.457709171102494,0.911462804536586,-4.9285100773478
"CDH3",0.168911452256616,16.8263704169097,1.05843510579686,0.306834549698814,0.878437682691824,-4.75397052445156
"PAICS",0.0058793654296565,24.1497144055702,0.0581682829961957,0.954393031964415,0.993062586116823,-5.12525273250345
"SCP2",-0.0029118285404337,21.569490738116,-0.0271643101731798,0.978691739200108,0.996923590197575,-5.12617680803683
"UBA1",-0.000559157160175516,24.7138255588087,-0.00789702321312087,0.993804662988372,0.999742128090196,-5.12641279595229
"NME2",-0.341307743871351,23.9148052255081,-1.4883628279166,0.158100935207257,0.842341998928484,-4.42331974774222
"ENPP1",-0.0955328318116173,16.6139298339498,-0.747741075449431,0.466337279653681,0.911462804536586,-4.93594324193675
"USF1",-0.070774807951981,15.5559624186781,-0.137394552687407,0.892749214644164,0.984405675544383,-5.11980560593348
"FDXR",0.0166020829399685,21.066725735746,0.30223633260659,0.766679601063303,0.963360829111366,-5.09465486126366
"HNRNPA2B1",-0.0129074918609788,26.824592201584,-0.143694999875775,0.887680436858663,0.983360786433286,-5.11922795106751
"RFX1",-0.0807689118390584,17.7452564484526,-0.852908357996949,0.40730777807505,0.902043681327841,-4.88041974335377
"CBL",-0.0114149324089396,18.8351966389707,-0.147522295530259,0.884711599176294,0.982823192403566,-5.11883932797473
"IGFBP4",0.37705777230267,16.5503870724389,2.03629210175981,0.0629698484798408,0.842341998928484,-3.92236991172
"PRKACB",0.204307899424158,18.335342191394,1.68950084930768,0.11208115585508,0.842341998928484,-4.2429072762101
"UQCRC2",0.060484584393933,22.1115198496887,1.0779414941303,0.298323737422628,0.87771037337981,-4.74080565413132
"FECH",0.0868631835168578,19.98065497136,1.5770514775249,0.135923514974615,0.842341998928484,-4.34522889997059
"FBLN1",-0.110537114809816,20.3037716785995,-0.836147328439083,0.416373946223561,0.902043681327841,-4.88970029923612
"TCEA1",0.0170683484169487,22.1878929477054,0.135616629476042,0.893952499384124,0.984405675544383,-5.12001481331863
"SFPQ",0.0518734251651445,24.0504595668384,0.687374073858524,0.502481958576164,0.917812698368546,-4.96484066511501
"TUBG1",0.140909881846802,20.1613053461383,1.21044918582897,0.245092045235041,0.849389846357638,-4.64640467168252
"PPIB",0.0821843238162394,25.7196666768642,1.64494603726817,0.121056561982084,0.842341998928484,-4.28393373181447
"ME2",0.00993164112080791,20.3113152971005,0.132698835598064,0.896219704719327,0.984405675544383,-5.12028786585051
"WARS1",0.00483104044516125,22.9249777559258,0.0736388020528564,0.942284265828823,0.99142871985392,-5.12454065656666
"RPS3",0.130425202428992,26.3735531921333,2.65835134029565,0.0180515892893525,0.842341998928484,-3.24931911821739
"GCSH",-0.00424492902340035,19.338665599086,-0.0132296109431821,0.989626881930356,0.998434980599748,-5.12637331723616
"RPS6KB1",-0.0265155389710756,22.4500797213412,-0.263510976210873,0.795791837752145,0.968763141778022,-5.10225298139138
"JAK1",0.0396655795956598,17.4678356904972,0.4786602387152,0.639177922227738,0.938925721121189,-5.04721853868681
"AHCY",0.050042543158682,25.9434707234137,1.05859599870013,0.306763631215254,0.878437682691824,-4.75386273071398
"CFL1",0.124678094578282,27.069690732192,0.907004644677757,0.378959463734416,0.893575714592306,-4.84936841451644
"EIF4B",0.0409989612748305,23.4856435902463,0.430525529956606,0.67301984371394,0.945496050667302,-5.06222330633771
"F8A3",0.0553415194571265,17.8519147795583,0.511821100021649,0.616331135408581,0.937823009875541,-5.03599587060991
"ATP2B4",0.110098472277365,17.1108626680028,0.881808510173054,0.391983180077225,0.897167192888407,-4.86404139252104
"GATA3",-0.611303871043742,20.2171996670979,-2.99902821191707,0.009276811240362,0.842341998928484,-2.89180083935722
"CPT2",0.00833794490045037,20.3897246086193,0.143852788456871,0.887558005350288,0.983360786433286,-5.11921213035196
"DTYMK",0.0324761950549579,22.0206273244996,0.553918421198059,0.587910402810115,0.931701489334365,-5.02071959665796
"RRM1",0.000290340872666661,22.3934234322487,0.005425309445372,0.995743735780709,0.999742128090196,-5.12642429953748
"COX7B",-0.047094193897518,18.8001741645876,-0.276996180156841,0.785642986764712,0.967773577574548,-5.09971210643761
"CCND1",0.172235005439383,17.7916259851421,1.13136086559941,0.275910760652162,0.86291640145831,-4.70377516785275
"CHM",-0.248085345967962,17.3723640143567,-2.2842694421585,0.0375634236318615,0.842341998928484,-3.64888620075042
"KDELR1",-0.639118362543599,20.1353046023554,-1.70953934905586,0.108890163454715,0.842341998928484,-4.22573110564405
"NR2F2",-0.0509421343130434,16.540745557671,-0.277364445971776,0.785338659216525,0.967732792545929,-5.09965265753991
"EEF1B2",0.221076268830622,24.8967393121755,1.74543660636758,0.101637335873854,0.842341998928484,-4.19055359388394
"ATP5PB",0.0799905775175667,22.8414119989504,1.9306912770608,0.0729168556092029,0.842341998928484,-4.01112525680782
"ACP1",-0.053111421870689,23.1579675600967,-0.68626594819832,0.503160451647984,0.917812698368546,-4.96535037991387
"ACAT1",-0.0246741719837331,22.5101013407973,-0.462817109726283,0.650230238712272,0.940958728523278,-5.05232600785263
"CCNC",0.072988684233227,18.3405883948029,0.602338058083135,0.556069918523489,0.926227821840249,-5.00174248871526
"CCNE1",0.280870683685947,13.0323874182466,1.20911604190032,0.246936200422907,0.849389846357638,-4.6473419001755
"POLR2A",0.0110948464368192,18.6474854403772,0.154026179071578,0.879670650427133,0.982823192403566,-5.11815559166204
"CDK2",-0.0348512523163862,20.9303374223429,-0.474352218486022,0.642174639293063,0.940475135737222,-5.04862368105022
"APC",0.0608910935732947,14.5781075425634,0.402964069686775,0.692738119306988,0.950093748745254,-5.07012325910402
"GRK2",-0.0840727333759759,19.7826029289492,-1.17898155221224,0.257020667553166,0.850763184094445,-4.66958723677152
"MCM3",0.0395042356462589,23.7169328816201,0.702443548663559,0.493308298329815,0.916016829726497,-4.9578343579703
"MPST",-0.0630358741126429,20.2246586958549,-0.558353285458415,0.584955624208375,0.930211911583807,-5.0190437462708
"RPS12",0.0594004623783135,23.5795977131994,0.406479491821113,0.690266873313196,0.948559449659011,-5.0691121154598
"BRD2",0.0923074123630876,18.4586066078902,1.28446280774573,0.218730561658516,0.847665896924723,-4.59008794564417
"YY1",0.1044138927764,19.5130209910014,1.12559996042438,0.278265247190746,0.867028241013295,-4.70783658966941
"DNAJB1",0.0736669270500592,21.7764103462677,0.948485798418966,0.358120259955557,0.890549978301985,-4.82446944817043
"DNAJB2",0.153164922251118,17.4869374484174,1.69787712344245,0.110459947390355,0.842341998928484,-4.23512631001019
"ATP5F1A",0.0286917820729045,25.5847491273133,0.431807629185716,0.672108464717592,0.945401575782756,-5.06184351252043
"PSMA1",-0.00130158348861187,24.4704790819301,-0.0211688616878157,0.983393839980296,0.997543228069567,-5.12627803591263
"PSMA2",0.0294731432229938,23.0152055362037,0.595587981143222,0.560452580329558,0.928025464066323,-5.00447753288232
"PSMA3",0.105493356430614,23.4643887039787,1.38003219178772,0.188077418057176,0.842341998928484,-4.51383260661961
"PSMA4",-0.0695096839198222,24.405816213534,-0.859604440086571,0.403722393160453,0.900408026538814,-4.87666717414718
"NFKBIA",0.0742016073668097,18.1622602967649,0.455081093592175,0.655658200208455,0.940958728523278,-5.05475987236276
"ITGA3",-0.117394342866451,18.5075051371589,-1.23938212649879,0.234506742033471,0.849389846357638,-4.62468445410663
"DDX6",0.0131161030758875,22.1923618148749,0.324002388711134,0.750471804471026,0.961289824813021,-5.08993521552622
"DNMT1",0.11028806079311,21.4746301548409,1.76861010769219,0.0975671031959403,0.842341998928484,-4.16860020938917
"U2AF2",0.160635589811964,23.934812736144,1.27165149030693,0.223126128858926,0.849389846357638,-4.60001184316963
"RPL13",0.0645997557919564,25.3487614118173,0.899322053048977,0.382886634375234,0.895939118424901,-4.8538865972688
"CHML",0.0912768728669135,16.5792218115191,0.622762005858945,0.543600313440704,0.925464328596667,-4.99284793320717
"IVD",0.0239342628034258,21.7626311142582,0.336535017873965,0.741193861061803,0.958942566652935,-5.08707170287995
"MGAT1",0.0195508072968025,18.8547902073791,0.331854728202928,0.744653925697911,0.960286183316858,-5.08815353758133
"HMGB2",-0.00588524786667222,23.7116166731139,-0.0462684449943013,0.963715106883311,0.994164813684224,-5.12568678452316
"PTBP1",0.203635234784215,24.2820687754497,2.00804052681798,0.0632606024890685,0.842341998928484,-3.93381170358913
"TARS1",0.0105454438711909,23.7498617861938,0.122129798330471,0.904439824859843,0.984405675544383,-5.12122736878711
"VARS1",0.0856471331731825,22.4999724253847,1.40737115421023,0.179980720378723,0.842341998928484,-4.4913221477998
"EEF1G",0.0198651703052128,26.1161418147925,0.374262098048987,0.713519398799051,0.954180921097348,-5.07781044608551
"FKBP2",-0.0657071602774408,21.4595711966213,-0.609760407180288,0.551272160077054,0.92552891980847,-4.99870178407515
"STOM",-0.0181714004742872,21.0049440419587,-0.251778565630717,0.804676415472034,0.968763141778022,-5.10435229131645
"AK4",-0.872243179193855,18.1671332760049,-2.25897599073245,0.0399025685019932,0.842341998928484,-3.68042592669783
"YWHAQ",0.120410589544679,23.4648086263785,1.30404411783587,0.212145207285734,0.846423796376897,-4.57478092601196
"MAPK3",-0.0809858775344523,22.6220023792623,-1.29636998333207,0.214707018581771,0.846423796376897,-4.58079981129817
"MARK3",0.110247760882178,18.5975996806014,1.3162261178262,0.208128685462864,0.846423796376897,-4.56517425181958
"ATP6V0C",1.79815415843725,19.2721331353614,2.24310704877518,0.0411710986202321,0.842341998928484,-3.69738528891249
"ARNT",0.0599672495495192,18.2203635594671,1.01333280771854,0.327188968211077,0.87870080154737,-4.78366094802761
"RPL10",-0.236018970308276,24.2981442558376,-1.5343250274466,0.146262254721617,0.842341998928484,-4.38324006273744
"RPA1",0.0617078247338547,21.4026488992909,0.983848614461852,0.341008161221532,0.883952237043116,-4.8024942431178
"APEX1",0.0492257743569802,23.4198351677205,0.475829164430246,0.641146527353149,0.940432824092537,-5.04814331994992
"DCK",0.0141509403859601,19.8406510185458,0.232094052772895,0.819645021309526,0.970431456911451,-5.1076620791706
"CAD",0.00150630141731867,23.47770463952,0.0314064441645042,0.975365208320181,0.995815932767666,-5.12609001443323
"CALR",0.287487015090001,24.5044923070506,2.32354787549893,0.0348260710469137,0.842341998928484,-3.60748801796877
"MAP4",0.0278028620292048,21.3329535693383,0.49412659998717,0.628473083599294,0.938399949405853,-5.04207364368148
"CANX",0.258010402858897,25.3866373923128,2.0417841242991,0.0594249823273486,0.842341998928484,-3.89969953903547
"PIK3R1",-0.280538856596305,16.5974944758356,-1.17591266486394,0.258207444243524,0.850763184094445,-4.67182319439562
"PSMA5",0.0540901625971664,23.6603070808508,0.253103429637432,0.803745077903753,0.968763141778022,-5.10409127084471
"PSMB4",-0.20880332807597,23.2151986412038,-1.45513543929913,0.166703271182767,0.842341998928484,-4.45142344702283
"PSMB6",-0.00167372001198984,23.4487782246803,-0.0193121101400985,0.984850187753191,0.997597951331661,-5.12630429291139
"PSMB5",0.0798328318037562,23.1344399354334,1.41744483548786,0.177070253721869,0.842341998928484,-4.48295231963115
"GSTM2",0.0802408332336331,14.3927966521887,0.338156388259597,0.739996549371312,0.958733148350364,-5.08669346680955
"ABCD3",0.0923426557972071,20.0121720755768,1.91315308193471,0.0752837596084024,0.842341998928484,-4.02847375050268
"NDUFS1",-0.0321369025688476,21.9879110822642,-0.359301722716919,0.724446347327676,0.954513005938327,-5.08159784208438
"POLD1",-0.111809737288446,19.9865377251872,-1.53063180846315,0.146961270135107,0.842341998928484,-4.38623950401293
"TEAD1",0.134100226362509,17.787163513852,1.08543699919669,0.295100055635521,0.875717291434414,-4.735695653574
"SMARCA1",-0.075397721318744,17.0775709543696,-0.723799317109412,0.480478910221452,0.911462804536586,-4.94766826066519
"MAPK1",0.0500734302848649,22.4240657104811,0.774372082514017,0.450910460169845,0.91142481873976,-4.9224979866817
"GCA",-0.565847015179859,20.3295882484952,-2.01051234867182,0.0635155114749991,0.842341998928484,-3.934343722841
"RXRB",-0.0430631973651217,17.9175129617793,-0.466221363038812,0.647848103452027,0.940757100789874,-5.05124248080749
"ERCC5",0.215670454847194,15.8942847348077,1.50344681773541,0.153770056838566,0.842341998928484,-4.4099025913105
"GRN",0.209242630907159,19.3240523750487,0.886752326395194,0.389697765438974,0.896881171140022,-4.86102883725437
"LAP3",0.0614513337759384,23.0634317930884,1.06108284251603,0.305669002640813,0.878437682691824,-4.75219493183169
"GTF2E1",0.0457054528170744,18.2421658827075,0.448538560989279,0.660264498444128,0.942594208803723,-5.05678741560444
"GTF2E2",0.0599595002472846,18.7886661728272,0.939212294596803,0.362704922444362,0.891497764793046,-4.83012001921503
"TPP2",-0.0161183416616915,19.9446228621004,-0.352087535647715,0.729737951036668,0.958217861269429,-5.08337027905675
"IMPA1",0.226501327543257,19.281009310721,2.26091570292261,0.0392853679996099,0.842341998928484,-3.67341336526603
"EPHA2",0.0199591660817333,17.3089240757432,0.168219094983282,0.868689163060061,0.980174066839352,-5.11656159262984
"PTPN6",0.0215138242770969,19.5402872821166,0.439073768955598,0.666953419832305,0.944349207216172,-5.0596704678659
"SHC1",-0.3658809054084,18.3131532577414,-3.03764832825682,0.00841721760495445,0.842341998928484,-2.8399193827093
"MPG",-0.00790600796864283,20.3318077059883,-0.0806451634303093,0.93680504705007,0.988634971821529,-5.12416322832913
"CRABP2",0.0463083438746708,22.9158717641333,0.627513925515249,0.539888203789307,0.925464328596667,-4.99128788691789
"ARID4A",-0.0333346758708082,16.7335897857406,-0.279285685151906,0.783892299835309,0.967179469060542,-5.09928166347057
"KDM5A",0.202917649183968,15.754932090042,1.36372740432478,0.193045872615777,0.842341998928484,-4.5271133438696
"TKT",-0.0176536273385537,25.3507872902423,-0.281235803995998,0.782425041741109,0.966732684376251,-5.09890251087136
"PML",-0.153739907723843,18.7110025709541,-1.86913716097622,0.0815312727933245,0.842341998928484,-4.07169816052372
"TYK2",0.0267007156660863,15.9434521363115,0.188722344499983,0.852875040046998,0.975701677811386,-5.11401232724916
"EEF1D",0.298385328757995,25.1436940830961,2.19172991721587,0.0448805969852162,0.842341998928484,-3.74611370249823
"MARCKS",-0.0277160701279193,20.172719863636,-0.339821339359763,0.738767778778432,0.958733148350364,-5.08630321150232
"GNA11",0.0624672741664867,20.7095238014183,0.876501455413119,0.394768034408076,0.897167192888407,-4.86708449811972
"ALDH4A1",0.0138343761091839,20.4265601617477,0.202351445988281,0.842398501846179,0.974776855773745,-5.11215678012758
"PBLD",0.0467688064979157,17.7123814538544,0.277302509355994,0.785385300381301,0.967732792545929,-5.09966457557578
"ERP29",0.0986666523637396,23.8049487831282,1.45916345862511,0.165426579637174,0.842341998928484,-4.44786771985691
"PRDX6",0.120789100655625,26.3107979966718,0.94033757187146,0.362146450369232,0.891497764793046,-4.82943686478032
"BLVRB",0.10397155508975,24.5859990962217,2.30980473801843,0.0357617807593785,0.842341998928484,-3.62199291243763
"PRDX5",0.192550454534633,23.9460434926501,2.0141406415556,0.0625509017141626,0.842341998928484,-3.92766151792896
"DDT",1.19862050747243,22.2850239529604,1.52031346281884,0.150168975354361,0.842341998928484,-4.39595223662707
"GCHFR",-0.0710300002400466,17.3520050327495,-0.401773840922461,0.693594975375912,0.950096936495422,-5.07045300172221
"PRDX3",-0.0539589511827607,23.9128967776529,-0.422424493881752,0.678790674316194,0.947983628026866,-5.06459780548861
"ATP5F1D",-0.158954857481604,19.4489750820411,-0.382644484722528,0.707594440273578,0.952771384779481,-5.07553182192962
"RPL12",0.10114428719471,25.5522958711751,1.81965852346624,0.0891046149622297,0.842341998928484,-4.11972119194082
"ECHS1",0.00720462863095861,23.2469512881282,0.14705104503071,0.885077053212094,0.982823192403566,-5.11888772798365
"CMPK1",0.180141660215273,21.8780813082417,2.55830789909116,0.0220126317192333,0.842341998928484,-3.35707195176324
"PEBP1",0.131647115762082,25.4936641185529,1.20326805231091,0.247775841854589,0.849389846357638,-4.65173585397726
"PDIA3",0.0334755623310556,25.5095962326541,0.36456975521732,0.720591391450832,0.954180921097348,-5.08028137321032
"PPP2R1A",-0.0932651139843124,22.77579271398,-0.555990378936985,0.586625507062785,0.931294606042491,-5.01987626255711
"PPP2R1B",-0.136446394567074,17.2800181374621,-0.877744184710253,0.394114735530721,0.897167192888407,-4.8663733331708
"CDC27",0.099565400428606,19.4261428474551,1.54551963203031,0.143341418880216,0.842341998928484,-4.37316846761601
"CCND3",-0.00458029942389615,18.3137178695901,-0.0359816798900248,0.971778003025314,0.994854171486128,-5.12598231625273
"PPIF",0.0933412364106552,22.0810465579516,0.917174453690497,0.373762164322782,0.892975750565936,-4.84335897159192
"NKTR",-0.329804808057585,15.8573734969635,-2.18426410032199,0.045469693182086,0.842341998928484,-3.75341192520985
"NMT1",-0.0769682837748924,22.0059587730115,-1.16916814939788,0.260830358394338,0.85125255323424,-4.67672146107418
"HMOX2",0.0987394200900198,19.9986499241978,0.894151563993713,0.385557231998333,0.896341048011413,-4.8569024726507
"ADSS2",0.112517674716848,21.3763507502901,1.04807894555286,0.311424581994536,0.878437682691824,-4.7608809465997
"LRPAP1",0.197690596072611,20.5330584431259,1.95199137907417,0.0701326920758443,0.842341998928484,-3.98996285179148
"TSPO",-0.32943033094746,19.8134599905687,-1.26393375520571,0.226215823631026,0.849389846357638,-4.60599637493227
"ADSL",-0.00218137948407104,20.3577599220282,-0.0352398127521779,0.972359621900285,0.994854171486128,-5.12600077251208
"CLIP1",-0.0114426893381889,17.9008030735898,-0.129963047014024,0.898346337834598,0.984405675544383,-5.12053850857665
"SRI",-0.228192634889492,18.5682007314061,-1.38872876300451,0.185470230842779,0.842341998928484,-4.50670465345597
"GSTT1",-0.139573441261216,19.2478961582086,-0.957207714642715,0.353845163963525,0.887629706552621,-4.81911223226473
"SERPINB1",0.0975577475478211,20.3465575984318,1.46264391710904,0.164484555986731,0.842341998928484,-4.44491046596773
"GCH1",0.226257099693402,16.5337109004592,0.866216024365349,0.400202780628878,0.899243050380325,-4.87293689472128
"SLC7A1",0.265487922354652,21.1870314650212,1.5724402301647,0.137232849460031,0.842341998928484,-4.34966751790616
"ALDH1B1",0.0981061744572926,20.4727355944876,0.966416208231096,0.349370346013102,0.886421458442757,-4.81341140523441
"POLR2B",-0.00406763053695514,20.2651356436491,-0.0741975375125372,0.941847200727288,0.991175686394027,-5.12451181437825
"SDHA",-0.0863961820046271,22.3961981958913,-1.33288806537071,0.202733884237948,0.842341998928484,-4.5519319026642
"CORO1A",-0.0305274811365486,19.6814296082661,-0.30861192527667,0.761920022578877,0.963360829111366,-5.09330579006955
"GDI1",0.168701912879467,21.9956698108037,1.72798216828398,0.104800815087924,0.842341998928484,-4.20698845475384
"MAT2A",0.0686944635549374,23.1298320162627,0.923839443158464,0.370394011931521,0.892975750565936,-4.83938328460275
"PRKAR1B",0.150113236340669,20.0308876228588,1.85972713215162,0.0829257073049565,0.842341998928484,-4.08087855499877
"RRM2",0.00561671984695522,22.7443416544765,0.107837243674868,0.915573759641809,0.985471838577121,-5.12237422233209
"SDC4",0.294001136063013,18.6833347905128,1.55560549934724,0.141138701623203,0.842341998928484,-4.36452867442192
"TIA1",0.100341950200601,20.2171675704736,1.57570367146228,0.136233772522175,0.842341998928484,-4.34643015803815
"SLC6A6",0.108605044076484,18.550231425548,1.32761941528052,0.204427490095119,0.842341998928484,-4.55613200867091
"DNAJA1",0.0353169097528898,22.5055803373277,0.541734082018633,0.596067370572021,0.933531465418893,-5.0252587399766
"AKT1",-0.0394075550971529,20.5946200867598,-0.60478644379485,0.554484813896742,0.925769867052297,-5.00074330865122
"AKT2",0.130010749747253,19.2311081513903,1.65959730093965,0.118038820743038,0.842341998928484,-4.27051087087191
"UQCRC1",-0.0206762842888288,23.0197674237415,-0.50072850964794,0.623929608675395,0.938315260595475,-5.0398298708126
"HIBADH",0.0274717164934408,19.2796889993048,0.318984657861567,0.754197741622242,0.962912401570726,-5.09105180864357
"ATIC",0.0918285870031816,24.0985598449251,1.55204546687099,0.141778659892605,0.842341998928484,-4.36741439190099
"HNRNPH3",0.0768660964396624,22.8683478700599,1.06620016982804,0.303425521580978,0.878437682691824,-4.74875307050859
"HNRNPH1",0.314524273072497,23.5606206272862,1.90092781566076,0.0772074432703264,0.842341998928484,-4.04148235315583
"YWHAB",0.121180454937438,24.4575906158035,1.71617483868209,0.106989403119032,0.842341998928484,-4.21805607608228
"SFN",-0.152022604942282,21.1196217571272,-0.663241884759407,0.517592233934561,0.920721460254424,-4.97562968288808
"STIP1",0.0880280189570541,24.5125675650329,0.900855335527019,0.382097092709702,0.895159361089103,-4.85298938162701
"S100A11",0.412641285353544,23.4362888042083,1.29396574536602,0.216127329424683,0.846423796376897,-4.58279458120753
"L1CAM",0.00607572932435829,19.749101291672,0.0672839852044931,0.947256571580729,0.991836338916264,-5.12485336842497
"INPP5B",-0.276468587758469,17.1528752678591,-1.38763949325376,0.185795164394073,0.842341998928484,-4.50759912802668
"PRDX2",0.130162665868667,25.1987447473888,1.3533396252934,0.196266413141228,0.842341998928484,-4.53551741180531
"ARRB2",0.0252772369793917,18.1621406144738,0.259041832519998,0.7991728055671,0.968763141778022,-5.10306379209262
"GK",0.0856498721047245,16.902888982303,0.592841611305383,0.562241007324602,0.928988740446782,-5.00558206376077
"DCTD",-0.134021696219751,19.2922503781346,-1.74028161378401,0.102562801039842,0.842341998928484,-4.19541655580641
"PYCR1",0.0358259549945359,22.9066573065193,0.494876017962162,0.62795654219363,0.938399949405853,-5.04182037322575
"GBP2",0.146435258896748,17.5258152845068,0.429188998496095,0.674563143307659,0.945496050667302,-5.06227768509625
"ELF1",0.115530619797052,17.5654614545428,0.92585294337349,0.369380593831068,0.892975750565936,-4.83817740135712
"GTF2H1",-0.0285416530605538,17.5575190626248,-0.309883369804262,0.76097203067035,0.963360829111366,-5.09303344293027
"RPL9P9",0.0979489335628827,24.3877551341353,1.68864292221012,0.112248368954823,0.842341998928484,-4.24370303360163
"ACSL1",0.213862308700023,19.4066249983722,2.28795456360475,0.0372982605935544,0.842341998928484,-3.64500983654655
"KIF5B",0.0723193652794478,21.6691721750968,1.23345933861551,0.236644078128289,0.849389846357638,-4.62916192345028
"CSTF2",-0.237787024910379,17.1662134488551,-0.737872992976217,0.472297921391745,0.911462804536586,-4.94071340956731
"DUT",0.237284189154284,22.4796540702022,3.33346765132302,0.00461090263898842,0.842341998928484,-2.52437578645463
"ABCC1",0.0721218405839892,19.3449869838183,1.15293606906883,0.267226242908253,0.856120405293605,-4.6884210949896
"CKS2",-0.19490648976652,17.1341020048338,-0.53737064167559,0.599170309176008,0.933531465418893,-5.02675429263773
"ABCD1",0.0344529137875753,17.4514773023612,0.372779667416242,0.714599310916203,0.954180921097348,-5.07819246614513
"MAN1A1",0.738558681534176,17.5873550723849,1.34712156968827,0.198841363657419,0.842341998928484,-4.54074854439477
"KDELR2",-1.13668807064936,16.4343378167103,-1.58365402067111,0.135069476083007,0.842341998928484,-4.34026305242846
"TTK",-0.197033710102996,16.456438477555,-0.947222418220067,0.358742476168354,0.890549978301985,-4.8252420170557
"MCM4",-0.0470351515732688,22.9551155634397,-0.93973662830895,0.362444623008854,0.891497764793046,-4.82980178306528
"MCM5",0.0509021932600646,23.1162697356077,0.833357157521205,0.417895850460376,0.902043681327841,-4.89122953336072
"MCM7",0.0141232235605493,23.1119656696478,0.246302733038433,0.808832725163653,0.968763141778022,-5.10529975160976
"GALNS",0.0901754699209576,19.198686262094,0.778174454900439,0.448734089327261,0.911232025204671,-4.92054389189043
"SHMT1",0.08081652443704,21.2507325209735,1.02084140646886,0.3237346463644,0.878437682691824,-4.77879149854549
"SHMT2",0.114797179560355,24.2024818051566,2.1315038915351,0.0502398691987118,0.842341998928484,-3.80797759733525
"HSPA4",0.02199106900526,23.6211783388298,0.268762939836413,0.791824065045466,0.968763141778022,-5.10128264812984
"MPI",-0.0152710106403831,19.5442398477787,-0.132152926657892,0.896643995416396,0.984405675544383,-5.12033829565303
"GPC1",0.0595545693889044,16.220121663789,0.436042175648135,0.669102127013398,0.944349207216172,-5.06058136765896
"PFN2",0.030732161459234,23.8081091051585,0.219916563578491,0.828963144256053,0.972181095452472,-5.10956876706685
"CA8",0.104962025250458,18.4592243480581,0.976656909479099,0.344440686396323,0.886421458442757,-4.80701785655091
"CTNNA1",0.111149164039084,21.8044725322624,1.27829780392284,0.22083713968764,0.848620137590005,-4.59487251292376
"CTNNB1",0.00976930695979306,20.1930013523688,0.178262854559907,0.86093472796777,0.97751782113991,-5.11534918691786
"PHB1",-0.0190328756358298,24.8338097954435,-0.242615221956431,0.811635017148458,0.968763141778022,-5.10592617665248
"SERPINB6",-0.157809618603657,21.5463844482004,-1.17115938134741,0.260111930428244,0.850763184094445,-4.67527018946293
"NF2",-0.0309152636318579,18.101939355142,-0.382858621643237,0.707269608681097,0.952593490715041,-5.0755660181325
"RDX",0.00722680453613478,20.0486090312471,0.10168755407712,0.920370160075267,0.985937788833006,-5.12282391046655
"RPA3",0.0645548052272247,21.7063884672919,0.537597553511384,0.59884952603456,0.933531465418893,-5.0267780138702
"RFC4",0.108802645977789,20.3274890703411,1.42178639378192,0.175827882854986,0.842341998928484,-4.47933272727396
"RFC2",-0.0994336642544411,20.6204174422956,-1.00123352236232,0.332810657333628,0.882084620678191,-4.79144516409543
"RFC1",0.0489536310190744,19.600866080389,0.639993197755472,0.531964572309324,0.924449858061943,-4.9859581527392
"RPL22",0.0096879303177495,24.3477936184695,0.111654675299755,0.912598079028431,0.985471838577121,-5.122081826866
"GTF2F1",0.22554784933671,19.9927672882967,1.93383799669622,0.0724993566677908,0.842341998928484,-4.00800521829098
"SPR",0.034319010665218,21.8593142383702,0.591349074037131,0.563214217820745,0.929022143808322,-5.00618032333109
"IDUA",-0.352177060714002,17.0837569912742,-2.22885806704195,0.0417696034249448,0.842341998928484,-3.70696853705228
"CBS",0.0562623369496897,22.3162944030226,0.771980402104268,0.452282764807,0.91142481873976,-4.92372271980324
"IRS1",-0.132989151306905,17.092407718601,-1.49191903112869,0.156736247280729,0.842341998928484,-4.41985578780148
"AGL",0.0374763399507643,19.8200108768047,0.792998959272501,0.440312023013552,0.905742061524332,-4.91284384811235
"MYH9",-0.0419486878160349,23.7106038615739,-0.724090981057709,0.480305093054258,0.911462804536586,-4.94752750333882
"MYH10",-0.0523703471506209,20.9090262785314,-0.814785576060268,0.428117687075685,0.902043681327841,-4.90129352355262
"COPB2",-0.00735612319044421,22.6988486237458,-0.0975558161607411,0.923594485005776,0.986084669120459,-5.1231112405712
"SOAT1",0.199759220492819,18.367183427682,2.40367929418824,0.0298138604877064,0.842341998928484,-3.52252451415527
"ADD1",-0.0900275496258409,17.3162734905352,-0.903976916784905,0.38049308822305,0.893756828005623,-4.85115870232742
"BSG",0.197781547634445,21.7620872701467,2.07834245385188,0.055510490857,0.842341998928484,-3.8624978852104
"FUS",0.206171068648246,22.9194887721229,1.4654841010181,0.16386569507362,0.842341998928484,-4.44261310140971
"NUP214",0.00526203447100215,19.4350617978101,0.0785081520129038,0.938475927530276,0.989139577408354,-5.12428197705745
"DEK",0.103335161799048,22.1751069433497,1.63853413319654,0.122398044489712,0.842341998928484,-4.28978665308721
"MYH11",-1.31634194851711,16.9207654542742,-0.997542898930438,0.335034887525874,0.882084620678191,-4.79359177022426
"CHKA",0.0140103508745746,19.1504507275598,0.146599865852929,0.885426967268183,0.982823192403566,-5.11893392202205
"PPM1A",0.10406617408524,20.0986223168271,1.00040608026946,0.333197613050919,0.882084620678191,-4.79197468568818
"IGFALS",-0.342687771781714,14.4836472322411,-1.49088969792853,0.157003416295172,0.842341998928484,-4.42074214486077
"AHR",0.00267902613015458,14.5890021590856,0.0132348011027733,0.989681924436209,0.998434980599748,-5.12637195547015
"KRT2",-0.240863426718676,18.6134512412238,-0.299489927431072,0.768862664571553,0.964320849854457,-5.09516924727386
"HMGCL",0.0315319787531578,19.4268275622664,0.36154149514452,0.722806412577387,0.954442117637322,-5.08104041443641
"PSMC2",0.0549662057892277,23.4533312731379,0.753130869285111,0.463189181495199,0.911462804536586,-4.93325622184956
"ARL2",0.056136020370257,21.057277826301,0.911685775940065,0.376551532430479,0.893575714592306,-4.84661452393669
"ARL3",0.107061682971853,21.5081583308138,1.47175240912085,0.162040330170959,0.842341998928484,-4.43714951994085
"TRIM23",0.143500671118879,13.6214717536435,0.721171398195504,0.482046724477175,0.911504459854973,-4.94893417575162
"MAP2K2",-0.0264610059317718,19.8645707764298,-0.350394719267758,0.730981704543951,0.958217861269429,-5.08378109310042
"ATP5F1C",0.0467280112665271,23.999599775912,0.837947974843991,0.415393699331106,0.902043681327841,-4.88871102121516
"ATP6V1E1",0.320182543587187,20.1334496150737,3.21746035940184,0.00584046191063596,0.842341998928484,-2.64741679178196
"CPOX",0.0798364454381897,20.9907215704733,1.51019702696333,0.152055130709528,0.842341998928484,-4.4040518275516
"ARR3",-0.296697180171485,17.3217262475729,-0.898006588866903,0.386172241663614,0.896341048011413,-4.85325008322138
"RPL4",0.159176905981198,25.6964528644598,1.98712382179234,0.0657501474839578,0.842341998928484,-3.95484303125538
"NUDT1",0.155980419421379,19.09127196821,2.03814267761468,0.0598284252904235,0.842341998928484,-3.90339138942607
"LONP1",-0.0466683102428291,22.1992151090333,-0.885668078168595,0.389966170397391,0.896881171140022,-4.86181831488201
"PGM1",0.0479451392982568,20.1513187002321,0.769863755596745,0.453499430823279,0.91142481873976,-4.9248037845197
"PPP1CC",-0.0694252359439389,20.6042997372624,-0.80513130166524,0.433494388903448,0.902798869645563,-4.90644603802359
"BMPR1A",0.805676691351909,15.8149013395703,2.11490109118677,0.0533451616800243,0.842341998928484,-3.8360211952264
"TGFBR1",0.191146731905341,16.3096265691086,1.40554758485959,0.180511753956364,0.842341998928484,-4.49283297542457
"GNL1",-0.0308134815221734,21.5760690411288,-0.424783059700597,0.677108365709712,0.946729430287935,-5.06391098742538
"POLR2I",-0.382606907272535,17.7034741127616,-0.7623285263199,0.458218859712893,0.911462804536586,-4.92839633119691
"SERPINF1",-0.331107003013763,20.4814764565735,-1.99136898259674,0.0654627117622567,0.842341998928484,-3.95177319007015
"SREBF1",0.0304586931080877,16.1641350299398,0.21077484294602,0.835938763481242,0.973308054279073,-5.110945784597
"DLST",0.0558105271636578,23.6258975864774,1.34888188257308,0.197661713244135,0.842341998928484,-4.53911013727127
"GMPR",-0.379556128622868,12.552028993793,-1.50543225632154,0.160903401450498,0.842341998928484,-4.41556207081517
"GPX4",-0.223354720038685,18.7597387066677,-1.58988430163229,0.132999514731884,0.842341998928484,-4.33376053422225
"SRP14",0.115786556607276,23.3502185047963,1.33232139768253,0.202915496430806,0.842341998928484,-4.55238420758633
"NUP62",-0.253973919621139,17.9961926279467,-0.665763704641079,0.516073551331645,0.920405749218605,-4.97447188220329
"HPCAL1",-0.229723459952059,17.4034158594554,-0.945103789437951,0.359922577675843,0.891497764793046,-4.82646914343265
"FDFT1",-0.143495283523269,20.8857717515667,-1.76553615559503,0.098098624951682,0.842341998928484,-4.17152094930378
"TAGLN2",0.169305665271857,23.7031099564087,0.455981801026557,0.655231237056715,0.940958728523278,-5.05435630449985
"TALDO1",-0.053698560265218,25.0655311258397,-0.651980376233304,0.524415030639114,0.921426436241604,-4.9807470207414
"ETFB",-0.0249258363485936,23.9929138498078,-0.342062431019226,0.737114966809209,0.958217861269429,-5.0857749490497
"RBMX",0.104461342611863,22.0677828810751,0.901105527658196,0.381968364553274,0.895159361089103,-4.85284285461519
"COIL",0.1496767620879,20.129397638962,2.82465652548174,0.0129421428489981,0.842341998928484,-3.06966907753729
"GGCX",0.089613727686455,18.6528793163175,0.966106289323927,0.349520301929099,0.886421458442757,-4.8136040159004
"LIPA",0.126372752330347,19.0079609134721,0.908929591134396,0.377957571625685,0.893575714592306,-4.84824302141782
"ATP6V1A",-0.0965774186231485,21.8559136883354,-1.57698365131444,0.135939113800444,0.842341998928484,-4.3452893661722
"HSPA9",0.11691856459484,25.4490794267427,1.66845456635167,0.116246225389385,0.842341998928484,-4.26236359108078
"EIF4A3",0.0912863790116702,23.9378123729149,1.8855303981526,0.0791520852105808,0.842341998928484,-4.0556535118126
"IGHMBP2",0.152709896167337,17.9901558756301,2.12011086563774,0.0513289344542566,0.842341998928484,-3.81970223136018
"CDKN1A",-0.0241157066269899,18.194111402248,-0.218312481510456,0.830168621816106,0.972373687946956,-5.10982060679914
"RPS19",0.316061466041667,24.8389601608458,1.33866297401641,0.201312702545159,0.842341998928484,-4.54745257653491
"RPL3",0.0782717882754156,24.9411364944195,1.59189146849424,0.132547066779961,0.842341998928484,-4.33196175579468
"COL18A1",0.126970597775241,17.0638762584473,0.84904784014516,0.409384372343551,0.902043681327841,-4.88257158512332
"MPV17",-0.381629771924413,17.8262622523296,-0.77816329268735,0.449120802702025,0.911232025204671,-4.92031239931132
"DDOST",0.0995604464089652,23.9973215963739,1.71539145073326,0.107136014214874,0.842341998928484,-4.21878894244907
"ANP32A",0.282097896012022,22.4273224267825,2.1635858708526,0.0472868745292859,0.842341998928484,-3.7748492550482
"FEN1",-0.112924686197047,23.0204115532954,-1.07395443772662,0.300049041831413,0.87771037337981,-4.74351223490201
"CUX1",-0.212667259263066,16.4442790769295,-1.95341069039429,0.0699506341785987,0.842341998928484,-3.98854917056169
"CAPG",0.11280830468322,17.6945867160585,0.884930953003376,0.390350852908962,0.896881171140022,-4.86224354040938
"CAP2",0.0291484356133971,20.0697310065135,0.181176422654791,0.858712938744243,0.977171115752443,-5.1149771499736
"TXLNA",0.18538964432641,19.817088156476,1.61655157365408,0.127094849056269,0.842341998928484,-4.30975243467429
"CCT6A",0.0544656101284389,23.8878900573133,0.626776492547249,0.540358466174204,0.925464328596667,-4.9915997830162
"PSMB10",0.0916495058724767,17.3092517887286,0.620737076937586,0.544218308295248,0.92552891980847,-4.99414129981093
"VHL",0.157329373615035,15.0446553793736,1.11686345281591,0.281864615282189,0.870316878217876,-4.71396471897283
"PBX1",-0.229361774089423,16.4522505882525,-1.04888619516243,0.311065007349911,0.878437682691824,-4.76034426740326
"RPL13A",-0.0573340531002415,23.6351733869804,-0.707082813964743,0.490504154020585,0.914775848887705,-4.95564947962315
"ARL1",-0.198563184376003,22.8155045404019,-1.86109534382681,0.0827216416751584,0.842341998928484,-4.07954508487062
"ARL4A",-0.122821425986132,17.1496596482151,-0.825265013869344,0.437236429522072,0.903961056574724,-4.88684635504311
"MLH1",0.0870481611016558,19.1587039334171,1.84448325383641,0.0852298994198289,0.842341998928484,-4.09570389090566
"STAT3",-0.0586502241025819,21.031010184657,-0.859898565652761,0.403565384563649,0.900408026538814,-4.87650175617712
"USP8",-0.00342837088082604,20.1857174979317,-0.0421330353263955,0.966956051877312,0.994596052769101,-5.12581447464846
"PEX19",-0.655003860922992,15.5459881861664,-1.23975669770049,0.234775135638979,0.849389846357638,-4.62441546771024
"MDH1",0.143591652618532,25.1173855738379,1.46645681353683,0.163457675870471,0.842341998928484,-4.44166547728156
"MDH2",0.105254287233272,25.7647070415362,2.31660263418267,0.0352960249177626,0.842341998928484,-3.61482085399951
"RFC5",-0.134301270846375,20.1391653694676,-1.88296024806677,0.0795209341384421,0.842341998928484,-4.05817328772711
"RFC3",0.0478679481599258,19.9737934456762,0.729703070915461,0.476967944274825,0.911462804536586,-4.94480909000647
"HADHA",0.0713365958751027,22.8857845975305,1.17740913671449,0.257628217145663,0.850763184094445,-4.67073343903343
"EIF2S3",0.0552434990380775,22.0617611069868,0.315207788603091,0.757063785767045,0.963360829111366,-5.09185423582803
"ID1",0.0644264631075551,15.5018003561436,0.342448904278826,0.736830077003926,0.958217861269429,-5.08568350726631
"ETV3",-0.322387953163792,14.2692175455274,-1.45840010036145,0.165633788773191,0.842341998928484,-4.44851570975302
"CETN2",-0.990368533866288,18.0156837941817,-1.64474725346181,0.121754931734607,0.842341998928484,-4.28529203931386
"EIF2D",-0.183688264333021,19.1568783657122,-1.75632991292943,0.0997057808573409,0.842341998928484,-4.18025259961391
"BUD31",0.0614185205427233,20.406125156586,0.390598812291191,0.701715477062447,0.9516081755383,-5.07347314042226
"NAA10",-0.0951192945466808,21.2428060227892,-0.94287091031042,0.360891338888056,0.891497764793046,-4.82789634413829
"KDM5C",-0.0347405041129676,16.1708522764724,-0.172079923007771,0.865706655704444,0.978503744528015,-5.11610381463393
"P2RY2",-0.354093474154142,15.7560976464896,-1.2102899591096,0.252005314116563,0.850763184094445,-4.64625583476789
"PPP1R2",-0.15891212024259,16.4934240214058,-0.730588235841179,0.476442875666056,0.911462804536586,-4.94437859274842
"CSK",0.00569243260012442,21.9925597879655,0.0871669792910861,0.931707721866954,0.988634971821529,-5.12378113449654
"PNPLA4",0.0547246962825305,16.3764611028882,0.285269358248258,0.779676471585921,0.966732684376251,-5.09798761481359
"GARS1",0.029597012873797,22.7024861481028,0.462413422751556,0.650512982333176,0.940958728523278,-5.05245398955649
"IARS1",0.0829106667014514,23.3458356761993,1.80722196398145,0.0911039992660488,0.842341998928484,-4.13169331670653
"SLC19A1",0.0850142444401278,19.1948917637983,0.603039311873899,0.555615671803526,0.925905848197331,-5.0014566961298
"EIF1",0.123346906063396,20.5975443706392,0.706412089581645,0.491040152955424,0.915460816885146,-4.95588105983259
"PRKCI",-0.0869741352637128,21.0687506604101,-1.17315887236173,0.259275935454993,0.850763184094445,-4.67382577410853
"ACTR1B",0.0163967085029064,20.0056185097988,0.141905499372306,0.88906915461693,0.983360786433286,-5.11940616525892
"ECI1",-0.0326468880412172,21.613002754075,-0.247488098848419,0.807936678026747,0.968763141778022,-5.10509479270896
"TMPO",0.0898863974108401,23.568934778837,0.99738911970878,0.334611217839774,0.882084620678191,-4.79390231939039
"STAT1",-0.0183980122785243,22.3706971406168,-0.275168357253457,0.786992935159272,0.968408605409542,-5.10007363230041
"STAT6",-0.333705690456142,19.2824529699961,-1.42354443213649,0.183647628641123,0.842341998928484,-4.48297953618329
"MTREX",0.0015593708056727,21.5399762156386,0.0360975571142392,0.971687157544294,0.994854171486128,-5.12597939873479
"AKR1C3",0.22974770042968,16.4220673529329,1.13109584644679,0.282520765154428,0.870529341498932,-4.70260238694255
"PIK3CA",-0.00706421126032808,17.2092828932707,-0.0825836330080591,0.935289667456062,0.988634971821529,-5.1240527570861
"PIK3CB",-0.0177316231311622,19.1463415457573,-0.280366467602101,0.7830790201848,0.96685547726315,-5.09907185319494
"MTOR",-0.0146492832335241,20.1366934811838,-0.286535324627784,0.778442043910217,0.966732684376251,-5.09785901693721
"PI4KA",0.0749142880379843,19.2427217917946,1.4631941400503,0.164336041028315,0.842341998928484,-4.44444253525269
"EPS15",-0.109726026415668,19.4752245270028,-0.579626039860048,0.570995029691132,0.929079585778747,-5.01076154165611
"CASP2",0.0681653974006551,17.9632913902858,0.831821942717897,0.41873477737579,0.902043681327841,-4.89206903749049
"RPS27",-0.0252074404730145,23.0088379129067,-0.0732233138775855,0.942639855577049,0.99142871985392,-5.12455824427693
"MATK",0.0686476683330834,14.2728998723881,0.390461290734449,0.701760438913696,0.9516081755383,-5.07353973427718
"ABL2",0.171885768222104,17.045775814459,1.83195881180281,0.0871655838704677,0.842341998928484,-4.10784069143825
"HELZ",0.0758123669174218,18.5579324783376,1.50966915015448,0.152188659196975,0.842341998928484,-4.40450996394237
"NCAPD3",0.000535824033086385,16.9742090927974,0.00526798128487691,0.99586716164518,0.999742128090196,-5.12642488726129
"RBM34",0.149672909736015,18.5796982638204,1.86329411292318,0.0823946405744598,0.842341998928484,-4.07740117999478
"LRPPRC",0.0729554761740836,24.00213089803,1.15943346318344,0.264651932484015,0.853718501135539,-4.68375311358796
"ACAA2",0.0268617450396889,22.6187575457726,0.473965172004424,0.642444190309477,0.940475135737222,-5.04874932688084
"RPL35",0.101377045676486,23.7757607599328,0.593538838355513,0.561893975695328,0.928988740446782,-5.00523225203652
"PRCP",-0.0221462600783831,19.1547978626623,-0.276873292796041,0.785708543868049,0.967773577574548,-5.09974709464196
"HTT",0.0419504046694925,19.5016346362656,0.963460580527378,0.350802278029479,0.886421458442757,-4.81524618040647
"ECE1",0.303495091665944,17.7073104377401,3.87085534699688,0.0015440332567545,0.778596901660703,-1.9720308334146
"MTHFR",-0.417409027765416,16.9912925813127,-1.5397012587849,0.144935365123832,0.842341998928484,-4.37850690701926
"SLC1A3",0.155552427744057,14.9221838554193,1.06348056370617,0.323898109095288,0.878437682691824,-4.74432441210684
"SLC1A4",0.0897628116659241,19.5197814368192,1.26052900479639,0.226998567238424,0.849389846357638,-4.60856858224563
"PAFAH1B1",-0.030233618773817,21.0850805130947,-0.480807315926614,0.637686806794129,0.938925721121189,-5.04651368051955
"MATR3",0.0260140309583434,22.6104087466738,0.389225830253684,0.702654531510848,0.9516081755383,-5.07387165008311
"MSH2",0.0936529385209113,21.7964747089052,1.42149188174422,0.175911932419627,0.842341998928484,-4.47957849881795
"GRK6",-0.0149696524295742,18.6436857491373,-0.284586851573526,0.77990573127628,0.966732684376251,-5.09824490930012
"BTD",-0.0113405324893527,17.224246013525,-0.0692394943219038,0.945726238199537,0.991836338916264,-5.12476014185786
"GPD2",-0.0248277130191141,22.0944269630612,-0.382999881242453,0.707167091195259,0.952593490715041,-5.07552872279464
"SSR1",0.22401027720986,21.6490654952304,2.07453395278993,0.0559069547872063,0.842341998928484,-3.86638482965718
"PTPN9",-0.26426891107338,17.5539284825327,-1.36377130674197,0.19303235290616,0.842341998928484,-4.52707773060519
"RANBP1",-0.226567962423001,23.2929276656853,-1.09591291078718,0.291003730139959,0.875218094541793,-4.72840550715002
"NAMPT",0.0639867293807548,22.6934432875903,1.25857363617321,0.22768479108254,0.849389846357638,-4.61006718451805
"AFM",0.0755989313744259,18.9132629089312,0.241677623776663,0.812434756800667,0.96916047735853,-5.10605132536173
"PSMC4",0.0211955379679978,22.9125662310598,0.283057251360451,0.781055366809568,0.966732684376251,-5.09854602664459
"TSFM",0.00654785406656444,21.7247543742708,0.10875829417167,0.914855681188683,0.985471838577121,-5.12230460355691
"PPIC",0.128381680197208,21.0863479242938,1.66997788346098,0.115940315160784,0.842341998928484,-4.26095992473841
"VDAC2",0.112679066335733,25.1345061645236,1.41767002732585,0.177005636313668,0.842341998928484,-4.48276475792149
"ACADSB",0.0376552441460234,20.1386714004519,0.605617736533872,0.553947183649381,0.92552891980847,-5.0004031985083
"CBX5",0.0218412041895988,21.0547311416362,0.136293709897823,0.893446161082217,0.984405675544383,-5.11994623173569
"USP5",0.0725489400470458,23.5130323122387,1.76052942519873,0.0989698091191664,0.842341998928484,-4.17627251252472
"MAPK8",-0.172587615547481,18.4442749889536,-0.842838458902696,0.412881573346033,0.902043681327841,-4.88593129233201
"MAPK9",-0.526444583578371,19.3093005974062,-2.69606669951994,0.016893063428585,0.842341998928484,-3.21306416986919
"MAP2K4",0.0322523950859761,19.3258287009066,0.347944591726728,0.732783256089266,0.958217861269429,-5.08437226276698
"MKI67",0.118936845332893,20.9433468419575,1.1607714454978,0.264124164648107,0.853255352236088,-4.68278933739025
"PHKA2",0.0888261690107726,19.5510637021936,1.21846404126108,0.242123306485835,0.849389846357638,-4.64042634165819
"PHKA1",0.121966821624685,17.9446490907584,1.794193353955,0.0932411420187122,0.842341998928484,-4.14419156977607
"RANGAP1",0.0461244816504909,22.0015274281703,0.653505142296508,0.523459090968331,0.921287170798398,-4.98007775364769
"RECQL",-0.0287204405297352,20.4512799461273,-0.323396706008423,0.750921217952186,0.961474909590464,-5.09007090525201
"NOP2",0.0365247766941508,21.7422963018379,0.520593911198348,0.610353640328023,0.936335994482148,-5.03290699085737
"ATRX",0.0139873018598244,18.2224778332792,0.197687727373491,0.845980092527673,0.974870111859126,-5.11280618065008
"CRK",0.0860739061972851,20.9576116100774,1.24998337437959,0.230718827409027,0.849389846357638,-4.61663049527953
"CRKL",0.0893878004588124,20.8886704949848,1.40005646657015,0.182118556785717,0.842341998928484,-4.49737435912438
"MTIF2",0.0339707780729235,18.975983982546,0.674345508534498,0.510492897308618,0.918582534034279,-4.97078580117562
"BAG6",-0.203038815804309,20.0493631171222,-1.16320035085115,0.263380612404845,0.852504641122134,-4.68100692102599
"NSF",0.0568738684328771,22.422342416803,1.08079523672587,0.297093345472774,0.87771037337981,-4.73886347888894
"CDKN1B",-0.115111136455415,16.4011141402154,-0.338920015572562,0.739481177596125,0.958733148350364,-5.08649092919821
"MAP2K3",-0.023542343018665,20.600047391633,-0.579452052782553,0.571003616377797,0.929079585778747,-5.01089843640745
"BRCC3",-0.0296044402114717,18.4012382581461,-0.450478110476362,0.65889745609882,0.941624877813888,-5.05618929527796
"RPL27A",0.154539592212071,25.4441295920262,1.21336968788258,0.244007028775129,0.849389846357638,-4.6442296882945
"RPL5",0.0783467588533284,24.1420657218761,1.25270703550193,0.229753427949597,0.849389846357638,-4.61455309443556
"RPL21",-0.103878548462951,24.1085229516633,-0.933308816850809,0.36564455119681,0.892652924906307,-4.8336926495179
"RPL28",0.166925441158725,24.0116857412704,2.48614215800914,0.0253740802733833,0.842341998928484,-3.43449482248975
"RPS9",0.100721546560781,25.7936714865313,1.16440504779432,0.2626949305365,0.851591281068092,-4.68016765192523
"RPS5",0.145947835079973,24.2898784280006,1.83944304936538,0.0860042213507087,0.842341998928484,-4.10059288510985
"RPS10",-0.0184375956249063,25.5354375955669,-0.200925914372884,0.843492887712667,0.974829174801071,-5.11235687365088
"MAP1B",-0.00705859258977171,17.7693174604928,-0.04792939502977,0.963151007554022,0.994140555635692,-5.12557241158353
"GNPDA1",0.073348284573111,21.0091744448751,0.531747883099444,0.602830564413254,0.9347876022965,-5.02888509941792
"NEDD4",0.143581102201765,18.7162475368923,1.45618688017007,0.166235772708661,0.842341998928484,-4.45039318600833
"UTRN",-0.984373883444457,15.3950317795338,-1.81247762200499,0.0906875003346172,0.842341998928484,-4.1280037101923
"IQGAP1",-0.023197161974462,22.819816778152,-0.330622923423159,0.745565529922103,0.960286183316858,-5.08843579731799
"GYG1",0.0277215091130181,22.8300271178935,0.397259109387733,0.696849095954815,0.950393426960806,-5.07169515777828
"STT3A",0.00228001927294486,22.6737882969107,0.026306499999637,0.979364455294306,0.997304271297255,-5.12619283075858
"RABIF",0.159026667904147,21.744405836717,0.757238835939202,0.461047912192436,0.911462804536586,-4.93103875004708
"RAP1GAP",0.0267206257404915,20.8566937704616,0.123555544794925,0.903365295939873,0.984405675544383,-5.12109806248666
"CAPZA2",0.0510917668103268,21.7131568345556,0.480338067253769,0.638012555590922,0.938925721121189,-5.04666798713425
"CAPZB",0.0360146140672448,23.3546879317575,0.458637788331417,0.653160133052703,0.940958728523278,-5.05364578596991
"EIF1AX",-0.299233008688816,19.7559085484755,-0.673561992836621,0.511299481174757,0.918582534034279,-4.97092907405779
"QARS1",0.0720179116854176,22.3093020260834,1.36056633019897,0.194021341611786,0.842341998928484,-4.52967548905496
"RPL29",0.136289456635819,23.7413941495936,1.58499615564383,0.13410690246521,0.842341998928484,-4.33813551127176
"ZFP36L2",-0.140329406773136,13.4785827587107,-0.801544060125274,0.435503154013101,0.903710431392176,-4.90834669355273
"UQCRFS1",-0.332719219393038,21.4895082863604,-0.838128526646636,0.41570863822664,0.902043681327841,-4.88836853543259
"ATP5PO",0.0965394660313734,23.2497244112626,1.22178631592813,0.24090093500932,0.849389846357638,-4.63793955251765
"LIMS1",0.00086083993760866,17.9129075465703,0.0026691485180171,0.997906742361914,0.999742128090196,-5.12643208996445
"SLC6A9",0.29719084461955,16.2312395444301,0.491565766222876,0.631625156186762,0.938733993165069,-5.04208470259177
"PREP",0.0295904252757424,21.711041283236,0.364105557155416,0.720930761802637,0.954180921097348,-5.08039812671575
"ME1",-0.0443179508741736,21.6395986582299,-0.660653758940829,0.518990515600788,0.920721460254424,-4.976920754059
"IREB2",0.0637899777013757,18.5456257317225,0.609048805238914,0.551731159654111,0.92552891980847,-4.99899481300054
"RFX5",-0.480851877310201,16.8525539075697,-2.20719606128816,0.0435304538675283,0.842341998928484,-3.72956413691717
"PIP4K2A",0.0490642901960925,18.7702856956927,0.460188550395232,0.652072285675559,0.940958728523278,-5.05315741816352
"ARCN1",-0.00605899865983872,23.3240775576175,-0.129830529764169,0.898449369174089,0.984405675544383,-5.1205505171441
"LSS",0.0199256964157577,21.987508343126,0.286000517031883,0.778843703704621,0.966732684376251,-5.0979651931287
"GCLC",0.0162082239752692,20.837257889932,0.168074804863075,0.868800668148867,0.980174066839352,-5.11657850078441
"GCLM",0.0150785710107826,19.9171075458002,0.143275536624832,0.888005921678785,0.983360786433286,-5.11926992455133
"CD151",0.212024474389029,19.4321819976553,1.20521814461615,0.247263102437989,0.849389846357638,-4.65027973828159
"TRAPPC10",-0.0483109988098853,17.5001456031591,-0.636032229711858,0.534472502458726,0.925464328596667,-4.98766038426367
"PSMD8",-0.00619081394268761,22.9142356263282,-0.0713866090391177,0.944046213902256,0.991836338916264,-5.12465470742722
"PRRC2A",0.0956113902923619,19.2027927988083,0.871982391493916,0.397149782633295,0.89748855011745,-4.86966321965705
"GSS",0.00570790245230057,21.7205865034726,0.0831684169335942,0.934832568900296,0.988634971821529,-5.12401891636206
"CCT5",0.0306615618335364,23.8606935164476,0.509047442440645,0.618226899028912,0.938315260595475,-5.03696205929141
"PTDSS1",-0.245929674066122,19.894264649685,-1.64348850144147,0.121535478731101,0.842341998928484,-4.28557830404274
"HSPA13",-0.0419034431992777,17.8310064244642,-0.303179002429745,0.765975250603281,0.963360829111366,-5.09445713730658
"CSNK1A1",-0.211870471704287,21.3235419606793,-1.62994031652644,0.124216104884102,0.842341998928484,-4.29761063177239
"CSNK1D",0.034775989199396,19.5242682055676,0.301937934788217,0.766902604380858,0.963360829111366,-5.09471732369656
"IDH2",0.0456383906953199,24.5073481278291,0.689391428533584,0.50124812706563,0.917812698368546,-4.96391078961767
"PITPNB",-0.117382702254147,20.7690388801662,-0.944668119569174,0.360002762084412,0.891497764793046,-4.82680133713193
"POLD2",0.0145077341911062,19.2841202399551,0.218601019741627,0.829947941292014,0.972373687946956,-5.10977675647656
"MARCKSL1",0.1767154252517,20.6258488608097,0.776518835218532,0.449937435346801,0.911316442457203,-4.92123556144382
"PXN",-0.0657025397075195,18.4975513674601,-0.584543507791148,0.567663134855982,0.929022143808322,-5.00889029049645
"CAMLG",0.0971750241439402,18.6167002828271,0.959972804644438,0.352497299766938,0.886955557373768,-4.8174052285724
"NR2C2",0.0203850946749746,17.6311585556719,0.183313834394527,0.857040577149695,0.976651467401027,-5.11471306188142
"MAPKAPK2",-0.0192803658596361,19.8233665548003,-0.274449347726402,0.787534783876414,0.968408605409542,-5.10021074418671
"ALDH9A1",0.0194250655302284,21.6480106032309,0.249461157470513,0.806434657065561,0.968763141778022,-5.10475577670668
"RPL34",0.0613434184371684,24.6323259324514,0.987902170846413,0.339084128745229,0.882084620678191,-4.79993235717784
"RPIA",-0.156673571800201,20.2300181176252,-1.37113298040985,0.190776169454576,0.842341998928484,-4.52109478402038
"LMAN1",-0.0583167941982197,21.6935056380259,-1.01651499114889,0.325721794504962,0.878437682691824,-4.78160085863348
"SLC11A2",-0.171531902455158,17.2397522967048,-0.591894052730289,0.563617121630288,0.929022143808322,-5.00546857394743
"NASP",0.0405952397693525,21.939638654689,0.275987381309017,0.786413275008978,0.968284045327592,-5.09990129386595
"FASN",0.116293808161636,26.3195711441942,1.9777183487717,0.0668983731331767,0.842341998928484,-3.96427071283413
"CDK8",0.101777048434535,17.3409908715304,0.783776399752289,0.445539711442549,0.909916121031136,-4.91764939792216
"FNTA",-0.210269404514687,18.9233238217075,-1.68264037935114,0.113424367396174,0.842341998928484,-4.24926434936843
"FNTB",-0.0586064708871774,17.6005704490659,-0.668776985205205,0.51393922021487,0.919273078169579,-4.97329490594305
"DHPS",-0.101290974693029,19.6743166660559,-1.53354953746011,0.146245829169528,0.842341998928484,-4.38368401515474
"CCT3",0.18515262098088,25.1270796376691,2.41215551042405,0.0293255529460148,0.842341998928484,-3.51350152068748
"MRPL19",0.0806074768961587,21.2779816029126,1.40219509656119,0.18149136729231,0.842341998928484,-4.4956070547086
"ARRB1",0.0355010602618258,19.6997429624205,0.627402261105404,0.539959397860521,0.925464328596667,-4.99133513711426
"TUFM",0.0201410640644717,24.7923365259069,0.432240550616315,0.671800842980198,0.945401575782756,-5.06171502253267
"ALDH7A1",-0.0129981075274941,22.6129008504819,-0.187830167689919,0.853561870174747,0.975701677811386,-5.11412931333198
"CDC34",0.172042986762651,19.2021474659555,2.31018586285038,0.0357355159174499,0.842341998928484,-3.62159094798545
"INPP1",-0.0921484257199765,16.5637495369492,-0.473228796377483,0.64547600605338,0.940757100789874,-5.0474653258841
"CYB561",-1.20496950545753,19.5760705024881,-2.49535278417073,0.0253500287289248,0.842341998928484,-3.43268084396438
"GLUD2",-0.221570906272504,17.6633122379989,-1.26294660071546,0.226152379208666,0.849389846357638,-4.60671336560868
"CENPF",-0.215815664462824,15.963246079868,-0.907123139032631,0.378881049125293,0.893575714592306,-4.84930807660949
"SRP9",0.20967534994961,23.0074138628328,1.49631381888113,0.155747193643222,0.842341998928484,-4.41620783645405
"UBE2A",0.0929971199140667,20.3170732601293,0.612946124918272,0.549310839724709,0.92552891980847,-4.99732652490348
"PCYT1A",0.0377191818873115,19.917976073377,0.564066382005832,0.581160474858798,0.929790176756083,-5.0168662840012
"AARS1",0.0712503777884272,22.8772511006834,0.756176345681827,0.461416159484488,0.911462804536586,-4.93173025483524
"CARS1",-0.0113028734198224,21.9185814384672,-0.176340375801878,0.862417887644929,0.977592365867279,-5.11558666313028
"HARS2",-0.0611377156201911,20.3130453273641,-0.964549113241432,0.350274432418375,0.886421458442757,-4.81457099674674
"SARS1",0.0709107233256887,23.1248048331218,0.898458047661167,0.383332027291364,0.896055756684706,-4.85439160018351
"PPM1F",-0.0221101999787123,19.1187108677322,-0.248739168069539,0.806982659187651,0.968763141778022,-5.10488072909757
"MAN2A2",0.138016555424866,18.6694055923151,1.03543451262931,0.317096321130436,0.878437682691824,-4.76924339492287
"PRIM1",0.0669385241245024,20.1508822174903,1.42376017972049,0.175265444888218,0.842341998928484,-4.47768471539289
"PRIM2",-0.0077197416453636,19.7831125501075,-0.134088238758351,0.895139982608737,0.984405675544383,-5.12015858116179
"CTCF",-0.107303863576277,18.2953092857609,-0.769561168448632,0.453673526870734,0.91142481873976,-4.92495811196119
"PSMB3",0.103482914303761,23.0124449636431,1.27939298182481,0.22046174953746,0.847665896924723,-4.59402378360428
"PSMB2",0.0942368603227308,23.3471863771661,1.09761481634806,0.289917645301657,0.875218094541793,-4.72733330914116
"MCM2",0.0475741438845034,22.982378392984,0.831932698408561,0.418674217695866,0.902043681327841,-4.89200851829212
"COMP",-0.253663617044118,16.9439713890578,-1.18875922648109,0.25326738684272,0.850763184094445,-4.66243364239486
"ACADVL",0.00547962063695095,21.1992570398172,0.0831144341808901,0.934874763730737,0.988634971821529,-5.12402205026877
"YLPM1",0.0396720675975999,19.4662146263255,0.400186939676338,0.694738072499386,0.950296838557188,-5.07089116589887
"ACOT2",0.0630181839837132,14.2356701368993,0.0919729914148458,0.927979395471614,0.988176918854616,-5.12347662777159
"VPS41",0.0110902680576821,18.8194827780995,0.15011387453124,0.882702319918157,0.982823192403566,-5.11857040222756
"TMED10",0.0327822135596563,23.0340676853946,0.375558189361864,0.712575748987687,0.954180921097348,-5.07747523455855
"RBM25",0.0637515957615058,21.5238612453003,0.984923982310066,0.340496984011831,0.883952237043116,-4.80181545502714
"NUMB",-0.0192076681305053,18.5289952574778,-0.256087629040853,0.80140998976362,0.968763141778022,-5.10359223449133
"CLK3",-0.0962481877456476,18.1542015426922,-1.08592791896074,0.294889821787818,0.875482866553864,-4.7353599851501
"PSEN1",-0.00557430654154345,15.8294090832924,-0.0350805398498912,0.972484492918759,0.994854171486128,-5.12600468479882
"EIF2B2",0.000468128485508146,20.9293333222601,0.00793334783510648,0.993776166396664,0.999742128090196,-5.12641259506785
"HINT1",-0.150982254636681,22.7699787526235,-0.44093708275653,0.665832663446156,0.944349207216172,-5.0589919413749
"FHIT",0.217924980428037,17.48825937539,2.15913045329941,0.0476871316594762,0.842341998928484,-3.77945968939755
"NUP153",0.132567282185725,19.2682326254325,1.30299149738928,0.212495148999785,0.846423796376897,-4.57560801489875
"RANBP2",0.0270310031459147,20.7603383637931,0.583863261352899,0.568108843266236,0.929022143808322,-5.00915954495788
"RGS3",0.0575170092734716,15.3517379792196,0.395060968599298,0.698435705362725,0.950393426960806,-5.07229500468277
"TSC2",-0.0215915948689229,17.830663807289,-0.313551681685467,0.758239154120999,0.963360829111366,-5.09224151420389
"NDUFV1",-0.0457752396724231,22.0720450425412,-0.835254827720931,0.416860369361159,0.902043681327841,-4.89018994829163
"GSK3A",0.0197707907212639,19.709825749604,0.239145154715526,0.814274501161544,0.969233600523131,-5.10650712451535
"GSK3B",0.0984539010653549,20.3423178658413,0.953101581114557,0.355853356396388,0.889982516442494,-4.82163946902034
"STK19",-0.00695149853620336,16.29675589382,-0.0731302244706303,0.942682112132126,0.99142871985392,-5.1245667202329
"TAF6",0.0454825579032097,17.8581232311791,0.479657916326135,0.638484848114555,0.938925721121189,-5.04689138994981
"NT5C2",-0.036242341307517,20.0978005456683,-0.561026031175829,0.583178564324177,0.929790176756083,-5.01802767280491
"SEPHS1",-0.0351884873234383,20.7619293228883,-0.177430817491179,0.861627256654995,0.977592365867279,-5.11543781409189
"MTHFS",-0.0855103717334629,19.0635570885491,-0.941851918550223,0.361395823330104,0.891497764793046,-4.82851641372787
"GMPS",0.0488679611720784,23.3850956632573,1.0189795330256,0.324588744938654,0.878437682691824,-4.78000170854503
"LIG3",0.0687887133902976,20.2207083496165,1.05686678715631,0.307526462214167,0.878437682691824,-4.75502056015693
"LIG4",-0.0253092562033608,16.6317653729617,-0.125115645643238,0.902116378235902,0.984405675544383,-5.12096982625731
"MRE11",-0.017212567544064,19.8966307977652,-0.253245696982859,0.80356385070943,0.968763141778022,-5.10409494165639
"KHK",-0.134903150485862,16.5986548465324,-0.915113195381002,0.374808045296978,0.892975750565936,-4.84458354369058
"GNAQ",-0.112203848135064,19.5649391130538,-1.09628847489904,0.290478784012349,0.875218094541793,-4.72824769378695
"IDH3A",0.0505747108038825,22.9646405215712,0.603126220884304,0.555559389239687,0.925905848197331,-5.00142125512467
"PPOX",-0.0757312239892727,16.8725787661406,-0.591288864194592,0.563253496528081,0.929022143808322,-5.00620442780973
"GDI2",0.0557755259846608,24.0233759021822,0.968982537181008,0.348130346764299,0.886421458442757,-4.81181447472535
"EMD",0.0239542394508376,19.9802309354679,0.240812566934521,0.813005902128796,0.969185556308291,-5.10622900509943
"CPT1A",-0.0101105447166709,22.8545453918145,-0.14191523130693,0.88906160125905,0.983360786433286,-5.11940520208477
"SLC26A2",0.100930733085875,17.7446375898866,0.761107729739006,0.458554087634016,0.911462804536586,-4.92924759714543
"SERPINB9",-0.0184137467866563,18.0004835760745,-0.1798139368805,0.860629900639045,0.97751782113991,-5.11489734012004
"SERPINH1",0.0264150391854159,23.9408335894844,0.394373315649516,0.698932349919538,0.950529386451663,-5.072481992915
"PEX5",-0.14019707065389,16.4532939120342,-0.366074690812442,0.719562632913878,0.954180921097348,-5.0798649166064
"ERF",-0.208046037075974,16.8628867154518,-1.75377204320839,0.100156407971027,0.842341998928484,-4.18267439592576
"VASP",0.0501373788185902,20.329053083356,0.765771187495586,0.45585764774173,0.911462804536586,-4.9268864969924
"DNM2",-0.030311171312583,21.3711264349743,-0.362603323874124,0.722029444581686,0.954180921097348,-5.08077496796173
"METAP2",0.0409801141241886,20.7470602939945,0.298618046768217,0.769399208502079,0.964320849854457,-5.09540185932288
"NUDT2",0.0308065678557767,19.3665703269625,0.394026775348684,0.699182686151748,0.950529386451663,-5.07257610499547
"CDK7",0.121087236775139,19.5153019277821,1.46551639774477,0.163710449800532,0.842341998928484,-4.44246633491699
"HLCS",0.192608058103115,17.162247672164,1.32630091036138,0.204853095305057,0.842341998928484,-4.55718126366312
"KNTC1",0.102559069849182,18.6567117115225,1.65720739419298,0.118526587140924,0.842341998928484,-4.27270501195312
"CDK9",0.0398259124436144,20.5460318383922,0.879741582625299,0.393066224112332,0.897167192888407,-4.86522847399857
"LRBA",-0.00486622787430946,19.7316974365333,-0.11261636951975,0.911848651740898,0.985471838577121,-5.12200656582014
"BCAM",0.112176721799624,20.4420494481888,1.43809794233374,0.171224181854317,0.842341998928484,-4.46566769992267
"PPT1",0.0666935061109299,22.6783951088429,0.877019982953507,0.394495358254618,0.897167192888407,-4.86678787133013
"RPL14",0.0302473831711119,25.2596697882717,0.501106560662597,0.623669906730988,0.938315260595475,-5.03970052249037
"CCT8",0.0476444683304074,25.185419169808,0.9293268379873,0.367636620114194,0.892975750565936,-4.83609163782986
"CCT4",0.0813752936968299,24.7528894195539,1.3374098245276,0.201289376927383,0.842341998928484,-4.54831784951518
"ANXA11",0.37350445678382,21.2608470840842,4.27324182168602,0.000686655300665153,0.651418876108672,-1.58306477718339
"PAPOLA",0.018819500907771,19.90021648999,0.450670152640752,0.658762168384149,0.941624877813888,-5.05612993781074
"FXR1",0.030926895266564,21.1822031102922,0.560525486767541,0.58351115560576,0.929790176756083,-5.01821830877894
"FXR2",0.00197972343898911,19.9113338460542,0.021707415479368,0.982971435147333,0.997543228069567,-5.12626996942308
"RAB5C",0.109445916762365,23.7365630390026,1.5458739896215,0.143256187025086,0.842341998928484,-4.37285640021265
"RAB7A",0.0546010739059959,24.6968973454237,0.728556367080282,0.477648674240645,0.911462804536586,-4.94536608284892
"RAB9A",0.0613682490916929,19.3675506014927,0.961285230433139,0.351858804505644,0.886423748057837,-4.81659356568309
"RAB13",-0.0588124154240646,19.2025623683117,-0.601536681169703,0.556589266203658,0.926554312151075,-5.00206870517238
"RAB28",0.10295698818609,16.6387774088197,0.688246971672916,0.501947869208496,0.917812698368546,-4.9644386196939
"RAB27A",-0.157587899459493,18.5180490883823,-1.62180575241015,0.125958373871755,0.842341998928484,-4.3049945438288
"DAP",-0.318756629262571,15.332104447232,-1.20777747015688,0.246087902113455,0.849389846357638,-4.64839091631769
"DAP3",0.00796590660359797,21.6124900609352,0.125307152313051,0.901967388061661,0.984405675544383,-5.12095309628132
"DUSP3",0.148056067295844,20.3181359842132,1.61938571797984,0.126480736491953,0.842341998928484,-4.30718711088561
"DNA2",-0.134389835531859,16.1654325184399,-0.696842134454659,0.496706600953255,0.917234421027085,-4.96045486454208
"SMARCA2",-0.122214942683751,17.2699900200784,-1.12262380360018,0.279487503345441,0.867594757942038,-4.70992839814812
"SMARCA4",0.0887057047532984,20.2186192574996,1.06914851513034,0.302138437457882,0.87771037337981,-4.74676398748038
"IDH3G",0.0379239607686692,21.6942239934383,0.398706237939608,0.695805362362367,0.950393426960806,-5.07129848821175
"GALK1",0.0784365421973696,22.7693138281749,1.2194640393409,0.241754869425529,0.849389846357638,-4.6396783573443
"SSR4",0.13796656000342,22.818196450066,2.43057864098788,0.0282902460448248,0.842341998928484,-3.49386871867517
"BCAP31",0.30248214491964,22.867637503971,3.42419181020758,0.00383212321469757,0.842341998928484,-2.42894221528645
"TPMT",0.0360304587953308,19.1036404390213,0.710550774905789,0.488414182197944,0.914234145218411,-4.95400766943428
"CYP2J2",-0.375687983209993,16.2840652419412,-2.01684886983301,0.0670638336469414,0.842341998928484,-3.95117142624396
"MECP2",0.290890005784892,17.5578137566506,1.99317204520409,0.0650212700539054,0.842341998928484,-3.94877084169613
"HCFC1",0.0524268711725639,21.7946787011962,0.822490112969467,0.423857715593138,0.902043681327841,-4.89714267262406
"IRAK1",0.0744415509982979,18.7955230015883,0.939302383810809,0.362660189500032,0.891497764793046,-4.83006535167849
"ALDH3A2",0.0682245114558988,21.9921753372228,1.14511257781631,0.270351125567867,0.858604202731194,-4.69401479773674
"ALDH5A1",-0.00600770265791795,20.7489825739382,-0.14158966938522,0.889314289394695,0.983360786433286,-5.11943738737767
"HSD17B4",0.015105142056985,22.9991478459307,0.254587931771986,0.802546383088747,0.968763141778022,-5.10385820565411
"PSMD7",0.0262150634036544,22.8818299470464,0.383076089148362,0.707111786642198,0.952593490715041,-5.0755085968329
"SUOX",0.0783805616789373,16.7693367197661,0.608376957304041,0.552164707174684,0.92552891980847,-4.99927117843261
"SGSH",0.0602969043372816,16.2004375244002,0.224826399411323,0.825190269059166,0.971849063240015,-5.10881668073988
"STAT5B",-0.0892923777862755,17.7243973015351,-0.771124979753127,0.452774223336879,0.91142481873976,-4.92415994170469
"USP11",0.0300467717585491,19.4904846307752,0.356667859620479,0.726376617819675,0.955902536508917,-5.08224902080452
"CLCN7",0.116984157718743,18.4891156347124,1.55703580951902,0.140593373892572,0.842341998928484,-4.36300418629751
"PLXNA3",0.00922465332698152,15.8176525147671,0.0472320188929551,0.962960041235108,0.994140555635692,-5.12565531653117
"DYNLT3",0.0741019996036663,17.5310269393627,0.537964218521039,0.598602651206484,0.933531465418893,-5.02664379021201
"VAMP7",0.00332663776895004,20.7411292941011,0.0580799924634697,0.954462173236105,0.993062586116823,-5.12525631696389
"RPS6KA3",-0.0366094404735193,19.7093692363691,-0.488091302131306,0.63264025972077,0.938733993165069,-5.04409992385668
"HDGF",-0.0717784396652945,23.1513250770866,-0.650047102278134,0.525628499534673,0.92154210785698,-4.98159351634234
"LUM",-0.202424210107303,19.0582929409189,-0.770295812144048,0.453505120942492,0.91142481873976,-4.92442382336804
"CCNH",0.000538461201831097,18.5789056585392,0.00606994340753984,0.995238013769617,0.999742128090196,-5.12642171080616
"MNAT1",0.0315610904805865,18.6297826193425,0.435146837983681,0.669737290700945,0.944349207216172,-5.06084922305262
"NEK3",0.0687674452719964,15.5324490548643,0.493763806714898,0.628723213508478,0.938399949405853,-5.04219612007836
"UBE2E1",0.0314399901458806,19.0554895945424,0.130513670431005,0.897955290122226,0.984405675544383,-5.12048056593618
"NDUFA8",0.191575693707808,21.3993242345474,2.03817189762128,0.0598251780023038,0.842341998928484,-3.90336177503993
"HNRNPA3",-0.0570676549116982,24.599850669645,-0.522589992579132,0.608997553932538,0.936335994482148,-5.03219720020345
"PGD",0.0470263397650328,24.8143988558021,0.877075410402146,0.394466218270794,0.897167192888407,-4.86675615473918
"HNRNPM",0.0314842252638812,24.8552981614279,0.339807811993038,0.738777759310691,0.958733148350364,-5.0863063898046
"KPNA2",0.126603180553374,23.7317536420761,1.95434949233877,0.0698304473395891,0.842341998928484,-3.9876138519756
"KPNA1",-0.0535772928827463,20.1895282302881,-0.761958420879937,0.458061477651334,0.911462804536586,-4.92881785905937
"NCBP2",-0.375240711509196,20.058158989288,-1.84218816655483,0.0860115612140692,0.842341998928484,-4.09941332866754
"RAP1GDS1",-0.0468847805326114,19.8890707973596,-0.325540250527318,0.74935197886926,0.961031568617505,-5.08957961050591
"DGKE",-0.0335014944660799,18.4568270188667,-0.318409277548638,0.754625398802541,0.962912401570726,-5.09117875459143
"POLR2H",-0.0289344828933586,20.0153145900795,-0.409581936125605,0.68798180097505,0.948559449659011,-5.06827257557856
"MAP2K6",-0.0501940092311486,17.4964381000101,-0.648295167363089,0.526729514413706,0.922744903007834,-4.98235860324862
"ARHGDIA",0.0787023104001108,25.0952806029923,1.65167091111943,0.119663253913758,0.842341998928484,-4.27778109368779
"SLC7A2",-0.00614777253978005,17.5479465802969,-0.051272302150373,0.959843639767378,0.994118447583944,-5.12551210520404
"AGFG1",-0.157317945175254,19.535529007508,-1.85706333030041,0.0833242982843471,0.842341998928484,-4.0834733902122
"HNRNPF",0.0950096921216641,23.3361062109194,1.22520919875345,0.239646568965603,0.849389846357638,-4.63537215159168
"STAT2",0.0125093971260917,18.2684080259283,0.0947490142227775,0.925785651261617,0.987514563410017,-5.1232996459738
"GTF2A2",-0.0194770980253161,19.4106352655704,-0.118621964285083,0.907186255805743,0.985320663054398,-5.12151895986672
"MSH6",0.0951515576780722,21.5647325304942,2.1531951427253,0.0482252146198152,0.842341998928484,-3.78559670998576
"KIF11",0.0236056316062161,20.7511188977689,0.364775884809678,0.720440711738183,0.954180921097348,-5.08022948165269
"VAV2",-0.000160119577323314,19.4753396261211,-0.00191210335999417,0.998499909631822,0.999742128090196,-5.12643330492698
"ZNF143",-0.103122888009166,15.9587345420132,-0.478637161197558,0.639193958010107,0.938925721121189,-5.04722609831352
"RBM5",0.220261695716669,18.4904761509218,1.51592963885081,0.150611372713832,0.842341998928484,-4.3990700749292
"RIDA",0.10225612024211,21.5643331952992,1.33862576051652,0.200902354225308,0.842341998928484,-4.54734453191121
"SMS",0.185168393721931,21.2004752486604,1.10666839623092,0.286312734463699,0.87217797114032,-4.72101602586145
"HK2",0.0377530437307989,20.3675766230414,0.480580151154424,0.637844493178104,0.938925721121189,-5.04658839887603
"MRPL12",0.0602109884388611,19.328902495898,0.289276962604006,0.776461543700797,0.966241276286809,-5.09727780583735
"DGKQ",-0.0218126101111551,16.0413862491408,-0.132400120570369,0.896451867606017,0.984405675544383,-5.12031548612516
"NDST1",0.0595110585596963,16.4800294360077,0.56847683212245,0.57823938333666,0.929790176756083,-5.01517100906275
"THOP1",0.0731211951996293,20.6045697635193,0.904324165980745,0.380314939064121,0.893756828005623,-4.85095471908557
"AKR1C2",0.875929155675891,15.4609981637054,1.31010049287123,0.210557936927883,0.846423796376897,-4.57011116236489
"CAPZA1",0.0960548495037195,23.5072912227899,1.39116300803007,0.184745761920775,0.842341998928484,-4.50470399472663
"CRIP2",0.312489168741433,19.436583358278,1.83276639114189,0.087257173664955,0.842341998928484,-4.1077897140606
"NUP98",0.0241598372812,20.1102101897167,0.416455538623724,0.683056073091066,0.947983628026866,-5.06631943250616
"BLVRA",-0.0110087370263052,23.9338216997726,-0.165333836244215,0.870919389249651,0.981402575284531,-5.11689695024494
"SLC25A1",0.1480043830299,23.4297133563496,2.75028405185745,0.0150248312459502,0.842341998928484,-3.15004478254446
"PPP5C",-0.0269812766844133,21.2224850034132,-0.533838538207315,0.601383398910372,0.934722426405194,-5.02814905524364
"PLK1",0.0558817844911772,19.5195275625069,1.01073931006849,0.328388221925221,0.880057183772315,-4.78533599860796
"ARFIP2",-0.0768326849335672,18.1044143450009,-0.630323312491201,0.538098726471173,0.925464328596667,-4.99009653752795
"ARFIP1",-0.0177541905613161,20.2872643227294,-0.302669184350274,0.76635615347076,0.963360829111366,-5.09456414627357
"NUDT6",0.0222263933716356,17.0608171931465,0.110481222906705,0.913619136351204,0.985471838577121,-5.1221533965221
"NUBP1",-0.0726872912142547,20.5786413126013,-1.17673771577567,0.257887975399835,0.850763184094445,-4.67122251011573
"ACLY",0.0939169479582667,24.859409301471,2.15700406707538,0.0478792626790387,0.842341998928484,-3.78165897279646
"METAP1",-0.00959465136366333,20.3550783259405,-0.0817459171911869,0.935944512178472,0.988634971821529,-5.12410081913993
"SUCLG1",0.0948149265374738,21.2692561362079,1.74524899509742,0.101670888320205,0.842341998928484,-4.19073070970552
"MVD",0.0263214290987932,22.3078670787814,0.527394128897984,0.605739830329086,0.935824550283773,-5.03047830028524
"PGGT1B",-0.0147159350474482,17.4213474073264,-0.129459250627214,0.898738046460607,0.984405675544383,-5.12058409700576
"RABGGTB",0.150629427346473,19.3118751637784,1.52679849553933,0.147905702962601,0.842341998928484,-4.38959229591368
"COPB1",-0.0222326719968144,22.1068541026208,-0.5996510585636,0.55781230917735,0.9270468147788,-5.00283468252217
"COPA",0.0963624819972395,23.4032117087785,1.44152407074475,0.170269964946934,0.842341998928484,-4.46278430682806
"CTSC",-0.266729054467806,18.700402492616,-2.2295505986479,0.0417144206959196,0.842341998928484,-3.70624509396793
"AP3M2",0.119772536004835,17.9373783170739,0.800152109333109,0.4362842056448,0.903961056574724,-4.90908217386203
"AP2S1",0.0672471860462025,22.1336240246925,0.817885929234633,0.426400148988244,0.902043681327841,-4.89962734122472
"HCCS",0.133260614240136,20.7703269890963,2.17053809653122,0.0466685324387836,0.842341998928484,-3.76764903942937
"PTTG1IP",0.390058321597161,13.4827349749657,0.8498098761276,0.408973918934738,0.902043681327841,-4.88214750392785
"SMTN",0.0826625214930594,18.444453350534,1.02062414768576,0.323834226275819,0.878437682691824,-4.77893280933411
"PLAAT3",-0.186091800298342,13.6938757453233,-0.785834876181458,0.458490832569037,0.911462804536586,-4.90791753095097
"SLC16A1",0.0438034410554451,20.0307297397241,0.376471614116232,0.71191100021656,0.954180921097348,-5.07723831468996
"IST1",-0.0789972331208126,20.6792948965495,-0.972004242742934,0.346674281735194,0.886421458442757,-4.80992963383325
"SEC24C",-0.0147411566197455,22.4810057149411,-0.313835902105615,0.758027549759347,0.963360829111366,-5.0921797735252
"SUB1",0.146841017092097,24.57801386723,1.47110875250637,0.162212054245954,0.842341998928484,-4.43769897891529
"POLG",0.0339855895421088,19.2118358926568,0.585085760431192,0.567307974636998,0.929022143808322,-5.00867544573142
"CLNS1A",0.0569840941848732,21.6225399321039,0.498401474914862,0.625529299580103,0.938315260595475,-5.04062400095729
"RARS1",0.0314154764624845,23.5734335895598,0.58480802640661,0.567489867925312,0.929022143808322,-5.00878550950566
"HIRA",0.116538171354428,18.045628698196,0.917673599856102,0.373509198023413,0.892975750565936,-4.84306208019979
"ATXN3",-0.442678127677684,17.991492357973,-2.32777343874241,0.0345430341297401,0.842341998928484,-3.603024043416
"PMS1",0.245879925625822,16.7007567265155,2.57895303317671,0.0211322990093712,0.842341998928484,-3.33487013511299
"PMS2",-0.019051961557544,18.212187390207,-0.239460711845892,0.814034377888735,0.969233600523131,-5.10645463722615
"CACNB3",0.182096075768087,16.3860690665283,1.17133273929603,0.259986350066197,0.850763184094445,-4.67515176531525
"YARS1",0.0859279122410221,23.0944174595045,1.64186503279094,0.121699570456963,0.842341998928484,-4.28674777328286
"USP14",0.019706410908551,22.806294447722,0.460608820502906,0.651777610094633,0.940958728523278,-5.05302479309272
"PRKAG1",0.0471752285992544,19.7325803960927,0.689340040464745,0.501279534446806,0.917812698368546,-4.96393450731278
"HSPA2",0.0145186381052476,21.2689071757832,0.122929092983744,0.903817761685035,0.984405675544383,-5.12115903411114
"ATP1B3",0.219382521532044,22.5259305639056,3.03599401536206,0.0084455018247368,0.842341998928484,-2.84169837243341
"RAD23A",-0.0329052763679982,19.7280152995766,-0.290494496751282,0.775470602553694,0.965508761746846,-5.09706691950247
"RAD23B",-0.289250630783339,21.7620263890671,-1.03936637218778,0.315810189623769,0.878437682691824,-4.76647276493401
"EPHB3",-0.0650023098937638,17.1013626187711,-0.414313933893056,0.684589195389566,0.947983628026866,-5.06693135084333
"EPHB4",0.012912888939745,18.2303490060073,0.1924862189687,0.849978835006015,0.975701677811386,-5.11351272935996
"EPHA4",-0.0887633149176246,16.5734040647317,-0.571335811514278,0.576349928650965,0.929763305957504,-5.01406543760027
"NAGLU",0.0528944168505525,18.5805140884697,1.06821153045006,0.302547037709064,0.877899647045308,-4.7473965977243
"GALC",-0.0886492459956791,18.1305050864368,-0.700832511325836,0.494284282723556,0.916016829726497,-4.95859001143602
"AK2",-0.00124866292789605,23.2860887115371,-0.0128694448360962,0.989903906713646,0.998434980599748,-5.12637672291945
"ALDH18A1",0.076452559236003,23.0764328592566,1.50080398509922,0.154445888125656,0.842341998928484,-4.41218874534214
"NAPA",0.00251256473233852,22.1896431279523,0.0280431680789858,0.978002534309762,0.996921100054001,-5.12615985907726
"EIF5",0.134695497953906,22.2676890279024,1.74547664119653,0.101630177294221,0.842341998928484,-4.19051579740896
"SLC12A2",0.013676006238498,20.8450640426223,0.26472964756606,0.794870627278439,0.968763141778022,-5.1020295085483
"PSMD4",0.0524645772185401,20.7636380219811,0.48702956437901,0.633374694362552,0.938806505934017,-5.04445392474249
"DRG2",0.029758281535603,21.3674556317104,0.534552378661834,0.600901803275725,0.934665864553823,-5.02788939527566
"PLTP",0.213371255934245,16.4978869814755,1.45136298927537,0.16755413632908,0.842341998928484,-4.45447881907736
"CSE1L",0.0229431313001349,24.4263443140451,0.463919753188983,0.649458227157821,0.940958728523278,-5.05197588737763
"TMBIM6",0.141937999706645,18.8496725291743,1.36199018100994,0.193581465409241,0.842341998928484,-4.52852192613768
"VCP",0.0962092388226168,24.9222793415931,1.98260952547625,0.0662990018705674,0.842341998928484,-3.95937028681563
"MFAP1",0.236199950664869,17.7159448671224,1.54299398068948,0.143950145027547,0.842341998928484,-4.37539142155864
"HADHB",-0.0901522559907946,23.6314227644092,-1.37506094963803,0.18958112828847,0.842341998928484,-4.51789336395161
"MANF",0.180943830489372,21.0942276184012,1.22430943448642,0.24016179313723,0.849389846357638,-4.63604705261663
"AFDN",0.090918739187277,19.147525835417,1.51978931162846,0.149645822607582,0.842341998928484,-4.39570925435771
"ELL",0.0704297122205126,17.7964903959033,0.839086553189816,0.414774650418097,0.902043681327841,-4.88808452118888
"BRPF1",0.03016082088104,17.9195880571918,0.224925450097175,0.825114627481619,0.971849063240015,-5.10880118928154
"NAP1L1",0.145949326958792,23.6535492675624,1.6483423827868,0.120351141471386,0.842341998928484,-4.2808281788681
"CASP7",0.029313417365195,20.6053884007091,0.53972354621478,0.597418808972724,0.933531465418893,-5.02599855297201
"CASP9",0.331703575045152,14.8300263831837,1.62102161884334,0.127640440149497,0.842341998928484,-4.30817161609296
"CASP6",-0.155554438700889,19.9946129560762,-1.95023046646954,0.0703591638302858,0.842341998928484,-3.99171616927055
"ADK",0.0696359327346912,23.0266392282692,1.33872605406117,0.200870458358206,0.842341998928484,-4.54726422237191
"ADAR",0.0458360760447292,21.6458310695714,1.03698209360707,0.316398151895035,0.878437682691824,-4.76822433650815
"LAMB2",-0.0557644824340215,16.1625037614426,-0.144282482312511,0.887979806642179,0.983360786433286,-5.11899071969516
"FOXA1",-0.0783578283899189,16.4378525460935,-0.510158582291309,0.617467109470725,0.938315260595475,-5.03657560061834
"TPD52",0.0335008716613068,20.3562683749467,0.307084636816768,0.76305929394764,0.963360829111366,-5.0936314847926
"SEC13",-0.0484759048950387,21.0878139081397,-0.238871752729563,0.814551590214682,0.969233600523131,-5.10652684762246
"SNU13",0.0895754826018091,21.3693779714729,1.0984821889797,0.289551119564486,0.875218094541793,-4.72673486415544
"NPEPPS",-0.0151946838101864,23.2935691403819,-0.19815067088928,0.845624407764424,0.974829174801071,-5.11274239002563
"GFER",0.151144973533572,17.4933077807754,0.974032865991061,0.34569915613468,0.886421458442757,-4.80866149035758
"HNRNPH2",-0.196856639145896,20.5367095022933,-1.37260139130699,0.190471666123465,0.842341998928484,-4.51996211089905
"OXCT1",0.0676538273082627,21.4344648533026,0.71318436068024,0.486830594546876,0.91405766851174,-4.95275598464598
"SUMO3",0.180575725049859,14.296326905031,1.21727682492253,0.242561287687179,0.849389846357638,-4.64131376450706
"EIF3B",0.0831730980910272,23.6805047059666,0.904414851167603,0.380268424186357,0.893756828005623,-4.85090143717365
"BID",-0.0997677901853358,20.0320675803832,-0.394250485681022,0.69913945982542,0.950529386451663,-5.07245075346299
"ATP5MF",0.173308373176997,23.2484436730194,1.6592643400979,0.118106671850195,0.842341998928484,-4.27081666493683
"GFRA1",0.379997033706164,16.3866379441921,1.26641222646722,0.225031370806603,0.849389846357638,-4.60405885054932
"NDUFV3",-0.102206643740981,16.9861604953615,-0.589999824697668,0.564094768638331,0.929022143808322,-5.00671993127751
"RRP1",0.0592159084315149,20.1091847112616,0.758569596155474,0.460025792924397,0.911462804536586,-4.9305272070908
"MARS1",-0.00094784031737305,22.3459652682664,-0.0175765568610858,0.986211523874055,0.997746343106665,-5.12632665817493
"ARPP19",0.507426690390258,20.8878911627132,1.40314559477395,0.181851478167481,0.842341998928484,-4.49517544588659
"MAZ",0.0445728839423403,17.037020238152,0.282580512772236,0.781413787979491,0.966732684376251,-5.098639550582
"CMC4",-0.170268118943952,15.5804829626469,-0.650703438627985,0.528846342603056,0.923174371936723,-4.97893012973833
"POLE2",-0.221381312837938,17.0863817026952,-1.35838706096628,0.194696159965866,0.842341998928484,-4.53143944643086
"AP1S2",-0.505119544695056,17.135308989812,-1.72148635038454,0.106243612914766,0.842341998928484,-4.21365582817599
"ATP5MJ",0.0478573883912965,20.5662709229701,0.296496995166348,0.771016562686779,0.964457432905214,-5.0958260159525
"ATP5F1E;ATP5F1EP2",-0.0270508272915109,20.9043317106456,-0.117302132125755,0.90823162869517,0.985471838577121,-5.12162424182229
"ATP5ME",0.110487750005138,21.6958931440409,0.915646214578418,0.374537400468394,0.892975750565936,-4.8442671081523
"EIF6",0.118382179177814,23.2173461022591,2.02127634071945,0.061729938122809,0.842341998928484,-3.92045787501939
"CTBP2",0.00166754164279936,21.1878995080518,0.0204541896825817,0.983954387834224,0.997543228069567,-5.12628842745822
"NDUFA6",-0.0027249082447689,20.1640411905016,-0.0290813171532174,0.977188435870832,0.996474999914899,-5.12613914305539
"PEX3",-0.121995539330179,18.154935647977,-0.829524148143201,0.419992463129968,0.902043681327841,-4.89332300200449
"HSD17B7",-0.315870028415492,17.9797881257997,-2.0301730833289,0.0607201456566088,0.842341998928484,-3.91146242671604
"BCAR1",-0.110253312195915,18.6172620612851,-1.67676686539155,0.114585436025273,0.842341998928484,-4.25469548014364
"STX17",0.174304676815062,18.6076949755646,1.71377375840222,0.107439321124523,0.842341998928484,-4.2203017363755
"RWDD2B",-0.0813455416852982,15.356395003198,-0.568123710536735,0.578472978861437,0.929790176756083,-5.0153071991336
"PRDM15",-0.29675893557749,16.5439003832185,-1.5723190765216,0.137015547585843,0.842341998928484,-4.34944401093069
"CFAP298",0.253030317248808,18.9477775172208,2.33205747306407,0.0342582928652152,0.842341998928484,-3.59849632020617
"WDR4",0.16098130423434,18.8770142687175,1.38497322448526,0.186592482988901,0.842341998928484,-4.50978655968925
"TMEM33",0.0434069925318283,21.4704918846165,0.708395472213586,0.489712454699143,0.914774148954532,-4.95502889875314
"SYNJ2BP",0.171919209599757,19.9414835828631,1.31328711713814,0.209092093371579,0.846423796376897,-4.56749777609172
"GEMIN4",0.0194267413067699,19.7392389707179,0.255620176612183,0.801764151497095,0.968763141778022,-5.10367530272487
"PCBP3",-0.402421170768474,18.30037480037,-1.41089212020476,0.179391527437829,0.842341998928484,-4.48865462477306
"RAB25",0.0252937119224335,21.1135122185077,0.370197761836894,0.716481668106238,0.954180921097348,-5.07885428963857
"CORO7",0.0310347767170285,19.9837629827366,0.443459852784581,0.663850023841331,0.944051057140379,-5.05834180502829
"NUP107",-0.0210785151451844,21.0198741800339,-0.229760892169989,0.821424162505973,0.970967448020595,-5.10803670989976
"SNX16",-0.0565616376276985,12.1434585006532,-0.21144777751029,0.835868943001685,0.973308054279073,-5.11069762486632
"EEFSEC",0.055535023687856,19.8076916867014,1.02633599720789,0.321223537000202,0.878437682691824,-4.77520947374871
"SESN2",-0.118587797162405,17.4243051262617,-0.995112078267824,0.335680953420428,0.882084620678191,-4.79535400006521
"EPPK1",0.0462962592894414,23.5404332707044,0.691669053040731,0.499857244045752,0.917812698368546,-4.96285794701629
"SMIM11",0.220781534215881,14.6296857416551,0.495353666564867,0.627680680316828,0.938399949405853,-5.04162592606095
"MTPN",-0.216883502344277,19.9819662444191,-0.825997146131851,0.422223799091042,0.902043681327841,-4.89506511587839
"YBEY",0.124260030076449,16.8795899914604,0.745213161377119,0.467818304192241,0.911462804536586,-4.93719751210201
"AP3S2",0.0566614730705126,18.2811359479385,0.498348157984203,0.625565974503066,0.938315260595475,-5.04064215462449
"ARPC4",-0.00237088883988079,24.3241122719044,-0.0383666252146803,0.969908335827218,0.994812193773581,-5.12592037907195
"CD81",0.489412437023816,20.1948787954157,1.1763265137437,0.258620941913432,0.850763184094445,-4.67145556938484
"SEC61G",0.368519028304576,21.436348651948,1.11540690260371,0.283017580220396,0.870727823276949,-4.71485080651095
"TPI1",0.176328614623497,26.3409602822476,1.58715957870514,0.133615821604587,0.842341998928484,-4.3362002027609
"EIF3E",-0.00205202076611144,23.1662328314047,-0.0496888760582455,0.961034992393474,0.994140555635692,-5.12557214760757
"SEC61B",0.349810744315096,22.0562072822768,1.63871878744826,0.122803492325225,0.842341998928484,-4.29039717238492
"PTEN",0.0430341851923011,18.1911782687434,0.506282453593884,0.620119535010185,0.938315260595475,-5.03792024483151
"PPP4C",0.107200898929708,21.3647195608838,0.689094066382428,0.501537687888981,0.917812698368546,-4.96397771154842
"GABARAPL2",0.132622718188198,21.3273657184077,1.20018426467158,0.248935287969645,0.850763184094445,-4.65401785718042
"ROMO1",0.0261119210055369,20.4338522916689,0.0851664700532614,0.933306547093705,0.988634971821529,-5.12389646854885
"UBE2G2",-0.832235871943201,17.4732566902247,-1.96872967058807,0.0684761200212582,0.842341998928484,-3.9755643456295
"MYL6",-0.389749534726654,21.4066765697308,-0.668936509008874,0.514160231407478,0.919314635143202,-4.9730138956455
"PFN3",0.169536040957048,19.3743255486742,0.920332651826958,0.372334240739379,0.892975750565936,-4.84138962187097
"ACTB",0.644785454780322,25.1425107121051,1.17498809593334,0.259139084826496,0.850763184094445,-4.67242795568838
"RAC3",0.785093691056847,18.5346457585298,1.63745606121442,0.123282010823091,0.842341998928484,-4.29191485640345
"EIF4A1",0.173730002093524,25.2462518223845,2.34206209785531,0.0336019169024412,0.842341998928484,-3.58791496064054
"RPS20",0.0454018331339725,24.889794904951,0.339087538751951,0.739315114475426,0.958733148350364,-5.08647255257459
"PRPS1",-0.0302206398517306,19.7525844819573,-0.14205155054216,0.888996171762649,0.983360786433286,-5.11938235012535
"PSMA6",-0.0472316991650388,24.0564889080767,-0.372342621031202,0.714917808431371,0.954180921097348,-5.07830481019507
"S100A10",0.0140705990559979,18.6935829020015,0.0438458596595701,0.965628291872621,0.994596052769101,-5.12576196308389
"CDC42",0.0677290573015199,23.9296236077107,0.86930535085484,0.398565206729735,0.898430086268213,-4.87118537097346
"DSTN",0.0868201531192732,24.1034601171197,0.544073242513547,0.594583414883293,0.933531465418893,-5.0243395842314
"GMFB",0.0808238070192857,21.0981447532617,0.625483855709965,0.541183328547688,0.925464328596667,-4.99214567862687
"RAB8A",0.068354276178983,19.7601293309857,1.19220338147125,0.251955383280482,0.850763184094445,-4.65990308819509
"SPCS3",0.0234932577885942,21.028548216819,0.313101039478595,0.758574701814758,0.963360829111366,-5.09233929375672
"SRP54",-0.0783099734984347,22.2274874070093,-1.32113334750348,0.206528009843196,0.844322763856599,-4.56128643713607
"RAB4B",-0.275660561150524,16.8957852590561,-0.59794622317853,0.559109321180634,0.92735412272402,-5.00340144094825
"RAB2A",0.119421037218135,21.3152287974355,0.73199133270585,0.475743833705574,0.911462804536586,-4.94361013391325
"RAB5B",0.0436302157075268,20.0969011001762,0.732694943129834,0.475194610776101,0.911462804536586,-4.94335210122042
"CKS1B",0.0387080443343422,19.0459695452654,0.210254386713462,0.836368191247842,0.973549503370154,-5.1110118270362
"RAB10",-0.0483975691971601,22.6936361541702,-0.829160889039798,0.420191515208643,0.902043681327841,-4.8935209624483
"CXCR4",-0.445960033725688,13.6722182169622,-1.1343043077765,0.290348539750623,0.875218094541793,-4.69853797327284
"UBE2D3;UBE2D2",-0.551666211664056,22.351293370495,-1.64217607413029,0.122291566052422,0.842341998928484,-4.28762940817368
"UBE2M",0.0589127317730309,23.0102940609136,0.701840722082651,0.493673363931848,0.916016829726497,-4.95811729787314
"UBE2K",-0.115564974194552,23.452323019712,-0.825209840262921,0.422452321775922,0.902043681327841,-4.89561431491665
"UBE2N",0.0588701367716844,23.2701278751939,0.579336219960861,0.571079733871054,0.929079585778747,-5.0109439305233
"RAB14",0.0376597485544323,22.397783488835,0.730120962619474,0.47672001264058,0.911462804536586,-4.94460590856295
"ACTR3",-0.00424951837288035,23.7040971679008,-0.0574222156298616,0.954977297266462,0.993241900540157,-5.1252828504125
"ACTR2",0.124143748893452,22.9552690745875,1.29262051959895,0.21596760036528,0.846423796376897,-4.58373124043234
"ACTR1A",-0.0368509184896197,21.9666304147404,-0.792581692475262,0.440547703756468,0.905947512872812,-4.91306235193423
"COPS2",0.0420290215265489,21.0408061088061,0.596099530971353,0.560119797188853,0.928008912548565,-5.00427127018213
"ARF3",0.447638846628237,15.0218369863108,0.988064944426813,0.339161602764137,0.882084620678191,-4.79976113594709
"ABCE1",0.0827383532963388,22.2449724826633,1.43169556375967,0.173019159683444,0.842341998928484,-4.47104367364832
"RAP2B",-0.000258702059770854,19.4259056706472,-0.00343715809081574,0.997303471993454,0.999742128090196,-5.12643045498824
"MAX",0.135526258246912,18.0120156516741,0.857443952197258,0.404876930894665,0.90121254788065,-4.87788073427846
"RPS3A",0.0395225010507723,24.5196802955181,0.693397143863586,0.498803456664712,0.917812698368546,-4.96205700851003
"RPL26",0.150716532109982,21.4375851377704,1.42462522172965,0.175019415060634,0.842341998928484,-4.47696196708941
"PSME3",0.155658533867431,22.5987639588935,2.06194934418974,0.0572355706844934,0.842341998928484,-3.8792099546566
"RPL15",0.0391199623266374,25.3020206829888,0.43133697863978,0.672442964489187,0.945401575782756,-5.06198305923741
"MAGOH",-0.783908422653109,18.6509397356592,-1.90956330058005,0.0763990599353345,0.842341998928484,-4.0346282072671
"RPL27",0.118699725484767,25.7931246263024,2.7173232727772,0.0160487255499487,0.842341998928484,-3.18565497568722
"ATP6V0D1",-0.0015667392002463,21.6428638747243,-0.0180912597369219,0.985807795568427,0.997746343106665,-5.1263202449403
"PCBD1",-0.375989524330109,20.1484239718314,-1.08818683769041,0.294461717000648,0.875482866553864,-4.73365820052317
"RPL37A",-0.186899549693624,21.4746050202512,-1.10834091439003,0.285617376344753,0.87202202407069,-4.71985377112668
"RHOA",0.38732702184096,21.5198476664498,2.46034001884019,0.0268427146493309,0.842341998928484,-3.46472509797661
"NAA20",-0.120325019407357,18.8398044412619,-0.578281389198266,0.57187725213217,0.929129211429401,-5.01129037132248
"HSPE1",0.139366419309091,25.6406776511344,1.70959214910783,0.108226824092143,0.842341998928484,-4.22420861402833
"SEC61A1",-0.372746422420221,22.0399932745715,-1.83743273357271,0.0867452240757255,0.842341998928484,-4.10400433388727
"VBP1",0.16972102765083,21.8156579335638,1.55669193506216,0.140674779053551,0.842341998928484,-4.36330836257687
"STXBP1",-0.0198524452183051,18.7167683120147,-0.208846019035956,0.837416880912001,0.973760257456695,-5.11122740847452
"B2M",-0.0983333049205939,18.8718743930634,-0.429288632823085,0.674029762347853,0.945496050667302,-5.06251392833026
"DAD1",0.152761317810096,22.758878616035,1.75668823989343,0.0996427960392908,0.842341998928484,-4.17991318812329
"NPC2",0.216757006024572,19.2374121700096,1.28227099816382,0.219669423829918,0.847665896924723,-4.5918202150526
"COPZ1",0.1689984684511,23.060684778737,2.06778690688682,0.056615710140025,0.842341998928484,-3.87326441333435
"RPL37",-1.42584147302298,16.7183485437439,-3.29921042123899,0.00550903732797117,0.842341998928484,-2.62231089094967
"SUMO2",0.000717785650508063,17.441883786808,0.00770972927952135,0.993951594834116,0.999742128090196,-5.12641381710437
"UFM1",0.0295386919074829,21.7488358128982,0.218962636864836,0.829681549345114,0.972373687946956,-5.10971821354617
"DCAF7",0.0742947975813806,20.3914845163054,1.44635159411861,0.16893291034208,0.842341998928484,-4.45871382265278
"WDR5",0.0430153424749342,20.9566819325891,0.60285070804441,0.555737822842469,0.925905848197331,-5.0015335912801
"AP1S1",0.0502551817255537,20.7940695427462,0.321600298801513,0.752300314221432,0.96184670484124,-5.09045027221119
"NUTF2",-0.175036776758034,22.0186238884235,-0.574946123912476,0.57423710577945,0.929763305957504,-5.0124880619416
"HNRNPK",0.0664455445467347,25.9599961114699,0.991979654718604,0.337156508436673,0.882084620678191,-4.79734651403934
"YWHAG",0.0644220574426235,22.9711611524487,1.14558529267411,0.27016153047757,0.858604202731194,-4.69367765217134
"RRAS2",-0.00999997147087228,17.613413288941,-0.0844757895641767,0.933810742211757,0.988634971821529,-5.12394239776308
"TIMM10",0.169100148996925,16.5204337925259,1.17797740544077,0.257408522814601,0.850763184094445,-4.67031933831959
"RPS7",0.0263493713096103,25.5025227991486,0.343729941547365,0.735886042704054,0.958217861269429,-5.08537968384858
"PPP1CA",0.0215334123939748,23.9002773781206,0.348413682507287,0.73243821261512,0.958217861269429,-5.08425939400706
"PPP1CB",0.115907566379967,21.6279290321639,1.02906452903061,0.319981788013673,0.878437682691824,-4.77342484135302
"NCS1",0.10155248600584,13.2705187835047,0.257743587825143,0.800704182068303,0.968763141778022,-5.10307872318042
"PSMC1",0.0597697207319356,22.9607693426825,1.37928018218624,0.188304262041535,0.842341998928484,-4.51444753204509
"PSMC5",0.0193185305829893,22.7397392923109,0.39425802527127,0.699015630187284,0.950529386451663,-5.07251331195832
"RPS8",0.0350889406360615,25.1081914639932,0.471917251916245,0.643871289372666,0.940757100789874,-5.04941249913487
"RPS15A",0.1664012105499,25.3187313865759,2.44528318648032,0.0274889126137814,0.842341998928484,-3.47817863504011
"RPS16",-0.0457110359130333,25.8214620096207,-0.552193202176409,0.589061905402496,0.932117240136735,-5.02136811167057
"UBE2G1",0.0720946043769892,18.8270704101024,0.458091442133997,0.653543584798593,0.940958728523278,-5.05381746411663
"UBE2H",0.276231114433823,18.9014751361186,2.51226951336481,0.0241040489962756,0.842341998928484,-3.40650040145187
"YWHAE",-0.135461519679783,24.904587058171,-1.39709256579967,0.182990702503629,0.842341998928484,-4.49982061721593
"RPS14",-0.429782761133055,26.1669719435498,-2.70427156839573,0.0165877085001513,0.842341998928484,-3.20327277935157
"RPS23",0.0775232054220538,24.7220062292262,1.26961152618631,0.223832438245815,0.849389846357638,-4.60158534482816
"RPS18",0.0277842923088265,26.0670774741564,0.345044203647165,0.734917981494773,0.958217861269429,-5.08506682678274
"RPS29",-0.864545290625379,21.6662739711305,-1.95232400078277,0.0707024018911419,0.842341998928484,-3.99253293853494
"RPS13",0.0814912578698568,25.7676263548741,0.94684687494009,0.358927576260516,0.890549978301985,-4.82547149763194
"RPS11",0.0114406333923327,24.9869990085801,0.147166281773298,0.884987684798842,0.982823192403566,-5.11887590678633
"SNRPE",-0.0490629848726982,23.0948150926839,-0.419500723904297,0.680878584364702,0.947983628026866,-5.0654440732954
"SNRPF",0.359167519623803,20.8554028520898,1.73063807125286,0.10475436126276,0.842341998928484,-4.20556095133689
"LSM3",0.0201184725430856,21.5037378563088,0.0392917003101918,0.969199547152266,0.994630468337478,-5.12589421159809
"LSM6",0.0754893336625919,21.4021630490022,0.640355512346466,0.53173549780571,0.924449858061943,-4.98580195832405
"SNRPD1",-0.0166845978843675,22.8337423218369,-0.307755110396324,0.762559088368607,0.963360829111366,-5.09348870166107
"SNRPD2",0.0934466053725309,24.335840538571,0.941120348383563,0.361758311402051,0.891497764793046,-4.82896123365959
"SNRPD3",0.0897767481556357,23.8920598310984,0.49385121146834,0.628772159913824,0.938399949405853,-5.04209937862245
"TMSB4X",-1.0819895324022,18.5891561102483,-1.5773164621404,0.136519566173094,0.842341998928484,-4.34589620584574
"ARF6",0.056477357435778,22.3770373068867,0.630530050831909,0.537967171593855,0.925464328596667,-4.99000867262636
"PSMC6",-0.0137060268872702,22.2696705224928,-0.149301521784812,0.883332056817662,0.982823192403566,-5.11865520119968
"SELENOT",-1.15044219282551,19.6137294633357,-1.75955236560818,0.0997889059746927,0.842341998928484,-4.17892471707083
"TBPL1",0.00443664320793147,17.2030986845555,0.0524356034565008,0.95888311582584,0.994118447583944,-5.12547417629415
"RPL7A",0.0249613233563508,25.3489325279027,0.255787556129223,0.80163733252092,0.968763141778022,-5.10364557592657
"POLR2G",-0.105340493046512,19.2960196372726,-0.983851547514619,0.341006766254494,0.883952237043116,-4.80249239257145
"RAB11A",-0.46738982798362,16.6980990083864,-1.39469233190636,0.183937335136036,0.842341998928484,-4.50192374320981
"ETF1",0.131981889473323,23.5224042531592,1.90050673332444,0.0770331679090904,0.842341998928484,-4.04093950463963
"CNBP",0.124639808589205,20.748809067306,0.640095862760377,0.532105214016658,0.924449858061943,-4.98577913887072
"YPEL5",-0.218185368668745,17.1645891583851,-0.9640089441705,0.350536298845042,0.886421458442757,-4.81490612713567
"RPS4X",-0.103716627827154,25.0687573771057,-1.10428280982173,0.28710880297169,0.87217797114032,-4.72272307568171
"RHOB",0.200144886845614,20.4015945783355,1.28723404597981,0.217981041777631,0.847665896924723,-4.58796394676027
"RPL23A",0.0951854706456743,23.8525293344422,1.09728017494624,0.290059146879776,0.875218094541793,-4.72756409503477
"RPS6",0.143571528784229,25.1989521513641,1.78748432159621,0.0943588729329571,0.842341998928484,-4.15060977878388
"H4C16",0.0270169910058371,24.7625061887247,0.085488651512953,0.93305490370105,0.988634971821529,-5.12387723564837
"RAB1A",0.0965333421746237,22.1377446551293,1.75453364749659,0.100022047080654,0.842341998928484,-4.18195349975007
"RAN",0.0121010627632536,26.4983810400417,0.26876692227129,0.791821058623519,0.968763141778022,-5.10128190517867
"RPL23",0.0503268513137485,24.6663402009361,0.54888996126273,0.591269864930536,0.93247311322733,-5.02260447153747
"RAP1A",0.216028719111328,20.0199972681202,0.700267303715709,0.494964208037583,0.916423486994651,-4.95863552128163
"RPS15",-0.0795390401593998,23.2194735832624,-0.546328997395236,0.59306423818139,0.933531465418893,-5.02350728398509
"RPS24",0.0663975683986813,23.8903244622211,0.385193333974604,0.705641684899291,0.952083020150937,-5.07491255702484
"RPS25",0.128934341657075,25.9256922625091,1.8167477279173,0.0895690484200676,0.842341998928484,-4.12252691349071
"RPS26",0.16177015413173,21.9525374802362,0.800042797582199,0.436610854362482,0.903961056574724,-4.90897739397815
"RPS28",0.301893082253887,23.9817140541658,2.09393635602886,0.0540784955748648,0.842341998928484,-3.84770350224166
"FAU",0.0801950993769083,24.0787434424637,0.462011098820617,0.65087535649222,0.940958728523278,-5.05253335238751
"GNB1",-0.135193000495498,21.7847789450269,-0.742793597401394,0.469413226773014,0.911462804536586,-4.93828290135231
"POLR2L",-0.103708057681494,19.3266184407195,-0.914378248438841,0.375181439387327,0.892975750565936,-4.84501959869572
"RBX1",-0.256697401879766,20.7928695386708,-0.981643347071243,0.342449879402152,0.884943417520345,-4.80370839645632
"GNB2",-0.0490204795685898,21.9323227749761,-0.168468720910761,0.868567356834594,0.980174066839352,-5.11651296873757
"RPL30",0.132134205291532,24.3358489435725,1.43686200503317,0.171569487546801,0.842341998928484,-4.46670673612369
"RPL39;RPL39P5",1.38659606067312,21.1510287240699,1.77811703765387,0.0965852125350548,0.842341998928484,-4.16137549352602
"RPL31",0.151738564057595,25.0752898143315,2.58049253754997,0.0210680241281298,0.842341998928484,-3.33321373495024
"RPL10A",0.0299251659829913,25.0148461527614,0.46862147247615,0.646171008174584,0.940757100789874,-5.05047397289798
"RPL32",0.125617007612341,23.6330918430679,1.48843435884786,0.157642251116498,0.842341998928484,-4.42285485135866
"RPL11",-0.0677772955481437,25.3557715356251,-0.720044876290184,0.482719746068867,0.911504459854973,-4.94947556097125
"RPL8",-0.0319419142584429,25.3804402776206,-0.571816688508255,0.576032440760797,0.929763305957504,-5.01387896860766
"PPIA",0.173536333578983,28.1199282138006,1.61895336624128,0.126574254959996,0.842341998928484,-4.30757862335298
"FKBP1A",-0.639899644143537,22.9105621833048,-1.59536194442335,0.132425230041006,0.842341998928484,-4.32982157706371
"RPS27A",0.398809759470907,20.629489353774,0.607182639839727,0.553221905388224,0.92552891980847,-4.9995749211595
"UBA52",-0.050515764897904,15.8235065707709,-0.259080082053383,0.799143851522481,0.968763141778022,-5.10305691082213
"GRB2",-0.0824990415316584,22.3458862077861,-0.8711865876137,0.397570195807,0.897830323706329,-4.87011613373749
"TRA2B",-0.00279876009440017,22.7816509611975,-0.0276756009640724,0.978290780158575,0.996921100054001,-5.12616701332671
"RAC1",0.0113837883859276,22.7541044964094,0.0516490334393355,0.959513864311434,0.994118447583944,-5.12550151689781
"AP2B1",0.000504032486439598,21.7085213087007,0.00512877271437688,0.995976372561049,0.999742128090196,-5.12642539287548
"PPP3R1",0.0513117218241703,18.0106980477194,0.164894212020541,0.871306324502147,0.981443375559193,-5.11693500638689
"YWHAZ",0.119833083138285,26.2725347162158,1.5355649178846,0.145753367189178,0.842341998928484,-4.38191708092872
"UBE2B",0.22352286405445,15.4618533932539,0.623521745642008,0.543128904469753,0.925464328596667,-4.99251908557436
"PPP2R2A",0.0385591298531445,21.3871895615409,0.651175001190996,0.524920352275273,0.921426436241604,-4.9810999415035
"SUMO1",-0.138845655266969,17.4083352803192,-0.592801892175162,0.562322970158013,0.928988740446782,-5.00556149932971
"DYNLL1",0.629611998202247,19.1907367891795,1.61471104342808,0.128152489926578,0.842341998928484,-4.31246760061317
"DYNLT1",-0.125464906191024,18.174894110826,-1.04046253221798,0.314832071465869,0.878437682691824,-4.76592798897714
"RPL38",0.0780229812213733,24.072154348235,0.720998295309574,0.482150105245064,0.911504459854973,-4.94901741571893
"SKP1",-0.387895829336646,21.5160258692857,-0.889133874957654,0.388601392953259,0.896809944907941,-4.85957341601542
"GNG5",0.0719623309247055,16.5482572346361,0.340721835700709,0.738103499227279,0.958551764817939,-5.08609135813731
"RPS21",-0.320599073862617,24.0163723941166,-1.09058510555528,0.293439799044259,0.875482866553864,-4.73201587196265
"EIF5A",-0.0815618731666596,23.6020183671901,-0.328430342723851,0.747288652870635,0.960871492240122,-5.08888777347677
"RACK1",0.0905411706084926,25.6028980457318,0.441056366282971,0.665684020233995,0.944349207216172,-5.05899325464871
"ACTG1",1.74856114662325,24.6814524420548,1.69417503871604,0.1118284698802,0.842341998928484,-4.23996767337722
"SUPT4H1",0.0545311197999396,18.2846779897852,0.316137127532614,0.756315007657995,0.963360829111366,-5.09167785948233
"UBE2I",0.0477112654774103,22.6441989730918,0.344934926557956,0.735027983883188,0.958217861269429,-5.08507815913382
"TMSB10",-0.364615231232467,19.2056387897857,-1.35203596701003,0.197097972150262,0.842341998928484,-4.53672648336288
"PPP2CA",-0.356109497163782,19.6281609142315,-1.20612192562174,0.24723850097794,0.849389846357638,-4.64959492240418
"YBX1",0.16622025442074,23.8148847070044,0.786441311269121,0.444285362150373,0.909428551980711,-4.91610467666005
"SEC11A",-0.0133028282314349,23.0242847964887,-0.172086584363541,0.86570151158723,0.978503744528015,-5.1161030158689
"CSNK2B",-0.0253815224584315,20.8498345878795,-0.149129990056481,0.883488478623609,0.982823192403566,-5.11866736224551
"TPM4",0.0718162351192078,20.3420731176609,0.455810400399134,0.655210429058172,0.940958728523278,-5.05449367504634
"UBE2L3",0.247008114031988,22.3565091223686,1.64191591453452,0.121895669627293,0.842341998928484,-4.28706862165323
"TUBA4A",0.0761849681500841,19.5039207820241,0.621268288028142,0.543878200494307,0.925464328596667,-4.99391867361308
"TUBB4B",0.269041097086113,25.1064885877035,0.935228303645496,0.365151524469328,0.892652924906307,-4.832299404802
"CSNK2A1",0.0849504889925257,19.2941525083229,1.12661993872904,0.2778472848541,0.866535407789482,-4.70711869211384
"PAFAH1B2",-0.114209880363234,21.6789070773292,-0.338698895753774,0.739744299020948,0.958733148350364,-5.08649355392277
"HBA2",0.113206822793771,23.6825307193209,0.360128712279303,0.7239991519707,0.954513005938327,-5.08131094565752
"NOP14",-0.0559349102913842,19.1880201065203,-0.611088964615651,0.550415765138836,0.92552891980847,-4.99815384547112
"IGBP1",0.0172012407020468,19.7256061010064,0.142344737997509,0.888728254399893,0.983360786433286,-5.11936262806078
"CYP4F2",-1.47449548193253,19.6782547845755,-2.08101484602573,0.0572302778375692,0.842341998928484,-3.87297089230183
"PSPH",0.134870201167356,20.6302488827503,1.23011436976222,0.237857864961227,0.849389846357638,-4.63168357142429
"RBM6",0.041215010317412,15.3603496025111,0.255295449184081,0.802010205215814,0.968763141778022,-5.10373291985771
"EIF4G2",0.0190966126629917,22.0341257784396,0.439441414920695,0.666693047289188,0.944349207216172,-5.05955958741291
"RPP38",0.0246625715210413,20.9323813744608,0.460546693337297,0.651821167248839,0.940958728523278,-5.05304440596125
"RPP30",0.0643441642827298,21.1597978191087,1.18777373511466,0.253643761021407,0.850763184094445,-4.66315669523962
"GTF2I",0.0371456718036036,22.2911251962476,0.625557401932759,0.54113637832439,0.925464328596667,-4.99211464732793
"PIP4K2B",-0.0198364458617668,17.9120963079556,-0.155665193642859,0.878401143503013,0.982823192403566,-5.11797865331032
"SRPK2",0.111110100707336,18.8601964548941,1.35723171979845,0.195054685400954,0.842341998928484,-4.53237381199059
"CCT2",0.0146032837454797,25.0348451870356,0.210948196196244,0.83580594876026,0.973308054279073,-5.11092034783942
"SLC35A2",0.144405073062927,18.7191568928281,1.33481769631627,0.202116433841177,0.842341998928484,-4.55039068479967
"SLC35A1",-0.0447595610210918,17.9084957931665,-0.335868193690705,0.741686482889393,0.959059997548971,-5.08722674400717
"SLC35B1",0.119994399784275,19.3804619197112,0.470574319803866,0.644952265971324,0.940757100789874,-5.04975891370009
"RAE1",-0.0730862027910888,21.7464192687257,-0.993768112863286,0.33631347694306,0.882084620678191,-4.79620952606211
"IRX5",-0.0837970660428695,12.6649160128863,-0.369348740648941,0.717101069793613,0.954180921097348,-5.0790709403513
"GSTO1",0.14182564261462,23.8670349028931,2.56750712646556,0.0216161058722755,0.842341998928484,-3.34718164786688
"PRKDC",0.0381300236455075,23.7478223862053,0.646093571124504,0.528114963436126,0.923174371936723,-4.98331735216334
"ADAM17",0.151164625528452,16.4562596304624,1.25445033535198,0.229137183007096,0.849389846357638,-4.61322168822454
"NTHL1",0.316989664104426,18.5147237077468,1.35842472108903,0.194989076779344,0.842341998928484,-4.53152878590627
"CRADD",-1.06090532821876,17.1038784574701,-2.21876503159239,0.0430083409859421,0.842341998928484,-3.72158887895844
"ADARB1",-0.0978623059475723,16.5897901773183,-1.00506737307094,0.331021926687354,0.882084620678191,-4.78898696739492
"NUCB2",-0.393322272637075,17.4220546212878,-0.949681234353472,0.357851295515102,0.890549978301985,-4.82358214061018
"ABAT",0.030363880993356,21.1514995897841,0.503916704179291,0.621741100616125,0.938315260595475,-5.03873612427357
"BASP1",0.00265597599804934,19.4411920545794,0.00867816129106568,0.993195276000775,0.999742128090196,-5.12640822328402
"TMF1",0.0627053684254228,15.6390069146839,0.431929282507094,0.672022015176969,0.945401575782756,-5.0618074186919
"MRPS22",0.0515557469665069,21.2451255772968,0.771512090632189,0.452551778578415,0.91142481873976,-4.9239621360582
"MRPS25",0.136683250077457,19.5637808432597,2.11846632926214,0.0514879245269533,0.842341998928484,-3.82139285632382
"MRPS10",0.12310375615472,18.9924199584436,1.88645759261273,0.0790193982393753,0.842341998928484,-4.0547441026142
"MRPS35",-0.13640960437688,20.5055441442724,-1.48520236737808,0.158486468100977,0.842341998928484,-4.42563242637583
"MRPS5",0.000835745019557521,19.8310736249747,0.0172771252260835,0.986446397156271,0.997814088768686,-5.12633030395886
"MRPS36",-0.0138316701890524,18.9368112781586,-0.103662095517706,0.918829774461066,0.985937788833006,-5.12268239612615
"MRPS11",-0.0198651947326809,20.5349059890543,-0.160148626526518,0.874930252134447,0.981776234144474,-5.11748512289649
"MRPS15",0.148540116837101,20.1105818852339,1.46519196308229,0.1637977298282,0.842341998928484,-4.44274254574271
"MRPS21",-1.13145278419245,19.2404346718798,-3.20095924170379,0.0062432993027445,0.842341998928484,-2.68367701799395
"MRPS34",-0.0546375381342266,22.1601972537446,-0.737074171325621,0.4726061823595,0.911462804536586,-4.94120976820326
"MRPS6",0.0953791731846749,20.6231884650673,0.87820498765877,0.393872676543721,0.897167192888407,-4.86610941214526
"MRPS9",0.074693094090069,21.4757351334534,1.05046989945163,0.310360453662136,0.878437682691824,-4.75929040830526
"HMGN5",-0.138635845880076,15.2628610676019,-0.921103634352151,0.371774028264819,0.892975750565936,-4.84101817313443
"SARNP",0.267200680046017,22.3983764376111,1.8993793797806,0.0773329545172959,0.842341998928484,-4.04263023567429
"LACTB",0.0555565293679088,18.7853010851708,0.623148384369789,0.54267540748312,0.925464328596667,-4.99312931635408
"LSM11",-0.00387692597611888,16.2845914295445,-0.029420170256847,0.97692271879762,0.996474999914899,-5.12613221835235
"COG7",-0.0300654319503622,19.7288945732733,-0.391781411178026,0.700805582183944,0.951184951932673,-5.07318394348353
"RPL24",0.122536607640178,24.5918647338951,1.68610971580977,0.112743366984174,0.842341998928484,-4.2460513684506
"TXNL4A",-0.451880932333562,17.8104316280033,-2.34850541168303,0.0331854846516291,0.842341998928484,-3.58109464233911
"RPL36A",-0.0112066166147322,19.1964481943171,-0.101221984901324,0.920733409709606,0.985937788833006,-5.12285688182067
"CBX1",0.155850235057976,22.1392837336092,1.02410462210055,0.322401667361555,0.878437682691824,-4.77660335399987
"SMAD3",-0.012318348193098,18.1138522642133,-0.126476231273568,0.9010579398271,0.984405675544383,-5.12085041253497
"ARF1",0.434061180921194,17.9583707030528,1.99111509043815,0.065457815052599,0.842341998928484,-3.95184007574102
"ARF5",0.00825823083426513,21.6630047507936,0.0952514421542806,0.925393378176753,0.987411904321356,-5.12326632416399
"ERH",0.0193467918989967,20.4760686737987,0.149091734642126,0.883494697328046,0.982823192403566,-5.11867702577046
"RHOG",0.0117315825226534,19.7265128223997,0.163499902494386,0.872337560621651,0.981679117732803,-5.11710710998852
"RPL19",0.0570992713328025,22.2328046371247,0.273453749130041,0.788364877555007,0.968408605409542,-5.10036681102703
"SERF2",0.1357749029373,19.0716783093781,1.07576959903056,0.299262664983946,0.87771037337981,-4.74228102512231
"SRSF3",0.257056588294073,24.0515788772607,1.4383052497373,0.171450112404037,0.842341998928484,-4.46569105511316
"H3-3B",-0.230237472201322,13.0570103877149,-0.65330788557858,0.523582703852539,0.921287170798398,-4.98016441710876
"FOXK1",0.224938030889223,20.112584894018,2.79011046308101,0.0138720450542165,0.842341998928484,-3.1070046176603
"ARHGAP8",0.219034241232844,18.1046559372478,1.711674371077,0.107834061095439,0.842341998928484,-4.22226383975919
"CCZ1B;CCZ1",0.0392522693837591,20.2093268934152,0.694487687482344,0.498139116126155,0.917726054591985,-4.96155062050968
"DGCR2",0.184231041952778,14.2601952536727,0.704722643887014,0.491929545101791,0.915921405077277,-4.9567626493192
"VLDLR",-0.411160613691486,13.881571584407,-1.47256373117476,0.185623852212783,0.842341998928484,-4.45465799502149
"XIAP",0.00454493281277024,17.8261961815025,0.0620363427853362,0.951364292532542,0.992530218964564,-5.12509035415824
"FAM3A",-0.152960456213105,18.3231954654219,-1.08630935130437,0.294726551843551,0.875482866553864,-4.73509909551506
"RBM10",0.15918172419055,20.4521945065586,2.17816646406289,0.045998690694549,0.842341998928484,-3.75974010740718
"RBM3",-0.171661007940912,19.5541933500652,-1.00006347334424,0.333528422036687,0.882084620678191,-4.79212133770888
"ATP2C1",-0.0460214633001641,18.5985700019978,-0.63485113917637,0.535221596253504,0.925464328596667,-4.98816606153725
"ATP11A",0.118594588938969,16.3223193446172,0.5161821427522,0.613356120910103,0.936529796885168,-5.03446660917841
"CYCS",0.0719855127708726,23.5137632259336,1.0924550141729,0.292105149745226,0.875482866553864,-4.73088555035653
"TFAM",0.185899131073629,21.5651141440333,1.21816907653208,0.242417390140297,0.849389846357638,-4.64064355821847
"PITPNA",-0.0220963911718108,19.9739506389518,-0.2219288244544,0.827403836668322,0.972181095452472,-5.10926686732599
"SLC25A3",-0.0480765341227958,25.1439892036331,-0.627694405415247,0.539773145875148,0.925464328596667,-4.99121150128331
"HDLBP",0.122580414921156,21.9524975990795,2.79883825964451,0.0136311514607039,0.842341998928484,-3.0975718793189
"GTF2B",0.00341606481930157,18.6142195594689,0.053508827509833,0.958042405732533,0.994118447583944,-5.12543446497991
"CDK6",0.229756441909259,16.6812849231485,0.813316851269941,0.444202480340581,0.909428551980711,-4.89295964795274
"CDK5",0.0597147983310435,20.631383382599,0.818134462439636,0.42626265850111,0.902043681327841,-4.89949353338604
"CDK16",0.149989600994001,16.6982193340994,0.65931537427454,0.519825477647351,0.920721460254424,-4.97751422883787
"CDK17",0.159000073023609,17.0254346423186,1.03186999636616,0.318708642713973,0.878437682691824,-4.77158584741142
"PURA",0.147519386510659,21.3252973224688,1.99610907306742,0.0646699835827966,0.842341998928484,-3.94581946635904
"CLTC",0.0692502533499422,25.2555384729427,1.20826789369059,0.2459048671116,0.849389846357638,-4.64802656677015
"HSF1",0.293915405835406,18.0157992897182,3.06836431014279,0.00790869532226837,0.842341998928484,-2.80691090523964
"NFKB2",0.0418552049730181,17.9250498764072,0.57284155416673,0.575356101242389,0.929763305957504,-5.01348106505083
"FKBP3",0.172653212875694,23.4352154148369,1.01013166815867,0.328862945676681,0.880057183772315,-4.78564840930646
"REEP5",-0.0100954575155505,23.1062409733413,-0.109089079787464,0.914597809544273,0.985471838577121,-5.12227945650854
"SORD",0.114989169167064,23.5619518087053,1.21504880997062,0.24338489389661,0.849389846357638,-4.64297741126246
"HNRNPU",0.000276999263288502,25.135431383218,0.00477444217351627,0.996254349802707,0.999742128090196,-5.12642661873413
"B4GALNT1",-0.262375055921073,15.1521715505973,-0.794707702101411,0.445614745526716,0.909916121031136,-4.90810995261493
"U2AF1",0.663184969832159,22.636890956997,1.14272896384687,0.271869387054967,0.85906760557634,-4.69560845092443
"SPTBN1",0.000986913382913457,22.5924958615873,0.01151973710909,0.990962700942039,0.999200752416013,-5.12638822264964
"TIAL1",0.030662415122368,21.465856071191,0.671352828045853,0.512343388250536,0.918582534034279,-4.97213664360878
"SET",0.204686584895157,23.5655502428282,0.941625110284508,0.36182449730891,0.891497764793046,-4.82849738469273
"SRSF2",0.108954486724905,20.7590234586288,0.679790757676879,0.507247589249319,0.917812698368546,-4.96824070734033
"FOXK2",0.359232900372643,17.9385276726663,2.92731691204196,0.0105233629860694,0.842341998928484,-2.95878956608274
"GALK2",-0.0217152105490364,19.9362653321634,-0.314600939557636,0.757458072792593,0.963360829111366,-5.09201331287359
"AMPD2",0.0225749613237269,21.900347683411,0.318712280646426,0.754400178350881,0.962912401570726,-5.09111193117161
"FABP5",0.254656014201366,23.7765249825065,1.66614281356488,0.116918262222133,0.842341998928484,-4.26489325240676
"CAP1",-0.0274045191690071,23.2530190588651,-0.632239207543168,0.536880258285351,0.925464328596667,-4.98928124636888
"HMGCS1",0.112455915592111,22.1992627499278,1.18358222245426,0.255249365695958,0.850763184094445,-4.66622688934558
"IFITM3",0.685674907261843,15.7317383680936,1.49888555345471,0.15522520117358,0.842341998928484,-4.41412436865493
"SLC7A5",0.163727933455338,23.6400225082642,1.35339234889094,0.196249958101883,0.842341998928484,-4.53547486961661
"DR1",-0.107113028516419,18.5467886119643,-0.938967227658559,0.362826627404155,0.891497764793046,-4.83026870716995
"TFAP4",0.330153286690226,16.2321864309641,1.59746327027983,0.131297979826253,0.842341998928484,-4.32696135511148
"EXOSC10",0.063946324126217,20.3963553032582,0.820795566918288,0.424792304850881,0.902043681327841,-4.89805857270317
"OTUD4",0.0473543213380481,19.1732546597407,0.487414183417882,0.633108596133853,0.93875693372059,-5.04432577165768
"PFKP",-0.0792975087093843,23.9870850622247,-1.24108105736689,0.233896447524676,0.849389846357638,-4.62339716697929
"XPC",0.114535444257871,19.5830494816417,1.92253861892656,0.0740086397841316,0.842341998928484,-4.01919842398766
"EWSR1",-0.523408955092574,21.7718178108923,-1.66922357829422,0.116747719750369,0.842341998928484,-4.26293974877117
"OCRL",0.0503043099640301,19.8221995262544,1.07620979009636,0.299072191209499,0.87771037337981,-4.74198219561581
"PLCB3",0.056066670157314,19.4354305405857,0.949542388691748,0.357600463865122,0.890549978301985,-4.82382266580475
"TAGLN",-0.0168786766245255,19.9556448728417,-0.192122070243408,0.850258941196268,0.975701677811386,-5.11356149284428
"AKAP17A",0.118361052500504,18.3276589290299,1.60257218118295,0.130161525729689,0.842341998928484,-4.32236727080401
"NAAA",0.12409882432766,18.4037074439115,1.36855126575412,0.191564955300898,0.842341998928484,-4.52319552005903
"DHODH",-0.0242882734352605,19.6455378524116,-0.403364320202908,0.692450072901204,0.950093748745254,-5.07001216040656
"OGDH",-0.0195297573802549,22.2941764432567,-0.315015391687202,0.757149624463999,0.963360829111366,-5.09192296809706
"CENPE",0.00823791796318929,18.9223486325642,0.0806866239809001,0.936772633003639,0.988634971821529,-5.12416089296503
"KIF23",0.0290276951287467,19.01031431052,0.673632576843839,0.51093338044543,0.918582534034279,-4.97110810712083
"ALDH6A1",0.019537690739714,21.3752078114532,0.250081403394621,0.805963963730154,0.968763141778022,-5.10464814679628
"BDH1",-0.0272952407657527,21.4543874503543,-0.20600105901239,0.839601675134718,0.974083960838905,-5.11163697706304
"SP3",0.0498476248675033,16.3648604663457,0.362513147610701,0.722095416637381,0.954180921097348,-5.08079754064954
"RPL18A",0.176104809731715,24.6450562094534,1.2926468335882,0.216025481491693,0.846423796376897,-4.58372292404352
"MAP2K1",0.109924062739992,21.189114080016,1.37031807149728,0.191024861441302,0.842341998928484,-4.52175816916968
"FKBP4",0.144802779902214,23.9431286822275,2.40974137415325,0.0294638515266508,0.842341998928484,-3.51607202653766
"PLOD1",-0.0329143397651599,19.6376876521641,-0.64351521609311,0.52974010717562,0.923174371936723,-4.98443633224185
"NUCB1",-0.500977812806568,17.7746395038693,-1.00847609014076,0.329938449090854,0.881272736047223,-4.78658757401929
"RPL6",0.0978645306129202,26.1028166256967,1.67197852224862,0.115539610425753,0.842341998928484,-4.2591153383139
"TOP2B",0.206168987617371,18.5149922814206,1.87384206204669,0.0808419710291013,0.842341998928484,-4.06709995369194
"SLC25A11",0.0943757328751431,22.9624817306675,1.58297651215936,0.134566735515718,0.842341998928484,-4.33994077357815
"DST",-0.0554769142854674,18.262696685405,-0.43669153726207,0.668641625268306,0.944349207216172,-5.06038676749644
"MLLT1",-0.145732302933553,18.2192330717042,-1.1760058205133,0.258171358185211,0.850763184094445,-4.67175538792144
"GNA12",-0.219827538288559,18.1018814795134,-1.03699702593642,0.316553387942963,0.878437682691824,-4.76815413497788
"ACY1",0.0300988922896579,19.8223432954281,0.198240158811882,0.845579819785508,0.974829174801071,-5.11272241335264
"KMT2A",0.0370610299941667,16.9989036243882,0.387862411050201,0.703641754250354,0.9516081755383,-5.07423675532955
"TNFAIP2",-0.156863610432463,16.7098209715364,-0.812146902301579,0.429582960010455,0.902043681327841,-4.90270718660389
"LMNB2",-0.048034671045194,22.0392271870281,-0.636875623364053,0.533937946937538,0.925464328596667,-4.98729875620374
"MVK",0.0740092172347175,20.2273520391463,1.43168847911648,0.173021154508996,0.842341998928484,-4.47104961367989
"CEBPZ",0.0496374701966218,20.0332395951132,0.740047017398475,0.470853917112508,0.911462804536586,-4.93974886550349
"RELA",-0.00973361719342947,21.1839758888916,-0.180933626914459,0.85887517219561,0.977171115752443,-5.11501502845202
"UBXN1",0.0408020166795602,20.8209928972028,0.610722222517641,0.55065209670093,0.92552891980847,-4.99830521262065
"GBE1",-0.00146159154390446,19.2574455943233,-0.0225849690552931,0.982283153375804,0.997543228069567,-5.12625639129514
"EIF4G1",0.0557570893233681,22.9514446341723,1.04207026523656,0.314110547412051,0.878437682691824,-4.76486511219516
"KRT17",-0.24751679470841,18.9757493895449,-0.870165591923772,0.402046944632436,0.899716594311635,-4.86848245158856
"NOTCH2",-0.138515231168807,17.9893997851515,-1.60267853208553,0.130137958202769,0.842341998928484,-4.32227154471353
"TLE1",0.435272243051934,17.7381887091101,1.7722867710176,0.0986830153911991,0.842341998928484,-4.16991737824679
"TLE3",-0.174511759102309,19.5036683098525,-2.51897417160651,0.0237880645398157,0.842341998928484,-3.3993096470818
"HGFAC",0.0692032039797255,19.4911466784724,0.808437705215978,0.431648133331574,0.902389438249742,-4.90468752118124
"GLO1",-0.0283334354266991,24.0517054995658,-0.200475439275149,0.843858019242802,0.974829174801071,-5.11241367901869
"SSBP1",0.0422094406787892,22.9414030598344,0.430539743697203,0.67300973697947,0.945496050667302,-5.06221910181215
"REL",-0.0663199843370172,18.6363747943148,-0.733971086980798,0.474439435306408,0.911462804536586,-4.94272899991776
"YWHAH",0.108120505866214,22.4432398706405,1.60923987871233,0.128691004451741,0.842341998928484,-4.31635845482663
"PLP2",-0.466110422366096,21.0073146648964,-2.28241318702118,0.0380417821828625,0.842341998928484,-3.65470029634131
"CSTF1",0.0178036012403595,20.4391058002759,0.235620970610805,0.816957533904175,0.969686015513223,-5.10708865482479
"ICA1",-0.0625502951163419,17.7642359428913,-0.520174408197791,0.610638827988205,0.936335994482148,-5.03305583415839
"UBE3A",0.030759435273108,19.314781966851,0.540639886672444,0.596802674108867,0.933531465418893,-5.02566169224088
"DNM1",-0.21034196336953,19.6316787959823,-2.32545452751887,0.0346980903217182,0.842341998928484,-3.6054740316315
"PTPN12",0.0296038475975315,16.5234564716606,0.191663894537938,0.850611403356141,0.975701677811386,-5.11362271726259
"PTK2",0.0563038919714529,19.4299322936492,0.804694578136485,0.433738626474895,0.902798869645563,-4.90667783282531
"PRKCZ",-0.0248408382097907,17.5633284101522,-0.292601242523955,0.773890920953006,0.965508761746846,-5.09664106729172
"SRSF11",0.00384678140923,20.7233974587683,0.041400068710999,0.967530546728502,0.994596052769101,-5.12583586069363
"EEF1A2",0.29578006248753,24.6670009120027,2.634423502244,0.0189312994214174,0.842341998928484,-3.27512509509207
"PRKCD",-0.0544719231831721,20.7368316430214,-0.731049749388337,0.476169250396495,0.911462804536586,-4.94415394956613
"RNASEL",0.00341162649280591,17.5988939287487,0.0327251444467827,0.97433122377493,0.995346446179075,-5.12606047283137
"FPGS",-0.0052353481064884,17.4120160692848,-0.0801478947813463,0.937193822929647,0.988634971821529,-5.12419114474588
"CTDSPL2",0.0448684797727275,17.5933224684335,0.517258431688121,0.612622976223482,0.936335994482148,-5.0340872920984
"ITIH3",-0.267259094598906,21.1065945400962,-1.28095697625064,0.220338244550669,0.847665896924723,-4.59287214651961
"PTPN11",-0.0242449270229166,21.1594391365147,-0.493706823076604,0.628762505483176,0.938399949405853,-5.04221534952779
"KDSR",-0.170981648841899,18.3094811673017,-1.92998930187477,0.0730102874473732,0.842341998928484,-4.01182097701927
"PPAT",0.0675998100944462,21.1668181784648,0.891825813445124,0.386762587775978,0.896341048011413,-4.85825417063383
"GFPT1",0.0756424150138741,22.5051029112184,1.4253813946696,0.174804582124728,0.842341998928484,-4.47632993934849
"EXOSC9",0.178540676402822,20.4104243443069,1.37078248211285,0.190883101450658,0.842341998928484,-4.52138014421234
"PSME1",0.0832458100753186,23.2792021592231,1.11368567676493,0.283182444543183,0.870727823276949,-4.71618440873834
"RBPJ",0.025121231454257,17.8070751140355,0.233617897911282,0.818483572492797,0.970431456911451,-5.10741537517212
"APLP2",-0.0831426894002547,18.3583307339224,-0.656355205285563,0.521674917089726,0.920721460254424,-4.97882289949774
"GABPA",-0.0300250338702313,18.7817844690233,-0.347039134255325,0.733449441178485,0.958217861269429,-5.08458970583163
"GABPB1",-0.616218933267689,15.1622122148092,-1.43150497945188,0.17652904196331,0.842341998928484,-4.47348239187905
"RING1",0.017063573501428,18.0548214960237,0.198117254720002,0.845650080624604,0.974829174801071,-5.11274699951863
"RAD51",0.0106169158602647,17.8832737939021,0.103369056519801,0.919058359885804,0.985937788833006,-5.12270356971841
"FMR1",-0.00447379636162992,23.0419037804975,-0.0805789247801799,0.936856832967025,0.988634971821529,-5.12416695689082
"PRDX1",0.254783372450419,27.5511303989135,1.21038160063036,0.245513517506195,0.849389846357638,-4.64644030443501
"SOX4",-0.788795760062431,10.2822752510684,-1.40352714249472,0.204480210111056,0.842341998928484,-4.50635538379167
"CDK18",0.026147518303226,16.5476382553887,0.197499511174205,0.846124711087444,0.974870111859126,-5.1128320732652
"RPL18",0.150459411324121,25.2140803479732,2.03374087991531,0.0603194525153897,0.842341998928484,-3.90785072821471
"C1QBP",0.314997777047612,23.793602513804,2.15876418412005,0.0478937445546774,0.842341998928484,-3.7812703996439
"CKAP4",-0.13520178175181,19.962604855838,-1.10541865928843,0.28663236209845,0.87217797114032,-4.72193554588594
"TJP1",0.0893711782606239,19.7683373776363,1.49928739331896,0.154834837734171,0.842341998928484,-4.41349950206035
"SPAG1",0.052802295514951,17.724058942527,0.541755713103515,0.596052838994436,0.933531465418893,-5.02525076625521
"KHDRBS1",0.0250949765628832,22.6903746048289,0.26135522861415,0.797422166225739,0.968763141778022,-5.10264579615401
"BAX",0.14204038365251,20.3699474305409,0.925463675967125,0.369720980771845,0.892975750565936,-4.8383364464335
"BCL2L1",0.0181768606069461,17.8230974498054,0.0812548978276586,0.936339044451381,0.988634971821529,-5.12412732357684
"MCL1",-0.0764162451652162,18.1362150275285,-0.81511435075772,0.427935341533133,0.902043681327841,-4.90111709939839
"POLE",0.0967875836177861,18.777831206636,1.98232655733542,0.0663335437809414,0.842341998928484,-3.95965392620226
"KLC1",0.0693639731132123,19.7588535562334,1.22545835748823,0.239555459848035,0.849389846357638,-4.63518505529799
"SOS1",0.250777107568698,16.5000238389796,1.58645369277555,0.133775883463656,0.842341998928484,-4.33683183260445
"LRP1",-0.208945690436998,15.20163182321,-0.720578564653567,0.48240083267711,0.911504459854973,-4.94921917620885
"SRSF1",0.265088701041385,24.368034943228,2.68704896780564,0.0170484821650684,0.842341998928484,-3.21834773641851
"ARHGAP1",0.00513680808335693,22.0385040861177,0.0648028738236841,0.949198536898446,0.992337163399081,-5.12496781165723
"TLE5",-0.000321666340798998,16.1946515736641,-0.00225155205395438,0.998233604536831,0.999742128090196,-5.12643281117901
"SRSF4",0.00839216539710463,17.885129294179,0.0710701449465592,0.944293816283071,0.991836338916264,-5.12467044956387
"PPP3CA",0.0148959515736919,21.2517576130214,0.207567015233869,0.838397370991772,0.974041947385252,-5.11141273706021
"DHX9",0.0245177105812893,24.3913234115843,0.630336831649949,0.538090123210264,0.925464328596667,-4.99009079263135
"CRYZ",0.0802984314491013,21.225157626781,1.30975826332912,0.210253562419994,0.846423796376897,-4.57028272822503
"DDR1",-0.0972694007188508,20.6926185118888,-1.30363775954436,0.212280245857082,0.846423796376897,-4.57510027589084
"GOLGA3",0.0353607466870578,18.1870674541765,0.324366612401365,0.750201597347735,0.961246466938498,-5.08985349939392
"GOLGA2",-0.0777217574468416,18.1005855038035,-0.586306924669629,0.566508576995364,0.929022143808322,-5.00819092602097
"LGALS3BP",0.0374028954284924,20.7337849518856,0.539485332860922,0.597579032669829,0.933531465418893,-5.02608603513173
"EHHADH",0.589607450387842,17.1848207817821,2.26543123670255,0.0417390978636322,0.842341998928484,-3.6976819734917
"ADCY2",0.1798366115697,12.8995260563331,0.605023754115867,0.554986878049939,0.925905848197331,-5.00021828786339
"PUDP",-0.098340137473329,17.6082689849833,-0.451112048441722,0.6584738396094,0.941624877813888,-5.05597973895416
"CD47",0.10735381040967,22.3000387480334,1.02745512464209,0.320713804791568,0.878437682691824,-4.77447796280859
"PPID",0.047007309448535,22.2964928980365,0.80367922300233,0.434306803055773,0.903136123187363,-4.90721631047587
"SSRP1",0.102832397896119,23.1747831181657,1.39442386962091,0.183778902112218,0.842341998928484,-4.50202021257193
"CAMSAP2",0.0334425437342603,18.4200142121642,0.636335760078951,0.534280086024956,0.925464328596667,-4.9875302885513
"SPIRE1",-0.00412122400037873,17.2640428576898,-0.035303398679599,0.972309770317558,0.994854171486128,-5.12599920567561
"VAC14",0.0364624307771848,18.7809491661819,0.529117418959149,0.604573355647394,0.934888469059751,-5.02985807187606
"NSUN2",0.036826745971279,23.2410771196806,0.771097237189345,0.452790167609009,0.91142481873976,-4.92417411416747
"DMWD",0.00757014441816573,15.659948719936,0.0566059063269882,0.955616601503199,0.993287371241483,-5.1253153587601
"RBBP4",0.219013964764024,22.3611256853541,3.02613834454721,0.00861595679403317,0.842341998928484,-2.85229924042364
"NCBP1",-0.0545598344439178,21.4682216449332,-0.661090868662256,0.518717986921201,0.920721460254424,-4.97672668765414
"MGAT5",0.0113821532244778,18.3371603174831,0.174246197270668,0.864034120265196,0.977938855834598,-5.11584243499799
"EP300",0.0205600131486712,17.5871838591494,0.204311074265822,0.840894636948501,0.974567081842156,-5.11187942694718
"AHNAK",0.222024519465489,20.420612815185,1.13953255597644,0.272974994169101,0.859600270986376,-4.6979132617236
"FCHO2",0.0759645144938155,16.4474787331307,0.494604586795122,0.628143604738329,0.938399949405853,-5.0419121474616
"ELP6",0.182972672673728,18.1488591660836,2.03883124400284,0.0597519461310839,0.842341998928484,-3.9026934861251
"HSPA14",0.0433418207011336,20.9876533697761,0.664751993628968,0.516438561359579,0.920427903507816,-4.97509658766393
"SCRN3",0.00537436673726432,19.0782652125369,0.0823457695690452,0.935475601057203,0.988634971821529,-5.12406645371786
"FAAP100",0.17961485514542,15.8165353642008,1.34979637300107,0.197374820945192,0.842341998928484,-4.53837377743326
"LAMTOR4",-0.0103771669842061,20.2653449989016,-0.121271009938868,0.905108262104309,0.984405675544383,-5.12130029437503
"MGAT2",-0.116014536361451,19.0794901143767,-1.62066611957755,0.126204131383279,0.842341998928484,-4.30602729638212
"GALNT2",-0.0106858493017334,20.5876116879252,-0.120988268226375,0.905328350158198,0.984405675544383,-5.12132419160359
"AP1B1",0.0979853235806907,22.2760543451505,1.04056775814236,0.314784811060334,0.878437682691824,-4.76585846468667
"CPSF1",0.0330364470429743,21.1069135726838,0.660844040227261,0.518871869203545,0.920721460254424,-4.97683628820942
"PMPCA",0.0418210165211512,21.5041238072395,0.718718010338196,0.483513182325369,0.911924707830314,-4.95011224165578
"ST3GAL1",0.246026619526507,17.3209252790583,1.15769494444022,0.266642596970124,0.855784088667751,-4.68480094746917
"ST3GAL4",-0.131564893911571,15.7181148162041,-0.571653491567346,0.576140177540529,0.929763305957504,-5.01394226781456
"KIF1A",-0.0471779680946547,16.6656747162602,-0.303557921932715,0.766753261490084,0.963360829111366,-5.0938956785635
"SCRN1",0.104912368655008,20.4241396780094,1.18780374235135,0.253632294459339,0.850763184094445,-4.6631346857408
"TMEM94",0.0518694376564035,16.3994139475434,0.279270086629592,0.78390403950238,0.967179469060542,-5.0992846857343
"WASHC5",0.0614918217823615,20.6748523226242,1.06904067794257,0.302185442447324,0.87771037337981,-4.7468368170636
"NUP160",8.94352536668919e-05,20.014477997456,0.00161558555813854,0.998732534633583,0.999742128090196,-5.12643367035135
"SCAP",0.0839642080035112,17.3532338527473,0.898158332714118,0.383486611502749,0.896055756684706,-4.85456668325217
"TBL3",0.014339296181717,19.525425962167,0.329109688883959,0.746685946402279,0.960553706497492,-5.08878113632011
"GTF3C1",-0.00339451170462723,21.9438045055207,-0.067079473834706,0.947416629673544,0.991836338916264,-5.12486296413125
"TWF1",0.10038959909911,21.3303515057437,1.58403349368285,0.134325914161789,0.842341998928484,-4.3389961606036
"ASPH",0.0936218743403963,18.4278892551793,0.916589644054175,0.374058693559106,0.892975750565936,-4.8437066400186
"AKAP13",0.0488786014548133,17.5393987260085,0.479321764701754,0.63871832951721,0.938925721121189,-5.04700169047192
"EFEMP1",-0.206974150487522,18.020899621555,-1.06316613310295,0.304807688268856,0.878437682691824,-4.75077760049067
"SMARCB1",-0.0244477383711725,19.7365819143699,-0.366496405481502,0.719183487779798,0.954180921097348,-5.07979523710716
"BPTF",0.0765442115354666,19.474397252347,1.38729076443436,0.185899289699895,0.842341998928484,-4.50788539194822
"CDC20",-0.133413770592185,18.4121493848175,-1.34298984892543,0.199518232488601,0.842341998928484,-4.54384609970505
"STX4",0.14216655492304,18.9165673680611,1.41278987265639,0.178410314663954,0.842341998928484,-4.48682494113932
"GRSF1",0.275284344711206,21.6441736943119,1.22320181387642,0.240780903063666,0.849389846357638,-4.63687626097723
"NFIA",0.112900677371194,14.7477108484273,0.330872999072197,0.745380428118732,0.960286183316858,-5.08837857740903
"SFSWAP",0.0251680579272033,17.7439661708758,0.234045353676957,0.818157851844016,0.970431456911451,-5.10734588482417
"CHD3",0.0406847908783696,18.9081434019719,0.659804171273746,0.519520449048427,0.920721460254424,-4.97729761217825
"SF3A3",0.00786140886174636,21.4185522979038,0.126824995948761,0.900786657020447,0.984405675544383,-5.12081959534555
"TP53BP1",0.0113478257343402,19.1056344959494,0.147513862213502,0.884718138962691,0.982823192403566,-5.11884019547805
"TMEM115",0.149431734619192,17.4236698810859,0.921173664360999,0.371738659377527,0.892975750565936,-4.8409763755346
"IFRD2",0.185328790786013,18.7201211297489,2.23096713173148,0.0416017594875107,0.842341998928484,-3.70476513113046
"TRIM26",-0.00700162154625161,19.6217682568029,-0.0720156296990876,0.943554084149933,0.991720386854294,-5.12462321005202
"AIMP1",0.163468546004449,22.2193126780442,1.71694282663052,0.106845844385504,0.842341998928484,-4.21733744143455
"ILF2",0.0218807718657743,23.3577989648142,0.30917840462825,0.761497605462949,0.963360829111366,-5.0931845844476
"ILF3",0.010269241202991,23.0808890751043,0.152891131420045,0.880550007692478,0.982823192403566,-5.11827703184615
"LMAN2",0.010634336762692,23.3827403437122,0.0914431111622874,0.928367243393629,0.988214118506286,-5.12351451094609
"PTPRJ",0.0616338325092087,18.3466666302959,0.767339754664545,0.454952909876281,0.911462804536586,-4.92608942729581
"EPS8",-0.0666192975243725,18.1671714325925,-0.682435808471166,0.505509714490604,0.917812698368546,-4.96710635729101
"TRAP1",0.0694105987113467,23.6853556806345,1.40918620505487,0.179453440110604,0.842341998928484,-4.48981706425017
"TRAF2",0.0654908656919666,18.6218449199606,0.461140032598592,0.651405232595121,0.940958728523278,-5.05285699133412
"ANK3",-0.103615978405912,20.3118463062238,-2.33195353491207,0.0342651749405571,0.842341998928484,-3.59860619409442
"DLG1",0.110619226726499,19.5355680933406,2.03595426902898,0.0600720868986303,0.842341998928484,-3.90560887011296
"TAF10",0.361379216436966,14.6033275245156,1.01886798185525,0.325804464521125,0.878437682691824,-4.77960980901412
"MYO1E",0.0319738935829648,17.8889153239604,0.452611373174517,0.657395332017377,0.941495118052367,-5.05552856622489
"PPP1R8",0.0175029151380066,20.2445932954526,0.375483493644541,0.712630119790487,0.954180921097348,-5.07749458397878
"PTP4A2",-0.650653325335146,16.6915355709821,-2.18873217040393,0.0452560617750503,0.842341998928484,-3.75028863364774
"ABR",-0.0609670759175529,19.344038714815,-1.04698677765984,0.311911549748,0.878437682691824,-4.76160651247047
"NPRL3",0.138073145605642,17.3972786339863,1.79196771616344,0.0936106298651403,0.842341998928484,-4.14632207395577
"BNIP1",0.0361109206783929,19.78100922666,0.3041035201184,0.765284670596198,0.963360829111366,-5.09426263263663
"CSTF3",-0.0389384638627881,20.7453281717026,-0.719557187140379,0.483011282504472,0.911504459854973,-4.94970969675049
"ECH1",0.00519541481670416,22.4781873713099,0.104282822793503,0.91834559988865,0.985937788833006,-5.12263734778304
"MLLT11",-0.0737610534601476,15.1076141108986,-0.264037284293377,0.7978347097155,0.968763141778022,-5.10116218221979
"ARHGAP5",0.0801347103405234,18.8521059394161,1.38122175190797,0.18771904121001,0.842341998928484,-4.51285942204363
"STRN3",0.111649684131518,19.0125173400204,1.7361085887218,0.103317383686599,0.842341998928484,-4.19934761467196
"CDC16",0.123626637233421,18.7697800592676,0.891447141152421,0.386959080524212,0.896341048011413,-4.85847396332041
"STK4",-0.264671417681051,17.6471389828059,-1.83382548016139,0.0868746249556961,0.842341998928484,-4.10603432920465
"FLII",0.0859274408049906,21.729970448094,1.31157206810704,0.209655933789134,0.846423796376897,-4.56885195205587
"TRIM32",-0.151670350694875,18.1121338714453,-1.93900241815213,0.0718188301232865,0.842341998928484,-4.00287979401426
"COASY",0.017668756124305,22.7095229797086,0.307099233708012,0.76304840279953,0.963360829111366,-5.09362837951807
"MRPL28",-0.0879243775931329,19.4298172642527,-0.923336815812851,0.370647287186808,0.892975750565936,-4.83968395884564
"ACACA",0.0478335106161154,20.4967195469627,0.663607993051051,0.517150202754149,0.920721460254424,-4.97560684045671
"GPS1",0.0793193762259818,22.2743794513553,1.07477708585293,0.29969246021636,0.87771037337981,-4.74295444584618
"USP4",-0.226527390004577,18.0248804449383,-2.05310116008092,0.0581869863023099,0.842341998928484,-3.88820982668396
"CHAF1B",0.0398457738644886,18.5977454064314,0.406066404777034,0.690506763089237,0.948559449659011,-5.0692593343908
"TRAF3",0.0529253737610027,16.0253761548785,0.20778835157252,0.840721007339562,0.974567081842156,-5.11055256881004
"IK",0.0656353401201883,20.2195046247675,0.719896578278144,0.482808386192639,0.911504459854973,-4.94954677294426
"RLF",-0.122764195968731,16.3140583821007,-1.22582291634634,0.239422201295451,0.849389846357638,-4.63491125239225
"PRKAA1",0.0349472786318614,20.48885066673,0.409415356760553,0.68810135702295,0.948559449659011,-5.06831951819694
"PPFIA1",-0.020012176359117,19.1923138889033,-0.24372785068529,0.810789201925132,0.968763141778022,-5.10573815077182
"CALCOCO2",-0.143107493132607,19.5705129446822,-1.48622895503385,0.158217908385781,0.842341998928484,-4.42475059646442
"EIF2B5",0.125795661820508,20.7954929176239,1.25415088410991,0.229242944594879,0.849389846357638,-4.61345048447441
"TARDBP",-0.0331375357349764,21.9229863782404,-0.468228852808936,0.646445218769699,0.940757100789874,-5.05059994789423
"HNRNPA0",0.0648544126467208,23.1487532935491,1.13344304766625,0.275063470794172,0.862150370073391,-4.70230324187078
"PAK1",0.332297325985468,14.7181130795527,0.674564585522689,0.513148168687251,0.918865221019509,-4.96886399135022
"AIMP2",-0.0314252040015006,22.7412992680586,-0.524335707799187,0.607812774582091,0.936335994482148,-5.03157432024536
"FADD",-0.133191217466571,18.3627973463489,-0.678842124889736,0.507822124116511,0.917812698368546,-4.96867880847247
"PRDX4",0.153623087106876,22.8287689088811,2.84950683364577,0.0123110796228605,0.842341998928484,-3.04281593445048
"MAPK7",-0.267123986596747,16.23102949435,-1.37387451836013,0.189941443667508,0.842341998928484,-4.51886100875779
"PAK2",0.199355631154742,22.2078634607641,2.21642906457957,0.0427716312610819,0.842341998928484,-3.71994116949656
"CBX3",0.248621193391617,22.3185415139064,2.16361839693361,0.0472839640001749,0.842341998928484,-3.77481558601136
"STK3",-0.23797124618433,17.5534787200601,-2.01737143807264,0.0621779718216935,0.842341998928484,-3.92440120480089
"STX5",0.067391272243686,19.3062352431876,1.13077609730567,0.276149069987138,0.863257003694563,-4.704188168455
"CBLB",0.556574321914109,15.2045150230457,0.78145383938844,0.449127701824758,0.911232025204671,-4.91744438573442
"PSMD2",-0.0369420131445217,23.1431824013635,-0.82446194038738,0.422771870828913,0.902043681327841,-4.89607480672581
"DDX10",0.0949893359793492,18.214054789448,1.13881200184913,0.272887762521282,0.859600270986376,-4.69849809220315
"TBX2",-0.0454746200590002,17.2906281982592,-0.236613678589186,0.816201523943962,0.969686015513223,-5.10692571129645
"DNAJC3",-0.0196275196338647,20.674284719431,-0.255119658330773,0.802143415186542,0.968763141778022,-5.10376408063697
"SELENBP1",0.103204863183485,21.9829680149724,1.24532440882682,0.232377566211934,0.849389846357638,-4.62017625131636
"NME3",0.0975832749448458,20.7610693324933,1.70921703836783,0.108297712673271,0.842341998928484,-4.22455882726695
"SRSF9",0.191565169584752,20.99408729174,2.25881909658055,0.0394435207778968,0.842341998928484,-3.67561198954894
"SRSF5",0.2132017632327,19.9019941020385,2.00862363261684,0.0631924467887676,0.842341998928484,-3.93322413286577
"SRSF6",0.164775969041965,22.8103063318522,1.60056232344183,0.130607600876715,0.842341998928484,-4.3241756307011
"MAD2L1",0.10971212603841,21.2725149430823,1.13227978195993,0.275536589566252,0.862150370073391,-4.70312583300705
"TRIM28",0.0549939442504233,23.7989548555127,0.657646833379135,0.520867480851031,0.920721460254424,-4.97825254799538
"DHRS2",-0.0406658698863787,17.1893505800908,-0.28423921063134,0.78016696892839,0.966732684376251,-5.09831348637034
"STX3",0.194747824974286,16.8365906321442,1.50326870723164,0.153815525594786,0.842341998928484,-4.41005674415325
"G3BP1",0.185500263264888,23.181013515999,2.85147150368913,0.0122624881063295,0.842341998928484,-3.04069315715941
"CLN3",0.0236438057629549,18.1012609154464,0.15197570502072,0.881259335999067,0.982823192403566,-5.11837432290538
"KCNAB2",-0.288091435401753,17.3000347424704,-1.64477171909685,0.121092863938722,0.842341998928484,-4.28409302623489
"PTK7",0.29126109862608,17.3583368183859,2.47154162269023,0.0261113465163108,0.842341998928484,-3.45011872228888
"SKP2",0.0795183899836829,17.4544702007596,0.521385176760562,0.609815897784186,0.936335994482148,-5.03262593224912
"PABPC4",-0.0285975387845809,21.8221711232204,-0.344417628241691,0.735379447492454,0.958217861269429,-5.08521612734228
"ATM",0.0296284552909505,15.6503671056885,0.181563403672742,0.858389676157144,0.977171115752443,-5.11493551306244
"GRB10",-0.295940233838438,15.4535552389898,-1.23742052132588,0.240002437771418,0.849389846357638,-4.62630516268938
"IFIT5",0.069989650532488,19.5852810402518,1.19427492155903,0.251168781169254,0.850763184094445,-4.65837836627175
"MTA1",0.0774709755915808,19.9766381663925,1.32700871674759,0.204624531474222,0.842341998928484,-4.55661808916467
"PTPRS",0.168728625908489,15.5519011196274,0.895698836564832,0.384756739184583,0.896341048011413,-4.85600153807681
"EIF3I",0.0386118832988949,23.2198821429527,0.630812829175673,0.537787258658119,0.925464328596667,-4.98988844695832
"PPIL2",0.0480316956461984,18.9484245616578,0.824676422625662,0.422653868421434,0.902043681327841,-4.89595851554922
"PPP2R5C",-0.0168101422897138,17.8479721165433,-0.102681093411891,0.919595035331872,0.985937788833006,-5.12275304354547
"CTBP1",0.044140798904813,20.5817166616689,0.726939464427684,0.478609529563969,0.911462804536586,-4.94615011812906
"PDE3B",-0.0179541635413152,16.6384226182705,-0.103431346637306,0.919009769785386,0.985937788833006,-5.12269907393996
"PDCL",0.230846203644585,19.2604425689021,3.37498911256947,0.0042365958684073,0.842341998928484,-2.48060622794906
"TARBP1",0.0842203601340152,17.4814613250773,1.05285280877859,0.309302544295207,0.878437682691824,-4.7577022979412
"UBE2V1",0.104397821833846,23.6375660261264,0.671250217389888,0.512511496278757,0.918582534034279,-4.97211441968326
"MRPL49",0.0420750046278329,20.3115440276642,0.245435947262565,0.809530429581615,0.968763141778022,-5.10543288947242
"DYNC1I2",0.0379456202606043,21.5264650642209,0.480928398197949,0.63760276495405,0.938925721121189,-5.04647384067409
"ORC1",-0.187221290165144,17.548145207099,-1.08824483320615,0.293899110294325,0.875482866553864,-4.73377414987471
"ORC2",0.0417052445802071,19.5141448091062,0.798373884533073,0.437283299104518,0.903961056574724,-4.9100201031687
"ILK",-0.23147333463956,19.0393830700271,-1.77607934092012,0.0962861543618765,0.842341998928484,-4.16149238368762
"NNT",0.0381577249387881,21.5936720845101,0.841262718281614,0.413593138238006,0.902043681327841,-4.88688501688981
"SNTB2",-0.0351959868434477,20.2525093613923,-0.373454117409406,0.71410791324946,0.954180921097348,-5.07801884468445
"XRCC4",0.0634985582812106,17.8591766005235,0.502174009044413,0.622936902488642,0.938315260595475,-5.03933479701586
"PPIG",0.0584677985778868,20.1613626094358,0.735399286014531,0.473595142735856,0.911462804536586,-4.94203049142453
"TCOF1",0.159862813966956,21.4718932528492,1.28271905249817,0.219324780316754,0.847665896924723,-4.59144294319974
"UNC119",-0.0974709036607138,17.4200616144054,-0.965338182269048,0.349892149010672,0.886421458442757,-4.81408116133749
"SLC39A6",0.0459912208608131,16.3195429705409,0.247906793314423,0.807614575495387,0.968763141778022,-5.10502434110936
"SF3B2",-0.0306137005223164,22.0857003701363,-0.393780409759484,0.699360679434401,0.950575056817699,-5.07264296310551
"OS9",-0.0779654969397612,18.0776769051281,-0.92581010490678,0.369402135100112,0.892975750565936,-4.83820308054263
"GOLGA4",-0.0120215720922907,18.8833361879049,-0.115021505953659,0.909974762073558,0.985471838577121,-5.12181552366201
"PDAP1",0.0568839461309381,21.6817143515993,0.736720876250007,0.472814686044633,0.911462804536586,-4.94138302949831
"ADAM9",0.161645567121173,19.0691065720953,0.504770414049076,0.621366116832895,0.938315260595475,-5.03831139711624
"ADAM15",0.0914904986166185,17.5274103738654,0.832458869893277,0.418386592143568,0.902043681327841,-4.89172091059979
"TMED1",0.173915907961447,18.6863000753233,1.80112862303136,0.092098053793767,0.842341998928484,-4.13754423838351
"FKBP5",0.0270276582111855,20.3286818828977,0.492796045731347,0.629390672041805,0.938594368330039,-5.04252240840866
"TUSC3",0.0551208643920127,18.0135453331485,0.441820544993191,0.665009183492857,0.944349207216172,-5.05883988683422
"MYO9B",-0.0439682964238095,17.4210282814492,-0.627953557492423,0.539607957290103,0.925464328596667,-4.99110178301076
"ROCK1",0.0401839333612202,18.5026787453298,0.725151348154749,0.479673486088584,0.911462804536586,-4.94701533554303
"TNK1",-0.0345874271044408,17.6954342655293,-0.247490344544682,0.80793078415555,0.968763141778022,-5.10509601355626
"TOP3A",-0.0768368308188094,17.6685973420078,-0.933989747615692,0.365304647154736,0.892652924906307,-4.83328154302922
"SMAD4",-0.384095754427069,18.0132104521958,-2.50429786775631,0.0244849650324756,0.842341998928484,-3.41504637678301
"TCIRG1",0.12712668724712,17.4826269088041,1.58590020604356,0.133901502766258,0.842341998928484,-4.33732697741059
"PICALM",-0.0131977793983751,19.5717484997288,-0.198550086331974,0.845317560254559,0.974829174801071,-5.11268723411299
"MTM1",-0.0178699396161406,17.6021400394464,-0.122180474659244,0.904400383311756,0.984405675544383,-5.12122304947822
"SQSTM1",0.0291742224219789,20.7546068585285,0.468723690941592,0.646099626197038,0.940757100789874,-5.05044115868856
"MTX1",-0.0565375105780141,19.6507559325417,-0.605467931414943,0.554044047792177,0.92552891980847,-5.00046452113346
"TUBB3",0.253047050739255,19.3705030913664,0.94999445107353,0.357697435565324,0.890549978301985,-4.82339032778134
"ASAH1",0.0783952187135455,19.773334345028,0.933187048240846,0.365705358082587,0.892652924906307,-4.83376613951304
"PRPF4B",0.0420278837959813,20.2349952565166,0.738438807470428,0.471801341956665,0.911462804536586,-4.94053982465141
"PIN1",-0.404001556204946,20.1066931204284,-1.61994715804717,0.126803848709428,0.842341998928484,-4.30740421774804
"SERINC3",0.0791959153879098,16.7032847179723,0.356510967651358,0.726491659436398,0.955902536508917,-5.08228766201824
"ATR",0.0449843712258939,17.5169957959012,0.637594690352302,0.533482427070538,0.925464328596667,-4.98699008545666
"RIPK1",-0.0469602081202609,18.7937750664373,-0.75288816170344,0.46333066169638,0.911462804536586,-4.93337759455661
"HDAC1",-0.0623524431246025,21.8882614108848,-0.806198219601798,0.432898084559604,0.902798869645563,-4.90587929339348
"CAMK2G",-0.104118804845076,18.5446884494523,-1.2689921572432,0.224047235039952,0.849389846357638,-4.60206272220751
"CAMK2D",0.0451091701496189,19.4361964117786,0.496633190436467,0.626746188312579,0.938315260595475,-5.04122508712045
"DCTN2",-0.291478198715875,20.0845314598547,-0.80993355852088,0.431212306963646,0.902043681327841,-4.90364848106646
"NAE1",0.0672833118441112,19.0852380037613,1.09865265773067,0.289479125083101,0.875218094541793,-4.72661720484235
"IRF5",0.148638225409869,16.3328473267841,0.859894534796068,0.406987727843803,0.902043681327841,-4.87455141217564
"TDG",-0.4572769866549,17.8410402580555,-3.15088023901106,0.00668792944401617,0.842341998928484,-2.71847505694764
"ITPK1",0.0726782189984441,20.9031846670069,0.838044265474555,0.415341322472954,0.902043681327841,-4.88865806640428
"SNW1",0.00797950565603855,20.7858737338818,0.110997864430588,0.913109966763796,0.985471838577121,-5.12213285799359
"DGKZ",-0.0474662076820103,17.3222822202253,-0.630513081510632,0.537977969098246,0.925464328596667,-4.99001588568744
"STIM1",0.0554422689164902,16.8646007710903,0.508215742236778,0.618795904929705,0.938315260595475,-5.03725080198575
"TRA2A",0.109654003377972,21.5311915307899,1.20557959002861,0.246909485874156,0.849389846357638,-4.65002241217245
"SNX1",0.0580822152665448,20.3128753937499,0.671947126945828,0.511975602999344,0.918582534034279,-4.97186882746833
"KRR1",0.0162688723915672,20.4890284495377,0.26170779149946,0.797155466306752,0.968763141778022,-5.10258177101622
"PWP1",0.149638050733323,20.7865691576332,1.05177740706453,0.309897583160231,0.878437682691824,-4.75837809733742
"MTMR1",-0.208799457481021,18.4545308344755,-1.7102741731606,0.108098038694504,0.842341998928484,-4.22357175171483
"MTMR3",-0.0716632437087483,17.7155069627155,-0.580365229674918,0.57040372511055,0.929079585778747,-5.01053948070407
"CUL1",-0.0117122402900343,20.5032990852227,-0.281924066473519,0.781907400732479,0.966732684376251,-5.09876807431798
"CUL2",0.00384148293923303,20.7357533986893,0.0700759090383495,0.945071747751205,0.991836338916264,-5.12471945204161
"CUL3",0.0776549661614077,20.5609829071531,1.22693029905691,0.239017769381987,0.849389846357638,-4.63407917627577
"CUL4A",0.0549009138774821,19.5746325896505,0.744196762309125,0.468414590281127,0.911462804536586,-4.9377007369439
"CUL4B",-0.0149227901515623,19.8312302223007,-0.217367998625899,0.830891086922028,0.972434112431026,-5.10996374209692
"TP53BP2",-0.114787736721759,16.6517509044852,-0.709774389839164,0.488881610880926,0.914374640734034,-4.95437586321665
"DYRK1A",0.465876200088772,16.2018463473978,1.36157068821169,0.195387524284253,0.842341998928484,-4.52953550592359
"GFUS",-0.13552217244839,22.1591609749969,-1.11355243191702,0.283237801905408,0.870727823276949,-4.71627737185348
"RAB31",-0.522485214849167,14.1953851448729,-1.93017785589116,0.0802688047141074,0.842341998928484,-4.0423667445744
"RAB32",0.06020546764735,19.6146398577382,0.975723456533428,0.344887992547547,0.886421458442757,-4.80760297106757
"TPBG",0.208166452414101,19.1275488836888,2.03419692076968,0.0602684099214461,0.842341998928484,-3.90738889875314
"RIN1",0.0505042270538674,21.7738644957023,0.107414615445773,0.916336653379385,0.985471838577121,-5.12232899893776
"AAMP",0.0982309790356695,20.935592598177,1.18735831463181,0.253802545152092,0.850763184094445,-4.66346135141754
"ALKBH1",0.0907994484018992,17.1533334055399,0.487607810158762,0.632974655533196,0.93875693372059,-5.04426121957243
"MOGS",-0.00158532212368812,21.4881705105996,-0.0269622281080824,0.978850215499437,0.996932791999502,-5.12618062893679
"ALCAM",0.0613077930332402,21.5507241998478,0.803783603287977,0.43424837162455,0.903136123187363,-4.90716098182616
"LAMB3",0.173908869129466,17.7766409959597,1.02820959333374,0.320370494171363,0.878437682691824,-4.77398444057834
"THOC5",-0.0832204455857202,18.8863640912211,-1.33429085440042,0.2022848643654,0.842341998928484,-4.55081163542952
"ARFRP1",0.318972790017774,18.3029525528242,1.46731026064658,0.163470765092057,0.842341998928484,-4.44113737794433
"SPTAN1",0.0860898840231883,20.3392977872575,0.878976423157098,0.393467665262238,0.897167192888407,-4.865667310598
"GNL2",0.0792296059569857,20.6644742769964,1.21808788808975,0.242262008308261,0.849389846357638,-4.64070757967267
"AUH",0.0174539976590573,17.345837724461,0.105675304448456,0.917259569752355,0.985937788833006,-5.12253531410663
"DDX39B",0.0737577723631979,23.1243111671947,0.712884843538632,0.487010541151663,0.914132023680643,-4.95289855091367
"BLMH",-0.0113698634572756,21.2718380918706,-0.137151651635351,0.892760127993836,0.984405675544383,-5.11986878714607
"EXOSC2",-0.0998768075413103,20.6831703665061,-1.04681660482276,0.311987475017726,0.878437682691824,-4.76171950900928
"PTK6",0.0599964869900518,16.2795337957616,0.587005035319584,0.566051848436687,0.929022143808322,-5.00791351159942
"TUBB2A",-0.0280285217833658,17.2877570033157,-0.0918863668911662,0.92803603607018,0.988176918854616,-5.12348386600621
"GTF2H3",-0.173995429675703,17.2262617674488,-1.37933237536625,0.188288510758959,0.842341998928484,-4.51440486061927
"BYSL",-0.043226923253421,21.1656489976057,-0.756811832424127,0.461046718873143,0.911462804536586,-4.93141113932597
"C1D",-0.683643779015448,18.6484486487408,-2.94505674424453,0.0109883620302274,0.842341998928484,-2.98204576570896
"RAPGEF1",-0.0894589392239524,16.3662305670816,-0.849841592151837,0.408956841679746,0.902043681327841,-4.88212984641444
"IDI1",0.0742015988767655,23.1223388889257,1.22531482099606,0.23960794310908,0.849389846357638,-4.63529284205261
"CBFB",0.049654303364747,20.1205918166227,0.579944736560635,0.570679917524809,0.929079585778747,-5.01070483603733
"NFYC",-0.153348133818863,18.8143850065347,-0.762072035902705,0.458134469132208,0.911462804536586,-4.92867286347223
"CDK13",0.1331185238977,16.9175181713569,1.02520596061194,0.321738830442452,0.878437682691824,-4.77594745281136
"CKAP5",0.0482634548380965,21.5661368083421,1.17001520300846,0.260499829793864,0.850763184094445,-4.67610746893232
"CIRBP",0.341645074916187,22.7134583099957,2.15332915132784,0.0484028133761027,0.842341998928484,-3.78700205976849
"COTL1",0.12110276138295,21.3355687427577,1.63516308603426,0.123108453179049,0.842341998928484,-4.29285854766933
"COX17",-0.0425462761982587,17.3347364529828,-0.21291110669974,0.834302425060086,0.973308054279073,-5.11063087566618
"HNRNPD",0.0363624438060128,22.8782091180705,0.425264848493309,0.676764935573287,0.946676218328664,-5.06377023466979
"TOB2",-0.405168912850254,12.0396478305109,-0.929501955547214,0.369835930892628,0.892975750565936,-4.83482420673061
"SCARB2",0.167902418866348,20.8110972592786,1.99706607667394,0.0645558936820143,0.842341998928484,-3.94485740705155
"LRP8",0.077027416871438,16.7490470848797,0.688039590606831,0.502074726893562,0.917812698368546,-4.96453417906064
"DAG1",0.204061240424984,18.9547772044809,2.37562679582536,0.0314854409980138,0.842341998928484,-3.55234027367392
"VEZF1",-0.129330418189848,17.7730439343092,-0.94061213336713,0.362010276537617,0.891497764793046,-4.82927007371601
"BOP1",-0.0617645830622067,20.7284364052589,-1.0847360113605,0.295400442122745,0.876218919253372,-4.73617474670369
"UBE4A",-0.0603951721167313,20.441991602205,-0.988145960601026,0.338968658760606,0.882084620678191,-4.79977800037621
"KEAP1",-0.0414340969975591,19.3560800955543,-0.734572407135573,0.474083848331035,0.911462804536586,-4.94243505391894
"URB2",0.0017897975825143,19.2304337168753,0.0316075082017708,0.975207552279721,0.995807375058629,-5.12608558866688
"DHX34",-0.0284810326211016,18.3807738030934,-0.414595755593518,0.684387363951217,0.947983628026866,-5.06685100091363
"MORC3",-0.0864504596235989,17.6253573522599,-1.08642035483101,0.294679049978723,0.875482866553864,-4.73502315829327
"SAFB2",0.0907174760484821,19.5289026566803,1.23486372306614,0.236135912575132,0.849389846357638,-4.62810168964181
"EIF3A",0.000116085515102782,22.6674894697307,0.00190292242934424,0.998507112280035,0.999742128090196,-5.12643331716301
"ARHGEF7",-0.0997072576434874,17.5440056634741,-1.08285432635013,0.296207897117953,0.877128291805452,-4.73745956889365
"UBAP2L",-0.0251124360228552,21.2829640782052,-0.368373362411263,0.717812908643105,0.954180921097348,-5.07931923557987
"SCRIB",0.0351914462814484,20.4818416251183,0.415243265727387,0.683923732772769,0.947983628026866,-5.06666618932704
"GIT2",0.064428561316781,17.3409225455895,0.505641697452562,0.620558530341339,0.938315260595475,-5.03814158338896
"MLEC",0.117688372187285,22.2137469351045,2.14200252300775,0.0492552433061091,0.842341998928484,-3.79715459850657
"TTLL12",0.0168455119927131,22.475994501262,0.254107398892139,0.802910603849627,0.968763141778022,-5.10394310153494
"POLA2",0.0434583011004683,18.2086939693407,0.529615929466785,0.604236127386347,0.934888469059751,-5.02967829481957
"TFDP1",-0.0526920526545673,16.2886753946899,-0.487901232713861,0.632771706861724,0.938733993165069,-5.04416335036663
"MRPL58",-0.00144063911174186,20.3226296879243,-0.0124331466680894,0.990246163935977,0.998629200244429,-5.12638057946659
"ZMYM3",0.106842051804254,18.5240053440427,0.739970989460711,0.470898680393582,0.911462804536586,-4.93978629301473
"DCTN1",-0.0190439284015227,20.2732252697239,-0.327904257294896,0.747578885395754,0.960897384389211,-5.08905511939395
"DYNC1H1",-0.0124390709050921,23.3259870116355,-0.227260105524456,0.823332252807288,0.97172646386436,-5.10843409326881
"EIF2B1",-0.00992583160052973,21.5094931568878,-0.201456938310797,0.843085179550047,0.974829174801071,-5.11228250104165
"EIF4A2",-0.0156163409032111,22.7354801797295,-0.260244839552358,0.798262302265622,0.968763141778022,-5.10284688489337
"ELOA",-0.0408654426495083,18.6554112777618,-0.512657265310184,0.615760178823047,0.937823009875541,-5.03570361529765
"MAP7",0.132592714643664,19.9215737253749,2.37635128659322,0.031441176630822,0.842341998928484,-3.5515711699845
"CTTN",0.159793041317414,23.2244035022545,1.59207508657186,0.132505742017279,0.842341998928484,-4.33179713382319
"ENDOG",-0.0533095667365764,18.9227142048736,-0.503424114213964,0.622078994233263,0.938315260595475,-5.03890554574051
"FLOT2",-0.0657716245038742,18.4997995937025,-0.635651410765752,0.53471396889805,0.925464328596667,-4.98782352504736
"RCN2",0.277545166264652,19.8723528276185,2.30379239994719,0.0361785236659616,0.842341998928484,-3.62833181217301
"TRIM25",0.0392044143700225,22.3754305101018,0.716278483855202,0.48497400214263,0.912730526544901,-4.95128003398823
"PTK2B",-0.126446908033083,15.7898628894493,-1.02414627585484,0.322222584597167,0.878437682691824,-4.7766388827629
"FASTK",0.194407367038863,14.441596755748,0.832544090375579,0.418340019439994,0.902043681327841,-4.89167431366695
"FKBP8",0.0511292610727843,20.3698006928843,0.644117442897457,0.529360271007464,0.923174371936723,-4.9841753428073
"FAM50A",0.0373757585571219,19.9208194471623,0.596218317619263,0.560042536966743,0.928008912548565,-5.00422335032749
"FRG1",0.0633299803713214,19.1624770337532,0.36490770725491,0.720394948862615,0.954180921097348,-5.08017003965495
"GNA13",0.0533407067041871,21.4978435094623,1.01522410452393,0.326316399025518,0.878437682691824,-4.78243719650575
"GAMT",-0.121034517208795,18.8300555895423,-0.412752644327895,0.685832366165773,0.94821299034074,-5.06730560445937
"GALE",-0.270775720653976,20.0094503377234,-1.9860480485294,0.0658805653953502,0.842341998928484,-3.95592227646648
"GALNT3",0.0492715283082426,19.5308671333846,0.728101472918302,0.477918880353497,0.911462804536586,-4.94558682041433
"CAPRIN1",0.22169311207789,22.2583556137004,2.15298803152491,0.0482440920544385,0.842341998928484,-3.78581076021577
"GRB7",0.138964356381052,15.3974981325296,0.754500476047542,0.462391302551002,0.911462804536586,-4.93257065191379
"BECN1",0.117882524546459,16.3926815095741,0.732935278167838,0.475052333610684,0.911462804536586,-4.94323482811447
"RBM39",0.0326523059655308,22.3157645558312,0.651788122484532,0.524535632636175,0.921426436241604,-4.98083130427394
"FAT1",0.139735276772495,17.5868216961568,1.2386430778777,0.234772613314635,0.849389846357638,-4.62524402568971
"HLTF",0.0229168772733992,19.8139069210556,0.455579769102422,0.655307694907933,0.940958728523278,-5.05460417223549
"SQLE",0.122612703129562,19.6781532525991,1.7722351441029,0.0969435563595253,0.842341998928484,-4.16515249382531
"SLC29A2",0.0723041838323759,16.6856472905988,0.507269065858711,0.619443878686907,0.938315260595475,-5.03757891316492
"PDIA5",0.0593421383242934,20.1305335896802,1.22928302885223,0.238160284799415,0.849389846357638,-4.63230949599822
"PRPSAP1",0.127805442194095,20.0797633116157,1.42193151247053,0.175786480191647,0.842341998928484,-4.4792116125788
"DHX8",0.0985412643675154,19.199065002694,1.35006920476673,0.197289293818,0.842341998928484,-4.5381540221006
"MCM6",0.0633555229219382,22.8650978722329,0.98818542078295,0.338949971231809,0.882084620678191,-4.79975301297046
"ITPR2",-0.0649953556194234,17.2608619789518,-0.381286144828025,0.708411210531905,0.952993301404549,-5.07598027869466
"ITPR3",0.0239932531337601,19.1886362401355,0.450531847324239,0.658859598923454,0.941624877813888,-5.05617268844827
"ZNF460",-0.425146223587509,14.8900693294711,-1.87463942720585,0.0807256698148456,0.842341998928484,-4.06632013762237
"ITIH4",-0.0542861753846751,21.670613119847,-0.378110391848408,0.710768944011823,0.954180921097348,-5.07678530928442
"INPP5A",-0.105220934154726,17.3476791752189,-0.69605576784691,0.497184779858183,0.917234421027085,-4.96082121543572
"ITPR1",0.0437114134554015,16.7536641747317,0.0558733768921367,0.956270758094123,0.993442398593704,-5.1253366398585
"PLS1",-0.0304969365052905,19.8601194112894,-0.620607479130963,0.544301300978571,0.92552891980847,-4.99419558627117
"IRF3",-0.0678241134774389,19.4017145931066,-0.434850987612828,0.669999287342157,0.944349207216172,-5.06090750647983
"LAGE3",-0.040315514278003,18.5458766846627,-0.28415575416728,0.780229687057493,0.966732684376251,-5.09832993703862
"BLTP2",0.104423901189513,18.366740739619,1.53875106886044,0.144977683153508,0.842341998928484,-4.37912076658066
"TRIP12",0.0355407493594022,19.1876706475544,0.757631017768345,0.460570754341141,0.911462804536586,-4.93099942232051
"PUM1",-0.111225924045513,19.2863305154365,-0.965764230896596,0.349685861076752,0.886421458442757,-4.81381654072156
"ESPL1",0.0895998641723992,17.2263174666399,0.996534237838935,0.335012549758786,0.882084620678191,-4.79444765408956
"MDC1",0.0663425196493144,19.2370800826594,0.913061670953688,0.375850968443088,0.893032886384972,-4.84579999500281
"CLINT1",0.136003967282896,21.3553633395585,1.78332437369583,0.0950578599675631,0.842341998928484,-4.15458329257283
"KCTD2",0.208878130650447,13.7002270756907,0.732748355688763,0.475162988571789,0.911462804536586,-4.94332604121014
"SMC1A",0.0295435263306736,21.6095151127902,0.471437901681635,0.644205535761303,0.940757100789874,-5.04956732765479
"RRP1B",0.126002753184203,20.4184703632642,2.18586684472921,0.0453315889092297,0.842341998928484,-3.7517476654641
"GSE1",0.0219480057359256,17.029810915276,0.184963147120739,0.855769833988987,0.975701677811386,-5.11450152015857
"DIP2A",-0.116153762987953,17.5904891846785,-0.957116318884825,0.353889776833924,0.887629706552621,-4.8191685839029
"PDCD11",0.0887199127252032,20.1132912872694,1.83444269792286,0.0867786091979175,0.842341998928484,-4.10543685589812
"GINS1",0.120059641535825,18.7058293168479,1.39440406245006,0.18378476251967,0.842341998928484,-4.50203652735832
"BMS1",0.05972139819551,19.8682265969724,0.915590658346725,0.374565603367983,0.892975750565936,-4.84430009736417
"LPIN1",-0.0653514191119839,17.6082230029803,-0.723840742004976,0.480454220744069,0.911462804536586,-4.94764827210248
"USP10",0.0239954735674921,21.3706541252717,0.362242530058653,0.722293411440726,0.954180921097348,-5.08086524802563
"MESD",0.0936553229730386,22.5645712068383,0.691435275508573,0.500036127915144,0.917812698368546,-4.96294254693859
"GANAB",-0.0275994350708686,24.1289939954136,-0.329511687897711,0.74638824385319,0.960485334634381,-5.08868954661901
"RFTN1",0.00846616828986768,16.9143533499448,0.0370570760960623,0.970970462913354,0.994854171486128,-5.12595268011238
"MFSD10",0.0829161837696155,19.659014571444,1.00291105978412,0.332027135246461,0.882084620678191,-4.79037051273656
"PPP2R5D",0.00981274831681134,20.6696561397885,0.108704172563438,0.914897873893961,0.985471838577121,-5.1223087107463
"LBR",0.11759050657993,21.1595917411206,1.73494333634375,0.10352895689751,0.842341998928484,-4.20044440901557
"COG2",0.145688568699825,19.0679543737111,1.97244885050151,0.0675496059334411,0.842341998928484,-3.96954455826219
"CBX2",0.0091989362931173,15.5374088709699,0.0665086558304407,0.947863385139133,0.991836338916264,-5.12488959258161
"GOLGB1",-0.00875440178644027,18.1362987063092,-0.084425151261318,0.933850318269082,0.988634971821529,-5.12394538373778
"CASP8",-0.0927661785165093,19.5882897053993,-0.976174732236063,0.344671692360549,0.886421458442757,-4.80732015714865
"NAA30",-0.0733205216321586,18.983329305549,-0.820156851668518,0.425144918782965,0.902043681327841,-4.89840336524879
"FXYD3",0.225927693545209,17.2184668338207,2.19950313146712,0.0441722594578937,0.842341998928484,-3.73757277073836
"KIF22",0.114989071611866,20.3824689394033,1.50080580852644,0.154445420977521,0.842341998928484,-4.4121871688871
"MEF2D",0.41022550159261,15.9969342247544,1.66086280268938,0.117781243161984,0.842341998928484,-4.26934830705598
"CHD4",-0.0488554124285052,20.8916024997442,-0.965496723722673,0.349815375072847,0.886421458442757,-4.8139827020079
"LASP1",0.216457109123677,22.5556068919257,1.76527260704903,0.0981443140766985,0.842341998928484,-4.17177124005647
"PTGR1",0.0051227932040554,19.5140911682388,0.0930673493716253,0.927098763743315,0.987967388647229,-5.1234098966232
"DRAP1",0.239257776917203,20.2470894528924,1.2195880446279,0.242107691510489,0.849389846357638,-4.63957978548859
"ZNF638",0.0690722461345956,20.8326994240096,1.07461168565319,0.299764128828,0.87771037337981,-4.7430666214778
"KPNB1",-0.0957041346307932,23.4202344887752,-1.05408793006416,0.308755239565205,0.878437682691824,-4.75687799367458
"NOLC1",0.115006641046289,20.5315272366357,1.05383508156701,0.308867223769712,0.878437682691824,-4.75704680526297
"NUMA1",-0.0418120682486567,20.746726792242,-0.535208174860936,0.600459537052641,0.934665864553823,-5.02765055879236
"PSME4",0.0861792176574312,19.6842843261768,1.29769958285004,0.214261411227718,0.846423796376897,-4.57975882601263
"CUL7",-0.0351799288548591,16.310387462835,-0.23290623279334,0.819025936965331,0.970431456911451,-5.1075307896596
"SHPRH",0.0385765021432327,20.5330215332265,0.288220534158947,0.777176818638211,0.966517881554072,-5.09752317173464
"SLMAP",0.101915857799156,17.1672854025339,0.733546451299676,0.474690638418483,0.911462804536586,-4.94293644523706
"GAPVD1",0.0367665135219077,21.031466016185,0.641287822471362,0.531146295714725,0.924162441260244,-4.98539966116283
"ARHGAP19",0.123601328218125,16.2841257593915,1.00063336975453,0.333091288538801,0.882084620678191,-4.79182926786278
"NAA25",-0.00775812005022658,21.141124664776,-0.115969549553195,0.909236273716603,0.985471838577121,-5.12173911311286
"FASTKD3",-0.412201300020001,16.4201931968123,-2.41783518286112,0.029002605525746,0.842341998928484,-3.5074519780052
"NCAPH",0.0668029879385266,19.4926024920337,1.10873721668792,0.285243744140098,0.87202202407069,-4.71963098657454
"PCLAF",0.193423799948448,19.5140083515878,1.00774266518102,0.329998395239989,0.881272736047223,-4.78717553319303
"SPCS2",0.0301122091613735,22.5600650420374,0.571181014232092,0.576452149359596,0.929763305957504,-5.0141254316919
"EMC2",0.0302523576230875,21.1311091714199,0.592887942614579,0.562210811302861,0.928988740446782,-5.0055634699782
"WTAP",-0.119262036594524,17.8655203545568,-1.24574230591279,0.232228401286867,0.849389846357638,-4.61985860610909
"PSMD6",0.0416779783801999,23.8398745997423,0.809291360769906,0.431172280651543,0.902043681327841,-4.9042324664732
"MAD2L1BP",-0.177757955978581,16.9551908704998,-1.09308023430075,0.291839436884025,0.875482866553864,-4.73045582983569
"MORF4L2",-0.140861345478598,20.6047473858173,-1.87576772650922,0.0805613556182249,0.842341998928484,-4.06521640771804
"ABRAXAS2",0.0928548203529971,19.5729682313744,1.07147533956001,0.301125509318659,0.87771037337981,-4.74519109015951
"SEPTIN2",0.0875922776094065,23.328388311486,1.21240243391032,0.244365967140089,0.849389846357638,-4.64495046772651
"SART3",-0.0127387397806515,21.6796320517307,-0.26725038244128,0.792966172519016,0.968763141778022,-5.10156404057096
"NCAPD2",0.0590389327102265,20.4886636538877,1.19690450640673,0.250173004951512,0.850763184094445,-4.65644000967001
"SUZ12",0.0940302353864624,18.1505715428052,1.05244135110678,0.309485025733671,0.878437682691824,-4.75797672572713
"EXOSC7",0.0554817974468058,20.2576539189751,0.933287372249117,0.365655259357962,0.892652924906307,-4.83370559239032
"TNIP1",0.364988900445582,16.7043443591429,1.64734776941647,0.120557354072729,0.842341998928484,-4.28173801286102
"EFTUD2",0.0216386418630954,21.4509909142759,0.289751640263568,0.776027856885504,0.966016389864377,-5.09721635600885
"LARS2",-0.00874564215541795,19.7285830760045,-0.1313290906872,0.897284357986206,0.984405675544383,-5.12041400736389
"SNX17",-0.00854567692644181,20.1760743391833,-0.178865043068484,0.860470260856929,0.97751782113991,-5.11527427439272
"ARL6IP1",-0.0512118944401614,18.7029455190888,-0.519681995387591,0.610973664638966,0.936335994482148,-5.03323040082819
"RAB3GAP1",0.0129542079411351,19.3207422308231,0.265973807800795,0.793930475132848,0.968763141778022,-5.10180031154697
"SLC39A14",0.0283478487096573,18.6739898297381,0.416899938158757,0.682738118853214,0.947983628026866,-5.06619207179834
"KARS1",0.0451179161587696,23.5918579218689,1.07397680760329,0.300039341350015,0.87771037337981,-4.74349707174634
"SETDB1",-0.00507339820133978,18.0053419452697,-0.0862676228668739,0.932410462886682,0.988634971821529,-5.12383558816892
"RRS1",-0.00497003977327282,19.6604222725772,-0.0391390273254358,0.969302853255623,0.994630468337478,-5.12589946810677
"IQCB1",0.235937935835048,15.7827490374017,1.45766250560422,0.16583420920126,0.842341998928484,-4.44914161919273
"POLD3",0.111742654512117,18.9325467925738,1.15032472665166,0.268266212553882,0.856157940490957,-4.69029146005229
"EIF4H",0.0957685371888992,23.2177121598035,0.962424276196183,0.351305314322313,0.886421458442757,-4.81588837365566
"ACAP2",-0.0413593337232143,18.50816654159,-0.574954028805868,0.573963324498361,0.929763305957504,-5.01265878203269
"KIF14",-0.298920885239941,17.7304736658205,-2.07870848377627,0.0554725236094593,0.842341998928484,-3.86212417906144
"BRD3",0.137937704798549,21.7007053869206,1.14457750138939,0.270565853925216,0.858604202731194,-4.69439628969365
"WDR43",0.000249691718614997,18.4710434194246,0.0029801679277889,0.99766198985833,0.999742128090196,-5.12643147950041
"POSTN",0.100923605693563,18.3183646757731,0.881805410837065,0.391984802592933,0.897167192888407,-4.86404317434026
"ACOX1",0.00455308145878774,20.6133827858769,0.0794853292758818,0.937711857307152,0.988941576375722,-5.12422807285515
"OXA1L",0.139194651913602,21.0575792407642,2.15033682452522,0.0484863452242009,0.842341998928484,-3.78855019648575
"ZNF146",-0.101058947704642,14.4311916719139,-0.520281633788928,0.610565927388676,0.936335994482148,-5.03301780045047
"EEA1",-0.0104630973144921,18.5103410175126,-0.125143526568111,0.902094686932762,0.984405675544383,-5.12096739217344
"PDIA6",0.148710783871088,24.2596277809957,2.04125822087076,0.0594830940112002,0.842341998928484,-3.90023287797478
"PAFAH1B3",-0.139266260118763,22.3911441952693,-0.435482688849022,0.669694661678818,0.944349207216172,-5.06063555187445
"PDK1",0.273739217931183,17.6248568490529,2.28695448208288,0.0373700473373139,0.842341998928484,-3.64606197891906
"PDK2",-0.011149929111486,17.3957630933927,-0.0543754466801674,0.957363577138007,0.993709728191636,-5.12540181160504
"PDK3",0.14246025014268,18.8505473816762,1.34313121190914,0.1994735264049,0.842341998928484,-4.54373264363471
"PEA15",-0.194543406990991,17.3181000362942,-0.578291739684652,0.571949130447313,0.929129211429401,-5.0112353311237
"PGM5",-0.108946902130093,20.8320881273876,-1.02840573725001,0.320281285021344,0.878437682691824,-4.773856087976
"EBP",-0.259567037892872,22.2512791043301,-1.43253041620703,0.17309573421214,0.842341998928484,-4.47055310856565
"PMVK",0.0301365254236998,20.930412072676,0.430255963634272,0.673211532219631,0.945496050667302,-5.06230302056975
"PRKD1",0.337591306617011,13.5781016863267,1.60523805040982,0.132830977063952,0.842341998928484,-4.32491865281669
"PLCB4",0.127584650450057,18.8562991847966,1.60661746931022,0.129267653899636,0.842341998928484,-4.3187234798811
"PLEC",-0.0520458607505674,22.7065201776182,-0.758787126195796,0.459899546583933,0.911462804536586,-4.93041768892535
"PCM1",-0.0454045335056072,18.9130427058337,-0.328984474432795,0.746778683171684,0.960553706497492,-5.08880964224525
"NOMO1",-0.182101906461103,17.5316497079498,-1.42808805740438,0.174037383774021,0.842341998928484,-4.47406581013929
"PON2",0.338284200176439,18.309801707454,2.71633180342231,0.0160805490999797,0.842341998928484,-3.18672591040864
"TCEAL1",0.10476872672665,14.8749329179364,0.247368956363398,0.808046909311383,0.968763141778022,-5.10510769755365
"PPP2R5A",0.0148966136723487,19.0311340069325,0.160420449182688,0.874719902728851,0.981776234144474,-5.11745475254981
"PPP2R5B",0.226090409417814,16.2232619996602,0.868054382330749,0.400215546916441,0.899243050380325,-4.87133640015278
"PPA1",0.293975927658497,24.6229759918033,2.55058475879158,0.0223509075292304,0.842341998928484,-3.36537195566234
"PTGES3",0.215681953733281,24.6713602581832,0.781922416016452,0.446943228347166,0.911232025204671,-4.91839300132285
"STK38",0.121073508843889,19.1725390316686,1.43316481711018,0.172605871281608,0.842341998928484,-4.46981137398995
"NECTIN1",0.414651623438182,20.0876123286903,3.89432539357669,0.0014723223695966,0.778596901660703,-1.94870838619874
"NONO",-0.0104036042051305,23.9663026196904,-0.115585984268998,0.909535045466514,0.985471838577121,-5.12177010312421
"PTPA",0.0150115902828709,23.6735293672207,0.259985494121665,0.798458563890354,0.968763141778022,-5.10289372989512
"PTPRK",0.0145957808741208,17.6827018846869,0.134176685571167,0.895071256751717,0.984405675544383,-5.12015030569833
"PWP2",0.103973302600807,19.441726659989,1.85251029408805,0.0840095440265526,0.842341998928484,-4.08790447044869
"QPRT",0.0929143651806825,17.0579541161313,0.342343538695629,0.736954925529753,0.958217861269429,-5.08568504494354
"RABEP1",-0.324330430053585,17.2952653947227,-1.15543837179119,0.266443926458418,0.855776328071309,-4.68659180327785
"RASA2",-0.322853822049911,13.2053685571071,-1.36222444936173,0.193509169380764,0.842341998928484,-4.52833204842132
"RAB35",0.0579315463077208,20.2736073785786,0.918664919923382,0.373007145926897,0.892975750565936,-4.8424720356645
"RNPS1",0.139181638036341,21.9608106747543,0.738385896936964,0.472074809888769,0.911462804536586,-4.94041077595825
"RBBP5",0.0762315961967985,20.9197256170087,1.01592305754289,0.325994352674008,0.878437682691824,-4.78198446828619
"RCN1",0.13962998939822,20.4240162825118,0.966267840589674,0.349554064899941,0.886421458442757,-4.81345122383164
"RALBP1",-0.0437469756787756,16.2925625119705,-0.368372475816665,0.717813555810142,0.954180921097348,-5.07931946098272
"LLGL1",0.0543882829728481,19.3938468330447,1.00936096965067,0.32902685655583,0.880087473971107,-4.78622478132642
"LRRC41",0.0149965284159634,18.1502518619406,0.208535584800801,0.83765483564014,0.973760257456695,-5.11127249442541
"TTF1",0.171634240288927,16.4723657494616,0.756499834665202,0.461228076152359,0.911462804536586,-4.9315678419875
"TMED2",-1.02833385476509,19.9784629745072,-3.15454434558869,0.00685339733956428,0.842341998928484,-2.73241352432617
"PCBP1",0.288763558411933,25.3167950161425,2.26872914741913,0.038701191814963,0.842341998928484,-3.66521484568081
"PCBP2",0.21906497128866,24.1172083454558,2.89945005577281,0.0111323240374981,0.842341998928484,-2.98886993799693
"ELOC",-0.146164931547755,20.636464503653,-0.630609896430171,0.538118407164954,0.925464328596667,-4.98984233443617
"ELOB",0.0323468295415772,22.8160672244914,0.150092566628825,0.882761541389008,0.982823192403566,-5.11856220895464
"RHEB",-0.0332374830132665,21.8224579994589,-0.367091072583378,0.71874914568693,0.954180921097348,-5.07964468460882
"UBE3C",-0.0159862796831938,19.8901724684963,-0.309058257827113,0.761587190993917,0.963360829111366,-5.09321030966931
"TOMM20",0.350867905822255,21.4153938360138,2.34013629949698,0.0338807809969529,0.842341998928484,-3.59194219853875
"MTFR1",0.212372889733601,16.7745725960874,1.13800220611559,0.273215088793246,0.859600270986376,-4.69907291931219
"DHCR24",-0.0962605222614137,22.5214554683025,-0.732933409264911,0.475056424161554,0.911462804536586,-4.94323382482876
"SF3B3",0.0546348148026468,23.158309632929,1.58436141140705,0.13425127655842,0.842341998928484,-4.33870302727308
"PUM3",0.0147218519185728,19.9786802153632,0.246110571955518,0.808978689830227,0.968763141778022,-5.10533262627814
"DLGAP5",-0.0430043949682428,18.3122528694264,-0.263007019393497,0.796172877623488,0.968763141778022,-5.10234509648187
"RSU1",-0.0955249996875871,21.8046911969532,-1.23344444733173,0.236649470991495,0.849389846357638,-4.6291731607449
"RPS6KA1",-0.0337339569293036,18.3220350659808,-0.583585770681938,0.56829071268504,0.929022143808322,-5.00926929648326
"SAFB",0.0524694945814339,18.9926172874455,0.498527574897253,0.625442563716432,0.938315260595475,-5.04058105829771
"SF3B4",-0.285619259051622,20.3267350569564,-1.0639366653327,0.304839455451665,0.878437682691824,-4.75013734384017
"SF3A2",-0.0279149792556872,19.585982694933,-0.307112852177767,0.763038241725711,0.963360829111366,-5.09362548225755
"PPP1R7",0.246231396075022,20.8481506922733,2.37722843430347,0.0313876640906317,0.842341998928484,-3.55063994172384
"SEC23A",-0.11591317409971,21.196942017337,-1.62019225998831,0.126306438615349,0.842341998928484,-4.30645659059489
"SEC23B",0.00365278116097656,21.4274661677693,0.0393614037857497,0.969128536945205,0.994630468337478,-5.12589337053982
"CYTH1",0.0238263914552519,17.1932520711806,0.124989178093988,0.902214770746265,0.984405675544383,-5.12098086044307
"SF3A1",0.0436076788523216,21.5783295078826,0.747199337051588,0.466654424870204,0.911462804536586,-4.93621235762574
"SKIC2",-0.0330556696054281,19.7462447526466,-0.655208183584068,0.52239255104003,0.92119500607667,-4.97932852821292
"SURF1",-0.0641670966284558,20.576222141637,-0.738906020532273,0.471525978992808,0.911462804536586,-4.9403101974465
"SURF2",0.0709413559341883,19.9076467643977,0.502484761131517,0.622745263220319,0.938315260595475,-5.03921474827444
"TAF5",-0.0396077491815596,18.7649909521684,-0.773206950084285,0.45157866761863,0.91142481873976,-4.92309505183735
"TAF7",-0.110711922374357,17.7434258451235,-1.01037476250361,0.328557043540429,0.880057183772315,-4.78557116375001
"TERF2",0.0846868652021264,19.1558931014851,1.53331952656379,0.146302121976765,0.842341998928484,-4.38388557977161
"MAPRE2",-0.282614537959699,17.0208101841679,-1.16170537174512,0.263756251903963,0.853103574043432,-4.68211610256539
"TEAD4",-0.107810763060048,15.4741277357596,-0.439052996256197,0.666968132700861,0.944349207216172,-5.05967673014953
"TAF1C",0.153946838158891,15.4259993682528,0.814592778467821,0.428224639999745,0.902043681327841,-4.9013969516302
"SLC9A3R2",0.116269672025119,19.1856660184084,1.21306981491051,0.244118264931438,0.849389846357638,-4.64445319425277
"TRADD",0.117997013934641,18.9471463712062,1.30036022185953,0.213371924296674,0.846423796376897,-4.57767342239896
"TRAM1",0.240637470363623,19.8375326306188,1.45743156763018,0.166118943468258,0.842341998928484,-4.44951025552956
"TSN",0.251034015808376,22.5152224333446,4.09766930024449,0.000976493593327345,0.651418876108672,-1.74986946525694
"TARBP2",0.0127624750759949,17.5600647364625,0.0977159441804491,0.923469498121035,0.986084669120459,-5.12310032649722
"SF1",-0.0932533248505898,21.032536733548,-0.705344681760895,0.491553636193235,0.915921405077277,-4.95646959571626
"TRIP10",0.106178848979756,18.5988289697962,1.15630652091182,0.265888484146046,0.855193992081818,-4.68600216427839
"TRIP11",-0.132512441054672,17.3361901973095,-0.775902048675466,0.450033958360587,0.911316442457203,-4.92171274354904
"TRIP13",0.0437200644509979,22.33115980991,0.963615109000014,0.350727311001574,0.886421458442757,-4.81515037007957
"MED1",-0.136069932716712,19.1439884827089,-2.09079266209319,0.054232387774535,0.842341998928484,-3.8497731954761
"ZNHIT3",-0.134254329432739,16.5693135795979,-0.80990445771954,0.430830729694315,0.902043681327841,-4.90390538310752
"TRIP4",0.158895935980507,19.3184017751687,1.39014075894137,0.185049717142146,0.842341998928484,-4.50554445269997
"HMGN3",-0.333640665645355,12.281082944645,-0.904938260357135,0.380000028919531,0.893756828005623,-4.85059381953624
"JMJD1C",0.340966085800304,14.9780559669274,1.67168270109189,0.115598784198408,0.842341998928484,-4.25938816294066
"NFKBIB",0.128663934161889,18.179624922913,1.706434278199,0.108824866639307,0.842341998928484,-4.22715558234333
"MAPRE1",-0.0363988447915773,22.7546068815565,-0.611410769552335,0.550208436869515,0.92552891980847,-4.99802095557357
"ELAVL1",0.0358803862613364,23.4519693365233,0.73759823336448,0.472297000333655,0.911462804536586,-4.94095262186627
"ELF2",-0.0172141273075148,16.2103268250505,-0.128099253415627,0.899795598763925,0.984405675544383,-5.12070628138316
"NSDHL",-0.021058614509041,22.1344939441487,-0.415233808994593,0.683930503050706,0.947983628026866,-5.06666889046758
"NAB2",-0.0119719671675718,18.868483940608,-0.0852154395270544,0.933232693931976,0.988634971821529,-5.12389857922327
"TAB1",0.127294117502245,19.1840384780101,1.52745254070666,0.147744201357203,0.842341998928484,-4.38902060902867
"HERC1",0.0447907119585658,17.6790922671524,0.699865701815855,0.494870533793287,0.916423486994651,-4.95904273065075
"SLC1A5",0.207468525081705,24.0051225922023,2.23904110483998,0.0409650166819575,0.842341998928484,-3.69632447248848
"MLF2",-0.355864842323509,18.3093400291844,-2.02850611469467,0.060908192457779,0.842341998928484,-3.91314906326334
"TOMM34",0.144175803741661,21.6321095008197,1.52955353952815,0.147226413106728,0.842341998928484,-4.38718313748945
"SMAD2",-0.00574106333638369,17.9493630827444,-0.0514025303194054,0.959692421412542,0.994118447583944,-5.1255116423552
"SMAD1",0.175725345437689,15.9502318285705,0.828249977582562,0.420690928828857,0.902043681327841,-4.89401703420925
"MSMO1",0.0757826272588424,19.9911992927521,0.350798769644036,0.730788876192477,0.958217861269429,-5.08363066715153
"TBCE",0.00213293743985332,20.2149570300254,0.0406261296678939,0.968137175715936,0.994596052769101,-5.12585803497064
"TBCC",-0.0702443447965599,19.887120706858,-1.20676099084722,0.246467606326977,0.849389846357638,-4.64914573213922
"UBE2V2",0.172518387815863,21.5446301508158,0.710842912869503,0.488470331768002,0.914234145218411,-4.95371876632883
"STK11",0.163489587787712,17.2157189485864,1.55780888100609,0.14041051113384,0.842341998928484,-4.36232021122777
"STXBP2",-0.0414245614157025,19.8010996721749,-0.660599002809935,0.519024660645436,0.920721460254424,-4.97694505614398
"VAMP3",-0.356525915354581,17.3197038434661,-1.35137115212694,0.197079033558406,0.842341998928484,-4.53717786045178
"NEDD8",-0.030791014148658,21.5806368941069,-0.14947484221253,0.883240216920582,0.982823192403566,-5.11862680802521
"ATP6AP1",0.0383873595218702,20.5677229982941,0.573758591332053,0.574751272409428,0.929763305957504,-5.01312445726006
"VPS72",0.18506893576264,18.5527964259214,0.834408728108259,0.417482205749248,0.902043681327841,-4.89055889076772
"RAB11B",0.131915917005113,20.5605159993014,1.1503308662698,0.268263763850682,0.856157940490957,-4.69028706642952
"EZH2",-0.209674688456243,16.0623277581103,-1.72476544257667,0.105393144142776,0.842341998928484,-4.21000768875345
"ZFHX3",-0.0865886718834332,14.978618834617,-0.607612829980419,0.552658027516939,0.92552891980847,-4.99958515678584
"ZYX",-0.181958320329596,19.9483567089399,-2.4216157012659,0.028789517754657,0.842341998928484,-3.50342374018001
"ETFDH",0.00752736862511583,18.2496367296079,0.0860889981478442,0.932550043990856,0.988634971821529,-5.12384633629623
"SEPTIN7",0.0551032865282508,22.6000001920682,0.759156725900099,0.459685093766297,0.911462804536586,-4.93023154472922
"ADRM1",-0.166396367712487,23.0557238228108,-1.42314179004561,0.175441497884909,0.842341998928484,-4.47820120414356
"CCDC6",0.143550546474714,21.2760663472606,1.43751648651063,0.171386561881781,0.842341998928484,-4.46615659592523
"UAP1",0.0118751505897308,19.6104285619813,0.224692794301596,0.825292301492233,0.971849063240015,-5.10883756577581
"E2F4",0.0296442097142968,14.5846592393092,0.138431870110926,0.891765887046258,0.98411418237975,-5.11974574771892
"PDCD2",-0.066511041695005,18.5976985279039,-0.540102489255057,0.597163974107449,0.933531465418893,-5.02585931340481
"PSMD5",0.0397490975840213,21.677462045085,0.417252815442597,0.682485690247454,0.947983628026866,-5.06609084678034
"PKN1",0.0763418149446622,19.4870194932028,1.63105404040749,0.123979187832276,0.842341998928484,-4.29659801551506
"PKN2",0.0179897672442841,21.3623397525909,0.297098473237539,0.770522269798839,0.964320849854457,-5.09572187426333
"TAF12",0.157035117609396,17.9345537874432,1.03106400901431,0.319074031407654,0.878437682691824,-4.77211459408057
"DDB1",0.0920201226404913,22.7797598387306,1.80167816017115,0.0920080107649879,0.842341998928484,-4.13701696832366
"SNAPC1",-0.0324537149051416,16.0975854774888,-0.148350815628752,0.884069148833586,0.982823192403566,-5.11875386044519
"PPP2R5E",0.0380368776119724,20.1309917135964,0.569927057401822,0.577280550243506,0.929790176756083,-5.01461085775815
"MAPK14",-0.0850843314609939,20.3476979973371,-0.898356694190957,0.383384297734449,0.896055756684706,-4.85445081298151
"MRPL23",0.136329287399953,21.091973108173,1.77976358945557,0.0956598010817926,0.842341998928484,-4.15798075926813
"CDC37",0.0488314614239087,23.36675313512,0.68445525391135,0.504270268848282,0.917812698368546,-4.96618163938922
"DPYSL2",0.00888174683000997,20.3761836500172,0.123450511715749,0.903411994761193,0.984405675544383,-5.12111421649527
"SNRNP35",0.0115769687611795,15.424576752767,0.0579195808186882,0.954587794299145,0.993062586116823,-5.12526281550678
"SYPL1",0.227813631437559,21.9931321358188,1.74776510292658,0.101221715694667,0.842341998928484,-4.18835452721603
"RBBP7",0.291868943494784,20.8252565677369,1.66093138577458,0.118023297285625,0.842341998928484,-4.26977292313141
"MAP3K11",-0.305241948959512,16.4199724151154,-1.9577612241387,0.0693952448705423,0.842341998928484,-3.98421317008246
"OCLN",0.13403095194974,19.8363252156996,1.08780920147205,0.29408519793109,0.875482866553864,-4.73407252834125
"SRSF7",0.168186480959989,24.3526994532564,2.10958440501998,0.0523544906858908,0.842341998928484,-3.83051584678218
"CPSF6",-0.0489436687632185,21.8584826876535,-0.852408778845261,0.407576113352922,0.902043681327841,-4.88069868753502
"TAFAZZIN",0.770141191617805,13.6639486482871,1.9751469398299,0.0686129768745704,0.842341998928484,-3.97385000497915
"SMN2",-0.143383945355094,20.1388376285844,-0.737745339278726,0.472432243835663,0.911462804536586,-4.94073828641018
"DBN1",-0.0364934840186173,21.3811677717518,-0.407679699976722,0.689347570688833,0.948559449659011,-5.06880753018906
"MAPKAPK3",-0.179926980207306,19.6361141835739,-1.03312640552905,0.318331252832649,0.878437682691824,-4.77068843030735
"PRSS8",0.103588755273318,17.9517164918587,0.863429422096466,0.401683712814137,0.899243050380325,-4.8745121368305
"NRF1",-0.0630550291714158,17.8945512888572,-0.411253489857996,0.686782583590617,0.94835988721445,-5.06780050105876
"FSCN1",0.0926134088399486,19.5737926807203,1.60482605798648,0.129662844360251,0.842341998928484,-4.32033776122842
"CYP1B1",0.060313020102722,18.9272631425152,0.624807760028491,0.541615037765861,0.925464328596667,-4.99243078409446
"DECR1",0.0366511009592436,23.4152150648092,0.443946899275617,0.663505802644102,0.944051057140379,-5.05819347957629
"MAN2A1",0.0130737058520651,19.781433929084,0.244344406863773,0.810320603705505,0.968763141778022,-5.10563359095136
"NDUFA5",-0.0859128104076952,19.5310919356115,-0.677288205925205,0.508677080529574,0.918123594213416,-4.96945213517638
"KYNU",0.147931078041548,20.7246159318416,1.35397283631628,0.196068861661086,0.842341998928484,-4.53500640319429
"UGCG",0.098357372585518,16.0628896127474,0.956752812142585,0.354067253655603,0.887629706552621,-4.81939266546447
"CLPP",-0.0452793735510753,19.3113837315098,-0.485789631966876,0.634232896613684,0.938925721121189,-5.04486640434193
"TST",0.0596746442886484,20.3545002859345,0.8130165456936,0.429099686240644,0.902043681327841,-4.90224172510019
"UBE2S",-0.010487665828343,20.3460691852477,-0.130920153264833,0.897602249966277,0.984405675544383,-5.12045141401499
"GUK1",0.00847154541899897,19.473023168483,0.115975178880589,0.909231888951805,0.985471838577121,-5.1217386575309
"HAGH",0.149750705671106,21.5306041422196,1.95508474612635,0.0697364496071991,0.842341998928484,-3.98688119268928
"NDUFA9",0.115540891063148,21.0215600757646,1.56450234209421,0.138835660311435,0.842341998928484,-4.35638951681707
"PCK2",-0.153612860712087,22.2458274762929,-1.56299358512692,0.139189327624713,0.842341998928484,-4.35772769231266
"HADH",-0.0139342542573715,23.2791248559355,-0.238659101902763,0.814644400859421,0.969233600523131,-5.10658783670852
"CYP51A1",0.175636541654889,20.5034451483245,2.12903702137747,0.0504738519355932,0.842341998928484,-3.81051808310653
"UGP2",0.0162695074234414,22.2725804250942,0.316845973713672,0.755787759190291,0.963360829111366,-5.09152252958348
"DGUOK",-0.265121281842887,17.4417832464908,-1.35986979598928,0.194236819587173,0.842341998928484,-4.53023949571264
"ATP6V1F",-0.011796417874006,16.8573695047522,-0.0335638385604447,0.973680402788332,0.995345796131194,-5.12604067299005
"PFKFB3",0.109440532989346,17.0692075423649,0.928323486582987,0.36813974291955,0.892975750565936,-4.83669474311444
"UGT8",0.0400556136870982,16.1234322441466,0.294282029749696,0.772631372590767,0.965123719872848,-5.09629914466508
"TXNRD1",0.0811267683049657,22.6776901736808,0.702922757871191,0.493018208057218,0.916016829726497,-4.95760928038206
"TPD52L1",0.135816662838977,20.6309555749001,1.36544641970229,0.192517076588318,0.842341998928484,-4.52571829979046
"IMMT",-0.0900788670672021,21.700946987316,-1.04234057428828,0.313989355144893,0.878437682691824,-4.76468627897083
"FAM98C",0.0140377068479438,16.9715780713046,0.0687494268115977,0.946109732469458,0.991836338916264,-5.12478375581078
"GEN1",0.187311567656533,16.5898174968599,1.35408189741178,0.196034852619996,0.842341998928484,-4.53491837280115
"CPEB4",-0.274490812698943,16.0547042765033,-1.62245858902198,0.125817777483459,0.842341998928484,-4.30440274294116
"KNOP1",0.112378552988638,19.4867845912062,1.18705341551706,0.253919133830524,0.850763184094445,-4.66368490304727
"HNRNPUL2",-0.00696385302734726,23.3827579880583,-0.0584746238148963,0.954153136096504,0.993062586116823,-5.12524025334122
"LONRF2",0.0650195026949483,17.8188377036698,0.657729504649457,0.520815824717513,0.920721460254424,-4.97821600712573
"TMEM132A",0.0100753375278515,16.5532981363574,0.049405945735332,0.961256667416133,0.994140555635692,-5.12558194002828
"INF2",0.0223230639439009,20.0284913347931,0.36931443402259,0.717126102445713,0.954180921097348,-5.07907968441616
"MICB",-1.43591735883176,17.2544938572026,-1.82026455387967,0.0977433954231299,0.842341998928484,-4.14578650919541
"MICA",-0.0935903387978989,16.7898019418114,-0.595925298134628,0.564742736135942,0.929022143808322,-5.00140614662947
"PDS5A",0.0327975599959629,20.0324278018316,0.618220825127104,0.545830922865401,0.92552891980847,-4.99519342966672
"RFX7",-0.353177597997984,14.5963175940284,-0.542939974872378,0.597550119023127,0.933531465418893,-5.02335222912275
"QSER1",0.253248810147987,17.275660794804,2.54401627597665,0.0226425231410643,0.842341998928484,-3.37242858385213
"CLEC16A",0.0551336729652654,21.1697968013035,0.408716527334638,0.688619788768956,0.948559449659011,-5.06850688648709
"AAK1",-0.214746687825762,17.8425137099096,-1.77213672706272,0.0969604386671009,0.842341998928484,-4.16524614461285
"WASHC4",-0.0385453131427766,19.3370868528366,-0.724593240135846,0.480005860393913,0.911462804536586,-4.94728499199268
"ERCC6L",0.0230116606969446,18.9850908371988,0.377851158008911,0.710907489556727,0.954180921097348,-5.07687943197226
"TSR1",-0.0186620642209974,20.5489837211537,-0.302180714652782,0.766721164723683,0.963360829111366,-5.09466650815056
"RALGAPA2",-0.0761557361625833,15.4977642707272,-0.325648851500754,0.74925061036067,0.961031568617505,-5.0895651034999
"DPY19L1",0.0560046831058187,17.856309402502,0.341911503424429,0.737226234326956,0.958217861269429,-5.08581063193895
"TYSND1",-0.227355629190715,17.0964890248371,-1.78791683478101,0.0942864601083127,0.842341998928484,-4.15019638027387
"IAH1",-0.271670411433536,19.7465746746308,-1.49109453325085,0.157200968153847,0.842341998928484,-4.42079905777863
"ALG11",-0.0311569575949413,16.6084029810208,-0.25299711439079,0.803752326659421,0.968763141778022,-5.10413864954566
"QRICH1",-0.265438284585041,18.7485695750252,-2.60877475514095,0.0199201145321908,0.842341998928484,-3.30276554540863
"SMU1",0.131530850948533,20.7100641067292,1.41635055462744,0.177384526962766,0.842341998928484,-4.48386345859127
"ATG2A",0.0250589603483036,18.3035720949646,0.351393287735428,0.730247937199819,0.958217861269429,-5.0835389938525
"AP5B1",-0.106194367400516,17.5721738290482,-1.39822619096709,0.182656723838064,0.842341998928484,-4.49888539446633
"CTU2",-0.059468935194392,19.6291569295914,-0.666114599475999,0.515591665339939,0.920033648609936,-4.97448777469562
"LRRFIP1",0.0891813999783153,19.5701335077302,0.751517399089816,0.464130211814602,0.911462804536586,-4.93406242158315
"PGS1",-0.0445010114991859,17.6452594907113,-0.561063843518816,0.583153443534264,0.929790176756083,-5.0180132651755
"C18orf21",-0.322125427238344,15.1971680038914,-1.07094864261552,0.301354575559606,0.87771037337981,-4.74554736987815
"P3H1",-0.090669801793176,18.5542669663855,-1.19567800628081,0.250637079118234,0.850763184094445,-4.65734450743386
"TRMT5",0.134025342614667,19.1292089911519,2.29516230107026,0.036784697498245,0.842341998928484,-3.63742337742081
"EML3",0.0559720196473279,18.9034410113536,1.35459301027275,0.195875533417805,0.842341998928484,-4.53450575407462
"NDUFAF6",-0.101364313690471,17.6592659598245,-1.3177483346765,0.207631098903585,0.845870884257909,-4.56396935798877
"LRRK1",0.103623770907344,20.5955654392585,1.46334175600731,0.1642962158224,0.842341998928484,-4.44431697745496
"POLR1F",0.0396225516092521,18.8257347193277,0.431323595106847,0.672452477453032,0.945401575782756,-5.06198702527096
"EDRF1",0.162597316271061,18.2391539369081,2.33718508222644,0.0339203897643652,0.842341998928484,-3.59307444702288
"MAP7D1",0.0439064191923428,18.8787696115798,0.587094195263865,0.565993530919075,0.929022143808322,-5.00787805900963
"UAP1L1",-0.0355513345070548,19.8107600155422,-0.511643570130293,0.616452390691687,0.937823009875541,-5.03605786209499
"C2orf76",-0.193632995612028,18.652142373885,-1.19891969731142,0.249411950313714,0.850763184094445,-4.65495235495089
"ALKBH6",-0.0229873868184605,16.8362410071253,-0.194265191702081,0.848610735834529,0.975701677811386,-5.11327318708321
"TKFC",-0.0415219383050207,21.0947161132534,-0.729806314456917,0.476906683501571,0.911462804536586,-4.94475890218117
"LSM12",0.165172172798997,20.775715482015,2.18806908911001,0.0451424630150102,0.842341998928484,-3.74946027748678
"TBC1D25",-0.25860413489546,14.840766436771,-1.1807405518144,0.256342326959279,0.850763184094445,-4.66830363813363
"TMEM30B",0.0413690678468441,17.473348866314,0.409916570388543,0.68774165589664,0.948559449659011,-5.06817821856673
"PUS10",-0.157163470961864,15.7777435918054,-0.41856491480315,0.682045863112511,0.947983628026866,-5.06543157577568
"ADCK5",0.184426558802297,16.1909580625766,1.34325803910796,0.199433424140711,0.842341998928484,-4.54363084666224
"HSDL1",-0.038589725714619,21.2007731977897,-0.575697504960547,0.573473562643496,0.929763305957504,-5.01236870554733
"ARL13B",0.0681889269222733,15.2743404321242,0.27348013383966,0.789214566821223,0.968408605409542,-5.0999983853355
"ALDH1L2",0.1006885822122,18.1258307308201,0.660116861566203,0.519325371474565,0.920721460254424,-4.97715896177814
"GON4L",0.0679237009154328,17.6938461917643,0.388125084983787,0.70345151469207,0.9516081755383,-5.07416651172513
"RABL6",0.121953131949084,20.6069978009055,1.43540608461043,0.171976991452456,0.842341998928484,-4.46792994920598
"VMA21",-0.066124177836862,17.9753003548206,-0.156737156368508,0.877798996733297,0.982823192403566,-5.11780391508139
"TUBB8",0.617162088984056,14.8179862618935,0.827533738929347,0.430739171678283,0.902043681327841,-4.88870109686839
"TIMM50",0.0705853955857947,21.963593100115,1.20830837055159,0.245889765116429,0.849389846357638,-4.64799649037723
"LGALSL",0.121958362668803,16.3661748119012,0.253299977518729,0.803857094793354,0.968763141778022,-5.10395444639217
"CFAP100",-0.175002126152844,18.9832158432643,-0.388079624679865,0.703656512328942,0.9516081755383,-5.0740856964323
"GLYR1",0.0985901915540488,19.9299312686634,0.743814578785653,0.468638924236184,0.911462804536586,-4.9378897978193
"C8orf34",-0.110328090531656,17.5567924823009,-0.686009527144007,0.503317531524663,0.917812698368546,-4.96546822089216
"C5orf22",0.171135876330109,18.8342963403201,1.45228206058957,0.167302288968118,0.842341998928484,-4.45370109024413
"COX19",0.219732197512595,16.1522044968511,1.0062212121695,0.330484934767663,0.881865999934032,-4.78824562678269
"VPS26B",-0.0121706155029493,19.3547980151084,-0.247970390251525,0.807566289530451,0.968763141778022,-5.10501338534205
"CCSMST1",0.177337951603125,15.8995700700291,0.527698604492623,0.60556105788021,0.93576507229995,-5.03035154684502
"LARP7",-0.0084438186973621,20.0311297568989,-0.142830148233928,0.888351546081282,0.983360786433286,-5.11931435841294
"NADK2",0.0984714597226848,19.7978811360939,1.32319124967664,0.205859690425343,0.843753658848491,-4.55965297785982
"GXYLT1",0.154894982098298,18.0748937458183,1.58108509635484,0.134998592402861,0.842341998928484,-4.34163016733394
"ACSF3",-0.036146180623696,19.786011211593,-0.502227204434844,0.62290038462116,0.938315260595475,-5.03931655195741
"PREPL",0.0953173363307478,20.3514297357618,1.50868726931672,0.152437291739248,0.842341998928484,-4.40536185436951
"TBC1D10B",-0.112053617407661,17.7608971754738,-1.26832761698435,0.224277878047736,0.849389846357638,-4.60257472587116
"TPRN",-0.0139683034517937,18.9021406337253,-0.198116328563984,0.845650792171158,0.974829174801071,-5.11274712726345
"ANO6",-0.0899804019852315,15.8951614959375,-0.407833315549392,0.689655696879615,0.948559449659011,-5.06853116913859
"PLCH1",0.0609733720192871,19.5971756380314,0.582695639376092,0.568874318665299,0.929022143808322,-5.00962102540089
"DNAL1",-0.206722181557604,13.9508438633433,-0.699200294036288,0.502500112769708,0.917812698368546,-4.9546732528863
"ARID4B",-0.145094591076379,16.8227696424543,-0.71767497114623,0.484137444763072,0.912339235597303,-4.95061198233319
"MRPL51",-1.11426814091142,18.2188369698749,-2.55042989687988,0.0227680959140197,0.842341998928484,-3.37426391878798
"GRIPAP1",-0.042204722201248,18.4364470976877,-0.52011833324117,0.610676953961231,0.936335994482148,-5.03307572138861
"MIX23",0.261960756018723,19.7653176834172,2.08667997624952,0.0546515599853985,0.842341998928484,-3.8539795870956
"FLYWCH1",-0.194423444547461,16.8072151578081,-1.14591316174653,0.270030088828542,0.858604202731194,-4.69344374870828
"TMEM259",-0.0835381007706353,18.0961559141386,-0.897806794782818,0.383667978186904,0.896165645127745,-4.85477197551999
"PAN2",-0.0758090464623429,16.7486996816798,-0.740062260700981,0.470844942562734,0.911462804536586,-4.93974136101664
"FAM98B",-0.396435951847479,19.9479415622404,-2.6146097564959,0.0198112664848119,0.842341998928484,-3.29947370472881
"EPC2",0.246405350158943,15.3115363970732,0.734858389652643,0.473914791080543,0.911462804536586,-4.94229517939708
"ARHGAP29",-0.185031168796673,16.4961783462947,-0.525503177508899,0.607111532834162,0.936335994482148,-5.03109960305804
"PDCD4",-0.227714562880749,19.12767977636,-2.03614259790245,0.0600510823713166,0.842341998928484,-3.90541807546976
"FNDC3B",-0.0212496003814415,17.5014924047522,-0.229877609822525,0.821335135785981,0.970967448020595,-5.10801805786255
"CRTC2",0.199777359211712,16.5007476840308,0.780966379924773,0.447140268319829,0.911232025204671,-4.91910363647072
"GPAT3",-0.393408064516628,16.4372152677339,-2.16586133434001,0.0536166227321512,0.842341998928484,-3.82339290600737
"CEP55",-0.0600863729262695,15.2827550125085,-0.366572419906665,0.719127961609942,0.954180921097348,-5.07977600573068
"NCBP3",0.021483909829481,19.3487295849944,0.196759606987529,0.846693282292631,0.975356740834768,-5.11293362338742
"TP53I3",-0.026772743954627,19.6866090139886,-0.233132631405224,0.818853386770693,0.970431456911451,-5.10749411121672
"HIKESHI",0.0671082743372295,19.4822458261346,0.485029452577763,0.634759313129038,0.938925721121189,-5.04511878997082
"PHLDA2",-0.000293220493809088,19.395470274434,-0.00344254905589262,0.997299242677645,0.999742128090196,-5.1264304420316
"HSD17B12",-0.00736579760091516,20.8828036999663,-0.10285429903688,0.919459914955325,0.985937788833006,-5.12274061878211
"GLE1",-0.0653909672155635,17.7800041178102,-0.960087113359067,0.352441656407052,0.886955557373768,-4.81733457199501
"USP39",0.0372659962529873,21.1717354808719,0.858771462357032,0.404167268094432,0.900408026538814,-4.87713537831619
"KLHL22",0.0590033261860476,17.8196898034288,0.905810168969308,0.379553214597536,0.893756828005623,-4.85008104324034
"AGK",0.168402108314101,21.0505104865844,2.00972969042886,0.063063350233496,0.842341998928484,-3.93210941877875
"SETMAR",0.116112351798055,16.8453108698031,1.01332787891568,0.327191244347724,0.87870080154737,-4.78366413472404
"TRMT12",-0.00888308231719037,17.4784904727467,-0.0567627692506104,0.955493749612914,0.993287371241483,-5.12530914802448
"LACTB2",0.154759393187991,20.010397094377,2.67117540274822,0.0175964808353118,0.842341998928484,-3.23548157718001
"PYCR3",0.0630375080145029,21.0191972988459,0.623245219798532,0.54261349659843,0.925464328596667,-4.99308859993146
"EIPR1",0.0139702881660071,19.0637616060339,0.150160183420383,0.882666423669425,0.982823192403566,-5.1185655543805
"CDCA8",0.0448136659677196,18.9870525536875,0.416328533187396,0.683146952997834,0.947983628026866,-5.06635580688686
"SMUG1",-0.0498468763867095,16.4739602882457,-0.324482915439888,0.750115322580785,0.961246466938498,-5.08982738702303
"SOWAHC",-0.014687368487138,15.8984743201087,-0.0853128140911741,0.934472318290171,0.988634971821529,-5.12370432386736
"FASTKD1",0.21752290389961,17.1449922672088,1.34357451541458,0.199333383917022,0.842341998928484,-4.5433767997357
"ANKRD39",1.18273875274387,16.1024420052456,2.60920076982951,0.0201658129548987,0.842341998928484,-3.30872898979565
"COBLL1",-0.108820943294576,15.6014839445812,-0.991579058026913,0.337345544440248,0.882084620678191,-4.79760095485816
"HS1BP3",0.0122094188680073,19.6276277819094,0.152400261453581,0.880930350616455,0.982823192403566,-5.11832927360465
"WDR81",0.0591507691619277,17.0919817614944,0.64659145918212,0.527801466677567,0.923174371936723,-4.98310079653007
"ACTBL2",0.642546668296088,24.0191549172275,1.07308832624313,0.300955966509891,0.87771037337981,-4.74393167428697
"CCDC93",0.0378572942634676,19.0764436515122,0.628913083028111,0.538996580400907,0.925464328596667,-4.99069517819679
"MPV17L2",-0.0683449602954944,17.3837294011093,-0.414381549049558,0.684540769368641,0.947983628026866,-5.0669120779749
"SPIN4",0.0534031598480631,16.1989352776921,0.437486957923353,0.668077731730321,0.944349207216172,-5.06014801541984
"EAPP",0.257240086263199,17.0966023518156,1.30863090390576,0.210625700019363,0.846423796376897,-4.57117130496343
"OCIAD2",0.10941525346615,19.7835453508674,1.96981039274514,0.067877837167174,0.842341998928484,-3.97218298972044
"SFT2D3",-0.189735925248382,18.3423408697856,-1.34651355681711,0.198406265484546,0.842341998928484,-4.54101552131681
"PAN3",-0.0454155112472776,16.988064217801,-0.281256697331631,0.782409326332516,0.966732684376251,-5.09889843459627
"HSP90AB4P",-0.775232081320617,23.5398978450634,-2.26866602929058,0.0392201069216315,0.842341998928484,-3.67084577159391
"HSP90AA4P",0.313863179625731,21.7462116557162,0.25262236615788,0.804144781605027,0.968763141778022,-5.10416217197804
"TMEM41B",-0.0423859215276465,18.133039411175,-0.503277123285969,0.622179840159803,0.938315260595475,-5.03895607118277
"TMEM97",0.0511872291254321,21.2256379048833,0.449671344550406,0.659465932144734,0.942033668808892,-5.05643838869531
"TMEM128",0.258886983997709,18.5334646160366,1.77281236414455,0.0968445931118585,0.842341998928484,-4.16460317434787
"ALG10;ALG10B",-0.442446730523354,17.8770842702563,-1.9577888649135,0.0695839187693541,0.842341998928484,-3.98511350845572
"FAM133B",0.204241165560124,18.1897525893017,0.694903182908175,0.498112138246043,0.917726054591985,-4.96121034952417
"ZNF326",-0.0435279789914951,18.3277518440424,-0.363731870259817,0.72120400448906,0.954180921097348,-5.08049200967411
"NOM1",0.148574469537785,17.8980198251536,1.68137864939882,0.113672918917081,0.842341998928484,-4.25043193791859
"DALRD3",0.11631585997816,14.9382607459656,0.55316080424538,0.590485303075677,0.932117240136735,-5.01967833276838
"MEST",0.162537860038352,18.2219312646889,1.55923649759261,0.140073352391159,0.842341998928484,-4.36105658236187
"RILPL1",0.00293661181551741,17.1144740184456,0.0209369397445182,0.983575745313178,0.997543228069567,-5.12628144723567
"PDZD11",0.0411827975048737,17.8958370416793,0.195745477489251,0.847492244092846,0.975701677811386,-5.1130661020867
"DNAJC21",0.180587921696368,19.0520933331657,2.08580223999253,0.0547414053697852,0.842341998928484,-3.85487693597415
"PRRT3",-0.516667870951906,16.893806805005,-1.38198952833539,0.20226637492361,0.842341998928484,-4.51886171862168
"HERC4",0.0564580231597525,18.4215837423141,0.604691859167068,0.554546003408931,0.925769867052297,-5.00078197877034
"PIGG",0.0107531991422363,17.0607821485868,0.0861574242429405,0.932496574133219,0.988634971821529,-5.12384222162051
"CT83",0.215399304290731,18.9950043930222,1.89239042026553,0.0781750896990633,0.842341998928484,-4.04892023453691
"TFDP3",0.17298298088232,14.9388840276039,1.05080722714328,0.310210534637672,0.878437682691824,-4.75906577061416
"PPP6R3",0.125429482699236,20.3285554755075,1.66749809379511,0.116438660118709,0.842341998928484,-4.26324456899082
"FSCB",-0.130935918505209,11.8398208385548,-0.408431018015577,0.68880800459975,0.948559449659011,-5.0685965300649
"MTX3",0.0908789598273501,17.2885959344622,0.634008419772538,0.53575643886629,0.925464328596667,-4.9885263337296
"RABL3",0.0857066132171695,21.0032490174462,1.12331478311893,0.279203371475561,0.867594757942038,-4.70944312703468
"COQ5",0.091493585407818,19.0784175841139,1.38462289306678,0.186697452840706,0.842341998928484,-4.51007376080777
"EMC4",0.060714128866028,20.9123171313258,0.5074631645549,0.619310996874742,0.938315260595475,-5.03751168751478
"NOMO2",-0.149737474058956,14.8074668237032,-0.46168495146059,0.651023346449175,0.940958728523278,-5.0526846665432
"EARS2",-0.0521981971535119,19.1967178682544,-0.959758307411961,0.352601729599045,0.886955557373768,-4.81753779465625
"C3orf38",-0.155307066794659,17.8433990457827,-1.51647340111576,0.150475026770058,0.842341998928484,-4.39859691757869
"EEF1AKMT2",0.155812537334256,17.7309685363206,1.03123313552119,0.318997334014109,0.878437682691824,-4.77200367110849
"MIA3",0.20179755243079,17.7862219091674,1.5322917152807,0.146553891792088,0.842341998928484,-4.3847860482211
"PITRM1",0.0552774739592472,21.5024948055687,1.05742199674818,0.307281383988682,0.878437682691824,-4.75464897486226
"NHLRC3",-0.0877710121950592,17.2685663009193,-0.483831816765551,0.635589077582282,0.938925721121189,-5.04551564656486
"PSMG4",-0.0585305585126434,17.9093997718606,-0.273486725707329,0.788296772380627,0.968408605409542,-5.10037858766721
"WDR44",-0.185207159365678,18.7487383916503,-1.99460907174904,0.0648491765723835,0.842341998928484,-3.94732701571248
"PRRC2B",-0.0142999979275373,18.1395704918416,-0.111702057182561,0.912561153346199,0.985471838577121,-5.12207813389883
"RRP12",0.0875213794566854,21.8010204898123,1.45574675598573,0.166355700274053,0.842341998928484,-4.45076632113557
"COA6",0.131039550714014,18.9058795036813,0.573613716472628,0.57502789071751,0.929763305957504,-5.01306369991558
"TOR1AIP1",0.160652089572981,20.6798111627237,1.83056828352485,0.0873828899325992,0.842341998928484,-4.10918571650124
"CEP78",-0.331319153233434,16.6420111901923,-2.16443493230044,0.0472109524246382,0.842341998928484,-3.77397030446387
"AARS2",0.0257925477563106,18.9166736804456,0.491933147858569,0.629986089211825,0.938594368330039,-5.04281282496153
"TOR2A",-0.0682259990811716,17.8126196463113,-0.593129987017441,0.562053075063918,0.928988740446782,-5.00546631004542
"TEX30",-0.650825505164931,16.0557172461455,-1.77043996980536,0.0974625232161075,0.842341998928484,-4.16744260258223
"PCID2",-0.0513517968300512,19.6279603620841,-0.574847018710972,0.574033834963663,0.929763305957504,-5.0127005043175
"GNAS",-0.0058009738430016,22.5083580048375,-0.0987317888583022,0.922676635907274,0.986084669120459,-5.12303067188263
"SLC27A3",0.0140628315681717,19.2010945240423,0.219789167296724,0.82903937561514,0.972181095452472,-5.10959558391614
"SPECC1",0.132926109439641,16.4796910316185,0.801681746479394,0.435425943851049,0.903710431392176,-4.90827388105815
"PPP4R3B",-0.142973517573168,17.8539280697428,-1.64343238940143,0.121372094396892,0.842341998928484,-4.28531660251466
"WDR45B",-0.131853493529537,17.8747148864443,-1.31348205173051,0.209028083365454,0.846423796376897,-4.5673437788261
"WIPI1",0.200812109693292,17.7690929383297,1.44818242578671,0.168428112410321,0.842341998928484,-4.457167750636
"EOGT",0.0425134827396647,15.9300713763996,0.232663040436897,0.819211297330511,0.970431456911451,-5.10757014951853
"SAMD4B",0.00829822630807087,16.0849230089206,0.0675959515073696,0.947012419849372,0.991836338916264,-5.12483867469755
"BRMS1L",-0.0808119938488439,17.240518317796,-0.534887373698452,0.600675863718956,0.934665864553823,-5.0277674270905
"TBCEL",-0.165998413162839,17.3895496915462,-1.35909390609826,0.194477074974124,0.842341998928484,-4.53086752293451
"DNTTIP2",0.0782334690991,17.7570677892013,1.04503242707101,0.312784323335973,0.878437682691824,-4.76290332325983
"RABGAP1L",0.0547858384498063,17.3257069514028,0.609028827949013,0.551744048455546,0.92552891980847,-4.99900303479152
"TTC38",0.0575642175973243,17.1147740374673,0.621820212904453,0.543524954379301,0.925464328596667,-4.99368717858731
"COX20",0.104879736233734,20.1528102694343,0.714017864825905,0.486416857033102,0.91405766851174,-4.95230278485497
"EXOSC6",0.173332086677863,20.3986425844255,1.66071723912037,0.117810846083296,0.842341998928484,-4.26948205572606
"PPM1L",-0.0767364758535187,16.830178273486,-0.455029233320927,0.655694656176074,0.940958728523278,-5.05477605513301
"TMEM201",-0.0268899323509935,18.6857930701529,-0.247543211324457,0.807890640601344,0.968763141778022,-5.10508692158202
"C6orf136",0.00322600640828341,15.112782586101,0.0177833484295533,0.986049317953008,0.997746343106665,-5.12632410377939
"NUP188",-0.0499730582043298,19.7597078842058,-0.877046407889903,0.39448146564046,0.897167192888407,-4.86677275071894
"TTC39A",0.0845236332602113,20.0717075458804,0.895517998401217,0.384850239199508,0.896341048011413,-4.85610690437336
"MANEA",-0.201524777328352,17.3241916184252,-1.33614586743983,0.201692320283105,0.842341998928484,-4.54932894624067
"HP1BP3",0.00363957617294375,21.933313273749,0.0509109744093414,0.960077520615962,0.9941266553382,-5.12552920779746
"VARS2",-0.103586302939611,18.332202065592,-1.67075808990257,0.115783905752221,0.842341998928484,-4.26024072250934
"ZBTB41",0.0460465605944442,14.4376461815926,0.148334814182058,0.884813422796216,0.982823192403566,-5.11857823671906
"SLC25A30",-0.233483779154419,17.3015071576723,-1.48456197256075,0.158654190910161,0.842341998928484,-4.42618232170724
"ZMYM1",-0.0888848116692493,16.2700394618438,-0.974384935173465,0.345530118976989,0.886421458442757,-4.80844117789833
"CEP170",-0.116415493659144,15.584316952454,-0.520714970622952,0.610271353521211,0.936335994482148,-5.03286401669809
"LDLRAP1",-0.0127601102801691,17.19950795649,-0.0879674658236159,0.931082285437316,0.988634971821529,-5.12373219276418
"PPP1R15B",0.214690442716829,15.4298787017812,1.22040269933612,0.241409427972742,0.849389846357638,-4.63897583424207
"ODR4",-0.17695139061604,18.9952304005716,-2.44171368754278,0.0276814281188417,0.842341998928484,-3.48198895655566
"SNAPC4",-0.275994769037656,17.9208958445695,-1.80346810075591,0.0917152651764482,0.842341998928484,-4.13529899925075
"DNLZ",-0.106349718998224,17.960921450922,-0.34829907784339,0.732625804203902,0.958217861269429,-5.0842351080466
"NOL9",0.0996967285284178,20.3611098250242,1.5537836170963,0.141364863563606,0.842341998928484,-4.36587928910821
"FREM2",0.143697408938451,18.426175176277,1.94790015296724,0.07065988363269,0.842341998928484,-3.99403539052782
"SZT2",-0.424490298437924,13.2629705404626,-1.45463142749035,0.168147917102655,0.842341998928484,-4.45284503069271
"TPRG1L",-0.10537745115931,19.0013988037038,-1.12450976737397,0.278712503848534,0.867594757942038,-4.70860334266911
"CC2D1B",0.0452459171176862,18.7433584911596,0.702258591797435,0.493420289336066,0.916016829726497,-4.95792119204895
"FNBP1L",-0.182213514732684,17.245221700398,-1.21066764088671,0.245010756364071,0.849389846357638,-4.64624211841848
"FAM83B",0.05698035264259,18.2525055926195,0.559442584800696,0.58423103345177,0.929946367014259,-5.0186301902314
"RARS2",0.105935975193908,19.0105075500093,1.30169283855751,0.212927519539313,0.846423796376897,-4.57662776594046
"THEM4",0.0912135040395974,17.8232553576234,0.488277890702007,0.632511232306326,0.938733993165069,-5.04403763590995
"FKBP15",-0.00522925215073045,19.5887226873321,-0.0638001420342289,0.949983470122831,0.992530218964564,-5.12501284448263
"DDX59",-0.00691557328186221,17.5573053837765,-0.0924893671360642,0.927550126674538,0.988132688445519,-5.12344733420625
"ZC3H13",0.00298902731979567,18.0270658618462,0.0333257703073466,0.973860292512113,0.995345796131194,-5.12604661496549
"SPOUT1",0.116072006846128,19.6394605685243,1.43165892213405,0.173029477083937,0.842341998928484,-4.47107439515569
"ARMH3",-0.0303487441222501,17.1260247859146,-0.303835293601958,0.765485004550219,0.963360829111366,-5.09431912344364
"PDSS1",-0.130428973795775,16.5040440346443,-0.752136740375732,0.463768852163169,0.911462804536586,-4.93375314050866
"MPP7",0.0339385288973055,17.7308023476494,0.317369646144189,0.755398325851949,0.963360829111366,-5.09140755754037
"PDZK1",-1.44398027496109,18.6101639396944,-2.17999200771232,0.0533787380173747,0.842341998928484,-3.81793380718486
"TMEM63B",0.070810261111955,18.4280151727898,0.782584085088502,0.446218400367586,0.910591296681605,-4.91826701260654
"GPATCH4",0.107072944584651,18.9777625965789,1.18737177426212,0.253797399346864,0.850763184094445,-4.66345148182572
"LRIF1",0.0294278743661067,16.9919690281004,0.237648134603078,0.815413921146137,0.969323669487734,-5.10675519375926
"ABCC10",-0.0652102751108394,15.1579093503407,-0.456954526510653,0.654341850036901,0.940958728523278,-5.0541740853882
"IBA57",-0.0932180208912037,19.7985988664747,-1.41072148059809,0.17900842566986,0.842341998928484,-4.48854295554994
"HECTD3",-0.0131379639208582,19.036413485977,-0.128704828385493,0.899324671052998,0.984405675544383,-5.12065203441757
"CERCAM",-0.356910389110638,16.5321732029745,-1.6210397647878,0.126123510848658,0.842341998928484,-4.30568874003059
"ZFYVE27",0.0516743426601067,15.9399995838871,0.236220779513213,0.816500718920548,0.969686015513223,-5.1069902830095
"UBR4",0.015543254181452,20.7085071536062,0.426858782831919,0.675629271717677,0.946079528049669,-5.06330347289416
"STXBP5",0.0464008334834425,20.18196042634,0.393504609483833,0.699559960222703,0.950575056817699,-5.07271776090913
"BEND3",0.0445790583189698,17.049498600073,0.33114052775336,0.745182425842875,0.960286183316858,-5.08831731711535
"CAMSAP1",0.0500656441404459,17.5805954302057,0.655607042725531,0.522142941373124,0.921177429802888,-4.97915279624707
"MRPL2",-0.00790785818473339,20.9105039085799,-0.130346053739967,0.898048563126192,0.984405675544383,-5.12050373226782
"UBAP2",-0.0637309037035223,17.7946332629572,-0.480756085544485,0.637722366773529,0.938925721121189,-5.04653053401908
"C9orf64",0.00761408335822722,20.6364844200498,0.114916801954247,0.910056327615762,0.985471838577121,-5.12182392424151
"ACBD5",-0.130697702609694,17.8067212435547,-0.923257742445579,0.370687143270716,0.892975750565936,-4.83973124824684
"FAM102B",-0.211876505214434,17.5141772918158,-1.38180748716419,0.19496031357024,0.842341998928484,-4.5158067526403
"HENMT1",0.0831480090656029,17.5632730231688,1.2555142782907,0.228761724649267,0.849389846357638,-4.61240845529444
"RBM26",-0.0201131979392564,18.5567920391079,-0.211447477612723,0.83542345283298,0.973308054279073,-5.1108469705436
"ATAD3B",-0.137221576659314,18.4932635642746,-0.802659678003833,0.434893368182628,0.903541079664684,-4.90774688928384
"FAM102A",-0.053483601537593,15.9294763265226,-0.425536129746958,0.676571592704837,0.946604256487829,-5.06369091296239
"WLS",-0.0819159987390989,16.2764881058709,-0.502253138225992,0.622882581819303,0.938315260595475,-5.03930765646624
"INTS11",-0.112019031872872,19.0060091572083,-1.70341466080371,0.109399421493388,0.842341998928484,-4.22997075889827
"CPTP",-0.127411951232446,16.2382023982078,-0.656834557555947,0.521375176379773,0.920721460254424,-4.97861135003098
"DCAF8",0.0914434996825086,17.6428322879869,1.06346064992808,0.304625044792588,0.878437682691824,-4.75059730415425
"RNASEH2B",0.122252827480693,17.8812587094922,1.53214170074189,0.146590669505857,0.842341998928484,-4.38491744498713
"ATPAF1",0.00263327220955745,18.6713358369491,0.0384055426089488,0.969877828193869,0.994812193773581,-5.12591933544345
"RC3H1",-0.170134714595815,16.5074719472878,-1.05644716037739,0.307711786802305,0.878437682691824,-4.75530129917541
"OGFRL1",0.0742475919628021,14.2830880118709,0.182751319170115,0.857474071076609,0.976811736364764,-5.11478477971397
"MAGI3",0.0212429141286208,21.6708651751156,0.200324026488533,0.843955059605204,0.974829174801071,-5.11244093551307
"DDI2",0.0363073974060484,21.020450758771,0.565009086501588,0.580535470612429,0.929790176756083,-5.01650497627055
"NDUFAF5",-0.0920334454610199,17.0275533586899,-0.865296608085289,0.40069100098805,0.899243050380325,-4.87345712053648
"NT5DC1",0.00588234375930341,20.5276638778007,0.0515051071375302,0.959612061054929,0.994118447583944,-5.12550795556152
"AHDC1",0.187199817498328,17.0610878625094,0.282609791754712,0.782567026057167,0.966732684376251,-5.0981292831261
"ARFGEF3",0.0322258503450534,17.9564174361131,0.452101030225738,0.6577545482272,0.941624877813888,-5.05568690684395
"PRR14L",0.2319538443016,16.3039033001835,1.62589962359705,0.125078935761375,0.842341998928484,-4.30128113279393
"LIN9",-0.0140638090830194,17.3840486357658,-0.124948858537368,0.902246139951454,0.984405675544383,-5.12098437595071
"TMEM164",0.390195127660515,18.6779062122292,1.4839563915357,0.159252643023738,0.842341998928484,-4.42709626976178
"ASPHD1",0.0744435000469892,14.7920754265824,0.525215288586209,0.607216252298355,0.936335994482148,-5.03125973317313
"LYRM7",0.137857443428565,18.9779913813051,1.13814086747157,0.273159019684654,0.859600270986376,-4.69897451427909
"EMC10",0.123450765143183,18.1997562100607,1.05781320713492,0.307108783329431,0.878437682691824,-4.75438705460481
"RIF1",0.0827548707406542,19.7364671269671,1.65951349422892,0.118055895784261,0.842341998928484,-4.27058784293297
"VPS53",0.0310856441401413,21.1528041547806,0.447153832457683,0.661241256276224,0.942806111081549,-5.05721291775008
"MANEAL",0.128907900885128,18.3642107880451,1.28160584339061,0.219704796500873,0.847665896924723,-4.59230727161672
"STRIP1",0.0415090740870667,19.4319678471689,0.388078828025438,0.703485014448678,0.9516081755383,-5.07417888500108
"OBSCN",-0.0841432201025007,16.2713417566538,-0.313822950563884,0.75803719184994,0.963360829111366,-5.09218258815957
"CEP350",-0.142989335400262,15.0249752200133,-0.682455700312147,0.505497497133273,0.917812698368546,-4.96709726090349
"CDC42BPA",-0.0232103791978702,18.9165827980662,-0.22579354769646,0.824451768216373,0.971736007646946,-5.10866513015003
"RPRD2",-0.0347271258029771,19.950495912504,-0.486784532759327,0.633544246516635,0.938806505934017,-5.04453551750864
"MTARC1",-0.305299712383935,15.7387930945059,-1.10866378366263,0.285274417064152,0.87202202407069,-4.7196820409773
"RNF220",-0.142943734071057,16.8893105074937,-0.910346240970689,0.377234436899392,0.893575714592306,-4.84740651806531
"PRPF38B",-0.0329309910165811,18.6277248164154,-0.488577716705258,0.63230392621569,0.938733993165069,-5.04393749873851
"TTC39B",0.140888615158474,16.7362473982228,0.670205525729738,0.513053832882209,0.918865221019509,-4.97265304961959
"RNF20",0.0389227666480494,18.8665380493973,0.616820596766207,0.546729432627828,0.92552891980847,-4.99577718761111
"PDE4DIP",-0.368648928936523,16.8159936381207,-0.806003665065421,0.433274266062714,0.902798869645563,-4.90581975048829
"ZNF318",-0.0162437161798614,17.1424292723649,-0.150361002140936,0.882510762493917,0.982823192403566,-5.11854451443751
"ARHGEF16",-0.0531290985267638,19.8910961142898,-0.965087788707828,0.350013426508623,0.886421458442757,-4.81423663614456
"CDKAL1",0.131426413885244,18.4525773297189,1.85886419574569,0.0830546435448857,0.842341998928484,-4.08171934198646
"BROX",-0.0834783430485508,20.0760730509826,-0.877935986036049,0.394013970555146,0.897167192888407,-4.86626349513612
"FOCAD",-0.163433685271166,18.5828816519153,-1.73153786393904,0.104149462351098,0.842341998928484,-4.2036475701093
"GPR107",0.0711199589270883,18.8145289877715,0.696126638766298,0.497141673111488,0.917234421027085,-4.96078821373822
"TAF3",-0.634088928177459,16.4536625637878,-2.22007958651708,0.0424959934546649,0.842341998928484,-3.71633565912299
"SNX30",-0.0765125200535515,17.1973563015129,-0.660232392313412,0.519253306061878,0.920721460254424,-4.97710771880881
"TASOR2",-0.0756495561713919,18.6482692304698,-0.729961047468872,0.476814879749815,0.911462804536586,-4.94468367271169
"RSBN1",-0.0712606933941906,18.3579880164543,-0.815975335975864,0.427458057104262,0.902043681327841,-4.90065478724667
"LYPLAL1",0.00860406714848239,19.4154006121497,0.119814300881236,0.906242259930092,0.984936806124738,-5.1214228198469
"ECPAS",-0.0374463706223445,21.0292717496365,-0.67794460058986,0.508272556931077,0.917812698368546,-4.96915392141285
"TUT7",-0.258806329144097,16.7307986590528,-1.43491997118208,0.172113229693155,0.842341998928484,-4.46833818134793
"SLX4IP",-0.183587301567819,13.9551401198259,-1.41140328539066,0.17881108856185,0.842341998928484,-4.48797683320783
"DENND4C",-0.0141383947974631,18.485977194402,-0.138010319990569,0.892093249874234,0.984312614937316,-5.11978638791974
"NAA35",-0.0145393202805835,20.4401037972162,-0.220860670515621,0.828220223255097,0.972181095452472,-5.10943136289292
"CARMIL1",0.0588701139791148,18.3848130498714,0.721340335630146,0.481945844239184,0.911504459854973,-4.94885292132883
"ZMYM4",-0.207240447479599,18.0074407250066,-2.24900922141856,0.0401914527468705,0.842341998928484,-3.68589172680146
"BSPRY",0.00576968464698879,16.7679131456884,0.0392960814081012,0.969179741638201,0.994630468337478,-5.1258951652632
"FHIP2A",-0.00795482574040918,18.3191921877308,-0.114266584080401,0.910562877735471,0.985471838577121,-5.12187592145798
"ZDHHC20",-0.162185266829322,18.3416797860985,-1.14947941971701,0.268603513540401,0.856157940490957,-4.69089620339995
"SPRYD7",-0.0466489924744025,19.2203612793307,-0.544957994348823,0.593903543021955,0.933531465418893,-5.02406700402241
"TENT4A",0.183743016467181,16.225769478141,1.38139290697689,0.187667523398026,0.842341998928484,-4.51271935194159
"MICOS13",-0.0320676868890857,19.2456618616227,-0.191430764039235,0.850816271715005,0.975701677811386,-5.11364600946607
"RNF123",-0.00134326331381729,17.5177788012947,-0.0100483986781089,0.992116929770057,0.999742128090196,-5.12639930870769
"FBXW9",0.208906580471062,18.0114896892191,1.75886323034912,0.0992612384147012,0.842341998928484,-4.17785223928638
"CD276",0.189654269495893,19.587018133564,1.47554851051239,0.161030628222431,0.842341998928484,-4.4339058031545
"TRIQK",1.24302104403101,19.54409065406,1.45214134964332,0.171406727937732,0.842341998928484,-4.4568397376913
"RNF213",0.0489728324641234,19.7685956324536,0.997923355386321,0.334360589863032,0.882084620678191,-4.79356133026329
"KANK2",0.0599122804709786,16.1294053361233,0.300560479146613,0.767932302109712,0.964215393821549,-5.09500487438322
"WASHC2A",-0.596058926670562,17.4739532161776,-1.47685599927698,0.16112322818916,0.842341998928484,-4.43316662816801
"LPCAT4",-0.496544190540781,17.699663896093,-2.49308632781047,0.0250304344294973,0.842341998928484,-3.42705878354115
"STEAP3",0.0337766557123373,18.7949668050831,0.379493497442745,0.709713536760027,0.95366189714896,-5.07645051668139
"FAM91A1",0.0162119342913343,20.1243944626911,0.370630295484201,0.716166193202597,0.954180921097348,-5.07874373045108
"LARP1B",1.022142200262,16.7478378428342,1.61170136758847,0.128809212995616,0.842341998928484,-4.31517487394292
"TBC1D9B",0.0348301196354619,20.2637423603482,0.583432087265637,0.568391451148508,0.929022143808322,-5.00933005938572
"DCAF15",0.524820385489129,15.4240582392522,1.81532508096987,0.0897968208145581,0.842341998928484,-4.12389740181042
"MAP1S",0.03605431997061,19.3149714022661,0.531228629035463,0.603145820966471,0.9347876022965,-5.02909560819233
"PPP2R2D",-0.148049871656941,18.5727909371189,-0.841145821881035,0.413741356062426,0.902043681327841,-4.88689976417942
"ARL6IP4",0.0515069379136079,18.1938269207801,0.447912372897229,0.660706119077531,0.942594208803723,-5.05697998900338
"ATG16L1",-0.0178683233072476,18.7800300397641,-0.301733667084099,0.76705527320514,0.963360829111366,-5.09476004725792
"ARID2",0.0382619822832702,18.2661241585378,0.570318196934417,0.577022085492143,0.929790176756083,-5.0144595494345
"UTP25",0.0670908250760078,20.1078724317309,1.29706090950242,0.214475366856117,0.846423796376897,-4.58025895938028
"GLT8D1",-0.275578047913072,17.8306859949897,-1.48053828734558,0.159711410321292,0.842341998928484,-4.42963389508796
"TNS3",0.00910035746033344,18.9326982255786,0.144777120673425,0.886840855984078,0.983360786433286,-5.11911910447258
"HAUS3",-0.0628091930266006,15.8316343350192,-0.517620336885226,0.612376550347255,0.936335994482148,-5.03395957666553
"SPTY2D1",0.0970883094536887,17.8173505735195,0.927721391263653,0.36844188604051,0.892975750565936,-4.83705639106082
"MBLAC2",0.0330292295076511,18.3871458535473,0.610665233527491,0.550688825814507,0.92552891980847,-4.99832872633306
"LMBRD2",0.0229521567899944,17.9404051278233,0.287012852713849,0.77808345831096,0.966732684376251,-5.09776404740114
"ZFYVE26",-0.417299106930937,15.8897047612965,-1.59365223863993,0.133664006711982,0.842341998928484,-4.3325972378732
"MSL1",0.0925912987950852,16.140222723486,0.505056295421374,0.62095973192904,0.938315260595475,-5.03834356698982
"INTS3",0.0204196398735164,19.9136675821139,0.424614231996017,0.677228727527211,0.946729430287935,-5.06396027327059
"ARHGAP17",-0.018357560574163,18.6164363749842,-0.321959500084426,0.751987990625469,0.96184670484124,-5.09039188239493
"NCBP2AS2",0.27046204146972,18.8394326730415,2.7146542170462,0.0161345344267939,0.842341998928484,-3.18853791772013
"CWF19L1",0.120161609243727,19.5599771892304,1.8803846626969,0.0798921084683505,0.842341998928484,-4.06069680448281
"VIRMA",0.0281354045459103,17.6486193101151,0.362762974631133,0.721912651277168,0.954180921097348,-5.08073499115759
"SPECC1L",0.00857378019979649,17.5993470301722,0.090785958247616,0.928880516755335,0.98844437342078,-5.12355631446191
"HEATR6",0.00450921103838553,21.9790636198818,0.0848128387260213,0.933547328099214,0.988634971821529,-5.12392247751902
"ANKRD40",-0.0768658855794726,17.3171035548638,-0.370536893998134,0.716234312450969,0.954180921097348,-5.07876761530376
"BLTP3A",-0.111965951822423,17.8256219807623,-1.35561153622699,0.195558360534628,0.842341998928484,-4.53368317979304
"ZNF787",0.0446011494498109,17.5983943569268,0.206874287924017,0.838936624454768,0.974083960838905,-5.11150998839366
"ATL3",0.0174015331665949,20.7878601991506,0.350622437304354,0.73081434898888,0.958217861269429,-5.08372594299559
"RPL7L1",0.113246980060044,20.0212438435409,2.20582295805878,0.0436443688093136,0.842341998928484,-3.73099420821532
"TTC19",-0.204049057433924,19.0586653868296,-1.86356055208847,0.0823550943383407,0.842341998928484,-4.07714130825287
"IQSEC1",-0.0344766020920204,17.5365775702056,-0.33446101838631,0.742726428598172,0.959474826719289,-5.08755293311895
"CDC42BPG",0.00242410596163722,19.1407728376185,0.045636639721625,0.964210215040763,0.994164813684224,-5.12570706583065
"CIAPIN1",0.134386261431271,21.0192180853886,1.65787605444333,0.118389942001824,0.842341998928484,-4.27209130427906
"ZFAND6",0.186569835309715,16.526335102195,0.969357355458914,0.347949500764164,0.886421458442757,-4.81158094235768
"SMYD5",0.0231008174064726,19.7215670366401,0.162003795788253,0.873501115622683,0.981776234144474,-5.11727518005216
"PTRHD1",-0.0793723710795042,18.0335919549957,-0.542604742618977,0.595482609099667,0.933531465418893,-5.02493755594776
"OTUD7B",0.0452232374195844,18.9560943902051,0.725788924184794,0.479293955267243,0.911462804536586,-4.94670705274023
"RALGAPA1",0.101327313360681,18.1116135193137,0.958676919867942,0.353128541558407,0.887629706552621,-4.81820574709216
"THOC7",0.0532220518106108,17.6735131150119,0.429379855949145,0.67383469390224,0.945496050667302,-5.06256176354208
"SIGIRR",0.0913059336080941,19.2953034556455,1.36436841175418,0.192848551168079,0.842341998928484,-4.52659328522205
"NADSYN1",-0.0684595839707249,18.7478497174976,-1.01559545492313,0.326145268931114,0.878437682691824,-4.78219669607888
"ELP2",-0.0265713202000519,19.3525545280587,-0.378135820158539,0.710700488796871,0.954180921097348,-5.07680521910069
"LAMTOR1",-0.338151732266201,19.0494055147995,-1.0804029983211,0.297748453860951,0.87771037337981,-4.73898339209279
"DHRS7B",-0.0514699486510821,19.6000620207964,-0.617078430054356,0.546563923366792,0.92552891980847,-4.99566978908836
"TWF2",0.0559332962571943,20.1104820438453,1.04612645228088,0.312295535194977,0.878437682691824,-4.76217762455046
"GRAMD4",-0.15957079480895,17.3327208836268,-1.84525999519834,0.085111123771036,0.842341998928484,-4.09494988214869
"KIAA0930",0.0359450180453074,17.6455898966426,0.372363235013541,0.714902784761164,0.954180921097348,-5.07829951419797
"TANGO2",-0.069860113781786,16.9846372117166,-0.522269278908817,0.609768755772823,0.936335994482148,-5.03196311067973
"MRM1",-0.0886502829888478,18.5321059944566,-1.12150429266715,0.279948308449037,0.867982241808658,-4.71071412640368
"PPP4R3A",0.0300832275339218,20.1327291623718,0.556574554272867,0.586139808549609,0.931207111891984,-5.01971741104098
"ETFRF1",0.223930555350432,15.5647642549995,1.33593562917133,0.201759406135535,0.842341998928484,-4.54949706005952
"TYW3",-0.157371592984823,16.058169867724,-0.82347581957552,0.423314682280193,0.902043681327841,-4.89660913347604
"CENPP",0.165832047064713,15.753745674138,0.422023561423268,0.679136625417595,0.947983628026866,-5.0646801851905
"RAB12",0.125623493435306,19.7370870274762,1.65316727113883,0.119355118563167,0.842341998928484,-4.27641011869179
"PLEKHA7",0.0315836943337722,16.4258724895335,0.188683990700648,0.852904563666057,0.975701677811386,-5.11401736769509
"ADNP2",-0.00427537317493076,15.8364260338163,-0.0404709612722189,0.968258802287972,0.994596052769101,-5.12586243038858
"SDE2",-0.164504785666672,17.0115653377699,-0.5860559140543,0.566759243045374,0.929022143808322,-5.00823446728528
"GRHL2",-0.168172869355704,19.6955843383376,-1.90198622257596,0.0768266343524277,0.842341998928484,-4.03948306398925
"ACAD10",-0.125960292341166,16.4192052728097,-0.972274129292167,0.346544440360634,0.886421458442757,-4.80976104850702
"KRT80",-0.0368711984293064,20.0567968225735,-0.698926430383458,0.495440479118394,0.91680539145598,-4.95948200821381
"NIPBL",0.0202847757442406,18.9064596675143,0.467826570793866,0.646726232682213,0.940757100789874,-5.05072891792271
"SLC25A25",0.109545171476778,17.5805058923947,0.797647068547228,0.437692078090056,0.903961056574724,-4.91040293066671
"PDE12",0.094098700638785,21.3196073536035,1.31617537917343,0.208145287476098,0.846423796376897,-4.5652143963504
"OGFOD2",-0.559671401192695,17.4544152871068,-2.05682890008099,0.0580024476665366,0.842341998928484,-3.8857982299248
"NAA16",0.0116026841500236,17.7841280646509,0.140914931908074,0.889838033132814,0.983431554290737,-5.11950385792152
"MFSD5",0.17522796502876,14.0422360296994,0.443550573952878,0.663785900513597,0.944051057140379,-5.05831418864744
"ALKBH2",0.479624492417667,18.4134385010558,2.17429733310764,0.0465414344943666,0.842341998928484,-3.76550393130014
"MYORG",-0.0109673686277887,17.068134949215,-0.0967942264766489,0.924188967339272,0.986442336179245,-5.12316290472864
"LRRC8E",-0.0265263072423281,17.7725002609767,-0.311487853212712,0.75977628972132,0.963360829111366,-5.09268818764619
"CYP4F22",-0.370017870102153,13.6548065992982,-0.467839738179894,0.649472404259275,0.940958728523278,-5.04906771506978
"RHBDD2",0.07968700782083,18.328153928811,0.484865919183632,0.634872585017969,0.938925721121189,-5.04517303488689
"PWWP2B",0.247219697307454,16.5184174665956,1.79973627585118,0.0923265429503748,0.842341998928484,-4.13887980830948
"SLC25A24",0.00964757999058463,23.3824711662674,0.16148786858521,0.873893977125673,0.981776234144474,-5.11733499545042
"REEP3",0.00544449095676569,17.8068963548894,0.0435613790086325,0.965836579348803,0.994596052769101,-5.12577172138487
"RETSAT",0.176887337454669,17.7954592596168,1.31018149631559,0.210113990260556,0.846423796376897,-4.56994899769225
"RINT1",-0.00401517715631883,17.6122481426743,-0.0351932039720923,0.972396163417681,0.994854171486128,-5.12600191921683
"TMEM214",-0.0328918838890537,20.020979326247,-0.516538987707964,0.613112998486544,0.936529796885168,-5.03434092948509
"TCTN3",-0.00961039269054353,16.7078098154676,-0.0500581181944748,0.960745697341534,0.9941266553382,-5.12555928380401
"HIBCH",0.0489238360174191,21.245480118872,0.925756957273674,0.369428861518827,0.892975750565936,-4.83823493807193
"NEPRO",0.266021264895485,18.3858056847417,2.38385427129042,0.0309862125091642,0.842341998928484,-3.5436032258628
"ARMC6",0.105010456277789,17.7768106246671,1.0450012494945,0.312798260987205,0.878437682691824,-4.76292399520892
"ESRP1",0.00170483403906729,20.7029280449961,0.0188502618988396,0.985212448456251,0.997597951331661,-5.12631045002045
"TTI2",-0.157702786652123,18.5701125036388,-1.66767305801379,0.116403438079786,0.842341998928484,-4.26308343594275
"SLC30A6",0.113426725923581,18.2450358946884,0.774211164499497,0.451002710411062,0.91142481873976,-4.92258049602412
"TAPT1",0.0106472348471804,17.2824160021904,0.110445069340374,0.913540820317851,0.985471838577121,-5.12217557477144
"JMJD6",-0.010497674011841,19.9545292274198,-0.148712029838381,0.883789082742481,0.982823192403566,-5.11871644948844
"PPP1R18",0.130606245950879,16.3227817499208,0.910772383593825,0.377017094982613,0.893575714592306,-4.84715467121063
"MZT2B",1.22268510236485,20.0948897524885,2.85213196328035,0.0125504168614451,0.842341998928484,-3.05288735771916
"ZCCHC8",0.0476085165541704,17.8850182369224,0.370735583808728,0.716089407677059,0.954180921097348,-5.07871679882862
"RPUSD3",0.109331137351585,17.7965719960659,1.7539926761511,0.100117467972184,0.842341998928484,-4.18246557271443
"DHX57",-0.00030044275813168,18.4466168503201,-0.00537061436377986,0.995786644728009,0.999742128090196,-5.12642450582051
"MRPL54",0.180595487818145,18.9306697461345,0.607185286775931,0.553142470832896,0.92552891980847,-4.99962460027705
"LPCAT3",0.201184795035406,19.3795521140353,1.35269325499745,0.196532506935513,0.842341998928484,-4.53606291028534
"CDC73",0.00418633113828903,20.4888539645764,0.103353626217288,0.919070396516847,0.985937788833006,-5.12270468298009
"FAM117B",-0.165028000572836,13.7050246407559,-1.10942237860651,0.284957671099189,0.87202202407069,-4.71915449804699
"MRPL14",0.108471706104609,20.9630661393109,1.71657739920047,0.106914132127022,0.842341998928484,-4.2176794069704
"SLC27A4",0.0680433028680625,21.263173993528,1.00286397309156,0.332049109917964,0.882084620678191,-4.79040069735045
"LLGL2",0.0180667733203776,20.7310121972501,0.343094840147838,0.736354012804086,0.958217861269429,-5.08553044952937
"CC2D1A",0.0179452533674826,19.8798416196673,0.363486900025919,0.721383149907217,0.954180921097348,-5.08055350353131
"TATDN1",0.0374022449335492,21.7532541263435,0.415141740664176,0.683996418210225,0.947983628026866,-5.06669518496567
"LETMD1",0.343292767893161,16.9055883821013,2.44811259641277,0.0273372177516719,0.842341998928484,-3.47515762510766
"METTL2B",0.0248887010803145,20.0772983257754,0.233413727996563,0.818639161873456,0.970431456911451,-5.1074485221481
"DUS1L",0.67827605460305,19.1608642324665,4.13127645037881,0.00093023684627927,0.651418876108672,-1.72933070866534
"TAF2",0.0384377539967389,18.3820787615614,0.368281050193588,0.717880292866581,0.954180921097348,-5.07934270168072
"C8orf82",0.146341000658847,20.0729216054443,0.817373386134208,0.426838527657064,0.902043681327841,-4.89980995502719
"MED27",0.0506289975426988,18.26470695692,0.527151033808482,0.605904468031491,0.935862168612659,-5.0305656377908
"EDC4",0.0413429022774423,20.7203411021203,0.624999744034507,0.541492430401791,0.925464328596667,-4.99234985476486
"PRMT9",-0.453696200887215,16.3891081452454,-2.37353769736261,0.0316134092060271,0.842341998928484,-3.5545577329065
"PRPF8",-0.00327192495583262,21.976261607172,-0.0546015151962273,0.957186501749831,0.99368054048757,-5.12539320733394
"SCYL2",-0.0950248502624547,20.1393133409137,-1.28369638054331,0.218991579332525,0.847665896924723,-4.59068366789183
"TTC27",-0.00749682485043124,18.0692073663213,-0.14999506108155,0.882794419157817,0.982823192403566,-5.11858283340439
"SFXN4",0.0288021221114789,18.3291444031639,0.461840784352464,0.65091415534064,0.940958728523278,-5.05263535006165
"GOLM2",0.256581432881696,16.8914121023989,2.4121841710431,0.0293239147687863,0.842341998928484,-3.51347100061114
"WDR73",0.0829252369349831,19.078303936227,0.995725236168794,0.335392657951146,0.882084620678191,-4.79496336454858
"CNNM4",0.0862788561466914,20.2405609265486,1.98006627664887,0.0666100435180604,0.842341998928484,-3.9619189691411
"NFRKB",0.149871963567641,16.6349169457889,1.19271009801912,0.251762798674535,0.850763184094445,-4.65953031397
"FAHD1",0.115904833325882,20.9512016218334,1.4991975424689,0.154857906882966,0.842341998928484,-4.4135771317052
"RPL22L1",0.179687561678467,21.0177698890048,2.3616922657973,0.0323483489251552,0.842341998928484,-3.56712294994143
"ANKRD16",0.140575239186898,16.7668806019545,0.962626574075418,0.351207076551357,0.886421458442757,-4.81576305613232
"ALKBH5",-0.0964142036177762,19.9447170177254,-1.50939237971938,0.152258708700779,0.842341998928484,-4.40475012842106
"PDXDC1",-0.00723420754541948,19.8952786988619,-0.0905074887086267,0.929098026986899,0.98844437342078,-5.12357393795027
"MEAK7",-0.0926119959391798,18.6638298061196,-1.20620302793167,0.24667622502081,0.849389846357638,-4.64955985951001
"INTS5",0.0272187424886958,19.2024245162794,0.410645937761653,0.6872183572507,0.948559449659011,-5.06797229951342
"VWA1",0.00289438269210862,13.5840195155258,0.0095960415958839,0.992480992387279,0.999742128090196,-5.12640226542194
"RSBN1L",0.142550072445403,16.3743020774556,0.97394964488747,0.345739121152721,0.886421458442757,-4.8087135574575
"ABHD17C",-0.323403240419442,17.4322451856364,-1.21929834216729,0.246900271138482,0.849389846357638,-4.63971673388334
"SLC27A1",-0.478958098186391,13.2643363815554,-1.71312178707747,0.107561773505818,0.842341998928484,-4.22091121296074
"CTR9",-0.0549417956715281,19.4332575615157,-0.67292282851087,0.511372114463324,0.918582534034279,-4.9714286625161
"AAGAB",-0.321872111722811,18.1363024842177,-1.93115896894523,0.072854666433001,0.842341998928484,-4.01066167089793
"FAM199X",0.0451361074661953,16.1104137080358,0.190226787166342,0.851902564441814,0.975701677811386,-5.11375738646975
"PPIP5K1",0.0602016560260026,16.3869392706724,0.485508876554108,0.634427293114725,0.938925721121189,-5.04495966146559
"PSRC1",-0.0645417363722043,16.0916006631822,-0.36948335106014,0.717002851322493,0.954180921097348,-5.07903662322877
"SKIC3",0.00161875252108601,19.2004755706045,0.0372270090905295,0.970801710694321,0.994854171486128,-5.12595047057936
"ULK3",-0.0293424699280855,19.0087396500636,-0.368887742937421,0.717437475850675,0.954180921097348,-5.07918837313534
"SHQ1",0.226426981004821,17.1003867883826,1.22315711352857,0.240397974523986,0.849389846357638,-4.63691200426079
"DARS2",0.0639933738629246,22.3948221739385,1.02049379679885,0.32389398278528,0.878437682691824,-4.77901758110514
"TMEM65",-0.0583662215481056,20.0853991600355,-1.10893508247655,0.285161107988292,0.87202202407069,-4.71949340682873
"INO80C",-0.291872292132464,17.677851686427,-0.814725157031728,0.429383698059477,0.902043681327841,-4.90058217499696
"TTC33",-0.0250356441657864,16.2034093238241,-0.173990963113828,0.864231146472365,0.977995925041077,-5.11587340020068
"KLHDC10",-0.0201372039761214,16.168059519254,-0.0813185156775656,0.936278631565796,0.988634971821529,-5.12412515178591
"HAGHL",0.362607715108471,16.0941911435456,1.18124569708123,0.262977157178639,0.851611949290631,-4.66721506538284
"FBXO38",-0.110021980457489,17.8816977348963,-1.29946437240698,0.213671089710598,0.846423796376897,-4.57837593051235
"NCEH1",0.141405314610346,20.3311564909564,1.69212602122564,0.111570845858847,0.842341998928484,-4.24047095388714
"FIGNL1",0.0784395144553365,18.1841624048092,0.575007179556073,0.573928304400955,0.929763305957504,-5.01263805631146
"FBXO46",-0.101536714862664,15.1428389922192,-0.718491950720837,0.483648438810224,0.911924707830314,-4.95022060726661
"TRIM65",0.00720543228106862,18.8670632762657,0.0828546262984008,0.935077841592126,0.988634971821529,-5.12403710468997
"RHBDF2",-0.223548050118005,16.2262839662422,-1.51079666582096,0.151903569139259,0.842341998928484,-4.40353128722023
"MIDEAS",-0.0248167680579598,18.0591942233501,-0.363258053693529,0.721550519252938,0.954180921097348,-5.08061091333646
"BRAT1",-0.0368217602041661,19.0409602389858,-0.553022204435701,0.588508441936031,0.932117240136735,-5.02105672591096
"WDR59",-0.0154632072180583,17.6532139306778,-0.209149201697692,0.837184500525851,0.973760257456695,-5.11118331148431
"ZC3H14",0.0606817608430426,19.5034004139462,0.688113131047229,0.502029739110295,0.917812698368546,-4.96450029529301
"CCDC137",0.109948191586355,19.5954576954939,1.15576921025598,0.266101405404362,0.855193992081818,-4.68638815156621
"OGFOD3",0.0651599953940583,17.4981092257792,0.568174587692408,0.578439319796927,0.929790176756083,-5.01528758201737
"LARP1",0.0331320731983382,21.4985816757497,0.62295177713226,0.542801118557043,0.925464328596667,-4.99321196574244
"ATAD2",0.159794616956656,19.7844239672314,1.88689418065018,0.0789569890546354,0.842341998928484,-4.05431581810158
"TMED8",-0.0867611065783649,18.2622433309334,-1.11674316091296,0.281914416798257,0.870316878217876,-4.71404883414375
"SLC30A9",0.0222097438731339,16.9033120504334,0.208539920697599,0.837651511966083,0.973760257456695,-5.11127186515913
"DEGS2",-0.149159778575633,16.9467224360492,-0.472063989356875,0.643849033880729,0.940757100789874,-5.04931677961024
"BLOC1S3",0.0415644652481895,17.2853296514262,0.308016359739046,0.762364213405637,0.963360829111366,-5.09343298349558
"RICTOR",-0.042000348699009,17.9209506313691,-0.741523682891258,0.469985009050533,0.911462804536586,-4.93902123454419
"WDR74",0.15563943951647,17.7961666199413,1.22991384873028,0.23793078180745,0.849389846357638,-4.63183457453739
"AGTRAP",0.181178590986669,17.9505625308518,1.10317181836631,0.287575387512653,0.872694079289398,-4.72349274979759
"FAM111B",0.000609133029538356,16.3158415929827,0.00340276025899845,0.997330457756193,0.999742128090196,-5.12643053718186
"SAMD1",-0.0138822988266796,18.8106267553924,-0.134347605700083,0.894938449090514,0.984405675544383,-5.12013429826645
"SLC4A10",0.00585622049559831,16.9341543352796,0.0582960550518104,0.954292972956142,0.993062586116823,-5.1252475355182
"MTHFD1L",0.0486901419368131,20.9755478702731,1.05221448550608,0.309585674180495,0.878437682691824,-4.75812799992626
"ANKRD11",-0.115123090804502,16.6998434284032,-0.823781610333994,0.423146311212778,0.902043681327841,-4.8964435018922
"AFTPH",0.320901489321558,16.3150004320476,1.2131273436426,0.244096921932572,0.849389846357638,-4.64441031927186
"FIP1L1",0.010379274460032,20.0965965257641,0.121964778539296,0.904568262092565,0.984405675544383,-5.12124142157824
"CRTC1",-0.51299074876837,16.176032950827,-2.22185695364244,0.0423313081312582,0.842341998928484,-3.71427848139231
"CYP20A1",0.160701462594435,18.3540275102193,1.46782161599098,0.163091408760082,0.842341998928484,-4.44050261786945
"POGLUT2",-0.27301682865431,16.3668830347576,-1.7059764897048,0.108911802247029,0.842341998928484,-4.22758255111849
"TMEM205",0.0854725978262252,21.7316533761898,1.12367119736492,0.279056898156074,0.867594757942038,-4.70919272757203
"LRSAM1",-0.064174377177725,19.4771939942571,-0.841090687375836,0.413686459387285,0.902043681327841,-4.88697993960155
"DHRS11",0.112981116740936,17.7851397155225,1.33351119945647,0.202534325921795,0.842341998928484,-4.5514343704631
"LCLAT1",0.0352566123803371,19.9138900085451,0.647355115155576,0.52732083192034,0.923174371936723,-4.98276834551329
"C6orf89",0.0522918136757191,18.0043003272828,0.334798973227941,0.742476622202387,0.959337893998087,-5.08747471619723
"ABRAXAS1",-0.570950806396647,15.9282589556314,-2.6602083886386,0.0179849886371101,0.842341998928484,-3.24731558722158
"LMBR1L;LMBR1",0.451185401350887,15.9702553820364,1.74003611735257,0.102607058422736,0.842341998928484,-4.1956479556267
"CWC27",0.144639229547007,18.6493219897008,0.78825019474707,0.443120366729275,0.908716866415922,-4.91524935955908
"DHRS13",0.0408017356259869,19.4665513297642,0.77983350549326,0.447786561339791,0.911232025204671,-4.91968860169345
"PLXDC2",0.164246817866033,16.3103971889482,0.957349941856595,0.353775746616537,0.887629706552621,-4.81902453060661
"ELAPOR1",0.0272538620400411,19.6819050926049,0.25590098489989,0.801551393860328,0.968763141778022,-5.10362541991377
"CRELD2",0.158898386839102,16.7045373361657,0.758216943797983,0.460230504716583,0.911462804536586,-4.93070469428937
"WDR82",-0.0164833247617224,20.2436012721708,-0.256353432534587,0.801208625883718,0.968763141778022,-5.10354493322879
"APOOL",0.0253618588577247,18.8586538705982,0.271814377936609,0.789521477416458,0.968408605409542,-5.10071019627273
"DPP8",-0.0413014319501599,17.5658860337879,-0.52297677977273,0.608734951944241,0.936335994482148,-5.03205936294053
"RANBP10",-0.0131883087875444,18.081790600892,-0.131332505084096,0.897281703843975,0.984405675544383,-5.1204136945499
"PACS1",0.0251631222125468,20.2372391260941,0.474527883326819,0.642052318087716,0.940475135737222,-5.04856662298791
"MPRIP",0.163933045282562,17.5373720742964,1.68558347271757,0.112846434647761,0.842341998928484,-4.24653896220675
"RAB11FIP1",-0.121857014116888,18.8552519066288,-2.04145933685509,0.0594608648046714,0.842341998928484,-3.90002892471574
"NAPRT",0.122347764392149,18.374404657434,1.01986463995648,0.342730178121568,0.885054334575142,-4.77219715175694
"DSTYK",-0.241449847167637,17.0350874567436,-1.82930534010868,0.0875806752300205,0.842341998928484,-4.11040690203841
"HACD2",0.0721404209541312,18.6853136854497,0.500066399629908,0.624384569144903,0.938315260595475,-5.04005618391101
"B3GLCT",-0.0253574498306293,17.406579990011,-0.244355393902911,0.810312253959289,0.968763141778022,-5.1056317253242
"GIGYF2",0.0522258781177882,18.1611392735201,0.545301693923114,0.593673092731766,0.933531465418893,-5.02393955869383
"SLC36A4",0.288456254173981,13.1612177872608,1.29992329213961,0.214931266736485,0.846423796376897,-4.57830387399697
"THADA",-0.0399248579304583,17.9483320730948,-0.502473183358343,0.622731536959154,0.938315260595475,-5.03923216163568
"HSDL2",-0.0349843324728205,19.7902488257549,-0.539094455950226,0.597841985479672,0.933531465418893,-5.0262295025776
"KYAT3",0.103018764120023,20.028388299526,1.22667701223401,0.23911022638593,0.849389846357638,-4.63426954295936
"TMEM184A",0.102675903447796,17.4697515134769,0.913046399984609,0.375858739079052,0.893032886384972,-4.84580904117133
"CERS6",-0.22162852004697,19.7069771167366,-2.22303548670965,0.0422362629548165,0.842341998928484,-3.71304843050425
"PPP1R21",-0.108035421068585,16.9260808807869,-0.77046331284158,0.453154593499679,0.91142481873976,-4.92449783399023
"ZNF66",0.123033537888794,16.1620475747669,0.672484680373604,0.511643066033079,0.918582534034279,-4.97162639547348
"AEBP2",-0.425047664312931,17.575031855485,-1.54931977101099,0.142682161330299,0.842341998928484,-4.37012838384914
"MACC1",0.238758563731174,16.683763280878,1.58183022375011,0.136340512651901,0.842341998928484,-4.34307462499045
"ZNF574",0.136000624595844,16.6833673485966,1.22337912562268,0.240316592769483,0.849389846357638,-4.63674550306652
"NFXL1",-0.0655836058577925,18.0061104600868,-0.209446640838705,0.837016712769826,0.973760257456695,-5.11112002581486
"ATG14",0.340647067386664,14.9736597597922,1.43881866298876,0.172505718436027,0.842341998928484,-4.46609207420388
"NBEAL2",-0.0682879305416648,18.6676136933444,-1.13240565237404,0.275485366501843,0.862150370073391,-4.7030368569427
"GDPGP1",-0.0463717047334278,17.1112340252074,-0.456948806512664,0.654345867337306,0.940958728523278,-5.05417587744861
"DPY19L3",0.0922617104970804,16.4540183730793,0.414220628306381,0.685081793974137,0.947983628026866,-5.06671839976433
"C15orf39",0.305141441593291,16.1884158649603,1.68472160760281,0.113015412720531,0.842341998928484,-4.24733734665873
"QSOX2",0.0479989371287388,18.8123685973634,0.913106559901287,0.375828127326279,0.893032886384972,-4.84577340308048
"MMS22L",0.346774288776659,15.5961160174645,1.46586049899728,0.163617921295808,0.842341998928484,-4.44217333723893
"SRCAP",-0.141592062054507,16.3559481291203,-0.848791813455156,0.409522336011641,0.902043681327841,-4.8827139921021
"FAM83H",0.116495671993786,19.9509702243781,2.61134872365021,0.019818681401557,0.842341998928484,-3.29999280869211
"RIPOR1",-0.151765550536606,17.4309222631467,-0.759476786284183,0.459499435093267,0.911462804536586,-4.93007028458471
"NBEAL1",0.143637161793983,20.6440941814841,1.05017509317388,0.310540583110567,0.878437682691824,-4.75946938592782
"C1orf122",0.352700754156409,18.063676545499,1.46171243741177,0.164985630822764,0.842341998928484,-4.4459010866059
"MFSD6",-0.00606305199535129,16.1649020663949,-0.0453917838585492,0.964402098104159,0.994208993424949,-5.12571485089633
"TBC1D9",0.0685602284970592,16.7789780690548,0.258718416293701,0.799424743169354,0.968763141778022,-5.10311910551512
"UBR3",0.0587917869031394,17.4126698456845,0.707538902808552,0.490228988534321,0.914774148954532,-4.95543397501033
"TMPPE",0.0240191807808223,15.4804611770271,0.185497119656093,0.855358513375987,0.975701677811386,-5.11443262905627
"ANKRD13D",-0.0657011589263341,18.7481736965668,-0.29373593994849,0.773102065351405,0.965357942505356,-5.09638326327404
"ARHGAP27",0.106704324248902,18.399550358856,0.927273682932345,0.368666665183748,0.892975750565936,-4.83732517723373
"CCDC149",0.136084636947595,12.7122908937901,0.491644956792592,0.630185006108566,0.938594368330039,-5.04290970997433
"PHLPP2",0.206702619153525,17.1226483197652,1.92007736714828,0.0743411291712572,0.842341998928484,-4.02163271977642
"NUDT18",0.133059981439182,16.7445230217263,0.973164327574314,0.346116411743026,0.886421458442757,-4.8092047063078
"TOM1L2",-0.0969215820775098,16.9203804810174,-0.360353486241328,0.723711940116596,0.954513005938327,-5.08131806533515
"PAXIP1",0.0509402138545205,16.305279599637,0.568421343799335,0.578276086498175,0.929790176756083,-5.0151924147871
"TMTC3",-0.0163044763020004,20.2299357739739,-0.304348505125028,0.765101710489813,0.963360829111366,-5.09421099386391
"VPS13C",0.0245500801458185,19.7440851591315,0.597689417312753,0.55908618953654,0.92735412272402,-5.00362915129738
"USP34",-0.0122306040151621,17.6658082647504,-0.142455295955525,0.888642452153406,0.983360786433286,-5.11935164847192
"USP30",0.0427137794445756,15.1311212599031,0.185426720880725,0.855412739278803,0.975701677811386,-5.11444172293265
"RAPH1",-0.164774679294773,17.7960063425406,-1.59584686993589,0.131659303882257,0.842341998928484,-4.32841305898919
"MOB2",0.0676809122638957,18.4755094364071,0.658807673611787,0.520142410836834,0.920721460254424,-4.97773906604759
"UNC13D",-0.183492743741631,18.039717725748,-1.30952833423562,0.217544602869039,0.847331168713696,-4.57209659532822
"IKBIP",0.232998659960138,17.0507378508632,1.70268241296991,0.109539147205865,0.842341998928484,-4.23065302120088
"FRA10AC1",-0.346794704905168,16.8498951716856,-1.04998809742349,0.313421063101175,0.878437682691824,-4.75861009131839
"UBE2R2",0.337672084424238,19.2666065749592,1.99098186510258,0.0654738570494029,0.842341998928484,-3.95197354598106
"KCTD1",-0.0874108394313069,15.4165569603138,-0.280349524661693,0.784066342179495,0.967179469060542,-5.09865963272354
"MED13L",0.659093746543109,14.4381176193545,1.71912754071179,0.111700967242141,0.842341998928484,-4.22722137204465
"LARP4",0.04768098734883,20.3238836602135,0.664993887508243,0.516288159732577,0.920405749218605,-4.97498859322167
"TMUB2",0.397763914601645,15.1991889641571,1.01288600212648,0.338611447175753,0.882084620678191,-4.77943426768828
"MED25",0.14372897243285,17.8341435879446,1.13271879710507,0.275357963123654,0.862150370073391,-4.70281546567243
"RPS27L",0.150188047313296,20.4230835121671,2.71351397512691,0.0161713279567667,0.842341998928484,-3.18976949814282
"CBLL1",-0.0564223367317886,17.442412637887,-0.330244052144856,0.745845994989076,0.960286183316858,-5.08852240620988
"INTS8",-0.00253018344939449,19.1213531509169,-0.0469703995526086,0.963165045035837,0.994140555635692,-5.12566392450314
"MTSS2",-0.000195926458534501,17.0927867611509,-0.00225906633880657,0.998227709414582,0.999742128090196,-5.12643279933823
"NOL8",0.173401820444187,17.0375744788477,1.23433791702361,0.236326071548905,0.849389846357638,-4.62849874978077
"ASXL2",0.103462263708588,16.1296816305135,0.567555932096655,0.578848675954337,0.929790176756083,-5.01552600973217
"BTN2A1",0.0119534305432971,16.5914781216531,0.0568374425260866,0.955435267413802,0.993287371241483,-5.12530618542128
"SUPT6H",0.0501324946396338,21.048104193394,1.23867317812295,0.234761780210606,0.849389846357638,-4.62522124009474
"SND1",0.121882122530142,23.4680329217318,2.84382203379973,0.0124527405440966,0.842341998928484,-3.04895844208274
"MARK2",0.0519342438863646,19.0941117714538,0.77767452626044,0.44901985808183,0.911232025204671,-4.92080130098178
"COX15",-0.0497442591836332,18.2227502471128,-0.379894517687596,0.709422121236243,0.95366189714896,-5.07634551052941
"DDX46",-0.022220351738202,21.8661618647127,-0.489217557264672,0.631861633517556,0.938733993165069,-5.04372360530628
"TRMT10C",0.0125442179091628,21.6597577459832,0.212353876468012,0.83472917704303,0.973308054279073,-5.11071332120768
"BZW1",0.0340600359705086,23.1101272535343,0.514329101342296,0.614619373275658,0.937066602819216,-5.03511791457867
"CYB5R4",0.168104678182175,18.8374778346849,2.32737679901037,0.0345695094848287,0.842341998928484,-3.60344314477521
"MON1B",-0.211447095579235,18.7027302105409,-1.90624091801061,0.0762354595986287,0.842341998928484,-4.03529180579297
"LRRC8D",0.0111652421530728,16.9443280109466,0.107701116094129,0.915679895235215,0.985471838577121,-5.12238446159392
"ASRGL1",0.0232952302976024,16.726940054407,0.135085495683287,0.895030460996295,0.984405675544383,-5.11991749794981
"KCTD9",-0.0459564441082208,17.974007994563,-0.462107118538975,0.650727555830239,0.940958728523278,-5.0525510261508
"DHX30",0.0291583264783775,20.5604735054353,0.485309925934988,0.634565064412472,0.938925721121189,-5.04502571464259
"EIF3M",-0.00923662713761075,20.8501434688844,-0.161051641398662,0.874231493656658,0.981776234144474,-5.11738403264604
"MEPCE",0.0365842075363254,19.6891043976649,0.591277496941624,0.563260912273386,0.929022143808322,-5.0062089783308
"ARMCX2",-0.0472346703026112,16.5392742984306,-0.405365822764766,0.691010398475186,0.948559449659011,-5.06945499146331
"PARS2",0.00123844390111216,18.3197209246336,0.0208914970675585,0.983611387869727,0.997543228069567,-5.126282111246
"MIGA2",0.0172570882001146,16.0342833985397,0.0846164632076202,0.933700800530446,0.988634971821529,-5.12393409331603
"RSRC2",-0.426891670053855,17.648005483164,-1.51649600171037,0.150757237093654,0.842341998928484,-4.39888037809669
"RRAGA",0.113590035668466,17.8090694523689,0.915882948774366,0.374417239545031,0.892975750565936,-4.84412651655342
"CYFIP1",0.0437072586419873,20.8490440803706,0.863728207786177,0.40152475039445,0.899243050380325,-4.87434344711939
"MCM10",-0.0116105722532502,18.0533924075518,-0.0624916958917219,0.951007795422418,0.992530218964564,-5.12507055170927
"NDUFAF7",-0.0155379576470942,18.5161105517901,-0.122661588601109,0.904025943787527,0.984405675544383,-5.1211819535502
"GET4",-0.113133022414171,20.7654209128163,-0.872030036372837,0.397124621838375,0.89748855011745,-4.86963609225344
"GDPD3",0.169729557374431,18.6623777775734,0.596244774861511,0.563661957563548,0.929022143808322,-5.00184496496814
"COPS6",-0.0323851512621154,21.2253274291617,-0.479697097945279,0.638457636245702,0.938925721121189,-5.04687852856719
"ENOSF1",-0.148619290966419,16.8178839427988,-1.03822970252418,0.315836122015937,0.878437682691824,-4.76740190160298
"MAEA",-0.00382883827131053,19.0876564929058,-0.0549342678656851,0.956925866836945,0.99368054048757,-5.12538047770734
"EPM2AIP1",0.102805943274632,19.4900478003534,1.26230481875196,0.226376768178447,0.849389846357638,-4.60720611109412
"DHX32",0.00217064284480983,17.4859096155096,0.0252552446783746,0.980188897935386,0.997382571404356,-5.12621176579399
"TAOK1",0.177927428627743,18.4869347351047,2.30261531322604,0.0362606453846039,0.842341998928484,-3.62957234798409
"SH3BP5L",0.0965890143232073,15.7614724344731,0.505790037752803,0.620456886037671,0.938315260595475,-5.03809036548871
"FASTKD5",0.0312333858249865,18.4250054861514,0.362958517165996,0.721769610916506,0.954180921097348,-5.08068600358849
"DPH6",0.0665673721870874,18.2412052660971,0.677790922117541,0.508367249358684,0.917812698368546,-4.96922376453231
"KDM3B",0.0101037501172527,20.531415895585,0.213958823759177,0.833500182205256,0.973267935496457,-5.11047527946843
"CHMP1B",0.0234519461227478,18.8777628469164,0.212589434314102,0.834548769679947,0.973308054279073,-5.11067849516334
"RRM2B",0.0181353062884213,20.2006348775957,0.38536403511909,0.705452206017474,0.952083020150937,-5.07490255166889
"HS2ST1",-0.0319551848759083,18.3871369280153,-0.386773455723086,0.704430640061472,0.952037439191669,-5.07452746753519
"STRADA",0.00260709128616554,17.0504195733733,0.0247472439810583,0.980587303817131,0.99743393830231,-5.12622063914806
"NIPA1",0.16998609322491,15.9011266547063,0.611267931370763,0.550300457540699,0.92552891980847,-4.99807994890454
"MICAL3",-0.10061644734083,18.1141977380431,-1.31405458724697,0.208840172413372,0.846423796376897,-4.56689138459172
"DYM",0.100916573672844,18.8164276626849,1.25835703419348,0.227760906409868,0.849389846357638,-4.61023308392888
"PHF5A",0.255934408261794,19.6906476169082,1.30542105083352,0.211986337213716,0.846423796376897,-4.57376430017763
"APTX",0.210125953576572,18.0028052946939,1.90186570077859,0.076843440296552,0.842341998928484,-4.03960172734838
"SLC36A1",0.5672930117357,13.5151193156869,1.54252316021742,0.144063862510046,0.842341998928484,-4.37580556642492
"ERMP1",0.011103433864502,21.0051674513199,0.181881001411565,0.858144861904346,0.977171115752443,-5.11489530911266
"GPRIN1",0.0625450706577375,15.4800167076441,0.273848079318188,0.787987989592027,0.968408605409542,-5.10032513169401
"TRMT1L",0.0250324772626982,18.5053377215924,0.372425277133743,0.714857568598388,0.954180921097348,-5.07828357305473
"ZC3HAV1",0.0549992621591109,20.0716952080169,0.797419455717139,0.437820142976006,0.903961056574724,-4.91052275489788
"MRPL21",-0.0781887696664221,20.9252662805465,-1.19366105933625,0.251401678609736,0.850763184094445,-4.65883039887337
"EFL1",0.02910324244327,20.5516081937457,0.636273697432816,0.534319426140945,0.925464328596667,-4.98755689381718
"SETX",-0.039212350872539,17.921108053275,-0.562992423004245,0.581872922957292,0.929790176756083,-5.01727720385387
"DPY19L4",0.461031882239755,16.7111591631112,1.78854252296284,0.0941817922308742,0.842341998928484,-4.14959825453651
"TRAPPC11",-0.0503135700509532,17.8373748943457,-0.562173678153741,0.582416368447885,0.929790176756083,-5.01758997698016
"NUP54",0.0187565510612835,19.9701559631454,0.238065693653315,0.815096062888552,0.969252377099738,-5.10668615563674
"ATG9A",0.068692161626938,19.7497603560617,0.948532144327657,0.358097448801502,0.890549978301985,-4.82444109067952
"CCDC186",-0.136863667262968,16.2868247293784,-0.555444316257863,0.586892898186574,0.931294606042491,-5.02014441482341
"ARMC9",0.0456422732279975,18.093508670372,0.543444834236913,0.594918652714528,0.933531465418893,-5.02462718556393
"POGZ",-0.0184615185333037,20.4000200632462,-0.357751585682923,0.725582157901708,0.95533612579038,-5.08198165429192
"ZFYVE16",0.0812723135771094,16.7531681473878,0.748290488677106,0.466015776380235,0.911462804536586,-4.9356701341181
"MON2",0.0861766283203416,19.9576173235651,1.45683396749122,0.166059580921363,0.842341998928484,-4.44984445442646
"DENND4A",-0.32458178909458,15.0672236553235,-1.65977342296445,0.118002944056429,0.842341998928484,-4.2703491048852
"MYH14",-0.0115236222123372,21.6915748613503,-0.222470167114601,0.826990168789638,0.972181095452472,-5.10918320030484
"NUFIP2",0.00333558936049982,19.5828089960643,0.031187779435887,0.975536666420246,0.995838577152174,-5.1260947955668
"SZRD1",0.353459404142651,17.0756712928246,1.38956771865059,0.185337622428054,0.842341998928484,-4.50607469190328
"MAVS",-0.181428190381478,19.6036189250501,-1.49866099878129,0.154995724094058,0.842341998928484,-4.41404063491258
"CLASP1",0.0155803260685445,18.9103282971863,0.273650711431675,0.788136772811798,0.968408605409542,-5.10036262573644
"DHX29",0.032675772669851,20.0022529968512,0.607352485580266,0.552826160284737,0.92552891980847,-4.99969204757187
"LRP10",0.0893357277922817,18.014323696086,0.737935422021313,0.472098133455073,0.911462804536586,-4.94078708306172
"TRMT11",-0.0941222172203133,18.1557442519592,-0.9014899290525,0.381770640645816,0.895159361089103,-4.85261765880286
"HDDC2",0.00543593495185135,20.3960660060031,0.0463011687796012,0.963689463621028,0.994164813684224,-5.12568572647864
"HAUS6",0.34116174081049,16.4496319327675,1.91197533168364,0.075445158245935,0.842341998928484,-4.02963624542058
"POGLUT3",-0.965671237609318,18.0471271989136,-2.31425421450736,0.0359540894642415,0.842341998928484,-3.62332489454137
"TTC21B",-0.698117806936196,14.8766081808188,-2.82360193919536,0.0129696097285601,0.842341998928484,-3.07080875801612
"HEATR3",0.167782600250312,18.810642843928,1.51100250161772,0.151851572432823,0.842341998928484,-4.40335257319589
"C6orf120",0.0359070729119146,16.4862633510183,0.133761801832815,0.895393641522849,0.984405675544383,-5.12018907691989
"KIF21A",-0.038358160306899,17.7788843064688,-0.386217014278068,0.704833885691781,0.952083020150937,-5.07467571052181
"HDGFL2",0.0928643347830587,20.7092321467184,1.14185504330042,0.271660386193375,0.85906760557634,-4.69633516375153
"DCXR",0.00679934048755015,23.3529975932461,0.110770263487891,0.913287357615004,0.985471838577121,-5.12215047143624
"BRAP",0.0227903777662348,17.8788866677996,0.194651067095408,0.848314048945258,0.975701677811386,-5.11322093932735
"EMSY",0.0197244660058722,17.6613523779507,0.238791280793657,0.814543804528802,0.969233600523131,-5.10656590364218
"GOLGA7",0.0980642588206031,18.3052502057331,1.15015284772133,0.268334771006209,0.856157940490957,-4.69041445236704
"RAI1",-0.121706326603219,16.2548959925069,-1.0881232280613,0.29395104726518,0.875482866553864,-4.73385745081954
"WAPL",0.0147684813757749,19.2293296471282,0.306460060293277,0.763525356418899,0.963360829111366,-5.09376421836676
"IRF2BP2",-0.0558396597790178,18.1767771417699,-0.432039152334682,0.671943943363336,0.945401575782756,-5.06177481251275
"BCDIN3D",0.19112544748606,15.4513907989201,0.862128275276718,0.402376445656812,0.900152001668878,-4.87524615189021
"CAMKMT",0.138755979240571,15.7609165449304,1.23569549650987,0.245391165347662,0.849389846357638,-4.62768278006799
"SRGAP1",0.140515684123372,16.2951491463061,0.378541024000769,0.71131933251068,0.954180921097348,-5.07621348300154
"RBBP6",0.0700597635232612,17.5884583030963,0.7185044402685,0.483640965445205,0.911924707830314,-4.9502146209931
"C5orf24",0.141415836048779,14.8917001415506,0.611445402814252,0.550186126336424,0.92552891980847,-4.99800664981674
"UBE3D",0.189375582788614,15.8721829299633,0.887664856298525,0.389937196301477,0.896881171140022,-4.86010922558979
"TSEN54",-0.138652293831363,18.4478932192773,-2.1337664539236,0.0500261467372778,0.842341998928484,-3.80564664168042
"RABEPK",0.106587248795343,18.3031182315726,0.826609273212805,0.421591426666021,0.902043681327841,-4.8949093322026
"MTERF4",-0.073611243321789,17.0738408384356,-0.620269715099843,0.544517633136527,0.92552891980847,-4.99433702063591
"ADAT2",0.435338382769519,14.806979498094,1.04636585155847,0.312247112084324,0.878437682691824,-4.76199778733854
"HUWE1",-0.0151182699052157,21.8744995540658,-0.346416657443075,0.733907553523069,0.958217861269429,-5.08473887038767
"PLEKHH3",-0.061602462543263,17.6428083416643,-0.568450613845755,0.57825672545886,0.929790176756083,-5.01518112352985
"YTHDF3",-0.0414122415869116,19.1026711892943,-0.496200920766246,0.627043836266621,0.938315260595475,-5.04137171632397
"CTU1",0.0415987535762206,19.6134652332314,0.660614467602615,0.519015016919068,0.920721460254424,-4.97693819268615
"TAF8",-0.201511741907247,17.1534727217299,-0.564295138218642,0.581186479835042,0.929790176756083,-5.01666416315415
"VTCN1",-0.176648530143856,15.0026652048527,-0.649928701898138,0.537086573395424,0.925464328596667,-4.97421267842679
"UBE2Q1",-0.175760711495176,18.8636793368204,-1.24234475052164,0.233443306462324,0.849389846357638,-4.622438812868
"KHDC4",0.0255493607615591,16.1841757315353,0.266382833642166,0.793621466064103,0.968763141778022,-5.10172472981328
"MRPL55",0.104429264821889,19.6007987228891,1.38035600832248,0.187979807232374,0.842341998928484,-4.5135677478531
"VPS13B",-0.0794746034348464,16.1570981380598,-0.668163288799751,0.514319849113098,0.919353620962883,-4.97357025817563
"TMED4",0.0169555439040181,20.3604665671257,0.166182409748163,0.870263346541242,0.981068190170455,-5.11679891858434
"MRPL10",-0.0762670077692817,20.0653466296062,-0.573006625153225,0.57524720471183,0.929763305957504,-5.01341691360538
"CMC1",0.251809313572327,20.7231232676787,1.37404074158273,0.190197179580544,0.842341998928484,-4.51886274632909
"CENPV",0.455075868538863,16.6037461393767,2.15462484019252,0.0493710422975155,0.842341998928484,-3.7943954835545
"ZER1",0.0468521039091421,17.178316306871,0.438366289496365,0.667454592315604,0.944349207216172,-5.05988358857311
"TMEM179B",0.0990695332059808,17.8641354299699,0.703702146697365,0.492546619023462,0.916016829726497,-4.9572429136527
"GALNT7",0.0334054118174905,19.6960120388471,0.34819109810956,0.732601928908371,0.958217861269429,-5.08431296897487
"AMIGO2",0.0456427039307385,17.1444094405969,0.372948292333294,0.717131776902132,0.954180921097348,-5.07674745854199
"SCD5",0.0173517001598853,16.3230390284478,0.146144363322001,0.885780259349755,0.982869048764657,-5.11898041527268
"ADGRG6",-0.00532378079918772,15.9839224649441,-0.0424835848313531,0.966681299945481,0.994596052769101,-5.12580411390542
"GALNT10",-0.37659788748147,16.6080491477236,-1.81416663955484,0.0899826724382542,0.842341998928484,-4.1250129804184
"TEDC1",0.105334041700168,17.4956453053869,1.07943661605567,0.297678647407031,0.87771037337981,-4.73978863004884
"GLRX5",-0.0237066454000505,18.5391583129331,-0.10372057402828,0.918803914965181,0.985937788833006,-5.12267478240944
"TRAPPC6B",-0.153021861366344,18.8596471051924,-1.46569169326292,0.163663307563783,0.842341998928484,-4.44231707868946
"PIP4P1",-0.0776371813801653,17.7538375816178,-0.535059358902227,0.600559883661993,0.934665864553823,-5.02770478091438
"ZBTB33",0.231298675764528,16.5986511902879,1.66191730288387,0.117566984153397,0.842341998928484,-4.26837919946726
"PATL1",0.0411560485293379,18.7864369482539,0.615218379866611,0.547758547297546,0.92552891980847,-4.99644364100116
"TBC1D1",0.0398332424506656,18.3515252220997,0.490007271889774,0.631315940219395,0.938733993165069,-5.04345924083817
"DPP9",-0.0268616352929847,19.6530864559294,-0.486552322779178,0.63370494621809,0.938806505934017,-5.04461280453087
"TADA2B",0.123042763358207,19.295545363176,1.04412887604179,0.313188430645253,0.878437682691824,-4.76350220955572
"SYVN1",0.00707632342490427,19.2077571593139,0.0663764761264767,0.94796683927228,0.991836338916264,-5.12489572629362
"TRPT1",0.0407715615270874,16.9582667991753,0.256801294984639,0.80086937319183,0.968763141778022,-5.10346512385399
"PRUNE1",0.0724696885963816,19.7264641372608,1.37452365064916,0.189744235357478,0.842341998928484,-4.51833165243383
"MRPL52",-0.0912403359951455,18.1486885737389,-0.4004848263239,0.69458999225933,0.950289138302295,-5.07077236576369
"SETD3",-0.0232799295793207,20.1982466483549,-0.514501322193119,0.614501913856528,0.937066602819216,-5.0350574765818
"ADCK1",-0.0459203281610563,17.3626961393197,-0.467174682939061,0.647181726764153,0.940757100789874,-5.05093768448374
"ACOT1",-0.774260140221141,17.5586020535699,-1.0862314649013,0.298136979388296,0.87771037337981,-4.73416620378471
"RBM23",-0.00835061253800617,17.604415774585,-0.10968772002294,0.914131150839147,0.985471838577121,-5.12223375282193
"ISCA2",0.0603723126323814,17.7859824407825,0.259364176587541,0.798963844006081,0.968763141778022,-5.1029917844669
"NOP9",0.0522655564235954,21.2543581809269,0.824073042784666,0.422985886242942,0.902043681327841,-4.89628559706305
"PABPN1",-0.0534745726475023,22.3261649526931,-0.531810982259898,0.60275234657677,0.9347876022965,-5.02888478399295
"METTL3",0.0377981961543732,18.6604966011203,0.658634620857662,0.520250464508205,0.920721460254424,-4.97781566660306
"LDB1",-0.201349093323596,17.1834785631678,-1.55326005463736,0.141489398651597,0.842341998928484,-4.36634180082767
"PBRM1",-0.00218305722335899,18.6995255784787,-0.0364715569922247,0.971393951717181,0.994854171486128,-5.12596991830882
"YRDC",0.114880445411487,20.3537070853917,1.68506009044214,0.112949023248488,0.842341998928484,-4.24702382172023
"PRPF39",0.0671399201983505,19.039359477373,0.752944568472663,0.463297778436002,0.911462804536586,-4.93334938991636
"SAPCD2",0.216730157724047,17.9757474637381,1.87422941902209,0.0807854536108877,0.842341998928484,-4.06672114124778
"MTDH",0.136403915501475,21.5772723815398,1.38255843696795,0.187317004116492,0.842341998928484,-4.51176518745458
"TLK2",-0.112337997884477,19.0208070788116,-1.22701815085764,0.238985707440323,0.849389846357638,-4.63401314128217
"ABCA12",-0.135602446600469,17.5064351772388,-0.89814028965873,0.388706532525011,0.896809944907941,-4.85177715912634
"ZNF598",0.0422958637810851,19.2173992859142,0.437125241227032,0.668334136096497,0.944349207216172,-5.06025663968511
"KTN1",-0.0617291124515589,20.59647085356,-0.87580833666494,0.395132718662847,0.897167192888407,-4.86748076357653
"SMG6",0.0293131187187115,17.6946329790074,0.246415427131713,0.808747126670106,0.968763141778022,-5.10528046024593
"NLRX1",0.110537621845396,17.4743245131586,1.0310457889161,0.319082294857959,0.878437682691824,-4.77212654299031
"BCL9L",0.102138720828133,17.0713937502209,0.733686661738201,0.47460768475724,0.911462804536586,-4.94286796088892
"USP48",-0.0186238914191108,18.0922867429486,-0.276588788817066,0.785922826632521,0.967858810497609,-5.09980172251204
"CADPS2",0.192337694707216,15.9379010679316,0.745206633956006,0.46782213212199,0.911462804536586,-4.93720074584128
"STK32C",-0.0124742982027044,17.2130492098801,-0.126566978614828,0.90098735176571,0.984405675544383,-5.12084240215475
"NAA40",0.149463552063573,18.5005282072743,0.96932229177455,0.347966415838516,0.886421458442757,-4.81160279216587
"NT5DC3",0.129394230274631,18.9972256016761,1.66591688565924,0.116757392180082,0.842341998928484,-4.26470034952797
"CASZ1",-0.0241950089171752,16.8326133723507,-0.286327597446355,0.778598046760856,0.966732684376251,-5.09790028055089
"AACS",-0.088715101418714,20.9989453644604,-1.29146274231683,0.216358035170354,0.846423796376897,-4.58463518282655
"LUZP1",0.146888878871419,17.5584457214271,1.30846607683418,0.210680152926675,0.846423796376897,-4.57130117462514
"ALYREF",0.257270402951427,22.590828585531,1.44567320626037,0.169404556027654,0.842341998928484,-4.45949319144637
"GPR180",0.101781167977403,16.9175447358811,0.309641056091022,0.761521764128871,0.963360829111366,-5.09291545354292
"FHIP2B",-0.110982609149119,16.8925943229695,-0.454588706305204,0.656004367869862,0.940958728523278,-5.05491344805217
"MDP1",0.196497181270317,17.8381023313876,0.539486333878789,0.597747097696257,0.933531465418893,-5.02597830875265
"KBTBD6",0.0580532457426877,18.4093845254335,0.467939462910026,0.64664736632944,0.940757100789874,-5.05069273590417
"IQGAP3",0.0917155715287272,18.8486218015074,1.51184456601632,0.151639012092723,0.842341998928484,-4.40262130263904
"ZC3H18",0.139648609698625,19.3636660378426,1.62018235569271,0.126308577732532,0.842341998928484,-4.30646556263401
"VPS36",-0.0706885272158857,19.5830406613171,-1.0311318511766,0.319043263979489,0.878437682691824,-4.77207010104216
"TAX1BP1",-0.372715237425179,15.3686914819121,-1.96400699704299,0.0915386120408191,0.842341998928484,-4.07228071778923
"PACS2",-0.0285169737902748,17.4007524500471,-0.379184723207523,0.709937950419504,0.953684266461642,-5.0765312948374
"CAND1",0.0434801047572471,23.2147142945479,0.965472321702684,0.349827191019356,0.886421458442757,-4.81399785732841
"GLCCI1",-0.414113380547029,16.322473912853,-1.60870556754168,0.14293389045809,0.842341998928484,-4.33746445373383
"RETREG3",-0.403710100958662,19.7092873062416,-2.53419485877119,0.0232160915042814,0.842341998928484,-3.38567036512303
"HOOK3",-0.0117038504399609,16.8000693363506,-0.0801272705171219,0.937209947803829,0.988634971821529,-5.12419229885704
"COMTD1",0.103000760835428,18.1715938557883,0.499016322176649,0.625178267599341,0.938315260595475,-5.04037010320207
"COMMD7",0.291722225746089,18.4454050904026,2.65957490276857,0.0180076811005908,0.842341998928484,-3.24799905294486
"MON1A",0.070604069642247,15.8242401581645,0.419831208261011,0.680642444492689,0.947983628026866,-5.06534870182742
"TSPYL5",0.13412121366559,20.2921607673704,1.12900441708941,0.276872024628801,0.865111604823762,-4.70543842106652
"SGMS1",0.020270458900491,16.6926467634086,0.104764673070814,0.917969774047999,0.985937788833006,-5.12260219317761
"AMZ2",0.0844493961408084,18.1470692441533,1.28249675335561,0.219400624931924,0.847665896924723,-4.59161558634936
"THOC6",0.0578948581166969,20.1531526626443,0.837023998438226,0.415896511133077,0.902043681327841,-4.88921888856313
"METTL16",-0.0101601078352793,18.269066836447,-0.146328251159475,0.885637631177445,0.982869048764657,-5.11896166314476
"PARG",0.141705948213321,18.9295462731691,1.562780072878,0.139239438738526,0.842341998928484,-4.35791700121722
"PPFIBP1",-0.293608751680118,16.592464459781,-1.55860672192372,0.140222001067278,0.842341998928484,-4.36161410395649
"BPHL",-0.100845640083431,19.1985199416357,-1.04532221464999,0.312654798041276,0.878437682691824,-4.76271115881316
"LONP2",0.0198214258924807,18.5714251260777,0.255549855658277,0.801817433520802,0.968763141778022,-5.10368778607253
"SLC26A11",-0.343495922216423,16.7544634280797,-1.3365060398324,0.201577433007679,0.842341998928484,-4.54904089657588
"ZC3HC1",0.0260777666324792,18.1465008986538,0.341843802882131,0.737276146800236,0.958217861269429,-5.08582663295646
"CHD1L",0.0360117477247321,19.7976594937091,0.73855086456675,0.471735289562195,0.911462804536586,-4.94048476247584
"AMIGO1",0.193302043776423,13.9933177314267,0.392135881180717,0.700588635050115,0.951184951932673,-5.07306680631889
"FCHSD1",0.150679593128178,15.8454114442208,0.58073347652428,0.570161907379,0.929079585778747,-5.01039457825326
"NR2C2AP",0.0940604061979329,19.1518837617898,0.86551914899407,0.400572793047011,0.899243050380325,-4.87333124607703
"CCDC25",-0.080519408886893,19.7185922188034,-0.692301818015136,0.49947123351853,0.917812698368546,-4.96256488424482
"PROSER2",0.0397760988067013,16.316083352081,0.21800713523351,0.830402173622217,0.972373687946956,-5.1098669489768
"C12orf40",-0.360094360095534,16.6885178663977,-1.71145349809871,0.107875664572433,0.842341998928484,-4.22247019367344
"RPS19BP1",0.00487231154256307,19.5159956902218,0.0596713984668219,0.953215984592968,0.992958125112381,-5.12519087344001
"CDR2L",0.548645027322863,15.7299964607446,3.38591698649823,0.00623787972240707,0.842341998928484,-2.70217925001314
"RALGAPB",0.0259246592160807,18.6138197903694,0.406197896795969,0.690412252773023,0.948559449659011,-5.06922257503757
"RALGPS2",0.0199335985573228,16.3552638154543,0.0330960789377053,0.974052927954199,0.995346446179075,-5.12605125081524
"LSR",-0.0261802540546903,19.0220335139586,-0.333163967722395,0.743685448296442,0.960155917473499,-5.08785240644208
"CHSY1",-0.122909841676588,16.8519863656249,-1.18701896935124,0.253932308094764,0.850763184094445,-4.66371015617915
"CARM1",-0.0330310233705013,20.669125503568,-0.744225789485878,0.468397554601057,0.911462804536586,-4.93768637402262
"NIT1",0.0542351353198214,18.4578135663858,0.345517862974569,0.73456920664253,0.958217861269429,-5.08495378687824
"COMMD2",-0.0127698532347509,19.6892858925415,-0.127901954813936,0.899949037205545,0.984405675544383,-5.12072390015773
"HEATR5A",-0.0406842137682339,16.3157428100403,-0.447987464826129,0.660653153428554,0.942594208803723,-5.05695690945348
"NCAPG2",-0.0426848684409684,18.4322402213507,-0.626387842864145,0.540606399796771,0.925464328596667,-4.99176402452223
"GAS2L3",0.48053817224976,14.3148398162077,1.99904911675921,0.0643200669393928,0.842341998928484,-3.9428632970204
"FBXO11",0.564095472576076,16.450461376044,1.62553708004424,0.125402149471592,0.842341998928484,-4.30202019354138
"SFR1",0.335013371542669,13.1336882672174,1.29561173689128,0.214961470288511,0.846423796376897,-4.58139312206334
"ANKLE2",0.0517143634958259,17.5113599229337,0.458481474152361,0.65326983145431,0.940958728523278,-5.05369492462018
"PROSER1",-0.171119877789732,16.3702240311538,-0.855568165547571,0.405881093701556,0.901942963385436,-4.87893221697706
"DGKH",-0.0933288417589466,16.9538585557337,-0.709283052989052,0.489177561512231,0.914374640734034,-4.95460868594921
"DDX42",0.0505098309438381,23.5368061627963,1.12304998025309,0.27931223320049,0.867594757942038,-4.70962912435502
"SPATS2",0.0441329154864931,18.1807566288752,0.496882908195109,0.626574270711476,0.938315260595475,-5.04114032532183
"VRK2",0.046638707315271,16.8441283656828,0.254565014850766,0.802563751935629,0.968763141778022,-5.10386225799257
"CACUL1",-0.27415137497848,17.3676246073213,-1.9035869391143,0.0766037385175464,0.842341998928484,-4.03790670884637
"NDUFA11",0.076518136776059,20.0327827841422,0.726186555281962,0.47905734846071,0.911462804536586,-4.94651466447319
"DNAAF5",-0.030220566923969,21.1004202044185,-0.577365054599588,0.57237586733219,0.929247069033357,-5.01171680787257
"PTRH1",0.100636218078279,17.999136114749,0.817480499770585,0.42662449696825,0.902043681327841,-4.89984554344828
"STX12",0.104258358768995,19.4144766111987,1.15968819778513,0.264551390498513,0.853718501135539,-4.68356968917588
"PTOV1",0.112599529865534,16.4118360469696,0.913177079459772,0.37579224634026,0.893032886384972,-4.84573162549248
"PDSS2",-0.11842407179828,17.555036371359,-0.850978434407685,0.408345026914462,0.902043681327841,-4.88149654308444
"HOMER1",-0.00865027139076702,16.4454416978555,-0.0614757082491754,0.951803229498281,0.992530218964564,-5.12511453631985
"DOLPP1",0.216141573480623,18.8943343515217,0.942241416070973,0.361519464700734,0.891497764793046,-4.82812260714654
"GATAD2A",-0.0599903271753881,18.5452452508346,-0.529219242271134,0.604504467479207,0.934888469059751,-5.0298213645641
"GPSM1",-0.0839893971524734,15.5851390498486,-0.546608030780766,0.592797607428303,0.933531465418893,-5.02345446916688
"RAB43",-0.0712882294174868,17.8020583190517,-0.789884869784987,0.442072848782662,0.908203360227037,-4.91447208816981
"C2CD5",-0.04664795480344,17.794336658393,-0.296887936126233,0.77067986664866,0.964320849854457,-5.09576521398692
"MIB1",0.0669222509787737,16.4810121583774,0.642191398422515,0.530575602128033,0.923902334063197,-4.98500924531992
"HPS6",0.0325289890458542,18.4989015080595,0.371233631936705,0.715726230068868,0.954180921097348,-5.07858930236609
"DCP2",-0.0645092054688909,18.3151550673653,-0.701340728355812,0.493976276110451,0.916016829726497,-4.95835180439211
"IRF2BP1",-0.0425936643496705,19.4617802700554,-0.541085954188873,0.5965028599661,0.933531465418893,-5.02549751504344
"RHPN2",0.0393629276154392,18.9355679026833,0.477815052733543,0.639765334657845,0.938925721121189,-5.04749517281242
"ERC1",0.0712185097188254,16.9272195706027,0.514780196540197,0.61431173693055,0.937066602819216,-5.03495956946984
"H2AC21",0.107006889503705,20.9068043123047,0.543095271352789,0.595323319174299,0.933531465418893,-5.02464797845616
"ZNG1B",-0.000222142502032341,14.8335757101692,-0.000926307060414841,0.999273289812573,0.999742128090196,-5.1264342824317
"RIOX2",-0.0577633178295933,18.84447068658,-0.478196730986044,0.639500033671892,0.938925721121189,-5.04737030542587
"RBM45",0.0389630847860012,17.7870798451287,0.511152972160618,0.616787535722973,0.93811893543273,-5.03622906691965
"ZDHHC13",0.21970730834849,18.0179640275463,1.8844677189871,0.0793044065998506,0.842341998928484,-4.05669555437211
"ZDHHC17",0.164833745348348,15.7176639254389,0.980683286424844,0.342515950237975,0.884943417520345,-4.80448865852353
"SPPL2C",-0.328629971802233,18.470858193421,-1.55568240744939,0.141159093341796,0.842341998928484,-4.36450928685684
"CRLF3",-0.0630355437105194,17.3349326275898,-0.585216578791106,0.567222309891515,0.929022143808322,-5.00862358646259
"TRAPPC5",0.0292086375854765,20.1694249549938,0.469873701327061,0.645296790247845,0.940757100789874,-5.05007150825173
"ARMC8",0.0906761823656197,20.0921348671067,1.18004211706804,0.256611506898531,0.850763184094445,-4.66881348368385
"RELL1",-0.0510868137105547,16.883383845218,-0.255877912087641,0.801568874630047,0.968763141778022,-5.10362952061101
"TMEM126B",0.138116421333791,18.4110435074766,1.37725214658834,0.188917130138908,0.842341998928484,-4.51610472772727
"PHYKPL",0.0117371540152966,19.8936874473135,0.132751370616728,0.896178875241247,0.984405675544383,-5.12028300185659
"PLD3",0.0849052617364876,21.019138291388,1.42194908062625,0.175781468504797,0.842341998928484,-4.47919694979951
"CCDC71",-0.251224866848297,13.2252995456082,-0.730571322031701,0.486419705416642,0.91405766851174,-4.93802308082733
"HID1",0.0486139185116876,21.1771053318411,0.842872019686645,0.412720811247747,0.902043681327841,-4.88599621766227
"ANKMY2",1.05524478035803,16.739135191284,2.69458240378954,0.0189346394953819,0.842341998928484,-3.27025919344201
"ERI1",0.162207769264299,18.0244099100603,0.81716397020207,0.42687303360693,0.902043681327841,-4.89997164590154
"LYSMD2",0.0384181299349891,19.0440918092726,0.324446931126407,0.75014201573877,0.961246466938498,-5.08983546720607
"VRK3",-0.17311955770764,16.6970586086981,-1.32067220284269,0.206678008281414,0.844322763856599,-4.5616522228517
"NUDCD3",-0.119468758915247,19.3084987414485,-1.53641023681154,0.14554722924224,0.842341998928484,-4.38117553998601
"FOXP4",0.0993658115712215,16.4537421863479,0.381269095807371,0.708423591915029,0.952993301404549,-5.07598476107017
"MMAA",-0.0462794036384047,15.9957557190069,-0.245657643193368,0.809322761444613,0.968763141778022,-5.10541001234362
"MAP4K3",0.018976078601824,17.2568339215222,0.141723850761291,0.889210141674093,0.983360786433286,-5.11942413102943
"ZDHHC21",0.211017276703064,16.3330094454252,0.919438312823054,0.372615783129951,0.892975750565936,-4.84201132625285
"MCAT",0.0273235295012775,19.3922199600127,0.560089795208994,0.583800734246045,0.929790176756083,-5.01838411433296
"MISP",-0.000324902251019665,19.2566057715774,-0.00320929929399208,0.997482231677749,0.999742128090196,-5.12643098405706
"VSTM4",0.190399759610361,17.0687501950959,1.186590823984,0.254096100194948,0.850763184094445,-4.66402399096881
"CEP97",-0.0212921435480844,18.2971222841512,-0.201980853078058,0.842682975153229,0.974776855773745,-5.11220893315242
"NAXD",-0.020809559918316,17.4060756557998,-0.175865097855444,0.862784639316773,0.977592365867279,-5.11564497760677
"GLB1L2",-0.375509617450096,16.7093780139152,-2.59180055986069,0.0206016304358885,0.842341998928484,-3.32104380849633
"WDR75",-0.0268676362519926,18.4422241039658,-0.352400579466124,0.729508035967958,0.958217861269429,-5.08329409725795
"MFN1",-0.0184455835487149,18.9085402621685,-0.272385289948694,0.789090896942997,0.968408605409542,-5.10060238467527
"SLC44A2",0.0246870300833208,20.5494650232257,0.343746882800965,0.735873561138493,0.958217861269429,-5.0853756584556
"WDFY1",-0.131751675981015,17.7898332115844,-1.06188197462594,0.305317858080788,0.878437682691824,-4.75165832402114
"TEX2",0.14680620624755,18.7270100004887,2.41106878264845,0.029387731953498,0.842341998928484,-3.51465870117481
"MAP7D3",-0.175567879949469,19.2729373715383,-1.48360928890561,0.15890397812692,0.842341998928484,-4.42700009164931
"CCDC117",-0.250181900811022,17.4653037798905,-0.763268095433765,0.457555307076078,0.911462804536586,-4.92799678611157
"DENND6A",-0.3582888237958,16.7006322547186,-1.92898037304778,0.0731447635735086,0.842341998928484,-4.01282072177428
"MGA",-0.0529750666301254,16.8581052730143,-0.494830193368184,0.627988121333245,0.938399949405853,-5.04183587046542
"HSCB",-0.0186413426265908,18.3173878416741,-0.12220626610078,0.904380309850667,0.984405675544383,-5.12122085050331
"ZC3H7A",0.1608793833012,19.719398502544,2.04475294541159,0.0590979044783028,0.842341998928484,-3.89668775792225
"TRIM59",-0.163701513993054,16.530139671092,-1.01557512403537,0.326154636385475,0.878437682691824,-4.78220986499546
"PHF6",0.0950630217031474,20.1562408520667,0.918407551646768,0.373137445224123,0.892975750565936,-4.84262527633256
"ZBTB8OS",0.169720270030531,17.9708165374431,0.970075837862737,0.347603024689592,0.886421458442757,-4.81113307690081
"LRRC8A",-0.0291782852752256,17.8337000899074,-0.384878626022617,0.705804172597863,0.952083020150937,-5.07503142336852
"SULF2",-0.0443804010594775,17.1989109315417,-0.297686634638192,0.770082059006709,0.964320849854457,-5.09560063920053
"UBR1",-0.00440505019628645,18.1600935162699,-0.0506928839645953,0.960248382316889,0.9941266553382,-5.12553694709377
"UBR2",-0.0545611402243296,18.0240957449415,-0.802364307328323,0.435043314028326,0.903541079664684,-4.90791275947832
"ARHGAP12",0.158560319410078,20.865073707983,2.93248055386827,0.0104141634338633,0.842341998928484,-2.95321776158378
"CHERP",0.0524621786331174,19.7192547282817,0.521037092301697,0.610052426677336,0.936335994482148,-5.03274962235381
"CDAN1",0.0191558601364683,17.4707831569494,0.187712406604318,0.853652536108496,0.975701677811386,-5.11414471352602
"ANKHD1",-0.00023318440119624,19.458156309451,-0.00345771442728544,0.9972873451525,0.999742128090196,-5.12643040547424
"SUGP1",0.207594267142792,17.8059998622503,2.29796256167324,0.0365869708844844,0.842341998928484,-3.63447433116919
"SUGP2",-0.234429750751048,17.9726668263593,-2.39523294711035,0.0303081047540497,0.842341998928484,-3.53150936943877
"WWC1",-0.187948069010792,15.9211881667869,-1.18992734609055,0.252821820327172,0.850763184094445,-4.66157600411454
"UEVLD",-0.0400581213216462,18.9191165557812,-0.624236086102875,0.541980218318157,0.925464328596667,-4.99267163166612
"CCAR1",-0.0936294267522157,20.9632378677569,-1.47784777129542,0.160421615694932,0.842341998928484,-4.4319384888762
"DHX40",0.141149232979632,20.0850186224126,2.19155431003969,0.0448446549847038,0.842341998928484,-3.74583885359169
"SKA3",-0.165482677232353,16.2167215550675,-0.681222113536452,0.506255477694379,0.917812698368546,-4.96766091047437
"DNAJC10",-0.00588934033186206,20.1501538059122,-0.0888242729608166,0.930412896650921,0.988634971821529,-5.12367931257235
"NELFCD",0.0901872607228071,20.4795373840756,0.952346126048437,0.356223690504396,0.890050595827842,-4.82210343838938
"RHOT2",0.0114105764896273,20.7468448847997,0.17360268839584,0.864530890275411,0.978095195722466,-5.11592041941665
"RHOT1",-0.0712951593316227,19.2665602804581,-0.85573998803638,0.405789043887516,0.901942963385436,-4.8788359844562
"SIRT2",-0.100958262247179,18.1208785172702,-1.40390294140494,0.180991784007202,0.842341998928484,-4.49419442676286
"PHC2",-0.291239921926262,18.7462880595583,-2.05788609246953,0.0576706936427367,0.842341998928484,-3.88334466627195
"BAP18",-0.264122716982985,17.8760014512636,-1.7506199368155,0.100714186364343,0.842341998928484,-4.18565628250935
"MRPL41",-0.0259350709186599,19.7809079564137,-0.282906884679738,0.781168409809439,0.966732684376251,-5.09857554152143
"NRM",0.218715605688807,18.7894898229449,1.10668971302984,0.286303814163004,0.87217797114032,-4.72100123383306
"GPALPP1",0.181133223519232,17.0043614671574,1.19356513386609,0.251438087455817,0.850763184094445,-4.65890102000783
"HYCC2",-0.338524616588758,15.8275471420215,-1.98726816211449,0.0657326667163342,0.842341998928484,-3.95469820686343
"RBM12B",0.0309147471610309,20.0135175666103,0.361278334290218,0.722999023141665,0.954507516995458,-5.08110608446623
"SLC35F2",0.176310893464276,16.3235157081185,1.20937843553764,0.24549078203542,0.849389846357638,-4.64720110138467
"RPAP2",-0.0510524219251476,15.4138310627933,-0.364796437497308,0.72042568848227,0.954180921097348,-5.08022430610039
"ZC3H3",-0.0207458010277559,16.003065304133,-0.13880939691151,0.891472728657864,0.98411418237975,-5.11970924681656
"PNPLA6",-0.10440293198549,17.9048873520189,-1.25735687330156,0.228112628926449,0.849389846357638,-4.61099885305935
"SMC5",-0.00260293987165738,16.8085926324697,-0.0252738174821622,0.980174332085138,0.997382571404356,-5.12621143796295
"PLPP6",-0.00416749846776909,17.8105801789867,-0.0342422291881817,0.97314174627056,0.995221307584072,-5.12602498451679
"MICALL2",-0.0862231627952283,16.5473203375127,-0.614155035998589,0.548442123557053,0.92552891980847,-4.99688505391313
"DHX37",0.0383268858699992,19.6780462817004,0.814282894978779,0.428396581353984,0.902043681327841,-4.90156314621643
"KBTBD2",-0.0468817988994772,18.0053066703612,-0.503218248056691,0.62222023482901,0.938315260595475,-5.03897630451526
"YAF2",0.268559603593195,14.9317137108667,0.564302238855807,0.581094220750505,0.929790176756083,-5.01671785403601
"RAVER1",0.080429284639564,20.4185737188784,1.1613660381036,0.263889884513891,0.853103574043432,-4.68236076467613
"FTSJ3",0.0629622610207328,21.9440134239897,1.14219642331439,0.271522955109008,0.85906760557634,-4.69609223762984
"TMEM192",0.0635067770429849,19.8991508601406,0.768950116806403,0.454025227427274,0.911462804536586,-4.92526959875815
"CKAP2L",0.0201250881369202,15.080112253106,0.0638071696552469,0.949977968750205,0.992530218964564,-5.12501253131297
"MB21D2",-0.0987408686783517,19.4160493677253,-0.879411115463734,0.393239570190144,0.897167192888407,-4.86541804506482
"SRRM1",0.136013036623822,19.5093736180198,1.43456771347878,0.172212009170008,0.842341998928484,-4.46863394571845
"SMAP1",-0.00696057850841214,20.1049158643716,-0.0609560828374286,0.952210073658104,0.992530218964564,-5.12513675371535
"DIS3L2",0.0182824561115176,17.1167858160552,0.187199019241917,0.854047825257688,0.975701677811386,-5.11421173959186
"SUPV3L1",0.0813763383332287,19.9770623738652,1.08681898403534,0.294508510819462,0.875482866553864,-4.73475040602301
"GSPT2",-0.00829811323545826,22.7079058121125,-0.0625942271476307,0.950928556902914,0.992530218964564,-5.12506596536759
"EXOC8",-0.0340161444093994,19.3466108581591,-0.59327582640172,0.561958045406129,0.928988740446782,-5.00540775017813
"SYTL1",-0.645901856624278,18.2679903457943,-3.28964673980939,0.00751541899097467,0.842341998928484,-2.79510742948558
"THNSL1",0.0745662561621394,19.7547508200417,1.06209390961887,0.305224781849664,0.878437682691824,-4.75151595746677
"SMYD4",0.00860772100583063,17.0307070141296,0.0559784661958763,0.956108011618993,0.993442398593704,-5.12534002947957
"PM20D2",0.11209333654288,19.5524164427144,1.4792674208,0.160046548590349,0.842341998928484,-4.43072280802671
"KIAA2013",-0.0125832061424802,18.670898289731,-0.172453505683215,0.865418172631232,0.978503744528015,-5.11605897073036
"CMTR2",-0.0643731707034529,15.9825697884483,-0.421919723192013,0.679150945256666,0.947983628026866,-5.06474431470907
"MICU2",-0.0123092799021975,17.9372613621799,-0.116475184592938,0.908842439443619,0.985471838577121,-5.12169810402782
"RNF168",-0.118171851062959,13.1121324575911,-0.747926401629868,0.46622881608415,0.911462804536586,-4.93585113835428
"ZBED8",0.0693534859796703,15.2161905879419,0.428240231985875,0.67464566049713,0.945496050667302,-5.06289756835426
"PHACTR4",0.21396304527758,17.3817161767891,1.3283296338855,0.204198530242103,0.842341998928484,-4.55556651686229
"RASEF",0.0459587514465056,14.9173176174812,0.367290895715998,0.718603218305099,0.954180921097348,-5.0795940417185
"CHPF",0.050234477371415,17.5596276772839,0.521536412573869,0.609713144679078,0.936335994482148,-5.03257216685672
"TRMT2A",0.21199713211044,17.8360507805616,1.52548782295211,0.148229791784824,0.842341998928484,-4.3907374664376
"RPUSD2",-0.00250294476251867,18.5597133833704,-0.043343083445771,0.966007664991728,0.994596052769101,-5.12577834765265
"ELMOD2",-0.0251539920000567,18.138354829118,-0.231481693923364,0.82011187404669,0.970545735633399,-5.1077607671463
"ALDH16A1",-0.0461207440340452,19.0820284537767,-0.466075995512437,0.647949743679379,0.940757100789874,-5.05128890527913
"KIAA0319L",0.0518836206515054,18.0514793062054,0.81376632042447,0.428683305471976,0.902043681327841,-4.90184006771023
"DCP1B",0.31543395102555,16.4492578723673,2.37104390205557,0.0317668109503607,0.842341998928484,-3.55720420311781
"SCYL3",0.0864980492861385,17.2794211488748,0.581057906858947,0.569948907486787,0.929079585778747,-5.01026684570938
"XRN1",-0.121411758055579,19.7725517083181,-1.78204159224298,0.0952743240513387,0.842341998928484,-4.15580763642798
"PELP1",-0.0621902132183614,20.8982583009132,-1.21498837048132,0.243407266090564,0.849389846357638,-4.64302250918859
"ZNF654",0.000906026311339403,15.952862956596,0.00750347233304997,0.994113403400489,0.999742128090196,-5.12641491328846
"ABI1",-0.238407620192763,19.3793053270726,-1.73407714390676,0.103686476273888,0.842341998928484,-4.20125945991477
"WDFY3",0.110826448544309,16.1497024004105,1.04741966232379,0.311718472090097,0.878437682691824,-4.76131900531078
"CMTM4",0.0543126931356461,16.235812278416,0.359822914355366,0.724064611985146,0.954513005938327,-5.08146843152629
"RDH10",0.0158498035503065,15.667986223667,0.101857879257035,0.920335369515681,0.985937788833006,-5.12279530497141
"RBIS",0.299815764928194,15.881328259689,1.60477060219504,0.129675094563502,0.842341998928484,-4.32038771675069
"FAM185A",0.304665568349616,16.4331796403548,1.25956842635046,0.227335472334281,0.849389846357638,-4.60930498700698
"VKORC1L1",0.0926008887920773,20.525099077953,0.5268657254593,0.606191252484362,0.936088390121107,-5.03060904803946
"FCSK",0.05918673839615,18.3135329831664,0.763971576830669,0.456897025212362,0.911462804536586,-4.92779916996445
"SPART",-0.0487379912651029,18.2346931387628,-0.530838548672266,0.603409455077981,0.9347876022965,-5.02923670289043
"ZNF444",-0.169021769777405,17.0578333001499,-0.844658791236082,0.411753697108532,0.902043681327841,-4.88500766131991
"TTC5",0.136961351449546,18.8628987779223,2.39324695802357,0.0304254380164127,0.842341998928484,-3.53362104190071
"PUSL1",0.133107295905887,15.4067470612858,0.700596059352226,0.494427623872824,0.916016829726497,-4.95870078539784
"RPTOR",0.144162424336741,19.0925015274676,1.86814464440495,0.0816773537496216,0.842341998928484,-4.07266748065158
"FAM177A1",0.155714878625211,17.0334732690748,0.458807839868431,0.653141264274587,0.940958728523278,-5.05353253867656
"CNPY4",0.264092940345538,15.8467465926416,0.525472558066696,0.610186744252633,0.936335994482148,-5.02918351818346
"ORMDL3",-0.939956928532357,16.8021961515263,-2.58707090211833,0.0209872768515282,0.842341998928484,-3.33060077612707
"ADSS1",0.0411494358591931,16.5982125524642,0.330346276906549,0.745770317932163,0.960286183316858,-5.08849904751056
"CCAR2",0.0310966802986563,21.3922267575715,0.767933378156553,0.454610803680668,0.911462804536586,-4.92578739532536
"NDUFAF2",0.0363074705510513,19.8190485956325,0.249348477058717,0.806539890108439,0.968763141778022,-5.10476768961238
"CCNQ",0.00851356913114643,15.0979350673796,0.0356240532722864,0.972092535805519,0.994854171486128,-5.12598922817754
"VPS52",0.0200695455362236,18.8972266422427,0.295027904692177,0.772072640384098,0.964873844886159,-5.09614679373041
"NUP93",-0.0703501414788157,22.4366448821988,-1.2121853918755,0.244446565465763,0.849389846357638,-4.64511214391928
"STK11IP",0.065308317026858,18.5312738481543,0.926469953267465,0.369070426819329,0.892975750565936,-4.8378074273995
"ZNF687",0.0465215454961978,19.1721302176754,0.728464583413728,0.477703186102638,0.911462804536586,-4.94541063096978
"CMTR1",-0.0397600908507734,19.2260586487178,-0.779428179986046,0.448017937597677,0.911232025204671,-4.91989770930069
"LRRC47",-0.0183442158273941,21.7292575056129,-0.312355060588447,0.759130267213887,0.963360829111366,-5.09250085133482
"SLC39A11",0.1947151291937,19.0976926713316,1.93252607250474,0.0726731565132544,0.842341998928484,-4.00930628820368
"INTS1",0.0423307269189301,19.2304044233962,0.872538003513082,0.396856435342614,0.89748855011745,-4.86934679281203
"PLD6",0.323472696036944,17.5081082821247,2.60735735637672,0.01997618339426,0.842341998928484,-3.30429228791968
"ARMC10",0.0596828280230461,18.8746006630106,0.854678297576352,0.406358039574925,0.902043681327841,-4.87943033513056
"SYS1",-0.0693917516121196,18.8219020011615,-0.558597494088106,0.58479313902641,0.930175257616876,-5.01895109785295
"ABHD12",0.0725348947827023,19.9017288464738,1.44417990462981,0.169533313048015,0.842341998928484,-4.46054606512587
"CLASRP",0.236193895411766,16.0147229079832,1.53713130112378,0.145371586496533,0.842341998928484,-4.3805427991449
"TMEM256",0.171853964886211,18.8853203740534,0.463017131622158,0.650299818183686,0.940958728523278,-5.0521372404413
"SLC66A2",-0.483180510443168,15.6014714098476,-1.95665584579753,0.0695359778596139,0.842341998928484,-3.98531524427139
"PIAS4",-0.408652185180383,18.9415201851301,-2.81465433486102,0.0132049480643974,0.842341998928484,-3.08047856488409
"AGGF1",0.0473175075329699,16.6167221793036,0.443207378092372,0.664028491729662,0.944103595125442,-5.05841863202544
"GPD1L",-0.0184927982860721,22.2216211366003,-0.248929765526089,0.806837982329106,0.968763141778022,-5.10484777779506
"CBARP",0.0521060698922007,13.3724884912963,0.189587480319852,0.852856175881769,0.975701677811386,-5.11370173094583
"SLC35F6",0.043136910415857,17.7141859327837,0.389118653992492,0.702732115530038,0.9516081755383,-5.07390039556995
"SLC43A2",0.0617311210840104,12.59463242517,0.191798830138339,0.851460344479518,0.975701677811386,-5.11331176889843
"ARHGAP18",0.291271206709443,16.6202628964302,1.75988525711796,0.099082389248991,0.842341998928484,-4.17688334318124
"TMTC2",-0.0429089134703098,14.6698220022516,-0.238685213727819,0.817505857848597,0.970042970065456,-5.10550311840067
"ASCC3",0.0857073198308989,20.0299066003173,1.54663516377689,0.143073250657877,0.842341998928484,-4.37218591805065
"EHBP1L1",0.0681473962672161,15.5505613723941,0.417094797492835,0.682598722574019,0.947983628026866,-5.06613618545751
"PLCD3",-0.0876274075565107,17.2356681044255,-0.995533235222095,0.335482914300328,0.882084620678191,-4.79508570749697
"MICALL1",-0.180660068369932,17.3289048413113,-1.28495271176528,0.21856384712837,0.847665896924723,-4.58970702199448
"VPS8",0.0585304100860711,18.3724579323225,0.626394694898726,0.540602028093534,0.925464328596667,-4.99176112970561
"PALS1",0.054243111556417,18.967814585415,0.972213870054416,0.346573427882506,0.886421458442757,-4.8097986929903
"STAG2",-0.148376564912965,19.3523698120059,-2.6137212723114,0.0197256259140967,0.842341998928484,-3.29743681790349
"FNBP4",0.167794920262061,18.6831044132284,1.35548656727041,0.195597253972426,0.842341998928484,-4.53378412947048
"GUF1",0.0457750085048971,17.9243847846993,0.534675834468915,0.600818532780533,0.934665864553823,-5.02784445474495
"D2HGDH",0.0601105981904198,18.2657829942534,0.62269112761776,0.542967803089495,0.925464328596667,-4.99332149967522
"RYBP",0.121461198540906,16.604233409931,0.746418781660973,0.467111610923157,0.911462804536586,-4.93659979958741
"PNKD",0.482090284979538,17.9663426220312,1.33897732576262,0.201212800903448,0.842341998928484,-4.54720129605358
"GALNT4",-0.0222920874330974,16.6774390777598,-0.125666920609339,0.901687502426697,0.984405675544383,-5.12092159802086
"MINK1",0.151359148435844,16.8165382541252,0.774037039868453,0.451102544956875,0.91142481873976,-4.92266975966803
"TOMM5",-0.814010905171919,18.8092150046337,-2.30446803968812,0.0366328273729127,0.842341998928484,-3.63354482430016
"CARNMT1",0.180782607227769,17.3372736206057,1.59093601737209,0.132762276699897,0.842341998928484,-4.33281817863594
"HDDC3",-0.121381426854377,17.4013760276872,-0.762576106062865,0.457703999979884,0.911462804536586,-4.92850555702044
"PTGR3",0.0854102513745616,19.3963085260438,0.532681800021654,0.602241604737017,0.9347876022965,-5.02852007684723
"CHCHD4",0.217811182779201,17.7356998972757,0.778165885545727,0.448923134584401,0.911232025204671,-4.92043342128622
"CBR4",-0.0277359738295822,19.2893520558354,-0.379716568182368,0.709551428738691,0.95366189714896,-5.0763921194954
"MMGT1",-0.449300245311843,19.1282842123785,-1.95901346297261,0.0696489517846098,0.842341998928484,-3.98496046519638
"TMEM199",0.167107752648416,19.4189212054178,2.20133888924074,0.044018310708426,0.842341998928484,-3.73566244526192
"OGFOD1",-0.12096289314951,19.5964474547103,-1.23698291151897,0.235370713801075,0.849389846357638,-4.62650011834878
"AFAP1",0.046086457023172,16.1048555862121,0.341580012377376,0.737470638987985,0.958252168424006,-5.08588895023178
"MREG",0.408156800397887,18.4410407926862,3.08485916581996,0.00764824136108939,0.842341998928484,-2.78920351177548
"OXR1",0.0531004902196912,18.3592356273093,0.81471013047495,0.428159537867161,0.902043681327841,-4.90133399962046
"TTC39C",0.00235790438280858,18.217487904689,0.0231508191985771,0.981839354154932,0.997543228069567,-5.12624735077299
"ZGPAT",0.278677885715677,18.1250307323918,3.01600550303989,0.00879473568684946,0.842341998928484,-2.86320245071382
"CERS5",0.416793392525577,17.1810627372727,0.679135845831342,0.509587880032397,0.91827680921019,-4.96727433816727
"SRBD1",0.148158744032742,18.5457448478204,2.61667322413379,0.0196104320861952,0.842341998928484,-3.29425632452832
"DTWD1",0.755155261276855,17.1880200101631,0.948348853647208,0.362721041288907,0.891497764793046,-4.82234783993261
"TAB3",-0.0787342164322204,16.0372218402992,-0.672981945815533,0.511335562553925,0.918582534034279,-4.97140197425262
"WDTC1",-0.152483381442117,17.5571400914532,-1.08157247220469,0.296758889912293,0.877128291805452,-4.73833380240177
"NKAP",-0.0408639028457998,16.7067506748774,-0.363664782910918,0.721253063428552,0.954180921097348,-5.08050885435279
"MACO1",0.083721836797455,16.4212447698844,0.769460688458532,0.45373134807896,0.91142481873976,-4.92500934739249
"ARRDC1",0.142490086090962,19.1280246142229,1.12029403488327,0.280447106879506,0.868149721574563,-4.71156285191105
"DHRSX",-0.146996461119588,16.5301248033658,-1.17707704636484,0.257756670679748,0.850763184094445,-4.67097536434557
"NOPCHAP1",0.21552100441421,17.8146701996559,1.01363619606442,0.327162766782791,0.87870080154737,-4.78341846153098
"MINDY1",-0.039013150716972,16.3411218909096,-0.114908814393361,0.910658040360559,0.985471838577121,-5.12171155559478
"CISD2",0.261878738948955,21.3140282867177,2.69842657156238,0.0166658846751808,0.842341998928484,-3.20606331144402
"RPP25L",0.069086097460648,18.5059381692746,0.242763674913223,0.81159235954547,0.968763141778022,-5.10587463652482
"ATPAF2",-0.0328314463442432,20.0986910344847,-0.36744087525843,0.718493698279312,0.954180921097348,-5.07955601345245
"TTC9C",0.111754464120267,19.533259479859,1.585220408006,0.13405592740825,0.842341998928484,-4.33793497780859
"JAGN1",-0.067361955675608,20.0184836919993,-0.689172814121761,0.501381747878119,0.917812698368546,-4.96401167790037
"MRPL50",0.0972679296910499,18.1204381576405,0.338914144343776,0.739537487385682,0.958733148350364,-5.08646670795549
"ZC3H8",-0.249220434197362,17.5191104706812,-1.6675215194799,0.116433943759682,0.842341998928484,-4.26322299569023
"MSL3",0.122161111958565,16.7446860760517,0.597960622005532,0.558909977648409,0.92735412272402,-5.00351945800734
"PARP16",-0.213121996721149,16.3206724470209,-1.02821529178515,0.32036790217864,0.878437682691824,-4.77398071190986
"COMMD1",-0.0177170224626266,16.9018133224746,-0.153957991702847,0.879723472721121,0.982823192403566,-5.1181629123654
"ZBTB2",0.143401505322631,15.8900646154387,0.671263099842542,0.512398930272793,0.918582534034279,-4.97217705997707
"CPSF7",0.0246596476580976,21.6644054090823,0.305661540412902,0.764121354222082,0.963360829111366,-5.09393353105163
"SLC15A4",-0.157669716764527,17.1141873070466,-1.27503671908602,0.221957925343783,0.848913596012489,-4.59739662011093
"ARFGAP2",-0.061856492394913,20.8734396597163,-0.910407902397931,0.377202982967647,0.893575714592306,-4.84737008290125
"KRTCAP2",0.302521791445105,18.2646480201652,1.34552375773516,0.198951997166428,0.842341998928484,-4.54189290910494
"OTUD6B",0.0562902778133711,20.2631665510788,0.498967612282722,0.625139935863604,0.938315260595475,-5.0404311246707
"FITM2",0.351013509776053,18.5538866478823,1.18501085308071,0.255091373490497,0.850763184094445,-4.6651438389245
"METTL25",-0.240853471329421,15.470293087741,-0.756871894571164,0.46185997506316,0.911462804536586,-4.93084417997452
"METTL13",0.060803179772023,20.6574075189887,1.19495166046263,0.250912221108796,0.850763184094445,-4.65787982829173
"ARFGAP1",-0.0677026804404512,21.16257292866,-0.816917607092949,0.426936104556701,0.902043681327841,-4.90014833403831
"SIRT6",0.174971686458921,17.5134540569953,1.19358841864323,0.251429249264501,0.850763184094445,-4.65888387795629
"EMC1",-4.20943384469297e-05,22.0012481185213,-0.000853670123693329,0.999330275222577,0.999742128090196,-5.12643432759945
"PAF1",0.21252493441435,20.3143389641597,3.17938517642902,0.00631113300076669,0.842341998928484,-2.68801732175002
"UBR7",0.2047245153374,18.6562590318416,1.78038273132388,0.0955548956093096,0.842341998928484,-4.15739026291792
"CGAS",0.0382632608905613,15.1133172455347,0.255331042559194,0.803749511451548,0.968763141778022,-5.10302785196411
"ANKRD44",0.606801737610112,15.0649750031746,0.891402840543085,0.391005509570322,0.896973092965481,-4.85631024407339
"DDX51",0.102513676233752,19.4722237297009,1.46452902215242,0.163976195764316,0.842341998928484,-4.44330682358726
"FAM241A",-0.0877547024972642,17.4676371498283,-0.462566030493631,0.650406088860302,0.940958728523278,-5.05240562063743
"PTGR2",0.0916262942873125,19.7667282030268,0.821445410305863,0.42443374110487,0.902043681327841,-4.8977075300221
"SLC25A29",-0.122711775352986,19.655792178112,-1.4148987194722,0.177802195798063,0.842341998928484,-4.48507158088421
"C2orf69",0.04532569982916,17.2404428883728,0.534149128158954,0.601173834381119,0.934665864553823,-5.02803611839338
"ARL14EP",0.0105977736671399,18.1711821165719,0.129453433391144,0.898742569601041,0.984405675544383,-5.12058462237531
"ENAH",0.0094834025750572,18.9958602538256,0.110281276854643,0.913668487075962,0.985471838577121,-5.12218819083186
"CDYL2",-0.0384425241425639,16.6431232130284,-0.321642809292614,0.752223126265617,0.96184670484124,-5.09046242164886
"GPATCH11",1.05372225631369,15.5355192259983,2.0757366348461,0.0575662093134387,0.842341998928484,-3.87682426477573
"MRPL43",0.41040637992057,20.4836565303292,2.26161656439484,0.0394600046650574,0.842341998928484,-3.67510653817229
"C12orf29",0.0298812896409011,18.1103640224906,0.447252663056116,0.661171522153548,0.942806111081549,-5.05718259091465
"CNEP1R1",0.055651820451649,15.4710464366389,0.14469671478789,0.887061923747054,0.983360786433286,-5.11908978340823
"JMY",-0.700470322706039,17.0956294999662,-3.20870477941202,0.0059455139465065,0.842341998928484,-2.65674432482859
"GDPD1",-0.645110500112546,16.2928970655141,-2.87022762826768,0.0155045713848537,0.842341998928484,-3.16230659830192
"C19orf47",0.0202209287444433,17.8358922882575,0.258992068368751,0.799210476377291,0.968763141778022,-5.10307274339456
"TMEM102",0.0305641996464772,16.7904768158266,0.327329448238199,0.74800481444059,0.960897384389211,-5.08918542087478
"ASCC1",0.0220227212151229,19.577959748117,0.252853066016895,0.80386155026803,0.968763141778022,-5.10416395793066
"BANP",0.17975899634958,16.3453505323208,1.20017013793716,0.248940608974633,0.850763184094445,-4.65402830076361
"LRRC57",0.0640448616886609,19.6157094448127,0.726831657847836,0.478673635785346,0.911462804536586,-4.94620233732978
"EIF1AD",0.32177327319144,18.6067227031624,2.70205219516551,0.0165457195082506,0.842341998928484,-3.20214816278711
"SCAI",-0.168763241324474,16.6507576904087,-1.22543060798707,0.239565605589747,0.849389846357638,-4.63520589414055
"KRI1",0.101729114707311,19.1134511150526,1.04394326623736,0.313271490374287,0.878437682691824,-4.76362518219297
"ZNF579",-0.099454446677953,18.786218340364,-0.695601411152645,0.497461191394373,0.91749062974616,-4.96103271784668
"POMGNT2",-0.373952702764306,15.9383789614202,-1.74952143620114,0.111405598034456,0.842341998928484,-4.2121780092582
"PRPF38A",0.204332256191698,20.6991782621944,1.67023647959864,0.115888453635446,0.842341998928484,-4.26072156904399
"USP38",-0.136875007253114,16.002809553326,-1.01677408238113,0.325602546401461,0.878437682691824,-4.78143289364893
"ZNF511",0.473127088332781,16.4778121932482,1.98959876677801,0.0654509960848431,0.842341998928484,-3.95235919022068
"MLKL",-0.190039196208939,18.0237026554412,-2.09854537186559,0.0534502521681692,0.842341998928484,-3.84183579073026
"GATD1",0.148028935865884,19.856084317914,1.16435273969443,0.262715463414501,0.851591281068092,-4.68020543763631
"ANKRD52",-0.0437225804443777,18.8966171180902,-0.693483387225844,0.498750899754962,0.917812698368546,-4.96201698838193
"ATP11C",0.128447982964584,18.0043475845361,1.14760280968467,0.269353481953686,0.858097936061624,-4.69223752048318
"ZFP62",0.179055800520175,16.0036090732589,1.03301357693337,0.318190727623717,0.878437682691824,-4.77083505235581
"KDM1B",0.0828444215924229,17.8909574218579,0.772327658012711,0.452083353830556,0.91142481873976,-4.92354510717861
"SPATA5",-0.0175803831139838,19.1868790993237,-0.297647757156832,0.770111154426795,0.964320849854457,-5.09560866012283
"DTWD2",-0.0713898356223481,18.2800436500393,-0.603936007530379,0.555035116508714,0.925905848197331,-5.00109079913028
"NHLRC2",0.00902081084365136,20.1423423694719,0.15128739717199,0.881792748295273,0.982823192403566,-5.11844709271392
"AVL9",0.054393497448789,20.4123221685243,0.888964072696924,0.388249208050215,0.896809944907941,-4.85991321676058
"XXYLT1",0.11946698772595,17.8442388852537,1.6528531600378,0.119419744415491,0.842341998928484,-4.2766979678858
"COLGALT1",-0.0497205915421368,21.1542777245936,-0.86434042450667,0.401199164046309,0.899243050380325,-4.87399764061472
"SUMF2",-0.356171309748326,17.1235824421175,-1.28023485282119,0.220365094064139,0.847665896924723,-4.59339917461587
"SIDT2",0.0913337208491818,16.1647924067769,0.74444617340035,0.468268226443713,0.911462804536586,-4.93757730949293
"SUMF1",-0.0579774336258119,18.4643393590531,-0.466265740248444,0.647817076578977,0.940757100789874,-5.0512283057611
"POGLUT1",-0.031486554982127,19.3919331196862,-0.481500712181211,0.637205597903994,0.938925721121189,-5.04628540139249
"UBAC2",-0.165970914762468,17.7159011844752,-1.77323446268596,0.0967722815654157,0.842341998928484,-4.16420142034004
"PCYOX1L",-0.103975877608043,19.1883079884198,-0.767761291346982,0.454709961117886,0.911462804536586,-4.92587497357766
"TMEM87A",0.178204187130465,18.9457602042149,1.89188699446092,0.0782464171821238,0.842341998928484,-4.0494147389644
"RDH13",-0.0759139328768725,20.2900558641995,-1.05686606407558,0.307526781486446,0.878437682691824,-4.75502104399049
"MFSD9",-0.0459670081692352,12.4521994197661,-0.16718175246677,0.869653213529117,0.980638368399719,-5.11663896621254
"TXNDC5",0.207199795654024,22.5613596548873,2.24590161712908,0.0404311376202725,0.842341998928484,-3.68914557950936
"SPC24",-0.149696885907186,18.1259640469099,-0.521988430940723,0.609568557063355,0.936335994482148,-5.03230914886291
"ATAD1",0.111533274624026,20.3771382313223,1.58282531397196,0.134601214410941,0.842341998928484,-4.34007586685668
"SCCPDH",0.0304410911252688,22.0821493628155,0.34541176817543,0.734647323357867,0.958217861269429,-5.08497911983627
"UXS1",0.049558526488731,18.2601994930383,0.451078269334799,0.658474703853616,0.941624877813888,-5.05600371387889
"RETREG2",-0.217422030553099,17.5337738708702,-1.71904763477078,0.106453258882357,0.842341998928484,-4.21536700730789
"SERBP1",0.105730582592027,24.0281329876255,0.788161580578441,0.443078729155172,0.908716866415922,-4.91535238365957
"KCT2",-0.454662104905271,18.6034875320157,-1.22843880068774,0.239060077770071,0.849389846357638,-4.63294923145055
"LEMD2",0.0699174461548182,19.5280254515467,0.927209680056068,0.368698806547123,0.892975750565936,-4.83736359298285
"NOA1",0.0644952946026152,19.3732755622092,0.887151561944632,0.389192758333787,0.896809944907941,-4.86096161092537
"NECAP1",0.185819125553266,18.8560778806942,1.98061141722992,0.0665432609448882,0.842341998928484,-3.96137277759229
"FAM98A",0.0227438373042723,20.1945280898657,0.24336463675689,0.811065288717474,0.968763141778022,-5.10579962475925
"PLA2G15",-0.0108506321585367,18.3350449491014,-0.135828303554001,0.893788059824448,0.984405675544383,-5.11999477419478
"HJURP",0.00463254734085794,16.5330856982344,0.0420300149983316,0.967036797458252,0.994596052769101,-5.12581750317249
"TSEN2",0.0942687083319527,18.1314854077212,1.0638338975149,0.304461410827433,0.878437682691824,-4.75034626047194
"MTMR14",0.154796107592521,19.2558744882771,1.43138761232835,0.173105887192168,0.842341998928484,-4.47130185367228
"NFATC2IP",0.273200090356497,18.3101918688778,1.8549013323191,0.0836490605986946,0.842341998928484,-4.08557812036449
"DAGLB",-0.00898689986989609,18.7036469482194,-0.161777173960685,0.873670150515291,0.981776234144474,-5.11730240122968
"CHST14",0.142429861327376,18.1414932312245,1.32685331108824,0.20467469730527,0.842341998928484,-4.55674175774525
"GALNT6",-0.101303042963565,19.5753956850481,-1.22562100493879,0.239495999591942,0.849389846357638,-4.63506290601987
"DYNC2H1",0.0691007728780804,16.6015243665126,0.440193896818942,0.666160266243078,0.944349207216172,-5.05933236279371
"PDPR",-0.194300358828098,19.3963391152216,-2.07961553949562,0.0553785400927661,0.842341998928484,-3.86119799760796
"NAXE",-0.0223617234293521,22.3992101543881,-0.152561938837914,0.88082528364548,0.982823192403566,-5.11830707653166
"SMG8",0.05593033462835,19.8547570605916,1.22094680592115,0.241209363944287,0.849389846357638,-4.63856842193924
"RNF214",-0.119019296788757,16.2617528999678,-0.965205398210882,0.349956458972386,0.886421458442757,-4.81416361406061
"LSM14A",0.11098110441398,19.6511128702064,0.893038151581608,0.3861339585892,0.896341048011413,-4.85754995268506
"ZNF280C",-0.0531707743600478,16.8208258614057,-0.399267157609478,0.69540097300726,0.950393426960806,-5.07114435885039
"PNMA1",-0.237470889088783,16.0644025871382,-0.68501861461116,0.504028286361663,0.917812698368546,-4.96585568880137
"MROH1",0.0337138970350779,18.5509874376762,0.612257383945389,0.549663194122135,0.92552891980847,-4.99767103285065
"C1orf131",-0.0178752204618888,17.5113967256438,-0.110383902804272,0.91358849580283,0.985471838577121,-5.12218028828871
"TENT4B",-0.0933446387308763,17.1806830817989,-0.822804672643857,0.423684373405056,0.902043681327841,-4.89697247026529
"NPEPL1",0.0255631790409012,20.8112989747595,0.479110009555488,0.638865428953957,0.938925721121189,-5.047071135054
"EHBP1",0.131744263561465,18.5235415530052,1.24554390337033,0.232299210087471,0.849389846357638,-4.62000942249271
"RBM15B",0.0861223393139703,17.5241878589194,1.06106895159228,0.305675109028381,0.878437682691824,-4.75220425654001
"PHC3",-0.145929366140784,17.8561493884866,-1.32246158047105,0.206096457413223,0.843995989811915,-4.56023235917552
"DIPK2A",-0.142572109644206,17.9060356066063,-1.0646173473159,0.304118151296957,0.878437682691824,-4.74981908667541
"CNNM3",0.0303460540648786,18.3053366319157,0.502328974068286,0.622830524090969,0.938315260595475,-5.03928164166894
"CHDH",0.169106117820562,18.3811932079411,1.52964195328106,0.147204657263017,0.842341998928484,-4.38710577890249
"ABCF1",0.0277903805156114,22.701922485738,0.477761744321668,0.639802392886303,0.938925721121189,-5.04751260523763
"MCU",0.0601864795452194,19.257938828342,0.811174991536668,0.430123478217046,0.902043681327841,-4.90322686364501
"PIK3C3",-0.060451035707235,18.6491735968882,-0.771457536664603,0.452583122690429,0.91142481873976,-4.92399001738635
"GSTCD",0.179231707332463,17.2954344136977,1.60222423470554,0.130238656752019,0.842341998928484,-4.32268043002558
"SRFBP1",0.115399990459824,17.250900463143,1.18168523184946,0.255978587389254,0.850763184094445,-4.66761367071635
"NGDN",-0.0235276257719548,19.7869353422895,-0.273158515550993,0.78850784546283,0.968408605409542,-5.10045601218059
"DDHD1",0.162940386000496,19.3152055387415,1.69802618474609,0.110431282872428,0.842341998928484,-4.23498765138335
"SHCBP1",0.178434878168861,17.8353929310803,1.84523135886694,0.0851155000823486,0.842341998928484,-4.0949776830883
"SUPT20H",-0.287567108471592,17.4566180351246,-2.29748176581944,0.0366208487898096,0.842341998928484,-3.63498073820123
"PDZD8",0.0167998123548116,16.7660793215691,0.123332944461397,0.903622536315198,0.984405675544383,-5.12110022964372
"APPL2",-0.000509516194579618,17.392834476936,-0.00515370295526172,0.995956814459913,0.999742128090196,-5.12642530332257
"SLC30A7",0.116217107007511,18.6917576339947,1.36456443744855,0.192788241202571,0.842341998928484,-4.52643421290258
"PPHLN1",0.134704571043546,18.2476675065492,1.06718282298743,0.30299610347206,0.878437682691824,-4.7480906209386
"VPS37A",-0.0650185688876874,17.1061029704987,-0.307898811700356,0.76245189451474,0.963360829111366,-5.0934580593991
"FBXO22",-0.0168552719978692,21.2819152447337,-0.313003087286972,0.758647643555339,0.963360829111366,-5.09236052897489
"LPCAT1",0.0292845820435943,22.0766756804144,0.407146696469941,0.689730457979449,0.948559449659011,-5.06895699035697
"USP32",0.042227125817714,20.6719948752947,0.755554427078429,0.46177788896978,0.911462804536586,-4.93204232358231
"BOD1L1",-0.0678163789222026,17.502668665476,-0.450590476257219,0.658818296414677,0.941624877813888,-5.05615456759202
"ARID1B",0.0575014877954025,17.6176705389447,0.544526132049804,0.594193170395244,0.933531465418893,-5.02422703261736
"FLAD1",0.0691006987854301,20.813044442644,0.843241573556027,0.412520663431522,0.902043681327841,-4.88579190715334
"FLCN",0.0944064157623217,19.3610350247103,1.72375921046743,0.105579032851645,0.842341998928484,-4.21095152498844
"NUP43",0.0398778114079086,20.3569853663124,0.72784934065781,0.478068686090245,0.911462804536586,-4.94570911386688
"NUP37",-0.0284849032035872,19.7895334802994,-0.345984644874635,0.734225555057654,0.958217861269429,-5.08484223985459
"NUP35",-0.162394753270352,19.6324950924169,-2.06401857084427,0.0570151414981592,0.842341998928484,-3.87710316763513
"ENGASE",0.132861543953563,17.7326302059829,1.51510549196852,0.150818221921581,0.842341998928484,-4.39978700672577
"GPRC5A",0.0262178846118495,18.4908708464497,0.122404070201027,0.904245534740658,0.984405675544383,-5.12120011820096
"NUDT10;NUDT11",0.180431002655757,15.2349557568501,0.549285987413811,0.591004930750299,0.93247311322733,-5.02245661432673
"NBEA",-0.01002570228761,15.7832021346186,-0.0649680174942372,0.949069268491358,0.992337163399081,-5.12496032773079
"TOR1AIP2",-0.0142884534267118,19.2432618570678,-0.256507809136289,0.801091682002048,0.968763141778022,-5.10351743876569
"SPTSSB",0.511647716635565,18.9991781676915,0.824367903066474,0.423229280605996,0.902043681327841,-4.89588325500828
"TSTD1",-1.86051012979316,16.4288717459264,-2.5629263322275,0.0275539700649823,0.842341998928484,-3.46306900162983
"ABHD11",0.0651938316760621,21.9488826293682,0.569762461632893,0.577389333018933,0.929790176756083,-5.01467450071445
"CMAS",0.0641932099036353,19.8659384387096,0.759450397786449,0.459514740618143,0.911462804536586,-4.93008358255114
"FBH1",-0.102207406504267,16.5801024347834,-0.567424754054948,0.578935494020012,0.929790176756083,-5.01557653383704
"TSPAN14",-0.0395572741429966,18.3668264454176,-0.174542321183823,0.863833929552965,0.977938855834598,-5.11579847422713
"TTL",-0.0180083212993267,16.4838917229005,-0.122621792377241,0.9040569153481,0.984405675544383,-5.12118535898583
"SVIP",0.387997353680174,16.059467415164,0.991611650756973,0.337514304968633,0.882084620678191,-4.79749990302857
"ATL2",-0.144110993677849,19.7730110049778,-1.72548212083068,0.105260921599649,0.842341998928484,-4.20933527155636
"KDM2B",-0.0515971489362599,18.0775131280223,-0.240351090883708,0.813389283835301,0.969233600523131,-5.1062940687407
"MOSPD2",-0.0449589898023497,18.3383009779166,-0.64634365263269,0.527957485746352,0.923174371936723,-4.98320859890509
"PLBD2",0.0862055943574163,19.7888034493793,0.704858949451045,0.491847158578852,0.915921405077277,-4.95669845341001
"RASSF8",0.225883285411975,15.4259816435892,1.08528581854554,0.296399363021334,0.877128291805452,-4.73543569242369
"DDX55",0.0197364878896309,18.6814494428773,0.271103435016741,0.790057768088616,0.968408605409542,-5.10084413943726
"MFSD8",0.127561415563955,15.303895786694,0.633458598940865,0.536105549827523,0.925464328596667,-4.98876114890685
"NEDD1",-0.0273639312798331,17.8080627312638,-0.271010802803323,0.790127652102662,0.968408605409542,-5.10086156605743
"THOC2",0.0974398813986461,20.5591892721103,1.49533525904837,0.155852271617335,0.842341998928484,-4.41691127799667
"PATJ",0.0723887209324019,18.7230531580977,0.934366763224888,0.365116543858648,0.892652924906307,-4.83305381342986
"WDR36",0.104830579382138,18.7270542142126,1.91283609458952,0.0753271688826784,0.842341998928484,-4.02878666333174
"COQ8A",-0.263827771493503,18.4863798795196,-1.6989550971694,0.110252798839126,0.842341998928484,-4.2341234156671
"RP9",0.0100726552354011,17.7561803432828,0.0686922912193029,0.946154443886939,0.991836338916264,-5.12478649798701
"GRPEL2",0.233878911005494,17.8868290967471,2.86638428237432,0.0118997093083534,0.842341998928484,-3.02458173468032
"VANGL1",0.0395922624920146,18.9806883415937,0.431913879422099,0.672032960685043,0.945401575782756,-5.06181198924037
"JOSD2",-0.0127135279241344,16.7524584067167,-0.0977940624994982,0.923408524132006,0.986084669120459,-5.12309499559054
"SLC30A5",0.292616174533375,17.5882790028952,1.14147593088526,0.272005230807791,0.85906760557634,-4.69656849332699
"SNIP1",0.282047072739992,18.3262380574008,1.67781357669412,0.114377770920389,0.842341998928484,-4.25372837910603
"GADD45GIP1",0.183009066669598,19.2764463560278,1.15402709740289,0.266943301674805,0.855784088667751,-4.68761403637868
"WDR48",-0.0972727785348937,16.8529765558617,-0.937873321947146,0.363370226163309,0.891847968629667,-4.83093200494436
"EXOC6",0.0576418455805516,19.5233901687947,1.02219310708527,0.323115593188622,0.878437682691824,-4.77791176263697
"SMARCC2",-0.0652067739040803,19.9328563177371,-1.34926998383332,0.197539917707573,0.842341998928484,-4.5387976756052
"NPLOC4",0.104203434476233,21.3769421876546,1.47615191847843,0.160870615398702,0.842341998928484,-4.43338970136246
"CXorf38",-0.0290372742032972,19.6117960683896,-0.244158202626873,0.810462115710838,0.968763141778022,-5.105665196284
"SPATA20",-0.0598389751471693,18.9332349970118,-0.904128453032877,0.380415338664808,0.893756828005623,-4.85106969424406
"GDAP1",-0.0580202525827573,19.5454563903484,-0.497384818145265,0.626228799750723,0.938315260595475,-5.04096983865484
"NUBPL",-0.0883828616669859,18.2800366630795,-0.561776400458744,0.582680157513315,0.929790176756083,-5.01774158841486
"ABHD4",-0.0284316596940251,16.7587582384034,-0.217417678022088,0.830853081627132,0.972434112431026,-5.10995622857136
"SLC35B2",0.032258898108747,21.6478656051136,0.465847051269195,0.648109835008964,0.940757100789874,-5.0513619925429
"PUM2",0.177556018153847,19.0303707772862,1.67630294223352,0.114677581942884,0.842341998928484,-4.25512401088335
"ITFG1",0.057054251324935,18.1628695376312,0.605343990350211,0.55412419513042,0.92552891980847,-5.00051524560677
"GOLGA5",0.0240453057382837,18.1573335226142,0.264862429933131,0.794770274308308,0.968763141778022,-5.10200509818789
"KLHDC4",0.134722591729883,19.6365817202048,1.32588555612761,0.204987316258292,0.842341998928484,-4.55751164603891
"SHKBP1",-0.0927311813153011,16.651626306308,-0.634864565276999,0.535213077613027,0.925464328596667,-4.98816031813016
"UBA3",0.0979566530974054,19.3558411413526,0.93405665690529,0.365271259423706,0.892652924906307,-4.83324113335106
"BAHD1",0.134107332199726,17.8210599946391,0.673870174545085,0.510786556919045,0.918582534034279,-4.97100072751567
"NANP",-0.047544407596682,17.2242547723842,-0.427032313396398,0.675505681880655,0.946079528049669,-5.06325255490321
"PRXL2B",0.176604987899179,18.3442457201793,1.49814680380522,0.155127897211917,0.842341998928484,-4.41448473264037
"ZCRB1",0.00529489508773651,16.199096199854,0.0337063488888557,0.973561898382711,0.995345796131194,-5.12603770369768
"ZCCHC10",0.281970772206817,15.5411611753833,1.53463965326138,0.145979283171039,0.842341998928484,-4.3827284624216
"TMEM254",0.0946172689414233,16.1865800938083,0.435940654101184,0.669174134535139,0.944349207216172,-5.06061176627405
"DNAJB14",0.167369042374375,17.5992428297921,0.892871910188096,0.386220118357815,0.896341048011413,-4.85764656703923
"SLC25A40",0.114577459547199,17.783004808241,1.15165621300271,0.26773556395133,0.856157940490957,-4.68933819839374
"TMEM167A",1.58170163546617,20.7302711719056,1.79856523932769,0.0931621381951521,0.842341998928484,-4.14194014488943
"PIP4K2C",-0.0176090745545565,20.7297799648897,-0.345653854019923,0.734469082005518,0.958217861269429,-5.08492130426368
"WDR20",0.154633614745528,17.1304266449873,1.08280119215668,0.296230721323458,0.877128291805452,-4.73749582324177
"TRMT10A",-0.186898450693349,17.8204354458777,-1.53733425598443,0.145322181399687,0.842341998928484,-4.38036467111465
"TBC1D15",0.035139823137623,19.696526074849,0.414856160825889,0.684200892403992,0.947983628026866,-5.06677670995199
"RDH11",-0.0123885213547261,21.9008168907132,-0.20610915651697,0.83951530993002,0.974083960838905,-5.11162260426626
"LRRC20",-0.106419245581321,16.9929653991405,-0.4650345840538,0.648678105007679,0.940928818983741,-5.05162108284208
"MRPL30",0.00524011986474449,18.3886685611889,0.0512458241615599,0.959815188453464,0.994118447583944,-5.12551726046968
"NT5C",-0.0225279073242497,17.8839513789289,-0.243659416489384,0.810841218257336,0.968763141778022,-5.10574974019924
"DENND10",-0.387047773214473,17.5841239071103,-1.86586915408007,0.0820131501444029,0.842341998928484,-4.07488888062156
"ZFAND1",0.138353287738369,18.2941012204801,1.3759982291593,0.189296872650165,0.842341998928484,-4.51712851879349
"CIP2A",-0.0155678334572755,18.3395760539366,-0.164525933727839,0.871544079869983,0.981443375559193,-5.11698981933536
"PI4K2B",-0.0503239646296301,18.2272892652577,-0.876644089003225,0.394693015667857,0.897167192888407,-4.86700291886527
"STT3B",-0.0283449121548216,21.8078980398919,-0.351789990965744,0.729956507634091,0.958217861269429,-5.083442627659
"PNPT1",0.0482541547987339,22.1108706521119,0.912615621118803,0.37607798611102,0.893032886384972,-4.84606417129352
"SPPL2A",-0.180469940302164,19.2930533668429,-1.04869208610273,0.311320814616119,0.878437682691824,-4.7604132573735
"HM13",0.380435083153763,23.1870784015183,2.18806921155619,0.045351082207955,0.842341998928484,-3.75131372184636
"PREX1",0.0599710039347272,22.9877802973291,0.806691891052244,0.432622347193055,0.902798869645563,-4.90561683111918
"DYNC2LI1",0.0956774374425962,14.7578936326349,0.312942742527385,0.759367137967972,0.963360829111366,-5.09206027010878
"URGCP",-0.053469036487332,17.6005609419164,-0.501063425332845,0.623699535913398,0.938315260595475,-5.03971528574604
"BICD2",-0.0666530375097238,18.4161541468694,-0.561970289019223,0.582551409440796,0.929790176756083,-5.01766760816365
"SFXN5",-0.413932509685683,15.9126853470373,-1.72906714765173,0.104601685100505,0.842341998928484,-4.20596941055818
"CHD6",-0.418635046502587,16.7693469546937,-1.78813835592267,0.0942493913192039,0.842341998928484,-4.14998462954794
"GPT2",-0.207199214767183,18.5914033050101,-2.04965066265878,0.0585619180147269,0.842341998928484,-3.8917155266693
"TRPM4",0.0587664164950787,18.5633719361311,0.850572068273853,0.408563651969039,0.902043681327841,-4.88172300333074
"DDX54",0.125270809700314,21.2105545971479,2.16383168437145,0.0472648825302185,0.842341998928484,-3.77459479968336
"BLOC1S5",-0.195121446142943,15.5861688233829,-0.752615552153859,0.463489604186875,0.911462804536586,-4.93351387859227
"DMXL2",-0.019626580471769,17.7153285049892,-0.180821796652689,0.858961388513315,0.977171115752443,-5.11502911938662
"DLG5",-0.553960595136161,16.6811142937696,-4.95012914111325,0.000222904089683536,0.371748295569717,-1.11327788064599
"CABLES1",-0.536918659086371,15.6521462076455,-2.57796767320691,0.0220986550862974,0.842341998928484,-3.35662058171404
"BRIX1",0.104044047736991,21.8369057732338,1.66303034592399,0.117341196251116,0.842341998928484,-4.26735591341472
"RNASEH2C",-0.136903550080451,17.864907997348,-0.507199662696567,0.619601887156261,0.938315260595475,-5.0375341679231
"GNPDA2",0.10732661425121,18.4854923884031,0.577281055079432,0.572508687412247,0.929247069033357,-5.0116994565803
"NEK7",0.0441249606449396,18.899140415002,0.193448409906875,0.849294228735494,0.975701677811386,-5.11336632473596
"RB1CC1",0.398884123955833,16.1851817382295,1.98496205867235,0.0660124603127236,0.842341998928484,-3.95701152800202
"MICAL1",-0.187206093318778,16.7928908742512,-1.0397117022654,0.334055848720554,0.882084620678191,-4.75960368989927
"PANK1",0.200229281563161,15.9592202580979,1.71971139320109,0.106329717581118,0.842341998928484,-4.21474535481178
"EPS8L1",-0.109690732523823,18.3161125325362,-1.11145363133373,0.284110828774261,0.871003372588737,-4.71774051805913
"EOLA1;EOLA2",0.634633652028613,15.6386881812624,2.02009219667446,0.0666841913805374,0.842341998928484,-3.94808545496076
"SSH3",0.0411453842768488,20.0688808952156,0.800165307010841,0.436276795978793,0.903961056574724,-4.90907520578752
"GRHL3",-0.797512087489666,14.4159404646247,-2.13895129591291,0.058703307640335,0.842341998928484,-3.86532271610154
"TBCK",-0.148422867793002,18.3239405809189,-0.884830392572057,0.390403351974228,0.896881171140022,-4.86230152702512
"DTD1",0.103038031116704,21.0976234551953,0.921222729018354,0.371713880482657,0.892975750565936,-4.8409470895473
"DCAF11",-0.0218315073248725,18.7940119926215,-0.29126099219997,0.774895749237705,0.965508761746846,-5.09691233271973
"UTP15",0.166420925494798,18.3295339215458,1.76929527862849,0.0974489758090698,0.842341998928484,-4.16794883217155
"TRPC4AP",0.00101385949221822,17.6746046145702,0.0161558075724823,0.987325966724183,0.997917399529304,-5.12634340026021
"NUP210",0.0959818427294437,21.578748247719,1.6815596080367,0.113637242353391,0.842341998928484,-4.2502645110003
"GEMIN5",-0.0326407648171774,21.5202222265004,-0.743421134994867,0.468869936306575,0.911462804536586,-4.93808433744173
"PIGO",0.201301699191927,18.5205249517124,2.25824243927272,0.0394871239891365,0.842341998928484,-3.6762166082258
"RAPGEF6",-0.167007595652994,16.3892051151296,-1.82424149353954,0.0883777129972456,0.842341998928484,-4.11529919645883
"SMCR8",0.211269313513164,16.8880124458104,2.16164118701562,0.0474611926952004,0.842341998928484,-3.77686197778551
"PARD3",-0.0452090474404159,19.1979689332445,-0.653003618891443,0.523773408012635,0.921287170798398,-4.98029804729322
"IPO4",-0.0610400638454038,22.6368007637424,-0.838305276737963,0.415199368226729,0.902043681327841,-4.88851449702111
"USP33",0.147708182906314,15.4656791826102,0.834809628486006,0.417103146310885,0.902043681327841,-4.89043402453956
"PNISR",-0.194091706406484,15.5646411433321,-0.799522223982023,0.436637939754724,0.903961056574724,-4.90941462041587
"PPP4R1",-0.0134377764976996,18.956983872394,-0.155828271661233,0.878274849432214,0.982823192403566,-5.11796094637472
"ZNF526",0.0853832552547402,16.8076973471271,0.669211752485314,0.513669665297376,0.919176592596243,-4.97309969448296
"ZNF384",0.147274437271587,17.4805984472535,1.26223554333796,0.226400999716773,0.849389846357638,-4.60725928818114
"WIPF2",0.207883032226761,18.6659647996579,1.57140603299003,0.137227095577514,0.842341998928484,-4.35025637078513
"HASPIN",0.252164048808076,16.4496704968209,2.6053802184579,0.0200546477745228,0.842341998928484,-3.3064218165503
"ABHD5",-0.0233733046901925,16.8454653616113,-0.12735897661436,0.900371330777621,0.984405675544383,-5.12077224834005
"SETD7",0.208723005839495,20.2347238260544,2.53604377377103,0.0230013682665181,0.842341998928484,-3.38099041749524
"NOC3L",0.121644138262109,20.245742859464,2.15496735470048,0.0480639634490145,0.842341998928484,-3.78376484671453
"SCARB1",-0.161066633772688,21.0285039556492,-0.866798561514706,0.40010456420071,0.899243050380325,-4.87248739476553
"COG1",0.0297016774400412,19.6815482856822,0.512066008193854,0.616163878830885,0.937823009875541,-5.03591031773026
"SCFD2",0.0139132415688614,18.3331629065185,0.23585649843135,0.816778147512946,0.969686015513223,-5.10705005654455
"SMAP2",0.105164065698435,19.9161538546895,1.23279537374613,0.236884625516039,0.849389846357638,-4.62966286792766
"ZC3H15",0.09218782534996,20.5150999056022,1.30647532341814,0.211338713817589,0.846423796376897,-4.57286879336262
"PPIL4",-0.0322848535272477,20.0954998893065,-0.470271111990156,0.645019459153721,0.940757100789874,-5.04994356539573
"GTF3C2",0.0553624648254178,19.8382010649259,0.67400082175704,0.510705833834112,0.918582534034279,-4.97094166814378
"TBC1D22A",0.0753072561277968,17.9048834820016,0.839196466783981,0.414714921905692,0.902043681327841,-4.88802400201515
"TSKU",0.0664145577244639,16.9084235383844,0.298472657645827,0.770134982814544,0.964320849854457,-5.09515115934823
"PHF10",-0.160038156353735,17.1674413637116,-1.20338992963544,0.24773010410071,0.849389846357638,-4.65164557373409
"RAB2B",0.00249446134779774,17.4749679898076,0.0211731643144692,0.983390465273095,0.997543228069567,-5.12627797227058
"CCDC12",0.238085987201842,16.6799669089203,1.2660792852626,0.225059598952161,0.849389846357638,-4.60430552700254
"CHPT1",0.168830308945719,17.1631663275248,0.671878617909795,0.512090697930197,0.918582534034279,-4.97185213825504
"PPP1R13L",-0.112453331111176,19.7412737737353,-1.59631905741418,0.131553665055626,0.842341998928484,-4.32798907332325
"FAM172A",-0.0110847554060847,16.153451433432,-0.0627314256749164,0.950820114708375,0.992530218964564,-5.12506006816203
"TGFBRAP1",-0.0171972242009026,18.4110274064646,-0.187402007653149,0.853891526898373,0.975701677811386,-5.11418525993324
"HDAC7",-0.000341547923692787,19.6870725675915,-0.00269356621863148,0.997886834865975,0.999742128090196,-5.12643204757324
"STYX",0.105644031120683,16.4910850920695,0.906919384902475,0.378985306530173,0.893575714592306,-4.84942809284763
"PTPMT1",0.0958361147195284,19.8665424510339,1.44455937906746,0.169428273363767,0.842341998928484,-4.46022603557554
"NUP133",-0.0513409716695925,20.1066241325266,-1.0538114732023,0.308877681203528,0.878437682691824,-4.75706256546065
"PDCD6IP",-0.0160392936592473,21.9490267054748,-0.178105997693857,0.861055720164973,0.97751782113991,-5.11536865874967
"UBTD2",0.228251192858087,13.5919602836825,1.17180459413385,0.259802643566854,0.850763184094445,-4.67480929419439
"CACTIN",-0.101777418642591,15.8477455042253,-0.466352260636334,0.647756586725711,0.940757100789874,-5.05120066553869
"C15orf40",0.260076413439048,19.1903051864543,0.832696446687341,0.418629964589682,0.902043681327841,-4.89136992496678
"GATAD1",0.0675571083449853,16.3162704026776,0.330109530383322,0.745945585661514,0.960286183316858,-5.08855313408234
"CHAC2",0.000180777672458277,17.9597358035793,0.00238864184071032,0.998126054591725,0.999742128090196,-5.12643258895161
"CHMP7",-0.00381307355096894,17.3916600334669,-0.0515969486355279,0.95954011130724,0.994118447583944,-5.12550464838107
"THEM6",0.104209367025859,22.4902110782162,1.09171981400111,0.292417832577702,0.875482866553864,-4.7313906108088
"PRUNE2",-0.299427233392972,20.4165944206904,-1.18851236215818,0.253752635461408,0.850763184094445,-4.66258029522911
"DCAF4",0.169664859328659,16.7230504400857,0.923775995019405,0.370425977072304,0.892975750565936,-4.83942124729059
"NSMCE1",0.0871068092315568,18.0855198485122,0.749494954560711,0.465311427920369,0.911462804536586,-4.93507077365891
"SNX33",-0.107815633385208,16.2139560628609,-0.544525510044431,0.594193587593018,0.933531465418893,-5.02422726301772
"TRIM41",0.0190955251453602,15.6799264470191,0.130805052030869,0.897691728445492,0.984405675544383,-5.12046192167393
"PTCD2",0.11247233678044,15.6241438271519,0.513121553037221,0.615443261243026,0.937823009875541,-5.03554114182041
"ZFAND2B",0.170898762770737,16.767794672339,1.09358826431449,0.291623660807965,0.875482866553864,-4.73010651118353
"CHTF18",0.0287328261409101,18.7823889553603,0.478948808416343,0.638977420679226,0.938925721121189,-5.04712398084947
"LEO1",0.0572860592771107,20.2003478445316,0.673796137743316,0.510832305357904,0.918582534034279,-4.97103419134874
"DCAKD",0.0410258294573076,18.6838748411395,0.431057524668883,0.672641611314673,0.945468223573574,-5.06206584705061
"EEF1AKMT1",-0.120581933121343,18.0192867933762,-0.951752235066981,0.356515011987927,0.890050595827842,-4.82246796401313
"SMIM4",0.212936969062756,17.566268527628,1.48114209518536,0.159552386406862,0.842341998928484,-4.42911632495036
"NUDCD2",0.0845777795052243,21.147014130733,1.38602345973387,0.186278089171916,0.842341998928484,-4.50892528053301
"SNRNP27",-0.0717011014047024,19.0728167595293,-0.784465159217178,0.445147952113275,0.909916121031136,-4.91729224084204
"SKA2",-0.383379903649779,15.9151682959489,-2.22978452069681,0.0416957965526212,0.842341998928484,-3.70600071602278
"TFB1M",0.0410850689357751,18.2501740689742,0.387643584464685,0.70380025334852,0.9516081755383,-5.07429523806079
"STAG1",-0.110068082669756,19.5986084715174,-1.65435130992244,0.119111783725373,0.842341998928484,-4.27532479466898
"SCFD1",0.0700284087168761,21.2439564879863,1.17130519052054,0.259997078652961,0.850763184094445,-4.67517175687773
"CANT1",0.0227284177210656,19.7054383911311,0.239224646750403,0.814214009862015,0.969233600523131,-5.10649390888987
"TRAPPC14",-0.0272189285533013,15.4917419587882,-0.109510352253121,0.914269411139328,0.985471838577121,-5.12224732012989
"TRAPPC12",0.0119708585498977,17.41891366918,0.14932679732744,0.883312461954806,0.982823192403566,-5.11865256967206
"POF1B",-0.864304808743915,15.5939585239796,-2.45186241615066,0.0326508269806616,0.842341998928484,-3.55541733583327
"HNRNPLL",0.0176167843247974,19.9115788797199,0.338464797929233,0.739768880823912,0.958733148350364,-5.08662131893477
"FAR1",0.025195779490371,19.695685463359,0.498785652251266,0.625265067169361,0.938315260595475,-5.04049313910832
"UBLCP1",-0.0587431088340686,19.5139093395817,-0.730692216997624,0.476381218316765,0.911462804536586,-4.94432799080366
"KBTBD7",-0.0413210207708268,17.1296535957925,-0.301947529009244,0.766895433945948,0.963360829111366,-5.09471531632045
"TSEN15",0.00779746140344173,18.9297215589735,0.0611529439405836,0.952055938328062,0.992530218964564,-5.12512835878635
"PCNP",0.136770431680176,21.0475556014655,1.15879216307182,0.264905177903753,0.853718501135539,-4.684214750844
"DNAJA4",0.113233530233192,16.994625506644,0.818021940618716,0.42725041139449,0.902043681327841,-4.89899733780541
"SPRYD4",0.00878727288620595,20.3188750356981,0.17032405514275,0.867062812778888,0.979372845250247,-5.11631328873778
"MAIP1",0.101273580977558,20.7591192064048,1.51871919320337,0.149913004024763,0.842341998928484,-4.39664160077981
"TRUB1",-0.0227801831501679,19.7555789407936,-0.403143399100279,0.692609056082571,0.950093748745254,-5.07007349535674
"LMO7",-0.046850544142778,15.7555858895585,-0.313920963542974,0.757964224734163,0.963360829111366,-5.09216128510345
"SLC44A1",0.170201106478086,18.813836659886,1.29879222436021,0.213895770150974,0.846423796376897,-4.57890278759455
"CKAP2",-0.0126612953378249,16.9412265328798,-0.133743603802238,0.895407782711714,0.984405675544383,-5.12019077480076
"ATXN2L",-0.0107264857735672,21.0872166970003,-0.124019463513307,0.902969269492622,0.984405675544383,-5.12106509743587
"PHIP",-0.140436662847204,15.9095871152964,-0.860980827982194,0.402988004446757,0.900408026538814,-4.8758926611767
"RTN4IP1",-0.0740256172095926,17.9926347339827,-0.494104247272976,0.628488493445703,0.938399949405853,-5.04208119228347
"PRPF31",-0.019802264974544,20.8625829922655,-0.297074183646239,0.770540451157376,0.964320849854457,-5.09572687589452
"NELFB",0.0142949056596358,20.9854199802188,0.26229897476697,0.79670831818073,0.968763141778022,-5.10247422131251
"PALLD",-0.0342417069051955,18.674255734679,-0.334247957047857,0.742883932725972,0.959492490845103,-5.08760220466873
"RUFY2",-0.0462377800517864,18.2669541503364,-0.481276859887284,0.637360930330239,0.938925721121189,-5.04635913225409
"SREK1",-0.0424458401034542,18.967954099475,-0.61777647945302,0.54611596656973,0.92552891980847,-4.99537881188312
"GEMIN6",0.107383840980983,17.7442633097608,0.547863313804293,0.591956953654135,0.932895071539507,-5.02298730272367
"CASKIN2",-0.0275789244517028,18.6792567391252,-0.321870441554243,0.752054111971145,0.96184670484124,-5.09041172604908
"PSPC1",0.115360584640126,21.8932967905497,1.10204527032195,0.288049081729957,0.8734433746457,-4.72427257406861
"MADD",0.0636885145700496,19.3083871757613,0.992438960361309,0.336939861011381,0.882084620678191,-4.79705467895605
"SYNE2",0.0342609316440345,18.0534106414124,0.471891601130595,0.643889173409968,0.940757100789874,-5.04942078807802
"GATAD2B",-0.035235131475492,18.9963152897545,-0.389404770850506,0.702525005498264,0.9516081755383,-5.07382363969676
"DNAJC9",0.0999197208331353,21.1033904802745,0.736766030706593,0.472821708450944,0.911462804536586,-4.94133931827998
"BRI3BP",0.0939088065011084,21.4897364085698,1.21442596573951,0.243615521489685,0.849389846357638,-4.64344207592164
"PPM1E",-0.085007890816744,17.0946044429712,-0.611786543519604,0.550630440171204,0.92552891980847,-4.99743162569149
"THAP4",0.0315023366128813,17.0036284497003,0.279094143393689,0.784036460614492,0.967179469060542,-5.09931876377554
"CTNNBL1",-0.0165507241496776,21.3290920905208,-0.246078578234227,0.809002992825302,0.968763141778022,-5.10533809725817
"ING5",0.0439208201270667,16.4205500734585,0.150121695506405,0.88270220863602,0.982823192403566,-5.11856813102299
"ATG4A",0.213683879659431,16.4797702887772,0.492324282303499,0.629868132994651,0.938594368330039,-5.04258780158463
"AHCTF1",0.0856735312267958,19.4260503917263,1.481229488835,0.159529380630791,0.842341998928484,-4.42904140186796
"DGCR8",0.210972741575898,17.0771205239957,1.40853537910254,0.179642362017805,0.842341998928484,-4.49035689525954
"TTN",-0.0667750763010382,24.4211998768832,-0.408850829676852,0.688574693132196,0.948559449659011,-5.06844045761569
"OVCA2",-0.0392408311681969,19.6719332988481,-0.516986576805752,0.612808117509978,0.936335994482148,-5.03418317306688
"LZIC",0.104339655529202,18.3804799590928,0.520388083642778,0.610568912617851,0.936335994482148,-5.03293267178132
"POMGNT1",-0.0989569802292465,19.467728807092,-0.832702522239827,0.418253445920748,0.902043681327841,-4.89158767501012
"IRGQ",-0.342643937438215,18.8978967832139,-1.52086866139773,0.149818847573783,0.842341998928484,-4.39524330877502
"ST8SIA4",-0.0431204245280234,17.4376933039004,-0.419606407690554,0.680803066727657,0.947983628026866,-5.06541358288423
"DDB2",-0.0391520377512329,20.6193870381452,-0.452806185667068,0.657258231956731,0.941495118052367,-5.05546807770867
"DDX1",0.101748382846875,23.3884485674593,1.4332767683176,0.172574413792772,0.842341998928484,-4.46971744325221
"SEC14L1",-0.0105238670887715,18.6999269058993,-0.177414582012557,0.861589089410447,0.977592365867279,-5.11545428628755
"SLC39A7",0.174501816902485,17.2818197069788,0.38759915587197,0.703970371200946,0.9516081755383,-5.07423263990529
"HSD17B8",-0.0473868251609844,19.3401522008294,-0.57155957746087,0.576202181031982,0.929763305957504,-5.01397868657203
"PIEZO1",0.142192662284312,19.2842425570408,1.90769538000239,0.0760343076902249,0.842341998928484,-4.03385806436767
"FAM3C",0.172084782779201,19.250257242359,1.40841143571097,0.1796783588195,0.842341998928484,-4.49045968168063
"H1-10",-0.00461420004642932,23.5412657534433,-0.0526430669551867,0.958720595318578,0.994118447583944,-5.125466562453
"CCT6B",-0.423866078195093,19.0337607807785,-1.15711585561033,0.266134421760134,0.855193992081818,-4.68533153472432
"PSMF1",-0.243488142409735,20.6841545880258,-2.39165904559234,0.0305195619805962,0.842341998928484,-3.5353091861083
"SLC7A6",0.0341576508007542,18.8575378255745,0.366676251565734,0.719052118462298,0.954180921097348,-5.07974973040568
"GBF1",0.118533287941712,19.9825004279368,1.30216509802558,0.212770206223272,0.846423796376897,-4.57625701624819
"SMG7",-0.1400191570952,18.4255556412842,-1.69087177198658,0.111814407902851,0.842341998928484,-4.24163523491835
"RTF1",0.0989473241363292,20.0454592095204,1.56566100473046,0.138564577150751,0.842341998928484,-4.35536132087898
"NCSTN",0.215240269638755,20.5269390599946,2.48868414731429,0.025247766041487,0.842341998928484,-3.43177315622497
"TM9SF4",-0.0203463430610604,21.3068325311488,-0.34181063973805,0.737300596896414,0.958217861269429,-5.08583446993098
"TMEM131",-0.175127748792715,19.4837698879596,-0.958551960947692,0.353367445280671,0.887629706552621,-4.81819795782811
"TOPBP1",-0.406561146018598,15.7878706204613,-1.90162535088358,0.0768769653208855,0.842341998928484,-4.03983836093217
"IP6K1",0.0684240335678297,18.0450960533367,0.770494218441552,0.453136822471918,0.91142481873976,-4.92448205726393
"MRPS27",0.0595042127225867,22.4150916808375,1.08365362494635,0.295864708933268,0.877128291805452,-4.73691402244087
"WASF1",-0.0942415925337272,16.9284872259345,-0.562933720192145,0.581911878498403,0.929790176756083,-5.01729964352176
"BAP1",-0.064595296444331,15.6474695763395,-0.516271688952945,0.613295107675875,0.936529796885168,-5.03443507905548
"FIG4",0.0312609154087546,15.9550780088231,0.211999799912956,0.835000372736686,0.973308054279073,-5.11076559760491
"PIK3R3",0.383055864917791,15.3145377373678,1.11495551581902,0.287074533353516,0.87217797114032,-4.71423654524357
"AP3S1",0.0224196153903371,19.9384923012467,0.320428685656015,0.75312482028886,0.962101814658557,-5.09073222258137
"TSC1",-0.108167322946617,15.6238897816925,-0.801369998850248,0.435600774561062,0.903710431392176,-4.9084387262693
"UBXN4",0.146040476179394,19.8817887266141,1.44354954545341,0.169707917483148,0.842341998928484,-4.46107755551566
"PHF3",-0.0899315140638066,17.398304013683,-0.853017856110241,0.407248979699289,0.902043681327841,-4.88035858510946
"SLC9A6",0.379117718491262,16.77801700732,1.8404002425628,0.0858566881173119,0.842341998928484,-4.09966490279221
"NDRG1",-0.189623193043904,17.409293315593,-1.48892481929675,0.157514468767099,0.842341998928484,-4.42243301099494
"HSPH1",-0.081420927037545,24.0731098920708,-1.23529966250426,0.235978344648337,0.849389846357638,-4.62777239644231
"SEPTIN8",0.0774680576967661,20.3409604985467,0.988709738403074,0.338701734482546,0.882084620678191,-4.79942092011134
"CNOT9",-0.0825055184849539,19.8338338372562,-0.82094383129162,0.424710479894106,0.902043681327841,-4.89797850247993
"LPGAT1",0.218019608507433,16.6060677763353,0.825705107800386,0.422088209376346,0.902043681327841,-4.89540039740339
"TBC1D5",0.0167939425995023,19.3650294063398,0.290557781762434,0.775423135152702,0.965508761746846,-5.0970541713749
"ZNF592",0.0242250142361335,18.2635782168534,0.246336915535573,0.808806761066854,0.968763141778022,-5.10529390105406
"JADE3",-0.0636817418719069,17.4202570770497,-0.300144678117334,0.76824321735102,0.964242803941421,-5.0950914207849
"MYO18A",0.146038495680646,19.0535942841696,2.24141956501269,0.0407791854779008,0.842341998928484,-3.69383633631985
"LARP4B",0.0507011492508092,20.7778617132205,0.816682058030095,0.427066543870443,0.902043681327841,-4.90027498566807
"GCN1",0.0377393127829926,22.9355399573193,0.810634534104568,0.430424236610021,0.902043681327841,-4.9035156060583
"ZNF516",0.0660873720893065,15.2060680214534,0.273593359291107,0.789561628536404,0.968408605409542,-5.09979546608415
"DHX38",-0.0352004308202183,19.8004613238798,-0.806011995341052,0.433002128215659,0.902798869645563,-4.9059782632451
"NUP205",0.0491081783003047,21.0508231303521,0.568353698406053,0.578320832679637,0.929790176756083,-5.01521850767991
"TTC9",0.478447864919485,16.3569781568193,1.85670664881125,0.0848358765014847,0.842341998928484,-4.08903288394679
"APPBP2",0.0767469966380148,19.3591349413399,1.20110105603151,0.248590155087015,0.850763184094445,-4.65333989449455
"ANKS1A",-0.0310681734656768,17.5634422351026,-0.312859188048686,0.758754804835484,0.963360829111366,-5.09239171329262
"PXDN",-0.0260539861385709,17.8889055571982,-0.433474150121744,0.670924614998648,0.94484654985349,-5.06134821095256
"NSMAF",-0.407212842145583,16.4102204941354,-2.48367752825366,0.0254971256976019,0.842341998928484,-3.43713324059806
"PIGK",0.000978976181166047,20.7693976003633,0.0108031857409875,0.991524815430969,0.999616449106845,-5.12639381056781
"GTF3A",-0.325511622953821,12.1056584507336,-1.45183922978379,0.167423595922156,0.842341998928484,-4.45407585918438
"MRPS31",0.14475831378266,20.3016209700972,1.63706842902838,0.122706489133347,0.842341998928484,-4.29112273547965
"AKAP1",0.0223237426555336,19.1101652344479,0.286199870200361,0.778693974652676,0.966732684376251,-5.0979256380763
"SORL1",0.0931348698936496,16.4518052823125,0.63307806645979,0.536347244486493,0.925464328596667,-4.98892355434827
"CENPI",0.329611961777708,15.8073369092526,1.86029221373668,0.0828413722061938,0.842341998928484,-4.08032787794699
"ALG3",0.229901957780484,19.583366492801,1.25849078101546,0.227945787214665,0.849389846357638,-4.6101506712302
"NRGN",-1.48132184543755,15.7467184799352,-2.01136027861262,0.0776537175545635,0.842341998928484,-4.00324907719225
"ANP32B",0.210490978878408,23.0854665976094,2.11179169669845,0.0521378888702012,0.842341998928484,-3.8282498898761
"NECTIN2",0.10255813130458,19.7227899279356,0.798104867361132,0.437434572615919,0.903961056574724,-4.9101618356138
"RABGGTA",0.12546073235341,21.0967107053606,1.44172555947168,0.170213985131393,0.842341998928484,-4.46261459477103
"RND1",0.102053404422428,20.265946722719,1.42441720925373,0.176555855112107,0.842341998928484,-4.47807599794075
"PRCC",0.16546297996349,17.3296720541437,1.07098887356862,0.301337074162889,0.87771037337981,-4.74552016095555
"TFG",-0.137109628894308,21.7184697862055,-1.74279733411742,0.102110238895067,0.842341998928484,-4.19304429781863
"HTRA1",0.0628766629438822,13.5198640900133,0.20344379847852,0.841560126110945,0.974641790931378,-5.11200250282772
"ARPC1A",-0.073398679149399,21.345632497944,-0.81065912449626,0.430410549412125,0.902043681327841,-4.9035024722005
"TFAP2C",-0.0205416525815707,19.0336719974638,-0.198829898123834,0.845102612660251,0.974829174801071,-5.11264852877353
"GTF2H4",0.196634596703493,18.1487157270781,1.82268000764054,0.0886247850578471,0.842341998928484,-4.1168064473334
"RREB1",-0.0614082755304146,15.4213322718984,-0.441015017180897,0.665579099149224,0.944349207216172,-5.05908398354684
"HDAC2",-0.224379802016045,20.370416433855,-2.71470811531626,0.016132797235712,0.842341998928484,-3.18847970142544
"STAM",-0.191854689174935,18.9493310833627,-1.84368053693171,0.0853528024201442,0.842341998928484,-4.09648295525482
"DPF2",0.0447873819412905,18.6055129196286,0.412194799269495,0.686107645686517,0.94821299034074,-5.06753383923241
"P3H4",-0.0694343197631433,16.8223258129253,-0.73764609864901,0.472268767278931,0.911462804536586,-4.94092912713292
"CREBBP",-0.0220860030734329,15.274402765883,-0.160720421173494,0.874487781365113,0.981776234144474,-5.11742117761799
"KAT6A",0.0254582874115084,15.6070932417354,0.187610067525547,0.853731330153602,0.975701677811386,-5.11415808911502
"DLG3",0.0299554834488198,18.5028342528998,0.381976155964019,0.707910180335689,0.952840650411716,-5.07579870336966
"SYMPK",0.0122552237166005,19.1538619236073,0.209391808944758,0.836998560667985,0.973760257456695,-5.11114797929395
"TAF15",0.242231098864202,17.7231387043852,1.02295488730783,0.322926972976946,0.878437682691824,-4.77735265413942
"GOLGA1",-0.0608195364947655,16.6638488865666,-0.424752111018039,0.677130429177635,0.946729430287935,-5.06392002368835
"EVPL",0.0559856459589199,18.1824822903969,0.676355845981999,0.50925199647193,0.91827680921019,-4.96987526949695
"GGH",0.0333805556153699,19.9321855621216,0.613820579139556,0.548657227058176,0.92552891980847,-4.9970237456416
"NRCAM",0.149139421644843,16.2393265886082,0.761879147706017,0.462455510498507,0.911462804536586,-4.92612213923436
"CORO2A",2.30072311253813,17.7918156487484,2.30915719380572,0.0452973335070189,0.842341998928484,-3.72219746478209
"KAT2A",0.200601120194683,17.358591290219,1.83881003628206,0.0861019124115166,0.842341998928484,-4.10120645276961
"DDX17",-0.0130448333293565,22.6296184787215,-0.27290735753528,0.788697217070307,0.968408605409542,-5.10050360156643
"KIFAP3",-0.0631710151803517,18.1882606365036,-0.563079852362862,0.581814906800693,0.929790176756083,-5.01724377911824
"NEO1",0.0579731440300399,17.389889796664,0.56188837717528,0.582605799680277,0.929790176756083,-5.01769886544124
"APBB2",-0.0101374830599319,17.7591055212719,-0.0677087427092236,0.946924148310274,0.991836338916264,-5.12483334547452
"PMM1",-0.00551509228588287,16.6328668408218,-0.0214634357299269,0.983162795563674,0.997543228069567,-5.12627364887018
"RAD50",0.0513106930370739,20.3549641268458,1.06876837507092,0.302304160039322,0.87771037337981,-4.7470206948907
"CELF1",-0.131041490058912,19.9516137529286,-1.39616569109654,0.183264141124388,0.842341998928484,-4.50058489099602
"OSTF1",0.0226384795209356,20.1089068310829,0.231137544716211,0.820374278890724,0.970684074934377,-5.1078161170314
"ARHGEF1",0.00133266099600249,19.8217630579566,0.0189792808030323,0.985111249332978,0.997597951331661,-5.12630874501064
"ERCC4",0.0181221457131429,18.1840165221952,0.244273104314459,0.810374791603423,0.968763141778022,-5.10564569628877
"UFD1",0.0278761031132966,22.5947861129306,0.400894000972634,0.694228658129054,0.950289138302295,-5.07069614501332
"GLG1",-0.0337098013910158,20.7256843600002,-0.218108982836497,0.830353484080821,0.972373687946956,-5.10984145376444
"UPF1",0.0536315070017466,21.458654366841,1.05498258458631,0.308359243470148,0.878437682691824,-4.75628042393706
"CDS1",0.160929516120923,18.3849882534714,0.931641715823842,0.366477647026338,0.892975750565936,-4.83469807375865
"COPS5",-0.277221085171551,20.3665901061481,-1.96598706262693,0.0684548123279659,0.842341998928484,-3.97649197432136
"GPKOW",-0.0619953817481331,20.2822560742409,-0.843627885251438,0.412311507601911,0.902043681327841,-4.8855782481294
"SMARCC1",0.0972108184652818,18.8044296104079,1.20131416452311,0.248509981752453,0.850763184094445,-4.65318224567152
"SMARCD2",-0.0132398188486924,19.5100915485493,-0.242155417914237,0.811984629027124,0.969007059076913,-5.1060036315282
"RAB8B",-0.0822219718923591,16.2873886811787,-0.552596508283886,0.588792614629847,0.932117240136735,-5.02121667897202
"BAD",-0.105720840296797,17.517960257555,-0.912811930884029,0.375978062479874,0.893032886384972,-4.84594791899426
"KHSRP",-0.0781869195581137,22.233661291702,-1.01509158998021,0.326377481540315,0.878437682691824,-4.78252300036946
"GCDH",-0.42932051178196,19.6518231632305,-1.74763769106795,0.101683614288045,0.842341998928484,-4.18960106903286
"RIT1",-0.0082581867769882,13.9889537042746,-0.0628100094305886,0.950758593364841,0.992530218964564,-5.1250566229114
"SNAPC3",0.179135116583859,15.9144216049081,0.985788682295897,0.340086341233838,0.883456379427932,-4.8012691958093
"PEX13",0.072175877105888,16.1174769391778,0.742061695793212,0.469668671620939,0.911462804536586,-4.93875580168639
"TNPO1",-0.141709207043117,22.2248928062665,-2.20776383175421,0.0434834316430756,0.842341998928484,-3.72897273237736
"ARHGEF2",0.0801237864243483,19.2993652759082,1.28943557330658,0.21704300323551,0.846721564084261,-4.58621649901893
"EMG1",-0.175093006271467,22.3009456359564,-2.26267635107012,0.0391530161792246,0.842341998928484,-3.67156661620926
"CLP1",-0.057058858578749,19.3165926987777,-0.733402802835868,0.474775635257438,0.911462804536586,-4.94300659656879
"GLMN",-0.134164845655008,18.1483132965981,-1.72482659869372,0.105381855560386,0.842341998928484,-4.20995031538707
"KAT5",0.237765853382214,17.4150995995254,2.24987596999551,0.0401248390380785,0.842341998928484,-3.68498396356807
"BRF1",-0.0478057293337422,16.5199442846177,-0.336380269689762,0.741308172122498,0.958942566652935,-5.08710770971897
"USP13",-0.044806228398766,19.2349725814403,-0.607374502618684,0.552811940410142,0.92552891980847,-4.99968300959274
"DVL3",0.0373121596694723,14.082120127004,0.0785608219328724,0.938710779600129,0.989139577408354,-5.12424300347566
"USP9X",-0.0574360730216199,19.8691378085481,-0.784482753433124,0.445137947544234,0.909916121031136,-4.91728311367458
"USP7",0.025615042391621,21.5801748351901,0.598092194417314,0.558824500834156,0.92735412272402,-5.00346622455308
"CUL5",0.0436536383489674,18.9977888548709,0.820816456227052,0.424780775729008,0.902043681327841,-4.89804729219704
"ATP6V0A1",0.012177215849654,20.5731511285913,0.173135592956609,0.864891511328109,0.978095195722466,-5.1159768452144
"LPP",-0.0577514000581942,19.0840572467884,-0.546156121356174,0.593100395701349,0.933531465418893,-5.02362240358209
"RBPMS",-0.0533619211119216,16.8100133450609,-0.470724276615439,0.644703286952965,0.940757100789874,-5.04979754629846
"MED12",0.098930669664302,18.7345861847142,1.89157617191048,0.07829048499463,0.842341998928484,-4.04972002336421
"TATDN2",-0.122603336766524,12.3143358671918,-0.505930506410103,0.620360642842226,0.938315260595475,-5.03804185224073
"ATP2A3",-0.122045127451536,18.2797415090392,-1.01492081985177,0.326456210042815,0.878437682691824,-4.78263356133528
"PTP4A1",-0.55455894167531,18.2419956342136,-2.25764581056263,0.0397732557219119,0.842341998928484,-3.67938988156883
"HGD",-0.0327223555880423,16.6984044205738,-0.148669919097397,0.883965709668893,0.982823192403566,-5.1186859705619
"PHKB",0.0829652651301807,16.9696732480283,0.724545450408187,0.480034327416375,0.911462804536586,-4.9473080734068
"SCAMP4",0.161726818046112,19.6421039184498,0.481265916651788,0.637587571558581,0.938925721121189,-5.04622938647218
"TCEAL3",0.0137794188268145,14.68537164135,0.0435124410050529,0.965874933572755,0.994596052769101,-5.12577320977079
"HPS3",0.00276908677425425,17.727940714542,0.0367212671736518,0.971198188037448,0.994854171486128,-5.12596353408024
"SMARCE1",0.113182866874737,18.7758306477335,1.37461264549898,0.189717211439419,0.842341998928484,-4.51825906522009
"RFK",0.331766033084456,18.4385533115659,1.14181221513555,0.272056488432156,0.85906760557634,-4.69629417351274
"CNKSR1",0.530126676195522,15.0520941734218,1.34059559749983,0.200335517618647,0.842341998928484,-4.54578605100001
"POP5",-0.0782377079629093,17.7413403552159,-0.438661793002578,0.667245240187283,0.944349207216172,-5.05979461161398
"MYDGF",0.171612503860473,21.9825997078278,1.86012292232215,0.08286662990643,0.842341998928484,-4.08049286221622
"MAL2",0.599032265006326,20.8247927951619,2.0114520586316,0.0634598251903008,0.842341998928484,-3.93370165891911
"LSM10",-0.0304093245260049,16.6340093563825,-0.206073325279341,0.839542791135628,0.974083960838905,-5.11162774389974
"YIPF5",-0.0770828009554769,18.0521914416968,-0.783692912057654,0.445587213124281,0.909916121031136,-4.91769267155571
"PIGT",-0.0433266430141224,19.9315078978157,-0.805170166203012,0.43347265817135,0.902798869645563,-4.90642540493227
"IGSF8",0.11881288590758,17.537067625313,1.44627551331089,0.168953914462617,0.842341998928484,-4.45877804229362
"RPL36AL",-0.0926959449991394,19.0100960666296,-0.7146719777032,0.485937438520343,0.913666474737657,-4.95204709087609
"RAB24",0.115483779903833,18.1234526638993,1.02387454718085,0.322346715157623,0.878437682691824,-4.77681608762249
"PPP2R3C",0.0739609021181202,15.7222112080451,0.251564106095112,0.804839082508871,0.968763141778022,-5.104389785869
"ITFG2",-0.144894499163346,16.4187978978997,-0.925839148771039,0.369387530335428,0.892975750565936,-4.83818567053462
"NEIL2",-0.0193833764272213,17.0995563480372,-0.141206360615963,0.889611814238813,0.983431554290737,-5.11947518716137
"ZNF622",-0.108252170595961,19.1857510512864,-1.99366327450518,0.0649623953992886,0.842341998928484,-3.94827733567385
"GFM2",0.0581126234753881,18.4870464282769,0.964460745046893,0.350317262712346,0.886421458442757,-4.81462583270665
"SNX21",0.0609888375917294,15.8303525225853,0.478519811284955,0.639275503355349,0.938925721121189,-5.04726453384925
"UBE2E3",0.30162485538391,17.0606392501811,0.638006839413823,0.533452222836039,0.925464328596667,-4.98666172386032
"NT5C3B",0.0274638565653298,18.7602672899851,0.223502093957085,0.826201767133464,0.972181095452472,-5.10902315168138
"WBP2",-0.103215416831322,21.2214422300525,-0.902459477513064,0.381272243569295,0.89464197567737,-4.85204929707382
"PSMG2",0.0860339440135363,20.730417964705,0.988149973513299,0.338966758294735,0.882084620678191,-4.79977545931413
"NCLN",0.0614978508432102,20.7892529127707,1.02320222307808,0.322653992942706,0.878437682691824,-4.77725437066155
"MUL1",-0.367723757846129,17.8246795410581,-2.23753688148581,0.0410829510129574,0.842341998928484,-3.69789767150885
"ERGIC1",0.0302932215366845,22.4830401676075,0.547916297637004,0.591921484067242,0.932895071539507,-5.02296756194128
"UTP4",0.157486884046655,19.3077275227315,1.62905616340324,0.124404463835851,0.842341998928484,-4.29841423347341
"GTPBP3",-0.0925845052231651,18.0779106233719,-0.889263786970683,0.388093332203774,0.896809944907941,-4.85973967794555
"TBRG4",0.00906536328438179,20.7756719802178,0.175402272733043,0.863141813065249,0.977592365867279,-5.11570161377427
"MTARC2",0.0247938764541722,17.9505969356293,0.336487601413095,0.74122888649535,0.958942566652935,-5.08708273747548
"C11orf52",-0.343033926049328,14.8504013535934,-1.52464686030192,0.148438050914652,0.842341998928484,-4.39147191477853
"FAM162A",0.0595909513081914,21.1150037205019,0.330941696612434,0.74539535932259,0.960286183316858,-5.08833101908961
"CCDC47",0.172792609285725,21.956032495458,1.36314178584052,0.193226286723654,0.842341998928484,-4.52758831652589
"MRPL24",-0.420598642021002,20.1767731697663,-2.21987648005421,0.0427485404763443,0.842341998928484,-3.7188180464185
"SLC25A28",0.186438347548588,17.0336615379239,1.40350406090521,0.181108364642393,0.842341998928484,-4.49452446126033
"SYAP1",-0.0639581964548128,18.9689421541725,-0.285182978034793,0.779541090351332,0.966732684376251,-5.09809119697615
"ADIPOR1",0.0736675787210963,16.628754760013,0.295842853642494,0.771462314263804,0.964598751196384,-5.09597989995385
"TMEM230",0.249025435742251,17.552573252583,1.17482872746942,0.258627616972888,0.850763184094445,-4.67261187198042
"RERG",2.15015212017421,21.6468497997397,2.30811188537079,0.037613095725499,0.842341998928484,-3.6440612199528
"MARVELD3",-0.265202108020425,17.054730936479,-1.30382128787804,0.2122192483287,0.846423796376897,-4.57495605302392
"EXOC4",0.0547681484725864,20.0063907999982,1.04546958811916,0.312588942021314,0.878437682691824,-4.76261341565131
"MAGOHB",0.175547103080312,19.4426456603401,1.213189540869,0.24409706064677,0.849389846357638,-4.64436326538101
"RFT1",-0.0732321194021068,18.8300913656973,-0.734238061313326,0.474281541715382,0.911462804536586,-4.94259852055447
"ISOC2",-0.132071028820572,19.5486214050358,-0.663175989482898,0.517574945976816,0.920721460254424,-4.97569722095487
"NTAN1",0.244073177103509,17.271593979406,1.65600057025406,0.118773554924275,0.842341998928484,-4.27381230039763
"FERMT2",-0.0950899854567844,18.8981074827936,-0.869481560049495,0.398471937143117,0.898430086268213,-4.87108530423027
"PNPLA2",0.151165918501217,16.6257523336063,0.805050879670285,0.433539358296175,0.902798869645563,-4.90648873106785
"FUBP1",0.0188239523711893,22.5630699127351,0.239289971220568,0.814164300613712,0.969233600523131,-5.10648304538174
"TTC17",-0.0568052335168101,15.7184842682435,-0.349617699172213,0.731552862007343,0.958217861269429,-5.08396901269239
"SLC25A46",0.118635302513155,17.8287724025383,0.975360299877425,0.345062125931417,0.886421458442757,-4.80783048154132
"LRRC59",0.144870364859685,24.6076123016081,0.930471429207421,0.367213740887776,0.892975750565936,-4.83532646455463
"VTI1A",0.102609758376197,17.637656286141,0.932382700824847,0.36610719540186,0.892975750565936,-4.83425137610347
"PBXIP1",-0.0515266204675591,16.970144917908,-0.618831337256544,0.545439417779526,0.92552891980847,-4.99493851978184
"MCUR1",-0.105478407061025,17.0899334814195,-0.795936004116909,0.438655380245788,0.904343612727458,-4.91130295709933
"KIAA1143",0.25693719415991,16.522123004317,1.35991084910843,0.19422411413027,0.842341998928484,-4.53020625921753
"RPE",-0.334028018213907,17.3716555793926,-0.748558747576612,0.4661510250504,0.911462804536586,-4.9353507936223
"VPS33A",0.135766903903608,20.4936642397835,2.71220533198082,0.0162136556174274,0.842341998928484,-3.19118294277248
"FKBP10",-0.178174935411207,19.5235929718522,-1.05377820646849,0.309071618729605,0.878437682691824,-4.7570226282213
"ISG20",0.0048520667002272,15.3722967570957,0.0325196522001156,0.974523523948484,0.995346446179075,-5.12606346166657
"TMEM45B",-0.866582910686979,16.9148427136403,-1.4433949563363,0.178508215003786,0.842341998928484,-4.46726887280164
"C18orf25",0.0977371453728608,18.0149640288712,0.655444750733906,0.522244497004125,0.921177429802888,-4.9792243118326
"EXOSC8",0.0341855713004833,20.5847076054698,0.256085541602202,0.801411571195339,0.968763141778022,-5.10359260577117
"AKT1S1",-0.512862216444226,18.4932764874637,-1.44444983682233,0.170045601677095,0.842341998928484,-4.4607418873885
"ZNF428",0.270077653853676,18.4577608200798,1.37526149964419,0.189719404188821,0.842341998928484,-4.51781991054301
"LENG9",0.0209106759793301,18.0042418476251,0.188115283131125,0.853342364592056,0.975701677811386,-5.11409198764577
"SLCO4A1",0.0970788590045686,17.2905406234389,0.399484987951686,0.695284131016108,0.950393426960806,-5.07106234163839
"SKA1",-0.00637497687079147,16.5771598711075,-0.0421819652647792,0.966917701554809,0.994596052769101,-5.12581303364213
"RNF25",-0.0887942269406494,18.6932968969405,-0.683403972955141,0.504915277340783,0.917812698368546,-4.96666334087634
"SLC22A18",0.0366460549766536,18.5977442768587,0.393388640613294,0.699643760901649,0.950575056817699,-5.07274919677649
"APH1A",0.256312914109177,17.1421011021705,1.64737955619875,0.120550759021326,0.842341998928484,-4.28170894038465
"AIDA",-0.0864534341335705,18.2486860970565,-0.725523616146463,0.479451863587832,0.911462804536586,-4.94683536518451
"ELMO3",-0.160353667828392,18.3823612200168,-1.42634545045834,0.174531003539411,0.842341998928484,-4.47552383328349
"PINX1",0.247389836720536,17.3584189550027,1.9948313425513,0.0648225952021829,0.842341998928484,-3.94710365546451
"ANKRD9",0.153806486127278,13.3831318133315,0.706080335041136,0.495096724198579,0.916423486994651,-4.95354113693817
"ARL8A",-0.467808131734781,20.6767171634113,-2.22687046135165,0.0422857871959867,0.842341998928484,-3.71253886398762
"TADA1",-0.00927333403059194,17.8447689616695,-0.0888336216109036,0.93040559322729,0.988634971821529,-5.12367873277214
"OTULIN",-0.197768601792156,20.0598102561445,-1.53491629351372,0.145911706709416,0.842341998928484,-4.38248590333855
"CHCHD1",0.210417315003067,18.1340150752261,0.982644749736003,0.341734795283195,0.883952237043116,-4.80318455032312
"PPWD1",-0.121324813969604,18.370651254845,-1.58271772020481,0.134625754440344,0.842341998928484,-4.34017199553618
"COA7",0.151344975916547,19.9353999907469,1.18404159040237,0.255073020113416,0.850763184094445,-4.66589081619504
"UPRT",-0.297879286633108,17.1167443079873,-1.3237824733281,0.205668006969422,0.843753658848491,-4.55918336051163
"TAMM41",0.0785935454067399,20.5880680623835,0.692656550242743,0.49925490993588,0.917812698368546,-4.9624004840443
"ATG2B",-0.0069976561356988,18.9031445220533,-0.0852790567492704,0.933182977865917,0.988634971821529,-5.12389479257784
"SARAF",0.0640531591628726,14.7279242883364,0.231753013465512,0.819905015607017,0.970473094236056,-5.10771707304439
"LENG1",0.169527449523777,17.776581196412,0.805345642425364,0.433435021356219,0.902798869645563,-4.90629536844883
"TBC1D20",-0.570385052775974,15.8706230639607,-1.83898937251367,0.0860742259411826,0.842341998928484,-4.10103263585907
"FAM136A",-0.222444479760014,18.1491464978434,-1.30120886147893,0.213088832220961,0.846423796376897,-4.57700761436781
"ARMC5",-0.108307674945632,16.1280614007545,-0.495264339648168,0.627688967950436,0.938399949405853,-5.04168899316426
"EFHD2",0.0748507383679531,20.1241841595673,0.639239756884437,0.532441114282751,0.924689398845605,-4.98628269988072
"GALM",0.0855817899208553,20.0045074571934,1.23837866316947,0.234867793185187,0.849389846357638,-4.62544416739181
"RUNDC1",-0.124334075846221,17.9938330441255,-0.890182088255351,0.387616002793462,0.896809944907941,-4.85920765448963
"PYCR2",-0.0707452846333076,19.5277742823699,-0.755354064766729,0.461894463880936,0.911462804536586,-4.93214281298354
"CUSTOS",0.0843952512304575,19.0230886228623,0.561032170423655,0.583174485651048,0.929790176756083,-5.01802533363087
"DCPS",0.0647617248692711,19.5570488278717,1.3560485649878,0.195422395542466,0.842341998928484,-4.53333009783918
"PPP1R14B",-0.113015205696822,18.5590579478509,-0.710888251858883,0.488211084542697,0.914234145218411,-4.95384750965724
"INTS12",-0.0273830317683164,17.8237901029906,-0.336645831570991,0.741112007877944,0.958942566652935,-5.08704590875914
"NSUN4",0.101472692767484,19.3656491568748,1.44398928500436,0.169586097470896,0.842341998928484,-4.46070680314043
"PPCDC",0.031121142379412,17.4954706583787,0.168883304167394,0.868175910094109,0.980174066839352,-5.11648357334371
"CHMP4C",0.323424913758174,17.8107208681698,0.816304023360038,0.428577528756803,0.902043681327841,-4.8996940332915
"ACSF2",0.0384640220986263,18.4206775098668,0.326329442177426,0.748746013535162,0.960914217201338,-5.08941157449872
"ISOC1",0.096484906069243,23.8141330126576,1.70852047221862,0.108429457558289,0.842341998928484,-4.22520904912459
"GCC1",-0.00412925624608462,17.7224475339109,-0.0290592584027372,0.977205733689592,0.996474999914899,-5.12613959106098
"FLYWCH2",0.232551806069566,19.9606136745941,2.23495253711139,0.0412863098213962,0.842341998928484,-3.7005998161737
"GRAMD1A",-0.0332316802770869,16.8452936375697,-0.178177062370618,0.861000903684108,0.97751782113991,-5.11535983906416
"TLCD1",-0.0708218591191319,18.0115105273212,-0.223507691156858,0.826261879670498,0.972181095452472,-5.10899965739483
"FAF2",0.0557728061759057,21.7112842170681,0.850156491350991,0.408787311991532,0.902043681327841,-4.88195449885225
"CCDC124",0.0673573909374134,20.3104546207646,0.924370547940754,0.370126515778004,0.892975750565936,-4.83906542356645
"FOXRED1",-0.04485041992832,18.1316197347208,-0.775462288211101,0.450285783373443,0.911364217501285,-4.92193858909085
"AP2M1",-0.0775125284561611,22.2188129805583,-1.27493408594579,0.221993271664274,0.848913596012489,-4.59747598279084
"TUBGCP3",0.118093161452482,18.92646758121,1.29911138354717,0.21378906064997,0.846423796376897,-4.57865264204123
"SLC7A6OS",0.252440393601631,16.0780597032329,0.611290284278255,0.550398495114386,0.92552891980847,-4.9979972140681
"KCTD12",0.0701820418079855,19.253399853902,0.641446199155376,0.531046241033123,0.924162441260244,-4.98533126680867
"LRRC58",0.2233099771555,16.9798987288115,1.39314505140547,0.184157583409323,0.842341998928484,-4.50307322674337
"FAM241B",0.0703079982543144,17.4193493439743,0.30961829553081,0.761182306733924,0.963360829111366,-5.09308448280224
"GPRASP2",-0.260064110880085,15.5579926173739,-1.08275204504759,0.296251834002372,0.877128291805452,-4.73752935586888
"NMD3",0.0353161817812193,22.7713618576768,0.280849148823161,0.78271589111928,0.966732684376251,-5.0989778931489
"COQ8B",0.132737339961782,17.5276454424615,0.915699753959312,0.374510222786571,0.892975750565936,-4.84423531492553
"R3HDM4",-0.144688048121628,15.029959475494,-0.382820558593015,0.707687334969619,0.952771384779481,-5.07536709140204
"REPS1",-0.0677188934074877,17.5524431714628,-0.716186410469709,0.485029188517715,0.912730526544901,-4.95132403848684
"RAB39B",0.0520443629529161,17.7480532915693,0.358811133133046,0.724805738002169,0.954625681779362,-5.08171948683843
"DNAJC19",-0.0870404039154486,20.1393400290832,-0.972673990966688,0.34635213129962,0.886421458442757,-4.80951120190125
"RMDN1",0.0250148018673855,21.4748201849059,0.475529196374928,0.641355275716951,0.940452032916863,-5.04824099734194
"TMCO6",-0.396861580531548,13.5445823742242,-1.43117768160366,0.173165029953136,0.842341998928484,-4.47147783400854
"OTUB2",0.145247744847021,14.2650586132114,0.568716479743849,0.581188639215582,0.929790176756083,-5.01307294504923
"NUDT16",-0.128646994912369,19.9212290142389,-1.29353098378419,0.215660959871877,0.846423796376897,-4.58301997869718
"ESS2",0.206514297934312,15.83144240263,1.08008855091027,0.297397683890478,0.87771037337981,-4.73934481206074
"CMBL",0.125295637742351,22.1049659521256,1.23350614436868,0.236627128096958,0.849389846357638,-4.6291266021278
"MSI2",0.0711924393796615,21.5044154340376,0.779087723771173,0.44821234176394,0.911232025204671,-4.92007327578063
"SNRNP40",0.0731356603251392,20.7581315068391,0.791983908770342,0.440885483219764,0.906362729910338,-4.91337520604346
"RMC1",0.189720288805191,18.719655721244,2.71354139882342,0.0161704420912899,0.842341998928484,-3.18973987793793
"MTFMT",0.117757782985425,17.0258220450018,1.14473103514994,0.270504227002248,0.858604202731194,-4.69428683934218
"ARHGEF26",0.246591462672725,17.4135191347432,1.929240882081,0.0731100199704078,0.842341998928484,-4.01256260602553
"ATG4C",0.248706263985158,15.7316420037176,1.80948397740607,0.0907374078706765,0.842341998928484,-4.1295187967562
"ITPKC",0.015080815775729,16.411767317587,0.122843284351552,0.903884540437296,0.984405675544383,-5.12116639151113
"MRPL38",0.0507516856436148,20.9253676192076,0.488710192156079,0.632212340026187,0.938733993165069,-5.04389323527936
"SLC25A38",-0.0871399450048145,15.2917095280044,-0.538764123209523,0.598064253928988,0.933531465418893,-5.02635067103739
"RSPRY1",0.0819293932780667,14.9861511637151,0.513023687218408,0.615510056765298,0.937823009875541,-5.03557540077441
"ASB9",-2.17705552092463,15.9928894622361,-5.10773529116716,0.000527107970162343,0.651418876108672,-1.68287786818875
"ERLEC1",0.0767133893817658,18.2713045892444,1.17649504575883,0.257981908494111,0.850763184094445,-4.67139922128894
"MRRF",-0.0402495015266986,20.3496385812812,-0.42429521530803,0.677456187960212,0.946848990128341,-5.06405335200914
"RMI2",-0.152710332220543,18.4004454765145,-1.05660786985812,0.307640801192775,0.878437682691824,-4.75519379185398
"NUS1",-0.0525256456361838,16.2607139175198,-0.203342302488192,0.841836680801336,0.974641790931378,-5.11195265964166
"MTERF3",-0.357629092955563,19.1114162824511,-2.10108670777258,0.0533755647142125,0.842341998928484,-3.84050667407013
"RBMXL1",-0.0144771134033768,18.1893162155499,-0.113221686897113,0.911376985486532,0.985471838577121,-5.12195886417563
"ELP4",0.212580127239509,17.5482133651788,1.50143577426928,0.1542840994427,0.842341998928484,-4.41164245532337
"SIRT1",-0.0540470531828028,17.5894996208383,-0.584671647679707,0.567579196231023,0.929022143808322,-5.00883953734213
"YIPF6",-0.113793918318532,20.4491018720441,-1.63674202696877,0.122775268730501,0.842341998928484,-4.29142017802591
"HOOK2",0.0464695153698038,17.3417684176973,0.334854812025528,0.742435350668294,0.959337893998087,-5.08746178530785
"SEH1L",-0.114146730306249,20.5772227951174,-1.45769336370288,0.165825820356339,0.842341998928484,-4.44911543772531
"CCDC126",-1.9060794077295,14.0620865095338,-3.89516684833082,0.00319335243490269,0.842341998928484,-2.406231228707
"MALSU1",0.0159980510365898,17.8254017469759,0.110208030387074,0.913725579252266,0.985471838577121,-5.12219382657074
"TCEAL4",0.258069962335366,19.4619146212264,1.51047121387078,0.152209801741682,0.842341998928484,-4.40404307723937
"THAP11",-0.0119060542518881,18.4497130421074,-0.110003289574666,0.913885167692169,0.985471838577121,-5.12220955994652
"KIFBP",0.0122296055613624,21.1433814095168,0.25231501557814,0.804269560394222,0.968763141778022,-5.10425836398322
"GNPNAT1",0.230442444687696,22.3908869293199,1.5518673361669,0.142027535163906,0.842341998928484,-4.36782696440174
"FAM120B",-0.092813267122775,18.6865358630747,-1.22653334829623,0.239162680245375,0.849389846357638,-4.63437750562386
"KTI12",0.046587036074424,18.8557861243276,0.43449937120855,0.670196774274281,0.944419662269482,-5.06104259233899
"MRPS24",-0.0594373113100701,20.1720566870933,-0.834744941372026,0.417138429275265,0.902043681327841,-4.89046947912865
"MRPL53",-0.0513563606398009,20.0147992211767,-0.798795688890106,0.437046177370384,0.903961056574724,-4.90979778897757
"L3HYPDH",0.38542041313919,18.1799139390679,1.94734011153097,0.0709038467918675,0.842341998928484,-3.99539694488863
"RNF31",-0.00900210418086544,18.2857650034407,-0.0785238467313118,0.938463655087514,0.989139577408354,-5.1242811165497
"DAZAP1",0.112454181271662,22.2194307406443,0.761773805111257,0.458285192498403,0.911462804536586,-4.92883740608322
"SAAL1",-0.362620640857784,19.0811520395224,-2.0924484348817,0.0542447391962036,0.842341998928484,-3.84933125721352
"CCDC51",-0.0247609036851379,18.6189940982302,-0.25338787594887,0.803456055926767,0.968763141778022,-5.10406992347853
"SGF29",0.148573229777821,17.8488546063772,1.56298141718801,0.13919218301624,0.842341998928484,-4.35773848133998
"RRP36",0.242193284928479,18.15889225191,1.68654338055211,0.112658492839758,0.842341998928484,-4.24564949046552
"C1GALT1C1",0.515803228768574,15.296932348788,1.36744944778811,0.191960506683125,0.842341998928484,-4.52411594676448
"RBM33",-0.0309182812204369,18.4072828578399,-0.31029783231794,0.760663092020521,0.963360829111366,-5.09294442605245
"DTNBP1",-0.0260077825622282,17.5187903046964,-0.262097311031674,0.796860840547386,0.968763141778022,-5.10251093547195
"SMIM12",-0.125070922689929,16.3125061599994,-0.704219100204346,0.492233970488403,0.915921405077277,-4.95699970537994
"DYNC2I2",0.123483072367378,18.4137001012926,1.48571379590342,0.158352628649785,0.842341998928484,-4.42519316261611
"DNAJA3",-0.00588806693121668,21.769262134408,-0.109924065267513,0.913946921351147,0.985471838577121,-5.12221564013143
"TMA16",0.0935854597400194,19.789123528431,1.31795246560636,0.207564444474825,0.845870884257909,-4.56380770501147
"MVB12A",0.0537781302214135,18.8009278852026,0.470259655907851,0.645027452962,0.940757100789874,-5.0499472550343
"PTCD3",0.0208469287926967,20.8775089440814,0.316115136642169,0.756331366756859,0.963360829111366,-5.09168267289651
"MMAB",0.204149771426724,20.3614201732503,2.12363150445982,0.0509900893979673,0.842341998928484,-3.81608141093985
"ADAT3",-0.146948015078891,15.8100455888383,-0.562193850419289,0.582402975874739,0.929790176756083,-5.01758227602457
"CYFIP2",0.0397281100961209,17.7971956637143,0.500783448578518,0.623891865200066,0.938315260595475,-5.03981107951343
"TRIM11",-0.0138317921690856,16.9404756168898,-0.116699821766367,0.908667479638597,0.985471838577121,-5.12167982792994
"ZNF503;ZNF703",0.0725856407657233,14.89710410939,0.299210770324318,0.769986477547373,0.964320849854457,-5.0948162652073
"CCDC97",0.0721703813317731,19.4267281926666,0.777835179739514,0.448928013056918,0.911232025204671,-4.92071859796163
"EDC3",-0.0852483816021206,19.9855271868433,-1.71397119310693,0.107402263236105,0.842341998928484,-4.22011714551757
"MISP3",0.169218118155833,16.741204679733,0.969274130285039,0.347989650366702,0.886421458442757,-4.81163280274484
"CDCA5",0.0401854896463831,18.4169828898824,0.284043330200937,0.780314176968133,0.966732684376251,-5.0983520901619
"DYNLL2",-0.614995037259348,19.049666033687,-0.939128464625606,0.363213129573086,0.891847968629667,-4.82993812142283
"WDR89",0.0154794249167267,17.7644759142223,0.139285668739725,0.891102915817932,0.984033694987821,-5.11966305751057
"GALNT14",-0.0290322373996794,17.2902767614414,-0.210700870838921,0.835995438838452,0.973308054279073,-5.11095663248103
"DTD2",-0.19456177486726,17.9618533925453,-1.55945185383145,0.140022551625544,0.842341998928484,-4.36086590237696
"S100A16",0.00848035620347432,22.5031586798491,0.0610507312833609,0.952141724293007,0.992530218964564,-5.12513213585028
"SCRN2",-0.0238457255359101,17.828663046541,-0.201425784820426,0.843109097213928,0.974829174801071,-5.1122868696272
"THOC1",6.19320356847197e-05,19.2512717356002,0.000920345508191453,0.999277966792388,0.999742128090196,-5.12643428627763
"OTUB1",0.0446389261797435,22.8402408787181,0.787092556809287,0.443655507534073,0.909413756409162,-4.91592723217875
"TRMT61A",0.0143007464872298,19.5914832211472,0.180449542777766,0.859248393600011,0.977330952038478,-5.11507596205127
"HMCES",0.0877869033070873,19.5090202372848,0.679171429009437,0.507516985509487,0.917812698368546,-4.96859583640206
"CHMP6",0.0415340412258907,19.2400230102957,0.356584800358463,0.726437520482166,0.955902536508917,-5.08226947969321
"PGM2",0.0704125142652856,21.5850016753667,1.104615662399,0.286969124293348,0.87217797114032,-4.72249236213001
"EEF2KMT",0.00331309713149608,15.7916753367199,0.016367770157169,0.9871597004207,0.997917399529304,-5.12634099199867
"IMP4",0.0370067490368129,19.5688319447711,0.309219983401675,0.761466603741002,0.963360829111366,-5.09317567952363
"CERS2",0.122547503147953,22.7371144167041,1.90451846975179,0.0764742929949215,0.842341998928484,-4.03698908026439
"CFAP36",-0.31520162242694,16.6597893950023,-1.22631863681223,0.239241091327973,0.849389846357638,-4.63453884251122
"RMND5B",0.129337097712158,14.9777755073576,0.632139743219984,0.536943477750028,0.925464328596667,-4.98932362904853
"BSCL2",-0.0281134845470312,17.9342667884063,-0.186053842603123,0.855110937409441,0.975701677811386,-5.11430655025248
"LTV1",0.00198220494843682,19.2284363114066,0.0239784920047942,0.981190217273518,0.997543228069567,-5.12623372427008
"SDSL",-0.0241378069436742,18.0992563574938,-0.17909682582219,0.860291501353993,0.97751782113991,-5.11524537357007
"MRPL48",0.0873418052150328,19.4959686963312,1.11788673726107,0.281441236163738,0.870015980745273,-4.71324888975822
"VMP1",0.470706804180011,21.2976699535841,2.04198672834876,0.0598003045481013,0.842341998928484,-3.90190593171876
"PDXP",-0.011000779535788,19.7276179110327,-0.14531235667669,0.886425636262372,0.983099820366797,-5.1190649663327
"AURKB",-0.146959277796885,18.615500339626,-2.2690398407737,0.0386781317004619,0.842341998928484,-3.66488868220426
"DMAC1",0.720140388820695,15.6693808663464,1.33518962503758,0.202419204886138,0.842341998928484,-4.55022629262758
"RNF185",-0.1970309227244,14.5569615984923,-0.627703276297591,0.539767490939887,0.925464328596667,-4.99120774627774
"DCUN1D1",0.0638767591169973,19.866833008325,0.606600189087068,0.553312155773535,0.92552891980847,-5.0000006808391
"TRMT2B",0.104970595888098,18.3669388882262,0.874949039787084,0.395585149548405,0.897296338877052,-4.86797165830939
"FAHD2A",0.190312561554439,19.7262011056968,2.18280279279227,0.0455959508132721,0.842341998928484,-3.75492898783518
"SMARCD1",-0.188063273387012,17.0660906075884,-2.21643248844214,0.0427713521684137,0.842341998928484,-3.71993759881154
"TOE1",0.114778452427789,18.925911304526,1.54542181064166,0.143364954926783,0.842341998928484,-4.37325460691668
"RUSF1",-0.287288245519687,18.3469994547178,-2.26716383738907,0.0388175674151146,0.842341998928484,-3.66685791302676
"DDX27",0.0378331223570783,21.9843976894091,0.887191694822656,0.389171849441099,0.896809944907941,-4.86093841721338
"ZDHHC12",-0.0295050235011658,16.066717157272,-0.121659767634257,0.904805663639778,0.984405675544383,-5.12126734588184
"BORCS6",-0.198218455563751,16.1133693651935,-1.23287938769379,0.23685417762238,0.849389846357638,-4.62959949266241
"MARS2",0.121986499717977,19.0548916355646,1.59618326485297,0.131584037440026,0.842341998928484,-4.32811101154724
"ATXN7L3B",0.0162568310885938,20.41163389662,0.103226169060786,0.919183680384626,0.985937788833006,-5.12271151166939
"MASTL",0.0345173138345594,17.7113102872274,0.316911960542584,0.75573868376329,0.963360829111366,-5.09150805247016
"APIP",-0.129015996687034,19.3390708194058,-1.53103297915753,0.146862726393906,0.842341998928484,-4.38588831881801
"ZC2HC1A",0.106807412936337,18.1413751120916,1.53447527391114,0.146019449550686,0.842341998928484,-4.38287257791612
"SLC41A3",0.125444622488359,16.5781914934445,0.654175059212611,0.523039404307831,0.921287170798398,-4.97978324951424
"SNF8",0.0380742184753231,18.7936449735711,0.296848588466329,0.77070932136748,0.964320849854457,-5.09577331047276
"CENPN",0.0918100599990481,14.7464254652417,0.364297295206863,0.720790576755481,0.954180921097348,-5.0803499190181
"MYO19",-0.0342545819672608,18.1490772181655,-0.396663554771763,0.697278820740763,0.950393426960806,-5.07185799707182
"SLC25A44",0.00245360785666193,17.3662600259523,0.0185027749293057,0.985485009635084,0.997597951331661,-5.12631498428897
"ZC3HAV1L",0.0561946352489464,18.5114940998855,0.614658052656491,0.548118698652773,0.92552891980847,-4.99667633153792
"POM121",0.349276601220577,17.8664847108313,1.83857014317547,0.0861389602423272,0.842341998928484,-4.10143895007056
"C1orf159",0.170760134151111,13.2811175772745,0.689687560431243,0.501067159476301,0.917812698368546,-4.96377408108928
"TONSL",0.0916389733478589,17.4927275587085,0.769983389533251,0.453430609918483,0.91142481873976,-4.92474275306186
"PEX11G",0.0971484365170205,16.3997794985956,0.658496164514701,0.52033692547314,0.920721460254424,-4.97787693993132
"PDLIM5",-0.0354412204358034,19.9261685719598,-0.637374191679124,0.533622087141744,0.925464328596667,-4.98708477231245
"ERO1A",0.126205167761299,21.3310177817534,2.23209673277029,0.0415121224678344,0.842341998928484,-3.70358475447816
"PRR11",0.214657099985704,17.8592887612167,1.7623454389802,0.0986530336583633,0.842341998928484,-4.17454985865256
"GRAMD2B",0.202472607580074,14.3759175918524,1.00920019415848,0.331585665464954,0.882084620678191,-4.78530570986016
"FMC1",0.0166586372573256,20.1734094392465,0.179915839398434,0.859659910925057,0.97751782113991,-5.11514295333745
"SH3YL1",-0.0868794865401288,15.4436213197087,-0.203860597921137,0.84126947059478,0.97462813480464,-5.11193397015699
"AHCYL2",-0.205950036822291,19.4249598100466,-2.02345024652248,0.0614817911405162,0.842341998928484,-3.91826127754524
"DOCK6",0.0196684719000224,17.0804382017911,0.219736134165037,0.829079924197825,0.972181095452472,-5.10960369133428
"OXNAD1",-0.0418905940601313,18.5246698816511,-0.428858717333296,0.67420548893985,0.945496050667302,-5.06271543079228
"NAF1",-0.091209253079839,17.8555816512299,-0.628134435303905,0.539492678810161,0.925464328596667,-4.99102517908066
"REEP6",-0.0042882168444045,20.0308186859681,-0.0471590511070552,0.963017218210061,0.994140555635692,-5.12565772217137
"PGAM5",-0.00709735724877447,23.46978460476,-0.0722177943683306,0.943395920700955,0.991710398202973,-5.12461302830413
"SGSM3",-0.235740373283441,16.1436418537437,-0.26805595738875,0.793083908672893,0.968763141778022,-5.10111605770236
"TMEM41A",0.0276812319725828,16.8713962693531,0.331686751473976,0.744778214623828,0.960286183316858,-5.08819208889494
"INTS4",0.0497083895994308,18.3401099708119,0.686760880422101,0.502857344106572,0.917812698368546,-4.96512281449733
"DDRGK1",0.0753952852534745,20.3496661920711,0.804929259646267,0.433607369958507,0.902798869645563,-4.90655328743289
"DHTKD1",-0.0822856847301487,20.0056702061089,-1.40227044938288,0.181469301096008,0.842341998928484,-4.49554475188497
"SCLY",0.0113839399725251,17.9857512841501,0.0976249426920519,0.923540528485444,0.986084669120459,-5.12310653120744
"FUBP3",0.0327859843799914,20.9679428261419,0.50049208911496,0.624092043869382,0.938315260595475,-5.03991071356966
"RBM17",0.0930631951911067,19.7898000027465,0.95362664172807,0.355596122637102,0.889790597941525,-4.82131681580377
"RCC1L",0.042978031362118,18.4203111121543,0.390377018036906,0.701821411905393,0.9516081755383,-5.07356240728553
"NARS2",-0.107009756673587,20.1882195721144,-1.65127694898114,0.119744494123618,0.842341998928484,-4.27814192700616
"SUCLG2",0.120878742556027,21.8434899859688,1.63672195091275,0.122779500250982,0.842341998928484,-4.29143847175084
"AJUBA",0.59691510013743,16.29739778295,2.77422492947693,0.0150859930238731,0.842341998928484,-3.15094251554346
"LRCH3",-0.0985379905316783,17.6131843156452,-0.886905194668905,0.389321130152225,0.896809944907941,-4.86110397239446
"GMPPA",0.0885605767174447,20.7509836866765,1.62101979213808,0.126127819179825,0.842341998928484,-4.305706838208
"HPDL",0.118050020061897,21.5119675950484,1.39598069334078,0.18331875755082,0.842341998928484,-4.50073739344715
"ABHD14B",0.0493356528170246,20.1393221670362,0.579932364265216,0.570688045082374,0.929079585778747,-5.01070969963103
"NGLY1",-0.228673523166208,17.5171940134443,-1.32918785740598,0.203922131424949,0.842341998928484,-4.55488289470317
"SEC22A",-0.436317241522591,18.8554380135187,-3.25807805126255,0.00537672352613599,0.842341998928484,-2.60421785761477
"ATP5MK",0.248981298730641,21.074235455914,2.03304770050794,0.0603971126397656,0.842341998928484,-3.90855262954782
"NSL1",0.0139925123692848,16.14889193821,0.106995308639012,0.916230223901348,0.985471838577121,-5.12243734416628
"CPB2",0.0917090832970295,17.0514186229037,0.829869312853235,0.419803382770395,0.902043681327841,-4.89313483156714
"PAWR",0.450398183285891,20.2830728620573,1.86285055789301,0.0828877581408954,0.842341998928484,-4.07940102871035
"METTL2A",0.000771378350204799,19.094969693475,0.00389361868655775,0.996945994378498,0.999742128090196,-5.12642928193768
"RSRC1",-0.108690975393074,17.4912905223785,-0.780798232946834,0.44723615738434,0.911232025204671,-4.91919050789393
"THOC3",-0.0345530550328057,20.28989699441,-0.277614902776105,0.785150062223857,0.967732792545929,-5.09960443709955
"ITCH",0.109610800624171,18.1903697771408,1.48427972544389,0.158728159987649,0.842341998928484,-4.42642463375492
"TXNDC15",0.07052508332945,17.927636466526,0.46707024117438,0.647254717005692,0.940757100789874,-5.05097110588069
"COG3",0.0107572729844314,20.1706001697002,0.192779474193639,0.849753275875052,0.975701677811386,-5.11347339261634
"CDK5RAP3",-0.0193917353939455,19.7508078918389,-0.226164525413802,0.824168540330468,0.97172646386436,-5.10860682750735
"VPS39",0.0358992672742637,18.878405727621,0.614221068662467,0.548399660564817,0.92552891980847,-4.99685766332384
"VPS50",0.0554297888687323,18.3702409946546,0.645868470454921,0.528256733150012,0.923174371936723,-4.98341520865262
"VCPIP1",0.0112657304572181,17.9199955089127,0.1596719286528,0.875299167362328,0.982025016056861,-5.1175382598664
"SPG11",0.0900564385581042,17.0062582444991,0.827934630257301,0.420863909838798,0.902043681327841,-4.89418865689866
"ELMO2",0.166985491201956,16.4753578337423,1.23451994028444,0.236260228893349,0.849389846357638,-4.62836130995615
"TMX3",0.167462300916153,20.32632457043,2.04582428149166,0.058980279501855,0.842341998928484,-3.89560050918758
"DCAF5",0.0810127333363049,19.0589386167192,0.455110831491858,0.655704245986418,0.940958728523278,-5.05471092181992
"CHAMP1",0.125528004104506,19.3321946390713,1.56196594353103,0.139430654732897,0.842341998928484,-4.3586386979244
"ZFP91",0.0885474737211993,18.3238673821043,0.828388943965813,0.420614714668587,0.902043681327841,-4.89394138574598
"CLMN",0.253749600638972,17.2083047958695,1.7623283884984,0.100147652959952,0.842341998928484,-4.17855105622912
"BTF3L4",0.388456645552061,21.9496459947187,1.94087375677873,0.0719894887642886,0.842341998928484,-4.00293202053719
"RNF170",0.0258919022347008,16.8851596733517,0.291235637128771,0.774914762760103,0.965508761746846,-5.09691745274453
"ZFYVE19",0.105792420149847,20.4534872158081,0.702124493862107,0.493607940825633,0.916016829726497,-4.95791497150453
"SLC35E1",0.0895506162273385,18.2528689604844,0.8467753162924,0.410610021402939,0.902043681327841,-4.88383429415807
"TMEM87B",-0.0276933115276066,16.3127865054042,-0.112592280199303,0.911867422967774,0.985471838577121,-5.12200845888503
"ZNF668",-0.089434998815193,17.5820418536632,-0.484663599138559,0.635012735657752,0.938925721121189,-5.04524012129949
"USP47",0.0492236795352952,19.3896342049953,0.983702502598924,0.341077657484704,0.883952237043116,-4.80258642342829
"CLPTM1L",0.0292427890191895,20.5722390201275,0.35234904294086,0.72954588512908,0.958217861269429,-5.08330664364821
"PBK",0.159095989407103,20.6150105724462,2.53104376714698,0.0232291910039522,0.842341998928484,-3.38635821192085
"DNAJC1",0.0301291570100553,18.1621869906297,0.459353005185581,0.652658312706177,0.940958728523278,-5.05342074609102
"BTBD6",-0.120864863482028,14.4265007472428,-0.340682819348585,0.738132276400803,0.958551764817939,-5.08610054861289
"SCYL1",0.0753014683032127,19.9990332598801,0.694551324587159,0.498100365543017,0.917726054591985,-4.96152104849014
"ZNF512B",0.0506173227393063,19.1436922012991,0.778912155666918,0.448312613712227,0.911232025204671,-4.92016378597478
"LRATD2",0.0929487344448177,20.4437037089761,1.42561015752525,0.174739632134598,0.842341998928484,-4.47613868965247
"EXOC2",-0.00695287049731519,19.915170745366,-0.10276809442104,0.919527164183524,0.985937788833006,-5.122746805212
"CNDP2",0.0411991876802915,23.482244312941,0.542639103966358,0.595459536928035,0.933531465418893,-5.02492487012935
"PPP1R13B",0.171067800331588,16.6644278105717,1.17671735252141,0.257895856634163,0.850763184094445,-4.67123733961569
"EHMT2",-0.141671274382752,18.6045420703188,-1.85725501468246,0.0832955590426854,0.842341998928484,-4.08328672726517
"ZFR",0.087847667986054,20.4204730382271,1.31755123342776,0.207695474203936,0.845870884257909,-4.56412542718644
"FAM210B",0.115521091453417,16.6876871367982,0.338752150479893,0.739612149732247,0.958733148350364,-5.08652678304874
"B3GALT6",0.0961072158186482,17.6910108747029,1.17979981162036,0.256704943118305,0.850763184094445,-4.66899030864812
"NSD1",-0.0172144416429738,16.9653304232353,-0.150240628070276,0.882604067782266,0.982823192403566,-5.11855712949028
"EP400",-0.0434821483523216,18.2862106982434,-0.698508089217667,0.495694451018737,0.917020988004991,-4.95967748414555
"SNX27",0.0221149548669715,20.9408706580795,0.467866291274886,0.646698483482463,0.940757100789874,-5.0507161884313
"KIF16B",0.160575694628969,15.9000328865147,0.806463389920642,0.432749961238573,0.902798869645563,-4.90573833229382
"PRMT6",-0.128287722543593,21.1375018832843,-1.76262697096501,0.0986040047911761,0.842341998928484,-4.17428271767081
"SENP8",0.148841224383146,13.9125069892958,0.347685030808669,0.732974203832973,0.958217861269429,-5.0844346522569
"DHRS1",-0.0278752553789445,18.3804677500875,-0.227389200523331,0.823233725483138,0.97172646386436,-5.10841368509267
"DNAJC30",0.0672537336073198,17.5769844811127,0.622888827355639,0.542841372159856,0.925464328596667,-4.99323842332237
"UBE2E2",-0.352051638282738,14.601291836424,-1.1367445803876,0.273724019058644,0.86045936075299,-4.6999650023843
"C9orf72",0.199088701111833,16.0124563124557,0.812922877112676,0.429151722492338,0.902043681327841,-4.90229188074348
"CARD19",-0.0590073396370734,18.5286383036635,-0.551819991344506,0.589311157207291,0.932117240136735,-5.02150815112128
"PRRC1",-0.217866162611593,19.9926606358557,-1.86239072088705,0.0825288529685925,0.842341998928484,-4.07828217445935
"FBXL18",-0.0929690948600843,20.2785792481963,-1.10572455677645,0.286504151799753,0.87217797114032,-4.72172334534927
"ZNF512",-0.082780040668549,19.1365463104661,-0.591675537860781,0.566254045733459,0.929022143808322,-5.00393415807557
"NSMCE2",0.225122931096603,17.062419071598,1.82618127239313,0.0880716371829165,0.842341998928484,-4.11342591412187
"NSMCE3",0.0772591531732552,17.1507248694045,0.842082135176394,0.413148820192875,0.902043681327841,-4.88643264799399
"TMEM68",-0.205667875073086,18.2702492296206,-1.36182165815752,0.193633485682452,0.842341998928484,-4.52865850220608
"HS6ST2",1.51987700837726,17.3212560030574,2.7897278441706,0.0150180061482723,0.842341998928484,-3.14797165054632
"YTHDC1",0.0220979703701651,19.3435799999948,0.248625013965895,0.807069313663427,0.968763141778022,-5.10490045259705
"CCDC43",0.0974970823813486,19.7514955952366,0.807385145200672,0.432235323583802,0.902798869645563,-4.90524801971972
"COG8",0.0385613358945704,18.6630558017556,0.559192294514037,0.58439748316799,0.929989410833412,-5.01872528109196
"ZNF48",0.222813910524536,17.2382823043382,2.24466751187174,0.0405266924483135,0.842341998928484,-3.69043741355681
"DNAAF10",0.193991384507481,18.8090449729644,1.23298807042962,0.236814793925456,0.849389846357638,-4.62951750391568
"NOL4L",-0.161328086867725,11.558279532455,-0.30451571693233,0.767107288898153,0.963360829111366,-5.09320410719408
"SPATA33",0.203836607022801,16.2625434680516,0.96852442941588,0.348351468652718,0.886421458442757,-4.81209979826541
"INTS15",0.248767211489628,17.8953990984687,1.86712398307118,0.0818278213346148,0.842341998928484,-4.07366403670168
"PWWP2A",0.073277032814687,17.5768216342359,0.786550025119535,0.443963423896919,0.909413756409162,-4.91620942629569
"MBOAT7",-0.0242650798288757,21.776656376137,-0.310854395631451,0.760248298317996,0.963360829111366,-5.09282470534205
"DOCK7",-0.0765909702045278,19.7367566858603,-1.41167946337308,0.178731204246418,0.842341998928484,-4.48774746215277
"SFXN2",-0.188669081617707,19.5809951398076,-1.98946645463867,0.0654669575466548,0.842341998928484,-3.95249200993504
"ZNF830",0.251750640793768,15.8503254574455,1.90229035884087,0.0767842393102781,0.842341998928484,-4.03918360240384
"ZMAT2",0.329019770389511,15.2388424531855,1.92492075343637,0.073688115543976,0.842341998928484,-4.01684106903794
"FAM210A",-0.118395594736185,19.0132408399506,-1.04331892612395,0.313550997825158,0.878437682691824,-4.76403869769769
"FRMD6",0.105964105242631,16.3315779181658,0.401825006269133,0.694444821012613,0.950289138302295,-5.06994887076764
"CFAP418",0.313030800737135,15.1941112815269,0.981183145316098,0.343399881578389,0.885512412063948,-4.80366985158922
"CCDC115",0.0236262216577359,17.3860071980727,0.265025433387936,0.794647086265066,0.968763141778022,-5.10197511553861
"SLC46A1",-1.26712505215042,16.6862673167443,-1.72921488227074,0.105226196015136,0.842341998928484,-4.20740068492954
"ANKRD27",0.00288459326631596,18.0275135575552,0.0413577059178619,0.967563751004522,0.994596052769101,-5.12583708526002
"NECTIN4",0.048667728115479,16.9824784212334,0.420662790000821,0.680048410154998,0.947983628026866,-5.06510840154498
"MUS81",0.0998895813448577,15.3441693964507,0.489263434387188,0.631829926333745,0.938733993165069,-5.04370825866842
"NSUN5",0.0586291361661182,19.5015529942618,0.922611196958017,0.371013137792796,0.892975750565936,-4.84011778182686
"RPRD1A",0.141697423497956,19.1723023438691,1.19134346531115,0.252282465684842,0.850763184094445,-4.66053542373463
"AGAP3",0.064267646442751,18.4990426303161,1.07351831611837,0.30023820787869,0.87771037337981,-4.74380780409528
"ARAP1",-0.0575809581472235,19.7538010603051,-0.727753486205116,0.478125645962891,0.911462804536586,-4.94575559674221
"WDFY2",0.731305507458014,16.6971608502958,2.20382086218765,0.0467596417624348,0.842341998928484,-3.75938604878184
"IPO9",0.0506891922807142,20.8664385494356,0.834823174721296,0.417095757893077,0.902043681327841,-4.89042659963009
"AP1S3",-0.0738186772174636,17.1198835736787,-0.400565492037949,0.694465319042913,0.950289138302295,-5.07078679557296
"MIA2",-0.0358729443621151,17.130782280816,-0.171465707317386,0.866181000154267,0.978728049705087,-5.11617733325453
"ARHGEF17",0.0990977483406077,15.9203084244461,0.87228175523929,0.396991709183127,0.89748855011745,-4.86949275059734
"INPP4A",0.00852855906233785,16.3922064439226,0.0716850583044054,0.943812711841222,0.991835948439318,-5.12463979739393
"RBM14",0.0689263656614507,22.2867704327486,1.26930824714615,0.223937594929775,0.849389846357638,-4.60181911782139
"RCHY1",-0.158128935700203,13.3335752272668,-0.729028238510709,0.477368481175554,0.911462804536586,-4.94513697504118
"ZNF385A",-0.0853965045746676,15.9669115206257,-0.269709324417653,0.791109716101033,0.968525035072489,-5.10110578797466
"TRERF1",0.313905951981216,14.0987371327354,1.39738301930191,0.182905084096216,0.842341998928484,-4.49958104680399
"UHRF2",0.0551409745091505,17.0309354511757,0.48233556852063,0.636626441414285,0.938925721121189,-5.04601013263397
"NEDD4L",-0.0987094002896924,18.6783699988647,-0.887815783296327,0.388846801695166,0.896809944907941,-4.86057762566095
"QKI",0.24990570430796,18.310702538747,1.63558419636695,0.123019515361528,0.842341998928484,-4.29247500649788
"LENG8",-0.0262140768510655,16.6051847660559,-0.20243118781809,0.84233729365367,0.974776855773745,-5.11214554576488
"FAM193B",0.257256499001805,13.3133068578378,0.539086438265418,0.597847379786928,0.933531465418893,-5.0262324443566
"PUS7",0.0697017909420126,20.1100860684852,1.28260124316225,0.219364972232893,0.847665896924723,-4.59153443962171
"TRAPPC9",-0.0624119214964587,18.0334225668114,-0.666261004191707,0.515500718255007,0.920033648609936,-4.97442229266292
"BTBD9",0.014086680388484,16.8976112817203,0.119079512510873,0.906814347627962,0.985077106827249,-5.1214840634009
"TRNT1",0.0595975468849836,21.2353201606154,0.941114076734594,0.361761420048899,0.891497764793046,-4.82896504577401
"SMG1",0.0421352956292687,18.083181255788,0.795287521990943,0.43902081665967,0.904610436752843,-4.91164361234643
"ALS2",-0.0419786363152603,16.0886194510069,-0.268967879636432,0.791669356217782,0.968763141778022,-5.10124440106606
"TMEM237",-0.136992631687463,16.8644720497918,-0.591997384035496,0.562791376423165,0.929022143808322,-5.00592063236669
"KIF20B",0.161447809531357,16.7500194090791,1.2310452362331,0.237519595644408,0.849389846357638,-4.63098233844614
"PPP1R10",0.0394730426923395,19.662089406609,0.614849385872628,0.547995704348586,0.92552891980847,-4.99659689764635
"SLC38A2",0.143956492645469,19.9071920089197,1.25597878899402,0.228597953589783,0.849389846357638,-4.61205324376189
"FYTTD1",0.0748907889981005,18.5756852732578,0.861320160554028,0.402807085238179,0.900408026538814,-4.87570154816606
"TEFM",0.0522388543504988,17.4674322505735,0.407877830977355,0.689205264101971,0.948559449659011,-5.06875192367316
"RAB3IP",0.0199512888868121,17.0065156902583,0.16388092721512,0.872042878735258,0.981673649011628,-5.11706363841625
"MTMR9",-0.0754891955703521,17.2900871117046,-0.794075777517389,0.439704183189159,0.905049863022179,-4.91227949434483
"VPS35",0.0817376070771481,22.0901612666397,1.24738917432361,0.231641295294525,0.849389846357638,-4.61860604729953
"PURB",0.0762320121224462,21.3960660989879,1.63030610111339,0.124138250372097,0.842341998928484,-4.29727809847146
"TRPM7",-0.169603771988772,16.6022154666236,-0.862922520638949,0.41109643752407,0.902043681327841,-4.86962836537453
"PHF12",-0.374760750021983,16.0041366047534,-1.97380157883466,0.0673818819118246,0.842341998928484,-3.9681912722845
"ACCS",0.180433633985423,15.9817426992017,0.351837482954049,0.730026066809331,0.958217861269429,-5.08337825745331
"XPO6",-0.00644934342474812,18.64954016006,-0.0689582088852422,0.945946351799935,0.991836338916264,-5.12477371611487
"MAGI1",0.0902273992312477,15.8701225180064,0.626558738548251,0.54049737155353,0.925464328596667,-4.99169181649186
"SPAG5",-0.454464645372603,16.98064245508,-1.55138902597151,0.14214879103583,0.842341998928484,-4.36825750140701
"PANX1",0.249769845123375,14.9291512117227,1.42918296108795,0.173727824755764,0.842341998928484,-4.47314910716616
"NACC1",0.0199421397440958,19.9415138634733,0.405450013615254,0.69094986724867,0.948559449659011,-5.06943149615088
"SNX18",0.0297524461378771,17.529499080028,0.368572597643933,0.717667483161327,0.954180921097348,-5.07926856970731
"PASK",0.160707279962637,16.8287700851599,1.21146900142882,0.244712742478779,0.849389846357638,-4.645645633674
"CIC",0.1259431150696,12.826198776149,0.566350919694709,0.583899300949608,0.929790176756083,-5.01324795704262
"UIMC1",0.0458571227104976,16.7685948735504,0.359571553539134,0.724248706229627,0.954513005938327,-5.08153086664918
"VPS13A",0.191389260308426,20.3449479521602,3.84292748235952,0.00163399139907808,0.778596901660703,-1.99987985611249
"MED15",0.0160542196048858,16.8565028586368,0.116868201608619,0.908536339349325,0.985471838577121,-5.12166610580004
"GFM1",0.0202237845444095,21.9289028975684,0.344064737492668,0.735639394150789,0.958217861269429,-5.08530009735128
"ERGIC2",0.0502451753698736,18.9442298258448,0.546155027087109,0.59310112897826,0.933531465418893,-5.0236228100647
"MCCC1",0.0199473440401796,19.730716537126,0.284417782663572,0.780032776076894,0.966732684376251,-5.09827827083951
"CAMKK2",0.0792020638678004,17.6681249418591,0.740727618479065,0.470453312325748,0.911462804536586,-4.93941366020664
"TGS1",-0.0225283812952988,17.3383789514954,-0.185226569667012,0.855566913412009,0.975701677811386,-5.11446755905064
"NUDCD1",-0.150657890086563,22.2314873593552,-1.56300537962753,0.139186559913642,0.842341998928484,-4.35771723435556
"ERBIN",0.019585666925817,18.6042488922121,0.263495359660074,0.795803644561258,0.968763141778022,-5.10225583845647
"TUBGCP5",0.0589059531216591,16.4795990167472,0.499514626876561,0.624763833605752,0.938315260595475,-5.04024456458561
"USP28",-0.271089693306408,15.7078266704462,-2.13207183848129,0.050186141543614,0.842341998928484,-3.80739256087283
"FNBP1",0.00261941549248235,18.1381675268562,0.0196240677955253,0.984605498934738,0.997597951331661,-5.12630004974005
"HMCN1",0.0933590165285594,22.1451206342555,0.521533797752083,0.611831499552757,0.936335994482148,-5.03124142290564
"IFT140",-0.0901049661080435,16.6360321625083,-0.621143208724135,0.543958271987338,0.925464328596667,-4.99397110928417
"LMF1",0.132700704481586,17.7048175924685,0.700534265692718,0.494465088269392,0.916016829726497,-4.95872972911197
"METTL26",-0.231786998263559,18.1969683386637,-1.11492080330303,0.282842555247673,0.870716514101165,-4.71528058334423
"TP53RK",0.123140388015706,20.0594978276098,0.945409395351339,0.359636702342809,0.891497764793046,-4.82634917773597
"PIGS",-0.0377668380145622,19.5270609137979,-0.552184874175317,0.589067466737899,0.932117240136735,-5.02137123755288
"TESK2",0.0216452584537308,15.2178377001167,0.0478719542997943,0.963049663371263,0.994140555635692,-5.1255863786951
"WRNIP1",0.0426857790031825,19.5919613521905,0.797541001026505,0.437751753333495,0.903961056574724,-4.91045877250736
"RANBP9",-0.0515743297375693,18.409245699374,-0.632135499350792,0.53694617524268,0.925464328596667,-4.98932543726316
"CLCC1",-0.0212131203549362,19.501629144584,-0.229500424436043,0.821622844163942,0.970967448020595,-5.10807830005473
"MYADM",-0.0290269373539012,19.5375641119556,-0.23975844817773,0.813807833048103,0.969233600523131,-5.10640505130876
"PLEKHF1",-0.0481850744727303,17.9871017133724,-0.235709013647037,0.816913240475232,0.969686015513223,-5.10706585410813
"PPP1R9B",0.122932186736918,19.0519550744562,1.16537961128681,0.262312601689988,0.851343345813351,-4.67946341899778
"SRPK1",0.0316512937470215,20.1340312781962,0.451159762339453,0.658417309424151,0.941624877813888,-5.05597849621853
"SMC6",0.0992576826051668,17.6095939995569,1.20854764132883,0.245800507386554,0.849389846357638,-4.64781868433801
"KCTD15",-0.442530515757426,17.1881315590222,-1.6822067206577,0.113715926250098,0.842341998928484,-4.25008964884301
"STRBP",0.0883700523234836,22.0072770946339,1.09372683980386,0.291564824056885,0.875482866553864,-4.73001120500659
"TMEM209",-0.227549656631801,17.6010951427794,-1.76559393140074,0.0980886113664475,0.842341998928484,-4.17146607732873
"SLC49A4",0.00955609849819439,14.5097599941366,0.0219182740890882,0.982807048279629,0.997543228069567,-5.1262667195334
"CDK5RAP2",-0.0200010793768861,16.0647477453345,-0.160237841217418,0.874861212451988,0.981776234144474,-5.11747516072148
"IWS1",0.0156111609361567,19.8219783448512,0.142577614773043,0.888547524172508,0.983360786433286,-5.11933949100755
"SIN3A",0.0799448765875077,19.3439949059659,1.70575991390783,0.108952951845597,0.842341998928484,-4.22778452466006
"OSBPL9",0.0395820964915714,20.1446432106936,0.665995448458364,0.515665689124951,0.920033648609936,-4.97454105725686
"CRBN",-0.100149487609279,17.9647887691718,-1.24022738556856,0.23420295035966,0.849389846357638,-4.62404416133264
"INTS14",-0.0859755772864794,18.6213958081121,-0.820201480338782,0.425120274613044,0.902043681327841,-4.89837928140368
"ADO",0.0937058560462738,18.504447882755,1.09604048604291,0.290583790750952,0.875218094541793,-4.72841856067448
"CDK5RAP1",0.083001270685255,17.8225308633932,1.1584626318881,0.265035379381157,0.853718501135539,-4.68445188575151
"SECISBP2",0.155265727664588,16.669894805032,1.28224077417295,0.219487986331586,0.847665896924723,-4.59181435936552
"RSF1",0.095772127937245,16.6397281372204,0.719699089651524,0.482926443498589,0.911504459854973,-4.94964158532032
"RBM15",0.041810021242906,20.2324896021928,0.589242715395862,0.564589195835492,0.929022143808322,-5.00702221713872
"RUFY1",0.0323273464875662,20.0223138674595,0.40186074878951,0.693532394983326,0.950096936495422,-5.07042895669506
"SPEN",-0.0604582284016271,15.8162197444048,-0.392160826257642,0.700531243794993,0.951184951932673,-5.07308146982656
"PNKP",-0.0480639607778492,18.3362133584935,-0.841468430090356,0.413481564362532,0.902043681327841,-4.8867714874981
"MMS19",0.0141732898365952,21.4698660386101,0.200556061895221,0.84377687944658,0.974829174801071,-5.1124085582529
"SLC9A7",-0.316566425982341,15.5408738852233,-1.64755509468552,0.120514344293959,0.842341998928484,-4.28154838554332
"UHRF1",0.0702728137569473,20.3310139700096,1.15623693130667,0.265916053270092,0.855193992081818,-4.68605216311401
"NIBAN2",-0.0158148429840992,20.9881428237627,-0.287670387788726,0.777589787183437,0.966517881554072,-5.09763302361783
"YME1L1",0.0780333847577594,20.6779893848855,1.1343365786278,0.274700473307523,0.861959951756577,-4.70167094234918
"RMDN3",0.161498047736369,20.9503754817443,2.54057079683388,0.0227969427516971,0.842341998928484,-3.37612918525253
"MYCBP",-0.139191533750378,17.4593177603674,-0.848279502754198,0.409798493658941,0.902043681327841,-4.88299883647103
"CYTH2",-0.243833414320189,16.9003433213105,-1.92157968306588,0.0741380222791267,0.842341998928484,-4.02014702125754
"TBCB",-0.0599743042274739,22.3739234939527,-0.932459615990922,0.366068756841108,0.892975750565936,-4.83420499105242
"PSMB7",-0.0327377136990137,22.9608452137851,-0.438894282871908,0.667080550739235,0.944349207216172,-5.05972456755877
"CNN2",0.368462167490417,21.2399781582465,1.018666808273,0.32523837584858,0.878437682691824,-4.78000272525227
"SEC62",0.0280851392396073,19.1405719186938,0.206155977256045,0.839479400517583,0.974083960838905,-5.11161588696213
"PCYT2",-0.0732486337062532,21.1293789337922,-1.47009948692976,0.162481625868259,0.842341998928484,-4.43856022694779
"CDC5L",0.0650425732283573,21.2138011087622,1.10890722273236,0.285172742178222,0.87202202407069,-4.71951277939878
"PSMD1",-0.0908765191328875,22.0011045820493,-1.54319266867266,0.143902178617684,0.842341998928484,-4.37521662747771
"SDF2",-0.0772604646028974,17.6164466801032,-0.777185830486918,0.44929931607904,0.911303051858703,-4.92105278348408
"PFDN5",-0.0316561945997229,19.0959660257239,-0.204563810691869,0.840708908877949,0.974567081842156,-5.11184080618955
"PAFAH2",-0.134187561239788,17.2879071295573,-0.641241096117682,0.53117581716774,0.924162441260244,-4.98541983676616
"RNF2",-0.175900648625948,17.9397830011883,-2.16593370305512,0.0470772098645694,0.842341998928484,-3.77241850251919
"PARK7",0.108560813916458,24.6644829398499,1.73412425390646,0.103677903796509,0.842341998928484,-4.20121513692827
"GAS2L1",-0.00557152747088452,17.0249620442765,-0.0435792308107216,0.965822588362204,0.994596052769101,-5.12577117802914
"EYA3",0.0197454165711477,17.5332996049279,0.1641501223634,0.871834696885312,0.981604938889775,-5.11703286491365
"NEU1",0.0171898010895859,20.1587507114994,0.11591079918424,0.909295618114669,0.985471838577121,-5.12174127740319
"SORT1",0.0859774287780759,19.2509546339746,1.28515234458352,0.218495940899344,0.847665896924723,-4.58955176779575
"VAT1",0.122001463629768,22.8864485797662,1.54167740522272,0.144268328949725,0.842341998928484,-4.37654931651841
"LGMN",0.120843761988901,18.4654139081666,0.765541337838529,0.455990317133034,0.911462804536586,-4.92700317258153
"DNAJC2",-0.0380524083244396,20.2276052446918,-0.630171886273149,0.538195095608807,0.925464328596667,-4.99016087749212
"MPHOSPH6",0.0623686990927723,18.203345668241,0.582885572641588,0.568749764227458,0.929022143808322,-5.00954601697527
"MPHOSPH8",-0.1014908150336,18.8075382201631,-1.20798505105906,0.246010416275601,0.849389846357638,-4.64823671220201
"NUP88",0.0924616242243665,19.9497469136626,1.38929374881107,0.185301876037699,0.842341998928484,-4.50624051577101
"PKP4",0.0344959917989485,17.0934638350525,0.431615977583224,0.672244666297543,0.945401575782756,-5.06190035449585
"PIK3R4",0.097132178883566,19.034537372247,1.45113993402849,0.167615306125646,0.842341998928484,-4.4546675222529
"P2RX4",0.0981581571754617,17.8984191188353,0.872794108310449,0.396721267923724,0.89748855011745,-4.8692008796055
"POP1",-0.00184429442341028,21.0859820201196,-0.0365235723256771,0.971353173434466,0.994854171486128,-5.12596859204712
"S100A13",0.279026897222156,22.976163275353,3.03308052260591,0.00849554232213174,0.842341998928484,-2.84483172702761
"SCAF11",0.143481790531236,17.6209215592251,0.969950666749876,0.347663368926814,0.886421458442757,-4.81121112220771
"TIMM17A",-0.2340944776826,18.5020960627818,-1.75804893097826,0.0994039397406397,0.842341998928484,-4.17862399759774
"TSNAX",0.00157157067258851,20.2407885747405,0.0282500730306118,0.977840280998397,0.996921100054001,-5.1261557904077
"SEPHS2",-0.101673459992259,19.1861206883853,-0.86071469022208,0.403129936574692,0.900408026538814,-4.87604250480257
"TTC1",0.0364374979465438,19.5836728148854,0.372021846683513,0.715151607598437,0.954180921097348,-5.07838718441504
"DNAJC7",0.0124159930082683,21.4538863491808,0.161364145726974,0.873989701073126,0.981776234144474,-5.11734891680302
"CDCA3",0.0432238639511908,13.3025943518375,0.178761688264026,0.860549974482024,0.97751782113991,-5.11528714963254
"PHB2",0.0523700750691916,24.8105850698933,0.91502960980628,0.374850498653353,0.892975750565936,-4.84463315134978
"COPS8",-0.06567274812382,19.7318856087893,-0.261124914256877,0.797672223065151,0.968763141778022,-5.10265713697865
"PRPF18",-0.171888719656366,17.4472534074653,-1.33874262952946,0.200865187335485,0.842341998928484,-4.54725094924345
"RAD9A",0.141123643374272,18.5759649428672,1.58773950123855,0.13348444469235,0.842341998928484,-4.33568115983293
"PKMYT1",-0.0305699417523222,18.2785921346957,-0.395552074858711,0.698081100223195,0.950393426960806,-5.072161268108
"CHP1",-0.0992226816580555,17.8207486949477,-0.324371122710545,0.750293861992019,0.961246466938498,-5.08980689814699
"KIF2C",-0.00887484000111627,19.7129579965278,-0.127987958560335,0.899882151880746,0.984405675544383,-5.12071622334801
"CGREF1",-0.45681523184655,13.4466768723677,-1.0900026391606,0.293149118563111,0.875482866553864,-4.7325692028543
"ATXN2",0.0103634177833705,18.1719571771384,0.1516980174167,0.881474526145068,0.982823192403566,-5.1184037203912
"MTR",0.0615646806204886,20.1835716413856,1.30325488277732,0.212407543882194,0.846423796376897,-4.57540110670092
"HSD17B10",0.0512350347012784,23.8913276770664,0.89902040664257,0.38304209266205,0.895958555451801,-4.85406295411261
"COL12A1",0.483130702632259,19.4441509564224,2.36825227303773,0.033386811977247,0.842341998928484,-3.57980407707052
"SMAD5",0.18399045202057,17.5177959520986,2.05492061649946,0.0579901705362718,0.842341998928484,-3.88636036577316
"SEPTIN5",-0.247683704401911,16.9788363880134,-1.1938023176613,0.258133232945004,0.850763184094445,-4.65820217366759
"SIGMAR1",-0.0663385249782991,18.6615214098056,-0.463055033348655,0.650063622295021,0.940958728523278,-5.05225052814877
"HNRNPAB",0.0472304982750735,24.519552172817,0.52076054521523,0.610240376857293,0.936335994482148,-5.03284783598371
"NAP1L4",0.109933346256913,21.21137704926,1.44096640156583,0.170424982114909,0.842341998928484,-4.46325394455367
"MGST2",0.133294324333061,20.8110131741809,0.907927246564934,0.378611529009631,0.893575714592306,-4.84875895009961
"NAPG",0.00871993058493814,20.2918571855874,0.087384722005359,0.931537590421444,0.988634971821529,-5.1237678659463
"PIP5K1A",-0.0968030205593315,17.6636788566773,-0.900725955130255,0.382163672670029,0.895159361089103,-4.85306514057847
"TXN2",-0.134365798350011,17.8446436024413,-0.368930465314859,0.717516316401611,0.954180921097348,-5.07912000108259
"ABCA3",0.0153223391829904,17.2321383973024,0.194191267062813,0.848667576761187,0.975701677811386,-5.11328318477033
"MAP3K3",-0.0534173427259734,16.0944933194468,-0.43367692492083,0.670780630915913,0.944843240886836,-5.06128781908
"DMAC2L",-0.33596494936905,18.1348878993774,-1.58540002583423,0.134221904403081,0.842341998928484,-4.33806904718607
"MIPEP",-0.00873073544599023,19.4221037557908,-0.124750212320495,0.902400692075341,0.984405675544383,-5.12100167962557
"ACO2",0.0216703628372983,23.1320187777499,0.419569895345925,0.680829156668924,0.947983628026866,-5.0654241177572
"TM9SF2",0.143786239017395,21.6848733299287,2.3578081234705,0.0325928301594346,0.842341998928484,-3.57124009004119
"COQ7",-0.0357854551099912,18.325886461916,-0.25122146234398,0.805098996319325,0.968763141778022,-5.10444962567797
"SLC29A1",0.0350179105482766,20.0949172016914,0.54065265098263,0.596794093815527,0.933531465418893,-5.02565699606127
"EPAS1",0.236047093204409,16.8538678400604,1.86182732009854,0.0826126535091387,0.842341998928484,-4.07883150527594
"TSG101",-0.0422577296702116,20.8443280829253,-0.634619159098881,0.535368795720397,0.925464328596667,-4.98826527999247
"CPNE1",0.0995306664569,21.9291084694585,1.52024471143134,0.149532242477079,0.842341998928484,-4.39531235982258
"CCT7",0.0570120010643009,24.4445598669525,1.00147839236186,0.332696204601104,0.882084620678191,-4.79128839007668
"MYD88",-0.00973055492330488,19.7078508270053,-0.162596158056532,0.873036588479058,0.981776234144474,-5.11720981660237
"EBNA1BP2",0.0340004369072204,20.4706571459525,0.41802884094842,0.681930703133303,0.947983628026866,-5.06586794728928
"ARID3A",0.0415778059663872,17.7279540510383,0.376560070946172,0.711846638208284,0.954180921097348,-5.0772153413833
"SPIN2A;SPIN2B",-0.430056087548092,10.2440150897949,-0.849855805709634,0.424339731488237,0.902043681327841,-4.8733134313638
"PRMT1",-0.23382474565517,24.1214712462424,-1.54343607340214,0.144049699596323,0.842341998928484,-4.37524830280596
"BAG1",0.310332934823972,17.6574812937649,2.72759886896909,0.01572247808306,0.842341998928484,-3.17455491887711
"RNF5",-0.0117825200248838,15.9382563467807,-0.0938004265689625,0.926526319985754,0.987672911573181,-5.12336207812418
"PKP2",0.088584745303006,18.9195624184566,1.64870486010451,0.120276065038274,0.842341998928484,-4.28049652070611
"SH3GL1",-0.00753600041446134,20.3526492880551,-0.0446177977960979,0.965015598168442,0.994596052769101,-5.12573866708624
"SEMA3C",0.028972569250346,16.5581838709071,0.22326567475504,0.826382376538688,0.972181095452472,-5.10905988437567
"VRK1",0.122601502237124,20.5043559241967,2.20193943406089,0.0439680568281405,0.842341998928484,-3.73503740163089
"GDF15",-0.0821993620947836,19.8718073076208,-0.41589482294237,0.690901417670223,0.948559449659011,-5.06225704435916
"AKAP9",0.0832897378106097,17.050231783355,0.889791441671193,0.387819011055969,0.896809944907941,-4.85943403582947
"DPYSL5",-0.177892708286514,16.0175276003828,-0.529315162693171,0.611599418840285,0.936335994482148,-5.02525582358118
"NIPSNAP1",0.0197702695823452,22.3285327179255,0.100117861182919,0.921623267343968,0.985937788833006,-5.12292978867657
"NCAPG",0.0123566668652515,19.9160909668464,0.26130090705659,0.797463260664589,0.968763141778022,-5.10265565332675
"ARPC5L",0.0387855981043721,21.6640913192678,0.309292549005283,0.761412498812777,0.963360829111366,-5.09316013533267
"MICU1",-0.046235405931867,18.091345564057,-0.682764943275259,0.505307585471363,0.917812698368546,-4.96695581516532
"C7orf25",0.0779523919375151,17.4407069796082,0.93602618771558,0.364289405978973,0.892652924906307,-4.83205054061444
"MAPKAP1",-0.112259518312612,17.341110365533,-0.788983963402493,0.442583084570077,0.908452848359071,-4.91494207449599
"RBM4B",0.137200279515177,17.4697696960403,1.11184313613492,0.283948656766506,0.871003372588737,-4.71746914553305
"ZFYVE21",-0.195248452701804,18.9252161516424,-1.86789973601434,0.0817134359577693,0.842341998928484,-4.07290662818877
"DDX50",0.123085464413119,20.4541718969145,2.05785269436721,0.0576742826899284,0.842341998928484,-3.8833786390943
"MRPL34",0.144192169557666,19.3670255829881,0.97900507812278,0.343352698304472,0.885512412063948,-4.80552785666607
"SMIM7",-0.153925129678417,15.5974808551057,-0.498006168557456,0.625801241851212,0.938315260595475,-5.04075855310417
"ELAC2",-0.0408193050930556,21.3317566683235,-0.764139047573508,0.456800239340661,0.911462804536586,-4.92771431842651
"TRIR",0.173802111193265,19.4669591011703,0.829994743159001,0.420011024080597,0.902043681327841,-4.89290222409966
"GRWD1",-0.067333684192981,21.641922353685,-1.20407749911601,0.247472197287714,0.849389846357638,-4.65113612928763
"MACROD1",0.180540033684075,20.9804168597895,0.879040009174688,0.393728490707596,0.897167192888407,-4.86546696568259
"TCF25",-0.0311299452066613,21.7680914572636,-0.480534376326218,0.63787626995743,0.938925721121189,-5.04660345089827
"CMSS1",-0.118141056996652,18.8908589816407,-1.51293143977276,0.151365024788594,0.842341998928484,-4.40167705331726
"ECSIT",0.0921697046785646,18.169215249174,0.707921115197456,0.489998464467785,0.914774148954532,-4.95525327990937
"WDR77",-0.119533840840585,22.7887488680005,-0.851438248713601,0.40819278864939,0.902043681327841,-4.88118513002719
"CYBC1",0.00891240308187591,19.2094353593701,0.067881444367165,0.946788991634915,0.991836338916264,-5.12482516836508
"DPH2",0.0591888728208616,18.9007493430824,1.01203157264462,0.327790276689936,0.879601341833693,-4.7845018128369
"MRPL57",-0.194203886368413,17.7578730506141,-0.779836950113314,0.447927014964171,0.911232025204671,-4.91959808406625
"TUBA1C",-0.355641621366999,21.7661426326391,-1.99220897719615,0.0654156694316702,0.842341998928484,-3.9512177822186
"SELENOS",0.385131977218695,17.708224655784,1.43713039510069,0.171742489261813,0.842341998928484,-4.46665275527354
"APOL2",-0.502987512546071,17.4023685616471,-1.46493950582302,0.164303824671392,0.842341998928484,-4.44331249542734
"MYBBP1A",0.0433106332170503,22.8124028702673,0.973323793716131,0.346039775886429,0.886421458442757,-4.80910500067592
"NUDT12",-0.0297332536583816,18.6773308976486,-0.350424303715169,0.730959961410597,0.958217861269429,-5.0837739301436
"AIF1L",-0.0298708596929984,18.9128912915152,-0.167371381906258,0.869366523467676,0.980480824691947,-5.11665471610433
"LPIN3",-0.000190284468864377,16.8817098222418,-0.00198122962320114,0.998445678515726,0.999742128090196,-5.12643321090681
"FERMT1",0.408079044611432,16.7336044341872,2.49769269718673,0.0248049338494257,0.842341998928484,-3.42212436230373
"MGME1",0.0638531040756476,18.5426493224065,1.02786948317712,0.320525223790288,0.878437682691824,-4.77420695427396
"FYCO1",-0.0259177343618688,17.0789432529538,-0.230561303089739,0.820813697885732,0.970859606133993,-5.10790861198803
"SLC25A21",0.071462040278373,17.1813767317438,0.631403222814692,0.537411738245362,0.925464328596667,-4.98963727452476
"ACBD6",0.118770766696954,18.8300094179623,1.4073429974591,0.17998891003542,0.842341998928484,-4.49134548573415
"CORO1B",-0.0679997689108376,24.3355631622229,-0.583207200312252,0.568538880049205,0.929022143808322,-5.00941894744453
"TXNDC17",0.106971178784001,23.0831056151395,1.47812934956959,0.160347165341776,0.842341998928484,-4.43169742635566
"CPPED1",-0.115749663797605,16.802934879901,-0.884732966582828,0.39045421917496,0.896881171140022,-4.862357700786
"VPS25",-0.0959887985355081,19.0728024354758,-0.834849023849729,0.417081659440278,0.902043681327841,-4.89041243101347
"MRPL45",-0.0562915389806271,20.8703072511885,-0.380004760543627,0.70939491829452,0.95366189714896,-5.07628843159788
"C7orf50",0.0840126210477621,23.1467203108203,1.05663807658175,0.307627460175147,0.878437682691824,-4.75517358345524
"NUDT16L1",0.0108572924734105,20.4592987153612,0.18725988948967,0.854000955317418,0.975701677811386,-5.11420380211522
"SDF4",-0.219338586351778,18.5534311063029,-1.00164912054374,0.332808133690985,0.882084620678191,-4.79109796129083
"OVOL2",0.959377737900953,15.5548117909327,1.86067441524995,0.0847333230457835,0.842341998928484,-4.08697916522635
"PDCD2L",-0.0101111882911766,19.8941690283189,-0.0887623796763877,0.930461249557245,0.988634971821529,-5.12368314963647
"PAAF1",-0.00792844692877637,20.83277902699,-0.127778292349784,0.900045211182669,0.984405675544383,-5.12073492941764
"PYM1",0.0943809953294199,20.9520177114567,0.654591448139766,0.522865899707658,0.921287170798398,-4.97954286419845
"CHCHD6",0.0735338106952597,16.805179827253,0.625282730401249,0.541311733807142,0.925464328596667,-4.9922305219331
"AIFM2",0.149916283997268,17.6363143613577,1.02295784531513,0.322765735153399,0.878437682691824,-4.77741362018959
"ADPGK",-0.0580231652070147,19.9750471551181,-0.644741775985447,0.528966653481176,0.923174371936723,-4.98390453436633
"GPATCH1",-0.0290479319972334,16.7193106924899,-0.1497683809102,0.882970137041539,0.982823192403566,-5.11860652323496
"RIOK1",-0.146414716998056,18.4685619625609,-1.42335874398892,0.175379715418722,0.842341998928484,-4.47802001789518
"UQCC2",0.195279418237391,19.1128223148352,1.19046647107726,0.252778329129204,0.850763184094445,-4.66116639479297
"MIEN1",-0.22820983254414,15.714131285233,-0.895415611249856,0.387102167489264,0.896341048011413,-4.85497567967508
"LLPH",-0.790847520539334,18.4990528864514,-2.1115251216943,0.0527313944764307,0.842341998928484,-3.83264864920653
"GINS4",0.0471436709754194,18.2029965801659,0.215710000821781,0.832191200341061,0.97321318663213,-5.11020280355266
"UTP23",-0.0630935078651511,17.4053616729558,-0.359291129754647,0.724454106694579,0.954513005938327,-5.08160047039034
"SLC50A1",0.061339098252553,16.2790874769532,0.125223772762201,0.902067770346506,0.984405675544383,-5.12095308947672
"PELO",0.0500565242064255,19.6036996711284,0.838277893973659,0.415214259200083,0.902043681327841,-4.88852956076606
"GINS3",-0.198727206398448,16.773939224575,-0.584291737321302,0.567933437258551,0.929022143808322,-5.00892157166385
"PRXL2A",0.0812905170929845,23.0081320945634,1.18317413092086,0.255406105359501,0.850763184094445,-4.66652536518659
"WDR83",0.0619607642238371,15.3655446848655,0.41816550377324,0.68183298617881,0.947983628026866,-5.06582865178709
"SLC39A3",0.181588323453996,15.892845582327,1.37637026949147,0.190640557304442,0.842341998928484,-4.51748650242078
"TRIM56",0.0339591204006524,17.6469123135363,0.435744911053286,0.669312981260978,0.944349207216172,-5.06067035835238
"ERP44",0.158375835990853,22.3101705412735,2.18143365446318,0.0457145404398384,0.842341998928484,-3.75635007669415
"LXN",0.0823372897914609,19.9713887303173,0.892264761815924,0.386534901937322,0.896341048011413,-4.85799929128518
"ATG101",-0.19807790068888,18.4155269306444,-1.22876498146455,0.238348888206146,0.849389846357638,-4.63269937911883
"NOL10",0.0776794877537981,18.9118263193296,1.31422271465554,0.208785017254345,0.846423796376897,-4.56675851044772
"NTPCR",0.100150735239922,20.3359090980597,2.30299659374383,0.0362340254571064,0.842341998928484,-3.62917053258399
"AGMAT",-0.011469801779306,18.4446810006532,-0.0781880580758967,0.938726227637879,0.989139577408354,-5.12429948963538
"TIMM29",-0.0289016847843158,19.6596776698581,-0.606477920310116,0.55339116518114,0.92552891980847,-5.00005080842833
"TACO1",-0.00809284728661552,21.8144051863406,-0.169196586686737,0.867933849227647,0.980174066839352,-5.11644666842519
"HDHD3",0.0139068658816797,19.724975712215,0.190473158727532,0.851527558128302,0.975701677811386,-5.11378115204132
"TUBGCP2",0.015754863457154,19.4919945115561,0.303786806498654,0.765521220615816,0.963360829111366,-5.09432933001278
"C17orf80",-0.0774381189817479,15.4889600608379,-0.537951589252205,0.598611153620599,0.933531465418893,-5.02664841480314
"ESYT1",0.0631753752069457,23.2230878401088,0.85862495796804,0.404245546317456,0.900408026538814,-4.8772176853257
"UBAC1",0.0748584904527156,17.1454842977797,0.685092488992049,0.50387952994378,0.917812698368546,-4.9658893250181
"CCM2",0.132691174701321,16.6828113972206,0.983143090229994,0.341343827445866,0.883952237043116,-4.80293924489378
"YIPF4",-0.127306347790675,19.4032064567968,-0.765012164145198,0.45641324784707,0.911462804536586,-4.92719772552327
"RTKN",0.0802056787444663,19.4228982342067,0.947053151091689,0.358825897393865,0.890549978301985,-4.82534545943718
"TSEN34",0.15623559524116,19.9456128494625,2.3020348358785,0.0363012079555689,0.842341998928484,-3.63018405630321
"CRACR2A",0.164541453546548,19.7514088835126,1.60835200892053,0.128885993410837,0.842341998928484,-4.3171594360934
"CNPY3",0.145750595933954,20.3013586728404,0.840998125696522,0.413891592081342,0.902043681327841,-4.88694010863008
"MTG1",-0.0482192439864271,19.0153969928455,-0.415572518431269,0.683688031193448,0.947983628026866,-5.06657210722759
"ALG1",0.0890498822142547,20.0683242169339,1.57565179848942,0.136245725439445,0.842341998928484,-4.34647637845021
"HAUS8",0.0857073300247428,15.9567230738846,0.405413993035778,0.690975764924767,0.948559449659011,-5.06944154906701
"ALKBH7",-0.129974514216102,16.2494326125822,-0.8125624451546,0.429351993124284,0.902043681327841,-4.90248482946528
"INPP5K",-0.00211016768852801,17.4868718443794,-0.0165091622076977,0.987048790935682,0.997917399529304,-5.12633936808783
"PSMG3",-0.00173431144537517,19.4240439209074,-0.0131340592602229,0.989696329028716,0.998434980599748,-5.1263743191363
"COPS4",-0.0377466416966463,20.877514112701,-0.505454242827731,0.620686987627742,0.938315260595475,-5.03820628590637
"WAC",0.00270113094070368,17.0048602852368,0.0202866305986265,0.984085812875377,0.997543228069567,-5.12629081218117
"DIDO1",-0.00792006081157837,20.190170698598,-0.097765607963834,0.923430733801556,0.986084669120459,-5.12309693786146
"MTA3",-0.154572502563152,18.2202537985137,-1.16815905416145,0.261224534989509,0.851343345813351,-4.67745246375417
"RBM42",-0.168842700247655,19.9357460914452,-2.01234313719105,0.0627592692233042,0.842341998928484,-3.92947454757211
"DCTN5",-0.0427777856223486,17.3562863445584,-0.505280576090812,0.620806007868735,0.938315260595475,-5.03826620891792
"MCMBP",0.0378951823153955,19.8042022391826,0.824082519804654,0.422980670083042,0.902043681327841,-4.89628046136877
"AARSD1",0.0456873706653127,19.4464294757065,0.822408234461768,0.42390284331776,0.902043681327841,-4.89718696614469
"DCUN1D5",3.13405420051538e-05,19.0056499303017,0.000328698486673154,0.999742128090196,0.999742128090196,-5.12643454444239
"ANP32E",0.0491159842284326,21.850901430031,0.344648560842239,0.735251595089685,0.958217861269429,-5.08514007983158
"LRRC1",0.0656205130198266,18.4516302274506,0.653289662862944,0.523594124132682,0.921287170798398,-4.98017242192082
"PI4K2A",0.0075222344574577,19.6388700817179,0.120706469960388,0.905547711816842,0.984405675544383,-5.12134795373768
"TMEM43",0.0765441516096708,22.8457605840008,1.54798996852366,0.142748133694582,0.842341998928484,-4.37099203222348
"FSD1",-0.0343392724984071,17.6058006418585,-0.329627939446053,0.746302160926852,0.960485334634381,-5.08866303994128
"DPH7",-0.423095638983664,17.1993766837374,-3.03484839647385,0.00846514360211646,0.842341998928484,-2.84293039996271
"TBCD",0.038547322377994,21.4653323614417,0.779102032421479,0.448204170305753,0.911232025204671,-4.92006589847424
"NDC1",0.0204482880234522,19.5065778924386,0.290488190241766,0.775475332849588,0.965508761746846,-5.09706818973542
"TTPAL",0.0756442106283828,17.8590491157017,0.681749668843502,0.505931239222317,0.917812698368546,-4.96741997480411
"FUCA2",0.140721117123427,19.0210608343224,1.7651124481677,0.0981720885907608,0.842341998928484,-4.17192333273113
"HGH1",-0.180932931820173,19.1462160747625,-0.383461247097342,0.707002113739937,0.952593490715041,-5.07531577270372
"DHRS4",0.0464344366473668,20.407072563827,0.722502934337318,0.481251947479876,0.911504459854973,-4.94829327358295
"THTPA",-0.641958054471086,17.2206188699795,-1.49215570963068,0.158679509693066,0.842341998928484,-4.42151190201121
"LMF2",-0.107006899957028,18.5437429660248,-1.17940378073116,0.256857714045421,0.850763184094445,-4.66927925656942
"NDUFAF3",-0.170863404175474,20.0093598416588,-1.32560349819788,0.205078502977747,0.842341998928484,-4.55773595963756
"CENPO",0.135849273934035,14.8685679530162,0.609766639135048,0.551268141239038,0.92552891980847,-4.9986992164215
"PRR15L",-0.169527637151532,16.3074079487559,-0.766831054399382,0.455246202009821,0.911462804536586,-4.92634808428209
"MMTAG2",-0.0991364376968598,19.3891877987136,-1.26349692447381,0.225960106695343,0.849389846357638,-4.60629069333544
"DOHH",-0.462435700039816,16.6869113699775,-0.720966649358362,0.482517715107967,0.911504459854973,-4.9488076536791
"ADAT1",0.0776696135096344,16.7695617877906,0.34681774813131,0.73361235848814,0.958217861269429,-5.08464278676175
"TMEM70",0.0212561781602645,20.4585558566187,0.248898012993243,0.80686208422562,0.968763141778022,-5.10485326904104
"MED18",-0.229443793005416,17.9291877982098,-1.50256506445845,0.153995264600575,0.842341998928484,-4.41066562649536
"ISCA1",-0.139521168413278,18.6129957648126,-0.572240734504618,0.57593313854386,0.929763305957504,-5.01359766971812
"TUBB6",0.313790924577258,20.3601029611603,0.893646716244428,0.386261549900106,0.896341048011413,-4.85695513860365
"PAXX",0.180413374519013,19.6733195236218,1.83509087279938,0.0866778794179714,0.842341998928484,-4.10480931111622
"POLR3C",-0.101743144197986,19.5626561701548,-1.51996243573397,0.149602635602066,0.842341998928484,-4.39555838031729
"HNRNPUL1",-0.185829192361211,21.2880851650116,-2.07833072314029,0.055511708045254,0.842341998928484,-3.86250986153663
"MSTO1",-0.127434332167201,19.7111710573053,-1.43802818557754,0.171243655734736,0.842341998928484,-4.46572635927221
"PHF23",0.0108279212176292,19.4933087417366,0.145913853979505,0.885959054140595,0.982869048764657,-5.11900388849406
"PDCD10",0.116296579237336,21.625769468,1.43906087105906,0.170955549517619,0.842341998928484,-4.46485776825381
"RPP25",0.0761069348244803,18.4909854260545,0.880066313190096,0.392895936955175,0.897167192888407,-4.86504213369012
"G6PC3",-0.0607461138129075,17.188925885742,-0.312122545090604,0.759303460472966,0.963360829111366,-5.09255113011754
"DERL1",0.0643613062042512,22.7103825518953,0.207175300869914,0.838785723266202,0.974083960838905,-5.11144035593104
"HTATIP2",0.0582642127360415,21.1742388658704,1.039734097145,0.315159376656566,0.878437682691824,-4.76640911954712
"DDX23",-0.0122788704211736,21.6661082087817,-0.219556108707871,0.82921757354588,0.972181095452472,-5.10963119818637
"WRAP53",-0.0632337284455033,17.7192842438281,-0.195793572308992,0.847491866752811,0.975701677811386,-5.11304811930068
"APOO",0.146690914413508,20.2734386268495,1.74119899071957,0.102397567222727,0.842341998928484,-4.19455170291976
"MCRIP2",-0.0711166896230822,16.4875382095943,-0.594408135421879,0.561220519089838,0.928547143563569,-5.00495262751988
"TRAF4",-0.0304070787844495,16.2877585573862,-0.230252320897503,0.821049341032011,0.970966168059661,-5.107958113839
"ALG12",-0.58930179046213,17.9174758453032,-1.99457074460421,0.0652603786700406,0.842341998928484,-3.94953456582029
"MRI1",-0.0113646639042777,20.3920564648106,-0.193831736179181,0.848944033761975,0.975701677811386,-5.11333175442
"MLPH",0.082868176384121,18.8914203591892,0.843562720476619,0.412346784070169,0.902043681327841,-4.88561429509121
"WDR18",0.00964992691002564,21.0950658839173,0.132553472789505,0.896332680232364,0.984405675544383,-5.12030131437318
"VAMP8",0.0127078138161316,19.3792338684302,0.0668331676119406,0.947620138509629,0.991836338916264,-5.12487328866074
"THUMPD3",0.0777017510232945,19.9118564184453,1.13778192754934,0.273304178498292,0.859600270986376,-4.69922922711763
"ADI1",-0.0282746455987066,20.0729808849621,-0.140484319526057,0.890212228840666,0.983538552268314,-5.11953696219586
"RNF126",-0.151273433115733,16.803812140382,-0.978450593609012,0.343582309073986,0.885640488343339,-4.80589221350317
"MECR",0.0201851791774992,20.7464409063716,0.184882503440576,0.855831957816854,0.975701677811386,-5.11451190734486
"EMC6",-0.114692874687016,19.9625061809341,-0.427807015431015,0.675103050343469,0.945938342541752,-5.06293960040373
"NTMT1",0.023743299805659,21.5644803672856,0.271387778410054,0.78984326410499,0.968408605409542,-5.10079061006639
"DSCC1",-0.228804201806913,17.5479551703373,-1.79722792247646,0.092739440146407,0.842341998928484,-4.14128457156368
"MLST8",-0.202412033490869,18.149321796983,-1.46851554560336,0.162905443387838,0.842341998928484,-4.43991109595696
"C2orf49",0.0975131913933005,18.4514113907272,0.644149320102002,0.529340169696448,0.923174371936723,-4.98416152175429
"TMEM109",0.182535926510713,21.0807096264093,1.93103170213754,0.0728715844087293,0.842341998928484,-4.01078782526229
"PBDC1",0.035615801354318,21.7201144623493,0.220808209582011,0.828295450540015,0.972181095452472,-5.10942721137514
"KIFC3",1.21833260934015,15.3036805005632,0.97379179478824,0.35238610783845,0.886955557373768,-4.80581832361989
"PTDSS2",0.0332935766230911,18.879604015588,0.243751574403978,0.810771169915251,0.968763141778022,-5.10573413237516
"NOC4L",0.0206038319971391,19.6984096208514,0.305617732979859,0.764154055602939,0.963360829111366,-5.09394280711408
"UTP14A",0.0181982197051695,19.6765790616938,0.248831122842158,0.806912858144889,0.968763141778022,-5.10486483467933
"DUSP23",-0.0488303507948409,20.409070959067,-0.474450605332857,0.642106127975456,0.940475135737222,-5.04859172631126
"ALG8",0.228714339122018,18.0945517121355,0.661684710605906,0.518561459405905,0.920721460254424,-4.9763229251185
"TMED9",0.16024100259509,22.9894455088081,1.72839048961939,0.104725835543074,0.842341998928484,-4.20660498751998
"TMEM147",-0.18266224789793,17.0127152006367,-0.478434810136957,0.639481673771384,0.938925721121189,-5.04720306092983
"NUP58",-0.0763592481528335,17.2069130770991,-0.4973032033251,0.626284970099613,0.938315260595475,-5.04099757243371
"SELENOO",0.237324209721077,20.0893853615808,3.75620614062577,0.00194858833920948,0.812439550679152,-2.08701146009216
"DPCD",-0.0600829620677139,18.9112122623212,-1.1526976613038,0.267321061943723,0.856120405293605,-4.6885919901062
"GGACT",0.00643906754601176,17.0982845627406,0.0500647787981636,0.960740478921975,0.9941266553382,-5.12555905088519
"RUSC1",0.168594439758877,18.4433109843734,1.29224429022076,0.216094413958012,0.846423796376897,-4.58402504820052
"GNL3",0.139258862541315,20.0326484628432,2.14324577300335,0.0491398331483602,0.842341998928484,-3.79587175972804
"SPATA5L1",0.0806890383750059,18.2735137371505,1.18683611503344,0.254002251262536,0.850763184094445,-4.66384420076348
"RIOK2",0.00148764072491403,18.2728988570431,0.0139639181054644,0.989045348502086,0.998323728227783,-5.12636646333626
"TIMM21",0.0766999119075287,19.1017961399131,1.0227876126336,0.32284359084093,0.878437682691824,-4.77752453440945
"KIFC1",0.127504907450543,19.2386629250867,1.6218416896712,0.125950630830629,0.842341998928484,-4.30496197006071
"NUP85",-0.0209867487439688,20.4486955774857,-0.294741210218886,0.772287386749776,0.964961445403214,-5.09620539828557
"ELOVL1",0.310541218860308,17.5363819725226,0.99489566657604,0.336117104802265,0.882084620678191,-4.79534738935341
"DDA1",0.117436866693396,16.7839731668654,0.619474488029229,0.54502714886392,0.92552891980847,-4.99466972856257
"KATNAL1",0.159247189221688,15.7320049755268,0.866020174754383,0.401292010254456,0.899243050380325,-4.87248868269511
"IFT27",0.0201782297775139,19.4701394509977,0.15462942275479,0.87920336509917,0.982823192403566,-5.11809068588686
"YJU2",0.0675901791558537,18.7769185625657,0.448888323560412,0.660017884412541,0.942594208803723,-5.05667973926513
"NUDT9",0.177887463104025,17.9514494644058,1.91563947045632,0.0749440460173505,0.842341998928484,-4.02601852082802
"TARS2",0.0225002302648534,20.6542194879908,0.343596900402789,0.735984064204623,0.958217861269429,-5.08541128886202
"ACAT2",0.0338072554309328,22.1458898794034,0.469162511949843,0.645793226249489,0.940757100789874,-5.05030021010852
"RTL8A",-0.0335735917720505,17.6263861495996,-0.119626179233547,0.906409605377506,0.984958214281372,-5.1214344312428
"REPIN1",0.0946862984714372,17.6820185577477,0.918181927849218,0.37325169865534,0.892975750565936,-4.84275958574922
"RBM4",0.0549613319350328,20.5164524211497,0.597216608263974,0.559393462560364,0.927364261615354,-5.00382027543052
"FUNDC2",-0.00708979526548958,20.8621706506899,-0.109967120912702,0.91391336032214,0.985471838577121,-5.12221233630542
"RPAP1",-0.0760929643223243,18.8579009914843,-1.23958744109026,0.234432922306165,0.849389846357638,-4.62452895591262
"SF3B5",-0.232432748797716,17.2845888062997,-0.756200467292379,0.461555475040447,0.911462804536586,-4.93162100744484
"SFXN3",0.0773642298251076,18.8294355323928,0.160768182847332,0.87451858878779,0.981776234144474,-5.11739818053615
"PRR14",-0.212499738153083,16.0234212555372,-1.42517941712512,0.174861943798463,0.842341998928484,-4.47649877902304
"YIPF2",0.0738936188470767,16.4222667604968,0.539502394880283,0.597567555938781,0.933531465418893,-5.02607977044359
"CHID1",-0.306606999095315,20.385012009693,-2.25375269323198,0.0398486565279253,0.842341998928484,-3.6811379573639
"PAPOLG",0.164523080576586,16.9507118558259,1.51989593303409,0.149619223919294,0.842341998928484,-4.39561633730619
"SLC4A1AP",0.0525626434753725,20.6652481927084,0.838206254678368,0.415253218888405,0.902043681327841,-4.88856896877331
"CDK19",-0.0641265433445977,14.1464139319629,-0.186716313363333,0.854419527717565,0.975701677811386,-5.11427459361665
"GTPBP2",0.0446755905234397,14.6441362717631,0.291851392889601,0.774453055644675,0.965508761746846,-5.09679298726654
"LSM14B",0.213017356479671,20.9981739086812,1.81552194515448,0.0897652713108241,0.842341998928484,-4.12370778679395
"BRIP1",0.101769110662161,20.2006135433062,1.55072281648241,0.142094226817329,0.842341998928484,-4.36858182655384
"HINT2",-0.131628939825415,19.2317807140347,-0.506334883527021,0.6202405316947,0.938315260595475,-5.03780451537505
"BTBD2",0.271297710995221,16.3945194043652,1.52299109193301,0.14884881223099,0.842341998928484,-4.39291722694866
"SGPP1",0.110775768089759,19.2727944425284,0.810569433588542,0.430460473395855,0.902043681327841,-4.90355037488523
"OSBPL11",-0.0625175700577891,18.1857543698033,-0.974687522600867,0.345384885715676,0.886421458442757,-4.80825177618894
"OSBPL10",-0.00245911630027607,17.8532151346293,-0.0325472130136955,0.974470735947864,0.995346446179075,-5.12606452975168
"TBC1D10A",-0.0700150625475189,19.3242602933698,-0.919029262608646,0.372822741284442,0.892975750565936,-4.84225503828811
"C1QTNF3",0.0559419312977987,17.7851200705519,0.27077077828687,0.790320572007688,0.968408605409542,-5.10090180014807
"TMEM120A",0.16521050211556,17.5043437441525,1.68102682959738,0.113742309147405,0.842341998928484,-4.25075742071382
"NAA15",0.040789182903552,21.6366842948888,0.908496130653285,0.378179021544373,0.893575714592306,-4.84849874826392
"KLF16",-0.0963973207074709,17.0036099881691,-0.551498309725046,0.589526037913437,0.932117240136735,-5.02162878349033
"BCL2L13",-0.215023054755395,18.0853902508839,-0.848349856569195,0.409951123925585,0.902043681327841,-4.88284892892982
"SLC12A9",0.0879828880269109,18.5717452629823,1.14562568244079,0.27014533573601,0.858604202731194,-4.69364884071706
"SRRT",0.00737276894945538,21.4043110968588,0.0806696394760953,0.936785911552514,0.988634971821529,-5.12416184980262
"QTRT1",0.0753545966373821,20.4875469125631,0.878257867213537,0.393844905361763,0.897167192888407,-4.86607911815503
"TMEM59",0.225009279163704,17.1066957869812,1.07212851221144,0.300841615257089,0.87771037337981,-4.74474906145828
"AP1M1",0.149611487908206,20.0641370768115,1.8974111619798,0.0774669182663572,0.842341998928484,-4.04398519235244
"NUSAP1",0.106845934103585,18.3749594483307,1.47129830724048,0.162161466341043,0.842341998928484,-4.4375371812632
"OSBPL1A",-0.115295823509626,17.3391282555127,-1.04633012928138,0.312204597837254,0.878437682691824,-4.762042451561
"HDHD5",-0.0549018089200004,21.4239305452198,-0.946996226211418,0.358853955146901,0.890549978301985,-4.82538024381236
"FANCD2",0.104439839390928,18.4244815123691,1.16552141409906,0.262257006712078,0.851343345813351,-4.67936091251656
"MAK16",-0.196730217518571,18.7781371671379,-2.5080330044314,0.0243057753588337,0.842341998928484,-3.41104263348061
"PACSIN1",-0.0108822716185433,16.1836562564792,-0.0696746649612883,0.945385714211224,0.991836338916264,-5.12473903264036
"ITPA",0.0861714002145995,20.6435554392382,1.08961071292411,0.293316216278479,0.875482866553864,-4.73283799618821
"RTF2",-0.0522371015215377,20.9540077355406,-0.531050700414403,0.603266066152235,0.9347876022965,-5.02915997838105
"CHMP4A",0.277709623556728,19.8910930837443,1.36117197218023,0.194259877847559,0.842341998928484,-4.52935633229622
"EIF2A",0.0868605267638571,21.6481388033795,2.09038137795309,0.0542741730917834,0.842341998928484,-3.85019398443029
"SEC11C",0.275933566991714,18.6091210178704,2.91733228279684,0.0107377064908465,0.842341998928484,-2.96956528520599
"POLDIP3",-0.0165704571096938,19.8227451958107,-0.266168954512081,0.793783042082905,0.968763141778022,-5.1017642657142
"KIAA1671",0.104823126956621,15.4844719764671,0.614158771727966,0.548439721209525,0.92552891980847,-4.99688350439229
"GNB1L",-0.0971146208624241,19.1939093655981,-1.37382150665987,0.189957556135582,0.842341998928484,-4.51890423128495
"FUT8",-0.129492075497893,19.5915780914713,-1.08838198848148,0.293840540089748,0.875482866553864,-4.73368018799569
"MRPL32",0.163854448215261,18.2190347336369,0.697778358325422,0.496266982174833,0.917234421027085,-4.95993406077045
"MRPL20",0.0103056020540251,19.6510466649813,0.0832367909049738,0.934779125674093,0.988634971821529,-5.12401494407254
"MRPL13",0.0362858198367348,20.2532950821983,0.412594671766156,0.685821012614034,0.94821299034074,-5.06742038122757
"MRPL9",0.0303805349500728,21.4896989767471,0.463036736938982,0.65007643447021,0.940958728523278,-5.05225633388819
"MRPL4",-0.190431537453737,20.336761524042,-1.35231822260691,0.196677563713358,0.842341998928484,-4.53637569332709
"MRPL1",0.0468390167288106,21.0578450270042,0.95390220307621,0.355461173508018,0.889786674848775,-4.82114742162544
"PCGF6",-0.0182166198403575,14.5261208186357,-0.121303136857556,0.905083254803226,0.984405675544383,-5.12129757549956
"NIFK",0.106177312307548,19.1264107444711,1.48832787170082,0.157670006243864,0.842341998928484,-4.42294642816846
"PARD6B",0.092070982032034,21.1839784156878,1.4763387888439,0.16082108766344,0.842341998928484,-4.43322984132251
"YTHDF1",-0.253052402796065,17.5998906437512,-1.69741688978623,0.110548491324544,0.842341998928484,-4.23555438284957
"HELZ2",-0.00278186650830037,19.391488636326,-0.0533327052152504,0.958180367630102,0.994118447583944,-5.1254410369912
"RBCK1",-0.0455867751358632,17.7948893491294,-0.414157523569855,0.684701222055333,0.947983628026866,-5.06697592200183
"SRXN1",-0.0549842764976098,18.6045544284148,-0.242955543525934,0.811424647406548,0.968763141778022,-5.10585048691169
"MRPS26",-0.0381991308062233,19.8097813994545,-0.537717146241569,0.598768998883684,0.933531465418893,-5.02673424455278
"NLN",0.0345598993550666,21.0994182050297,0.36594712373237,0.719584769612652,0.954180921097348,-5.07993408775094
"CEP41",0.00593690773833444,17.8511030524155,0.0661775591427711,0.94812252902468,0.991836338916264,-5.12490493392447
"SETD2",0.466523062002064,15.5072608986228,2.44358428747428,0.0275803808830228,0.842341998928484,-3.47999227830121
"TBC1D2",-0.288825494041069,16.0084647007185,-1.18296101055009,0.255487989907274,0.850763184094445,-4.66668120897289
"PANK2",0.0297194896277375,16.7565822830963,0.123456163533348,0.903407596681415,0.984405675544383,-5.12111372966702
"DOCK9",-0.0636774400132794,16.6359882534658,-0.370836311385036,0.716015951218383,0.954180921097348,-5.07869102681447
"FRMD8",-0.0810700210997481,16.8839163274205,-0.466160271534057,0.647890817435398,0.940757100789874,-5.05126199264252
"NSD3",0.0986413237989829,16.8439513193877,0.917617030340328,0.373537861463974,0.892975750565936,-4.84309573459209
"ABCA2",0.0755123727114899,17.1323211015675,0.731352647154571,0.475989718014155,0.911462804536586,-4.94400644329023
"SLC29A3",-0.0152149276096445,15.7457424510434,-0.0998413759829732,0.921810705104878,0.985937788833006,-5.1229537678276
"NUF2",-0.063538223110001,18.0920427284146,-0.825844977563453,0.422011334873302,0.902043681327841,-4.8953244630672
"MRPL37",0.0157080603277535,20.8805115493639,0.226430986406808,0.823965122730093,0.97172646386436,-5.10856489213772
"GTPBP4",0.072426228443085,21.8800014358477,1.38231032883051,0.187391574967168,0.842341998928484,-4.51196834813531
"ASPSCR1",0.0276408726604345,19.6640242820418,0.331501905272096,0.744914994049395,0.960286183316858,-5.08823448970943
"OSBPL8",-0.0509548984937354,19.6959817722819,-1.00287876028496,0.33204220883911,0.882084620678191,-4.7903912182438
"OSBPL6",0.614190884309046,18.2137348799327,1.19596887827539,0.256113416818128,0.850763184094445,-4.65672730133195
"UACA",0.165288399242904,15.7855199118757,1.02591149713079,0.32141703800211,0.878437682691824,-4.77548677487946
"DPH1",0.164396842068616,19.5299717062159,1.77975421280843,0.0956613906132704,0.842341998928484,-4.15798970128649
"WDR11",-0.0371419079070634,19.3444823307138,-0.605776870173547,0.553844297703023,0.92552891980847,-5.00033804172885
"UPF3B",0.160171942880137,20.0596257683309,1.89809735473871,0.0773705803076006,0.842341998928484,-4.04331025120627
"CRNKL1",-0.0578619118247019,19.7727599457295,-0.73709717517853,0.472592608144651,0.911462804536586,-4.94119848415859
"SLC25A39",0.280542874120112,16.9957534715036,1.98509598001408,0.0659961824256864,0.842341998928484,-3.95687721766285
"TBL1XR1",0.047615527650926,19.613734735155,1.05901491316774,0.306579038042509,0.878437682691824,-4.75358200764137
"UBL5",-0.460814740575529,18.8179292356705,-1.86672625685003,0.0823132589404034,0.842341998928484,-4.07563576728704
"PPP1R12C",0.0355639578747784,16.884886463326,0.26002384314598,0.798429542088533,0.968763141778022,-5.10288680590068
"PRKD2",-0.102241860322437,18.697848015041,-1.07665112653057,0.298881311493631,0.87771037337981,-4.74168249012324
"PLA2G12A",0.100831064802669,14.7649603135461,0.343182024875412,0.736289764936782,0.958217861269429,-5.08550976904889
"EDEM3",-0.066507415779359,18.6064978608141,-0.624255395870499,0.541967881186241,0.925464328596667,-4.99266349976349
"UBXN6",-0.00235945767990131,17.1502582280425,-0.020340662549001,0.984043432839061,0.997543228069567,-5.12629004533402
"UCK2",0.16942998001975,20.4129805207067,1.82441436702645,0.0883503971186421,0.842341998928484,-4.11513228860222
"API5",-0.0720271349969011,21.7698413384273,-0.891361218910535,0.387003674862442,0.896341048011413,-4.85852382395635
"TRIM4",-0.0180453919580579,16.9816654341109,-0.10058800881927,0.921228084308247,0.985937788833006,-5.12290153681448
"INO80B",-0.214629888265698,16.6744734176703,-1.075230772235,0.299495940730995,0.87771037337981,-4.74264668128149
"FTO",-0.0273150196135745,19.1828229793558,-0.387408754569085,0.703970359670497,0.9516081755383,-5.07435796205523
"TNKS1BP1",-0.0243653068761915,19.3328776156028,-0.416984814720024,0.682677399344084,0.947983628026866,-5.06616773201236
"SEMA4C",0.0242693804644318,18.7294087313263,0.314532477684356,0.757509028381179,0.963360829111366,-5.09202822536449
"AMBRA1",-0.0398401912166193,16.9959174603072,-0.510289031842208,0.61737793860834,0.938315260595475,-5.03653017707404
"UBE2O",-0.0287293618662474,20.5954621998864,-0.456421440071412,0.654716297709911,0.940958728523278,-5.05434100721405
"ZYG11B",0.0208789955991477,17.730417541577,0.220972688049837,0.828134598981021,0.972181095452472,-5.10941414912693
"TANC1",0.0940502131082432,17.493448920312,1.32526651135525,0.205187490370077,0.842341998928484,-4.55800391247186
"SELENOI",0.000779734775253615,21.4617419505153,0.00534153075198158,0.995810160937608,0.999742128090196,-5.12642460840766
"XPO4",-0.0990116328839754,18.6468291725408,-1.11670561684622,0.281929961599285,0.870316878217876,-4.71407508570091
"LNPK",-0.0287627962482659,19.7369842691139,-0.288537414558583,0.776938983233337,0.966469527279097,-5.09745980400224
"TTYH3",-0.467131202313086,15.4795709566844,-2.09678050142402,0.0536273834748651,0.842341998928484,-3.84364362600288
"ARHGAP39",0.263683180325348,16.6344166156319,1.05072187997398,0.310248460613077,0.878437682691824,-4.75912261164954
"MTMR12",0.0293434484416402,17.3131971230375,0.366608607270988,0.719101528442589,0.954180921097348,-5.07976684909023
"WDR33",0.0458396264188039,20.0473465580577,0.521804155528032,0.609531254766652,0.936335994482148,-5.03247694598382
"SLC39A8",0.217159942108065,16.0789005007172,0.973907998818348,0.348157756127272,0.886421458442757,-4.80764193845856
"WDR12",0.102095296743695,19.491041689107,1.17287540929571,0.259386112776979,0.850763184094445,-4.67403170620044
"YIPF3",-0.355297551805712,19.0071968713491,-3.02025827583112,0.00871926159312345,0.842341998928484,-2.85862584310566
"ACTR6",-0.163303159979773,17.1289064636505,-1.77569639750348,0.0963514652076711,0.842341998928484,-4.16185717116661
"ROGDI",-0.228209785390103,16.7234814323781,-0.883979876116984,0.390847566148666,0.896973092965481,-4.86279173653941
"C20orf27",0.049479811979964,22.1711622507245,0.643787588767837,0.529568297484452,0.923174371936723,-4.98431832101848
"PITHD1",0.0869148100020887,19.8803630267748,1.09125899040711,0.292613948695908,0.875482866553864,-4.73170704467523
"IMUP",0.512928503475941,17.4957541516625,0.980474611782267,0.349231598545524,0.886421458442757,-4.80166028701213
"COMMD5",-0.05507162035153,18.0940055637301,-0.59973330500269,0.557758932809056,0.9270468147788,-5.00280131932321
"SENP6",0.221370872699314,15.5080677142421,0.840905018334729,0.413787194217879,0.902043681327841,-4.88708236843759
"REXO4",0.0827229320544731,19.2400636373167,1.14654490654506,0.269776960896787,0.858604202731194,-4.69299291204305
"DDX24",0.0525299670787192,19.5864049667441,0.873265720668001,0.396472439812858,0.89748855011745,-4.86893208593402
"POLR1E",0.0581391369702082,20.0257195478275,0.743200827508153,0.468999321090808,0.911462804536586,-4.93819322865872
"SKIC8",0.0624885380994442,20.5796111215354,0.639720173728557,0.5321372290448,0.924449858061943,-4.98607579969304
"SLIRP",0.103621503292967,21.978353458179,0.97233450174701,0.346515400085018,0.886421458442757,-4.80972333133841
"SRR",-0.00691205118945959,17.4300251430024,-0.0866472800399469,0.932113798432935,0.988634971821529,-5.12381266971047
"NIF3L1",0.0464334881908322,20.1341913261142,0.812524227967252,0.429373231661007,0.902043681327841,-4.90250528369617
"EGLN1",0.0543707781341247,17.2839716232416,0.719636563441782,0.482963824832841,0.911504459854973,-4.94967159862245
"CTDSP1",0.14452331345705,17.2684957623929,0.786475930440232,0.444005487127064,0.909413756409162,-4.91624795267351
"PSME3IP1",0.300645325908913,16.605504342846,1.56528712639888,0.138652001315306,0.842341998928484,-4.35569315063816
"COA1",0.306228074677581,16.9746526819587,1.17135415845513,0.260087961179972,0.850763184094445,-4.67512230769336
"MFF",0.0507436803374226,17.504761318607,0.318814739778407,0.754324026286464,0.962912401570726,-5.09108932101746
"NAA50",0.024274395103479,22.3974447134934,0.475114816751436,0.641643694820294,0.940475135737222,-5.04837583290906
"UBA5",-0.0231231857752192,19.5076377947198,-0.240923346624114,0.812921637974673,0.969185556308291,-5.10621045963524
"MKRN2",-0.167357384435888,16.9177419458614,-1.43955159947085,0.170818782946882,0.842341998928484,-4.46444487222472
"LHPP",0.182613270466685,17.8670836602349,1.76478390807619,0.0982290851976599,0.842341998928484,-4.17223530399791
"MTFR1L",0.12774260901638,16.762835064519,0.869056963080328,0.398696705929418,0.898430086268213,-4.87132639702264
"TMEM126A",0.0285322433975956,20.2245793333598,0.497799466587609,0.625943460288052,0.938315260595475,-5.04082886853784
"MAF1",0.6752115159588,16.6521890129779,2.86600730314634,0.0119087495140728,0.842341998928484,-3.02498897961635
"PAIP1",-0.0158798559589926,20.9869386205584,-0.101044759093389,0.920885947388492,0.985937788833006,-5.12286701460266
"CLPB",0.0385209124452643,20.9521675984841,0.672255501856991,0.511784823375969,0.918582534034279,-4.97172977482948
"MIS12",0.215451542787044,14.5737991177442,0.796426830131068,0.438378915472299,0.904343612727458,-4.91104495639196
"RAB33B",0.00837913162476767,17.9065764682374,0.0599451723773188,0.953001612005219,0.992899608007313,-5.12517943679348
"LSG1",0.0256826739095928,20.4293404477442,0.412580187772685,0.685831394031448,0.94821299034074,-5.06742449271142
"FAM107B",0.261846210959664,17.7115130442842,1.42153217521725,0.175900431281248,0.842341998928484,-4.4795448757566
"NAT10",0.0865820584154733,22.2850137231787,2.02562791143002,0.0612341284711104,0.842341998928484,-3.91605995432386
"COMMD4",0.00638386683637293,19.5645313254061,0.108190456039138,0.915298375712698,0.985471838577121,-5.12234759416936
"KLC2",0.0818830673009501,19.9762354290558,0.991067475320093,0.337587062514835,0.882084620678191,-4.79792576485179
"BTBD1",-0.310515814764404,18.1575863522847,-1.10470260777856,0.287301108243601,0.872364903547137,-4.72233628964183
"ILKAP",0.0577403986138947,19.9736533984427,1.48562721701504,0.158375279467154,0.842341998928484,-4.42526753168144
"XRN2",0.0315786781058769,21.7739859493718,0.345341050780394,0.734699393669732,0.958217861269429,-5.08499600126919
"TOLLIP",0.0117780768275608,19.2198647174528,0.127026155001737,0.900630193457065,0.984405675544383,-5.12080178225763
"SAP130",-0.128721533931291,17.5441150058014,-0.881090634376595,0.392359111265261,0.897167192888407,-4.86445395724331
"BRD8",-0.0447013829207847,17.5430798758814,-0.463265077178548,0.649916545974542,0.940958728523278,-5.05218386212825
"SHARPIN",-0.0983673672537755,16.6529795741679,-0.341224201694087,0.737766788956701,0.958450291943554,-5.08595621522158
"ARL6",-0.00884490647806402,16.9590521119252,-0.0628351427824214,0.950738917132965,0.992530218964564,-5.12505552011119
"NSRP1",-0.0491804627248715,14.9753051807757,-0.269865870656312,0.790991570697591,0.968525035072489,-5.10107647351217
"INTS2",-0.122718813525626,18.9197641563374,-1.35937895557074,0.194388781058237,0.842341998928484,-4.53063682478339
"RACGAP1",0.0372480034118183,19.0672894192781,0.586685952847695,0.566260579205507,0.929022143808322,-5.00804034667627
"CSTF2T",0.256024665770738,15.906280877702,1.16885636104555,0.260952101838408,0.85125255323424,-4.67694737673446
"PCBD2",0.104688623086901,17.8235861947205,1.24838841261527,0.231285635834829,0.849389846357638,-4.61784546006484
"NT5C3A",0.0758692974026296,19.3654527483976,0.994962414107844,0.335751349464392,0.882084620678191,-4.79544931900223
"AP5M1",0.744076086637818,16.5420784590038,1.65837040019425,0.120310494262759,0.842341998928484,-4.27541549184754
"HDHD2",0.046324582286541,20.0780477560503,0.749904701461417,0.465071964817487,0.911462804536586,-4.93486667941568
"QRSL1",-0.213314029340999,17.5758555782627,-2.03789935290181,0.0598554727996622,0.842341998928484,-3.90363799192593
"DDX47",0.0633754412334042,21.2150666436435,1.57225326403395,0.137030786749634,0.842341998928484,-4.34950257564517
"RAB17",-0.136958970199604,17.307458925876,-0.817690595633949,0.426508229080481,0.902043681327841,-4.89973248173253
"MAGT1",-0.228542970794898,19.7764056529443,-1.87747181873812,0.0803137566306594,0.842341998928484,-4.06354883943491
"RAB1B",-0.741676678277368,23.8507991982839,-1.68869731736675,0.112892658400355,0.842341998928484,-4.24502666350435
"MRPL18",0.129699738140818,20.1733848858003,1.53974248964048,0.144737029751026,0.842341998928484,-4.37824991717631
"TSPYL1",-0.132894987940624,18.597668743085,-1.55445181832373,0.141206059560159,0.842341998928484,-4.36528886573356
"TMEM168",-0.21319020117091,17.8937841487326,-1.54662394925786,0.14307594445699,0.842341998928484,-4.37219579786322
"LMAN2L",-0.00342473606525218,20.5082011261093,-0.051687156304487,0.959469441875386,0.994118447583944,-5.12550139430136
"SMG9",0.0229193639230729,18.3330808149399,0.2941816069696,0.77270660888036,0.965123719872848,-5.09631962782782
"C11orf54",-0.196136664921848,18.7119849998622,-1.77298681819032,0.0968147008493693,0.842341998928484,-4.16443713467757
"FAM234A",0.114331569530783,18.0804655158749,1.05061370790426,0.310296534212629,0.878437682691824,-4.7591946486415
"OSBPL5",-0.0985007577141594,16.2053502006034,-0.685213191668157,0.503805537524795,0.917812698368546,-4.96583392783355
"RBM38",-0.758162012320785,15.5106283221378,-1.62661902129497,0.125178059451213,0.842341998928484,-4.30105239360697
"GZF1",0.0251933514220575,16.4619287287577,0.21975410318299,0.829066185216657,0.972181095452472,-5.1096009445453
"DNTTIP1",0.136978518632528,18.1941709541043,1.25037986396958,0.230578094413913,0.849389846357638,-4.61632829085493
"SIL1",0.0511437458447901,19.0577655495869,0.659899348668389,0.519461066465412,0.920721460254424,-4.97725541586554
"METTL9",-0.134355311202832,17.9634497180985,-1.19169582576824,0.252148400452933,0.850763184094445,-4.66027635899859
"ANAPC1",0.0664803740950362,19.1804239206067,1.19157751258605,0.252193409844519,0.850763184094445,-4.66036335248082
"XYLT2",-0.0164510729023597,18.0647410971872,-0.203216231913428,0.841734766128103,0.974641790931378,-5.11203471094247
"IRF2BPL",-0.0697246929462274,18.9041185764854,-1.261838223948,0.226540015743323,0.849389846357638,-4.60756423651503
"UNC93B1",0.0053644397913537,18.6605537565169,0.0468076929526808,0.963292542591682,0.994140555635692,-5.12566925387836
"POLR3F",-1.01286950978642,17.5899855982932,-2.73586774557737,0.0156965287058567,0.842341998928484,-3.17321404100466
"NUCKS1",-0.0372643484532666,22.6351382278415,-0.385657935053249,0.70523913514308,0.952083020150937,-5.07482444707892
"TMX4",0.191007866978687,19.0961040725021,1.71221921832066,0.1077314939706,0.842341998928484,-4.22175474637319
"KIF13A",0.0672892319799701,15.9753443143013,0.618851934078785,0.545426212271876,0.92552891980847,-4.99492991580935
"ASCC2",-0.146507212914635,19.4806022200823,-1.86404610138282,0.0822830703261743,0.842341998928484,-4.07666768232206
"RBSN",-0.115902701387935,17.3642371319624,-0.864032611695707,0.401362841794848,0.899243050380325,-4.87417153324905
"ISCU",-0.00707219602607267,17.3322143408698,-0.0431441784024214,0.96616355513104,0.994596052769101,-5.12578435635448
"SLC25A18",-0.0606874071170171,15.7881905435689,-0.411819533378747,0.686376685830595,0.948227491281273,-5.0676402184665
"OSBPL2",-0.16469570840648,19.3685643005226,-1.69586618598851,0.11084728514053,0.842341998928484,-4.23699625628235
"DNAJC25",-0.273311069394712,14.3310247030671,-1.35686458668088,0.195168725950785,0.842341998928484,-4.53267060976893
"ATG5",0.00841689103817345,18.3765672115469,0.10435956556429,0.91828574194357,0.985937788833006,-5.1226317596487
"WDR13",0.0991641123054876,18.4688303675765,1.24884588324751,0.231122950975687,0.849389846357638,-4.6174970982797
"EPN3",0.0466449203665604,17.8922613517116,0.279723835719834,0.783562563761261,0.967179469060542,-5.09919670240453
"CDT1",0.220746273201495,15.5173447483081,0.908442157374933,0.378206602039515,0.893575714592306,-4.84853058333634
"EHD4",-0.0864393010426738,21.3968858030872,-0.886515790867219,0.389524090395177,0.896881171140022,-4.86132891685018
"CDH23",-0.25854448863357,14.8365760570424,-1.03890813329248,0.316717036370787,0.878437682691824,-4.76651617633699
"VPS33B",0.096625933089264,19.995403901363,1.47680940597857,0.160696412588984,0.842341998928484,-4.43282718946201
"VPS16",-0.0471287019521256,19.4633408822086,-0.978892509474883,0.34337105955673,0.885512412063948,-4.80561462039927
"VPS11",0.0255249539933864,19.6430465551807,0.429300543955492,0.673891119491749,0.945496050667302,-5.06258516177391
"SH3BGRL3",0.433011910560932,21.2868212460089,3.00025789866669,0.0091536592421891,0.842341998928484,-2.88456413192883
"GAN",-0.0258306086096809,20.6580678698477,-0.324554378099978,0.750062312570588,0.961246466938498,-5.08981133766412
"ARV1",0.0918543297022012,16.1762881908295,0.608573540945693,0.552037831455554,0.92552891980847,-4.99919034300658
"SLC25A32",0.0295571314741494,19.0425492065789,0.38391618889956,0.706502234180549,0.952329037021306,-5.07528647417747
"TRIOBP",0.0528355819692941,16.6007667100797,0.491722897463568,0.630131206528518,0.938594368330039,-5.04288351298322
"HSD3B7",-0.00823283048264045,16.4999955573969,-0.0380387722839311,0.970165344091159,0.994854171486128,-5.12592912895073
"EPC1",0.0766379744695804,17.6789816201283,0.532077676004532,0.602572194148579,0.9347876022965,-5.02878816200166
"SLK",-0.0257771467637653,20.5806691708312,-0.395665981454355,0.697998863926195,0.950393426960806,-5.07213022634013
"PPIL3",0.0183054091244301,20.8828344579551,0.245559208647905,0.809397543564494,0.968763141778022,-5.10542681192828
"SLC38A1",0.318821611869847,20.24115493584,1.50383120889219,0.15411306985941,0.842341998928484,-4.41000661589105
"PDCL3",0.0367741847131882,20.7037274702684,0.446136121754912,0.661959533979475,0.942806111081549,-5.05752483328109
"MTIF3",0.0221043759309154,16.9535160746191,0.160804983507696,0.874422348328666,0.981776234144474,-5.11741170153896
"TAOK3",0.0570965420484271,19.2373545963814,1.0471599046712,0.311834320223814,0.878437682691824,-4.76149153902256
"RAB3GAP2",0.0747611771605357,20.0354421569074,1.48294643509992,0.159077967585336,0.842341998928484,-4.42756887663056
"ADNP",-0.0179844914754597,20.4286850462415,-0.365384626885844,0.719995794286183,0.954180921097348,-5.08007606836615
"DPH5",-0.00670351869518626,18.1501639247357,-0.0637198396542359,0.950046332736935,0.992530218964564,-5.12501642052508
"DHX36",-0.0119839848653562,20.9114419850905,-0.196527968638797,0.846871300357072,0.975393377880185,-5.11296533741875
"PPA2",0.0245027449576973,22.6476444049278,0.283149595383919,0.780985946744836,0.966732684376251,-5.09852789314365
"SPNS1",-0.0692944026052125,19.1336085737791,-0.52821732183806,0.605182481948507,0.93539674167713,-5.03018226514946
"MRPL46",0.0584014328668445,21.0837160021634,0.746546595302154,0.467036729284749,0.911462804536586,-4.93653638210872
"PARL",-0.112657675924812,17.6107624556691,-0.961833847578707,0.351592141963654,0.886421458442757,-4.81625400013753
"PNN",0.147560177955082,20.8283098277284,1.23160262843745,0.237317223439988,0.849389846357638,-4.63056225879587
"TMEM245",0.172417732815113,18.8908295112925,1.04036131542246,0.314994275330759,0.878437682691824,-4.76595194364333
"KCTD10",0.099605340779366,15.6282392537787,0.684400292938043,0.504303978004391,0.917812698368546,-4.96620683956632
"TRIT1",0.291154900264907,17.1101953663565,2.24812225843257,0.0402597270619502,0.842341998928484,-3.68682055991652
"C11orf68",-0.00544613109474312,19.9366249575175,-0.0696283216361954,0.945421977655607,0.991836338916264,-5.12474128694491
"DPAGT1",-0.12620163264474,18.5120839689869,-0.646695040542002,0.527833074357721,0.923174371936723,-4.98299224796421
"GHITM",-0.0898932459066621,21.3900902531287,-0.525523790806926,0.607100354006583,0.936335994482148,-5.03109045690929
"BOLA2B",-0.0404585144629017,21.2930929510612,-0.311731993291869,0.759594399849302,0.963360829111366,-5.09263549964177
"TXNIP",-0.0125037822282259,18.501062661968,-0.192683746150595,0.849826904219432,0.975701677811386,-5.11348623994799
"TMX1",0.135390667569588,22.9816988955909,2.65112042549484,0.0183131912565867,0.842341998928484,-3.25711945490127
"NELFA",-0.0209215685734598,19.537868128677,-0.235486869020532,0.8170596751911,0.969686015513223,-5.10711061432684
"ACBD3",-0.0151746537365298,20.3703489693387,-0.228100472261338,0.822690926981149,0.97172646386436,-5.10830103675311
"CDC42EP4",0.179388976435241,17.3830252828021,2.05774840574837,0.0576854911348212,0.842341998928484,-3.88348472099838
"CENPH",-0.367216277876638,16.3190959498423,-2.52924723729077,0.0233115749978285,0.842341998928484,-3.38828654114185
"PIGM",0.183007026807516,17.2254044597682,1.59840318281553,0.131088265552965,0.842341998928484,-4.32611681019926
"PTPN23",0.0161652113088451,19.1270942361493,0.203720956019612,0.841347440420851,0.97462813480464,-5.11196322764706
"UNC45A",0.0282008276309078,22.2326945304217,0.595533740646025,0.560487872091623,0.928025464066323,-5.00449939354033
"DNAJC5",0.254499311715389,19.066760948928,1.76433490283975,0.0983070277855681,0.842341998928484,-4.17266161663525
"DSN1",0.0620358271983221,17.1171741738241,0.486618083744975,0.633659434749078,0.938806505934017,-5.04459092072972
"C1orf198",0.043213117785136,16.3431783732512,0.221936494501945,0.827397975219325,0.972181095452472,-5.10926568329539
"CHMP4B",0.209006364924274,21.3830174307902,0.915712220557951,0.374811160896072,0.892975750565936,-4.84406712164352
"RWDD1",0.370734102864581,18.1955422471457,2.65264031890383,0.0182579023536662,0.842341998928484,-3.25548000009512
"FBXL15",0.338721781137728,16.2867762278996,1.40665475508014,0.180189186856508,0.842341998928484,-4.49191584250867
"RBKS",0.114026606170711,18.0999309661394,1.04987242450039,0.310626119854863,0.878437682691824,-4.75968814313119
"FN3K",-0.124303462761329,17.915477906463,-1.72058016240382,0.106168208348839,0.842341998928484,-4.21393150163569
"POFUT1",-0.0543115470664794,19.0660884505849,-0.682187796873262,0.505662054989885,0.917812698368546,-4.96721975068373
"PIGU",0.0783068047046633,19.6715103585198,0.957291837118987,0.353804104856515,0.887629706552621,-4.81906036109286
"TOR3A",-0.00398635375605494,19.4103548086012,-0.0501888820023195,0.960643247446635,0.9941266553382,-5.12555470537711
"WNK1",0.0778727843903901,18.2431643425833,1.44028373082793,0.170614905211303,0.842341998928484,-4.46382868796929
"RNPEP",-0.0247680130174572,22.8343078689161,-0.532566390897574,0.602242135266813,0.9347876022965,-5.02861098336503
"GOLPH3L",-0.22782932644245,18.2715845056025,-2.13505594649531,0.0499047170699936,0.842341998928484,-3.80431779702383
"GOLPH3",-0.0345081989235894,20.0570812004763,-0.48359682781409,0.635751945587509,0.938925721121189,-5.04559340377475
"OSGEPL1",-0.0333118753306199,15.1979296121095,-0.258520897092501,0.799822567809056,0.968763141778022,-5.10305569357929
"EPB41L1",-0.0186745766048837,17.3744962473878,-0.159238856906265,0.875634346392482,0.982105156247674,-5.11758639719523
"FAM83D",0.180890289253242,18.1815124014079,1.95111928057245,0.0702447704753263,0.842341998928484,-3.99083127330152
"TRABD",0.049521951175084,17.6365893558313,0.482891277783858,0.636241070655349,0.938925721121189,-5.04582665091998
"SMDT1",-0.243582761519896,18.2438562148445,-1.24125613248309,0.234005126584387,0.849389846357638,-4.62327138734039
"MTG2",-0.22561451216901,16.8309826903659,-1.36007158040183,0.194174376164345,0.842341998928484,-4.53007612488472
"SENP3",0.0633876278014966,18.9983404878159,1.17433888730455,0.258817667963209,0.850763184094445,-4.67296809884936
"SMARCAD1",-0.125844354956012,17.7757990305477,-0.624649595909724,0.541716058119975,0.925464328596667,-4.99249743953857
"EHD1",0.0189582585962711,21.5886618471588,0.17429999751813,0.863992590734474,0.977938855834598,-5.11583590215053
"RNF41",0.0717921498614196,15.2219987903677,0.321474113444949,0.752348389426112,0.96184670484124,-5.0904999689128
"PCIF1",0.00173897740548412,18.1562861142523,0.0259128700759865,0.979673155136709,0.997382571404356,-5.12620001117086
"ESF1",0.037147240379344,18.3708170483024,0.396095975931949,0.697688459309044,0.950393426960806,-5.07201296618515
"ALG2",-0.0198924050604816,19.4574943584082,-0.266013201661019,0.793900712474881,0.968763141778022,-5.10179303715222
"ZNF644",0.224363189174273,17.9287914387351,1.72627994414358,0.105113899140873,0.842341998928484,-4.2085865449785
"HEATR1",0.115312632315572,19.3536905417676,1.74821138091097,0.10114222896583,0.842341998928484,-4.18793288000049
"ELOVL6",0.458762274371871,15.5885517920942,1.55658474691073,0.142210192105064,0.842341998928484,-4.36529757251325
"POMK",-0.239952755016418,16.7270046470084,-1.84047910509023,0.085844543012728,0.842341998928484,-4.09958843657877
"RABEP2",-0.225595662939394,16.1261813412981,-0.656456688821863,0.521709956492538,0.920721460254424,-4.97871356369758
"TFB2M",-0.0439718670717646,20.3670478558974,-0.658318970470808,0.520447588655322,0.920721460254424,-4.97795533913628
"STEEP1",0.137115224510286,17.7040074040475,0.847179553178197,0.410391826957371,0.902043681327841,-4.88360989965185
"CIAO2A",-0.0257832173625516,19.191684013771,-0.293055725903234,0.773550275172998,0.965357942505356,-5.09654880189601
"DHX35",-0.100271823516564,17.9141513070111,-1.00383878461187,0.331594391170982,0.882084620678191,-4.78977556193067
"RPP21",0.0379987219575071,17.9062327270758,0.106295610107497,0.917036692905113,0.985937788833006,-5.12244362250388
"NSUN3",0.144730715105315,14.3569675609867,0.491379490396911,0.632175336447615,0.938733993165069,-5.04188820215262
"STN1",0.00406700689504191,14.393242252504,0.015115987135251,0.988141624521107,0.998077106774333,-5.12635475973006
"DENND2D",0.0479077314384284,18.9725223018756,0.739618827831918,0.471106057858083,0.911462804536586,-4.93995961204424
"PCNX3",0.100480508121951,16.5942445024919,0.53222743219018,0.602471045133152,0.9347876022965,-5.02873388582132
"HAUS4",-0.0651755561984579,16.8059022913618,-0.395051343203459,0.69844265614289,0.950393426960806,-5.07229762422817
"CCDC134",0.0445207442816695,18.2762079494046,0.474097532792712,0.642352004352244,0.940475135737222,-5.04870637003731
"TUT1",0.0986402826582058,17.0297889225428,0.829781002956041,0.419851753451329,0.902043681327841,-4.89318298125765
"CCDC86",-0.00593654940929866,20.7547383356895,-0.0734546993742482,0.942428282477886,0.99142871985392,-5.12455011232868
"REEP4",0.0736426890275013,17.7834271174985,0.740619294010927,0.470517058677539,0.911462804536586,-4.9394670301051
"ILRUN",0.282796106097969,17.4349527584582,1.29582870635227,0.214888635373,0.846423796376897,-4.58122337389403
"OPA3",0.0130704305039018,18.4001246096676,0.124068217596204,0.902931333442441,0.984405675544383,-5.12106087789472
"PRR36",0.0437529622343753,16.6241683312235,0.387426242438429,0.703957691225886,0.9516081755383,-5.07435329225052
"TASP1",0.0632106894489368,16.1820363893384,0.374205617784219,0.71356053160683,0.954180921097348,-5.07782502804296
"CIAO3",-0.0455847715947222,17.8157553686661,-0.555033645176458,0.587166655241593,0.931507433321442,-5.02029936318001
"DHX33",0.0346838159447316,19.0307414976032,0.621351648446884,0.543824839599793,0.925464328596667,-4.99388372184813
"ACSS3",0.00466672864328643,20.1458727630693,0.0939141957611921,0.926437483898112,0.987672911573181,-5.12335462340197
"NOL6",0.0634387679420705,19.4982381525654,1.16388282412423,0.262899977633089,0.851611949290631,-4.68054483105488
"WDCP",0.0205585166847122,14.3948777632555,0.0895066278228258,0.92996594336629,0.988634971821529,-5.12362406457751
"YTHDC2",-0.062436506570954,19.0973674638057,-0.776641007725934,0.449610998353737,0.911316442457203,-4.92133298233496
"EPS8L2",-0.069623929674524,20.4701924008196,-0.83137498899966,0.418979223304158,0.902043681327841,-4.8923131902883
"ESRP2",-0.0378310243376632,19.8153478042734,-0.517216386514144,0.612651608457239,0.936335994482148,-5.03410212422056
"RPAP3",0.0160962984442072,19.2831528461176,0.176495120042787,0.862298485192143,0.977592365867279,-5.11556764293355
"BCAS3",0.0788657410151643,18.2996754598085,0.654158002536246,0.52305008753425,0.921287170798398,-4.97979075130869
"ALG9",0.112376041446268,16.103202095963,1.00638641758562,0.330408099809713,0.881865999934032,-4.78813942496523
"LDAH",0.00835611101848599,19.7963932224912,0.105803258147466,0.917159784084667,0.985937788833006,-5.12252587057906
"RIOX1",0.10692226339437,17.9439214759181,1.24833262069824,0.231305482593645,0.849389846357638,-4.6178879388995
"WDR55",0.0670918048130495,19.0697494169813,1.26617478371216,0.225026351535245,0.849389846357638,-4.60423205650815
"RANBP3",-0.0254482335842177,18.8712304347923,-0.418174666878106,0.681826434566105,0.947983628026866,-5.06582601661821
"EGLN3",0.556983147453938,18.0724333921606,0.887677962829836,0.391684944374423,0.897167192888407,-4.85914082670712
"DCTPP1",-0.0946134887410288,19.6639348523612,-0.32776947981617,0.747808872791469,0.960897384389211,-5.08902315945255
"SH2D4A",0.0248315282367173,15.7697661556686,0.207174144964161,0.838698602822769,0.974083960838905,-5.11146943747919
"PEAK1",-0.186400584323207,15.8956268917277,-0.82362828675128,0.423230727108215,0.902043681327841,-4.89652655639346
"RPF2",0.125527632514913,20.7267299768867,1.29342337695195,0.215697183355593,0.846423796376897,-4.58310406082858
"SMYD3",0.0875239147403093,18.966065471217,0.688682843799678,0.501681301634854,0.917812698368546,-4.96423768767209
"AAMDC",-0.242126802616006,17.690241503813,-1.27434818499294,0.222195138114832,0.848913596012489,-4.59792895068716
"DOCK5",-0.000427538869647748,17.0216673584245,-0.00350033740846053,0.997253906608667,0.999742128090196,-5.1264303018676
"WDR26",0.108905690194756,19.4316726867709,1.33719894718426,0.201356558527723,0.842341998928484,-4.54848658668005
"C8orf33",0.0109003695478656,20.486442331603,0.147184874540069,0.88497326588533,0.982823192403566,-5.11887399864192
"ATP13A3",0.246641139728567,16.9565468250163,1.50935804291414,0.152267401098447,0.842341998928484,-4.40477992186288
"SUDS3",-0.141521978993559,18.0659842677044,-1.12126338648324,0.28004754300228,0.867982241808658,-4.71088312572533
"SCAF1",0.196903204475742,18.3207299268209,1.69761773604322,0.110509843094091,0.842341998928484,-4.23536757941072
"PLEKHG2",0.0830170817408629,14.9659773616459,0.530955759833481,0.604545064055646,0.934888469059751,-5.02842533798693
"NRDE2",-0.103225476679338,16.6073042381285,-0.876580072674755,0.394726684149259,0.897167192888407,-4.8670395344139
"KAT8",0.0878420902197874,17.9741934215817,0.709436427603889,0.489085166787668,0.914374640734034,-4.95453602429189
"PTGES2",0.0533225151001666,21.7654610087367,0.941175890542673,0.36173078181615,0.891497764793046,-4.82892747237084
"PACC1",-0.0701516344729409,15.9898049564192,-0.488561904681675,0.63231485818913,0.938733993165069,-5.04394278117544
"PHAX",0.23118795512573,19.7148192642717,1.7258413707737,0.105194696943908,0.842341998928484,-4.20899815216905
"UBE2Z",-0.613021374793224,21.971641581017,-2.14686931241384,0.0493609152387663,0.842341998928484,-3.79656007322871
"GEMIN7",-0.74582922384737,17.2891321170603,-1.94722181820946,0.0711624254376133,0.842341998928484,-3.99665076062146
"ACAD9",0.00946720826604164,21.1131156284806,0.162853217249848,0.872837747278658,0.981776234144474,-5.11718066060072
"NT5DC2",0.11295068339987,19.6904876014189,1.67933793278381,0.11407592669592,0.842341998928484,-4.25231936082907
"VCPKMT",0.00551128693918557,16.7956130882135,0.041064214140709,0.967793793769845,0.994596052769101,-5.12584553470449
"PRKRIP1",-0.252029700595479,18.149958328241,-1.67884284701948,0.114173884791913,0.842341998928484,-4.25277706484457
"TTC12",0.178455914482795,14.1801124587179,1.04459824476748,0.312978461210962,0.878437682691824,-4.7631911579396
"CAAP1",0.105866440796017,17.5558826504061,0.402824262530997,0.692905733254167,0.950096936495422,-5.07012499145093
"NOL11",0.0446229081759206,20.3199856454743,0.563793847314174,0.581341227562161,0.929790176756083,-5.01697063158495
"DDX31",0.0356067493351908,19.1715819477671,0.394954193252367,0.69851281253018,0.950393426960806,-5.07232406005359
"METTL7A",-0.0292413784916512,18.5526809201545,-0.225772332094382,0.824467966314153,0.971736007646946,-5.10866846151518
"BRD9",-0.0285430053717768,17.0510370982905,-0.181511041486309,0.858430040009977,0.977171115752443,-5.11494213476148
"MINDY3",-0.211696127697476,18.8237513425141,-1.67099711694202,0.115736024194734,0.842341998928484,-4.26002034729944
"SRD5A3",-0.516452634647568,13.5295023702352,-1.17408300877521,0.258916987640718,0.850763184094445,-4.67315413629529
"AKTIP",-0.0978350352055806,18.5097002185836,-0.852446558259859,0.407555817108327,0.902043681327841,-4.88067759807074
"ECT2",-0.0234940671463946,18.244554390148,-0.293031974661135,0.773568076085086,0.965357942505356,-5.09655362716473
"PLEKHF2",-0.0423211022150127,20.8550559326874,-0.656459308003231,0.521609812964765,0.920721460254424,-4.97877696863555
"ANKZF1",0.0601847305363243,18.1655615916154,1.09548789379362,0.290817878090643,0.875218094541793,-4.72879919187954
"GORASP2",-0.320725717233643,19.5809711158893,-1.68434058186805,0.113378740982462,0.842341998928484,-4.24828773814236
"ZWILCH",-0.0363319048289696,18.7218491068638,-0.426947957781793,0.675565759408732,0.946079528049669,-5.06327730934503
"REEP1",-0.224526536002372,13.8808392485659,-0.504470413103638,0.626353809630815,0.938315260595475,-5.03544114833901
"JPT2",0.168362129292159,22.2917258643523,0.857237434212375,0.405273709622345,0.901494137009224,-4.87783205493111
"RNF121",0.564917545782098,16.7768809669265,1.5941996651768,0.13231791765382,0.842341998928484,-4.3303189575392
"SLC25A22",0.132158418812271,19.2414224477049,0.509451992645579,0.61810823353479,0.938315260595475,-5.03672291775016
"PSTPIP2",0.00381887139378989,15.8526945481506,0.0226880237781865,0.982202326563339,0.997543228069567,-5.12625476146089
"MED20",-0.278864065353744,18.7531002238262,-1.74871095160799,0.101053315319957,0.842341998928484,-4.18746081443143
"WDR76",-0.00849685576798365,16.8569027918014,-0.0835657947035737,0.934521970598095,0.988634971821529,-5.12399578451144
"QTRT2",0.0581571857354533,19.6371468140258,0.672853829835782,0.511414777875562,0.918582534034279,-4.97145980895663
"WDR54",-0.0752524535412924,18.1058033431054,-0.459646825006905,0.652452209045847,0.940958728523278,-5.05332819919558
"ACTR8",-0.0803386166603453,16.7412204373384,-0.788360972025286,0.442936138287181,0.908716866415922,-4.91526679829532
"ARMT1",-0.012710118905261,23.9708531887515,-0.146583613609774,0.885439572229866,0.982823192403566,-5.1189355833717
"PANK3",0.0885644474515672,16.8961616342772,0.573982483109801,0.574603655777377,0.929763305957504,-5.0130373110325
"CNOT10",0.0450452681532845,19.4128375787824,0.695088340454186,0.497773430653323,0.917726054591985,-4.96127139973939
"LRRC40",0.00945250060021507,20.4022704988574,0.133123262812908,0.895889854542932,0.984405675544383,-5.12024851506368
"RMI1",-0.065059348335712,16.4979375912309,-0.420455494304285,0.680196469824844,0.947983628026866,-5.06516834638718
"EHMT1",0.00930893790772913,18.7342678761233,0.112061247670906,0.912281235548738,0.985471838577121,-5.12205008757236
"SFXN1",0.0593055597020005,23.7065413084169,1.15979072923558,0.264510930247365,0.853718501135539,-4.68349585150803
"VIPAS39",0.126425434852418,19.6118363019391,2.53481648393293,0.023057090261985,0.842341998928484,-3.38230811491668
"COG4",-0.0438136657859971,19.6122735123129,-0.614577330549699,0.548170593581415,0.92552891980847,-4.99670983720874
"ACTR5",-0.166557471766478,17.2692128177107,-1.76380451329948,0.098399168020998,0.842341998928484,-4.17316512821168
"AGO3",-0.0201382602057265,14.8513387927299,-0.0916305865121739,0.928220820631457,0.988214118506286,-5.12350252987079
"MAP6D1",0.283859774834074,15.9893036781753,1.09346541259837,0.291675828882823,0.875482866553864,-4.73019099519606
"MRPL44",-0.0348788880942976,19.9720906627171,-0.38181876899814,0.708024449721313,0.952840650411716,-5.07584014763897
"USP42",-0.170795537582576,15.9691390906611,-1.30244926512867,0.212675592583304,0.846423796376897,-4.57603388288129
"ISG20L2",0.123925503366902,18.8685065202764,1.21466769805682,0.24352599241095,0.849389846357638,-4.6432617560132
"KANSL2",0.015690540612777,15.1215467833797,0.0669529975096082,0.947515615853841,0.991836338916264,-5.12486888381429
"L2HGDH",0.0187408834976353,21.1995868493157,0.280691281423715,0.782834651626519,0.966732684376251,-5.09900864158081
"COPS7B",-0.042666752558965,19.0559557745468,-0.531507631442141,0.602957293508292,0.9347876022965,-5.02899463077764
"CAB39L",-0.00156197706002459,17.9206379749495,-0.0150383034313039,0.988202561871454,0.998077106774333,-5.1263555780566
"ELP3",0.0928943258954327,19.2113351053282,1.3145603461212,0.208674290504189,0.846423796376897,-4.56649163754321
"RPF1",-0.0706559444135131,17.7137823407745,-0.572444881719745,0.575617828107729,0.929763305957504,-5.01363515249509
"POLR1B",-0.0399656977459273,20.3617732939867,-0.763906441583747,0.456934672068742,0.911462804536586,-4.92783216719725
"UCK1",-0.0377300546442925,17.1269575955214,-0.29817127925335,0.76971938705394,0.964320849854457,-5.09550056429495
"FN3KRP",-0.0639834878905781,18.1400970871706,-0.750254266007496,0.464867733123435,0.911462804536586,-4.93469248247347
"TBC1D17",0.0574367442260417,19.2669084375372,0.69245815630402,0.499375888189248,0.917812698368546,-4.96249243896075
"CARS2",-0.0357857021430057,18.3231645808907,-0.579885180382698,0.570719041483714,0.929079585778747,-5.01072824688927
"CERS4",0.0939425546663237,17.6599875747314,0.441741456874398,0.665083857648738,0.944349207216172,-5.05885294713626
"RSAD1",0.0305598859155012,16.0722156762033,0.200074555162554,0.844146638655972,0.974829174801071,-5.11247570420222
"PPCS",0.0776796788917231,21.0351342185731,1.25823599229263,0.227803450026608,0.849389846357638,-4.61032578298606
"UBTD1",-0.21074515905609,11.1777580494265,-0.730232212190082,0.477468275310126,0.911462804536586,-4.94402880630822
"WDR41",-0.116141600587671,17.9974340371972,-0.987060645618695,0.339482927639181,0.882576231598199,-4.80046493002073
"MEAF6",0.135958654170814,18.6484245948761,0.995507408705229,0.335495056219805,0.882084620678191,-4.79510216265347
"FBRS",-0.246226051108746,15.6192406304425,-1.05221896139608,0.309583688230519,0.878437682691824,-4.75812501565408
"NMNAT1",-0.151775842627849,17.5062306845866,-1.68195918353075,0.113558499245859,0.842341998928484,-4.24989477952476
"MLXIP",-0.0415041002878827,12.7960516580067,-0.188796016704749,0.852818330003736,0.975701677811386,-5.11400264241262
"C17orf75",0.0678264097621444,18.6507677471906,0.75480745135177,0.462212587032414,0.911462804536586,-4.93241683871151
"SIAE",-0.214090200154345,17.6217043466477,-1.40035058338002,0.182032196973464,0.842341998928484,-4.49713141765365
"SMURF2",-0.130427844957895,16.4371992417656,-1.12770244353976,0.277404216930037,0.865963280833073,-4.70635622832147
"UPF2",-0.0236965184790137,19.7999546508946,-0.480844922805107,0.637660703732868,0.938925721121189,-5.04650130771247
"XPO5",-0.00643024060808983,22.6512890987379,-0.0853967533929992,0.933091000165093,0.988634971821529,-5.12388777955885
"GRPEL1",-0.0109496692088875,20.8175944634663,-0.0996721981963075,0.921942726238989,0.985937788833006,-5.12296554875225
"BRF2",0.424185891455723,13.6959026921951,1.26461757222961,0.225568972068036,0.849389846357638,-4.60542957038978
"CLK4",-0.00114694633555246,15.1844039907614,-0.00547536546658161,0.995704466243811,0.999742128090196,-5.12642410891895
"MYG1",-0.000306139849421072,21.7793588731565,-0.00201630702452774,0.998418423645607,0.999742128090196,-5.12643316102964
"PLEKHA1",0.0604211693087287,17.3857954081611,0.363103833751549,0.721663318051278,0.954180921097348,-5.08064958199731
"SCPEP1",0.0120431026205026,18.9132769222064,0.0627500202464798,0.950815334626361,0.992530218964564,-5.12505823233015
"MKKS",0.245746622374032,19.2057472312434,1.33112420630338,0.203532194351985,0.842341998928484,-4.55340961445465
"CACYBP",0.0561242375690796,23.5113682944973,0.594555634814582,0.561124483849899,0.928547143563569,-5.00489328144371
"RRAGC",-0.10833289983163,16.6239164371623,-0.919718633102413,0.372474001017114,0.892975750565936,-4.84184425805777
"PATZ1",0.00250619078308389,18.4859723195872,0.029914662200176,0.976534960125833,0.996420699068217,-5.12612196913396
"ZFYVE1",0.0730402825711671,17.0060230565557,0.4168060132779,0.682805314046705,0.947983628026866,-5.06621900074813
"RHOF",-0.476183147730332,18.2297956122568,-2.12529793823122,0.0510405674928105,0.842341998928484,-3.81595663512482
"PDF",0.077769129209301,19.7307077173902,0.416367131312855,0.683196817234264,0.947983628026866,-5.06630103786067
"RDH14",-0.0597433071103772,20.1090357083409,-0.834057252480568,0.417513642659303,0.902043681327841,-4.89084624781602
"PARVB",-0.00588660355535708,17.2771562872875,-0.046962862165583,0.963170951340129,0.994140555635692,-5.12566417179491
"CYP4F11",0.211488853610657,15.6678691924419,0.497771591310582,0.628789283615451,0.938399949405853,-5.03909108250916
"PLGRKT",0.574110270549799,19.2785452835035,1.21363846936112,0.244494670433911,0.849389846357638,-4.64401220161862
"NMRAL1",0.0870096150678421,19.5306247209043,1.00966996751224,0.328883609525466,0.880057183772315,-4.78602562000507
"VEZT",0.151224256732402,17.1754351737735,1.32810715551113,0.20427023053283,0.842341998928484,-4.55574368210534
"SPC25",0.155489095026109,18.7259160412664,1.45755644020962,0.165863046008418,0.842341998928484,-4.44923160731455
"ETNK1",0.0603278494139197,19.4874846916104,0.453204804806739,0.656977741854537,0.941495118052367,-5.05534422989809
"TMEM165",0.253623698394239,20.152015574637,1.9988751894073,0.0643407192806607,0.842341998928484,-3.94303822729415
"SLC25A19",0.155831984030886,19.6030607816558,2.53968449567549,0.0228368277838563,0.842341998928484,-3.37708100757209
"EML4",0.0174134416514171,21.2629137301387,0.418477266171756,0.681610091195007,0.947983628026866,-5.06573896227038
"MRM3",-0.0958508077621332,19.2772693955405,-1.17582552104943,0.25824120496855,0.850763184094445,-4.67188662122646
"GLOD4",0.103340529245543,22.2704087980271,0.889379221991884,0.388033307814874,0.896809944907941,-4.85967282597642
"CBX8",-0.271494167836423,19.8642550774797,-2.03001859106767,0.0607375512354657,0.842341998928484,-3.91161876442146
"PCDH9",-0.0853011479782104,17.2898607825917,-0.312788685790448,0.760496609322036,0.963360829111366,-5.09162125513256
"SENP2",-0.575122811445599,14.5414532658534,-2.5713456371161,0.023475097818969,0.842341998928484,-3.38639835106065
"MCCC2",0.0155662591459809,22.0342193493863,0.165907873040993,0.870475583513555,0.981068190170455,-5.11683068914764
"NCOA5",-0.081156160716823,20.2749264783458,-0.942572366350304,0.361039092086414,0.891497764793046,-4.82807807073104
"TANC2",-0.0225046251141912,19.1019276573818,-0.524930252605361,0.607409529043901,0.936335994482148,-5.03136173281258
"EPG5",0.103503896572377,16.97105953404,0.691037020437198,0.500242982248317,0.917812698368546,-4.96315042573932
"MOV10",0.120180933369809,20.6800089579569,2.58575894067567,0.0208495661340433,0.842341998928484,-3.32754663290294
"METTL14",0.0356509835626255,16.7926576878963,0.267082091247089,0.793093276838162,0.968763141778022,-5.10159525214408
"ARHGEF10L",0.040349048525993,15.4393389056058,0.162320815800942,0.873588909097354,0.981776234144474,-5.11715173063422
"ANO8",0.2045716025251,16.7461945798203,0.457061531622529,0.654902828640361,0.940958728523278,-5.05376271538146
"CWC22",0.0919316323532762,18.0373346238226,1.16989421168759,0.260547022201312,0.850763184094445,-4.67619519117924
"SYTL2",0.0559225906516438,20.2492849623679,0.678213523310229,0.508106878759909,0.917812698368546,-4.96903166760072
"VAT1L",-0.0726895717886755,19.5463490870797,-0.131962537014607,0.899101742914382,0.984405675544383,-5.11984985573635
"CHD8",0.0893358603517314,18.8462509617199,1.68168883353824,0.113611771094505,0.842341998928484,-4.25014494259729
"GPAM",0.0520347518024629,16.9308929144763,0.405653470512042,0.69080359556819,0.948559449659011,-5.06937469747349
"EPB41L5",-0.0454105756041017,19.1819388152199,-0.419371248515117,0.680971107396153,0.947983628026866,-5.06548141759106
"GPN1",-0.103896605796372,19.1425937034193,-1.66069574862405,0.117815217100645,0.842341998928484,-4.26950180135125
"SDF2L1",-0.158049095953665,19.8268152705442,-1.29564322554817,0.214950898579959,0.846423796376897,-4.58136848787697
"CSNK1G1",0.153868952798895,17.7672958903843,1.30259399202226,0.212627418549331,0.846423796376897,-4.57592022715926
"XAB2",0.0174029725508937,19.2318186047231,0.307563889601839,0.76270173714022,0.963360829111366,-5.09352945497736
"CELSR2",-0.552272593195489,17.3477234776382,-4.1757892763879,0.000834625106580037,0.651418876108672,-1.67507666740588
"PREB",0.00377403715237534,20.6338106668579,0.0618756971749106,0.951490064960252,0.992530218964564,-5.1250973057992
"BRMS1",0.0146218630571759,17.6197700239366,0.108929275219556,0.914722387686091,0.985471838577121,-5.12229161471699
"SRA1",-0.0502668021841188,18.6346306550749,-0.444215992143405,0.663315654280088,0.944051057140379,-5.05811146250975
"ATP13A1",-0.114742072962077,19.0919377350095,-1.38253923879509,0.187322773415059,0.842341998928484,-4.51178090856446
"MRS2",-0.292030296615398,18.1693000721118,-1.70499379261041,0.109098624470152,0.842341998928484,-4.22849887955086
"GOPC",0.0120787580870569,19.2657518129422,0.159199202902559,0.87566503812939,0.982105156247674,-5.11759079836289
"MRPL47",0.00550038840953349,20.4562834920082,0.0616111182688557,0.951697211599576,0.992530218964564,-5.12510871569844
"LYRM4",-0.0572780568390741,18.8088760549958,-0.45494842627434,0.655751462525542,0.940958728523278,-5.05480126707873
"SEPSECS",-0.14291803872354,16.5962922213773,-0.876889498699642,0.395562591465422,0.897296338877052,-4.86630480281376
"CHMP1A",-0.0410159065073792,19.2006004012997,-0.215698617438286,0.832202715184755,0.97321318663213,-5.11020355790362
"TM9SF3",-0.255693087174958,21.9766262460094,-2.37533124026363,0.0315035155343846,0.842341998928484,-3.55265401458856
"JPH1",-0.368770268739539,16.9730281390233,-0.7254247815216,0.482840983090989,0.911504459854973,-4.94474286621814
"APMAP",-0.0655954523756321,22.9649035367182,-1.09551225621418,0.290807554811533,0.875218094541793,-4.72878241401153
"WDR6",0.00511420133687679,18.9333606422232,0.0903819547312621,0.92919608244225,0.98844437342078,-5.12358186493516
"TXNRD2",-0.12920149698904,19.4711184417862,-1.27205008258918,0.222988327532157,0.849389846357638,-4.59970417838663
"TUFT1",-0.222359600133021,15.6124736721551,-1.2613597004285,0.226707533060255,0.849389846357638,-4.60793141664284
"ABCB6",0.0616695899188926,20.0238358010139,0.936253857723223,0.364176025111715,0.892652924906307,-4.83191277562782
"ARFGAP3",-0.0177521738563513,17.4054918679506,-0.157851197901754,0.876708500794295,0.982823192403566,-5.11773976341391
"HMG20A",0.0734877865671564,16.3870404698683,0.579040077825524,0.571274362688122,0.929079585778747,-5.0110602034543
"RAB18",-0.16304817689652,21.9822778193538,-1.34251547300579,0.199668313042978,0.842341998928484,-4.54422676631919
"ALG13",-0.0547184070370008,19.0539359602687,-0.364108208868592,0.720928822990406,0.954180921097348,-5.08039746017827
"SSU72",0.0848174239741475,19.8628925999794,1.40668872053559,0.180179298709407,0.842341998928484,-4.4918876992483
"VTA1",0.019384169480908,22.1811812028132,0.192779536358011,0.849753228062367,0.975701677811386,-5.11347338427142
"PNPLA8",-0.0361201841604313,17.1729274974142,-0.301948219642511,0.766894917788075,0.963360829111366,-5.09471517181847
"SARS2",-0.0408946016695175,19.804282649861,-0.682730216837104,0.505328909533086,0.917812698368546,-4.9669717017443
"RAB9B",0.198842679474339,17.2778165359952,0.859083523422039,0.404017344151486,0.900408026538814,-4.87695039812066
"MRPS30",0.0794545677998144,20.3573453143365,0.549114253871132,0.591177772720913,0.93247311322733,-5.02248366816498
"DYNLRB1",-0.203926709196089,18.2440649340682,-1.2637561065632,0.225869598080883,0.849389846357638,-4.60609158359135
"EMC7",0.0316823149937733,20.7325875649259,0.3288566681784,0.74687334366699,0.960553706497492,-5.08883872724431
"ENY2",0.229889863912895,20.2675828730798,1.11326061925133,0.283729979732177,0.871003372588737,-4.71639036985105
"EXOSC4",0.0686259652106997,20.9504765932779,1.30542815588252,0.211685785867902,0.846423796376897,-4.57369269911512
"UBE2T",0.102100252545039,21.8502657160445,1.03659392985513,0.31657316177338,0.878437682691824,-4.76848005304149
"NOP10",-0.467959480274263,19.3270461376629,-1.80744928790147,0.0915008763417934,0.842341998928484,-4.13282029928216
"OSGEP",0.0866104241607921,20.4454980357329,0.93069692185754,0.366950366066259,0.892975750565936,-4.83526719865519
"DMAP1",0.0828318640347803,19.1543406401241,1.22090193737844,0.241225856905177,0.849389846357638,-4.63860202344161
"ACP6",-0.0247543024041335,17.2504316194078,-0.238462587849496,0.8147939664754,0.969238685869721,-5.1066204229945
"ISYNA1",0.12427886879993,20.6554756289827,1.22410491935847,0.240050692054974,0.849389846357638,-4.63620102565647
"BRD7",0.00752697292357496,16.2181129656678,0.0356721438641743,0.972020675204304,0.994854171486128,-5.12599006366108
"DCP1A",-0.265209878633225,18.0095297165119,-1.65232730374876,0.119528002852392,0.842341998928484,-4.27717978929075
"ACOT13",-0.300082765681044,21.7291358335724,-2.44797039936771,0.0273448224130707,0.842341998928484,-3.47530946621349
"MED4",0.0454126178804302,17.308836796587,0.35034441402136,0.73101867700705,0.958217861269429,-5.08379327159871
"TIMMDC1",0.00844964205582599,18.6709092263316,0.110290624827088,0.913661200806517,0.985471838577121,-5.12218747131016
"RIC8A",0.0522923450131572,20.6099285014488,0.878288928013246,0.393828593521352,0.897167192888407,-4.86606132310199
"SEMA4B",0.122775527532831,17.419597948778,1.32709827126426,0.204595627248944,0.842341998928484,-4.55654681889036
"GPR108",-0.0705949916328024,16.4521388868023,-0.488323862929819,0.63247944405765,0.938733993165069,-5.04402228572779
"LUC7L",-0.0279929733200355,20.6153850521357,-0.257221074562929,0.800551430728078,0.968763141778022,-5.10339019389745
"LZTFL1",-0.0927667855407606,16.446895148447,-0.559799781534659,0.583993530296506,0.929790176756083,-5.01849441365572
"MRPL40",0.239755923072391,20.3463330110719,1.70406386263676,0.109371632278297,0.842341998928484,-4.22957879087359
"PPAN",0.038191819846805,20.0056353178659,0.538817566864201,0.598028290899173,0.933531465418893,-5.02633107228902
"PLCB1",-0.173442484852442,15.4022250988275,-1.01042265159558,0.328534862605845,0.880057183772315,-4.78554027507648
"TRIM36",0.0285363645067847,16.2258339594653,0.139900418064342,0.890760941609584,0.983981825050097,-5.1195722892986
"TIGAR",0.0825884762995273,20.8049817716505,1.17896812609893,0.257025850482759,0.850763184094445,-4.66959702860781
"C12orf4",0.151923669361928,15.4347268431472,0.801252414034517,0.435666728729911,0.903710431392176,-4.90850088772981
"JADE2",-0.229563571602617,14.4073749337001,-0.798597685190262,0.437157477042277,0.903961056574724,-4.90990216084767
"RTN4",0.117559634503642,22.2895528940051,1.55341897884156,0.141451586954377,0.842341998928484,-4.36620141830082
"HINT3",-0.233965691671806,18.4707964737024,-1.71071433713628,0.108014994371768,0.842341998928484,-4.22316066108583
"MANBAL",0.0522774264330046,14.1397470266846,0.226785379296665,0.823694597731685,0.97172646386436,-5.10850904233594
"RPRD1B",0.0977138744101396,20.5333314459481,1.27479288147141,0.222041909023479,0.848913596012489,-4.59758516374772
"MIEF1",0.0318810258361637,14.5847168592811,0.143717090089784,0.887962938325112,0.983360786433286,-5.1191554493431
"XPNPEP3",0.0979047574228211,18.7114448859713,1.03303977116322,0.318178871678064,0.878437682691824,-4.77081784709713
"PFDN4",0.131120805815076,20.2374820050048,0.415317343500562,0.684056245349463,0.947983628026866,-5.06654049346663
"NIT2",0.0200111396288989,21.8663069974507,0.330848534980405,0.745398535313333,0.960286183316858,-5.08838417691901
"AVEN",0.42003977429567,15.6289394633671,1.47201546278908,0.161970192479447,0.842341998928484,-4.43692491870987
"INCENP",-0.0868104233989762,16.9590045647507,-0.807112771141176,0.432387355684128,0.902798869645563,-4.90539295625979
"EXOSC5",0.132029975630996,20.4177363492198,0.760341526823046,0.459140724096017,0.911462804536586,-4.92954414551046
"EXOSC3",0.048826944251001,20.2844506495138,0.471255518505518,0.644332730696629,0.940757100789874,-5.04962619713711
"KIF13B",-0.190762757389578,16.8393005122045,-1.65594695349399,0.118784537524524,0.842341998928484,-4.27386148439028
"PRDM10",0.382607735317787,17.4263162302781,2.46724063443453,0.0263323916001717,0.842341998928484,-3.4547182887245
"ANLN",0.0600008921712742,19.9154042241319,1.06288881757589,0.304875864473374,0.878437682691824,-4.75098177672926
"XPNPEP1",0.0393262028030001,20.2182963564611,0.491968777447999,0.629961498808593,0.938594368330039,-5.04280084311764
"GPHN",-0.100486391709168,20.5869994825502,-1.85415146331215,0.0837619651862205,0.842341998928484,-4.08630785529068
"MYO5C",0.0365422988617468,19.1342528030034,0.612779974616874,0.549326778315271,0.92552891980847,-4.99745481009278
"NPDC1",-0.0474457939186586,15.1910972164583,-0.197632758930688,0.846022327710532,0.974870111859126,-5.11281374510645
"UTP3",0.0812348464119843,19.3300107467014,0.653165788795295,0.523671760458535,0.921287170798398,-4.98022683142746
"STARD7",-0.0800575547615416,18.9451966063875,-1.34519784719106,0.1988208740997,0.842341998928484,-4.54207303308199
"BIRC6",0.0565502117388377,19.0119729961239,1.17413891852761,0.258895283689002,0.850763184094445,-4.67311348955496
"PDLIM7",-0.18541939717058,20.9966760634309,-1.61052419117294,0.128409398523876,0.842341998928484,-4.31519936769059
"ACSS2",-0.0113475081748184,18.3485788265123,-0.134106072863874,0.895126124897689,0.984405675544383,-5.12015691296411
"DIABLO",-0.038960724711945,21.7416375708524,-0.29889290262609,0.769179480915341,0.964320849854457,-5.09535125853835
"DDX21",0.0835030689454115,23.47977506437,1.28580145774045,0.218275257022232,0.847665896924723,-4.58904683246517
"SAR1A",-0.21598320409722,22.3973611198336,-1.66534755101522,0.116872340777863,0.842341998928484,-4.26522433220055
"POLE4",-0.0737872429019646,18.9670699614506,-0.397979222910998,0.696390324515737,0.950393426960806,-5.07146463101794
"NANS",-0.01742714718889,23.3534969639307,-0.265897168693021,0.793988378088667,0.968763141778022,-5.10181446053059
"SH3GLB2",0.0842618054003381,20.3340467072989,1.29078741807835,0.216586032141413,0.846423796376897,-4.585162176577
"ASH1L",-0.0800729940622205,17.4294987361851,-0.713197760910097,0.486822544763168,0.91405766851174,-4.95274960503698
"EIF2B3",0.0125696179172046,21.0305377153654,0.208692298123893,0.837534709350337,0.973760257456695,-5.11124974246471
"MBNL1",-0.0601856736756581,19.9319647919644,-0.530050195272715,0.603942434862967,0.934888469059751,-5.02952155518476
"PXMP2",0.0514582169554032,19.2816391889786,0.725932083210289,0.479208761665687,0.911462804536586,-4.94663779824906
"SPHK2",0.476450457568228,14.2500270549036,1.45627478877278,0.167700338090611,0.842341998928484,-4.45146304159945
"EIF4ENIF1",0.0797729629584296,18.0966507460769,1.03113907691356,0.31903998712678,0.878437682691824,-4.77206536203403
"ST7",-0.500748194062183,14.6793461513037,-1.9022180402965,0.0767943182395895,0.842341998928484,-4.03925481134457
"FBXO6",-0.207613360716806,16.8227991903924,-1.11535814096524,0.282488297386809,0.870529341498932,-4.71501680711776
"PICK1",0.0120611536680713,18.9538244576997,0.162374834066633,0.8732077947737,0.981776234144474,-5.11723488274687
"CTPS2",0.0565150480128978,21.19028854711,0.758102952446712,0.460296687790274,0.911462804536586,-4.93076204939114
"POLE3",0.349397613345126,19.3681724467242,2.08426857948059,0.0550797849981063,0.842341998928484,-3.857675708281
"CHRAC1",0.238609048385204,19.1385532102072,1.27353832108253,0.222701069774687,0.849389846357638,-4.5985838327777
"SMYD2",0.257209198029273,17.2669321586133,3.2559981410354,0.00539955561626975,0.842341998928484,-2.60642697887647
"SDR39U1",0.243341226047104,17.4305014968694,1.15775121975143,0.26531663224631,0.854211995036261,-4.6849636493807
"AAAS",0.0247810238469626,20.2611915298133,0.343491489301939,0.736061731926527,0.958217861269429,-5.08543632163012
"ABCB10",0.130164558034156,18.8660372458942,1.87601080249171,0.0805259957168376,0.842341998928484,-4.06497858452384
"BAZ1A",0.0741259327062735,26.4585237382,1.25384651512843,0.229350482338493,0.849389846357638,-4.61368299688114
"STRN4",0.0737069758359397,19.7647954965523,0.999230889235434,0.333747745314878,0.882084620678191,-4.79272612643697
"ZNF277",-0.312026595031616,15.8156993228561,-1.3610969937969,0.19530609196243,0.842341998928484,-4.5298259837818
"AASDHPPT",0.00795622034561205,20.4169646741372,0.118343627970253,0.907387342287403,0.985378635910673,-5.12154502170062
"METTL5",0.0923658214931038,18.8286303386191,0.78084201182128,0.447211190391923,0.911232025204671,-4.91916789159238
"OSTC",0.217614382476114,19.9845252603919,0.857530254144322,0.405117181055437,0.90144653596425,-4.87766776965415
"CMC2",-0.1138493781473,18.8779679128202,-0.408014959932946,0.689229763042716,0.948559449659011,-5.06864486776923
"DROSHA",0.0450796451682258,17.4070718435214,0.548965080109283,0.591219607177569,0.93247311322733,-5.02257643350899
"UBQLN4",-0.138946081427935,17.4528407049376,-1.16672015777929,0.261787388155645,0.851343345813351,-4.67849398035271
"CDC42SE1",0.291903853017088,15.1628967618717,0.450158089921277,0.659260230708153,0.941941529032789,-5.05620725387132
"SNX15",0.186154780796521,17.7002316025279,1.44954573466096,0.168053032129991,0.842341998928484,-4.45601564871412
"CNNM1",-0.020909837387638,16.2634700466957,-0.128720090269874,0.899312803094627,0.984405675544383,-5.12065066397384
"HEBP1",-0.00202463108731621,22.310511916045,-0.0221643612321488,0.982613042218361,0.997543228069567,-5.12626296636974
"RAB6B",-0.227545991047155,18.5432859848163,-1.51312565936654,0.151316108299924,0.842341998928484,-4.40150827502198
"DUSP22",0.135743812177665,14.6116180068181,0.697394400351002,0.497143357570826,0.917234421027085,-4.95969494385127
"VPS45",0.0487235982350462,21.8210401116485,0.770473800726996,0.453148562812432,0.91142481873976,-4.92449248018592
"PNO1",0.148584363161959,20.694996605007,3.23164435017035,0.00567417428955739,0.842341998928484,-2.63231774056229
"MRPL17",0.0845229906959837,20.9255472227128,0.955730654194979,0.354566639893388,0.888214064862484,-4.8200223846378
"PHPT1",-0.0333796227265637,20.576373539724,-0.246479753722277,0.808702438240144,0.968763141778022,-5.10526785010788
"SERINC1",0.0344544597496501,18.1375150649195,0.31489647609499,0.757238120826802,0.963360829111366,-5.09194890198487
"ARHGAP35",0.00969225452046274,19.5298223584319,0.210675518911257,0.836014862991919,0.973308054279073,-5.11096034942915
"FAM114A2",0.0848925804159215,17.6496443122959,0.914487437017334,0.37512594944908,0.892975750565936,-4.84495483441739
"AGPAT3",0.00818316068810176,19.6014552483249,0.11139349940459,0.912801622548418,0.985471838577121,-5.12210215498569
"HELLS",-0.0108584880444091,19.922486823792,-0.184845391596351,0.855860547243223,0.975701677811386,-5.11451668596687
"GLRX2",0.266066630459289,18.2946174693313,1.54628760945653,0.143156755383314,0.842341998928484,-4.37249208736528
"TOMM22",-0.570311396614006,21.6308551081167,-2.3675255389275,0.0323075569196981,0.842341998928484,-3.56540085755854
"LANCL2",-0.0842018439125667,20.0927192161806,-0.534564648600483,0.600971240304962,0.934665864553823,-5.02783562937736
"KIF15",-0.00171485077832045,18.1159960420089,-0.0156212877469569,0.987745253948732,0.997917399529304,-5.12634933394696
"RAD18",0.00804355556561021,18.7596903849143,0.0932953274168387,0.92692073625397,0.98793548994252,-5.12339506578684
"TM7SF3",0.205716391869617,14.6724030496213,0.447858301541375,0.661830085341441,0.942806111081549,-5.05635823170776
"ZNF275",0.373615795699216,15.1464308244988,1.63087261093807,0.131722577467315,0.842341998928484,-4.30939137375106
"FARSB",0.0667948828714309,23.5961563078594,1.26323683532354,0.226050960778714,0.849389846357638,-4.60649046979933
"IARS2",-0.0670465221765859,21.6436482187097,-0.68440175136122,0.504303083494286,0.917812698368546,-4.96620617088812
"C1orf112",0.0298080961771454,17.8473449210854,0.188712258482473,0.852882803942573,0.975701677811386,-5.11401365284949
"SLX9",0.114568876466432,19.5398563455188,1.65387581893902,0.119209451509768,0.842341998928484,-4.27576069640542
"BRWD1",-0.194028372282681,16.7141748577872,-1.48300557687971,0.159062437270285,0.842341998928484,-4.42751813459433
"KLC4",0.0770660852455656,17.0038949143828,0.510224522028082,0.617422034538121,0.938315260595475,-5.03655264127488
"C19orf12",-0.0320721890771534,15.0166302704041,-0.0802619534896876,0.937108079003834,0.988634971821529,-5.12418429995615
"CENPM",-0.254119638516773,17.4723540181632,-1.1963775927988,0.250372293467823,0.850763184094445,-4.65682867488361
"DIAPH3",-0.379243722561618,15.3644472322127,-0.99929088703571,0.33789163760839,0.882084620678191,-4.79091771956948
"BMP2K",0.00659633208849009,14.7169448437324,0.0367162594624833,0.971202113881676,0.994854171486128,-5.12596366253808
"ATG3",0.0723567922384198,21.3391735587808,0.742265507139015,0.469548869853132,0.911462804536586,-4.9386552043777
"SIRT3",0.176760077186703,17.9254689934244,1.34706300517651,0.198233329038099,0.842341998928484,-4.54057368361983
"PDS5B",0.049987736723061,21.2274106722889,1.15390028987728,0.266843015407096,0.855784088667751,-4.68772964428809
"SMC4",0.0145879924391465,20.9219872036252,0.375940113656216,0.712297772579949,0.954180921097348,-5.07737624103586
"MAN2C1",-0.0409140519398825,17.7187202820613,-0.293523496673743,0.773199720473875,0.965357942505356,-5.0964536917914
"SACM1L",-0.0303039688996449,20.6180587159976,-0.466170555074567,0.647883627295732,0.940757100789874,-5.05125870838492
"OLA1",0.0182348897321631,23.5213817496641,0.3042266563575,0.765192707978807,0.963360829111366,-5.09423668267216
"CUTC",-0.0827949562204999,16.8023430577317,-0.466895803187942,0.64737663320666,0.940757100789874,-5.0510269100805
"ECHDC1",-0.160244027565042,19.8908583395204,-1.70523340073984,0.109053046404382,0.842341998928484,-4.22827548038406
"RBM12",-0.044674225989624,20.586302537253,-0.703330978895864,0.492771170237055,0.916016829726497,-4.95741743442819
"TBC1D22B",-0.033976211898505,16.169347570666,-0.240290484861413,0.813403054057116,0.969233600523131,-5.10631629247344
"MDN1",0.0559535231097037,20.5056215093799,1.17700694462835,0.257783792506153,0.850763184094445,-4.67102642624896
"LYRM2",0.168345496440047,17.2433720816278,0.814012314244786,0.428546751517048,0.902043681327841,-4.90170821651889
"ZCCHC3",-0.023380649262549,16.807337370877,-0.230575198830861,0.820803100813654,0.970859606133993,-5.1079063842149
"ZDHHC18",0.159517180109944,14.4700575423782,0.561977687748731,0.583843263692764,0.929790176756083,-5.01683018032583
"PDRG1",0.0708678257888486,17.5713114940925,0.409327036427936,0.688164749097943,0.948559449659011,-5.06834439964774
"DECR2",0.0972794979038056,19.580717272853,1.29362600042016,0.215628978622071,0.846423796376897,-4.58294573013309
"ABHD10",0.0775075179329363,20.605853851574,0.883836972612202,0.390922236118392,0.896973092965481,-4.86287406142988
"TCP11L1",-0.643207918514221,16.1030213755128,-2.15214735835348,0.0483207866552394,0.842341998928484,-3.78667952994963
"STAU2",-0.00329878798239847,18.5575471031949,-0.04034724880239,0.968355773157745,0.994596052769101,-5.12586592271462
"DDX28",0.11032266812482,18.7076293550331,1.47209990260709,0.161947683750973,0.842341998928484,-4.43685281654826
"SLC39A9",-0.148947616582131,13.4433032007378,-0.875761342858025,0.395157452578829,0.897167192888407,-4.86750762074898
"TMEM106B",0.113890010783503,17.8400434621629,0.943140451263401,0.360757975620492,0.891497764793046,-4.82773223013798
"LMBRD1",0.25401469924893,15.2083658163843,0.868724142513407,0.398872949975704,0.898430086268213,-4.8715153062597
"BLOC1S4",-0.310365017939986,16.3249712835921,-1.32114671477378,0.206523663116896,0.844322763856599,-4.56127583269659
"LIN7C",0.142862283247208,19.3042241952308,0.580256153759452,0.570658873696076,0.929079585778747,-5.01046339757771
"AGPAT5",0.00569107437473804,17.6054342012439,0.0768170827122895,0.939798348486683,0.989800249882327,-5.12437368812737
"TXLNG",0.0626062261468547,19.0294873140222,0.659382626439033,0.519783503594756,0.920721460254424,-4.97748443396724
"SPATS2L",0.0127904684669069,16.856086180011,0.148707299224424,0.883792750502826,0.982823192403566,-5.11871694002373
"UFSP2",-0.0162119086529273,18.4871273282003,-0.204345189380323,0.840868461864642,0.974567081842156,-5.11187457501949
"ABCF3",0.0632605456239865,20.6763419622635,1.33388834684458,0.202413621442695,0.842341998928484,-4.55113316299352
"CYRIB",0.133391517230745,21.1836652570568,1.95469704275877,0.0697860008435354,0.842341998928484,-3.98726754257941
"AP5S1",-0.0933282127157078,16.1353690920542,-0.73473035592724,0.473990473105399,0.911462804536586,-4.94235780699342
"ABCB8",0.0133297860348556,18.1602931445295,0.0998071004270404,0.92183745250101,0.985937788833006,-5.12295615626337
"DDX19A",-0.643784702291839,17.5317848437343,-3.01020365998921,0.00889873870342309,0.842341998928484,-2.8694472484314
"TDP1",0.0326728993967471,17.3996809711871,0.408058617471235,0.689075425711959,0.948559449659011,-5.06870116211823
"POT1",0.0808942590807487,13.6107060145867,0.259005762217021,0.799200110262185,0.968763141778022,-5.10307028038984
"TBC1D23",0.0461304480679097,19.004412504304,0.4114802021931,0.686620001019904,0.948331682568071,-5.06773633016842
"DCAF13",0.0765998652563908,19.1413967116121,0.925637344698756,0.369489016102492,0.892975750565936,-4.83830663004078
"IMP3",0.050058080550226,19.6866080363898,0.723159548481367,0.4808603129384,0.911504459854973,-4.94797683342914
"NUDT15",0.172315502582574,17.4718294087233,1.93284164305475,0.0726313163381211,0.842341998928484,-4.00899336371933
"MRGBP",0.172330541632604,20.0304226018422,1.77906915632507,0.0957775846744028,0.842341998928484,-4.15864293889742
"EXOC1",-0.0989285861423959,18.4886202939436,-1.68607750882908,0.112749672549876,0.842341998928484,-4.24608121244418
"INTS9",-0.0931782091579976,17.6016900401873,-0.859372268036647,0.403846358559891,0.900408026538814,-4.87679771428329
"NDFIP2",-0.785540248721254,15.3905531366179,-1.78278765241352,0.0953734872902402,0.842341998928484,-4.15574287913814
"TMEM30A",0.293616717843243,20.1115679124968,1.43114194493827,0.173609931568789,0.842341998928484,-4.47179765612335
"UQCC1",-0.0667906195722381,18.9446880403581,-0.868648159572472,0.398913193753027,0.898430086268213,-4.87155842543256
"SEPTIN11",0.0545834082172902,21.6947390267948,0.876008850729835,0.395027195131434,0.897167192888407,-4.86736615485864
"TMEM184C",-0.0218987637890287,16.704074610955,-0.175585699001087,0.863000254716389,0.977592365867279,-5.11567918555348
"MED17",0.147177635847108,18.6149891463762,1.60511668771298,0.12959866036402,0.842341998928484,-4.32007594036368
"PARVA",0.00547700948889229,19.0425349966001,0.0890208622882712,0.930259317002867,0.988634971821529,-5.12366710733511
"PANK4",0.0363856158354992,18.1810780274618,0.628584225759958,0.539206073837609,0.925464328596667,-4.990834598485
"FBXO28",0.232475437625997,17.2419336790992,2.09471850525067,0.0538350203063996,0.842341998928484,-3.84575513506814
"TBC1D13",-0.0317166395393187,17.7983806582403,-0.226212176076034,0.824132162628252,0.97172646386436,-5.10859933188476
"EXD2",0.025583217654578,19.4211580165227,0.497274756773634,0.626304548634935,0.938315260595475,-5.04100723792026
"DNAJC11",-0.0222103501318429,20.2045765361865,-0.402005670460583,0.693428045294149,0.950096936495422,-5.07038884960695
"INTS7",0.0898100058464628,18.8103864234929,1.52391484852036,0.148619529710184,0.842341998928484,-4.39211100550112
"TMLHE",-0.0872970068823697,17.1493565891672,-0.840014666788371,0.414270477571619,0.902043681327841,-4.88757327711486
"FANCI",0.0666143080291839,19.8394945606162,1.31133998829233,0.209732325717518,0.846423796376897,-4.56903510156569
"ATAD3A",0.0110219653640442,21.8211961247492,0.226431978023607,0.823964365749449,0.97172646386436,-5.10856473598668
"ARL8B",0.440608239659941,21.8651969262856,1.00262516255285,0.332658873424294,0.882084620678191,-4.79034369161843
"PRMT7",0.0150215084823166,18.3908404077894,0.228611938520567,0.822300665521864,0.971584792719865,-5.10821981739939
"DNAJC17",0.110549685015357,18.558683179297,0.877376513725004,0.394307943733631,0.897167192888407,-4.86658382763851
"INTS13",0.0887706055550019,19.0864289920648,1.19913194021824,0.249331898957441,0.850763184094445,-4.65479556251229
"GNL3L",0.0734599867103256,19.1922449089971,0.974501009164899,0.345474401720524,0.886421458442757,-4.80836852830438
"DDX18",0.0413827350450262,21.4635316481556,0.553931320847437,0.587901797230534,0.931701489334365,-5.02071474043883
"ASF1B",0.00885953828858632,18.4265473177274,0.0671426640945846,0.947367174409889,0.991836338916264,-5.12486000234999
"FAIM",-0.0860212373489802,17.6326047270602,-1.11092112330304,0.284332652755003,0.871283016319994,-4.71811140107844
"KLHL11",0.152008920344652,17.186043673838,2.01738431952132,0.0621764889881041,0.842341998928484,-3.92438820153226
"INTS10",0.0269496356852166,19.0090036463014,0.32813421755019,0.747408510453304,0.960871492240122,-5.08900292771644
"DNAAF2",-0.162506760101476,15.8789779254126,-0.879130055817123,0.393387039852247,0.897167192888407,-4.86557922523233
"MRPS18A",0.0585081281829716,20.4156128946367,0.852250113081611,0.407661360664399,0.902043681327841,-4.88078725003351
"PNPO",-0.033762354007532,19.7201368322948,-0.291544743705193,0.774682976901605,0.965508761746846,-5.09685500399725
"ARMC1",-0.0679132242721252,19.3777437542542,-0.488951656081132,0.632045421268128,0.938733993165069,-5.04381252641831
"POLR3E",-0.142160090460941,17.3953113077533,-1.26309383213881,0.226100926766606,0.849389846357638,-4.6066002987869
"SDAD1",0.0722337417987617,19.9127281843538,1.01792016066123,0.325075433789406,0.878437682691824,-4.7806894860899
"TMEM38B",0.20709665772231,19.22472963769,1.98283769536121,0.0662711610825517,0.842341998928484,-3.95914156352905
"MTPAP",0.168609806951643,19.3534699895278,1.52875873839208,0.147422110477259,0.842341998928484,-4.38787843233307
"AIG1",0.0394042720324173,15.371708423992,0.154929414388231,0.878971002513977,0.982823192403566,-5.11805831435585
"RLIM",0.414324761091006,15.5667239944802,1.10482391590111,0.287005007981181,0.87217797114032,-4.72231596115672
"HAUS2",0.29862624311958,15.9156905348616,0.725731831349365,0.479459179146741,0.911462804536586,-4.94665015526561
"NLE1",-0.00861387350381548,18.8334676864949,-0.148554647209045,0.883911106808313,0.982823192403566,-5.11873276074741
"KBTBD4",-0.239390580988275,16.9595336492745,-2.12803941842311,0.0505687601988988,0.842341998928484,-3.81154517280294
"NECAP2",0.205888028414769,19.5427037666817,1.2577324224763,0.228169929049499,0.849389846357638,-4.61072734000301
"POLR3B",0.0345316313351631,18.4842644088994,0.477508717534424,0.63997830219428,0.938925721121189,-5.04759532228575
"RBM28",0.0718611504735414,20.0117538233248,1.25410493387666,0.229259176905271,0.849389846357638,-4.61348558926909
"ANO10",0.12681370228384,20.8926634894412,1.36861813580032,0.191544491285508,0.842341998928484,-4.52314114255553
"RBM22",-0.0214510102107042,19.8330812176648,-0.352683437846119,0.729300313689584,0.958217861269429,-5.08322520441568
"BSDC1",-0.279064606162137,16.5280601541836,-1.11624986150441,0.282118714394505,0.870496736228373,-4.71439370342602
"DMAC2",0.105953451142994,17.6021044726647,0.939325142567405,0.362648889458805,0.891497764793046,-4.8300515406082
"WDR70",-0.0638039358984308,18.7627465101192,-0.74927005303614,0.465442896379299,0.911462804536586,-4.9351827540122
"ARGLU1",0.251462639393058,17.8517496802552,0.909984708853398,0.377637492040208,0.893575714592306,-4.8475044706653
"SLTM",0.0208582006213831,20.4724170543359,0.270233737944754,0.790713962230711,0.968408605409542,-5.1010075215252
"ZNHIT6",-0.0142033599385272,17.5205374286424,-0.171443007424459,0.866198531773173,0.978728049705087,-5.11618004531057
"ASNSD1",-0.164632487670527,16.4206194675828,-1.14399573206078,0.270799466728591,0.858604202731194,-4.69481091476293
"CUEDC1",0.204478621820268,15.8105247952142,0.830550084641267,0.419430619624065,0.902043681327841,-4.8927634993825
"MCUB",0.126850984982067,16.2395381890282,0.941311176183587,0.361663733274042,0.891497764793046,-4.82884523196812
"PIH1D1",-0.304132581863218,17.8704593155706,-1.0033299925413,0.332168804044278,0.882084620678191,-4.78996007138211
"FAM118A",-0.152330908564437,16.8387961659116,-1.11906765514351,0.2809532292069,0.868910056578223,-4.71242214795639
"RMND1",-0.13379529243263,21.4221057639189,-1.29168507410835,0.216283015215978,0.846423796376897,-4.58446164116848
"PAK1IP1",0.0225213074903472,18.6111332587342,0.173209975074168,0.864834082529015,0.978095195722466,-5.1159678698695
"HIF1AN",0.0214345152471118,19.3791307069058,0.277354117184372,0.785346437216785,0.967732792545929,-5.09965464521959
"OXSM",0.0438285154769744,18.5931819683356,0.512397312072032,0.615937654540523,0.937823009875541,-5.03579452248511
"GID8",-0.271774237397253,17.1593344869431,-1.19956430663487,0.249168885245041,0.850763184094445,-4.65447609085281
"MRPL22",0.1674998498567,20.8206036697301,1.35245245173357,0.196543467416666,0.842341998928484,-4.53623309058761
"CZIB",0.294449175129081,20.4967182046024,2.98386189949133,0.00938635144695544,0.842341998928484,-2.89781615787021
"BABAM1",0.00995842844215744,19.004382489185,0.12808194602621,0.89980905849556,0.984405675544383,-5.12070782801728
"CLN6",0.286814999689998,19.3242999288407,2.03976645484711,0.0596482153389483,0.842341998928484,-3.90174544884138
"NMRK1",-0.260869171614772,17.7231622766334,-1.32639329766844,0.209822436781865,0.846423796376897,-4.55851103912191
"ASB6",0.0696904262828646,18.2077944144806,0.79497918206175,0.439194641873147,0.904610436752843,-4.91180550034422
"THG1L",-0.255041779868449,19.1557085417379,-3.30367017508203,0.00489967118601053,0.842341998928484,-2.5558779700418
"HPF1",-0.0692270997812834,17.7459877902274,-0.617890161363681,0.546043032904647,0.92552891980847,-4.9953313953082
"IRAK4",0.214193125748409,15.9325830524951,1.12609460745685,0.278062493896235,0.866801353636347,-4.7074885029405
"UCKL1",0.0703826235296283,19.1547519090533,1.15864047261871,0.264965106464307,0.853718501135539,-4.68432391573274
"GEMIN8",-0.174320920830247,16.257650673642,-1.3473382142891,0.198146753923522,0.842341998928484,-4.54035232737356
"TMEM160",0.0793625454044857,19.8480872375462,0.87792560952327,0.394019421531898,0.897167192888407,-4.86626943794028
"TXNL4B",-0.120057290115668,16.9940468118191,-0.607182314707815,0.552936073140395,0.92552891980847,-4.99976189227224
"FAM120C",0.0224020588086553,19.7040613976054,0.502203417071626,0.622916714175984,0.938315260595475,-5.03932471082157
"NDUFB11",-0.419382628201223,20.1188268869289,-1.22738789714135,0.239442827931553,0.849389846357638,-4.63373804008553
"SDHAF2",-0.0830803559446736,16.7025816618862,-0.21560735633981,0.832300296636255,0.97321318663213,-5.11020781226615
"MRPL16",0.0643650885061753,19.9281178974423,1.34120259697066,0.20008414830197,0.842341998928484,-4.54527980148004
"NHP2",0.0179041770769359,20.8180938948921,0.0974381567129801,0.923706055663881,0.986084669120459,-5.12311607124035
"OCIAD1",0.0716603784226812,20.0678248130154,0.718270810821502,0.48378077364885,0.911924707830314,-4.95032658455004
"ADPRS",0.0744009978552853,20.2306586293131,0.78420632946414,0.445295146390159,0.909916121031136,-4.91742649014982
"MARCHF5",-0.118669401257513,19.2336362513533,-1.17839267029427,0.257248070967979,0.850763184094445,-4.67001663566409
"HYPK",-0.253393718391319,17.7857714916115,-0.74331624356497,0.469175658320475,0.911462804536586,-4.93798037223763
"RAB20",0.0741474292277537,16.6312766019248,0.457947313540813,0.65412129996709,0.940958728523278,-5.05357941213134
"LYAR",0.123037713713046,20.5362890860423,2.14887732573951,0.0486201866842245,0.842341998928484,-3.79005779231946
"TMEM161A",-0.174465073142578,16.322022552147,-1.27636669178506,0.2215002919171,0.848913596012489,-4.5963677769772
"BPNT2",0.116872099433213,21.0923094914972,1.76279431444441,0.0985748720516457,0.842341998928484,-4.17412391778274
"CHCHD3",0.197434058777027,21.7961782614535,1.55686518808751,0.140633759988485,0.842341998928484,-4.36315511567421
"DUS2",0.079141529052059,18.4014303824202,0.89486569125588,0.385187633528076,0.896341048011413,-4.85648682241082
"CMTM6",-0.236301668804863,17.2227363115227,-1.1426542400144,0.27411597340613,0.860935809130083,-4.69524778770271
"TMEM260",-0.21578552869039,15.7444835841122,-1.03497181556721,0.317305276771698,0.878437682691824,-4.76954783272292
"SIRT5",-0.0344348526471059,18.9820882477981,-0.413863994386957,0.68491147882258,0.947983628026866,-5.06705952294104
"MIOS",0.00988202335171096,18.3605475527877,0.199535134232623,0.844560916444975,0.974829174801071,-5.11255073596869
"MTMR10",-0.00549413399038379,15.1989704632517,-0.0233897558801035,0.981651956723388,0.997543228069567,-5.12624346614211
"SMPD4",0.024767549722732,19.8239643417337,0.460181483350871,0.652077241300424,0.940958728523278,-5.05315964732241
"CWC25",-0.172127303074255,16.6598599596173,-0.940982100025275,0.36182684078077,0.891497764793046,-4.82904526056901
"TEX10",0.116344574653013,19.8844811095416,1.80663549939678,0.0911992583568233,0.842341998928484,-4.13225687675838
"DCAF16",0.0191045802652408,15.5139754227523,0.0348328162554185,0.972723393391502,0.994945991615258,-5.12600813317559
"THUMPD1",-0.0941817484357976,21.0849370605743,-0.783727912935852,0.445567298417512,0.909916121031136,-4.91767453027881
"P4HTM",-0.00606811683893937,17.2873030069362,-0.0578804868478983,0.954618409635596,0.993062586116823,-5.12526439654643
"TRMT1",0.0036932840645072,18.953231407117,0.0488442062100334,0.961696798360766,0.994140555635692,-5.1256012165852
"PGPEP1",0.268546488693772,17.3787325431412,1.12084977941202,0.280342755228846,0.868149721574563,-4.71114452926455
"FBXL12",-0.175691167704908,17.2165968638889,-0.892244932926429,0.386545185384298,0.896341048011413,-4.85801080743943
"GDAP2",0.109086225303347,18.6647796277076,1.07185790099427,0.300959209455442,0.87771037337981,-4.74493222142366
"NDE1",0.607898586940763,16.0945424768419,1.59001823124311,0.133214801667392,0.842341998928484,-4.33399701204348
"BABAM2",0.0484248197075701,19.7277957238856,0.35396931551741,0.72835628242836,0.957898205483741,-5.08291133560665
"QPCTL",0.0496115016403955,19.449486746432,0.762753275417111,0.457601497315159,0.911462804536586,-4.92841593815775
"ARL15",0.131296338608367,16.3132608042583,1.01023988895031,0.328619519089622,0.880057183772315,-4.78565815129543
"KCTD5",0.13805931386521,17.2284995745713,1.32654425865964,0.204774490519849,0.842341998928484,-4.5569876647299
"CDKN2AIP",0.145315975596946,17.2111037258014,1.2068980336995,0.246416387777291,0.849389846357638,-4.64904399502327
"DNAJB12",0.126584354495769,19.5996226212375,1.26580408749152,0.225155429653143,0.849389846357638,-4.60451722414311
"ALKBH4",-0.0980012116356832,19.2931222732163,-1.24461363653865,0.232631442871641,0.849389846357638,-4.62071633087021
"NSMCE4A",0.136353367073632,17.4313776588735,0.949299590083015,0.35771986371956,0.890549978301985,-4.82397134660224
"DDX43",0.192346766882082,17.265676355899,1.38323864398057,0.187112686556263,0.842341998928484,-4.5112080790487
"GAR1",-0.171149306921109,19.5702988166963,-1.59455660069376,0.131948335735537,0.842341998928484,-4.32957123498072
"SLC39A1",0.0282274844970907,18.1274487736445,0.194508082938062,0.848423981992764,0.975701677811386,-5.11324031147463
"PPP4R2",0.0637584368951565,18.2564889273872,0.565677215856011,0.58009271769045,0.929790176756083,-5.0162485597058
"DPP3",0.0452003858750309,22.7547336489466,0.71185235625344,0.487631152125527,0.914132023680643,-4.95338958362509
"AATF",0.145311784546699,18.5356093369916,1.43340760540759,0.172537655501874,0.842341998928484,-4.46960766046002
"TUBA8",0.695234967636104,17.7905000774681,1.17442352005412,0.259357888199205,0.850763184094445,-4.67283787864996
"DDX56",0.0731416912518199,20.1749690245181,1.06302612250716,0.304815625368556,0.878437682691824,-4.75088947471326
"B3GNT2",0.234610792244993,16.8982803128038,1.55871497185906,0.140196440841918,0.842341998928484,-4.36151828330579
"TERF2IP",0.246604511668647,18.4769917915505,3.18136922815864,0.00628570353287492,0.842341998928484,-2.68589927864013
"ABI2",-0.0737792852530816,18.4663878663667,-0.599979676675446,0.557599058720542,0.9270468147788,-5.00270135323522
"FAM53C",-0.366228293873341,18.8017555134334,-1.41157342260224,0.179194462643948,0.842341998928484,-4.4880900722808
"BCLAF1",0.103070200446091,20.949551659366,1.07160047630647,0.301071104808083,0.87771037337981,-4.74510642175959
"ZDHHC3",0.0873235755646782,16.2113737473391,0.397959607432345,0.696343786264884,0.950393426960806,-5.07150332060197
"UTP6",0.146859781263416,18.1803527131808,1.29854100031557,0.213979795650623,0.846423796376897,-4.57909965690991
"TAB2",0.117088782331642,16.1259099394989,1.17884745150217,0.257072438514287,0.850763184094445,-4.66968503430509
"MRPL39",0.0402970417610113,20.5511874125802,0.678243490247986,0.508088418636936,0.917812698368546,-4.96901804170123
"MAP3K20",0.0760263707317961,18.0706109844906,1.02637546502945,0.321205550546091,0.878437682691824,-4.77518368694974
"FKBP11",0.161196740702358,19.4666123211156,1.12133082184757,0.280038893305902,0.867982241808658,-4.71083144141664
"TMOD3",-0.0113181655023276,20.2396673595432,-0.123392717303414,0.903456968876733,0.984405675544383,-5.12111919343274
"ELOVL5",0.412692124210835,19.9775840225554,1.8268353162058,0.0884002997755881,0.842341998928484,-4.11421507430924
"MIS18A",0.0462993471254229,16.6738308966756,0.225296674424931,0.824831152280392,0.971820667054485,-5.10874306990432
"NKIRAS2",-0.00112008670071262,18.1515443950891,-0.0142474539853076,0.98882293136981,0.998250268639225,-5.12636366898532
"NKIRAS1",0.130730014759024,15.2178963824867,1.04098293879503,0.320640009731181,0.878437682691824,-4.76338352044726
"UGGT1",-0.015437149829566,21.4228092878519,-0.271835744862644,0.789505361252469,0.968408605409542,-5.10070616534095
"CDK12",0.124172653736299,17.0642450851261,0.917292558245909,0.373702298597446,0.892975750565936,-4.84328873563469
"RRN3",0.162431602784835,18.120624505936,1.54374217053013,0.143769590616897,0.842341998928484,-4.37473313550875
"FASTKD2",0.211859079740364,19.0967337009195,2.71940775776214,0.0159820178863226,0.842341998928484,-3.18340337051513
"GTSE1",0.174115810098954,16.0792938090774,1.04032489859736,0.314893894997957,0.878437682691824,-4.76601891685952
"TECR",0.15546114033452,21.2641449028964,1.72996164939685,0.104437763451607,0.842341998928484,-4.20512901199969
"ERAP1",-0.0681485254669525,19.4958277043578,-1.0180617829997,0.325010340388506,0.878437682691824,-4.78059757449657
"ACTR10",0.0442837418216264,20.9768434432339,0.671165111705444,0.512459589177724,0.918582534034279,-4.97222119119832
"USE1",0.11805235001686,17.7312565976855,1.22841973816256,0.23847464413039,0.849389846357638,-4.63295914152937
"CISD1",0.0269778125065372,20.2011963569436,0.150613780496735,0.882339241277994,0.982823192403566,-5.11851201419612
"GGA3",-0.032499355397519,18.0220259403593,-0.280921156130788,0.782661723309468,0.966732684376251,-5.09896386235322
"C9orf78",0.215318424503561,18.5002095360165,2.42686477613631,0.0284961176234357,0.842341998928484,-3.49782872620409
"FAM120A",0.0670583113925574,21.0128179118521,1.11452634412355,0.282833370846021,0.870716514101165,-4.71559768425795
"GDE1",0.0460945149156515,17.9780318450644,0.398302034264247,0.696096828142022,0.950393426960806,-5.07140942470988
"WWOX",-0.127913152130759,17.5538494528855,-0.937240067092592,0.363685168889811,0.892292667033441,-4.83131568421476
"SMARCAL1",0.0689175710013679,16.7068751423572,0.561712322491583,0.582722710512179,0.929790176756083,-5.01776603275165
"GLTP",-0.0526571073266027,20.0085412881189,-0.676106911487603,0.509405559102173,0.91827680921019,-4.96998815322602
"SPG21",-0.0460261865260847,19.0179469857221,-0.707616714315729,0.490182052797147,0.914774148954532,-4.95539719597648
"MRPL35",-0.1621682307382,19.0522061284796,-0.587164958484784,0.566133284986594,0.929022143808322,-5.00772901845195
"GRHL1",-0.22919575865059,14.9838460559511,-1.46269599317932,0.16447049495191,0.842341998928484,-4.44486618339481
"UBP1",0.125701130504073,17.6302987392688,0.837709897530312,0.415523218913129,0.902043681327841,-4.88884192837488
"DTL",0.117793870154765,16.2265382606279,0.687710907409526,0.502275825023515,0.917812698368546,-4.96468557933565
"SACS",0.0913894320984117,14.4136650236765,0.193736556773207,0.850028217040327,0.975701677811386,-5.11303085211194
"COQ3",0.069749200533149,18.3157873129784,1.06883169550662,0.302276550775749,0.87771037337981,-4.74697793989427
"MTCH1",-0.115689298040746,20.1731581747303,-1.5614962833765,0.139541066047563,0.842341998928484,-4.35905493077212
"NUDT4",0.142171773098394,18.6229109421062,0.713781804111818,0.486590012599229,0.91405766851174,-4.95239493195458
"HSPBP1",-0.0956503522784296,21.0825910891281,-1.23528128447804,0.235984985627778,0.849389846357638,-4.62778628029829
"MAT2B",-0.00276661800404909,21.8722095557555,-0.0458640047503157,0.964032040845024,0.994164813684224,-5.1256997993902
"MYOF",0.0177814532798131,21.0692643423435,0.326481678706197,0.748633160077628,0.960914217201338,-5.08937718965571
"ITSN2",-0.185772309178979,17.2135130256484,-1.71286524080244,0.107609991100034,0.842341998928484,-4.22115100347493
"BICRA",-0.0863090210087982,14.432834426006,-0.263697251078708,0.795651009623187,0.968763141778022,-5.10221888930896
"NOP53",0.347900710532482,20.3651389137603,2.74278331548404,0.0152521146369725,0.842341998928484,-3.15814956337014
"EHD3",-0.373942781524466,18.1881456811906,-2.05270375758333,0.0582352570519623,0.842341998928484,-3.88864628985003
"ARHGEF12",-0.209085574661632,17.3992359005269,-2.33389776588642,0.0341366566460224,0.842341998928484,-3.59655073941521
"CNOT2",-0.374127227024239,19.0709275286218,-3.36940976849365,0.00428507258914959,0.842341998928484,-2.48647876511374
"NCKIPSD",0.0411546901313926,18.8931695572099,0.631020585976071,0.537655098168739,0.925464328596667,-4.98980008543202
"TMOD2",0.88272764987121,17.0244896904681,2.75179659006259,0.0168684884406906,0.842341998928484,-3.20889137594196
"OGFR",-0.0158100883899195,21.5770613904276,-0.265568378923167,0.794236802034189,0.968763141778022,-5.10187511546872
"LMCD1",-0.0214502216990091,20.1596091172703,-0.214779436031755,0.832871968369924,0.973261659187354,-5.11035288158486
"PALS2",0.0278926175351693,19.3260517729388,0.428994415569592,0.674108929946556,0.945496050667302,-5.0626754350605
"CHMP5",-0.135471019154966,19.7208840663713,-0.47116418783533,0.644590976709249,0.940757100789874,-5.04953839728953
"COMMD9",-0.0699948314770644,16.4102396438166,-0.267518018309587,0.792764049232329,0.968763141778022,-5.10151436439386
"CNIH4",0.806453995464114,18.813642434672,3.8181379288444,0.00175304342259003,0.77963684480654,-2.03680423472425
"CWC15",0.130940408222504,19.3904930721332,0.92083408309552,0.371910187515551,0.892975750565936,-4.84117903024321
"MRPL15",0.0298334763150372,21.0098860469571,0.446099647318741,0.661985283211809,0.942806111081549,-5.05753599951747
"THYN1",0.0242551833242608,18.7331289025924,0.270611928425204,0.790428594001688,0.968408605409542,-5.10093653796666
"CRIPT",-0.0507880537190886,16.9943062908438,-0.18669156205045,0.854462990525421,0.975701677811386,-5.11427051665168
"CCDC59",0.44242714750899,17.8401630339423,2.92976383807717,0.010471476793446,0.842341998928484,-2.95614913779066
"NDUFAF4",-0.0814368460011003,18.9608655410583,-0.576692480681052,0.572818468925054,0.929297666877198,-5.01197995161187
"HACD3",0.124615318035136,22.9276190171731,1.77953819835388,0.0956980158944282,0.842341998928484,-4.15819569633633
"MED11",0.0432407929808853,14.8935750636879,0.153525033997111,0.880058883213147,0.982823192403566,-5.11820932007568
"EMC3",0.143270854124378,22.1321729296694,1.245757274058,0.232223059922265,0.849389846357638,-4.61984722730009
"NDUFA13",0.0459917880991689,22.0865572958485,0.495293336008369,0.627668990087712,0.938399949405853,-5.04167917893369
"PDP1",-0.136603173233976,17.5904683338683,-1.38497462108166,0.186592064622834,0.842341998928484,-4.50978541466226
"KCMF1",-0.608383976933027,16.7683000331071,-1.89697320787804,0.077761887843523,0.842341998928484,-4.04536362562157
"RAI14",-0.00984711447653197,18.1749349683316,-0.0760001040049874,0.94043729406648,0.990316841155089,-5.1244172803412
"FOXJ2",0.0248472151791646,15.0012149215017,0.109918087570433,0.913951580861903,0.985471838577121,-5.12221609872117
"VAPA",0.0870568067322495,22.3444241182393,0.851977608641466,0.407807798144272,0.902043681327841,-4.88093932029811
"MRPL27",-0.0934693644259426,19.5566535041908,-1.22764958817585,0.238755359846831,0.849389846357638,-4.63353840893401
"TBC1D7",-0.179582482610456,16.9436645761379,-1.21775550626488,0.242384621317038,0.849389846357638,-4.64095603696292
"MTRES1",0.081298536848962,17.188510042624,0.457747425402925,0.653785083947113,0.940958728523278,-5.05392546332571
"COX16",0.216750891235559,17.9889252556506,0.678905571748006,0.507900681200381,0.917812698368546,-4.9685730710185
"TMEM14C",-0.0191614061302339,18.8374897338612,-0.0610127588218943,0.952186125685554,0.992530218964564,-5.1251322646209
"ZNF581",-0.0270133122200029,17.1280933095621,-0.124644023702464,0.902483311365001,0.984405675544383,-5.12101091824342
"TMEM9",0.00701574322738097,17.5405407894857,0.0323741643816054,0.974606953446517,0.995346446179075,-5.12606842531307
"SENP1",-0.191291298735557,16.1439808326961,-0.770178871370657,0.453318170571551,0.91142481873976,-4.92464300939002
"CXXC1",0.0498940617877395,18.0683257059363,0.752541644449847,0.463532701172279,0.911462804536586,-4.93355081916678
"SH3BP4",-0.0947877083298643,17.7634889664449,-0.64465791299566,0.529019516245065,0.923174371936723,-4.98394092459805
"SEPTIN10",-0.590785816662507,17.820229001856,-2.48719293248359,0.0330016922669511,0.842341998928484,-3.55516215202341
"HMG20B",-0.0690688363271121,16.9310259164809,-0.557150023999014,0.585756557162998,0.931041694742521,-5.01949968363526
"GMIP",-0.0792491551072629,17.0836049536635,-0.724929189455931,0.479805773336435,0.911462804536586,-4.94712269669366
"ABRACL",0.0648431434013794,20.2265463994609,0.295233067524052,0.772005375538307,0.964873844886159,-5.0960664986477
"CAMSAP3",0.0554582161924415,18.8887401360692,1.18726312583594,0.253838939450324,0.850763184094445,-4.66353114841614
"PHRF1",0.00889603929248395,16.2400755530443,0.0768750618343974,0.939753005591845,0.989800249882327,-5.12437057679325
"KIAA1522",0.0922099155951948,18.6098450329593,0.798416478926442,0.437259350509794,0.903961056574724,-4.90999765830424
"POGK",-0.124267246101137,18.1388816468803,-1.03917687763392,0.315409916704442,0.878437682691824,-4.76677697713811
"CCDC88C",0.102445201082833,16.2063162046106,0.514465785701609,0.614526149840239,0.937066602819216,-5.03506994909111
"STIM2",-0.0761203572920763,15.0971059813404,-0.543488277342438,0.594889496533109,0.933531465418893,-5.02461112321674
"VPS18",0.128511535510167,20.2901037893974,2.36610284405919,0.0320728320920647,0.842341998928484,-3.56244597355412
"RCC2",0.0531102119177831,23.4264449399217,0.711356176239265,0.487929565283976,0.914132023680643,-4.95362532758118
"RELCH",-0.15104198896622,17.890943084904,-0.896731666808058,0.384223021692792,0.896341048011413,-4.85539940342208
"DIP2B",-0.0989462414844553,19.0476765499096,-1.51007412266362,0.152086211036843,0.842341998928484,-4.40415850339311
"SLAIN2",0.132797642722974,18.6398970822075,0.676769442851277,0.509108128088824,0.91827680921019,-4.96961492201802
"USP36",0.0782132464447898,18.5227204883829,1.01748413914478,0.325275899687825,0.878437682691824,-4.78097239405387
"BCCIP",0.0882529766813036,20.8562140002326,0.804444367626336,0.433878596232623,0.902808520108492,-4.90681058399756
"STK26",0.0381596573275012,20.5197783959218,0.652662756648188,0.523987095741306,0.921327863914142,-4.98044768146351
"ARMCX1",-0.0435895273787459,17.1087236444257,-0.395358686079594,0.698220728644551,0.950393426960806,-5.07221395042901
"COPZ2",0.136129359697859,12.085283129723,0.351241681371621,0.731123877298083,0.958217861269429,-5.08318924613768
"PTGFRN",0.102346339103363,20.0364458228691,1.62545121214889,0.125175004515275,0.842341998928484,-4.30168813683006
"CTTNBP2NL",-0.0707830263845608,15.4976274485281,-0.276152139696359,0.786841788130362,0.968408605409542,-5.09963713395019
"IBTK",-0.186336638510937,17.3520725026235,-1.27674363668443,0.221370723854538,0.848913596012489,-4.59607603704396
"CHD7",0.142324418546508,16.0278566508477,1.05442190908647,0.308607368841757,0.878437682691824,-4.75665496590155
"HEATR5B",-0.0661809899177115,18.3903045058305,-1.09475841912609,0.291127110146641,0.875218094541793,-4.72930142768066
"ZNFX1",0.0399908627196552,17.8345130863068,0.577908703289004,0.572018238845833,0.929129211429401,-5.01150389516303
"CHPF2",0.0288346927774832,17.6837702381342,0.232981789541663,0.818968350148753,0.970431456911451,-5.10751855276599
"RRBP1",-0.0421498773061799,20.3022129441733,-0.65112158675731,0.52495387616666,0.921426436241604,-4.98112333380541
"SIPA1L2",-0.34762248149654,16.3843425368859,-0.721684352095414,0.487896748241857,0.914132023680643,-4.94473117916324
"ANKIB1",-0.0602522523956601,13.4617228193864,-0.200051783679544,0.844164126299619,0.974829174801071,-5.11247887570981
"IFT80",0.0567037637116616,14.7035147336783,0.289124776203819,0.776498198497014,0.966241276286809,-5.09734216577691
"CPSF2",0.0595376089768607,20.2614351991004,1.30035715875471,0.213372946639849,0.846423796376897,-4.57767582502057
"LARS1",-0.0298615394073494,22.189773266377,-0.297193562610573,0.770451094396031,0.964320849854457,-5.09570228990735
"RCOR3",-0.42487473067578,16.4545944567798,-2.61373824759542,0.0197249616310543,0.842341998928484,-3.29741852933367
"MYEF2",-0.0341239656358248,20.9506282668081,-0.482299310117756,0.636651589502853,0.938925721121189,-5.04602209724349
"KLHL42",0.026267506477275,16.9111589424946,0.191172095347327,0.851176139487012,0.975701677811386,-5.11363130262813
"EIF2AK4",0.0765898361057467,17.2876502971166,0.743114918311033,0.469049780768553,0.911462804536586,-4.93823568303948
"WDR35",-0.155507125984531,15.3226523619473,-0.750527922082914,0.464707889087872,0.911462804536586,-4.93455606163234
"CGN",0.0418111545833,18.8849780864408,0.388059961350963,0.703498678067436,0.9516081755383,-5.0741839312368
"RBM27",0.145592427485482,18.6691218456362,1.61808271702479,0.126762758198716,0.842341998928484,-4.3083668472264
"KANSL3",0.213404030747224,15.5248974507446,1.20996093922544,0.245273801190904,0.849389846357638,-4.64676789797134
"HECW2",0.109447172758196,14.533811540352,0.233488670033951,0.819434694059865,0.970431456911451,-5.10712445911841
"ANKFY1",-0.0243570984412145,20.1101441687314,-0.547933319824755,0.591910088933658,0.932895071539507,-5.02296121940994
"RERE",0.118270680466303,16.2626537894011,0.553803159454808,0.587987298770451,0.931701489334365,-5.02076298350253
"SUCLA2",0.0244295115985693,21.1273267247195,0.262352206858922,0.796668059101574,0.968763141778022,-5.10246452542129
"GMPR2",0.0293783924072706,20.3241713168637,0.373982041536731,0.713723364207266,0.954180921097348,-5.07788272944159
"PSMC3IP",0.359500056162311,15.9942732634313,1.4483507966726,0.173579152366426,0.842341998928484,-4.46078419078228
"STX18",0.134497722641946,18.8230110212671,2.25782442565256,0.039518759754187,0.842341998928484,-3.67665486430346
"DPM3",-0.0341660536360848,19.3432765477439,-0.326633618117127,0.748520532802424,0.960914217201338,-5.08934285623909
"IMPACT",-0.127676041497018,19.109115355385,-1.43028681061808,0.173416196156266,0.842341998928484,-4.47222444053048
"UVRAG",-0.11721895786043,17.3104629199112,-0.586703074491775,0.566249377887375,0.929022143808322,-5.00803354247717
"ATXN10",0.0758424862995071,20.2327493329233,0.760473384713755,0.458921631355006,0.911462804536586,-4.92956776451367
"MBD2",0.125539656708902,19.0875241575859,1.13819537508795,0.273136981362065,0.859600270986376,-4.69893582881457
"NCDN",-0.00980287150150971,20.4483026038796,-0.154484471345284,0.879315643295962,0.982823192403566,-5.11810630493541
"TFIP11",-0.072000201110896,18.0667795347228,-0.986020463435787,0.339976328811011,0.883456379427932,-4.80112270428288
"EPS15L1",-0.149629065918536,19.4693637643733,-0.646111630134251,0.528311383123486,0.923174371936723,-4.98317326666069
"DNMT3B",-0.275454624384992,17.3787089007231,-2.98778240869474,0.00931214964875007,0.842341998928484,-2.89359234838972
"ORC3",0.0650138928609714,18.6201804568298,0.775742049914165,0.450125570063931,0.911316442457203,-4.92179492654675
"SAE1",-0.0440804119949902,21.8039006362701,-0.835420779992818,0.416769895475494,0.902043681327841,-4.89009893730824
"COPG2",-0.0238280762494583,20.1209659399738,-0.462137691438689,0.650706137339438,0.940958728523278,-5.05254134349177
"PI4KB",-0.0633898371905772,18.5919729072696,-0.909530257575813,0.3776508439258,0.893575714592306,-4.84788847611442
"COMMD3",-0.00882724798315948,18.2473729124379,-0.0456654029712812,0.964192389674086,0.994164813684224,-5.12570578943484
"GNG12",0.00677109454136726,18.8032540037995,0.0275539586368946,0.978393931215528,0.996921100054001,-5.12616900294197
"RABL2A;RABL2B",-0.0540924927188051,16.985860277628,-0.353856410238901,0.728439154012744,0.957898205483741,-5.08293893927392
"MTRR",-0.22451142837931,17.4554870049644,-1.64904696920647,0.120205244385593,0.842341998928484,-4.28018346084144
"UXT",0.0170750805803728,18.2179370565645,0.146779560204982,0.885287601538365,0.982823192403566,-5.11891554093526
"ASH2L",0.0683006899427703,19.2220244892129,1.5425484194709,0.144057759702604,0.842341998928484,-4.37578334976711
"CPNE7",-0.14779628107426,15.9060831866107,-0.931747818169297,0.370149036895982,0.892975750565936,-4.83275339229734
"DHCR7",0.157806982773661,23.5604861745321,1.3480319509882,0.197928654079101,0.842341998928484,-4.5397942004869
"HDAC6",-0.0500324193868842,18.1765899335456,-0.663297038429264,0.517343733251044,0.920721460254424,-4.97574539394399
"SPAST",-0.194575031255738,17.3629284062604,-2.28969585235362,0.0371735780344602,0.842341998928484,-3.64317761771069
"METTL1",0.0400275829965437,20.4388887812183,0.582936603305017,0.568716301791148,0.929022143808322,-5.00952586003731
"VPS29",0.169088346761804,21.4341270657535,2.40714775528953,0.0296131210315624,0.842341998928484,-3.51883307413174
"EIF3K",-0.166228936129546,21.1800121154462,-0.658486728194359,0.520571615001758,0.920721460254424,-4.97773119270203
"GRHPR",0.00897529686249143,21.4112325259275,0.107789312018264,0.915611130680042,0.985471838577121,-5.12237782913373
"RPS6KB2",0.0606004384440659,19.1401200236525,0.657316877971802,0.521073678472103,0.920721460254424,-4.97839834671972
"DNAJB11",0.0512818034050682,21.8766676401109,0.80681752658466,0.432552192105546,0.902798869645563,-4.90555001379968
"RNF14",0.123259591620112,18.4756274682311,1.01930365707474,0.324439942970621,0.878437682691824,-4.77979115969606
"UBA2",0.0278495243202492,22.2556298305612,0.525711966805097,0.606879537980104,0.936335994482148,-5.03108187195803
"CTNNAL1",-0.0018232572348964,16.5218271745376,-0.0166636239262455,0.98692762977479,0.997917399529304,-5.12633757810642
"FAM8A1",0.068158374809137,18.5127352605509,0.76687593532539,0.455220321097823,0.911462804536586,-4.92632527002423
"MORF4L1",0.0758656689616934,20.1097432139141,0.839301898908173,0.4146576339593,0.902043681327841,-4.88796594383864
"NXF1",0.0177314434654967,20.5321020243842,0.365650083426961,0.719801810163041,0.954180921097348,-5.08000909066728
"SEL1L",-0.0610697463982461,19.744678904412,-1.06155147597923,0.305463045798064,0.878437682691824,-4.75188028951592
"B4GALT7",0.12875438874196,17.7497899668777,1.00783778571474,0.329733635340627,0.881271266569441,-4.78720579864305
"PEF1",-0.372053689073486,18.4188457630473,-2.38578075780596,0.0308704035129449,0.842341998928484,-3.5415564984184
"ZMYM2",0.0369267005124669,19.2222885633575,0.440812070135466,0.665722719039639,0.944349207216172,-5.05914541419958
"COPS7A",0.055583201226618,20.3298048261508,0.615850269582096,0.54735255403571,0.92552891980847,-4.99618099504694
"SLC25A10",0.0299906692299636,22.382907280289,0.55127617870457,0.589674442908229,0.932117240136735,-5.02171204501509
"UQCR10",0.207449193463624,22.6726425133938,2.90181046050466,0.0110794337411741,0.842341998928484,-2.98632139310182
"MTFP1",0.0704787445227701,20.3736146033581,0.922607187474168,0.371015160026199,0.892975750565936,-4.84012017815431
"TJP2",-0.0154196318218247,20.0165991922914,-0.31665385783196,0.755930644942472,0.963360829111366,-5.09156466179829
"DNAJB4",-0.517377851599628,14.9900641844243,-0.985052092113121,0.351773092409033,0.886423748057837,-4.79675438622277
"MALT1",0.120468128427429,17.1809463446588,0.831982148537929,0.418647180886605,0.902043681327841,-4.89198149543295
"CFDP1",-0.0265343771115134,19.908284299523,-0.220047573330679,0.828841808238269,0.972181095452472,-5.10955605245424
"ZNF629",0.0604900048669421,16.3828794509631,0.608612654434643,0.552012589368534,0.92552891980847,-4.99917425658419
"DAXX",0.214129744456375,17.2925116084152,1.95886346162794,0.0692551686655091,0.842341998928484,-3.98311396454859
"FTSJ1",0.0293119446169854,17.5503680476122,0.288494249099613,0.776971379822784,0.966469527279097,-5.09746843999174
"VTI1B",0.0673969374870573,18.9935742123487,0.570972531755913,0.576589836118452,0.929763305957504,-5.01420620811979
"STK39",0.0790457696760285,18.8861351469987,0.823651849914964,0.423217753147934,0.902043681327841,-4.89651379324931
"ADD3",-0.0291039537692654,16.0713768001943,-0.0676349494335214,0.947062564269271,0.991836338916264,-5.12482775351944
"FBXL17",-0.195891175650683,16.4885491951743,-1.50112862120885,0.154362737496977,0.842341998928484,-4.41190806004045
"LRWD1",0.124837674827788,19.3267222235612,1.67147913852216,0.115639518543079,0.842341998928484,-4.25957588528087
"CNOT8",-0.0285212050569079,17.9612060264776,-0.353611836806504,0.728618681002853,0.957945451511635,-5.08299870433759
"NIPSNAP3A",-0.0542569216264894,19.9991830276499,-0.662176677865605,0.518041361202168,0.920721460254424,-4.97624410169186
"CGGBP1",0.199290318561932,18.971194284443,1.49145321132082,0.156857106187581,0.842341998928484,-4.42025695292573
"IFT172",0.205896138931639,12.7260214630934,0.650522465644379,0.525329978608133,0.921503099472746,-4.98138559116187
"PISD",0.0168092297097857,17.781202127507,0.235982994294286,0.816681808124666,0.969686015513223,-5.10702931065568
"ABCF2",-0.00757639608654515,21.3530924992768,-0.0775599861814529,0.939217373064803,0.989500804756049,-5.12433364422122
"TES",-0.0708083267017763,20.9288058743064,-0.679548382204895,0.507284960751103,0.917812698368546,-4.96842417408496
"TUBGCP4",-0.140771778234384,17.801185465127,-1.38903114451475,0.185380111501547,0.842341998928484,-4.50645626209614
"STAP2",0.0786974427978322,19.581299185133,1.14265018900463,0.271340361720044,0.85906760557634,-4.69576925028915
"KDM5B",0.179271598043606,16.9977266236296,1.70817522273432,0.108494808082277,0.842341998928484,-4.22553127497952
"WARS2",-0.0773735810385645,19.3992557095317,-1.23059315940889,0.237683829821616,0.849389846357638,-4.63132294280913
"PARP2",-0.0328376673039834,16.625347475989,-0.400833546917834,0.694272207325856,0.950289138302295,-5.07071283245509
"LIMD1",-0.177216309935002,16.3639350329669,-1.18161875316713,0.256004171387481,0.850763184094445,-4.66766223865181
"SEC63",0.00993486929058207,20.4141543801751,0.190077861029767,0.851831750050073,0.975701677811386,-5.11383353198959
"SLC2A6",1.00929006324694,17.7344207275534,1.84060117702622,0.0898386881818129,0.842341998928484,-4.11289739882261
"ZC3H7B",0.00156702627943162,18.2815763309492,0.0130507266224993,0.989761699517435,0.998434980599748,-5.12637508141531
"HMGXB4",-0.0038310298302271,16.0840861829406,-0.0203881749623858,0.98400616645184,0.997543228069567,-5.12628936932997
"NDRG3",-0.124686487025524,18.8342762925193,-1.62594719632009,0.125068747387552,0.842341998928484,-4.30123794922886
"APOBEC3B",0.0215471211097373,15.8902471076449,0.0591331512199924,0.953941168302489,0.993062586116823,-5.12518317941753
"ARMCX3",0.116155715283938,19.4419290710637,1.18293090378336,0.255499559073189,0.850763184094445,-4.66670322274894
"SWAP70",0.043144010804486,18.2550751705574,0.547105717663425,0.592464237904133,0.933474003556559,-5.02326937123445
"SUN2",0.0211216012806581,16.2920247582009,0.164549781334647,0.87152563902883,0.981443375559193,-5.11698708451618
"RSL24D1",-0.0973801941904888,18.6487975163174,-0.955828242557813,0.35451894085991,0.888214064862484,-4.81996228800211
"LAMTOR3",0.28355160442073,20.4362275467369,2.39507548509995,0.0303173920295023,0.842341998928484,-3.53167680955073
"LIMA1",0.0923782139442153,19.2415226558619,1.17378382237542,0.259033154300802,0.850763184094445,-4.67337162144871
"AFF4",0.0480809937231186,18.6384417880042,0.550151344678231,0.590426232567076,0.932117240136735,-5.02213318029428
"SRP68",-0.0293784816467841,21.7574328099576,-0.573477943386231,0.574936337567535,0.929763305957504,-5.01323364970409
"CHORDC1",-0.0489755639280531,21.685016052182,-0.830798778263622,0.419294498633758,0.902043681327841,-4.8926277807802
"TBK1",0.0365333415993625,19.3330544561666,0.733491455669001,0.47472317825972,0.911462804536586,-4.94296330405359
"SEPTIN9",0.0591801539848866,23.2533780309646,1.02011825819353,0.324066184560803,0.878437682691824,-4.77926175738443
"UBQLN2",-0.241090292820093,17.2851487058333,-1.80843891443169,0.0909066122306577,0.842341998928484,-4.13052360491572
"TRPS1",0.0598658192054309,19.0410686517712,0.871393691251742,0.397460757058902,0.897830323706329,-4.86999829983858
"DCDC2",-0.154872779567146,17.1679653860716,-1.27542087610557,0.221825663150111,0.848913596012489,-4.59709952336526
"PCYOX1",-0.0130673159955315,20.7984091944641,-0.223590297640776,0.826134387665291,0.972181095452472,-5.10900943751707
"DDX20",0.0283713912348524,19.7353409992998,0.651032126008138,0.525010026106181,0.921426436241604,-4.98116250824599
"SHPK",-0.0136313887810608,20.1375345348984,-0.241305950941362,0.812630629840212,0.96916047735853,-5.10614634350304
"AMACR",-0.016980527354665,16.8101013496279,-0.0757067114839584,0.94073951057488,0.990322435702229,-5.12442367067694
"DPP7",0.0148673615116834,19.9866148917461,0.135650699710735,0.893926031493341,0.984405675544383,-5.12001159000265
"POLG2",0.0448089645069061,19.2664592008668,0.456279583673076,0.654815955871818,0.940958728523278,-5.05438539417502
"CEMIP2",0.0490715391415399,15.7099212555568,0.309741280560029,0.761077953098342,0.963360829111366,-5.09306393347426
"USP25",-0.321007274007478,15.3989759312122,-1.48196784006671,0.159335125240221,0.842341998928484,-4.42840829543808
"NARF",0.799110662035291,16.7764847469775,2.08664017119039,0.0550443244161725,0.842341998928484,-3.8566737487844
"BCAP29",-0.0650342458612982,17.2843316983957,-0.368624343596258,0.717629714681337,0.954180921097348,-5.07925540624829
"CYB5R1",0.0629956475714444,21.5943310153118,1.38668066923064,0.186081569659624,0.842341998928484,-4.50838608753498
"BAIAP2L1",-0.00879332608772643,16.6675278182227,-0.067731927548915,0.946906003708574,0.991836338916264,-5.12483224892403
"SAP30BP",0.175920245735675,21.0204125291026,1.39283503062355,0.184249482139464,0.842341998928484,-4.50332840728243
"ZNHIT2",0.0466733593936688,18.6797841382404,0.474574014906848,0.642020196928977,0.940475135737222,-5.04855163553265
"MED13",-0.0438266176213489,18.049329638475,-0.613256947211688,0.549019826865584,0.92552891980847,-4.99725731164034
"PFDN2",0.0706100198978703,20.806636480782,0.733264256667538,0.474857621805975,0.911462804536586,-4.94307424439364
"GPN3",-1.00146438881662,18.3658558187561,-2.20874586853378,0.0439374487469367,0.842341998928484,-3.73293805533728
"PUF60",0.0280280532265671,22.9684136621109,0.667338093266294,0.514831909735399,0.919776022990051,-4.97394013853502
"NRBP1",0.0407229855505413,20.7228598561285,0.909647882250141,0.377590799230213,0.893575714592306,-4.84781902429062
"ENOPH1",0.160766784533831,21.7230825191288,2.07885086619916,0.0554577611308731,0.842341998928484,-3.86197880417344
"FEZ2",0.179802926423662,16.4235816548978,0.671990442571478,0.512688911125052,0.918653700272688,-4.97136519592014
"EVL",0.234062378793274,15.1455848321732,0.757160110020603,0.460844324922291,0.911462804536586,-4.93123614629329
"NDUFA12",0.0359353735158479,19.4992720059246,0.435828093119906,0.669253976068505,0.944349207216172,-5.06064546243717
"EIF2B4",0.0802918188573223,20.9118972404539,1.20371948670805,0.247606461581861,0.849389846357638,-4.65140142074675
"ATP6V1H",-0.0478228227879995,20.5068481569769,-0.599007111082728,0.558230313617873,0.927279487585864,-5.00309575124864
"RABAC1",0.182927365545034,18.4648778603609,0.946665162566587,0.359165206006861,0.890703007164227,-4.82550985597852
"IPO11",-0.0409133558600061,19.0125433435502,-0.477695418684125,0.639848501640896,0.938925721121189,-5.04753429183186
"TRMT112",-0.169035364663703,20.2465324122578,-0.453201343552481,0.657184817860896,0.941495118052367,-5.05522430299882
"XPO7",0.0508952208101157,21.0387374790842,0.819677558718189,0.425409644759444,0.902043681327841,-4.89866194263419
"LCMT1",-0.0483386251435007,20.2558706417308,-0.499885612432967,0.624508822262621,0.938315260595475,-5.04011792832895
"VPS51",-0.00342913912738751,19.1744292165586,-0.0659345363825677,0.948312742766341,0.991836338916264,-5.12491614568379
"BAZ2A",0.0189121382990756,17.2105290606141,0.175746311232199,0.862876306980267,0.977592365867279,-5.11565952774893
"BAZ1B",-0.0204565048841552,19.7582082692815,-0.298632379912602,0.769374385269904,0.964320849854457,-5.09540520232311
"ATP5IF1",0.378352740355211,16.7442739194499,1.00519738008156,0.331271189338445,0.882084620678191,-4.78877391916231
"AK3",0.0592495171476521,20.9665661833239,0.834746733463765,0.417137451769894,0.902043681327841,-4.89046849692724
"SCOC",0.0366709297462222,14.8969503125797,0.146983402525891,0.88512951208806,0.982823192403566,-5.11889466258027
"LNPEP",0.0663346955545876,21.1415737873184,0.821706165104698,0.424289919490707,0.902043681327841,-4.89756660250315
"MBD1",-0.0119132341127397,16.5963373928169,-0.070066006126122,0.945079496493339,0.991836338916264,-5.12471993665302
"CNOT7",-0.0226013208130702,19.3658326685476,-0.272894830651472,0.788706662625179,0.968408605409542,-5.10050597402794
"PLXNA1",0.0384412551926161,19.974793933405,0.834052092961405,0.417516458600084,0.902043681327841,-4.8908490735655
"RWDD2A",-0.311812721477359,14.5571910274338,-0.956870022268463,0.354010020755181,0.887629706552621,-4.81932041980691
"GGT7",0.120897849302043,16.317837495965,0.56465173470411,0.581377688288538,0.929790176756083,-5.01625192203764
"RABGEF1",0.0909054198838497,18.0517064494038,1.22404034796698,0.240074339055869,0.849389846357638,-4.63624947574884
"MSRA",-0.0189191977185779,17.0003115930256,-0.165978558976645,0.870420937125296,0.981068190170455,-5.11682251406463
"NAGK",0.0240902940974692,21.6311722329524,0.363069191245707,0.721688657023511,0.954180921097348,-5.080658265954
"HACL1",-0.104793954616056,18.4159513836645,-1.20892878487373,0.245658377130185,0.849389846357638,-4.64753539547837
"TRMT6",-0.0227518371733808,18.8155463875721,-0.366256254156848,0.71935892159379,0.954180921097348,-5.07985596896055
"ENPP5",0.365706863205693,15.5645896059003,2.19774626626929,0.044320061239086,0.842341998928484,-3.73940054512311
"HOOK1",-0.0116161959568259,18.7543430322097,-0.154085409845585,0.879624766963784,0.982823192403566,-5.11814922993328
"SH3BGRL2",-0.258400705109565,16.7794575809495,-1.36383531490422,0.193012643026036,0.842341998928484,-4.52702580630843
"RASAL2",0.0422552725014445,15.6103855502392,0.295950111778965,0.771381998837079,0.964598751196384,-5.09595790076977
"RPUSD1",0.0933149075488302,17.0155151990338,0.556338889756458,0.586296793485789,0.931234740319928,-5.01980651272886
"TSR3",0.0649685134761171,18.8424616837796,0.811629706061704,0.429870539145394,0.902043681327841,-4.90298379800444
"SLC25A13",0.0734829128546792,21.1976039675655,1.39853574517819,0.182565612422583,0.842341998928484,-4.4986299276014
"TUBD1",-0.286001301768042,16.3019989724201,-1.88227077330118,0.0796201442995752,0.842341998928484,-4.05884897994867
"DBNL",0.0593365891566471,21.3814780853364,0.643511594557223,0.529742391811389,0.923174371936723,-4.98443790103725
"DDX41",0.0171657007254566,19.795769294913,0.30601190589205,0.763859830053322,0.963360829111366,-5.09385929542343
"DCTN4",-0.0417299716177801,20.3034685233591,-0.722243148953614,0.481406948212245,0.911504459854973,-4.94841839916145
"OSGIN1",-0.141152742459752,16.4209672846058,-0.316592482593539,0.757766300653631,0.963360829111366,-5.09073776816744
"CDC23",0.0212778034799861,19.9594498488222,0.291532530371419,0.774692134739928,0.965508761746846,-5.09685747269262
"ANAPC7",-0.0444684619536666,19.0063138144614,-0.653485888706581,0.523471155693866,0.921287170798398,-4.98008621365249
"ANAPC5",0.0665036194140143,18.9160229027818,1.02524728692232,0.321719975275391,0.878437682691824,-4.77592047608173
"ANAPC4",0.114718775915733,19.0753223227805,1.46525267976522,0.163781392768677,0.842341998928484,-4.442690856991
"ANAPC2",0.0351596638956337,18.6657080717333,0.504766212693816,0.621158584437874,0.938315260595475,-5.03844357265976
"HSPB8",-0.526568817993059,20.567427868895,-1.93989004775288,0.0722548726468496,0.842341998928484,-4.00452697464513
"GGA2",0.110347046831162,18.1735654240554,1.35195288202092,0.196699616459447,0.842341998928484,-4.53663594699002
"GGA1",-0.0598697027434234,18.0878856719803,-0.508821689522474,0.618381322425906,0.938315260595475,-5.03704047881304
"STOML2",-0.0154968838892202,22.2523658985131,-0.191039033433397,0.851092145197345,0.975701677811386,-5.11370598120656
"RPS6KA6",-0.450209433645554,12.5641547630737,-2.02422863231458,0.0710754862506298,0.842341998928484,-3.9688816714327
"ZNF580",-0.20844747015518,14.9525083102843,-0.569568194146346,0.577517739803598,0.929790176756083,-5.01474959432047
"NOCT",-0.0820154099903583,16.5492017702862,-0.436476488019022,0.668794114509741,0.944349207216172,-5.06045124425118
"VPS28",-0.287278977405794,18.3074710848903,-1.29790718530848,0.214421196381963,0.846423796376897,-4.57964179683609
"LSM7",-0.0949010599948075,20.3862603386476,-0.411957018631455,0.686402421735462,0.948227491281273,-5.0675315610147
"ING1",-0.192868472213444,16.3443295975832,-1.21598805507347,0.243037429219102,0.849389846357638,-4.64227636124856
"SERPINA10",-0.216894327970213,16.6207264647203,-1.21072665048952,0.244988802001804,0.849389846357638,-4.64619820535018
"CCNL1",0.449517401001572,18.0605148566087,2.77626234563384,0.0142627826782821,0.842341998928484,-3.12197102684971
"DBR1",-0.0562481869932405,19.5164937335412,-0.627729890937262,0.539750525060344,0.925464328596667,-4.99119648012146
"TASOR",-0.0802404457139332,18.2202787889065,-0.990735628254524,0.33774379300361,0.882084620678191,-4.79813638408237
"FEM1B",0.0226283704885688,17.8404584148723,0.367746847679659,0.71827028689305,0.954180921097348,-5.07947838523042
"JPT1",-0.177621624128644,19.7932311987846,-0.812703374014784,0.429543642615379,0.902043681327841,-4.90224601321674
"FBXO9",-0.519264658661555,17.5985820061864,-2.31364918562668,0.0356101060975445,0.842341998928484,-3.61930494162344
"FBXO3",0.442643550982385,17.8401894230092,2.12032141746086,0.0514187825031963,0.842341998928484,-3.82030949191086
"AKAP11",0.0890466809692363,17.1278679332093,1.02622447047855,0.321274366390673,0.878437682691824,-4.77528233675376
"PTBP2",-1.24063255935889,18.4714390695473,-2.40489983784219,0.0302075323783244,0.842341998928484,-3.52822622606779
"FBXW11",0.0754712115235847,16.9399931010806,0.238998772498715,0.814424056599379,0.969233600523131,-5.10651723843549
"MRTO4",-0.0254927705191328,21.1816741407527,-0.270220064510282,0.790724280267692,0.968408605409542,-5.10101008609297
"CPSF3",0.126261721551767,20.6822572717286,1.81143557860117,0.0904221754152394,0.842341998928484,-4.1276415996873
"APPL1",0.0686112851339864,18.6036890097451,1.34780761372197,0.197999160955731,0.842341998928484,-4.5399747068969
"CROT",0.00421112138754154,17.1235731222208,0.0357440425078152,0.971964307356015,0.994854171486128,-5.12598827006947
"TLK1",-0.141039271752097,16.0668308967705,-0.933857631205232,0.365370579412269,0.892652924906307,-4.83336132715052
"GPATCH8",0.0443686722370735,17.7803582302883,0.454119114777221,0.656334585228593,0.940958728523278,-5.05505976460504
"PARP4",0.0267270303840057,18.4336883079917,0.355658857809181,0.72711659102152,0.956536142517168,-5.08249723961177
"NUDT5",0.19051801569082,22.4184967610499,3.40186668196912,0.00401063114360896,0.842341998928484,-2.45235609543125
"RCOR1",0.0767112013046685,20.322484474371,1.01544543883296,0.326214393371368,0.878437682691824,-4.78229386082837
"MAN1B1",-0.011486343365771,19.0301783229519,-0.134344200478687,0.894941094970016,0.984405675544383,-5.12013461737891
"RALY",0.0463277234837811,21.100373120068,0.498681289725577,0.625336841163691,0.938315260595475,-5.04052869751603
"MYO15A",0.145010459548782,19.1416501914265,0.988941602167615,0.338592000299286,0.882084620678191,-4.79927401528713
"GTF3C4",-0.0753754764015397,22.2314218687254,-1.22730712152743,0.23888026981253,0.849389846357638,-4.63379590764744
"ERG28",0.284293922236248,20.2964657934782,1.7795266082598,0.095910206240238,0.842341998928484,-4.15880504878917
"PACSIN3",0.118601800776268,19.3091248929944,1.87945308033951,0.0800267432005627,0.842341998928484,-4.06160916125042
"FBXO5",-0.0834491228631347,13.0021024320564,-0.428709006783362,0.674312025570752,0.945496050667302,-5.06275954232222
"FBXO4",-0.227841279830081,18.0312219633056,-2.16481770388535,0.0471767624046701,0.842341998928484,-3.77357402205188
"FBXW2",0.0307532320748045,16.4347248419122,0.156296013508734,0.877912630623898,0.982823192403566,-5.11791005678519
"ACAD8",0.0403002999108928,18.4179801743107,0.543127114761545,0.595131907222833,0.933531465418893,-5.02474461994885
"ACIN1",0.102090364065013,21.2479414826278,0.994380094061684,0.336025349371843,0.882084620678191,-4.79582007706454
"AMFR",0.10788100206198,17.9004632937717,1.49160300538572,0.156818232986517,0.842341998928484,-4.42012795866322
"AGO2",0.0181733144055656,19.2199759027576,0.290694344551173,0.775320708357851,0.965508761746846,-5.09702665286082
"NUP50",0.194206033222095,19.631076202585,2.89828461823404,0.0111585293576781,0.842341998928484,-2.99012830945002
"ZHX1",-0.0150293847932872,16.7892198435844,-0.0803289712639313,0.937052251319363,0.988634971821529,-5.12418099916804
"POMT2",0.132797501268389,16.7679085023176,0.980037333085523,0.342824224335507,0.885054334575142,-4.80489500354979
"CDV3",0.237234209109388,22.3514786477657,1.02911070838659,0.320306271372786,0.878437682691824,-4.7732618301843
"CNOT11",-0.1277790820665,17.3017789904319,-1.09534276915102,0.29087937852871,0.875218094541793,-4.72889912990799
"INTS6",0.104955778653409,18.9610871101111,1.97718535131376,0.0669639837647333,0.842341998928484,-3.96480441557864
"BAG5",0.0294945786461547,19.5231891162843,0.441810604027832,0.665016215482575,0.944349207216172,-5.05884290183499
"AGO1",-0.0490625027230962,17.619158354106,-0.442155466664261,0.664772287319517,0.944349207216172,-5.05873827000874
"RAB21",0.0172303168900747,22.0539982212171,0.229487601850016,0.821632625404925,0.970967448020595,-5.10808034629293
"RAB22A",0.0778835135276843,19.4472058346075,1.41555044118244,0.177614606461422,0.842341998928484,-4.48452936367464
"TRAPPC2L",-0.18929834766433,20.2779873794406,-1.74897833140331,0.101005755260302,0.842341998928484,-4.18720812686603
"ZNF346",-0.270327775833671,17.2949274147876,-1.94330431494086,0.0712563717724856,0.842341998928484,-3.9986058617074
"BLOC1S6",-0.110311174933699,16.7769421049341,-0.442702929389733,0.664385136600087,0.944208190511117,-5.05857200725176
"PSME2",-0.0715831341334479,22.3483014125664,-0.73056590738419,0.476456116324041,0.911462804536586,-4.94438945793717
"TAOK2",-0.0193041513853345,18.3558176572838,-0.267875977456122,0.792493736262811,0.968763141778022,-5.10144784650031
"MKLN1",0.00224164725684872,17.7086039658932,0.0334168201606897,0.973788904148125,0.995345796131194,-5.12604449223481
"DNPEP",0.0636122835814987,22.3591702168254,0.657410596649869,0.521015106541692,0.920721460254424,-4.97835694173872
"RAB23",0.0103925605228135,17.6043574781409,0.108751564618721,0.914860927471509,0.985471838577121,-5.12230511436138
"MCTS1",-0.0435547075844767,22.4066199536361,-0.384630396276369,0.705984189035727,0.952083020150937,-5.07509726501477
"WWC3",-0.0781922971123912,17.8550210962432,-0.901328036090759,0.381853904809537,0.895159361089103,-4.85271251142747
"SLC39A10",0.0805246300155815,17.7400165664792,0.739890581487015,0.470946025347403,0.911462804536586,-4.93982587297798
"INO80",0.0574182906492489,17.6915186002985,0.728648632030905,0.47759388032222,0.911462804536586,-4.94532129600571
"KIDINS220",0.0394426473519012,17.1061119782711,0.305531497042104,0.764218430379041,0.963360829111366,-5.09396106343699
"ASAP1",0.00380317330494506,18.0700838834188,0.0417596189049846,0.967248731090214,0.994596052769101,-5.12582541684278
"MRTFB",-0.0557090633923352,16.816610944645,-0.558799150233792,0.584658983776636,0.930175257616876,-5.01887456425661
"ATAD2B",0.0569095481294539,17.0022487462364,0.397579496675679,0.696617963655403,0.950393426960806,-5.07160745781698
"ZBTB21",-0.13599515397275,16.8069831099795,-0.993735690238329,0.33632874676934,0.882084620678191,-4.7962301534329
"ZMIZ1",-0.124851244756812,16.7341208334388,-0.860302328252851,0.403349915838784,0.900408026538814,-4.87627459743016
"ANKRD50",0.068323039392844,17.5095591428013,0.923041828320769,0.370795987433033,0.892975750565936,-4.83986035695067
"MED23",0.149735638124643,18.6599318712475,1.35602413283043,0.19542999466659,0.842341998928484,-4.53334983903001
"PRR12",0.025040187055879,16.9545938770728,0.242858438051376,0.811450104621493,0.968763141778022,-5.10588514765189
"YEATS2",0.0338401182320958,18.0694717301348,0.346520268796042,0.733831293396339,0.958217861269429,-5.08471406010046
"CNOT6",-0.0843488357680791,18.0673842950334,-0.652919960750121,0.523825849023883,0.921287170798398,-4.98033477883513
"NDRG4",-0.155715927037193,16.3456897069333,-0.459329641140309,0.660705802307922,0.942594208803723,-5.04862679367943
"TBC1D24",0.0242309033048116,18.9682462394176,0.221525581271172,0.827712009981368,0.972181095452472,-5.10932905914481
"TPCN1",-0.0558865292336428,15.474475138094,-0.306520794175921,0.763480032301287,0.963360829111366,-5.09375132300056
"ISY1",-0.0584991420734937,17.7313564308209,-0.302323976008753,0.766614106080614,0.963360829111366,-5.094636503689
"PPM1H",-0.0180666066768538,18.7894482781667,-0.225326568714628,0.824808325428903,0.971820667054485,-5.10873838548288
"HECTD1",0.00154343583646366,20.2982350227383,0.0430042589378734,0.96627321667966,0.994596052769101,-5.12578856661362
"ZMYND8",0.132259098950499,19.0241675592258,1.26541251552424,0.225291840179198,0.849389846357638,-4.60481838456331
"MYO5B",-0.00613943389307892,18.1224028709113,-0.0793727785196675,0.937799859295768,0.988941576375722,-5.12423431545085
"CIZ1",-0.109899504823002,17.5849541553808,-0.745265236626675,0.467787765957509,0.911462804536586,-4.93717171267077
"CORO1C",-0.00286706119091207,21.9886721856722,-0.0442512982784388,0.965295877655661,0.994596052769101,-5.12575056039793
"TPX2",0.0692182693337351,18.5077780132112,0.912437137309303,0.376168851857558,0.893032886384972,-4.84616984871462
"ABT1",0.0841712550837137,17.8459460907775,0.582005281391909,0.569327162791723,0.929079585778747,-5.00989346806726
"NOB1",0.141377336005196,20.6147674892609,1.78202526512658,0.095277081989359,0.842341998928484,-4.15582321687041
"AKAP8L",0.162983782215122,18.1251061936177,1.49495057127875,0.155951603599488,0.842341998928484,-4.41724306235409
"PYCARD",-0.119460925087029,20.0995181611428,-0.626293961634894,0.540809841587485,0.925464328596667,-4.9917096537422
"TMCO1",0.0798333087407457,22.3956157030432,0.850730080899095,0.408478632006743,0.902043681327841,-4.88163495707622
"NOTCH3",0.0753078946236982,17.3085478640888,0.617171638765997,0.546504097243289,0.92552891980847,-4.99563095340181
"MYO6",0.0635700978251315,19.8619155272786,1.06130804046016,0.30557001909567,0.878437682691824,-4.75204374706039
"KMT2B",-0.0886293449609603,16.6752848747988,-0.772742453898414,0.451845230088006,0.91142481873976,-4.92333285586648
"DDX19B",-0.523094551289258,17.8806162649256,-2.98643822073168,0.00933752536058237,0.842341998928484,-2.89504046554208
"NFU1",-0.119246887350876,18.5248309360333,-0.206334460136915,0.83943015148588,0.974083960838905,-5.1115615779215
"PRPF19",4.66218818289121e-05,22.6428816958573,0.000701690956414812,0.999449506517416,0.999742128090196,-5.12643441017888
"UBQLN1",-0.263704021925196,17.7051878698665,-1.01488347597113,0.326661786770959,0.878437682691824,-4.7825814814093
"NENF",-0.366523185058647,17.5438677880323,-0.737666679590411,0.472614584749647,0.911462804536586,-4.94068988406219
"NOL7",-0.0590517624420279,18.5525115780904,-0.763686413794327,0.457061857910986,0.911462804536586,-4.92794361365258
"SNX12",0.0694802315841478,21.2853209557408,0.99827219455478,0.334197009751135,0.882084620678191,-4.79333859341069
"SYNRG",0.246077207894706,15.667102593144,0.502636244002959,0.623324516260753,0.938315260595475,-5.03873895686295
"VPS4A",0.0553515072065238,20.3639741598637,0.557160774392669,0.585749398836854,0.931041694742521,-5.01949561423092
"PCDHGC3",-0.0972246329174169,15.7272533115966,-0.437760041246378,0.667884183821228,0.944349207216172,-5.06006595046732
"L1RE1",-0.0204858445664122,21.1725305770743,-0.352904553813887,0.729137948369099,0.958217861269429,-5.0831713118949
"G3BP2",0.0984886036751824,20.5266860443741,2.28022853082155,0.0378562196240923,0.842341998928484,-3.6531349409447
"POLI",-0.200141455417629,15.5179959977796,-0.972810401196099,0.34628654347041,0.886421458442757,-4.80942594868444
"STUB1",0.101215223517123,21.6572259691373,1.2618409212656,0.226539071766302,0.849389846357638,-4.6075621665226
"PACSIN2",0.0154997812938014,19.8779064795407,0.184585388790443,0.856060848482993,0.975701677811386,-5.11455013789853
"MAGED2",-0.045983455407324,20.5963109016897,-0.892780463386537,0.386267519028437,0.896341048011413,-4.85769970648699
"SNX7",0.126166875088391,17.4196416326023,0.908241296195366,0.378309254674085,0.893575714592306,-4.84864904310417
"SNX6",0.0851557369822125,21.0492486201759,1.33737559090859,0.201300281894929,0.842341998928484,-4.54834524341316
"DUSP12",-0.0867978825048148,18.1468142229703,-0.927629646239456,0.368487940428621,0.892975750565936,-4.83711148009462
"SSR3",0.114314554419984,19.9038439897087,0.894702994694511,0.38527181653407,0.896341048011413,-4.85658154334907
"PSMD13",-0.123354659227896,22.4305960146961,-1.40947056933785,0.179370945959828,0.842341998928484,-4.48958114398481
"FAF1",0.0303633079519763,20.2766843664839,0.458181559682664,0.653480329056157,0.940958728523278,-5.05378916007612
"PPIE",0.158690219148131,18.3536184283906,1.59347256773633,0.13219158795433,0.842341998928484,-4.33054385785594
"ABCG2",-0.0024357483768398,18.7297283135145,-0.019877682616151,0.98440657339969,0.997565889586713,-5.12629655002942
"DIMT1",0.0862534145471798,20.3796400962006,1.49272551646495,0.156527185481978,0.842341998928484,-4.41916105129813
"TIMELESS",0.201326333584706,18.3442691785406,2.3748208669489,0.0315347502287275,0.842341998928484,-3.55319577110417
"COPS3",-0.127251423561077,22.2309456491789,-1.6497997399363,0.120049538708335,0.842341998928484,-4.27949447919669
"MINPP1",0.01982730675957,18.6735610539306,0.2807579753148,0.782784478455746,0.966732684376251,-5.09899565343781
"RPL26L1",0.175756196052188,18.8503378038084,1.66240462297402,0.117468081901977,0.842341998928484,-4.26793122493713
"WDR3",-0.0185048465125135,19.9437334765439,-0.271610590594175,0.789675190541216,0.968408605409542,-5.10074862562918
"TTF2",0.0773386005984875,18.9007296235867,1.39608884888792,0.183286825442533,0.842341998928484,-4.500648237353
"NSFL1C",0.120041234075323,20.5150056261933,2.07996444968163,0.0553424271548001,0.842341998928484,-3.86084169128883
"C19orf53",0.151084842600451,18.1298241565404,1.12289430395132,0.279376247339825,0.867594757942038,-4.70973845518389
"COG5",-0.0738639790777853,18.8677392694182,-0.891839774772829,0.386755344539045,0.896341048011413,-4.85824606552594
"FLVCR2",-0.712883967289791,15.6428328070474,-1.19539157645212,0.256033099738023,0.850763184094445,-4.65716771872823
"AP4E1",0.0767242552227998,19.5098438649261,1.10454432910191,0.286999054425087,0.87217797114032,-4.72254181075406
"MACF1",-0.00572530767956536,17.689678712011,-0.0722471371370394,0.943372964602106,0.991710398202973,-5.12461154812583
"CEP131",0.0462021731619515,17.7631899355519,0.47019126139572,0.645075178126675,0.940757100789874,-5.04996928092844
"SCAF8",-0.239506333578625,17.5687806537973,-1.38046111440986,0.187948133062741,0.842341998928484,-4.51348176941895
"PPP6R1",0.0177726621883068,18.1663094169841,0.13748313381556,0.892502674976692,0.984405675544383,-5.11983703830624
"TRIM33",0.0492381429622988,22.2068690551136,0.962471552369781,0.351282354842727,0.886421458442757,-4.8158590894518
"PHF8",-0.15878537537909,17.723432748923,-1.55706281249644,0.140586983189286,0.842341998928484,-4.36298029890769
"DOLK",0.000817626272596073,18.5493425105745,0.00329620217461933,0.997414982443423,0.999742128090196,-5.12643078144024
"SMG5",0.139210590533899,18.5706722319777,1.59484617303819,0.131883421772863,0.842341998928484,-4.32931135649445
"EXOC7",0.0312865355069434,19.5856913470191,0.458522823405663,0.65324081250749,0.940958728523278,-5.0536819277095
"MAPK8IP3",-0.728810887262711,15.1545962775452,-1.08835362897021,0.310337175267321,0.878437682691824,-4.72900627721366
"ZC3H4",0.0494311659903701,17.3897243391145,0.34374329356006,0.735876205525847,0.958217861269429,-5.08537651130747
"USP22",-0.023357642885145,18.6843530569691,-0.139410110123732,0.89101228813615,0.984033694987821,-5.11964959930576
"USP24",0.0318570841125769,19.0937961995938,0.624466278238798,0.5418331571857,0.925464328596667,-4.99257467585015
"TBC1D2B",-0.00919169947092513,17.3232583362113,-0.103928975904914,0.918621600536965,0.985937788833006,-5.12266306057906
"SAMD4A",-0.222481870891972,17.2523809686464,-0.817643431912286,0.431501635184506,0.9023659587197,-4.89677900366638
"AGTPBP1",0.103471416026338,15.2214393886128,0.622879903128403,0.542847078942051,0.925464328596667,-4.9932421739437
"SHANK2",0.0697240372425192,16.3189968113628,0.265651818814532,0.794436609588178,0.968763141778022,-5.10175264348213
"DICER1",0.0439005588300105,18.7293070848535,0.893005694702492,0.386150779357636,0.896341048011413,-4.85756881683576
"SLC7A11",0.382557928997713,17.0396326942086,1.30077848550518,0.216579842799661,0.846423796376897,-4.57802874918857
"MAPRE3",-0.117581186527996,18.5516770911934,-1.49103261661902,0.156966298215424,0.842341998928484,-4.42061910122288
"HPS5",0.118203077422123,16.3101882585096,0.905107020575004,0.379913518980305,0.893756828005623,-4.85049460337498
"SHOC2",0.0859380636671467,18.7794763290753,1.57663502688474,0.136019315303834,0.842341998928484,-4.34560013568332
"SRRM2",-0.0502004740662656,21.4700555905572,-0.743585280067255,0.468773549425155,0.911462804536586,-4.93800318664415
"NEU3",-0.615772781886884,15.1324290407546,-1.02956776558652,0.320098760385132,0.878437682691824,-4.77296267190337
"MGAT4B",-0.181406252758659,16.3724347734527,-1.33844623324585,0.200959458591357,0.842341998928484,-4.54748827687743
"PA2G4",0.118874271755264,24.9985655589453,1.65325039127597,0.119338022317429,0.842341998928484,-4.27633394278552
"SPG7",0.091323201889228,19.7515919738185,1.45962473658211,0.165301472796351,0.842341998928484,-4.44747604864016
"CTNND2",-0.0538658901658557,16.3786343595543,-0.36094361532939,0.723244035936386,0.954513005938327,-5.08118954388095
"BAIAP2",0.0620909922266826,20.5234543322906,0.825031010417187,0.422458830394302,0.902043681327841,-4.8957662014224
"SMC3",0.0282078902549685,21.0020801202953,0.480797829215422,0.637693391630745,0.938925721121189,-5.04651680153736
"CHMP2B",-0.107889646221537,18.6156011808362,-0.715928208511479,0.485183968036429,0.912764312118166,-4.9514474131325
"SCML2",0.0365740331359845,18.430175843974,0.426067357114525,0.67619305374064,0.946471645300841,-5.06353544217306
"ZNF148",-0.0250506851273968,17.6863282987212,-0.208081406874144,0.838003002635686,0.973923001843669,-5.11133833712111
"MTMR6",-0.0349311806409176,18.1902811718436,-0.532521542917098,0.602272420086155,0.9347876022965,-5.02862724898093
"NIP7",-0.0339867743893585,19.8129916530165,-0.601392692062066,0.556682608769526,0.926554312151075,-5.0021272757539
"GNE",0.0829989571674723,17.3896495813072,0.81128827502669,0.430060454328371,0.902043681327841,-4.90316631972499
"RTRAF",-0.306115519252131,21.0100118037487,-1.28170073179095,0.220084235279328,0.847665896924723,-4.59229584682137
"RUVBL2",0.051393506775689,24.3708613607954,1.05731556136369,0.30732835517529,0.878437682691824,-4.75472022113112
"CDYL",-0.0857341291485021,17.4400288705902,-0.962659421495299,0.351191127345944,0.886421458442757,-4.81574270604482
"PIN4",0.326410682529954,20.0848534092484,0.994250598550957,0.336580521209826,0.882084620678191,-4.7956886271559
"HIGD1A",0.109768245043391,19.769333560797,0.739366926605034,0.471335581115601,0.911462804536586,-4.94003162914756
"GINS2",0.119976438961864,16.465863352622,0.365463140072887,0.719989095125153,0.954180921097348,-5.08002995074601
"PRELID1",-0.0416613040956264,18.0282936098915,-0.397251851551833,0.696854332228907,0.950393426960806,-5.07169714367797
"RCE1",0.169138257902087,19.2414190483118,1.09154299866569,0.292596666867243,0.875482866553864,-4.73148264790356
"EIF3L",0.141826431871532,22.3997714835258,2.13073900091791,0.0503123116802983,0.842341998928484,-3.80876542018158
"PLAA",0.00847049931135402,20.1056743529081,0.131677404401521,0.897013606863447,0.984405675544383,-5.12038205442172
"RUVBL1",0.0670592902819465,24.1567255927957,1.44763573777369,0.168578714558289,0.842341998928484,-4.4576295440432
"NUDC",0.0479279536589772,22.1397993560415,0.688731578062862,0.501651502224476,0.917812698368546,-4.96421521449653
"BCS1L",0.0683889534093289,19.6001503776799,1.20447890043303,0.247321727888529,0.849389846357638,-4.65083861521274
"VDAC3",0.0718005941949507,22.6700099390598,0.916828568744464,0.373937526772057,0.892975750565936,-4.8435646225375
"CFL2",0.000840275315848515,20.0628391100276,0.00623310424621734,0.995110012730186,0.999742128090196,-5.12642100953866
"ERGIC3",0.0125036251314867,18.6392787727882,0.0676904116867424,0.94694738173837,0.991836338916264,-5.12483321186316
"FARSA",0.00450151209308203,23.0886109665787,0.0802140506923553,0.937142099785961,0.988634971821529,-5.12418744073172
"ITM2B",0.095018591360045,17.2564493003703,0.597380259812828,0.559287097110163,0.927364261615354,-5.00375413840733
"SLC5A6",0.150626823249787,20.3213419845705,1.72912366897781,0.104591320635444,0.842341998928484,-4.20591631473497
"MRPS33",-0.0237124099914645,20.0117508226597,-0.257647348412332,0.800228606818443,0.968763141778022,-5.10331398098859
"ASF1A",0.156301298800777,19.8192577947874,1.49977386657863,0.154709986034906,0.842341998928484,-4.41307914582326
"DRG1",0.0946768651829579,21.8270352229789,1.61239971781342,0.127999108882165,0.842341998928484,-4.31350573659646
"TRAPPC4",0.0882585894232122,20.9330668698739,1.37900554932969,0.188387160652374,0.842341998928484,-4.5146720445511
"NCKAP1",-0.077883272085316,20.9265747771956,-0.869117268941625,0.398664776697373,0.898430086268213,-4.87129216064151
"CNPY2",0.320176350063363,20.5866043942519,1.61923615726424,0.12695754793241,0.842341998928484,-4.30804617509638
"EXOG",0.0479855455873039,15.0065857079845,0.243405572417889,0.811034171334584,0.968763141778022,-5.10579270093003
"CA5B",0.283153218210114,17.4755384137721,0.650756034815068,0.529343196978489,0.923174371936723,-4.9785608135272
"SLC35A3",0.25862903106664,17.3362401572369,0.471106357916439,0.645174871963685,0.940757100789874,-5.0492293432489
"EXOC6B",0.0803809736504846,18.0664468031134,1.24201051037031,0.233563093010605,0.849389846357638,-4.62269236281681
"DIP2C",-0.342583235109817,16.1686808015845,-1.96962709409349,0.0679006936680976,0.842341998928484,-3.97236623171921
"SLC9A8",-0.118512508209971,17.8995135232329,-0.592428896002648,0.563937507099197,0.929022143808322,-5.00481876594894
"ICE1",0.0903197734434436,15.9291088640951,0.594748004272869,0.560999247395817,0.928547143563569,-5.00481586125975
"ATP11B",-0.0628550709774096,16.1624692698927,-0.635884872833708,0.534565930048203,0.925464328596667,-4.9877235219116
"POFUT2",-0.541957372738487,17.3477296138469,-1.85245732395497,0.0842616136223669,0.842341998928484,-4.08882521903256
"DNAJC16",-0.0142281081717321,16.7294473846014,-0.0820813659602933,0.935682285195397,0.988634971821529,-5.12408163227544
"SBNO2",-0.320367034941871,17.3158727840416,-1.34468559841043,0.199084070277267,0.842341998928484,-4.54251980905748
"DLGAP4",0.0782520538897735,16.7962106787296,0.599234867348269,0.558082451395479,0.927264765444393,-5.00300344447405
"STK38L",0.0869629081080241,16.738372031233,0.540825673266448,0.596677792670762,0.933531465418893,-5.02559332822386
"INPP5F",-0.0522093200277709,16.6433323869956,-0.405309831778742,0.6910506558751,0.948559449659011,-5.06947061436055
"PLEKHA6",0.0933366118541201,20.512739501305,1.38011104247254,0.188053645611378,0.842341998928484,-4.51376811632876
"FNDC3A",0.307870225836993,16.8975927793276,2.06559280894427,0.0568479639919361,0.842341998928484,-3.87549982790571
"NISCH",0.0370813224910158,18.8920160765125,0.521557741729121,0.609698653841851,0.936335994482148,-5.03256458299891
"PIKFYVE",0.0835138510437314,15.7868085655238,0.319431117973999,0.753865963002328,0.962864223470904,-5.09095315130571
"WDR37",0.0802151756844829,18.8404897766664,1.15167039056757,0.267729917932751,0.856157940490957,-4.68932804353522
"TBC1D30",-0.124362500936584,17.7500410845508,-1.22642936181283,0.239200652859102,0.849389846357638,-4.63445564500131
"AMOTL2",0.473457899044678,14.4672177018857,1.93218520588941,0.0727183750293929,0.842341998928484,-4.00964427159363
"ZBTB1",-0.102019518818718,16.3724419455631,-0.666335916860782,0.515454185817615,0.920033648609936,-4.97438878155331
"KDM2A",0.110328198123717,20.6670467471614,1.92845939462766,0.0732142901813231,0.842341998928484,-4.01333686817463
"DIS3",0.0927080969882219,20.6387625098459,1.39947546818524,0.182289250514764,0.842341998928484,-4.49785416398106
"TRAPPC8",0.0389287956639244,16.8198150071969,0.388701651159306,0.703034012998547,0.9516081755383,-5.07401216562928
"LRCH1",0.175936521289522,19.3336657695539,1.48585865654432,0.158314736180177,0.842341998928484,-4.42506872478152
"RCL1",0.179454727472724,19.4890923522958,2.6029396227573,0.0201519136617507,0.842341998928484,-3.30905030775311
"GSTK1",-0.119118590494374,20.1065508467584,-1.22270902050247,0.240562294800863,0.849389846357638,-4.63724798920683
"LAMTOR2",-0.0326164013632209,19.2242766253663,-0.378602954240963,0.710360849066665,0.954060242424748,-5.07668331688586
"MRPS28",0.0684631942924767,21.4044432858791,1.55831232987156,0.140291533604572,0.842341998928484,-4.36187467328925
"COA3",-0.117843918631685,19.5063566908075,-0.701770651000456,0.493825896233368,0.916016829726497,-4.95807863364524
"DDX52",0.0726884922835893,19.7996558839981,1.18317620074507,0.255405310195822,0.850763184094445,-4.6665238515272
"MRPS17",0.0982512223000391,20.9126710311452,0.771504952553438,0.452555879701578,0.91142481873976,-4.92396578427299
"MRPS7",0.0122130745400604,21.6196859989648,0.211447101279445,0.835423741123043,0.973308054279073,-5.11084702591652
"CRYL1",-0.0231053901510734,20.4597138884181,-0.302448716927306,0.766520891693763,0.963360829111366,-5.09461036673147
"TMA7",-1.78706762067039,12.9436786989644,-2.35030921097482,0.0344603355087337,0.842341998928484,-3.59727855003269
"POLDIP2",0.125269666826384,21.7512671295325,2.3029894540505,0.0362345237615628,0.842341998928484,-3.62917805695852
"AP3M1",-0.00984947993623209,20.089456024034,-0.0997981743153485,0.921844418129664,0.985937788833006,-5.12295677813044
"YBX2",0.114567556447035,18.2040564605906,0.84697080782816,0.410504491679561,0.902043681327841,-4.8837257872389
"MAP3K2",-0.31478617789676,17.9856465434589,-1.36601057767052,0.192560147929513,0.842341998928484,-4.52535105197723
"LEMD3",0.0340256427467978,19.0556297477336,0.52211957886168,0.609317007589196,0.936335994482148,-5.03236470828279
"KLHDC2",-0.0695779416997198,18.0481325239158,-0.760383880221515,0.458973505522152,0.911462804536586,-4.92961292002633
"CDIN1",0.447390422249965,13.623552703233,0.770755319878834,0.456221555501256,0.911462804536586,-4.92232432871831
"CARHSP1",0.112993851047275,20.0317730774847,1.16743871120055,0.261506196047864,0.851343345813351,-4.67797399320266
"COG6",0.0441688985843456,18.8963819830123,0.63385871139401,0.535851484280147,0.925464328596667,-4.98859028929781
"THRAP3",0.151315161775845,22.0101298595698,2.10446286611481,0.0528602671765933,0.842341998928484,-3.83577031203372
"WBP11",-0.0448875115711012,20.0828969510598,-0.413616121465087,0.685089052723358,0.947983628026866,-5.06713007564577
"TDRKH",-0.00669583282626718,19.6604711684017,-0.106905328330061,0.916300386091199,0.985471838577121,-5.12244406099768
"MED16",-0.0577319657410058,18.5284594438567,-0.71230012787453,0.487361946176337,0.914132023680643,-4.95317671090519
"NOP58",0.0521796940750043,21.2950615034949,0.835175762406474,0.416903478698904,0.902043681327841,-4.89023330344136
"GIT1",-0.0371213699575499,18.9430429147987,-0.625626264911533,0.541092419813311,0.925464328596667,-4.99208558894936
"ZNF281",-0.153398822661945,16.4934601913371,-1.2593788834315,0.227401997450391,0.849389846357638,-4.60945024687985
"ARL2BP",-0.052249132916959,17.8146092199883,-0.188931460716135,0.852752801654185,0.975701677811386,-5.11397312122755
"SUGT1",0.0393899546458485,22.2525973048943,0.600194093413646,0.557459940688228,0.9270468147788,-5.0026143216932
"MTO1",0.204939390394863,17.8847754289747,2.85633647539732,0.0121429685876975,0.842341998928484,-3.03543685875315
"YARS2",0.0309353064960582,18.6640867580094,0.413066374319441,0.685482955118662,0.94821299034074,-5.06728640539931
"COQ6",-0.0296129279893513,19.3095776713113,-0.326145769174501,0.748882178868199,0.960914217201338,-5.08945303879282
"AMDHD2",0.0696254416191628,19.087538228064,1.01591688197065,0.325997197103063,0.878437682691824,-4.781988469471
"ACOT9",0.065886051935518,20.0113749354905,0.682031872786274,0.505757844627385,0.917812698368546,-4.9672910213806
"AAR2",0.106205687571187,19.5153422071306,0.435049290619803,0.669938637241396,0.944349207216172,-5.06080193463029
"NOSIP",0.04756311256331,20.5304712969666,0.740725095883862,0.470454796752653,0.911462804536586,-4.93941490313298
"DERA",-0.0227717024941185,17.760461462251,-0.216375218923586,0.831650665970137,0.972981689352295,-5.11011353344357
"MEMO1",-0.12368632631782,19.9212554796917,-1.55543871690729,0.140971791002263,0.842341998928484,-4.36441655672349
"TMX2",0.0451883943023503,20.0190868502589,0.724010225062587,0.480353215811537,0.911462804536586,-4.94756648141767
"LSM2",0.240934475000817,21.0364752122891,2.78509259434075,0.0140124112948057,0.842341998928484,-3.1124277505877
"SNX24",0.139617135457001,18.8734297105128,2.01582221805023,0.0623565439980005,0.842341998928484,-3.92596483653126
"STARD10",-0.0101161218110661,23.8007065830749,-0.132331241593034,0.896505402098509,0.984405675544383,-5.12032184612216
"SH3GLB1",0.129439224984559,18.0678691907795,1.24047131582269,0.23411533746086,0.849389846357638,-4.62385932130906
"NDUFAF1",-0.00739240057414037,17.7971349195657,-0.0860980156689006,0.932542997455721,0.988634971821529,-5.12384579423118
"CAB39",0.0936756130647431,20.2907171556437,1.24523332469921,0.232410087899932,0.849389846357638,-4.62024547424544
"LUC7L2",0.0569933113941623,22.0283421229003,0.539975740882336,0.597249204864277,0.933531465418893,-5.02590589638275
"UBE2J1",0.0419127359362257,18.2992719186492,0.310130300708483,0.760787964320466,0.963360829111366,-5.0929804220106
"RBMX2",0.111601740860856,16.9237900837279,0.607084764757319,0.552999085695294,0.92552891980847,-4.99980192229485
"DHRS7",0.0195882494195736,20.2065323623669,0.212330228363787,0.834747289015144,0.973308054279073,-5.11071681534593
"MRPS2",0.03195368944683,21.4996899696634,0.44804393044587,0.660613326973013,0.942594208803723,-5.05693955225457
"UTP11",-0.0151277984255351,17.4492903700795,-0.129573288539016,0.898649378025075,0.984405675544383,-5.12057379319551
"MOB4",0.0762686848910761,19.8992325312193,0.846247542279038,0.410895011813959,0.902043681327841,-4.88412712393655
"RRP7A",0.152859242584825,19.1369073044929,1.54165145888134,0.144274605514583,0.842341998928484,-4.37657212953638
"SBDS",0.0594982256277774,22.146599417485,1.31928083335968,0.207131113787966,0.845120281394202,-4.56275532429701
"TMED5",-0.0555057043145695,21.244231695655,-0.85614148931443,0.405574002792805,0.901861390876933,-4.87861105017817
"PRELID3B",0.140746135512178,17.5290780813009,1.39920444562628,0.182368920033823,0.842341998928484,-4.4980779358267
"EXOSC1",0.0240555741027819,19.6999214495174,0.198180264105771,0.845601672140451,0.974829174801071,-5.11273830723388
"TMED7",-0.0444487440584354,20.9474877097047,-0.538927660797273,0.597954210472386,0.933531465418893,-5.02629069305701
"SF3B6",0.126474410055454,22.0082070462868,1.40215114013,0.181504240435978,0.842341998928484,-4.49564339748619
"EMC9",0.0819893064601018,18.5991713113266,0.609355427882127,0.551533355598201,0.92552891980847,-4.99886858874601
"MRPL11",0.108580727482824,20.8190824986426,1.41312281858565,0.178314191128498,0.842341998928484,-4.48654823660653
"REXO2",0.0578852881854246,19.7570423784585,0.585111393644245,0.567291188513205,0.929022143808322,-5.00866528502071
"RRP15",0.237296612716946,19.4172709203986,1.62955794406615,0.124323514746133,0.842341998928484,-4.29800229902673
"WASHC3",-0.475722909541378,17.9276176375039,-1.92001737357202,0.0745807730177985,0.842341998928484,-4.02269644208351
"NOP16",-0.0181094981447281,20.6427894275529,-0.13885925137064,0.891434016727972,0.98411418237975,-5.11970441927018
"TPRKB",0.0490114241669062,19.8495285808581,0.67426362499408,0.510543477713293,0.918582534034279,-4.97082283545436
"PPIL1",0.0705366548312405,21.3457298822227,0.965220561901905,0.349949114476356,0.886421458442757,-4.81415419859514
"MED31",-0.0446696535597439,17.717026371254,-0.327337028955708,0.747999196634749,0.960897384389211,-5.08918370388689
"UFC1",-0.0323159645793432,20.4499886779514,-0.221330625033031,0.82788737536094,0.972181095452472,-5.10934990429678
"CIAO2B",-0.0344214136532877,18.8131004760141,-0.179872586140777,0.859719343816816,0.97751782113991,-5.11514083825328
"MSRB2",0.13789870812796,18.1687887911083,1.08886526437533,0.293634232877562,0.875482866553864,-4.73334903166567
"MRPS16",0.00419578212684968,20.6001890181549,0.0247144024511153,0.980616904932989,0.99743393830231,-5.12622104781052
"MRPS18C",0.0654528572426543,17.6708095381066,0.283467356714335,0.780785584908331,0.966732684376251,-5.09844891860289
"FIS1",-0.136790151197957,21.439104856423,-0.884799641033794,0.390562104956043,0.896881171140022,-4.86224046038046
"PAM16",0.191360556922682,19.726437452377,1.02269039098415,0.323099602078209,0.878437682691824,-4.77750458310022
"AK6",0.21414573742333,19.19105734478,1.06317647141511,0.304981687263263,0.878437682691824,-4.75071143519127
"MRPS23",0.0992978638781778,21.9168107055555,1.56412500566216,0.138924039965036,0.842341998928484,-4.35672426487247
"GOLT1B",0.211241194163158,19.283977713937,0.887475608520869,0.389321181300165,0.896809944907941,-4.86061090609593
"BOLA1",0.0163240333585541,17.8322652131798,0.0514944367661617,0.959634933405127,0.994118447583944,-5.12550709358181
"PTRH2",0.016102145886439,22.2012584219757,0.32058828581841,0.753006268665194,0.962101814658557,-5.09069681361098
"CHMP3",-0.112695114221619,20.4582803455068,-0.989210759942462,0.338464647575245,0.882084620678191,-4.79910344571618
"STRAP",0.168580536668774,21.7657946380917,2.0995309298356,0.0533515711765357,0.842341998928484,-3.84082600510489
"RTCB",-0.0581611520601442,22.2012659567604,-0.586832593966424,0.566164647488934,0.929022143808322,-5.00798206496385
"FBXO7",0.0973664603980744,18.8999858932325,0.809274219609527,0.431181832332756,0.902043681327841,-4.90424160802426
"SH3BP1",-0.0643623591076459,15.9898816970303,-0.442746662689765,0.664354213864641,0.944208190511117,-5.05855871702111
"RAP2C",-0.640622583334537,19.960864714579,-3.13091342793552,0.00711430619577262,0.842341998928484,-2.75166919731651
"RABGAP1",0.1020035322484,20.2859023614747,1.60011881860426,0.130706209989751,0.842341998928484,-4.32457449121397
"TMED3",-0.0791203953325734,18.3928516763512,-0.94299489494642,0.360829989624371,0.891497764793046,-4.82782085918509
"TSC22D4",0.0527435282843172,17.7086644618469,0.445678858629864,0.662282372097424,0.94282665477207,-5.05766475556107
"DOP1B",-0.108175884843099,18.9133070290187,-1.36136809885554,0.193773548358023,0.842341998928484,-4.52902602224117
"ZNF330",0.0176601582796145,17.4509171742587,0.0619759886971517,0.951421498777531,0.992530218964564,-5.12509194120322
"R3HCC1",0.40206371913656,17.596284369424,1.90782700307995,0.0760161278174383,0.842341998928484,-4.03372829221372
"NOC2L",-0.0546298396067506,20.5231047979519,-1.02725031895817,0.320807044587713,0.878437682691824,-4.77461188161384
"RPL36",0.230401178376724,23.0566273949681,0.953579515953016,0.355939642312783,0.889982516442494,-4.82119106196948
"CCDC9",0.120220556715683,19.2827175821726,1.00822333041607,0.329554634647168,0.881145878850205,-4.78695760139704
"CHTOP",-0.354201326676893,19.3036869305647,-2.00328882789291,0.0640239189848984,0.842341998928484,-3.93972152375323
"SAMHD1",0.0271236439277978,20.1021349529158,0.553916546800224,0.587911653258736,0.931701489334365,-5.02072030228737
"FAM32A",0.181672777503071,17.6088001749819,0.828792340714119,0.420452696912651,0.902043681327841,-4.89368651265993
"PKP3",0.0698226157516864,21.6219857540488,1.22890983781982,0.238296139225876,0.849389846357638,-4.63259037239925
"KNSTRN",0.0793797524856146,16.9064823626546,0.542281713625766,0.595699531231747,0.933531465418893,-5.02505677736998
"HBS1L",0.0163197940940165,19.6279109939452,0.238198849087314,0.814994708110791,0.969252377099738,-5.10666411484046
"PRKAB1",0.00868356025869232,18.3114076584828,0.0942215878664704,0.926197463424452,0.987672911573181,-5.12333443642725
"WDR45",-0.362722393136497,17.3218688059076,-1.59034540698117,0.132911717083541,0.842341998928484,-4.33337108718721
"DMXL1",-0.497828464377294,16.1917551642066,-1.99576679958272,0.0647108324987599,0.842341998928484,-3.9461635026493
"ATP6V0A2",0.0383052286958332,19.0193901295527,0.497970197635145,0.62582599004316,0.938315260595475,-5.04077079162015
"TLN1",-0.0941920801172529,20.4770373469355,-1.55240778669795,0.141692318874148,0.842341998928484,-4.36709448450426
"KIF3A",0.0538167799831015,18.9225602947622,0.691987291492177,0.499663084726136,0.917812698368546,-4.96271058670266
"TRRAP",0.00588203385187214,18.9274723855213,0.117986853687884,0.90766516286934,0.985471838577121,-5.12157444006437
"MTCL1",-0.222937269979582,15.7640912310671,-1.31440962850733,0.211786252509406,0.846423796376897,-4.56736344235811
"DCAF1",0.121815071877361,19.3494362507041,2.4800638339329,0.0256785666673481,0.842341998928484,-3.44100099091044
"KDM3A",-0.123900787009912,15.5792599826363,-0.82928416808471,0.42012395615482,0.902043681327841,-4.89345378926878
"TCAF1",0.0269255185033082,19.891040087574,0.496227141432204,0.627025779590365,0.938315260595475,-5.04136282554879
"RBM19",0.11897576540559,18.4385475157371,1.72567243101889,0.10522583499881,0.842341998928484,-4.20915668955294
"DAAM1",-0.0593914320498108,17.7815947531265,-0.641077611766704,0.531279112911563,0.924162441260244,-4.98549041565916
"HECTD4",0.0344840424352668,15.6938319175125,0.278792895019479,0.78426320684514,0.967243455881666,-5.09937706271847
"WASHC2C",-0.468501747813887,15.4896424503074,-1.04354613878943,0.313642664585684,0.878437682691824,-4.76381807954908
"ZNF451",-0.0664121046048383,15.5372431742606,-0.326594378064143,0.748549619489121,0.960914217201338,-5.08935172472865
"WDR7",-0.0605983971366157,17.7412904198001,-0.814387931387781,0.428338296087468,0.902043681327841,-4.90150682007057
"USP15",-0.011041294186704,20.5665951585022,-0.126483145889619,0.90105256124415,0.984405675544383,-5.12084980237487
"FARP1",-0.132310751369804,15.0328944128786,-0.707175237023672,0.490448386347462,0.914775848887705,-4.955605819427
"CEP170B",-0.0417850455947466,17.8520323873922,-0.384157027158179,0.706327527101719,0.952285960649873,-5.07522270910424
"TLN2",-0.248764127693494,16.093381300959,-1.1272015764773,0.277609155151052,0.866197695983475,-4.70670908612164
"IRS2",-0.133904314315576,16.4070009235039,-0.730736019487892,0.489368549183347,0.914447504650451,-4.93601288480446
"MYO5A",0.108422531482244,18.1579568051919,1.24487886923414,0.232536680542043,0.849389846357638,-4.62051482079647
"DTNA",-0.250199148945828,17.1156921857915,-2.44524120438231,0.027491169439478,0.842341998928484,-3.47822345535053
"CRYBG1",0.0268985036234142,17.0041434617655,0.321121102841248,0.752610536688684,0.961997488072468,-5.09057847725177
"TRAF6",-0.0755466813286993,17.4392107258219,-0.696480234274696,0.496926633936399,0.917234421027085,-4.96062351283543
"MAP4K5",-0.0148301536628566,18.580128458945,-0.262602474681333,0.796478791211669,0.968763141778022,-5.10241891466861
"HYOU1",0.132744634600911,23.5305424796286,2.54843512916898,0.0224459445644207,0.842341998928484,-3.36768159176334
"RNF115",-0.26502204549071,16.4656490060651,-0.562878773001856,0.582125529141211,0.929790176756083,-5.01720654987877
"ATG4B",0.019299681855351,20.5997618415091,0.176084582712842,0.862615268172042,0.977592365867279,-5.11561806724521
"TBL2",-0.0232200058855838,21.9854459371339,-0.398987289573982,0.695602729084152,0.950393426960806,-5.0712212872246
"WIPI2",-0.184407506084305,18.1874740394854,-2.03793616180957,0.0598513804741833,0.842341998928484,-3.90360068789857
"TELO2",-0.0247604611755605,19.8608167131328,-0.342661219235033,0.736673585454205,0.958217861269429,-5.08563322932096
"LAS1L",0.117307908177732,21.0494135785878,1.32026945382148,0.206809083516966,0.844322763856599,-4.56197161415933
"AFG3L2",0.0231520733146553,21.2596377198491,0.465312290650262,0.6484838411808,0.940928818983741,-5.05153257298081
"AMMECR1",-0.200030754858783,18.2922344738164,-1.2985618475744,0.213972821985061,0.846423796376897,-4.57908332119792
"ARIH1",-0.0560422460632992,19.278630086516,-0.396524178205714,0.69737940394434,0.950393426960806,-5.07189607178012
"LSM5",-0.16771242997223,17.9473074797342,-0.423992346811131,0.677844917412018,0.94719385087046,-5.06404315155755
"LSM4",-0.0652747200176549,20.9138915053386,-0.386439410746622,0.704736680846141,0.952083020150937,-5.07458201715194
"RNF114",0.157037236278612,20.843470854963,0.876170075801078,0.395133358512494,0.897167192888407,-4.8671671123531
"SAMM50",0.0740863360258786,21.3645488326587,0.716714154733471,0.484712923358837,0.912730526544901,-4.95107174469329
"PRRC2C",0.0988894880381608,19.8115727062749,1.24938242416116,0.230932261632248,0.849389846357638,-4.61708840466908
"OARD1",0.0264387663460433,18.4973405392783,0.320684685019445,0.752934666077418,0.962101814658557,-5.09067541805441
"POLR3H",0.0196440118575048,16.0060024618439,0.0948724823058455,0.925689251096395,0.987514563410017,-5.12329147368211
"LRRC42",-0.154112250558811,16.8196866120805,-1.57006195215065,0.13753901860626,0.842341998928484,-4.35145171688659
"HSPB11",0.102535458839519,20.5172994889871,0.678328727584632,0.508138216679505,0.917812698368546,-4.96891241388847
"YIPF1",0.0502613213301792,18.8171853569515,0.396164949967666,0.697638673495528,0.950393426960806,-5.07199414534117
"PPME1",-0.103284779432023,22.2287618861178,-1.37263837327801,0.190317448940215,0.842341998928484,-4.51986858730945
"ASB1",0.0651140603803579,14.0445609633552,0.214423909438797,0.833144124760209,0.973261659187354,-5.1104059669641
"RBM7",0.0483794978786989,17.8836536009103,0.643276681790684,0.529890597683399,0.923191480059011,-4.98453964427617
"TIMM22",0.155956871754857,18.800069392047,0.899958441185102,0.38268359659951,0.895939118424901,-4.85344715990231
"AP4S1",0.0924754597438913,18.8617760792031,0.984575871288663,0.340662399594971,0.883952237043116,-4.80203525544566
"KCTD3",-0.0450195273142704,17.3116238645565,-0.642872176941021,0.530145853282885,0.923395035835541,-4.98471475901096
"NUB1",0.0925677348405358,18.1190737055606,1.39114477985789,0.184751178307645,0.842341998928484,-4.50471898499255
"YTHDF2",-0.0275945914474249,19.1666351035623,-0.343938577767008,0.735732334139712,0.958217861269429,-5.08533009649384
"CTDP1",0.0494457012024831,18.7479641578992,0.740180017436077,0.470775616369428,0.911462804536586,-4.93968338305551
"PAXBP1",0.0377589047931259,17.6408497465403,0.646722146042053,0.527719196648381,0.923174371936723,-4.9830439288982
"NME7",-0.0398347210433379,17.5563702626284,-0.271378437213642,0.789850310670828,0.968408605409542,-5.10079236948291
"SUPT16H",-0.00966351543243249,22.3873797672164,-0.133041507287347,0.895953390571111,0.984405675544383,-5.12025610477057
"UTP18",0.150423867194114,19.1372256187402,3.04137620703605,0.00835382263599668,0.842341998928484,-2.83591099099038
"PHLDA3",0.577465757498672,17.1332803502587,1.51291154702309,0.159843965859448,0.842341998928484,-4.41014567468882
"TIMM9",0.013388074337044,17.418182624096,0.0902176732275833,0.929324405650597,0.98844437342078,-5.12359222208056
"UCHL5",0.039501751953491,21.6778310723661,0.348979876799163,0.73202182341267,0.958217861269429,-5.08412296290706
"CD2AP",0.195464612273412,19.6742870491086,1.67410410115231,0.115115198226045,0.842341998928484,-4.25715420376866
"ATP6V1D",0.121876946537292,19.5174287927081,1.73357823366837,0.103777299742691,0.842341998928484,-4.20172881553652
"TNPO3",0.122253567577133,21.3512587377204,0.983320766154359,0.341259272845421,0.883952237043116,-4.80282720278097
"TIMM13",-0.0418937854866002,17.9424934999747,-0.116682869734669,0.908713742271922,0.985471838577121,-5.12167486532698
"SRPRB",0.143227348172569,21.1509038130928,2.48699693539048,0.0253315383405402,0.842341998928484,-3.43357967532312
"N6AMT1",-0.0455822515883142,17.2942519604734,-0.100246622835436,0.921528138657006,0.985937788833006,-5.12291989235824
"ORC6",0.0685603618934394,16.3260503418583,0.493299932493084,0.62904310281747,0.938399949405853,-5.04235259536277
"CERT1",-0.0105318836081558,19.0786040718162,-0.156311426258052,0.877900695486452,0.982823192403566,-5.11790837731766
"GMPPB",0.0130508181314184,21.4441730145145,0.200888165730545,0.843521872030701,0.974829174801071,-5.11236215312239
"GTF3C5",0.101830185894194,19.8082312572931,1.13485135104372,0.274491510692717,0.8617095848617,-4.70130649125261
"GTF3C3",0.029281662565495,19.9853425309075,0.453962725542186,0.656444574800149,0.940958728523278,-5.05510846044845
"TRAPPC1",0.010731489152203,20.4521265301367,0.156721725861217,0.877582983944095,0.982823192403566,-5.11786360794704
"CDC42BPB",-0.0187133883698039,19.6474489981064,-0.376051845058804,0.712216458959665,0.954180921097348,-5.07734726208446
"RBM8A",0.206667632225287,23.0041240085628,1.65902660993524,0.118155137399974,0.842341998928484,-4.27103497711216
"USP16",-0.33847477756823,17.5636087079123,-1.59843315073426,0.131081583796008,0.842341998928484,-4.3260898781108
"TSSC4",-0.598593860167391,15.8025381043606,-1.69963953117174,0.111797096469848,0.842341998928484,-4.23711682833332
"MPC1",0.0816488745052499,15.4772435842932,0.421194330040678,0.679668823218198,0.947983628026866,-5.06495456246486
"IER3IP1",-0.50374150614876,17.4672174939252,-1.91338516155851,0.0754650823205962,0.842341998928484,-4.02915183998806
"ZNF706",-0.409527620663649,19.6628663131933,-1.75928420743781,0.099625815199185,0.842341998928484,-4.178620433362
"MAGED1",-0.0606492588142036,14.9901583945474,-0.509252383043772,0.618086728152684,0.938315260595475,-5.03689084059583
"SNX14",-0.0602866214184878,15.906897284953,-0.455684194971578,0.655234307449193,0.940958728523278,-5.05457154683693
"SNX13",0.386040821516964,16.3706951247801,0.775076746469173,0.455418784728551,0.911462804536586,-4.91907612562673
"SNX11",-0.000711333470096775,17.5249738606036,-0.00533997046147669,0.995810685242674,0.999742128090196,-5.12642462048071
"SNX9",0.0243047884776253,18.857030539835,0.249835235700995,0.806150766630598,0.968763141778022,-5.10469089536085
"SNX8",0.024757048350267,18.6736336487687,0.379509089832619,0.709702205122765,0.95366189714896,-5.07644643587131
"SNX5",0.10566098958358,20.8433628140645,1.81412486691066,0.0899893805016074,0.842341998928484,-4.1250532008982
"FLVCR1",-0.0490905137645647,17.827129724042,-0.446529959601664,0.661681531146483,0.942806111081549,-5.05740420821082
"NUBP2",0.0878177325721907,20.7635811701091,1.0627799183441,0.304923647488734,0.878437682691824,-4.75105497642782
"PEX16",0.132769603728985,19.0146851444641,1.96415306808361,0.0685865044003665,0.842341998928484,-3.97783526988141
"ST14",-0.00145734359838912,18.8853083593298,-0.015751148346209,0.987643388547362,0.997917399529304,-5.12634791072544
"HEBP2",-0.00729966142069927,19.9426016266672,-0.0192668147240127,0.984893739148232,0.997597951331661,-5.12630464490186
"HCFC2",-0.267195255248868,16.6588531008382,-0.83822142896305,0.415384314939539,0.902043681327841,-4.88847858573933
"UBIAD1",-0.00667682281510906,18.2616882951895,-0.0657947863265383,0.948422126509796,0.991836338916264,-5.12492257433232
"MRFAP1",0.113116738471799,19.1396723455884,0.412455425491525,0.686045296512093,0.94821299034074,-5.06739006359819
"PUS1",0.0842876961223702,20.9483259806132,1.63700837059124,0.122719142182251,0.842341998928484,-4.29117746788807
"LRRFIP2",0.286911449203522,17.9026322537194,1.8595974086421,0.0829450786011268,0.842341998928484,-4.08100496058525
"FHOD1",0.00707621901748468,19.1118407499299,0.12072916094245,0.90553004806532,0.984405675544383,-5.12134604240704
"NCOR2",0.186213109927753,21.1492503079499,2.01868644216653,0.0620267629563666,0.842341998928484,-3.92307359565446
"SLC25A15",-0.177737049925611,18.9091409275404,-1.37603444236133,0.189285896965897,0.842341998928484,-4.51709896065285
"RAD54B",0.0582926979670653,16.9851421378509,0.408694728578852,0.688618659811137,0.948559449659011,-5.06852238025878
"F11R",0.222109010873687,21.8222904835511,1.91523834835316,0.0749987574969631,0.842341998928484,-4.02641471216312
"GPC6",0.101886133756832,16.809648576072,0.873383101613282,0.396410524440967,0.89748855011745,-4.86886516554482
"NPTN",0.0362952953272071,20.0740480687034,0.208497654276054,0.837717001580568,0.973760257456695,-5.11126706675522
"ADGRG1",0.428991697953464,17.2045929941152,2.1522158594046,0.0528200512285105,0.842341998928484,-3.82134307902999
"SPIN1",-0.011784277110614,18.1698035695887,-0.121632665648325,0.904826758597446,0.984405675544383,-5.12126964627465
"KPTN",-0.076630529565783,16.3014505227059,-0.710293346958473,0.488569139215055,0.914234145218411,-4.95412979299786
"SLC12A7",0.0723036402628701,20.2503078588997,1.51455593315813,0.150956286130591,0.842341998928484,-4.40026493581181
"ALG6",0.180932369203113,18.3320795129659,0.598498200633438,0.558750972176172,0.92735412272402,-5.00317789632441
"ALG5",-0.196658531628607,21.1759095880442,-1.42999826280959,0.173590841568817,0.842341998928484,-4.47252800136588
"MRPS18B",0.0427728431931378,20.0867991316295,0.586052511634812,0.566675071467572,0.929022143808322,-5.00829194734731
"COPG1",0.00336813502587319,22.3934299339689,0.0862398793005876,0.932432142141188,0.988634971821529,-5.12383725900188
"AUP1",0.136282825726301,20.006521254869,1.27242808393532,0.222857707006443,0.849389846357638,-4.59941234228117
"CLIC4",0.0359449482066978,20.2287481966165,0.389310377369293,0.702593330958282,0.9516081755383,-5.07384896847189
"NFS1",-0.0207367823949731,19.0609110898815,-0.323248723873878,0.751031034135208,0.961474909590464,-5.0901040194914
"POMT1",-0.117891626664012,17.8630579054766,-1.06536481183899,0.303790922838739,0.878437682691824,-4.74931583533996
"CFAP20",-0.00111003665039533,20.1967833277456,-0.0165825312292264,0.986991239574171,0.997917399529304,-5.12633851992843
"TACC3",-0.232962137109933,18.5574718122493,-1.64905763347058,0.120203037335107,0.842341998928484,-4.2801737015084
"SPCS1",0.683877959524235,20.5156678809819,1.68886468870228,0.112860011846716,0.842341998928484,-4.24487221724354
"SAR1B",0.247670598079527,21.4960891457111,0.727095508926856,0.478868851459604,0.911462804536586,-4.94584796390736
"AP4B1",0.0120616704685474,18.8629380981785,0.165021380491472,0.871160977404511,0.981443375559193,-5.11693292098341
"MTCH2",0.0233503838976254,22.6855132607641,0.398053498178432,0.696276068749999,0.950393426960806,-5.07147758289261
"ARFGEF2",9.38985510607893e-05,19.0708153745075,0.00158208956294641,0.998758813016297,0.999742128090196,-5.12643370776962
"ARFGEF1",-0.0763525400518823,18.4953769781963,-0.950879923005654,0.356943207862468,0.89048920704956,-4.82300303465287
"MAD1L1",0.0247070802662783,18.6733662085967,0.284797319488354,0.779747586760016,0.966732684376251,-5.09820335140277
"STK24",0.0448842807160013,18.967091206559,0.598693209471814,0.558434136939111,0.92735412272402,-5.00322291782684
"BZW2",0.0320332225120481,22.9368948813418,0.728168841106992,0.477878857980244,0.911462804536586,-4.94555413785717
"MRPL42",0.498778679774116,17.8381342943508,2.43198991805623,0.028263440033979,0.842341998928484,-3.49319130565007
"COMMD10",0.129899280856559,19.1628894072464,1.45690945343855,0.166039037372485,0.842341998928484,-4.44978043176936
"DYNC1LI1",0.0752205694273442,21.1786893247369,1.13393157061084,0.274864963295739,0.862070601855136,-4.70195759106405
"CHCHD2",0.693441460691069,18.5615240642684,1.51327757572783,0.151931144528526,0.842341998928484,-4.40205257202572
"USP3",0.0878083345627907,19.6635427017428,1.38991772858245,0.185116087144032,0.842341998928484,-4.50572776454449
"PXMP4",0.0245953302316835,19.9711676487901,0.198187745827114,0.845595924169871,0.974829174801071,-5.11273727493152
"TEX264",-0.0265298962569176,20.3453504507878,-0.300273586878362,0.768146821411759,0.964242803941421,-5.09506460183233
"CABIN1",0.107856135408571,15.8983351533397,0.835929663943127,0.41649254176959,0.902043681327841,-4.88981975794566
"TAF6L",0.0645038962672793,18.1240143665529,0.908739243605979,0.378054807102566,0.893575714592306,-4.8483553328088
"CEPT1",0.243572610502437,20.5926674875676,1.55982609296628,0.140140838675042,0.842341998928484,-4.36079892257977
"DNMT3A",-0.228617382965375,18.4916391239664,-1.16166921170949,0.263949299479185,0.853103574043432,-4.68211581362473
"OAS3",0.0880103107246342,18.5893045977158,1.12105651568004,0.28013277868596,0.867982241808658,-4.71102822593157
"IKBKG",-0.0608385691468492,16.8330647578369,-0.418816494113291,0.681367594535455,0.947983628026866,-5.06564129777677
"SLC30A1",0.189857361450589,19.8124739854083,1.82197366015343,0.0887367511426371,0.842341998928484,-4.1174880538955
"SLC4A7",0.172681046701012,19.2717577696156,1.9018193114618,0.076849909851782,0.842341998928484,-4.03964740044057
"NDUFB9",-0.384005127746541,20.8947375652313,-2.04161995794403,0.0597902078406389,0.842341998928484,-3.90197001211217
"COX11",-0.182992679592815,17.5896505739397,-1.85272114985065,0.0839776988095982,0.842341998928484,-4.08769937652357
"SQOR",-0.0824444771791377,20.4822725387765,-1.04224088891714,0.314034044835186,0.878437682691824,-4.76475223400874
"ROBO1",0.00252050039013696,17.8953732176172,0.0200968390531456,0.984234676533337,0.997543228069567,-5.12629348962866
"AP1M2",0.011528969147939,22.3065715628335,0.108937079243673,0.914716303883694,0.985471838577121,-5.12229102138637
"NCOA3",0.0102916757674905,18.8380700696691,0.167731942345821,0.869065638352771,0.980307215666442,-5.11661862007816
"NUMBL",0.195256828884517,16.5375490751916,0.936073886841942,0.364265649545072,0.892652924906307,-4.83202167983518
"MAP3K4",0.112571920115787,16.8496072847194,0.796186541457514,0.438514247685593,0.904343612727458,-4.91117128082014
"SCIN",0.0813178249346436,22.3506236499961,1.97711404136103,0.066972766267995,0.842341998928484,-3.96487581536895
"DDX49",0.0732689757165623,19.5432966534461,1.2608868718291,0.226873152508743,0.849389846357638,-4.60829412652145
"CAPN7",-0.0418088573950328,19.4771318006576,-0.607630188992238,0.552646817895146,0.92552891980847,-4.99957802809542
"WASF2",0.125086899247503,19.5042584532127,1.04202014980478,0.314133020249719,0.878437682691824,-4.76489826381583
"PIAS3",-0.13244505578152,15.9355802274127,-0.789679278998933,0.442189254087455,0.908203360227037,-4.91457938316721
"MAU2",0.165745712541703,18.210416280935,1.29193154939254,0.216199872836501,0.846423796376897,-4.58426922902641
"ENPP4",0.218579259873657,17.9081475572957,1.85590996290926,0.0834974097553282,0.842341998928484,-4.08459635117961
"ZHX2",0.0643560560342564,18.6444880286024,0.751932736828691,0.463887860562186,0.911462804536586,-4.93385503929746
"MORC2",0.0714033872918911,19.9569012386582,1.29421424082703,0.215431069166898,0.846423796376897,-4.58248597562422
"IVNS1ABP",0.198915549815336,20.4287545161489,1.5283339319151,0.147526797033406,0.842341998928484,-4.38824996212473
"SEC23IP",-0.0311110835421147,20.6016143732306,-0.451963804764922,0.657851152307035,0.941624877813888,-5.05572945349569
