"","logFC","AveExpr","t","P.Value","adj.P.Val","B"
"A0A024RBG1_NUDT4B",-0.000229675912819971,16.0932121076524,-0.0021957820981726,0.998314308527128,0.998445579310629,-7.98886979124795
"A0A096LP01_SMIM26",0.485348069297295,16.1199067641246,6.17742603918941,0.000353729832900115,0.00126135448149943,-0.41186843176685
"A0A0B4J2F0_PIGBOS1",1.54074856702599,17.4793387401567,21.4558726473933,0.0000000565271124036635,0.0000034954895686363,9.19857985311975
"A0A1B0GW15_LOC122394732",0.345813941928146,21.6644866868355,1.69690709295323,0.146617473137413,0.197061760148995,-6.59217865183695
"A0A6I8PU40_TUG1",0.174033256508594,15.6806041483581,1.51473975548651,0.177159629807643,0.231843796338082,-6.85670501378532
"A0AV96_RBM47",0.049634166429211,20.1328701125953,0.762283971520073,0.46931345798648,0.535891237053875,-7.73147719322319
"A0AVF1_TTC26",0.0888004220366483,17.7772778575617,1.13367114871827,0.292062660716625,0.357948533259854,-7.37679602620936
"A0AVI2_FER1L5",-0.0595121591565473,18.2450499539425,-0.508407617676614,0.635314128466101,0.689821450551486,-7.40758900505034
"A0AVK6_E2F8",-0.0195979460892346,15.5069368778196,-0.240385650374342,0.8165074946571,0.847136271226559,-8.01583335888999
"A0AVT1_UBA6",0.241283043222825,20.9807222709644,4.7760815894423,0.00169849739595821,0.00444249353289483,-2.13765460922954
"A0FGR8_ESYT2",-0.698347909847961,19.9488522586143,-11.9541933747376,0.00000394441359348026,0.000049223249959288,4.57259551093514
"A0JLT2_MED19",-0.0552669066503135,17.744620858388,-0.429047943270195,0.680013518157539,0.728681715850415,-7.94542904417094
"A0JNW5_BLTP3B",-0.0733088354425426,17.8406440013517,-0.909051897102956,0.391757699152187,0.458769678175756,-7.60450456400566
"A0MZ66_SHTN1",0.242163682855505,21.0355995102349,4.42430827414078,0.00262827360857702,0.00640110440820902,-2.61398834525367
"A0PJW6_TMEM223",0.983173860363802,18.4899781337314,4.3687671308099,0.00377915615588002,0.00867096884513527,-2.89711555283811
"A1A4S6_ARHGAP10",0.742078474750354,17.6894065999638,7.48599093815939,0.0001009866306053,0.000489238415531154,0.976338310173956
"A1L0T0_ILVBL",0.399220662452201,19.4274344510742,3.81835094128773,0.005828498058823,0.012417802867061,-3.47584483397027
"A1L188_NDUFAF8",-0.137937110945177,17.3741724273306,-1.93353181516894,0.0918854226925721,0.13090101610783,-6.33226575599557
"A1L390_PLEKHG3",0.581769181394662,21.1613322605768,8.71414143836908,0.0000361130068613722,0.00022422492260212,2.11765847474069
"A1X283_SH3PXD2B",-0.144469792026175,17.6654639111178,-1.59925459132511,0.151174623215935,0.20239996201028,-6.80294239957963
"A2RRP1_NBAS",-0.408459081159023,18.9371425597484,-7.26091567669194,0.000123717150761604,0.00056891937647688,0.751199207848874
"A2RTX5_TARS3",-0.144471074680943,17.2495172994686,-1.65030607112127,0.14023693180678,0.189625262812865,-6.73356480341547
"A2RU67_FAM234B",-0.273964690727816,17.583118224734,-3.63516695731143,0.00748177590108966,0.0153469221962481,-3.74463597958785
"A2RUC4_TYW5",0.253964274455988,17.9929803337073,3.12371217640979,0.0154578779921356,0.0282558567671673,-4.51645056146218
"A3KMH1_VWA8",-0.193939784412272,20.0515473502705,-2.68154327649717,0.0296855260479963,0.0492771957924617,-5.19777233674996
"A3KN83_SBNO1",-0.294281935127263,19.4416194246862,-4.17379460578473,0.00362697781813277,0.0083545709523676,-2.96387484957581
"A4D161_FAM221A",1.79613353863196,16.9059986419982,17.8648674871878,0.000000216378546108975,0.0000075771954381125,7.75555797797968
"A4D1E9_GTPBP10",-0.246186044087693,19.0988228545211,-3.35521880904582,0.0110821241745242,0.0214319963238187,-4.16405632683232
"A4D1P6_WDR91",-0.0131135722985078,17.800371456379,-0.194943593326956,0.850643263255384,0.876217857573192,-8.02696818548509
"A4D1S0_KLRG2",-0.57996760314761,15.7691462990405,-5.84502660008622,0.000850939940577729,0.00251875621700897,-1.15409081645716
"A4D1S5_RAB19",-0.422473074650075,16.1581539247348,-5.98865385713194,0.000430569067639946,0.00147584872846752,-0.62898975430138
"A4D1U4_DENND11",0.0810855577494074,16.7148963480785,0.631253636020939,0.546731991592445,0.608582398368526,-7.82853781020891
"A5A3E0_POTEF",0.826820116364431,23.9205561704419,1.5022436033022,0.190743998622835,0.246818450752855,-6.93237013737457
"A5D8V6_VPS37C",0.848999379995789,18.8244755889156,6.53615760135249,0.00027995887001087,0.00106149908539515,-0.115282837455768
"A5PLL7_PEDS1",0.224042348141896,17.1551546255411,1.10620244952071,0.304962719447654,0.371169864058455,-7.40492108522382
"A5PLN9_TRAPPC13",0.332775251556082,17.0298212659837,3.0086141339764,0.0182836729743138,0.0326373620800907,-4.69307311478141
"A5YKK6_CNOT1",0.101703763255259,20.6881152359822,2.21935895990685,0.0596301598718933,0.0902042553670684,-5.90682966027177
"A5YM69_ARHGEF35",-0.331174541501365,15.3113854529383,-3.97444041930886,0.00631691966391385,0.0132908688696345,-3.38590693974938
"A6ND36_FAM83G",0.354047289944486,18.6083134728195,4.16289016908555,0.00367896555139982,0.00846662994975705,-2.97930269281099
"A6NDB9_PALM3",0.997413493653784,17.9067862414342,8.28696102155275,0.0000509074191687536,0.000292669561751731,1.73648064145086
"A6NDG6_PGP",0.335295916521879,21.6306892581519,7.21763004895608,0.000128715404410623,0.000587288161935932,0.707286907269964
"A6NDU8_RIMOC1",0.533917390935617,20.0352402744895,10.2344205508041,0.000011830945409175,0.000101909593184807,3.35610547181406
"A6NED2_RCCD1",0.285643664163871,17.5684703258482,3.80630093555162,0.00591674625879779,0.0125460752841974,-3.49257454620231
"A6NFI3_ZNF316",0.163145083168136,17.6222497501993,1.87062051780537,0.101004125013405,0.142187187646114,-6.42350026337852
"A6NHL2_TUBAL3",0.654242904555058,18.665232030622,2.8529327555592,0.0263853408188488,0.0445871811304519,-5.00386737652389
"A6NHR9_SMCHD1",-0.211119591681186,19.593081662123,-3.69907194077153,0.00685061192554185,0.0142482237641978,-3.65010081013529
"A6NHX0_CASTOR2",0.672144395378485,17.0930113166966,6.46616485038083,0.000264011304125348,0.00101213204595635,-0.0884060336772485
"A6NIH7_UNC119B",0.478876373271557,19.555897729927,7.54698132800292,0.0000956606889854893,0.000468811340479144,1.03643935774818
"A6NJ78_METTL15",-0.222129146527212,17.652598036438,-2.32509022312358,0.0508017229243614,0.0786813933704018,-5.74612705757337
"A6NK58_LIPT2",0.112251616512392,16.970582803803,0.956014457710895,0.369027030431593,0.436995110300903,-7.56007687909043
"A6NKD9_CCDC85C",0.20590955295491,17.6739011635491,1.5541841911081,0.161478271980232,0.214078318855657,-6.86330167867741
"A6NKF1_SAC3D1",0.337612026687957,18.2996039660145,1.86769625446369,0.104345546113714,0.146133718236219,-6.43367760653473
"A6NNL5_C15orf61",0.433876045701005,17.1002885128199,4.2702257712555,0.00320052775852498,0.00752315765018256,-2.82815547441059
"A7E2V4_ZSWIM8",-0.250660393619565,18.1649504883812,-4.06147092264189,0.00420321038131634,0.0094612661024836,-3.12356918430138
"A7KAX9_ARHGAP32",0.789318056092682,17.3926419480448,6.75060114793192,0.000199739744412068,0.00082342574308845,0.220387191035604
"A8CG34_POM121C",-0.525159654664122,17.4790415575713,-4.07810500660688,0.00411193642079738,0.00929708335808112,-3.09981207129913
"A8MT69_CENPX",0.040488700864632,18.5639848397386,0.20118412455592,0.846527946830044,0.872806230661423,-8.02527554823274
"A8MTT3_CEBPZOS",0.344082073396429,16.5411498942186,3.43158943745217,0.00994516416195405,0.0195197934814157,-4.04883480465554
"A8MW92_PHF20L1",-0.0960321482835269,16.8399313014533,-0.774455385375818,0.46250833356942,0.52979493751943,-7.72165965579849
"A8MXV4_NUDT19",-0.242917441408391,19.5532564231164,-3.44175209215229,0.00980352085449965,0.0192825393378134,-4.03354530976177
"A9QM74_KPNA7",-1.2609948351442,22.4887607039081,-9.04724185389559,0.0000492003737644563,0.000285880857794083,1.91826780621625
"A9UHW6_MIF4GD",0.192845539964928,18.1820568352701,2.38547980821063,0.0463630643448196,0.0726638094800531,-5.65379516469734
"B0I1T2_MYO1G",0.32274957806812,21.2645370232388,3.23497590969531,0.0135919319353493,0.0254130369469683,-4.36542130853312
"B0YJ81_HACD1",0.166018005173971,15.4363489085767,1.65912532763801,0.153073805741244,0.204654485229021,-6.64076590354439
"B1AK53_ESPN",-2.54860936228653,17.2116131964276,-21.903451147631,0.000000265175585279518,0.00000839202786641507,7.82295112919576
"B2RTY4_MYO9A",0.172266628290931,16.3232855148118,1.85045163470202,0.104107746752254,0.145881267833022,-6.45252206436515
"B3KNS4_ERVK3-1",0.0683676065148831,16.5847691695238,0.518713437485407,0.62125571478306,0.676934789359012,-7.83682940359127
"C9J7I0_UMAD1",1.01641044696306,17.875388865171,10.0301176875274,0.0000136256687506344,0.000112648735344919,3.19945312318001
"C9JI98_TMEM238",-0.382958712067982,16.5777465310852,-4.37849693521781,0.00278577536363725,0.00670247699418003,-2.67731529118377
"C9JLW8_MCRIP1",0.801357971696621,19.182712735275,9.25130989935613,0.0000239139395069203,0.000165957503548938,2.5752427625188
"E7ERA6_RNF223",-1.09803546718977,17.3451806357059,-9.95697415485986,0.000105413844503075,0.000506172791218678,1.60672946293882
"E9PAV3_NACA",-0.223626452981176,23.8273735097111,-4.10302403086378,0.00397920416342334,0.00904267310038778,-3.06429210311008
"E9PRG8_C11orf98",-0.168508341285698,20.5648278737936,-1.6998361490602,0.130964048152998,0.178323048738221,-6.66592295754633
"L0R819_ASDURF",-1.13770752282488,18.171021653241,-14.9259939191978,0.000000799843407010403,0.0000169459859435129,6.32999749200678
"O00115_DNASE2",-0.544414861715985,19.7321395387806,-7.56258145594922,0.0000943494039911967,0.000463879487237907,1.05175092450401
"O00124_UBXN8",-0.329407635971615,15.7978156643322,-2.90307448456071,0.0213542941520164,0.0371332330407492,-4.85562088340013
"O00139_KIF2A",-0.337234676846034,20.1262044425707,-5.62501475479877,0.000636629576604203,0.00201171772316226,-1.06030313987401
"O00148_DDX39A",0.308175785290473,22.2759147651336,3.33997346324966,0.0116280139604879,0.022300220419433,-4.20302445529478
"O00151_PDLIM1",-0.464747427056718,20.3021631234109,-6.91274337924639,0.000171040861173455,0.00072840805715862,0.392197401333274
"O00154_ACOT7",-0.159912579167543,22.7694860729113,-3.49868684777174,0.00904886632976243,0.0180266310382852,-3.94808312899209
"O00159_MYO1C",-0.161691494052175,21.1939065675771,-2.88428528141003,0.0219554000374648,0.0380133787127151,-4.88460416597684
"O00160_MYO1F",-1.04634457961316,16.7170546023889,-2.1796668018119,0.128480273105961,0.175349175891609,-6.02730063565958
"O00161_SNAP23",0.452190388433596,19.8066537649078,6.13519828028164,0.000369494088001115,0.00130109502512072,-0.460044162753078
"O00165_HAX1",-0.161319051126885,19.4131827581114,-2.2668209887818,0.0554909808160537,0.0847859381452199,-5.83485913424662
"O00170_AIP",0.259307350365603,21.2161150242812,4.19767842071876,0.00351588031023495,0.00813562082131032,-2.93014056074918
"O00178_GTPBP1",-0.261159247216195,20.056420510704,-4.34589422786433,0.00290413317203094,0.00693962830866079,-2.72256348794297
"O00186_STXBP3",0.211519352345245,20.7001817312177,4.46500012194376,0.00249650854875229,0.00612135526170532,-2.55798706235113
"O00189_AP4M1",0.415944899721726,17.9431034126597,6.39480455119473,0.000283552734161249,0.00107405482870043,-0.16739461920711
"O00192_ARVCF",1.08392344125155,18.6307434759587,11.8312235329141,0.00000424585924259297,0.0000510173860966227,4.49116390913815
"O00193_SMAP",-0.255375240655333,20.2048192496074,-3.26182801639441,0.0126639316742348,0.023990501697193,-4.30568796735358
"O00194_RAB27B",0.987287087473121,19.7825771390986,10.8653208855786,0.00000776622164507889,0.0000761209817428738,3.8227181903043
"O00203_AP3B1",0.149815448029859,21.2920979886947,1.52463959784536,0.169520376631776,0.223151953039336,-6.90255216325611
"O00204_SULT2B1",-1.14553907523112,21.30104090482,-23.1643753696361,0.0000000321684660878644,0.00000259587228133973,9.79634293531236
"O00212_RHOD",-2.11615616195489,18.9599584620691,-27.1733870334158,0.00000000990737593209269,0.00000132202633928942,11.0247843924437
"O00214_LGALS8",0.0267066557822027,18.4906579152919,0.263613739263713,0.799215205739357,0.832354387487174,-8.0092576917528
"O00217_NDUFS8",-0.0814283236595692,21.4295242956004,-1.06585847476462,0.319779134509598,0.386560727444374,-7.44947872435244
"O00220_TNFRSF10A",-0.526186661418215,17.3599187364924,-3.51627862914582,0.00891249130360899,0.0178015779556854,-3.92768298185661
"O00221_NFKBIE",-0.000679016317384651,17.9468287598375,-0.00848117690898164,0.993455566600394,0.994501584569966,-8.04840095811133
"O00231_PSMD11",0.148373424397157,22.6188384961531,3.24430111491661,0.01298668039434,0.0244860414177863,-4.33235195543743
"O00232_PSMD12",0.00376085794514935,22.0713610778478,0.0844354596396292,0.934932826208138,0.944870990717393,-8.04440494687546
"O00233_PSMD9",0.372104212833609,22.2289021167189,6.12293625739068,0.000374216853136921,0.00131286595247206,-0.474075592571219
"O00244_ATOX1",0.488386208611665,21.3792768524761,3.25482233952874,0.0147868773702534,0.0272256086366853,-4.40140227154794
"O00255_MEN1",0.247688719335109,18.1828758190002,2.16020455300138,0.0652236475831514,0.0974638631664931,-5.9960891709731
"O00257_CBX4",0.2058932727974,18.5893952399867,3.29522902656067,0.0120722326503626,0.0230475405468518,-4.25494577087675
"O00258_GET1",0.33658852177896,18.5022289677414,3.56043194843532,0.00830019609286851,0.0167235209224789,-3.85578690718411
"O00264_PGRMC1",0.520035818998576,22.1583337269283,10.7345458876169,0.00000845888153428895,0.0000809177926076167,3.72805058414785
"O00267_SUPT5H",-0.209626663322148,20.1738372465725,-3.68895570751333,0.00694658526214581,0.0144241680327276,-3.66503386926906
"O00268_TAF4",-0.361773108245725,17.635246368804,-4.90619022330767,0.0014518358339157,0.00389237340597914,-1.96594957152821
"O00273_DFFA",-0.104785343853333,20.6112309088421,-1.16111228789846,0.281414859976097,0.34696732452232,-7.3464824810565
"O00287_RFXAP",0.0518092862857138,17.0123736457195,0.666807926875641,0.524985523129685,0.588509932044862,-7.80379377048176
"O00291_HIP1",-0.370711960385805,17.4474748789495,-3.69340015871844,0.00690424340969904,0.0143479987361123,-3.6584717052848
"O00299_CLIC1",0.503381670095557,23.8921834383226,11.0638623994585,0.00000683339789894635,0.0000694850593842058,3.96447187796604
"O00303_EIF3F",-0.272884742506044,22.5135570179015,-5.98448622016801,0.000432462816704431,0.00147918831666018,-0.63383476784647
"O00308_WWP2",0.0972049842132954,17.9385432344232,1.21746346105285,0.260550167982089,0.324450651223276,-7.28267604414562
"O00311_CDC7",0.207120381285307,16.7205735063384,2.32888027510788,0.0505109228253998,0.0782978041098415,-5.74034271592479
"O00327_BMAL1",-0.28496298454974,16.7801794635941,-2.81787985474207,0.0242254339289172,0.041397135579273,-4.98711595416503
"O00330_PDHX",-0.133532188815138,19.4909203744514,-2.53942941951511,0.0367467419444684,0.0593031443304958,-5.417154486431
"O00391_QSOX1",0.184270923529024,17.6102563668566,1.12731935068289,0.295629509071229,0.361620785782529,-7.38283323013988
"O00399_DCTN6",-0.0277428557018879,17.8574151205082,-0.34926644736509,0.736546319847682,0.77894484270877,-7.9798972295655
"O00400_SLC33A1",0.699301854195433,19.1880019182977,7.77691464633323,0.0000782285437622865,0.000406981055989023,1.25963920242145
"O00401_WASL",-0.0431014814436317,19.6365095134735,-0.496250227398876,0.634012019619546,0.68886123287895,-7.91119239459988
"O00410_IPO5",-0.344147693621018,21.9567080311381,-6.60435225521339,0.000230291022423439,0.000916584781032276,0.0628100368682674
"O00411_POLRMT",-0.789509626146778,18.2008483662983,-12.3968671485846,0.00000304286099287118,0.0000417879085658907,4.85935393549161
"O00418_EEF2K",0.3312562443293,18.2531799897362,4.3975439519399,0.00271907274792313,0.00658010414276276,-2.65094983045969
"O00422_SAP18",0.0187304572880862,22.0426697674511,0.342951437333763,0.741101743154056,0.782891647004132,-7.98233435814476
"O00423_EML1",-0.177417765588929,15.6219360048767,-1.99124662447572,0.0901783255589521,0.128976371606128,-6.2064067216852
"O00429_DNM1L",-0.59180894710417,21.1593961210744,-13.5960068645619,0.00000156903495582005,0.0000269392322211451,5.58973891924118
"O00442_RTCA",-0.163305468049771,19.0071312784402,-2.71703051588595,0.0281515599162004,0.0471112793669132,-5.14293541459041
"O00443_PIK3C2A",0.206938302071283,19.4183503073697,3.00327882046469,0.018427195572208,0.0328390931401626,-4.70127834407162
"O00458_IFRD1",-0.486629262146032,17.3953843370597,-2.51522271002022,0.0398693585461546,0.0635603313984599,-5.47431413450833
"O00459_PIK3R2",-0.217507299919205,17.3592994206516,-2.29162438645019,0.0534438625540052,0.0821034172057693,-5.79713572478057
"O00461_GOLIM4",-0.0942211071990116,18.1016560991249,-1.46644418269429,0.183390106225735,0.238928596771658,-6.97821721213173
"O00462_MANBA",0.880391241298877,17.6621157322176,8.86115865390424,0.0000321928594228272,0.000206631973645589,2.24522737554277
"O00463_TRAF5",-0.460145002638686,15.824945275853,-2.40320548995545,0.0571825229726296,0.0870731270730371,-5.24702175296069
"O00468_AGRN",-0.076095017018698,18.0675294946502,-1.14802369385696,0.286453235744592,0.352276020935465,-7.36100437289462
"O00469_PLOD2",-2.13821623240985,19.5944692048093,-33.8892239344363,0.00000000193164859525726,0.000000599453376460434,12.6706840603876
"O00471_EXOC5",0.548998127878246,18.6334016528365,7.57676366741178,0.0000931747382001562,0.000460784823634843,1.06564931404147
"O00479_HMGN4",0.831575220705322,18.2584508212435,7.3764028771815,0.000111410783314502,0.000526329452105655,0.867382877170733
"O00483_NDUFA4",0.298403976457646,22.8808101491221,5.1793948832136,0.00105248717672069,0.00297260210402435,-1.613232105097
"O00487_PSMD14",0.290890152889773,22.9415929534966,6.98635068467625,0.000159556287089074,0.000689929004888855,0.469209828001404
"O00488_ZNF593",-0.560157963057286,19.5157636863707,-2.88590181851906,0.0250454887838835,0.0425879695260938,-4.95218434298678
"O00505_KPNA3",-0.486067478558013,20.941804756291,-8.19290728640319,0.0000550132490738221,0.000309261472620466,1.65037822160817
"O00506_STK25",0.0159100867533155,17.8864892644056,0.184831439701173,0.858288749593373,0.882181652622594,-8.02913320708257
"O00515_LAD1",-0.446714234323082,21.3125055184682,-4.66546694759395,0.00205277439389092,0.00519407918826824,-2.32503708591674
"O00519_FAAH",0.0330825128265104,18.6460733745848,0.518483210581149,0.619149649485365,0.675064827119508,-7.89883921844187
"O00522_KRIT1",0.214638343345531,16.7976161274194,2.59508603173096,0.0337951521312331,0.0551719096609055,-5.33130156366335
"O00541_PES1",-0.00903755821909513,20.6424126187589,-0.104395040169536,0.919608859869157,0.932854759691226,-8.04227244634603
"O00559_EBAG9",0.535224262164025,17.8494114986607,3.31814998090459,0.0123472156062297,0.0235135007263352,-4.25328058064014
"O00560_SDCBP",0.995035891439617,18.0008643066926,14.1386083832515,0.00000118343179763874,0.0000222801540911887,5.89997912283394
"O00566_MPHOSPH10",-0.852923099202062,18.9989860869391,-10.1903365501968,0.0000121944763238411,0.000104214816763074,3.32254101340779
"O00567_NOP56",-0.0605626873827632,20.2064356618943,-0.389378454685116,0.708887845221635,0.753781763002342,-7.96254043219975
"O00571_DDX3X",-0.141048650872197,22.8985493508342,-1.92490392443824,0.0930871809840573,0.132340392255092,-6.34483893187657
"O00584_RNASET2",-0.235372384732109,18.7960265374387,-3.34447699372894,0.011252850741754,0.021701111242845,-4.18030709571445
"O00592_PODXL",1.20777997391037,18.6562853585488,10.4223539123846,0.000010795492921294,0.0000962608665408698,3.46612454679098
"O00625_PIR",0.284550580112871,20.4200519772006,3.95195264398519,0.00486188076761265,0.0106477008691223,-3.28090678975274
"O00628_PEX7",0.771899646782686,16.3838972562144,8.85219808071581,0.0000324176168824512,0.000207549153205323,2.23750355508178
"O00629_KPNA4",0.435081155362155,20.4349036891651,6.71338933113761,0.000207060142816401,0.00084626515113463,0.180530004790775
"O00712_NFIB",0.583435826563154,17.3613183990876,4.80317210887238,0.0016435707614957,0.00432710253095754,-2.10170392274678
"O00716_E2F3",-0.242163492148352,15.4981174811269,-1.38732242112025,0.221012079104454,0.280309800511669,-6.73271504484107
"O00743_PPP6C",-0.12300149113026,21.187086621381,-1.84783223182027,0.104517478082234,0.146320621809952,-6.45628274394116
"O00746_NME4",0.207014067261079,15.2431141282849,3.43651237539608,0.0123510999493917,0.0235150103166641,-4.1540034489291
"O00748_CES2",0.299686966826645,15.5169570156389,4.81942452350376,0.00161155670992121,0.0042531229478351,-2.08018633151236
"O00750_PIK3C2B",0.241604083342757,17.5497100743621,3.49207510908145,0.00913322265653865,0.0181566365723034,-3.95799045650872
"O00754_MAN2B1",0.0157103643755896,18.447050908876,0.16217461451091,0.875476231205574,0.896697039395313,-8.03356896595154
"O00757_FBP2",1.56857873894845,23.1513462449159,19.7428551634812,0.000000104119419661979,0.00000501222978448744,8.54503017880098
"O00762_UBE2C",-0.240682445902429,21.4800463115579,-3.99803556147922,0.00457200742676811,0.0101236356588059,-3.21450879674417
"O00763_ACACB",1.12850181865947,17.7441223549823,1.21271048786614,0.306249063864361,0.372335418758364,-7.1175911714235
"O00764_PDXK",-0.0528891847330151,21.8401483828705,-1.2148572360301,0.261485901608078,0.325402776117645,-7.28567210723324
"O00767_SCD",1.99347342153009,22.2878200643352,21.2190367871996,0.0000000801974735607479,0.00000442548897951553,8.86409223282241
"O14497_ARID1A",-0.0260177782629647,19.0325019796502,-0.353713537975691,0.733345056463154,0.775775034695236,-7.97815516014392
"O14521_SDHD",-0.717073239860753,18.6564871777496,-3.28040007044892,0.0146760393252574,0.0270346222106824,-4.38016266135936
"O14523_C2CD2L",0.658471841055992,17.4476578170071,7.1327914428564,0.00013918012274091,0.000623074757838352,0.620634186385759
"O14524_NEMP1",0.26851514315107,17.1024734257507,3.30181555208923,0.0119590617676593,0.0228601718534348,-4.24495096220737
"O14529_CUX2",-0.947579031302904,17.2883447616502,-6.37435701907379,0.00101220258374633,0.00288669398274261,-0.987325655407962
"O14530_TXNDC9",-0.338386937323918,19.9771625225642,-6.38576829581097,0.000286140099966223,0.00108170059659199,-0.177441041620805
"O14545_TRAFD1",0.111351027386366,18.2240080354207,1.23586573082192,0.254022616910722,0.317100939475291,-7.26139977687967
"O14548_COX7A2L",-1.63939988704148,19.92436786848,-17.7156162948225,0.000000230050224572514,0.00000782501614653325,7.68913678311433
"O14561_NDUFAB1",-0.156038757048158,20.70621848827,-1.77401373630938,0.116718712883244,0.161235475879032,-6.56141997487633
"O14562_UBFD1",0.253952962456324,20.6096317376724,2.42170509958376,0.0446508814320171,0.0702554001183124,-5.60539272385117
"O14569_CYB561D2",-0.443593712184807,16.3280718733768,-4.20161850087092,0.00482240922697061,0.0105764834430042,-3.08822557800463
"O14578_CIT",-0.0872723374682565,18.4558109579468,-0.96782825526024,0.363467877685694,0.431689050230697,-7.54862458871056
"O14579_COPE",-0.0124653997131574,21.7096310324921,-0.238589410764501,0.817849380270132,0.848412764093647,-8.01631701515707
"O14593_RFXANK",-0.27053657679599,16.1071475943422,-2.73225692973283,0.0275187906749854,0.0461742602854487,-5.11940546444269
"O14617_AP3D1",0.120333078922723,21.0415675187785,2.11863376328614,0.0694638560543441,0.102970588413436,-6.05848691374448
"O14618_CCS",0.513994176036714,20.3292909896257,8.66511712311869,0.0000375372398336967,0.000231931962774246,2.07471606553
"O14628_ZNF195",-0.370043380075174,16.2817734976322,-3.22653993121826,0.0133226676471277,0.0249956117720901,-4.35939786425445
"O14639_ABLIM1",-1.11631351731755,16.7663708684231,-9.68656355953063,0.0000173786638788715,0.000134331420185667,2.92952927412759
"O14641_DVL2",-0.434541842127544,17.9728463610038,-5.54772510598294,0.000693317111244101,0.002143799772156,-1.15425039296037
"O14646_CHD1",-0.728463938075119,17.7845135554589,-7.68777780988228,0.0000845251886278026,0.000430512731767374,1.17374005241508
"O14647_CHD2",0.179604251773455,18.2909803674108,2.68614405390762,0.0294818662423841,0.0490074180269918,-5.19066340903286
"O14653_GOSR2",-0.621212529426977,19.5405163976406,-8.73410150994369,0.0000355505956927708,0.000221425281627775,2.13508414160576
"O14656_TOR1A",0.367821993175422,19.7774832359808,5.40840975496202,0.000810155785824341,0.00241933447466821,-1.32564792025423
"O14657_TOR1B",0.288778051100337,18.2597804010056,4.09629196822611,0.00401459784010793,0.00910949617298954,-3.07387981139283
"O14662_STX16",0.00625410833552564,20.1408474520981,0.118355085020997,0.908912095225209,0.924099103900941,-8.04051383394134
"O14672_ADAM10",0.590869585845219,19.4419274092072,8.51695292780915,0.0000422397387300564,0.000254173617706336,1.94368395381436
"O14681_EI24",0.358281455015593,18.8887125330368,5.47997662060615,0.000747624910957837,0.00226718739338655,-1.23726823633813
"O14683_TP53I11",0.311206615032837,18.3002469778878,4.41528688712322,0.0026585035641374,0.00645200322553575,-2.62643556172975
"O14686_KMT2D",0.045448933652402,17.8205520289561,0.660253595686107,0.528953823457985,0.591998643499328,-7.80844608757585
"O14713_ITGB1BP1",0.330351885195238,16.5161930145928,1.65260116840742,0.142101137391572,0.191805013487186,-6.73213281044641
"O14727_APAF1",0.92414673072944,17.168932459736,8.32503191167409,0.0000493441084944115,0.000286060433847937,1.77110489676723
"O14730_RIOK3",0.0871874321661466,17.5121530681667,0.882784956016129,0.404912715519978,0.472211915707598,-7.62857270543076
"O14732_IMPA2",0.27580484404238,18.4635441459133,3.57411357863537,0.0081434646130674,0.0164688093185298,-3.83539185519792
"O14733_MAP2K7",-0.111104607462156,19.2016497496338,-1.45482623629843,0.186483849795421,0.24229521037649,-6.99316182323948
"O14734_ACOT8",0.858594788986693,19.5051091626597,9.06312825879529,0.0000275633937237588,0.000184224229053523,2.41758366686383
"O14735_CDIPT",0.809755756236473,18.0389993884422,4.9276910538267,0.0016219637750798,0.00427613742573897,-2.03944836264953
"O14737_PDCD5",-0.240507510627449,21.9171807681971,-4.14368957191832,0.00377248645802387,0.0086586696312187,-3.00650771634974
"O14744_PRMT5",-0.371231319269214,22.5576226601552,-9.41070250194078,0.0000212442592737097,0.000155408446842338,2.70663440075038
"O14745_SLC9A3R1",-0.910192840143598,24.2797937405124,-15.7928705273521,0.00000053113700365906,0.000013288908058654,6.77810433868588
"O14753_OVOL1",-0.180027455064865,15.3541443125779,-1.47215953569725,0.196181344353909,0.252993439327879,-6.49236363770536
"O14757_CHEK1",0.254698152585021,18.2020345093949,2.58860560818124,0.0341259056979391,0.0556163785597867,-5.34130337431321
"O14763_TNFRSF10B",-0.0418910825515084,16.6235972409769,-0.270139936150475,0.794382758535692,0.828475971674547,-8.0072997710802
"O14772_FPGT",0.445195500255775,17.0064458132645,4.19365234064231,0.00353434548860006,0.0081627200364101,-2.93582162849312
"O14773_TPP1",0.240632580999876,19.5636287458944,2.79039658453835,0.025235353339025,0.0428820593155997,-5.02956940615214
"O14776_TCERG1",-0.510137177212929,21.4184752859605,-9.18748342601994,0.0000250871158648205,0.000171439895119339,2.52208014127889
"O14777_NDC80",0.167280815435397,18.1916937907057,1.79198627023787,0.113628895570156,0.157453339352634,-6.53597703949926
"O14786_NRP1",0.886769993952932,17.081534425957,9.05913285433354,0.0000276473876144005,0.00018462338032935,2.41420597808113
"O14787_TNPO2",0.130255848284538,20.3762662086244,1.84143472734761,0.10552469379601,0.147513475650147,-6.46545932169385
"O14795_UNC13B",0.299556099415398,16.1211980781581,3.56156894413211,0.00828704862986074,0.0167103106783459,-3.85409121327184
"O14802_POLR3A",-0.730376313378336,18.9348767376881,-13.6952683859092,0.00000148897705472954,0.0000261551027211845,5.64738467876719
"O14817_TSPAN4",-0.698728215810771,17.0841185097361,-5.86539956947704,0.000490684562494955,0.0016304704160492,-0.773229735632282
"O14818_PSMA7",0.104886614820824,23.651831832206,2.43490625005553,0.0430240502484161,0.0680193153584396,-5.57799068516758
"O14828_SCAMP3",-0.260458604818833,21.0148276976372,-4.04984374348071,0.00426831557489908,0.0095681721964876,-3.14019742538519
"O14832_PHYH",0.212168528438418,16.7810356238114,0.998810158439679,0.355790994512695,0.423640886890893,-7.42041127740767
"O14841_OPLAH",0.660288188613496,18.5384723552905,5.26287628412874,0.00101313168891117,0.00288717857844074,-1.55189807871389
"O14867_BACH1",0.0890296694411017,15.3049705131317,0.918724669232444,0.397034065023176,0.464590938240965,-7.24302090118325
"O14874_BCKDK",0.150390603638233,18.630623334886,1.33986313880619,0.21968311286375,0.278856768431522,-7.1373223833412
"O14880_MGST3",-0.0383821528998247,18.9956754599643,-0.379865551302982,0.714634816591827,0.75893778483628,-7.96748036640605
"O14893_GEMIN2",0.646692210850684,18.3828926367882,7.91607601539753,0.0000694211342941814,0.00037236752287838,1.39218917998653
"O14896_IRF6",0.0294743274164517,16.8920503388065,0.309265904322294,0.765583395462721,0.803508666467428,-7.99460462637037
"O14907_TAX1BP3",-0.613863771496277,21.0328759044358,-4.56567607851934,0.0026373874456001,0.00641545340936818,-2.55107471436482
"O14908_GIPC1",-0.135281659819707,19.8213752136192,-1.56060395753066,0.159972393408294,0.212458534007943,-6.85475715772324
"O14910_LIN7A",0.84681821149502,19.192200349069,15.6911788899484,0.000000556645839604484,0.0000136575750194571,6.72683104416052
"O14920_IKBKB",0.291937001051437,17.6350552753043,3.88602502845236,0.00531173272107893,0.0114612876812841,-3.37637958081164
"O14924_RGS12",0.185526599825607,15.9802066089815,1.58760648228061,0.168358007678591,0.222006069071318,-6.73323040212401
"O14925_TIMM23",0.373225362635313,19.9834788585393,1.62960735697063,0.152190763976876,0.203617053792106,-6.76629294862555
"O14929_HAT1",0.481515779454586,21.8452747573923,7.66661364608976,0.0000861023150733995,0.000435145653454004,1.15322868908245
"O14933_UBE2L6",-1.05487928398935,17.5180485825801,-6.48732153786899,0.000286444375064412,0.00108231292436161,-0.148074851044346
"O14936_CASK",0.0533834089200624,19.2965712595959,1.00327770250204,0.347168245770452,0.415593379987256,-7.51360913337767
"O14939_PLD2",0.0418536175302613,15.8882837248703,0.522525903375319,0.616467052562842,0.672815095679865,-7.89653883501891
"O14949_UQCRQ",-0.760794061416771,21.3001504508038,-9.79638370996583,0.0000160653751892256,0.000127152178656868,3.0167191907783
"O14957_UQCR11",-0.371479093619854,16.7989321485447,-2.1342457236196,0.0687058388416967,0.102125583394556,-6.03917991299163
"O14964_HGS",-0.146595910414916,20.0866278497733,-3.19250100448474,0.0139926210161011,0.0260214854397225,-4.41130019648689
"O14965_AURKA",-0.547464605989681,19.1451084921416,-6.98233711042062,0.000160159826131131,0.000691752207582841,0.465026229078708
"O14966_RAB29",-0.221041365028274,17.8267617959386,-1.79837162318197,0.112549971092205,0.156214430680166,-6.52691298397643
"O14967_CLGN",-1.2058146139928,19.1270946863107,-3.01733241812247,0.0329303667730256,0.0539221463241405,-4.97507406041156
"O14972_VPS26C",-0.00755717522267574,17.4259551030035,-0.0610734834124709,0.952905686977562,0.960355194799436,-8.04632925060089
"O14974_PPP1R12A",0.428335043653174,20.6409599649967,7.51329957739836,0.0000985619646550933,0.000479937454011933,1.00329589360416
"O14975_SLC27A2",3.42681564326386,19.4287677366687,31.9498883808597,0.00000000326741056921957,0.000000708750227124753,12.1555943915376
"O14976_GAK",0.43333180915117,20.186292277435,8.46654583768545,0.000043987569570881,0.000260974613226303,1.89867172287164
"O14979_HNRNPDL",0.287265587402761,23.2699000343936,4.06448846801852,0.00418649065540085,0.0094320047171146,-3.11925670461489
"O14980_XPO1",-0.187286064167047,22.326451159446,-3.92304147719407,0.00505386217689735,0.0110047740387865,-3.32270504855905
"O14981_BTAF1",-0.242830311329428,18.8422989616618,-4.0397714696539,0.00432559929252898,0.0096624106369972,-3.1546166155513
"O15013_ARHGEF10",-0.369529514770807,17.5673488373029,-4.6918825477844,0.00188248657383872,0.00482581492437387,-2.25006099143164
"O15014_ZNF609",-0.081980953844571,18.3975813668872,-1.13916325412693,0.28990569558923,0.355591472448263,-7.37076972703729
"O15020_SPTBN2",-1.4192009672059,19.7813506823429,-28.4637386476314,0.00000000703084879600889,0.00000118836968760986,11.3764398491921
"O15027_SEC16A",-0.131718019397997,20.8289481221396,-2.23575206381793,0.0581666634576384,0.0883594252564006,-5.88200487970705
"O15031_PLXNB2",-0.449160121099037,18.3050380945885,-5.49397727956193,0.000736027115898888,0.00224287750141304,-1.22006067309406
"O15033_AREL1",0.262499911357034,15.8853298959201,3.428977354481,0.00998192258062252,0.01957269996087,-4.05276629724316
"O15037_KHNYN",0.72771241181572,16.7834780877352,7.2153311185189,0.000128987108443932,0.000588175028072269,0.704949070426744
"O15040_TECPR2",0.765443493011006,18.0677119003924,7.67989997865113,0.000085108425001932,0.000431556453709796,1.1661104354657
"O15042_U2SURP",-0.250593897804475,23.0757342293442,-5.47967171918178,0.000747879722588332,0.00226718739338655,-1.23764327516769
"O15047_SETD1A",0.0895000302338929,18.0255394220056,0.824914277642497,0.435013344871042,0.503455797487698,-7.67956042739295
"O15049_N4BP3",-1.01896053464548,18.0915615829204,-12.5733339450769,0.00000275030496724163,0.0000388965375926188,4.97097416938899
"O15056_SYNJ2",0.727656842864009,16.0257901675939,8.0227643009376,0.0000634192641870737,0.000345782740793464,1.49254680679725
"O15066_KIF3B",-0.170854209618309,17.8670560074972,-2.17448230586886,0.0638274709527344,0.0957537956738655,-5.97459338409979
"O15067_PFAS",-1.103141411392,21.1508193682283,-26.7963829532174,0.000000010984779816279,0.00000139250392137696,10.9183570921121
"O15075_DCLK1",2.54793152025358,17.3716222315856,28.8850303929964,0.00000000630683267633443,0.00000109022203036817,11.4872181851653
"O15084_ANKRD28",0.495018965277541,18.9599012543293,7.73610009844572,0.0000810440559212428,0.000418196125737431,1.22040472950697
"O15085_ARHGEF11",0.509574045335306,16.9869360823147,5.90946027767183,0.000468185889174937,0.00157567339516131,-0.721439856991166
"O15091_PRORP",0.370591571022835,20.3705589753483,4.06155678132823,0.00420273365183057,0.0094612661024836,-3.12344646373389
"O15111_CHUK",-0.254055675907523,18.1022859357328,-4.14445829457556,0.00376869294479083,0.00865740819633918,-3.00541755664521
"O15116_LSM1",0.533761230708983,20.2572144791395,6.03187789648711,0.000411462172332507,0.00142124490588603,-0.578872433316591
"O15118_NPC1",0.0736826542194855,18.5467795771652,0.761461070315042,0.469775959987331,0.536101418104072,-7.73213615560384
"O15120_AGPAT2",0.542853815154871,17.966262613759,5.18441865516915,0.00104638224113625,0.00296085689214372,-1.60684494688468
"O15121_DEGS1",0.0452471155175225,17.5764846838107,0.251621364516112,0.808429561764311,0.839901003521288,-8.01254236943961
"O15126_SCAMP1",-0.389035336331197,20.7017292598688,-7.09794419860467,0.000143751166332538,0.000637783348882504,0.584815054727033
"O15127_SCAMP2",0.354294663337051,19.6589104368193,6.64419918028981,0.000221480361055807,0.000888960224902621,0.105991989700279
"O15131_KPNA5",0.040963518859666,16.2706141426322,0.531600491386666,0.610468053247169,0.667608916318903,-7.89131478521307
"O15143_ARPC1B",-0.0734745753090245,21.9965922976905,-1.50979384435584,0.172249054832724,0.22623490089064,-6.92188409182814
"O15144_ARPC2",0.316452416933785,22.5118427880355,7.81629829452035,0.0000756151960879207,0.000396845606458905,1.29734298168588
"O15145_ARPC3",0.207942599111263,22.585228585208,4.90383531551702,0.00145593363851878,0.0038992363572443,-1.96903589889555
"O15151_MDM4",-0.258768015618099,15.9253105883109,-2.84146249673018,0.0233924432062684,0.0401450638598551,-4.95069873095478
"O15155_BET1",1.06310718287595,17.2204385719436,8.94318566365541,0.0000302147753244523,0.000197268420540563,2.31562660072244
"O15156_ZBTB7B",-0.083893416337812,16.6286196106568,-0.871878710609164,0.410467912272196,0.477957584314502,-7.63839807143315
"O15160_POLR1C",-0.333671637399011,20.957134098964,-5.52388020119912,0.000711917002553619,0.00218076549392784,-1.18339810811353
"O15162_PLSCR1",-0.914707009769728,18.3155495674704,-5.33988875001064,0.00105884377982782,0.00298612005538389,-1.55643311708417
"O15164_TRIM24",0.396174192481364,20.2178519375263,7.44078892260676,0.000105148043633248,0.000505534778681721,0.931548392473484
"O15169_AXIN1",-0.311306830177884,15.6579290697086,-2.50592026868722,0.043407988000611,0.0685550574610979,-5.46015216652495
"O15173_PGRMC2",0.617411562797034,20.9967484811181,10.4641447189181,0.0000101233749281211,0.0000923242082773251,3.52894158138534
"O15182_CETN3",0.150395575490812,16.3270676994181,1.10941695451035,0.301744528591093,0.367799500715361,-7.40316201098865
"O15194_CTDSPL",-0.391811753012197,15.3115438781174,-3.30238646026934,0.0266076487226537,0.0448631736166047,-4.55625458971856
"O15211_RGL2",0.223890451762873,18.2267815088197,3.25010373845857,0.0128788714038418,0.0243189413847122,-4.32352152262665
"O15212_PFDN6",0.0584670858429241,21.9864973943157,0.941878172510781,0.375762910520375,0.442823457018806,-7.57363587496479
"O15213_WDR46",-0.866144471229095,18.6976230157469,-6.72800573878008,0.00022730309752335,0.000908018571303888,0.10862271516317
"O15226_NKRF",-0.0658657506546803,20.0447664204105,-1.22700132089767,0.257149594743832,0.320583481006652,-7.27167504203395
"O15228_GNPAT",-0.00679116869511276,17.1551421144741,-0.053312466425402,0.958883383461176,0.965611944208355,-8.04683192939937
"O15230_LAMA5",0.121065115885489,17.7611904969874,1.64989294844274,0.140322420510326,0.189707133025514,-6.73413034790028
"O15231_ZNF185",1.58624216674043,17.8294985536412,13.7646518297176,0.00000143575595304033,0.0000255148592963194,5.68743809241919
"O15234_CASC3",-0.147259324633822,17.6892676532332,-1.40609899804629,0.199971972799939,0.257314637982801,-7.05510836927686
"O15235_MRPS12",-0.1825710739611,20.156228688646,-1.3766040556288,0.210774222976687,0.269074981530829,-7.09128300089964
"O15239_NDUFA1",-0.222494261753731,17.5121992469924,-1.99999891951828,0.0831195425341526,0.120191490592161,-6.23480255237232
"O15240_VGF",1.11588597462379,17.1841393298608,3.30771697667439,0.0190453626995952,0.0337509386517057,-4.45456067428877
"O15247_CLIC2",0.329109752791757,15.4170101444062,1.41798194742401,0.20941584367616,0.267610367439662,-6.97780523700068
"O15254_ACOX3",1.12531487178402,19.0591014574646,14.0075463303148,0.00000126567572802785,0.0000233490936550636,5.82612117317574
"O15258_RER1",0.782494157865433,20.1691506759095,5.44038891179858,0.000986996922414402,0.00282518271702366,-1.46563360227145
"O15260_SURF4",0.133133721034888,20.5956284792677,1.40548724467254,0.200375977008287,0.257683257397534,-7.05582369313427
"O15264_MAPK13",0.434223229191897,18.38664002518,5.58721379078034,0.000663685940224771,0.00207054768718195,-1.10614992505425
"O15265_ATXN7",0.168417973394,16.7935537194403,1.8467041034576,0.104694417674838,0.146541358269197,-6.45790179054702
"O15269_SPTLC1",-0.232634010993191,20.2512703818924,-2.47780586312551,0.0403247551175066,0.0642055866493103,-5.51205441928294
"O15270_SPTLC2",-0.0885704745830225,20.7160348109682,-1.39987162913736,0.201756585472518,0.259216315727022,-7.06293766884416
"O15287_FANCG",-0.169401697641835,16.8876708012291,-1.36973864491583,0.210591433741767,0.268931908166535,-7.10053295207919
"O15294_OGT",-0.0525173376031347,20.4990411157046,-1.01741034310576,0.340828989219809,0.408822786943048,-7.49938161088413
"O15297_PPM1D",-0.239685825709785,18.3226356032559,-3.91624219401783,0.00510019398676559,0.0110834501323826,-3.33255087368087
"O15304_SIVA1",0.832962401971201,16.7181925247892,10.2304880703951,0.000011862873398209,0.000102069021568753,3.3531166374446
"O15305_PMM2",0.114444451269254,21.7424336711155,2.30151998611462,0.0526484976719798,0.0810944660374804,-5.782065632613
"O15315_RAD51B",0.12888460399936,15.5672423231434,1.5544462190267,0.161416555883487,0.214077475858727,-6.86295327819137
"O15321_TM9SF1",0.427974589848134,20.34671287867,5.91623811073293,0.000464827641936934,0.00156575688422158,-0.713495559591487
"O15327_INPP4B",1.34254650229141,20.6669403599627,27.9299081130983,0.00000000808739374923514,0.000001245924731569,11.2332639266983
"O15347_HMGB3",1.9748053965419,23.8017690717484,16.5192246835769,0.000000692372766215703,0.0000152201943925914,6.59673989830689
"O15355_PPM1G",-0.606312236044481,21.6721403485948,-7.72284059406297,0.0000819830162519219,0.000421041743154705,1.20762313954835
"O15357_INPPL1",0.239758878708326,20.2635564272202,4.61240281450222,0.00207638040678508,0.00524682703455392,-2.35709626201703
"O15360_FANCA",-0.0422565722703681,18.1191737180869,-0.620828052703822,0.553210167070151,0.614265186968696,-7.83556290019467
"O15370_SOX12",-0.121142473348943,15.0947938296718,-1.98912264325175,0.0904523321607458,0.129295327647929,-6.24445093491578
"O15371_EIF3D",-0.37672805826201,21.9581633129797,-7.26628667436482,0.000123112228096195,0.000567754339806781,0.756633979556511
"O15372_EIF3H",-0.29197797501757,21.7590587745125,-5.52313650567525,0.000712505924423642,0.00218169084588012,-1.18430843809826
"O15379_HDAC3",-0.0825421432227813,18.3378370196347,-1.01005949797259,0.344114973574694,0.412374112022864,-7.50680065688408
"O15381_NVL",0.698350968798451,18.8090639485059,12.7039316977415,0.00000255419567912547,0.0000368534612079323,5.05262558044931
"O15382_BCAT2",0.118948872347186,19.9367773973452,2.09919360157786,0.0715393958319586,0.105738174251434,-6.08756457550249
"O15392_BIRC5",-0.283758495714608,17.2280650094895,-2.98475421273475,0.0189347824882788,0.0335706190223423,-4.72977837762971
"O15394_NCAM2",0.819662857367014,19.354344117469,11.8655536818855,0.00000415916683577372,0.0000506153967246318,4.51397709805151
"O15397_IPO8",-0.360631653526191,18.7830343486365,-5.51265782081965,0.00072086140881327,0.00220461273640279,-1.1971430270201
"O15400_STX7",0.299821701764898,20.6687006281144,6.17365836645723,0.000355105541764756,0.00126542944486778,-0.416157657723825
"O15417_TNRC18",0.0784898409163013,15.3741426070504,0.936054845313118,0.388797495642683,0.455794351396154,-7.47559195612481
"O15427_SLC16A3",-0.103091154910945,16.3557129295927,-1.04209460311976,0.341321649828713,0.409349175117816,-7.37220616686176
"O15431_SLC31A1",-0.195421749916164,17.4336307481719,-1.50851194426608,0.172569549927855,0.226616712146281,-6.92356257462971
"O15438_ABCC3",0.5162063490382,16.4282126359861,4.02252644175919,0.00442562228590495,0.009859778297186,-3.17933560104267
"O15439_ABCC4",0.0589695564923787,16.9636880542663,0.808195643924365,0.443994872724608,0.511128349015191,-7.6937565336782
"O15440_ABCC5",1.70888880444655,18.0062698567705,19.550779913719,0.000000111854701603836,0.00000518760280730959,8.46799583793213
"O15446_POLR1G",-0.663997821996169,20.3257875840441,-9.35385257492208,0.0000221559878766035,0.000159317444004607,2.65999402294255
"O15460_P4HA2",-1.47230114769179,18.9757858058251,-18.8967838614896,0.000000143510040497938,0.00000589538577012951,8.19956981707718
"O15498_YKT6",-0.048259351599814,20.5113591515511,-0.898937480699667,0.396785677790837,0.464371728770135,-7.61383954572397
"O15504_NUP42",0.898077395269617,17.017543891655,9.13874218393348,0.0000260266246575873,0.00017659099656165,2.48126799857042
"O15511_ARPC5",0.679516298661024,21.7911928749893,5.96880107587838,0.000545191294025521,0.0017740354177756,-0.822179777595712
"O15514_POLR2D",-0.299948099516655,18.1362367335406,-4.11370900338102,0.0039237221854499,0.00893260429288596,-3.04908733110806
"O15516_CLOCK",0.0553184376828977,16.028386931677,0.394638113003509,0.704210538708418,0.749856552907214,-7.9610792705762
"O15525_MAFG",0.126405861588939,16.1066899767666,1.4404119523331,0.190386972554091,0.246524227655161,-7.01161113399636
"O15530_PDPK1",0.245063511064558,17.5755577796404,1.96342996134019,0.0878363533821629,0.126196317307278,-6.28855398609573
"O15533_TAPBP",-1.47844998996324,19.7791183884876,-10.9929206597369,0.000010870572478294,0.0000967035956373152,3.54623031842102
"O15541_RNF113A",0.65531687365133,19.3437687825505,10.2502209317657,0.0000117036329442431,0.000101271708957808,3.36810400962446
"O15550_KDM6A",0.0729639082830182,16.836047023859,0.655726931033279,0.531705250885409,0.594290982841208,-7.81163528372643
"O15551_CLDN3",-0.662254527253182,17.7192697340243,-9.84004409656565,0.0000155745810004432,0.000124042160303006,3.0511437118567
"O43143_DHX15",0.36790458541207,22.3688866952338,9.33379779648889,0.0000224880465407152,0.0001596677609507,2.64348221164605
"O43148_RNMT",0.305401176578741,20.0016150923256,4.94573855890032,0.00138487886159829,0.00374320846528664,-1.91423577806323
"O43149_ZZEF1",-0.195750446345851,18.5968875766071,-3.57021723385864,0.00818777371634872,0.01655401565299,-3.84119798420242
"O43150_ASAP2",0.125957804268168,17.8785491311678,1.74847282994671,0.121246976967422,0.166824259553946,-6.59739696656356
"O43156_TTI1",-0.121014476837008,18.6921111446882,-1.94051559665371,0.0909236967774202,0.129777849969327,-6.32207486600645
"O43157_PLXNB1",0.418337176428913,16.0248525325069,5.05156380010013,0.00122184245188334,0.00336509164978684,-1.7769510492001
"O43159_RRP8",-0.203244686061073,19.0742680484417,-3.44910404779101,0.00970239677485135,0.0191380782856637,-4.02249093266482
"O43164_PJA2",-0.126863581426891,15.5138529944663,-1.53082943759436,0.167066236779157,0.220570351838617,-6.89423340676088
"O43166_SIPA1L1",1.38856136051918,17.7754563033826,16.836344490809,0.000000333484249804926,0.0000097556969385241,7.28573165153045
"O43169_CYB5B",0.298759903541306,21.8937875062449,5.62513173640292,0.000636547765135709,0.00201171772316226,-1.06016155871467
"O43172_PRPF4",0.0255375250421608,21.0082875214654,0.527278510601233,0.613321301383513,0.670054843194916,-7.89381326952476
"O43175_PHGDH",0.823713805666465,24.2971337764309,5.86326384037077,0.000692769918627386,0.00214369731532949,-1.04487692550787
"O43181_NDUFS4",-0.15265720111622,20.0819565482944,-1.94935321040528,0.0897206776960474,0.128441117660914,-6.30916159339667
"O43189_PHF1",0.515092997996646,16.5725534624866,4.80034458059257,0.00164921144332923,0.00434045060137098,-2.10545131689379
"O43237_DYNC1LI2",0.130532525201367,21.6060155521193,2.65912111321185,0.0306991030164185,0.0506831728983892,-5.23241489232322
"O43242_PSMD3",0.380420811757528,21.9220683340422,8.33631028623483,0.0000488913754828156,0.000285134611434771,1.78133717199316
"O43252_PAPSS1",-0.0173734063188711,20.5134554407118,-0.29004990778304,0.779679417662174,0.81526555550433,-8.00105077344126
"O43255_SIAH2",-0.577253280540983,16.3689801770631,-7.16442453784604,0.000135170944652457,0.000607989476656766,0.653034873814597
"O43264_ZW10",0.22069616196503,19.9101146083178,3.83919681051738,0.00565853157902676,0.0121065527901668,-3.44453269503758
"O43272_PRODH",-0.523665257661014,15.5980763819329,-3.1205631037793,0.043309489402674,0.068442130977922,-4.4062796876854
"O43278_SPINT1",0.0833217386799348,20.064223859159,1.44416191612898,0.189364605344865,0.245325700605185,-7.00682135867337
"O43290_SART1",-0.206615592578821,20.2486049462478,-3.98029253993639,0.00468133617240486,0.0103135169475418,-3.24004050951316
"O43291_SPINT2",-0.170984990996224,21.0504090007345,-3.1490802160489,0.0148994621520704,0.027399736249673,-4.47763406919661
"O43292_GPAA1",0.2475882837063,19.790050280986,3.60524202456225,0.00779857784119303,0.0158975077429179,-3.78906672932242
"O43293_DAPK3",0.0178912551234802,15.3902899825777,0.192709678594617,0.85415626441621,0.879112446034749,-7.93551031861236
"O43299_AP5Z1",-0.104220926209528,18.1106720084409,-1.506575257307,0.173054774461684,0.227175459881873,-6.92609697782534
"O43301_HSPA12A",-0.824543179474304,16.3615639428307,-6.14124761524301,0.000645634670545881,0.0020325733874884,-0.877513701748704
"O43303_CCP110",-0.376454560824545,16.7218835280704,-2.6599270717881,0.0306620574432972,0.0506549975920327,-5.23116978472813
"O43310_CTIF",-0.914361135414527,17.3702320809887,-11.3739723903651,0.00000561826193522819,0.0000618042541090999,4.18127573169008
"O43314_PPIP5K2",-0.0129839813682651,18.9456761559887,-0.204469071595263,0.843456866520313,0.869889713990266,-8.02482441120451
"O43318_MAP3K7",0.143255534551741,18.4197958209762,2.3043346759712,0.0524244503192771,0.0808148295760887,-5.77777711605745
"O43324_EEF1E1",-0.294722729909022,22.1097176689048,-7.09276801281906,0.00014444434296441,0.000639489914195172,0.579483167872349
"O43325_LYRM1",-0.0012942325379548,15.5231426320872,-0.0161984848823315,0.987501016613339,0.989452342558432,-8.04829306689591
"O43353_RIPK2",1.0155613160839,18.7271624334938,12.7189726251843,0.00000253264132918315,0.0000368322561181014,5.06197792378316
"O43379_WDR62",0.0522862346129678,15.7980480539586,0.65575375685431,0.531688919574961,0.594290982841208,-7.81161644152932
"O43390_HNRNPR",-0.0129818869238285,22.8986688432607,-0.303632307290829,0.769706497493876,0.807279043014123,-7.99653625402041
"O43395_PRPF3",-0.0261255017593776,21.1562991376784,-0.549896665306631,0.598469112960545,0.656469003919513,-7.88052905981047
"O43396_TXNL1",-0.324373623119527,23.0606733571103,-8.32702352475819,0.0000492638210911924,0.000285907795617619,1.77291261289202
"O43399_TPD52L2",0.101623533115458,23.840476409362,1.95509900037421,0.0889468420645024,0.127502766819187,-6.30075581139516
"O43402_EMC8",0.00596844986744216,20.2983957727952,0.0872788299481994,0.932747880597437,0.943665919104032,-8.04412863409085
"O43414_ERI3",0.104600966804259,20.1762434620984,0.895055341734034,0.399777729465644,0.467370029252335,-7.61624722185624
"O43422_THAP12",-0.377529871014215,18.0646411271021,-5.64493663518197,0.000622863534941406,0.00197684170541633,-1.03621856902598
"O43426_SYNJ1",-0.195888607994885,17.0929031390876,-1.6780023777761,0.134614958726526,0.182803316563821,-6.69550186684
"O43427_FIBP",0.1259199174043,17.6180010524384,1.34406536346777,0.218384000580268,0.277439236414485,-7.13217741041447
"O43432_EIF4G3",0.350479105056415,18.7747000797733,5.92644370213821,0.000459821347831555,0.00155233074638562,-0.701544880521853
"O43439_CBFA2T2",-0.228278388819433,17.0173409184671,-2.64953826977691,0.0355109716366421,0.0576021433713584,-5.24995801439109
"O43447_PPIH",-0.0185270820873207,21.4952744477426,-0.298951288403621,0.773138450312986,0.810096577087832,-7.99811491044421
"O43462_MBTPS2",-0.246392429867651,16.3971471213217,-2.7558374709899,0.0265678197053956,0.044815887487079,-5.08296649730738
"O43463_SUV39H1",-0.273351277915555,17.318625150131,-1.80883715320835,0.111038896694536,0.154427107013831,-6.51242510849128
"O43464_HTRA2",-0.889745515517486,20.2202781204012,-13.8118416297978,0.00000140078646220166,0.0000250788548904591,5.71456747195002
"O43482_OIP5",-0.308137230140357,17.7035816180592,-4.11430445039097,0.0039206551342135,0.00893223897875042,-3.04824046271656
"O43488_AKR7A2",0.0494414030854884,21.1338177226685,0.634956082267801,0.544442378567549,0.606388743796277,-7.8260176852853
"O43491_EPB41L2",2.52753473893855,18.9885832304583,39.7950162875884,0.00000000058651705519075,0.000000333862731121553,13.8128776278449
"O43493_TGOLN2",-1.49001998356483,19.2534144251202,-9.89602645403275,0.0000221821158560187,0.000159317444004607,2.75381189568911
"O43502_RAD51C",-0.241075944981144,19.0836430761586,-3.06446534488721,0.0168499669333003,0.0303554828267841,-4.60726978385231
"O43504_LAMTOR5",0.298469408941738,18.3676092582137,4.49212334053034,0.00241269878327742,0.005938830726734,-2.520789658132
"O43505_B4GAT1",-0.331415402441586,19.6302622552878,-4.40344087088035,0.00269877682118949,0.00653834946617571,-2.64279750742547
"O43513_MED7",-0.275881286530431,16.4395802645331,-3.00238600411847,0.0184513282701073,0.0328666985532637,-4.70265155396212
"O43520_ATP8B1",0.593949717521046,16.3329668096756,3.75629347340657,0.00654697838943431,0.0137028942295095,-3.58750603902804
"O43521_BCL2L11",-0.336109904452272,17.6734205230718,-2.18109601931333,0.0640459923563581,0.0960058765988293,-5.96919013293972
"O43524_FOXO3",0.677953176600489,17.1190879890582,5.06089924633237,0.00120850785521936,0.00333708095043516,-1.76491661633823
"O43542_XRCC3",-0.0594593659857061,17.9896868967717,-0.592496847041229,0.571042494083328,0.630018742384362,-7.85411859563197
"O43567_RNF13",-0.0433945585144393,17.9134123228509,-0.247956086066292,0.811237746768112,0.842358266473482,-8.01352616120396
"O43570_CA12",-1.65426025686375,18.9717190952009,-17.5776032903071,0.000000243567593787405,0.00000801980570712989,7.62719972687656
"O43572_AKAP10",-0.0918433886238468,18.3038093427941,-1.63448862640296,0.143544837631704,0.193479006738746,-6.7551708447196
"O43581_SYT7",0.552889056427535,16.1612160536855,6.55142668131434,0.000242603496673543,0.000950176207877943,0.00516407846250111
"O43583_DENR",0.501084247353521,22.2080392053712,8.31094545498606,0.0000499161800616379,0.000288716703839405,1.75830893945162
"O43592_XPOT",0.692505716475896,21.0643947400885,3.03680251698314,0.0220548619412885,0.0381508482887059,-4.7751445450598
"O43598_DNPH1",-0.243382140245831,20.8304493379269,-1.10156518783376,0.311501720156769,0.378177507344355,-7.40571995331
"O43615_TIMM44",-0.317692458595079,21.2044990616831,-6.04497775218141,0.000405858878387028,0.00140508085071085,-0.563730869812282
"O43617_TRAPPC3",-0.118816309169091,21.5347613280013,-2.62602619426859,0.032260904168463,0.0529627535301812,-5.28353310301736
"O43633_CHMP2A",0.0449216472696357,19.6520633641038,0.527426395540328,0.61322355415613,0.670044297214699,-7.89372809169417
"O43639_NCK2",0.38948105117953,16.4023326122545,3.71105824828568,0.00673874102336837,0.0140501272543147,-3.63242300654225
"O43657_TSPAN6",-0.371640191868387,17.7376048129639,-3.17531309771426,0.0143443974567043,0.0265587845802562,-4.43754169000735
"O43660_PLRG1",-0.345911716448164,20.4886835353351,-6.83673061338101,0.000183878145595926,0.000773549322678437,0.312026323782147
"O43663_PRC1",0.238126253820901,19.3960856118238,4.62411152926753,0.00204649027272977,0.00518162616990102,-2.34127150249845
"O43665_RGS10",-0.500174635736521,18.6997292938448,-7.12553617656043,0.000140118274759629,0.000625801290558861,0.613187507697987
"O43670_ZNF207",-0.0352656291562923,21.0000589133144,-0.754727207334506,0.473572103551599,0.539623883088159,-7.73750558658587
"O43674_NDUFB5",-0.0545693062235273,20.3132592894487,-0.714219335428867,0.496836274907987,0.561923673895933,-7.76893594065568
"O43676_NDUFB3",0.0797810425688859,21.0111160239022,1.19230409600632,0.269701128608386,0.334258886132538,-7.31141808467266
"O43677_NDUFC1",0.160300572527909,17.2783409887424,1.49953495830871,0.17482907715085,0.229109228257989,-6.93529546611292
"O43678_NDUFA2",-0.0356984886691976,20.6426629127757,-0.738589999456363,0.482752137696888,0.548522969722517,-7.75020609748065
"O43681_GET3",-0.0626121061354681,21.8103222726049,-1.44103790535359,0.190215975505762,0.24634867117163,-7.01081210101364
"O43683_BUB1",-0.480258406793162,16.7486129841308,-5.4742157929,0.000752455615846059,0.00227742833829094,-1.24435639770508
"O43684_BUB3",-0.00130284909898037,22.3376369764548,-0.0264907634030308,0.979561044126941,0.982791360193842,-8.04804418533148
"O43707_ACTN4",0.102414193357696,22.3896831336745,0.586202349615015,0.577480698369906,0.63601479753859,-7.85549239175441
"O43708_GSTZ1",0.437535218549826,20.6202651931924,5.33763119671492,0.000877732179825466,0.00256770421528942,-1.41374875432807
"O43709_BUD23",-0.493109186164833,18.848528530702,-4.06530530380234,0.00436649847911848,0.00974804444736577,-3.14764249693877
"O43716_GATC",-0.628206074623684,18.6562168445882,-6.37485361654628,0.000289300424842619,0.00108931635215493,-0.189589187490031
"O43719_HTATSF1",0.716625428438807,20.1369368385151,10.2611519414548,0.0000116164583151209,0.000100890734295622,3.37639514443911
"O43731_KDELR3",-0.197434673884054,15.783552152754,-2.08753990939866,0.0728128741433488,0.107328434250835,-6.10496278972396
"O43734_TRAF3IP2",-0.0863084305661683,15.994931448829,-0.454576356475262,0.663084429310625,0.714403734253769,-7.93227659666533
"O43741_PRKAB2",0.601710424420691,17.8402963091787,8.17421867180041,0.00005587257498575,0.000312530874945055,1.63317320687333
"O43747_AP1G1",-0.0472055762326988,22.3495244305882,-0.760902480568192,0.470090082648957,0.536298960346178,-7.73258311582627
"O43752_STX6",-0.338840811629908,19.657051084682,-5.29533827005377,0.000921070226745729,0.00267187648536537,-1.46672395370212
"O43759_SYNGR1",0.221050784477974,18.2473640729664,1.17749361694128,0.283987757900463,0.349670098540031,-7.261843245012
"O43760_SYNGR2",0.224033925706301,20.7645607596058,1.24871298741802,0.254273522888562,0.317309994272421,-7.24338790872908
"O43765_SGTA",0.0709781569262766,21.8108533250869,1.27481978430499,0.240659120601671,0.301955340035683,-7.21567388262504
"O43768_ENSA",0.0519080454761642,22.2253218295364,0.711650462497146,0.498336213296914,0.563285070342745,-7.77087836866849
"O43772_SLC25A20",0.296649900426203,18.0168027687978,3.4950349947231,0.009095355134491,0.018105017312991,-3.95355466210685
"O43776_NARS1",-0.552166769061685,22.6038634817133,-9.55095166963017,0.0000191700534788198,0.000144937799960143,2.82065770724602
"O43791_SPOP",-0.058252693759874,15.6476116022627,-0.485972238282204,0.643042417445062,0.696423270267285,-7.85508753326781
"O43795_MYO1B",2.8569746242426,20.4786911133041,36.3532117236117,0.00000000114780968965752,0.00000045312221127278,13.1763510122134
"O43805_SSNA1",0.509130064673553,18.9131694587777,5.87566805028623,0.000485335928500823,0.00161977405536519,-0.761137242352453
"O43808_SLC25A17",0.313323388355492,17.5811158681224,1.7264700858764,0.127282994026994,0.174027404740125,-6.63048382954075
"O43809_NUDT21",-0.0215873597685956,22.8166018574161,-0.352559697093132,0.734175118599785,0.776545119186478,-7.9786092051569
"O43813_LANCL1",0.514309046014553,20.6884342508899,5.49107032103238,0.000751236563205215,0.00227464382951388,-1.23695181017214
"O43815_STRN",-0.0418429452991873,18.8912658934326,-0.668525300912144,0.52394880298067,0.58778091378628,-7.80256802043079
"O43818_RRP9",-0.495906004752165,19.203681062365,-5.27326997938246,0.000944618049705447,0.00272356515771783,-1.49446506299076
"O43819_SCO2",0.0587374564491547,17.9595210667711,0.851355234324269,0.42106984551844,0.488806050826198,-7.65661679459135
"O43823_AKAP8",-0.0699667068987573,18.6009234569737,-1.20847664755466,0.263788640808894,0.327946453414915,-7.2929889387993
"O43824_GTPBP6",-0.0410902579349397,18.6025488714913,-0.303803476357076,0.769835798230755,0.807303333978095,-7.99629501057686
"O43826_SLC37A4",0.496350488300447,17.2648295551004,2.24735261229577,0.0596730949805563,0.0902512548065442,-5.87998014439995
"O43829_ZBTB14",0.297634078046297,16.7259618530125,2.45358592766642,0.0418267578111829,0.0662415087175792,-5.54929497172254
"O43837_IDH3B",-0.14896508678229,20.9110733899271,-2.38263791821284,0.0465628627805148,0.072916848735556,-5.65814772685692
"O43847_NRDC",0.695965657056441,21.2169354234174,13.6004030365012,0.00000156538807245802,0.0000269392322211451,5.59230062022992
"O43852_CALU",-0.529970067508643,22.1481869115939,-11.6113038570122,0.00000485205493331319,0.0000567765074196618,4.34353789964493
"O43861_ATP9B",-0.0256631627584785,15.7102449297621,-0.265313585428324,0.79795428624312,0.831506361684409,-8.00875310290686
"O43865_AHCYL1",-0.699239166238982,20.4959759238541,-12.0915147928094,0.00000363596077222878,0.000046793928264667,4.66260680912966
"O43895_XPNPEP2",-0.0815290507594337,15.4961433910315,-0.496695777529107,0.649304710476846,0.70210571906268,-7.21366079818059
"O43896_KIF1C",-0.355954737474303,18.6513117680984,-3.32034885464308,0.0116466341489305,0.0223246722118864,-4.21684784378368
"O43900_PRICKLE3",-0.31234210786598,16.27148187528,-4.21653195946564,0.00343079651749864,0.00797513395846414,-2.90356670392962
"O43913_ORC5",0.225506298456612,19.0279745724023,4.25504884120174,0.00326385883777859,0.00765964527002282,-2.84943041528285
"O43920_NDUFS5",-0.128981079451059,20.8848909946622,-2.3840968485559,0.0464601841951464,0.072786026980079,-5.65591335488869
"O43924_PDE6D",0.577978225380765,18.9728500121243,3.11424751710108,0.0178694882909518,0.032018478557168,-4.60505486158344
"O43929_ORC4",0.319996347283798,18.5357705747262,5.02462788845813,0.00126123426647732,0.00344945984567656,-1.81174363814102
"O43933_PEX1",1.28186108025622,17.9703816384681,13.6576308436708,0.00000151877723939812,0.0000264459448405945,5.62557475408789
"O60216_RAD21",0.472894387639169,20.366218838786,8.2478900541811,0.0000525697898785971,0.000300058336324961,1.70081056988547
"O60220_TIMM8A",-0.0182115498329516,17.8205637815579,-0.213767789961115,0.836456750307172,0.864179576587388,-8.02263416565458
"O60229_KALRN",0.582884868143774,16.0194077467684,4.48176523597853,0.00527398605372526,0.0113960050922257,-2.98868151072103
"O60231_DHX16",-0.384777493113017,19.6991685962783,-5.8825070013983,0.000481809563461099,0.00161083232513631,-0.753091137981558
"O60232_ZNRD2",-0.341437926899225,19.4628913350924,-3.31760584090073,0.0116923218181972,0.0224009571156695,-4.22100531201967
"O60237_PPP1R12B",0.0846500581512579,16.254101761784,0.814554059790343,0.44056398679722,0.50802451236805,-7.68838611764808
"O60238_BNIP3L",-0.0842226826659935,15.4101462005007,-0.975713925655958,0.35979260543317,0.427610402739892,-7.54091946079374
"O60239_SH3BP5",-0.0423234610499055,15.9477163619188,-0.618268122318775,0.55480779124038,0.615679611930892,-7.83727174086702
"O60243_HS6ST1",-0.222494177526594,15.6994703394065,-2.64364985138572,0.0314192654995923,0.0517149823392986,-5.25631416146008
"O60244_MED14",-0.0429080459726414,19.3946220552145,-0.765696216867583,0.46739890227267,0.534109983576612,-7.72873824575345
"O60256_PRPSAP2",-0.0209307389263458,20.266907124827,-0.325068348932788,0.754061234639265,0.794155324102222,-7.98900184125481
"O60264_SMARCA5",-0.179865646173184,21.4197579858661,-3.5295216284588,0.00866632990742304,0.0173737757711807,-3.90194011938752
"O60268_KIAA0513",1.12740726137926,16.9912690238524,10.2531744329913,0.0000116800064263214,0.000101182379132802,3.37034501086438
"O60271_SPAG9",0.0331389857373949,19.7025909204248,0.602136632951547,0.564937855331126,0.624824389653707,-7.8478931274504
"O60281_ZNF292",-0.180301354806428,19.2926499038996,-1.53075571319335,0.168029017478623,0.221652973008533,-6.89451502520746
"O60282_KIF5C",2.11861746356914,17.3825556574493,18.6282772894317,0.000000159355035990867,0.00000618395103952314,8.0865210124913
"O60287_URB1",-0.504006214039364,18.4461017424287,-4.7619914076165,0.00172785983662756,0.00450587213216995,-2.1563945401005
"O60291_MGRN1",0.0837160352646862,15.6604670381515,1.17358577647792,0.276681213291941,0.342018090085894,-7.3325369864548
"O60292_SIPA1L3",0.605328704065723,16.7822448144523,6.18495985833491,0.000350996707228143,0.00125454932104194,-0.403297076055599
"O60293_ZFC3H1",-0.982316533630986,18.4403549869317,-9.14444110199801,0.0000259147599952831,0.000176394043922131,2.48604947001196
"O60294_LCMT2",0.0346009110420056,17.0190903732943,0.447476893207281,0.667242824550275,0.717625696200423,-7.93650844002998
"O60306_AQR",-0.32702647894433,20.2760483721567,-6.31515276040913,0.000307289049456267,0.00113623748671092,-0.256295498121686
"O60313_OPA1",0.262612021271213,20.1023995081696,5.35906862533487,0.000856629107768689,0.00253226622374219,-1.38699155239164
"O60318_MCM3AP",0.0821797842875398,18.6396085134203,1.26041504361313,0.245529575141929,0.307407069716792,-7.23269016559936
"O60331_PIP5K1C",0.4922806957372,16.248932942355,5.7589612681218,0.000550149150247116,0.00178745597470293,-0.899392806807394
"O60333_KIF1B",-0.0121962275013914,17.8689313336563,-0.117895699976854,0.909263789703634,0.924333117413237,-8.04057519998684
"O60341_KDM1A",-0.289411967914678,20.7648144220202,-5.55372589041188,0.000688721420805589,0.00213464349089132,-1.14692729747506
"O60343_TBC1D4",-0.317284235142342,18.4969744655801,-5.35613483672133,0.000859483745502706,0.00253479386130034,-1.39064960851977
"O60353_FZD6",0.16598515983361,17.4178551439866,1.21283952073247,0.262212266917525,0.326199951287978,-7.28798868044569
"O60427_FADS1",0.93806353109392,18.6207174163829,14.6211996960558,0.000000928627627595642,0.0000185872150934012,6.16625715841616
"O60437_PPL",-0.126158475876771,19.3926661874521,-1.83880360498146,0.105941627366803,0.148014698337969,-6.46922995233344
"O60476_MAN1A2",0.60762881331507,19.3767060958471,7.48072099016533,0.000101462177160297,0.000491229356767167,0.971127275620649
"O60493_SNX3",-0.315587222133125,21.7820207535517,-5.55323823100233,0.000689093632519102,0.00213478380033189,-1.14752223295345
"O60499_STX10",-0.00729408607968551,17.934394866741,-0.0851573374088774,0.934378052892067,0.944561333106999,-8.0443356612978
"O60502_OGA",-0.322786837437846,20.6179442898245,-3.90588276910189,0.00517167131556411,0.0112067612610201,-3.34756352281577
"O60503_ADCY9",-0.56076384951098,16.639376115117,-5.44136319905103,0.000780672339554041,0.00234695407693598,-1.28486545063391
"O60504_SORBS3",1.33051695404981,16.9806606123942,4.95364351931483,0.00294064603757503,0.00700926159880779,-2.40812044902155
"O60506_SYNCRIP",-0.0758570115928734,23.9473855147701,-1.64001782098793,0.142380372804127,0.192079658664099,-6.74762925229946
"O60508_CDC40",-0.200616012755745,19.1303587553948,-2.78344937447519,0.0254975164181852,0.0432502475193391,-5.04030250167683
"O60512_B4GALT3",-0.201579831280615,16.6828434781684,-1.59112695373317,0.15298690582931,0.204574262612119,-6.8138903894219
"O60518_RANBP6",0.435745781719408,18.9979848472826,3.87292321440067,0.00546818265212001,0.0117490698875635,-3.4029985399926
"O60524_NEMF",0.114124603210286,19.8174143635939,1.89935191676526,0.0967361734938872,0.136812074301693,-6.38196335742001
"O60547_GMDS",-0.00519880800313643,20.807972351699,-0.122541964773782,0.905707725598379,0.921457057370421,-8.03994358105553
"O60551_NMT2",-0.291683770813421,17.5279942079174,-2.95955328195144,0.0196490085088934,0.0346431058689483,-4.76857560072528
"O60563_CCNT1",-0.462447374051784,17.8195110924841,-6.01268035560638,0.00041982954700561,0.00144489752693424,-0.601101866175553
"O60566_BUB1B",-0.284657100789399,18.5114696690214,-4.33399040198699,0.00294870607346044,0.0070224087885681,-2.73912162601378
"O60568_PLOD3",0.830701626807862,20.9884417508585,12.5306989137157,0.00000281796405465647,0.0000396181785577026,4.94414329525027
"O60573_EIF4E2",-0.190399519831207,19.2181128719151,-2.12429060975523,0.06887117365176,0.102351337787277,-6.05001314536942
"O60583_CCNT2",0.220743661395758,16.4269724206237,2.53810022450384,0.0368203819214626,0.0594093816068402,-5.41920337737599
"O60610_DIAPH1",-0.302038864859981,21.3942955577027,-5.63466653279061,0.000629918560074041,0.00199382462252316,-1.04862793692375
"O60613_SELENOF",-0.536122128684156,18.1666513108245,-4.28027376470723,0.00319510023774134,0.00751683650116319,-2.82200252551117
"O60645_EXOC3",0.542496487152025,19.144199420615,8.02432399327332,0.0000633359456327695,0.000345576185425283,1.49400593547324
"O60658_PDE8A",0.00152364363762025,15.384146511005,0.0143504882158698,0.989060479866733,0.990751481752567,-7.83915807567611
"O60664_PLIN3",0.0941416029353697,20.9840422872868,1.78605805859829,0.114639376393098,0.158651218494525,-6.54438070946912
"O60669_SLC16A7",-0.325585654419356,15.4316388396758,-3.84157096313146,0.00742427789025717,0.0152413111021042,-3.56341657554993
"O60671_RAD1",0.119615669575769,18.465992238664,1.27673876481401,0.240016535603158,0.301248476864294,-7.21339761018249
"O60673_REV3L",-0.0529910930399886,15.176982730592,-0.749180053652702,0.484777578193718,0.550331083543496,-7.59414871521339
"O60675_MAFK",0.136865127001347,15.7296614959782,1.60709616137652,0.14944488042686,0.20036625427934,-6.79235394731499
"O60678_PRMT3",-0.362060871971558,19.5360418968195,-4.91404818591141,0.00143825360046196,0.00386276726169269,-1.95565669173291
"O60683_PEX10",0.0956524452452179,16.164148013024,0.395592606945986,0.708031772377498,0.753187365133321,-7.47714070353264
"O60684_KPNA6",0.0460904405517866,22.0248917162661,0.711668064771079,0.498325925588672,0.563285070342745,-7.77086507965913
"O60701_UGDH",1.65095686339394,22.5468886582483,15.3175115655307,0.00000100551518895377,0.0000199165326228707,6.1587369115803
"O60716_CTNND1",0.749753001575538,21.0319662381494,15.3655168340553,0.000000648145396002405,0.0000148871965561856,6.5603567954969
"O60725_ICMT",0.663463137109876,17.3948785531605,3.29914264091167,0.013008756949474,0.0245104485106098,-4.29682165709268
"O60739_EIF1B",0.698006693235758,17.44441797713,10.4421159800475,0.0000102744680729461,0.0000933663132172374,3.51251663608053
"O60749_SNX2",-0.46015028710389,21.6514768823154,-9.70593771893944,0.0000171384556291536,0.000133151270189318,2.94497398760081
"O60762_DPM1",0.281121570647361,21.5872497876934,5.32566088209427,0.000889765226553286,0.00259492113234827,-1.42871728540699
"O60763_USO1",-0.00796836366887277,20.8456669952746,-0.135502157709688,0.895800890270925,0.913210236081042,-8.03805330888823
"O60765_ZNF354A",-0.265263446724166,15.3007248440869,-2.26798440387178,0.0790960452127689,0.115249908024582,-5.4490862576029
"O60779_SLC19A2",-0.758608206888553,16.4469984231625,-3.92981049315599,0.00548922062215202,0.0117840846887068,-3.37443251746816
"O60783_MRPS14",-0.349958432043646,19.2400574052757,-4.69902535625167,0.0018660587237667,0.00479537882349767,-2.24048596469468
"O60784_TOM1",0.150001231688918,18.817988751804,1.09045569214575,0.310771296649968,0.377411221829739,-7.42232329910524
"O60825_PFKFB2",-1.31677430643134,17.9499558721016,-12.0659948510481,0.00000369116367008324,0.0000472642944017729,4.64595198715036
"O60826_CCDC22",0.0900801037960548,20.1586946353201,1.57401087463622,0.156868863379692,0.208920429848703,-6.83685559087083
"O60828_PQBP1",-0.224707929119006,21.807008637553,-4.36370576718766,0.00283880630662884,0.00680919607953926,-2.69782492772581
"O60830_TIMM17B",-0.107204772233427,19.5623520499974,-1.45423875708838,0.186641521699283,0.242425404140611,-6.99391576524483
"O60831_PRAF2",-0.0842019102202229,19.8166562136175,-0.745278693837275,0.479459847512638,0.545597187340085,-7.74437000406745
"O60832_DKC1",0.3078571207617,20.8610095499672,2.53698161198315,0.038617398450437,0.0618263901188398,-5.44143716850529
"O60841_EIF5B",-0.248527095876796,21.678550062858,-5.73344673199263,0.000565563450942252,0.00182738980792981,-0.929858555541229
"O60869_EDF1",0.0600334862336602,22.7177506230506,1.41643291049719,0.197041277457759,0.25401626378707,-7.04207176727513
"O60870_KIN",0.262019918550354,18.892708979589,4.61586653230991,0.00206748867615601,0.00522609467292875,-2.35241288209124
"O60879_DIAPH2",0.379527661018827,18.3346685103822,3.8151141934754,0.00584634206595884,0.0124488459556783,-3.4796901793265
"O60884_DNAJA2",-0.0372023154851497,21.9290111961279,-0.750886257848115,0.475746529386911,0.541768451909704,-7.74054994650037
"O60885_BRD4",-0.0272225303998219,18.923414803103,-0.292712564653299,0.777720816285671,0.814000898399452,-8.00018166217104
"O60888_CUTA",0.153292266614852,22.4092604063042,0.917442502403565,0.391230051329583,0.45829289548942,-7.59278459681012
"O60906_SMPD2",-0.00822419099708682,16.9898974786441,-0.074120710426319,0.942863885416739,0.951495649791656,-8.04533063521191
"O60907_TBL1X",0.201927049897122,18.0415403431077,1.58122876257535,0.155255958671289,0.207184144872484,-6.82720050356466
"O60921_HUS1",-0.240036110674403,18.0890469703476,-2.27300854800339,0.0549730349184235,0.0840959178579101,-5.82545535082827
"O60925_PFDN1",0.000481722747181834,22.0231852117179,0.00545526044421899,0.995791284007593,0.996446323662907,-8.04842483525648
"O60927_PPP1R11",0.616421224492996,17.8390960003374,6.16098567707756,0.00035977661707005,0.00127633439805728,-0.430597735095604
"O60930_RNASEH1",-1.00229305579596,17.157258756566,-10.9294277509263,0.00000745018590183133,0.0000744626990398543,3.8687460689971
"O60934_NBN",-0.0171755736755692,20.8671586671278,-0.374501794982638,0.7184558809003,0.762250722573257,-7.96972955493057
"O60936_NOL3",0.318643109723435,21.0007268690326,4.39293006612886,0.00273506897729728,0.0066125030646291,-2.65733181753206
"O60942_RNGTT",-0.0736241740883976,19.4043930589342,-1.24449789436123,0.251008397157747,0.313698631084756,-7.25134689097819
"O75027_ABCB7",0.167326313539984,19.1956296337662,3.13221257146973,0.0152683368429681,0.0279896628277946,-4.50343892682194
"O75038_PLCH2",0.0955152270979056,19.7869980695208,1.60071993380981,0.150849994204275,0.202036459925641,-6.80096566819194
"O75044_SRGAP2",0.418167436682406,19.661348721444,5.69029773977897,0.000592732584480664,0.00190122031424004,-0.981578363921912
"O75052_NOS1AP",-1.10767461153272,16.3321593646389,-6.2443815830967,0.000385599186323667,0.0013465874247832,-0.460017564756122
"O75054_IGSF3",1.51366602630601,20.022143579237,10.9994257060599,0.0000109783711602121,0.0000968574556513171,3.53852223498199
"O75061_DNAJC6",-0.27988643677693,17.3290142820647,-2.67492420970855,0.029981084747877,0.0497135667304017,-5.20799948780951
"O75063_FAM20B",-0.0938780198633964,18.8321461877087,-1.21867005109405,0.260117906470423,0.324018473077962,-7.28128752037004
"O75064_DENND4B",-0.0416956671949826,16.3038817341347,-0.350438427816046,0.73913694698315,0.78092451989913,-7.8380306616708
"O75083_WDR1",1.26638397762766,22.9576097607494,27.996504965824,0.00000000794623539759497,0.000001245924731569,11.2513000721887
"O75093_SLIT1",0.054886979367673,17.0758311330011,0.243006158697858,0.815008779205518,0.845696695039178,-8.01484851979154
"O75110_ATP9A",0.519024269178832,18.0583278789746,7.5698531993012,0.0000937450524501128,0.000462337273537673,1.05887969523397
"O75113_N4BP1",-0.264124989455329,17.6492675002987,-3.61527725477097,0.00769076233499179,0.0157331732974577,-3.7741556416721
"O75116_ROCK2",0.0273524452042544,19.9331915207205,0.41278627744604,0.691375689470834,0.738464189596287,-7.95300382315355
"O75122_CLASP2",0.500711964401468,18.6921963081221,7.98107081810508,0.0000656927020365221,0.00035588225903831,1.45345627134248
"O75127_PTCD1",-0.262833839506534,18.6994286927908,-3.85288430921444,0.00555470110958127,0.0119044960945267,-3.42458329425943
"O75128_COBL",-0.705146605016822,16.5449313816714,-6.70145288273652,0.000209471311054828,0.000853825719122732,0.167710900362499
"O75131_CPNE3",0.372085581501214,23.2564243590035,7.98463033927221,0.0000654950864095311,0.000355317851091936,1.45680000444595
"O75140_DEPDC5",-0.246825408837367,15.3722720156542,-2.28323462301328,0.0949354529758769,0.134590690649491,-5.71195446177826
"O75143_ATG13",0.0573215931502205,18.1158906130805,0.961068880274984,0.366640797543859,0.43484639109911,-7.55519053690609
"O75144_ICOSLG",0.10208317799712,17.7180618820548,0.483032815416077,0.644040595149985,0.697305731916126,-7.91719708222636
"O75145_PPFIA3",0.118213235288763,17.506902704299,1.51657641497106,0.170562249450202,0.224406931208828,-6.91299061806218
"O75146_HIP1R",0.0294649815733905,19.2309740758961,0.174270114556298,0.86668903864779,0.889373560166633,-8.03109686041644
"O75147_OBSL1",1.2109314185347,17.7173343276143,6.72151477814633,0.000263977698885069,0.00101213204595635,-0.0148117234171234
"O75150_RNF40",-0.310259691499958,19.4912483580754,-4.23885095601476,0.0033329596499371,0.0077953539659968,-2.87217183051951
"O75151_PHF2",0.610282607664292,18.799396763974,8.20220717101568,0.0000545911576225252,0.000307999260640858,1.65892787679046
"O75152_ZC3H11A",-0.39959920898638,20.7079490410882,-6.341034027989,0.000299342178868728,0.00111389266755164,-0.22732343443495
"O75153_CLUH",-1.07563801583793,21.3213979917521,-14.9757047310155,0.000000780816115683568,0.0000166822679098012,6.35638796033568
"O75157_TSC22D2",0.251442343208303,16.6994490809247,2.1924654998831,0.0621112269886308,0.0934740784478682,-5.94747427351923
"O75164_KDM4A",0.265504486822643,19.4237046534883,3.46894010085367,0.00943508041041913,0.0186591839837878,-3.99269293649556
"O75165_DNAJC13",0.0629673460005193,19.5563757314985,1.29345824856551,0.234479604811888,0.295224610859,-7.19347280600686
"O75167_PHACTR2",0.13975573799636,20.5928931817105,1.23974958524809,0.254067026657021,0.317104332909961,-7.25595776670291
"O75170_PPP6R2",0.110450645569941,20.2440806106689,1.84478975015427,0.104995328683417,0.146854444642529,-6.46064835619553
"O75175_CNOT3",0.0186847190928106,20.193859472794,0.375142767240558,0.717998809357967,0.761872062496749,-7.96946239546276
"O75177_SS18L1",-0.311485506617874,16.4963579455092,-3.56256701646719,0.00827552599347771,0.0166915011154578,-3.85260282436156
"O75179_ANKRD17",-0.366582521004087,18.5425199006225,-5.69577161441517,0.000589207118283419,0.00189332883044516,-0.975003411988751
"O75182_SIN3B",0.17395228676779,16.7072470662191,2.36872291123699,0.0475538254773314,0.0742698966284563,-5.67944940910649
"O75185_ATP2C2",0.359682261402149,16.4968873717488,3.54889916542081,0.00843482490143377,0.0169588364261975,-3.87299470291172
"O75190_DNAJB6",-0.393855701026634,18.1558615043077,-3.91659020223169,0.00509781145423196,0.0110814386741607,-3.33204678872527
"O75191_XYLB",-0.0830991965840226,17.1698068021963,-0.856602504444184,0.418340835205649,0.485934696483531,-7.65199262945105
"O75204_TMEM127",-0.27602201986592,15.6876444296064,-1.62684335244832,0.171770704684757,0.225762567795449,-6.15340421393174
"O75208_COQ9",0.0241880695868311,18.3717144243247,0.117373164281594,0.909995230770792,0.924662935062509,-8.04054439778155
"O75223_GGCT",1.07331741225433,22.5436621616096,17.1075986441297,0.000000296815528004456,0.00000895864645238848,7.41244687603927
"O75251_NDUFS7",-0.0486553898252708,20.2058364223849,-0.629775471613157,0.547647708616075,0.609326248140758,-7.82954024656857
"O75306_NDUFS2",-0.125907043267112,20.7834265046033,-2.06660450352156,0.0751570568825403,0.110207166888105,-6.13615394044741
"O75312_ZPR1",-0.196625899700223,20.2767910364383,-3.60476535252966,0.00780373928297283,0.0158975077429179,-3.78977528787367
"O75317_USP12",-0.168231392702772,16.1531517467732,-1.12797990255086,0.299755080568988,0.365988715260838,-7.31887092144198
"O75319_DUSP11",-0.642457090990103,17.6015740839878,-5.59618515070703,0.000657151268524589,0.00205708628696778,-1.09525154909888
"O75323_NIPSNAP2",0.233221862410836,20.4091441527935,2.1717148447513,0.0649714817568893,0.0971443071049537,-5.98332571718735
"O75325_LRRN2",0.985882379453273,17.2404528276172,3.00884763531036,0.0219800993407746,0.0380474819267027,-4.79315776134066
"O75330_HMMR",-0.893576864471175,19.0081348842931,-12.923281995431,0.00000225929685132254,0.0000340281422795233,5.18797984312819
"O75340_PDCD6",0.156385051010318,22.1487556880812,2.03375681015259,0.0789856129423381,0.115133110777965,-6.18491950018031
"O75347_TBCA",-0.752367339068474,23.2458001414353,-13.3410888095648,0.00000179787557216859,0.0000293447244676272,5.43980492400113
"O75348_ATP6V1G1",0.191717023053549,21.1016838346657,1.51113790372217,0.174298875303113,0.228516176596714,-6.92039580406755
"O75351_VPS4B",-0.379779061459658,20.6323534141639,-8.13774373572704,0.0000575934346207769,0.000319748659653744,1.59950109553862
"O75352_MPDU1",-1.43505077071142,20.3449350146684,-31.5131394375125,0.00000000331030292879964,0.000000708750227124753,12.137360373037
"O75356_ENTPD5",0.997866873796807,16.4457638989139,11.2307203792521,0.00000614638860123734,0.0000655672253871125,4.08181132280485
"O75362_ZNF217",-0.289582940675242,19.9391233402048,-3.40210330980522,0.0103686457834879,0.0202370848933049,-4.09325410374445
"O75367_MACROH2A1",0.241996133435514,23.9411765849578,4.70442525609701,0.00185374378235225,0.00477142985061632,-2.23325216783188
"O75368_SH3BGRL",1.60338510437168,21.6193418435031,20.8797238026654,0.0000000690417841252507,0.0000040707892252454,8.98522562171963
"O75369_FLNB",-0.16475588583668,23.3838993264854,-3.33956113246224,0.0113319144079864,0.0218369751677589,-4.1877476056078
"O75376_NCOR1",-0.308464875728806,18.034091279382,-4.28182581592731,0.00315302537110327,0.00743164269371288,-2.81191621105567
"O75379_VAMP4",-0.441118783338595,16.8392608982648,-3.93117360017247,0.00499904547001636,0.0109072690318257,-3.31093705377551
"O75380_NDUFS6",-0.138694739276243,20.8218997301957,-2.16128710760817,0.0651167317691989,0.0973332629314309,-5.99446046251934
"O75381_PEX14",0.230140180000511,18.2425668568475,2.88608215872783,0.02189715618735,0.0379384441824565,-4.88183191018086
"O75382_TRIM3",-0.360307857638951,17.7795255977361,-4.6625626924756,0.00195160095414707,0.00497282306775298,-2.28944099879097
"O75385_ULK1",0.0742252931690324,16.0371924446067,1.06979305212726,0.318115657480692,0.384624405565862,-7.44535059698014
"O75390_CS",-0.231171171039467,24.5730590960814,-4.78660323157709,0.00167692870492551,0.00439666312639208,-2.12367933065055
"O75391_SPAG7",-0.571931433787039,19.3370144269514,-8.82578977257385,0.0000330903309411363,0.000210968195421863,2.21470159159012
"O75394_MRPL33",-0.466892567246557,18.968834438938,-6.09538142974917,0.000385076418221787,0.00134599781111899,-0.505676203198775
"O75396_SEC22B",1.00436850867239,22.6368807621334,20.453666492534,0.000000080324729557612,0.00000442548897951553,8.82333055734074
"O75400_PRPF40A",-0.19590545632931,21.4552142082643,-4.2933805933027,0.00310647125138605,0.00733783240311873,-2.79575896955111
"O75410_TACC1",0.897810873912849,19.4273899088848,10.3303700055041,0.0000110811224163474,0.0000973852717479834,3.42871380621398
"O75414_NME6",0.287814781433301,16.4113812212483,3.00676989883044,0.0183331504039569,0.0327098151471959,-4.69590921968082
"O75419_CDC45",0.204918142521443,17.3381386735888,0.999805470472272,0.350547423123447,0.41850025813927,-7.51524220806587
"O75420_GIGYF1",0.11381936651502,16.2536543602174,1.00912690175493,0.349225937034142,0.417402231789833,-7.41206644507119
"O75427_LRCH4",0.945095904656672,17.5497836968593,12.1025368964761,0.00000361240700972214,0.0000467185042329141,4.66978982368095
"O75431_MTX2",0.388253372588608,20.4665791446974,5.28419280104197,0.000932880887199187,0.00269790571408252,-1.48072596375843
"O75436_VPS26A",-0.204957133345992,20.930626236786,-4.14365497912804,0.00377265726503534,0.0086586696312187,-3.00655677581803
"O75438_NDUFB1",0.180525783909868,20.7541965420911,0.972135968080268,0.365492644784171,0.433822886427653,-7.54021285570709
"O75439_PMPCB",-0.380641011398335,22.035945806826,-4.63056494837772,0.00203021768103819,0.00515071236890475,-2.33255783254999
"O75446_SAP30",-0.287521666886992,18.6202982581856,-2.99570383408349,0.0186330048252519,0.0331437405755066,-4.71293041839677
"O75448_MED24",-0.125712783892585,18.3967177823991,-2.22418407986998,0.0591956113322915,0.0897790268780477,-5.89952657066856
"O75449_KATNA1",0.16924548762735,17.2641029573355,2.1131991282859,0.07003801268378,0.103801466187224,-6.06662255034438
"O75460_ERN1",-0.378992681135234,15.7779154272146,-5.2127750376198,0.00101264750930574,0.00288688041820819,-1.57085944252434
"O75467_ZNF324",-0.116797877113859,15.5505805327785,-0.509865666086796,0.639838306455433,0.693842338023956,-7.65805222176142
"O75475_PSIP1",0.231035565711686,20.4605258815111,4.1731581017469,0.00362999033775077,0.0083589786584718,-2.96477494154021
"O75477_ERLIN1",-0.9049376416496,19.0505782338464,-5.95933804621957,0.000554358729862062,0.00179729433049056,-0.838403397143856
"O75486_SUPT3H",0.244640369128902,16.4306172720463,1.85015821020852,0.104153567980852,0.145891719716824,-6.45294343228549
"O75487_GPC4",1.23084990620269,16.9700183739915,12.5771005178298,0.00000274441633079718,0.0000388965375926188,4.97334036875578
"O75489_NDUFS3",-0.159199814763159,20.7421747129622,-3.19831755883726,0.0138756561096919,0.0258418805999796,-4.4024248346994
"O75494_SRSF10",0.18140267110806,21.3998081775797,2.13934730621259,0.0673179566723395,0.100297821439729,-6.02743197419106
"O75496_GMNN",0.134698850904218,17.9091812823265,2.09385335785408,0.0721202066704778,0.106493164809873,-6.09554032337743
"O75503_CLN5",-0.0856895672947537,17.1707411166416,-0.827963509062821,0.433389018675229,0.501728596049284,-7.67694514187132
"O75506_HSBP1",-0.528288059092599,17.9582698236892,-3.23567109360676,0.0139323937283988,0.0259348474542831,-4.37943818255217
"O75521_ECI2",-1.84684828557152,19.0196860802675,-26.2543179306277,0.0000000127746793510421,0.00000151819079912541,10.7622651194766
"O75528_TADA3",0.494725386340793,17.9117706701235,4.60575515075637,0.00209356325116202,0.0052832256431116,-2.36608953054703
"O75529_TAF5L",0.00854329945637744,17.632841785282,0.0946014842034424,0.927123771558043,0.939475540430385,-8.04337499686608
"O75530_EED",-0.125455429338892,19.1743415232087,-2.10923252208614,0.0704600381635488,0.104365929945852,-6.07255725778973
"O75531_BANF1",0.5135293076547,24.1865786506163,11.8954107515247,0.00000408539082977257,0.0000501185204052422,4.53376762100146
"O75533_SF3B1",-0.129643531143174,22.6681488233051,-2.82674189137123,0.023908836709084,0.0409389040993456,-4.97342952437161
"O75534_CSDE1",-0.0549181862348256,23.0136757392056,-0.75674577633813,0.472432015513761,0.538566833033224,-7.73590031469378
"O75554_WBP4",-0.240075044648776,17.2826668218324,-2.27753039488973,0.0545975961397304,0.083622496222068,-5.81858017881666
"O75564_JRK",-0.223887069450013,15.7380464312327,-3.06856808425726,0.016749428899071,0.0302101390102761,-4.60097373414573
"O75569_PRKRA",0.000228149123788768,20.0952027280566,0.00260564702183328,0.997989348230276,0.998251838853167,-8.04843785949841
"O75575_CRCP",-0.25423247057228,16.7628379811424,-2.04838563106554,0.077257441136151,0.112851948776947,-6.16322845712245
"O75582_RPS6KA5",0.769036884506672,18.7353680208217,7.85802558203762,0.0000729524925529311,0.000386135461626718,1.33712523603061
"O75586_MED6",0.00504119659591495,17.4689758334081,0.0677755035990378,0.947746220551015,0.956042142375466,-8.04584033379622
"O75592_MYCBP2",-0.251302501100913,17.5782508387338,-2.97724658987247,0.0191446615115583,0.0338953201715346,-4.74133347166778
"O75600_GCAT",-0.226967837308084,19.4048157643524,-3.39255822216196,0.010509825416196,0.0204444327661346,-4.1076515070185
"O75607_NPM3",-1.94309098239089,21.9753816060903,-40.8265226263423,0.000000000485009427905801,0.00000032892394552901,13.9895384166355
"O75608_LYPLA1",0.281511643324546,21.9726638086383,2.44455160921666,0.0442319824738429,0.0697550194269228,-5.58097984477135
"O75616_ERAL1",-1.13775548304289,19.9047179872781,-16.735030777278,0.000000348473732195365,0.0000100018536116149,7.23786696865665
"O75629_CREG1",-0.231346907591295,19.7904345491713,-1.16716182289539,0.283610493168612,0.34927807821251,-7.33615268344243
"O75635_SERPINB7",0.192093392952714,18.9639931051673,3.41608613876791,0.0101654715436497,0.0198660268656217,-4.07217902407601
"O75643_SNRNP200",-0.210445444525295,21.872863058276,-4.90913817696748,0.00144672392895304,0.0038827742426312,-1.96208711559162
"O75648_TRMU",-0.444870878410597,17.8333254944191,-6.13959718473753,0.000367816009687778,0.00129578905497232,-0.455015139316209
"O75663_TIPRL",0.000336873628054235,19.9724128851217,0.00472923857575174,0.9963506860921,0.996743827228267,-8.04842903572637
"O75665_OFD1",-0.165190938274687,15.7174589575969,-2.35429743365546,0.048603701887573,0.0757075069745813,-5.70151407758591
"O75674_TOM1L1",-0.0165955346465019,20.0131011553053,-0.198985723543174,0.847591839273203,0.873784701750066,-8.02607083276914
"O75676_RPS6KA4",0.318511734640914,17.9943265651037,3.32898589778745,0.0115040126728063,0.0220846846010511,-4.20376145506917
"O75683_SURF6",-1.13822198437925,18.46688801049,-6.79110074093151,0.000249727486551067,0.00096909554219766,0.0495955976153386
"O75688_PPM1B",0.00687176568385794,19.5623034969879,0.105819501268962,0.918516530193212,0.931870978878161,-8.04210306698335
"O75689_ADAP1",0.949475179380759,17.5854158675489,10.9578397135046,0.00000731477435635145,0.0000734956060163925,3.88906663329441
"O75691_UTP20",-1.34181405829218,18.9464336022186,-16.886637808352,0.000000326315098231477,0.0000095828287148595,7.30938304154584
"O75694_NUP155",-0.251588683838904,21.4728078553827,-5.40428694833684,0.000813930301011052,0.0024277466154863,-1.33076074700498
"O75695_RP2",0.937164396732967,19.2014464514329,10.51836032539,0.00000976205727153018,0.0000898912925027343,3.56923310002914
"O75716_STK16",0.203534840021618,15.7474747637713,2.82518207219186,0.0239642470210862,0.041015315671103,-4.97583838105987
"O75717_WDHD1",0.05118546924027,20.093408115511,0.544596760580488,0.601931532609237,0.659696143663668,-7.88368808092746
"O75718_CRTAP",0.296465547064621,18.3717474579106,2.96616158160605,0.0194590263348174,0.0343606212538702,-4.75839927496105
"O75746_SLC25A12",0.43993402016584,20.9605740290911,8.35002576447495,0.0000483470786326265,0.000282867600061352,1.79376513010135
"O75752_B3GALNT1",0.620492468058405,17.2940328262783,4.62824560865177,0.00203604962358021,0.0051620644789837,-2.33568881544309
"O75781_PALM",0.670033157621841,17.9942015320909,4.85821658531008,0.00161902529636683,0.00427135151029002,-2.06712166611167
"O75787_ATP6AP2",0.846101872139098,19.8688081601394,12.1225081424453,0.0000035701664765457,0.0000466909093096641,4.68278924061888
"O75792_RNASEH2A",-0.370395154380031,19.4895955229452,-6.23871512067295,0.000332163280443853,0.00120134755637468,-0.342345516644484
"O75794_CDC123",-1.1269220266771,20.6001169848131,-15.3617117929425,0.000000649310585213262,0.0000148871965561856,6.55839088482881
"O75808_CAPN15",-0.152714552314055,17.6233290303251,-1.84839531321549,0.104429269714348,0.146224047394575,-6.4554744938766
"O75817_POP7",-0.114287967362113,18.9780137811234,-1.14274134509656,0.288507432947994,0.354276321440497,-7.36683259461298
"O75818_RPP40",-0.543330666718568,19.3898621007288,-9.67039976539863,0.0000175819686032647,0.000135627234479139,2.91662304343981
"O75821_EIF3G",-0.274476635359456,22.8919693050169,-5.11841108720024,0.00112981308817467,0.00314775031086321,-1.69104923000925
"O75822_EIF3J",0.00101417265707937,22.0615472880961,0.0125171536332652,0.99034139165084,0.991645158622471,-8.04835294967597
"O75828_CBR3",0.626861724551542,19.6658388837878,11.6975396603511,0.00000460341677661485,0.0000546233822198636,4.4017340409264
"O75832_PSMD10",0.243493318022779,20.1667990406821,3.35990942570528,0.0110084410470699,0.0213108176645492,-4.15696347727653
"O75843_AP1G2",1.73425033638814,18.4673132358651,11.6138648927721,0.00000679721328104393,0.0000693910675415888,4.04592120163514
"O75844_ZMPSTE24",0.0465967985791167,21.582859023647,0.9451236328119,0.374208374873921,0.441372763943465,-7.57053697337982
"O75864_PPP1R37",0.603720757895516,18.4228327682432,9.76542638944947,0.0000164239155052941,0.000128783815807492,2.99222851732993
"O75865_TRAPPC6A",-0.524863244111657,18.9058070258667,-7.59411099119627,0.0000917601101340581,0.000455566186474965,1.08262171867656
"O75874_IDH1",0.914033026959174,22.7947540281538,8.65849010461934,0.0000474125914942702,0.000277827558478751,1.87417603334963
"O75879_GATB",-0.261866211720331,17.6528672489342,-2.63030543358782,0.0320544291563043,0.0526465100761932,-5.2769245877595
"O75880_SCO1",-0.551481446516576,20.5867867855155,-9.49344376994886,0.0000199917002638015,0.00014928285620278,2.77408099401523
"O75882_ATRN",0.194574393798543,16.8107983146923,2.17466899658339,0.0638094134738971,0.0957455906258555,-5.97431210244154
"O75884_RBBP9",0.557612169186047,20.5262070295185,6.08253886993392,0.000390257047991359,0.00135828719017429,-0.520437396299027
"O75886_STAM2",0.361018909477654,19.6798250313673,6.63499799139561,0.000223480990583227,0.000895100797459727,0.0960373242676482
"O75896_TUSC2",-0.310761128124334,19.1091863310938,-5.25659487664242,0.00096285202130512,0.00276983830334597,-1.51547168563389
"O75907_DGAT1",0.102747211002008,16.294470002565,1.19180851171446,0.269884033717518,0.33437660212664,-7.31198016250637
"O75909_CCNK",-0.0840356016739925,19.1006774986056,-0.879619781964467,0.406519298151066,0.47395285904933,-7.63143440808608
"O75915_ARL6IP5",0.390564466581466,20.1657975771704,0.979847181336574,0.36897818606871,0.436995110300903,-7.52536553819829
"O75925_PIAS1",-0.257295578930197,16.6601246446059,-2.53606750619142,0.0369332911976758,0.0595662877119428,-5.42233656796361
"O75928_PIAS2",-0.799496777776044,16.2465186886029,-6.53640015547676,0.000246231666374789,0.000958785033956412,-0.0112634356583943
"O75934_BCAS2",-0.0476069012580105,20.5941411476217,-0.931138433340421,0.380941515612544,0.447827073840651,-7.58383067426526
"O75935_DCTN3",0.376269538791384,20.591143836549,7.34068061377511,0.000115064674224682,0.000540235748242551,0.831595778675737
"O75937_DNAJC8",0.00898986100693477,22.1454892234003,0.184403765949421,0.858612462337963,0.882275923877674,-8.02922225501959
"O75940_SMNDC1",-0.125387690503512,19.7939296844754,-2.27645728224728,0.0546864604102969,0.0837417390538994,-5.82021199747217
"O75943_RAD17",0.277670238400397,16.8828224494148,1.56686920834102,0.159490417243223,0.211929439823891,-6.84673564653142
"O75947_ATP5PD",0.0211149295338195,22.7003027293077,0.228522164882099,0.825506231135194,0.854723712770799,-8.01889150236589
"O75955_FLOT1",1.56234337417051,19.666406707904,13.5174959648957,0.00000202453305518159,0.0000314257110565534,5.35267797365306
"O75956_CDK2AP2",-0.151858787748935,15.8478240462827,-0.333988771933526,0.756597350808545,0.796385199314945,-7.88754558796901
"O75962_TRIO",0.0498254138149292,18.2302878518504,0.863130659071606,0.414963299460376,0.482591881492319,-7.64620716137343
"O75964_ATP5MG",0.223513836292152,23.0958037026615,4.68080955192727,0.00190826790833516,0.00488367621493851,-2.26491889336521
"O75970_MPDZ",0.590309886337486,17.0404110375062,5.4441879549946,0.000778200772267274,0.00234044882319687,-1.28137654747849
"O75971_SNAPC5",-0.185743372516823,15.9118013023437,-2.41041895942382,0.0446466089139296,0.0702554001183124,-5.6155702452092
"O75976_CPD",-0.834120854156986,18.7242671393895,-9.20701851620189,0.0000247213157680719,0.000170317325844162,2.53838507719941
"O76003_GLRX3",-0.188477129718112,22.8204834990186,-3.33036840092311,0.0114813569164978,0.0220578935859768,-4.20166738383484
"O76021_RSL1D1",-0.401690293952782,22.0110527050556,-6.67877060690802,0.000214139897118612,0.000869129166213534,0.14330554495387
"O76024_WFS1",0.690667924214814,18.7983535634469,6.4205935811936,0.000276310633129967,0.00105129039949068,-0.138777394597065
"O76027_ANXA9",-0.41973270206196,17.3824389325586,-5.36063390810221,0.000855110341706353,0.00252875943196677,-1.38504033436712
"O76031_CLPX",-0.476362206733111,21.0711007504748,-6.15604216277339,0.000361617252970099,0.00128011299834373,-0.436236185545659
"O76041_NEBL",0.53479480342925,18.7505693342356,9.41726319607035,0.0000211417847223896,0.000155066937896331,2.71200113074893
"O76054_SEC14L2",-0.593067976727536,16.7129807245741,-4.41108368682872,0.00565853210216183,0.0121065527901668,-3.06867178928256
"O76061_STC2",1.16905322749212,16.9353147050855,11.7552808951759,0.00000444497076820585,0.0000530744861271172,4.44047744738157
"O76062_TM7SF2",0.986432879750392,18.6547921471957,5.31869101696847,0.00120873757802378,0.00333708095043516,-1.66510518604528
"O76070_SNCG",5.12196728603029,20.184450039992,64.7346998156135,0.00000000436920006734979,0.000000852106043904167,11.1143270464352
"O76071_CIAO1",-0.0917811433680455,21.0166875464983,-0.935018041712977,0.379649696304181,0.446515477051121,-7.57953108708776
"O76075_DFFB",-0.243514504963002,16.4969764456977,-3.34005344978021,0.011323969680209,0.0218271954859781,-4.18700234820182
"O76080_ZFAND5",-0.958695248465119,16.9335886388068,-10.3206608216401,0.0000111545113088101,0.000097856070374636,3.4213940855469
"O76094_SRP72",0.0234947998939639,21.6967863194241,0.5855784170695,0.575447134109951,0.63414240829329,-7.85853021447286
"O76095_JTB",0.464734173144628,18.5999162171249,5.01021923384045,0.00128287846090789,0.00350444643689662,-1.83039723948729
"O77932_DXO",0.00530804647474525,16.7948838565123,0.0430619099313067,0.966782806646897,0.972665347533902,-8.04739138153019
"O94760_DDAH1",-0.397856803707043,20.2883786967642,-5.77938622936889,0.000538145052103558,0.00175595506919763,-0.875066637813304
"O94761_RECQL4",0.428359480897132,18.1113144193539,6.28065267661538,0.000318249777632078,0.0011671204477674,-0.295044323368244
"O94762_RECQL5",-0.111531701009611,18.1003048655597,-1.42654310605407,0.194210888413531,0.250920335871126,-7.02926431068607
"O94763_URI1",-1.07658462637201,18.1524920603683,-17.9802347297641,0.00000020643924559271,0.00000737172254449837,7.80650693608084
"O94766_B3GAT3",0.549536420480795,19.0923043654743,3.99035922058279,0.00505093244030806,0.011001544141175,-3.28604687828027
"O94776_MTA2",-0.744476481323879,21.7671811595925,-10.4290297137657,0.0000103654271597196,0.0000935224661646828,3.5027445405816
"O94782_USP1",0.139883177070207,16.9937635891137,0.984349291460455,0.355800418808707,0.423640886890893,-7.53242639857418
"O94804_STK10",0.330085919945891,19.3439402835782,3.91911856206045,0.00508053792619528,0.0110533671243253,-3.32838496609455
"O94817_ATG12",0.645646887036275,18.0789635407091,9.48973583574357,0.0000200460213151358,0.00014928285620278,2.77106943673752
"O94822_LTN1",0.35221763975499,18.8448135403974,1.94313684306259,0.094331441327631,0.133859131107829,-6.32821906745766
"O94826_TOMM70",-0.196690342712273,21.6338464217263,-3.57697750311469,0.00811106023591244,0.0164120042975126,-3.83112525920801
"O94829_IPO13",0.514487859824051,17.6959052136408,3.80215682360573,0.00595016712336302,0.0125993794934018,-3.49863629558307
"O94830_DDHD2",0.119226226401913,16.7359257762116,1.31347511275547,0.227995006694665,0.288205089067579,-7.1694033852947
"O94832_MYO1D",0.0222158087604605,19.7465580977827,0.265179534823403,0.798053699749696,0.831506361684409,-8.00879301060189
"O94842_TOX4",-0.339105666889626,18.9412718388569,-3.48784495030116,0.00918763473407303,0.0182552637898013,-3.96433152392364
"O94855_SEC24D",0.124505878765017,19.2670273598733,1.41671915443568,0.196960642386388,0.253955356160513,-7.04170987669522
"O94864_SUPT7L",0.549096836795645,17.3554819583592,7.40126553120288,0.000108944275496192,0.000517570368159922,0.892211642722808
"O94874_UFL1",0.561544062158834,20.4005750459396,10.8453760772687,0.00000786760604465341,0.0000770154589132997,3.80834752018359
"O94876_TMCC1",-0.0625144167062803,15.5741220166189,-0.650152628010425,0.5380283492238,0.599947753144147,-7.75272165535401
"O94880_PHF14",0.39302385960724,19.6641740244549,5.89577257998076,0.000475050210216841,0.00159389210646848,-0.737501481970573
"O94886_TMEM63A",0.170202869604868,17.1991319154409,1.67055558316857,0.136105544790716,0.184596785605953,-6.70576438103451
"O94887_FARP2",-0.278457179723222,17.8250301606962,-4.27101792669576,0.00319725918083127,0.00751958977408863,-2.8270459150958
"O94888_UBXN7",-0.102198688886673,19.6143793420637,-1.73266963341248,0.124131415935627,0.170115954884032,-6.6195483299586
"O94901_SUN1",-0.551469768646008,19.0015651443662,-6.54089513524459,0.000245140051300215,0.000956662509076159,-0.00634654234658072
"O94903_PLPBP",0.579902221889988,20.8437671960699,12.7772865472171,0.00000245099396908718,0.000036128411102475,5.09813756787528
"O94905_ERLIN2",0.472714602660535,20.5408760720308,3.71995643128685,0.00736574482681534,0.0151334022562824,-3.68494930461096
"O94906_PRPF6",-0.105246603102692,21.8467915135055,-1.54491065968954,0.163676398806857,0.216583627231202,-6.87561269258254
"O94907_DKK1",1.20628498167708,17.1151884774888,4.79678197789404,0.00330027891565927,0.0077308042600876,-2.55456382904602
"O94913_PCF11",-0.221352116382775,19.1575237426197,-3.65869142355027,0.00724244574562733,0.014928466759144,-3.70978052280262
"O94915_FRYL",0.187321544785071,18.7271694968684,3.39055698014309,0.0105396847537155,0.0204972749263003,-4.11067121171493
"O94916_NFAT5",0.342635400763871,16.8130381660909,2.39714149801512,0.0455522554464729,0.0715700175430434,-5.63592729719598
"O94919_ENDOD1",-0.74572062311676,18.2372388514756,-10.0519086888174,0.0000134203366932629,0.000111435677826373,3.21629645690745
"O94923_GLCE",0.400880411009787,18.1481105710957,3.24241283250019,0.0130219697821243,0.0245221842443273,-4.33522613579544
"O94925_GLS",-0.55509143278903,20.0297734318776,-9.77323265466908,0.0000163326638874606,0.000128388786904113,2.99841057849215
"O94927_HAUS5",0.223838170496009,17.7068627564467,3.10690853412775,0.0158399186618637,0.0288709372974204,-4.54218617881958
"O94952_FBXO21",0.346363814468173,17.8629641001803,4.48318918629519,0.00243996020283367,0.00599816978110952,-2.53303063243495
"O94953_KDM4B",-0.663109814452607,17.2611208582271,-6.50711015677241,0.000253478825672209,0.000979654445153873,-0.0433619157616096
"O94964_SOGA1",-0.76129233084918,22.3817644504056,-16.2776336979102,0.000000426354752239595,0.0000110997760548483,7.01803356777476
"O94966_USP19",0.0345098299253088,18.7870836012997,0.448879696203367,0.66627542369321,0.716889358128526,-7.93581483495102
"O94967_WDR47",-0.434462664494884,17.4959492785258,-4.55624911060729,0.00222653369233045,0.00556340843096762,-2.43326181091354
"O94972_TRIM37",-0.253380834531285,18.5178629458639,-3.61206343021395,0.0077251154014451,0.0157822260927723,-3.77892973582832
"O94973_AP2A2",0.427013628461165,19.9317671661958,6.9999401511541,0.000157531555160206,0.000684677147742017,0.48336163857403
"O94979_SEC31A",-0.155539258996708,22.1024598262616,-3.44073818522109,0.0098175550158216,0.0193001611399171,-4.03507024506365
"O94992_HEXIM1",0.0963282478861629,19.0589737626693,1.01214637961081,0.343179611757992,0.411382841139683,-7.50469855719691
"O95049_TJP3",-0.430491093261345,18.900805038509,-3.66845218281866,0.00734200756799372,0.01510094904331,-3.71281862340045
"O95059_RPP14",-0.313203505977363,18.9678278840594,-3.38286978537634,0.0106552251551108,0.0207065112515,-4.12227411446664
"O95067_CCNB2",-0.411394267541223,18.3186537673248,-5.00441355783531,0.00129171486868702,0.00352521826022011,-1.83792165569227
"O95070_YIF1A",-0.0539608252957215,18.1731627160872,-0.442067836387987,0.670979285186783,0.7208288761484,-7.93916363507177
"O95071_UBR5",-0.0735465223327019,19.2955066318887,-1.42028046979647,0.19595985846998,0.252750667037929,-7.03720388743704
"O95081_AGFG2",0.504366008653005,18.1015782997342,5.52495412244318,0.000711067529905734,0.00217904094780943,-1.18208369421531
"O95104_SCAF4",-0.475929154387007,19.2736518546306,-9.5810189627644,0.0000187556296585129,0.000142941201585821,2.84491240705863
"O95139_NDUFB6",0.0134151510852831,20.2494710189299,0.169989955309443,0.869538942535255,0.891696534572355,-8.03210380297709
"O95140_MFN2",-0.0724184685483102,19.1473431546441,-1.36249400676328,0.212765417995433,0.271434714738891,-7.10949909232311
"O95149_SNUPN",0.311819297984197,16.442395397063,2.00632767623926,0.082595896983022,0.119639000657563,-6.22635665214241
"O95155_UBE4B",0.534353209623301,19.2548103491224,9.54198406766703,0.000019295642101289,0.000145453571677309,2.81341080754716
"O95159_ZFPL1",0.509341169202663,20.670552243171,5.5018838811463,0.00073134484073102,0.00223218654036924,-1.21224186402086
"O95163_ELP1",0.127712426930529,19.7323952726673,2.35263360561278,0.0487262932836444,0.0758829211128991,-5.70405775699537
"O95164_UBL3",-0.448742416241888,20.8135266553324,-5.87506641747494,0.00048564751599184,0.00162010307308506,-0.76184536338711
"O95166_GABARAP",0.0137100977370039,16.8862714844768,0.0537749327954806,0.958660400220195,0.965515228293803,-8.04678517713412
"O95167_NDUFA3",-0.0728573332022044,19.1409352181615,-0.794340707119111,0.451534559147147,0.519100945718441,-7.7053360969925
"O95168_NDUFB4",0.00650263633975712,21.1248807213414,0.112162407628433,0.91365485194668,0.927557234904758,-8.04132106664792
"O95169_NDUFB8",-0.0830491771407615,20.4574845014276,-1.17124202941527,0.277565618330777,0.342999852644011,-7.33516516312991
"O95178_NDUFB2",0.179600413918667,17.7705718555247,2.33199481220746,0.0502732112996186,0.0779885876289821,-5.73558823600902
"O95182_NDUFA7",-0.117533738028971,20.5043884880953,-2.17891566094925,0.06340003026449,0.0951876490706101,-5.96791232561064
"O95197_RTN3",0.453993892015994,20.9954996996622,7.05473021627782,0.000149654276666247,0.00065644200018655,0.540210855001312
"O95202_LETM1",0.161679297064385,20.9720614920864,3.27362364434957,0.0124515256882014,0.0236706584315071,-4.28775744233226
"O95208_EPN2",-0.399022085856018,18.7077657967914,-4.15750506680544,0.0037049379055137,0.0085238226586017,-2.98692766917189
"O95210_STBD1",1.37585659604895,17.8821853925859,14.8166549834963,0.00000084356645470839,0.0000174897150708856,6.27164322559852
"O95218_ZRANB2",-0.142756100034067,20.1372790149873,-2.22189475387969,0.0594013909002151,0.0900000135076445,-5.90299199337871
"O95219_SNX4",-0.161908236821056,19.5759611309081,-2.8831936818024,0.0219908621570881,0.0380574510959754,-4.88628835424383
"O95229_ZWINT",-0.275462506070603,18.4239350428526,-4.00468620758978,0.00453174334409024,0.0100549707920509,-3.20494943015739
"O95232_LUC7L3",-0.270056001207141,20.8735840423557,-3.70152913335664,0.00682751648740109,0.0142079590706355,-3.64647546515542
"O95235_KIF20A",-0.557677835099167,18.5942889554137,-7.12816274402763,0.000139777829510169,0.000624998723074653,0.615884033825115
"O95238_SPDEF",-0.559211875465888,18.5292638602285,-8.80719505275338,0.0000335734097802225,0.000213689836642989,2.19861152698204
"O95239_KIF4A",0.056768438018679,19.839867051156,0.486931975410209,0.640706241896039,0.694486486512936,-7.91580960626546
"O95243_MBD4",-0.0884189275821292,17.7845185072972,-0.774580628354224,0.46243865718517,0.529794912870975,-7.72155794529545
"O95248_SBF1",0.496546877954426,17.6398335729342,6.67319551913403,0.000215305076131383,0.000871997022926144,0.137297731264566
"O95249_GOSR1",0.128694804829038,19.2648087211185,1.66866971922604,0.136485464224501,0.185013088734905,-6.70836002381445
"O95251_KAT7",-0.115960863333072,19.3727873595863,-2.00193779067722,0.0828764845193355,0.119976882614021,-6.23194422279198
"O95260_ATE1",0.559740183520969,19.2228408021027,9.65228006198323,0.0000178130610286024,0.000136854689074293,2.90213257381846
"O95273_CCNDBP1",0.878862248920644,17.9766922087187,10.8398343791407,0.00000789603998305256,0.000077095353159304,3.80435032690368
"O95274_LYPD3",1.14748423403555,18.2842241760414,7.64347819171442,0.00010726428459024,0.000512148241427099,0.964045367621576
"O95292_VAPB",0.538823541082674,22.772464204208,10.666175430061,0.00000884854078315669,0.0000833846698848245,3.67813912072985
"O95295_SNAPIN",-0.0597524644808445,19.5025505676853,-0.862899979272509,0.415082315109486,0.482591881492319,-7.64641221047925
"O95297_MPZL1",-0.156426146647966,18.088512198189,-1.52625749075518,0.168180506845264,0.221810462123301,-6.90026017889275
"O95298_NDUFC2",-0.166484026827213,19.4942432527485,-1.85529196466126,0.103354664399691,0.145029773149246,-6.44556762399354
"O95299_NDUFA10",-0.223055309639363,21.1050634861203,-4.0934295745163,0.00402975029318788,0.00913842597793292,-3.0779582510357
"O95302_FKBP9",-0.133707376021558,20.0318771626284,-2.12197811446331,0.0691128520277443,0.102610258154016,-6.05347785804562
"O95319_CELF2",-0.39754872378624,17.3108759423305,-2.9033281576311,0.0250386300710805,0.0425858274420032,-4.88007322401841
"O95336_PGLS",0.35665355159103,22.1166735504201,4.37421279223178,0.00280102323397927,0.0067334332230235,-2.68325257446911
"O95340_PAPSS2",-0.270306710133525,18.1775068894803,-2.68944408360321,0.0293366767059623,0.0488046288332347,-5.18556423201089
"O95347_SMC2",-0.295466259336099,20.5216214356372,-3.18964188031842,0.0140504976702481,0.0260972125225659,-4.41566381243253
"O95352_ATG7",0.519682969432289,20.6719176688024,10.8839220870463,0.00000767299199625785,0.000075596861558986,3.8360990882967
"O95359_TACC2",-0.545080657319915,18.3261677404705,-6.55905207723037,0.000240785149004798,0.000945000951150924,0.0134901171881001
"O95361_TRIM16",0.0909409022140011,19.7696650025887,0.770385934264668,0.465497322002057,0.532497011753293,-7.72413544354506
"O95363_FARS2",-0.0880532369098432,17.0897406654771,-0.583582242582665,0.576721614742619,0.635362775453702,-7.85979431672336
"O95365_ZBTB7A",-0.181662185260741,18.6708536526612,-2.51805901024233,0.0379492190202092,0.060933134172201,-5.45008634634431
"O95372_LYPLA2",-0.0771713505391531,19.6567724211801,-1.42211261775701,0.195446754108618,0.252217171996972,-7.03488321602473
"O95373_IPO7",-0.171749084387351,22.3476356659213,-3.23659478276556,0.0131313426133094,0.0246792665966965,-4.34408368508913
"O95376_ARIH2",0.235630110196695,18.5852503634604,2.84251934494758,0.0233558199240415,0.0401093624615623,-4.94906698380997
"O95382_MAP3K6",0.326286567464209,16.6565672606133,1.48731804661041,0.187325522043326,0.243056622426055,-6.92695267609628
"O95391_SLU7",-0.325379477222072,18.6393556660496,-5.9001886103088,0.000472823461874877,0.0015884696338429,-0.732316883886431
"O95394_PGM3",0.771546670147732,21.2586134766385,13.1437517740516,0.00000200104002143232,0.0000313872222199504,5.32182418068952
"O95396_MOCS3",-0.174058691895286,19.7633027703391,-1.70117749180425,0.130277114007931,0.177578446083212,-6.66363835735577
"O95400_CD2BP2",0.0366877992694405,20.7961153521773,0.564882485454284,0.58873852401181,0.646821495541503,-7.87144436204461
"O95405_ZFYVE9",0.615525617719751,17.9952245036678,4.63223105360725,0.00206208480491829,0.00521416789435124,-2.34315241806088
"O95425_SVIL",0.882423184791627,17.8227572726949,13.2544050995518,0.00000188410362067882,0.0000302331057782344,5.38818855610195
"O95429_BAG4",-0.0381874075144104,17.8018802147582,-0.4264770132326,0.681804097232541,0.730497529729639,-7.9466451577197
"O95433_AHSA1",-0.0289929422266333,23.8483723043253,-0.429233322631015,0.679884491073292,0.728646109497458,-7.9453410862226
"O95453_PARN",-0.195161882649508,19.9347132766623,-3.18567111345163,0.0141312981948498,0.0262152814804945,-4.42172504269301
"O95456_PSMG1",-0.243351140791507,21.5664599490226,-4.35626201586206,0.00286591041772265,0.00686771097580293,-2.70815817808126
"O95461_LARGE1",-0.186700658468267,15.6894643804928,-1.0914773147497,0.345237875145657,0.4136545807117,-6.70978451031315
"O95470_SGPL1",-0.313314879956629,20.8730291230274,-6.21526234085392,0.000340238257999755,0.00122472891166405,-0.368893440165658
"O95471_CLDN7",-0.762524425493879,18.2712971111232,-4.45785782375962,0.00290822592950786,0.00694504440183259,-2.67040657699068
"O95478_NSA2",-0.5172665596378,20.2067726149286,-4.37831618471403,0.00305478818743759,0.00724048580668442,-2.74278980897968
"O95479_H6PD",0.489236565094995,17.2090968382339,4.29695338184606,0.00309222857298114,0.00731554915275104,-2.790766850333
"O95486_SEC24A",-0.212650858179522,20.250765269802,-3.92656827653509,0.00503000937896629,0.0109685353602115,-3.31760036317741
"O95487_SEC24B",-0.0137453159261938,19.5146781793364,-0.191252804309242,0.853431830073355,0.878495398502901,-8.02777161825053
"O95497_VNN1",1.76014363283597,17.3733104406877,3.92732687691369,0.00840334374811188,0.0169089504095606,-3.65674863168579
"O95502_NPTXR",1.30319345936139,16.275565052938,3.75600502712933,0.0176460932751119,0.031669699256843,-4.07596561135573
"O95503_CBX6",1.57025006401619,17.3920495672334,12.0231374218328,0.00000378601019413241,0.0000481545042417577,4.61790767423964
"O95528_SLC2A10",0.414163882163789,16.0206457203698,5.11406487474419,0.00113555847443809,0.00315797358558541,-1.69661512657744
"O95544_NADK",-0.303830736924414,16.768102323039,-2.14649201506745,0.072248706967464,0.106641503045708,-5.98382694516814
"O95551_TDP2",-0.393634009086234,17.7826510118973,-5.01866614646682,0.00127014064182657,0.0034713222140614,-1.81945820297152
"O95562_SFT2D2",-0.00861549841548737,15.57447186746,-0.0509668401182961,0.960905228259998,0.967446470528749,-7.75915142880492
"O95563_MPC2",0.363510325346937,19.5802270866926,5.0652566770622,0.00120233871752675,0.00332424147055924,-1.7593036238979
"O95571_ETHE1",0.10824025542578,19.4435511147754,1.40085145862951,0.201474862148538,0.258941838712703,-7.06170712899404
"O95573_ACSL3",2.60979829035968,20.4424799271803,41.0542901987579,0.000000000465377648422571,0.00000032892394552901,14.0277345014712
"O95602_POLR1A",0.167603265351868,18.9175585424778,2.74235180060113,0.0271074242002388,0.0455946635265405,-5.1038056221063
"O95613_PCNT",-0.0948957630889211,17.7839485522485,-1.20600806583162,0.264684076847323,0.32879096660146,-7.29581279854029
"O95619_YEATS4",0.13319998428317,18.5578115954161,1.83450027035092,0.106626944559617,0.148917469761375,-6.4753926459712
"O95625_ZBTB11",-0.122439776827143,17.5695032295504,-1.56809893434229,0.158230546856428,0.210512775824731,-6.84475900536416
"O95628_CNOT4",-0.354108450459115,17.8915851978981,-4.26336211587659,0.00322900137839211,0.00758720558666988,-2.83777294233254
"O95630_STAMBP",0.0155769884967185,20.2508538806036,0.315915816604951,0.760726826389989,0.800305132361278,-7.99228000386788
"O95639_CPSF4",-0.0334008103143368,19.1669854800733,-0.412325234047614,0.69169907404065,0.738705863121761,-7.95321450810844
"O95671_ASMTL",0.258461469813604,19.7313516499676,3.70907278759374,0.00675713501058661,0.0140846173994305,-3.63535004459035
"O95674_CDS2",0.535073970372164,17.1547655446576,4.90960982149359,0.00144590791105097,0.00388195396097907,-1.96146927429274
"O95684_CEP43",-0.406406581483903,19.7298491664991,-3.51233094267887,0.00922659619689803,0.0183087635464666,-3.95178677125612
"O95685_PPP1R3D",1.26619007836095,19.0772467992176,16.3902982279195,0.000000405487952311105,0.000010708824184994,7.07275985095615
"O95696_BRD1",0.0632267055861213,18.0643627551772,0.829668425967711,0.432482663055625,0.500839490498257,-7.67547936029307
"O95707_POP4",-0.172600674438968,18.8432260404833,-2.81285176383649,0.0244070032135596,0.0416606073703623,-4.99488193201763
"O95714_HERC2",0.26639472208111,17.8454531592317,3.66442489312121,0.00718537166801109,0.0148349448715777,-3.7012951678406
"O95716_RAB3D",0.425672224048824,20.5561823261467,4.86124842305012,0.00153227758617818,0.00406788946613307,-2.02498642119861
"O95721_SNAP29",0.067021400549411,20.6108382538598,1.30957730069657,0.229245494987163,0.289497133467103,-7.17410851029912
"O95747_OXSR1",1.05257557902638,21.4290669492554,6.47797449218792,0.000437548320178199,0.00149304285476688,-0.491311296555417
"O95749_GGPS1",0.52368812020838,19.2251736107155,6.67967658879518,0.00021395121409372,0.000868826980457467,0.144281503510557
"O95757_HSPA4L",-0.476562528074236,21.3996380388847,-9.32665662090096,0.0000226076349087332,0.000159967195131155,2.63759521323036
"O95758_PTBP3",-0.108745883600378,20.8948798067378,-2.20537419856787,0.0609077210279434,0.0918810246208921,-5.9279780297134
"O95772_STARD3NL",-0.1140859356076,15.1921243088506,-1.21722374357081,0.284020755821761,0.349670098540031,-7.11669672995328
"O95777_LSM8",0.139714151052413,21.0667635050375,1.13274482697581,0.294381861609823,0.360442440341969,-7.37614844783775
"O95782_AP2A1",0.127358951632182,21.5053881704707,2.58865296667007,0.0341234765318036,0.0556163785597867,-5.34123028637383
"O95785_WIZ",0.485664818213262,18.928097643195,4.59442449774705,0.00212321076464413,0.00535448974664565,-2.38143269425742
"O95786_RIGI",-3.03802267109171,20.7400404589427,-20.6007978219069,0.00000106909665412417,0.0000207968008983847,6.49019742677044
"O95793_STAU1",-0.310395595546648,21.6464873871132,-4.79183643725071,0.00166631310630131,0.00437788514215121,-2.11673425998644
"O95801_TTC4",0.153487709400782,19.3957308416246,1.73932290913507,0.12290924130035,0.168684173462733,-6.61023275856781
"O95807_TMEM50A",-0.0671473018220681,18.0427044821932,-0.87029041716966,0.411281482128906,0.478790177751864,-7.63982066116995
"O95816_BAG2",-0.275854319367319,18.9489801542375,-4.07279901065641,0.00414081537428536,0.00934570971418826,-3.1073861486801
"O95817_BAG3",-0.909787638265755,20.9798900462244,-11.195811628211,0.00000628342112754355,0.000066377362633467,4.05739575860044
"O95819_MAP4K4",-0.408200818369604,16.0971507729142,-3.45700986938762,0.00959489745743522,0.0189604546794628,-4.01060987966375
"O95822_MLYCD",-0.178036201479262,19.0413854210361,-2.72444349615408,0.0278416324498189,0.0466542093882623,-5.13147986122527
"O95825_CRYZL1",0.342545102958166,18.6082375336636,5.5601198396455,0.000683861695367326,0.00212217546102158,-1.13912978764914
"O95831_AIFM1",0.51637305308352,22.284280538833,11.4200291601459,0.00000545948312503846,0.000061065924483886,4.21300848830679
"O95833_CLIC3",-3.09104406472683,19.1901896240059,-15.4585361959206,0.00000199844313381252,0.0000313872222199504,5.55181041199669
"O95834_EML2",1.91829995001056,17.9567228469149,24.1282625757726,0.0000000238212804416932,0.00000220429983558108,10.1124890930043
"O95835_LATS1",-0.309741198813153,18.082785587199,-2.48571634224124,0.0398462046885162,0.0635603313984599,-5.49988357243353
"O95841_ANGPTL1",0.076863215060488,17.5698410366817,0.889710096455783,0.401413696885711,0.468994251691662,-7.62228251499803
"O95848_NUDT14",0.619732398816623,18.5412793667416,6.30104969262338,0.000311718036187091,0.0011503771874037,-0.272117580301591
"O95857_TSPAN13",0.86413220952242,19.7562484653601,8.37635076544244,0.0000489594796915344,0.000285134611434771,1.78865509348371
"O95858_TSPAN15",0.618984663422946,17.6246920508924,6.32685124108315,0.000303668307857061,0.00112558535553646,-0.243189734515051
"O95861_BPNT1",0.538321345035126,20.6446880105592,8.09255395869862,0.0000598084167023158,0.000328924669152432,1.55761277543334
"O95865_DDAH2",1.01637098217531,20.1646313813014,12.4162390942774,0.00000300908762312039,0.0000415374237049976,4.87168067689715
"O95870_ABHD16A",0.155356706935908,19.5813819165656,2.85603691258509,0.0228926345588433,0.0394385908164353,-4.92819853600207
"O95873_C6orf47",-0.128765526710044,17.9135530476912,-0.869264957142872,0.412443509264973,0.479743895315703,-7.64003077232467
"O95881_TXNDC12",-0.0387417131767727,21.0288649255751,-0.668225000415336,0.524129992368235,0.587897466738357,-7.80278255716802
"O95900_TRUB2",-0.561888459015119,17.7368272611038,-7.7787146626163,0.0000781069192855621,0.000406904950743826,1.26136575714142
"O95905_ECD",-0.809389206803516,18.8684499376642,-12.6512025185809,0.00000263141071205516,0.0000377632261809275,5.01975532218385
"O95926_SYF2",-0.101339794745755,17.8305310157861,-1.53217729043626,0.166739021388167,0.220176561923333,-6.89245486377619
"O95983_MBD3",-0.490880462363457,19.2021878435753,-4.81506093832523,0.00162008430927765,0.00427266340373295,-2.0859598517285
"O95985_TOP3B",0.0517074279473135,17.1522883216046,0.588675959488132,0.573472669413237,0.632241357233959,-7.85656086608737
"O95989_NUDT3",0.0799808496117791,17.8141699215513,0.658954799568561,0.529742367562232,0.592793945516895,-7.80936313312424
"O95994_AGR2",3.30443774976056,22.2285365148332,26.6558718564337,0.0000000265130086074733,0.00000229156753941411,10.0937633731057
"O95999_BCL10",0.132949710108672,18.7806824479336,1.95640105906078,0.088772386234075,0.127300673019678,-6.29884986336399
"O96000_NDUFB10",-0.0749011910491184,21.7953324077072,-1.60402212229794,0.150120786357195,0.201190602755418,-6.79650781695738
"O96005_CLPTM1",0.134592080121845,21.2463774687339,1.19367099774827,0.270753101820015,0.335246062424551,-7.3087032831028
"O96007_MOCS2",-2.9247296580394,20.7778395520345,-50.3115673201004,0.000000000102674339905962,0.00000011156300418925,15.3665810188367
"O96008_TOMM40",-0.172616096454046,22.924072560524,-3.33134225085683,0.0114654264864563,0.0220328534249587,-4.20019240155169
"O96011_PEX11B",0.0546493449928214,19.8994081843279,0.400098090495047,0.700933853253015,0.747204329059906,-7.95815982620841
"O96013_PAK4",-0.0971848039177239,20.5874839423217,-0.983592291706854,0.35660787073211,0.424469399810396,-7.53269930973221
"O96017_CHEK2",-0.555219229839036,18.4762320002863,-5.29232117447747,0.000924251007979967,0.00267905989584437,-1.47051261095935
"O96019_ACTL6A",-0.369350729219256,21.140362377367,-6.03193316033063,0.000411438354185806,0.00142124490588603,-0.578808509947689
"O96020_CCNE2",0.675303559054555,16.3687744291647,3.74012289805443,0.00908744465993468,0.0180940063045715,-3.74985226731116
"O96028_NSD2",0.761563303806433,17.9720131252011,6.85731227106587,0.000180299208655422,0.000760175044918594,0.333798735261754
"P00167_CYB5A",-0.00264913335542261,20.4505813387401,-0.0371198488195777,0.971363829364664,0.976370197720052,-8.04766122336138
"P00338_LDHA",-0.665865030215119,26.5065549805886,-10.7433078981392,0.00000841035698054576,0.0000806151207947879,3.73442609530245
"P00367_GLUD1",0.735412226673315,22.1263409212045,7.2398791552443,0.000148396144527846,0.000652211685030216,0.595303433843528
"P00374_DHFR",0.255371847713569,19.8991837004993,4.21809355162938,0.00342385040978066,0.00796629128687418,-2.90136785787377
"P00387_CYB5R3",0.602923692230277,21.4960744204231,7.42944587398731,0.000106222187344203,0.000508954528023657,0.920275539206179
"P00390_GSR",0.64125508846697,21.7924506602531,14.9878314041829,0.000000776252479819532,0.0000166784642980434,6.36281255605484
"P00395_MT-CO1",0.130953428243281,18.8420865582746,0.582703614195559,0.579582754777481,0.638052747552109,-7.85785654003376
"P00403_MT-CO2",-0.307630517381504,22.7589925921039,-2.22919082066611,0.0621527737147026,0.0935181002718157,-5.91188084910732
"P00414_MT-CO3",0.00721735698348169,16.412132807576,0.0423365505003658,0.967368343325104,0.973125726667205,-8.04742354970304
"P00441_SOD1",0.506453679495241,21.1721822691484,3.61164297604877,0.00888979891750715,0.0177694979518039,-3.86840504817067
"P00450_CP",0.315087546827431,15.5140472713697,1.32025365259608,0.243445698358423,0.305049090891955,-6.67449795195393
"P00491_PNP",-0.179109626069188,22.8237540360927,-2.94988233522978,0.0199305552024269,0.0350906951087174,-4.78347156533641
"P00492_HPRT1",0.458280405853564,22.8432685285408,7.71199188747574,0.0000827603219216381,0.00042446055868913,1.19715249318608
"P00505_GOT2",-0.0475529977135665,23.4750123254388,-0.951597004292248,0.371122107627002,0.438861124162155,-7.56433094015116
"P00519_ABL1",0.0613931048366041,16.8893442334964,0.76768230612382,0.466286957577645,0.533159741331264,-7.72713923785426
"P00558_PGK1",0.0739019528189395,25.3572745785463,1.38094553566954,0.207266743713428,0.265354460980362,-7.08660721122844
"P00568_AK1",0.672572022443191,21.9328221922926,12.2771777380046,0.00000326126391495908,0.0000439029616587235,4.78278621491306
"P00734_F2",0.718982014979975,18.1004406668828,1.54799863265195,0.176027403038958,0.230560431808906,-6.87434601552991
"P00747_PLG",1.32025749325325,18.2726266895231,3.16474799285344,0.0210434964035306,0.0367102829461592,-4.66186908777745
"P00813_ADA",-0.745852381463267,16.2661807915745,-5.75666116088847,0.006982662470364,0.0144911680080733,-2.53515892873134
"P00846_MT-ATP6",0.138940937429506,20.3874185453345,1.35722389763114,0.215057232295958,0.273944952075541,-7.11573957470128
"P00918_CA2",-3.36947232438186,18.7300977180323,-51.1666924895584,0.0000000000905785212667608,0.00000011156300418925,15.4720850014442
"P00966_ASS1",-1.94361313679974,22.755269372461,-8.98235609107772,0.0000897467714777166,0.00044732237474411,1.39553433882312
"P01008_SERPINC1",1.55622808338793,18.1810916838367,4.24656487970277,0.00569123746263726,0.0121628412871085,-3.23778879295491
"P01023_A2M",1.47591349288241,22.3723601995547,3.28126667551861,0.0204792500330537,0.035898865119015,-4.57118605960224
"P01024_C3",1.42912928252692,19.8705535861151,3.47327220425086,0.0156926573919054,0.0286299717253136,-4.29923966900686
"P01031_C5",0.179144068882437,15.5403862791405,1.08097146743595,0.349294506181258,0.417402231789833,-6.72069590123016
"P01034_CST3",0.419116542985524,17.4311549587451,4.55776465153321,0.00222232848318405,0.0055547257453493,-2.4312002662467
"P01106_MYC",-0.339320255206964,16.031667997788,-4.49728700927463,0.00239709452924001,0.00590615516339473,-2.51371991638496
"P01111_NRAS",1.28484050866254,21.5998594884922,15.5860251182251,0.000000584489819360456,0.0000138110562073561,6.67345965834174
"P01112_HRAS",0.728348024937851,19.2280007673685,4.48680251694796,0.00291214419960753,0.00695221870126016,-2.65796323599445
"P01116_KRAS",0.330807395473858,18.2255595883115,2.76391301901922,0.0262500441177007,0.0444078815745622,-5.07048803721957
"P01130_LDLR",-0.0151141282798477,19.2327235064663,-0.198403070236729,0.848031517658439,0.874112586831867,-8.02620130585892
"P01137_TGFB1",-1.22639088234648,16.3709998882662,-15.5441312938422,0.000000596018979502549,0.0000139058906690073,6.65209544475297
"P02144_MB",0.251834356174289,17.1171560914136,1.77287373152114,0.11691736705389,0.161451251599834,-6.56303034102602
"P02452_COL1A1",-0.0599866151445063,16.6077579958902,-0.288939432610068,0.783287194232491,0.818700343456414,-7.51984953994759
"P02461_COL3A1",0.129296837477048,15.7768286563355,0.535221622321491,0.614834386633657,0.671225828152087,-7.40268834281229
"P02533_KRT14",-0.11798709757676,16.0419296664261,-0.150790104546062,0.890969187626843,0.909425779619806,-7.38887438289796
"P02545_LMNA",-0.330638258873059,23.8656765596926,-6.12954386073681,0.000371663627903302,0.00130692258614541,-0.466512146224915
"P02649_APOE",-1.55660289897178,19.5008562263274,-7.96921670936461,0.000128095849312749,0.00058621963289577,0.890654512209984
"P02656_APOC3",-0.187654767333315,15.5294130754303,-1.74472227891949,0.121925755582286,0.167546033777572,-6.60266177335725
"P02686_MBP",0.0505086905346097,16.2963986198728,0.465346074701965,0.654970558570248,0.707126482396778,-7.92751969595385
"P02749_APOH",0.333851308617666,15.9120423512153,1.63956735054527,0.157550061095591,0.209680798721446,-6.28001818145012
"P02751_FN1",0.100461803273486,16.4682977152984,0.505714584295977,0.643574290412128,0.69690006447532,-7.20825045824682
"P02753_RBP4",-0.918893894675325,16.2965981488262,-6.41415331206918,0.000981811032767158,0.00281479634950132,-0.830525306003807
"P02760_AMBP",0.764992577946499,16.202275407466,2.19178213019196,0.101171080217177,0.14237898551653,-5.59307187223143
"P02765_AHSG",1.90122953708655,23.6804333337149,3.53856974713807,0.0153512385771513,0.0281142959999599,-4.24775756756948
"P02768_ALB",1.94546946150929,26.8190868550882,3.66270331542783,0.0134083376906105,0.0251191666194049,-4.09512632468318
"P02771_AFP",1.84452273672332,20.8789025084388,3.20518663281819,0.0223457160847034,0.0386276173955122,-4.66857293123369
"P02774_GC",1.74107339949924,20.0752577287222,3.29784308910099,0.020096168171779,0.035325041625734,-4.55007081572413
"P02786_TFRC",-1.10235952492708,22.8484696906643,-13.452608082913,0.00000169342193385748,0.0000283080598437803,5.50573514787425
"P02787_TF",0.134102692112307,15.3425226520229,2.03200760914538,0.0791947775816481,0.115349574547303,-6.18751019511108
"P02788_LTF",1.51013693601228,23.3499477655287,3.36231214282356,0.0186809041443673,0.0332091141907098,-4.46830819181085
"P02792_FTL",-0.163053281129724,16.9628892233757,-2.23132724368187,0.0585581105804937,0.0889185444350639,-5.88870915516612
"P02794_FTH1",0.263306296636273,20.5302227896035,3.0367862785599,0.0175450851308173,0.0315032855299803,-4.6497713410681
"P03372_ESR1",2.53955901352178,17.785739065529,20.9489062911681,0.0000000673845925486396,0.00000400411883535119,9.0111783200071
"P03886_MT-ND1",-0.02033560998224,18.9444368153539,-0.1171747127189,0.91007451115934,0.924662935062509,-8.04059288982598
"P03891_MT-ND2",-0.224464209709005,18.0670506859242,-2.81658281768615,0.0242721360591769,0.0414490046848,-4.98911920793922
"P03897_MT-ND3",-0.415477723347148,17.9396865599541,-1.6674253182636,0.141999273861383,0.191735571984675,-6.71421045412119
"P03905_MT-ND4",-0.190723465877475,18.8740196263535,-1.00048677549467,0.351731831638523,0.419577840317633,-7.5130450314876
"P03915_MT-ND5",0.127159763700732,18.7096663315818,1.15946231796971,0.282045974218145,0.347576422537785,-7.34831944010359
"P03928_MT-ATP8",0.0556717726946161,18.2457511106193,0.29213874370005,0.778779939459017,0.814661012175118,-7.9999255470032
"P04004_VTN",0.390215975394689,19.5838397833832,1.70319951423655,0.136676894890677,0.185173577224526,-6.66733979997494
"P04035_HMGCR",-0.313905014861948,19.0780690122302,-4.47113701362852,0.00247727088315142,0.0060800652911422,-2.54956165267716
"P04040_CAT",-0.314235373672684,20.7553546423242,-4.87409911378567,0.0015087869466443,0.00401533712952293,-2.00807598182438
"P04049_RAF1",0.578778893796429,18.6666837265872,5.88825375348058,0.000478868343813354,0.00160311295028361,-0.746334751899011
"P04062_GBA1",-0.671780914911693,20.5137707502619,-10.7030352989561,0.00000863601390376429,0.000082106902190039,3.70508335000016
"P04066_FUCA1",0.15660548781873,18.713160415577,2.16429607890525,0.0648204728329922,0.096975711323316,-5.98993247379003
"P04075_ALDOA",0.461569650485085,26.7297085337206,6.17966989865077,0.000352913337342561,0.00125962404684539,-0.409314807396469
"P04080_CSTB",0.765949796812539,24.1361693347581,9.82436457785261,0.0000157488694846169,0.000125168130929985,3.03879655142251
"P04083_ANXA1",-0.699019862348143,15.5493430094442,-7.01854552696112,0.000301164749833629,0.00112001000222216,0.22412403536755
"P04114_APOB",1.26148452793914,18.7278843520022,4.92615075612717,0.00228012790173084,0.00567124029449469,-2.29137457392725
"P04150_NR3C1",0.803289240413871,18.8446322934735,8.42393743305238,0.000045528422999029,0.000268233296150747,1.86044955691756
"P04155_TFF1",-2.11096680243245,16.5442207147608,-12.4382770743218,0.0000409913917477826,0.000248232902574549,2.64854143279578
"P04156_PRNP",-0.132786606601183,16.8885733116213,-1.10962920231463,0.306769603274039,0.372908678680253,-7.33892947644072
"P04179_SOD2",-0.187760952137392,19.9729084866167,-3.26925196879882,0.0125298023186047,0.0238075634362496,-4.29440145945577
"P04181_OAT",0.176816736763765,23.2860650478648,1.30550438290213,0.233968386073282,0.294629725906189,-7.17726404861223
"P04183_TK1",-0.0592610875454227,21.8185706392797,-0.924506889205815,0.384165590890723,0.450920290789327,-7.59007951414883
"P04217_A1BG",1.17239447504759,18.6367460021178,1.12949631905169,0.365169159865066,0.433506575610066,-6.8330802309997
"P04264_KRT1",-1.09665307743279,19.0455440617972,-1.23753488019191,0.268478858132968,0.332961062279367,-7.24937026038228
"P04350_TUBB4A",0.354994934479556,22.3023188661395,0.511340215119946,0.634611799559461,0.689354091323802,-7.86744449920114
"P04406_GAPDH",-0.522534485008091,28.3541538538367,-6.72747892621665,0.000204253777120647,0.00083616534727157,0.195640133411743
"P04424_ASL",0.446227925457958,19.1551886613787,5.43788125059232,0.000783730879570934,0.00235335849586124,-1.28916757273802
"P04439_HLA-A",-1.26446938752957,17.8015969207606,-4.59765623370457,0.0030193376188312,0.00717210553679891,-2.63372277786019
"P04626_ERBB2",1.10794135584719,17.7329279563608,9.585300894989,0.0000186974346127149,0.000142640609492788,2.84836114630369
"P04632_CAPNS1",0.702656395706267,21.9177346147281,10.885691348949,0.000007664190285973,0.000075596861558986,3.83737073130439
"P04792_HSPB1",-0.145002311814427,27.106805741257,-2.08859411968386,0.072696758478993,0.107219613145476,-6.10338995490101
"P04798_CYP1A1",2.57378708986263,17.7726007600452,14.4915385440982,0.000322941504330061,0.00117977573579944,1.34540878249316
"P04818_TYMS",-0.197843245681284,19.4223467416944,-2.50782605867022,0.0385392059031667,0.0617244051588725,-5.46584767558333
"P04843_RPN1",0.0185798072415864,23.5211149163757,0.364741122624096,0.725431121991931,0.768579065868592,-7.9737434234237
"P04844_RPN2",0.367511843259315,22.6200955618971,4.52212155733195,0.00232357246808152,0.00575611383085955,-2.47977108077118
"P04899_GNAI2",0.404935872312329,19.4729603744345,6.72442110100117,0.000204859212204979,0.000838170612173788,0.192362785458458
"P04920_SLC4A2",-0.309902012055893,19.9039588990855,-4.22743859823546,0.0033826014130102,0.00789204489182687,-2.88821633566929
"P05023_ATP1A1",0.679906251458949,23.1452430886002,12.6376212364474,0.00000265172306938885,0.0000379830615174606,5.01126788619257
"P05026_ATP1B1",0.453778994501711,21.7417682878353,5.79050058097847,0.000531735174232906,0.00173802223258078,-0.861852663582786
"P05067_APP",-0.297446623083289,25.1699890041009,-5.67071648617561,0.000605536623636629,0.00193517292410933,-1.00513128530786
"P05114_HMGN1",0.97606410932886,22.38514671934,11.5140144788527,0.0000051509199936395,0.0000590148262415559,4.27739740169083
"P05141_SLC25A5",0.528674355793957,25.2678237195507,6.38971718410499,0.000285006189171444,0.00107848610688458,-0.173049478320885
"P05155_SERPING1",2.18120812717838,17.8899375617098,3.59626766582704,0.014411098296407,0.0266554175772895,-4.1765328029101
"P05161_ISG15",-0.274275878516789,22.2246320411224,-1.15371440669093,0.292346000365905,0.358238066502832,-7.34808033299011
"P05165_PCCA",0.0435898926508322,18.9197106524266,0.653234405906887,0.533224020288753,0.595682169187149,-7.81338301194289
"P05166_PCCB",-0.198130259147955,20.8331234988065,-3.56053847407678,0.0082989633517944,0.0167235209224789,-3.85562803081294
"P05198_EIF2S1",0.129888581205304,23.8361530187765,3.00544748880327,0.0183687149048819,0.0327502216517889,-4.69794295605778
"P05204_HMGN2",0.490793029850838,19.9720427160776,1.76183261252637,0.128713681901514,0.175636215382654,-6.59106186845011
"P05362_ICAM1",1.50654221552321,16.234369097249,15.0760410269943,0.000000743949184430644,0.0000160752201613053,6.40939016055075
"P05386_RPLP1",-0.347088845844372,24.0773983365148,-4.22512415969033,0.00339276668363622,0.00791090845975999,-2.89147237846004
"P05387_RPLP2",-0.252846114376702,25.1638710216593,-4.66208004296783,0.00195276171060607,0.00497411439078023,-2.29009028105513
"P05388_RPLP0",-0.467665782581985,24.2112649023415,-3.88715578358413,0.00594017159352694,0.0125887280970649,-3.45024304695252
"P05423_POLR3D",-0.576291722602765,18.2752698888209,-7.80136346632057,0.0000765945297843532,0.000400908647505844,1.2830630604018
"P05452_CLEC3B",1.5278134862903,17.1096895348034,4.26203723412959,0.00482153543335515,0.0105764834430042,-3.11697082096394
"P05455_SSB",-0.18649409941094,23.0726919240198,-3.5456276434539,0.00847344019762864,0.0170274732214434,-3.8778787136445
"P05543_SERPINA7",1.48387542079107,17.1092704394865,3.5749466277151,0.0115399891232619,0.0221425724701135,-4.05300163068385
"P05546_SERPIND1",0.78177673608127,16.9837606164137,1.99288746528838,0.0919308821937594,0.130941252802572,-6.26892819187194
"P05549_TFAP2A",0.54248327395652,17.7747685438721,3.31279354661298,0.012439797583196,0.0236601901519851,-4.26125190558287
"P05556_ITGB1",-1.12001166894957,21.6169303797585,-20.0856345817112,0.0000000917720582288958,0.00000474842363870055,8.68054806789805
"P05783_KRT18",0.10780271969664,26.768029438825,0.2713795917283,0.796254224217689,0.830086297889219,-8.00508243557572
"P05787_KRT8",0.13713299202826,28.7144785328539,0.415563258390129,0.692999586553684,0.739575537438939,-7.94848052440799
"P06132_UROD",0.024334397950188,20.0382066091606,0.221515065490643,0.830774816038429,0.85935988722811,-8.02066002334222
"P06213_INSR",-0.269434732374016,16.7651605510757,-2.14843514829962,0.0663973445517883,0.0990996915178523,-6.01378414147264
"P06280_GLA",-0.256517403217636,18.5264841711898,-3.87165348501317,0.00541565562319791,0.0116557641751083,-3.3972660271144
"P06396_GSN",-0.677624404946972,19.5676046838595,-4.17901875877888,0.00432058064567558,0.00965687228651438,-3.08225875200572
"P06400_RB1",-0.160869276420499,19.9764775835518,-1.84578132364477,0.104839363126478,0.146663269439027,-6.4592258556988
"P06401_PGR",0.453270138630664,17.4964872765459,3.55532409176938,0.0301530530637673,0.0499551560886548,-4.34171504985421
"P06454_PTMA",0.467551144305009,25.4975277016846,4.97501151501406,0.00139922568890278,0.00377661837820955,-1.90986644420901
"P06493_CDK1",0.066336091754124,22.0564743689963,0.946048045313861,0.373766475012794,0.441028204925118,-7.56965277253604
"P06576_ATP5F1B",0.0869496443325986,25.0801508644436,1.95463942499458,0.0890084976452043,0.127567106291582,-6.30142843862169
"P06703_S100A6",-1.56679403694913,23.6890882559847,-21.551887414366,0.0000000547019735908083,0.00000344435304823464,9.23353170838553
"P06730_EIF4E",0.081998104012019,22.4214808931229,2.0858012582207,0.0730047773643114,0.107569611900998,-6.10755632662825
"P06733_ENO1",0.881048886768539,24.7271493657977,8.62788178469004,0.0000464489246769641,0.000272811213199219,1.88548286149861
"P06737_PYGL",1.6312869600586,17.747908933515,15.7539735451897,0.000000540734733292557,0.0000133968351186423,6.75853167066323
"P06744_GPI",-0.294903317249762,25.9099212307545,-5.93693459812329,0.000454737398800936,0.00154132471269159,-0.689274242597185
"P06746_POLB",-0.0509906828722748,17.523902160246,-0.46162739189108,0.657515366338255,0.709068747535626,-7.92941770994559
"P06748_NPM1",-0.57466192254299,25.9190228940888,-11.3908563195514,0.00000555945857539511,0.0000616561621624856,4.19292241396444
"P06753_TPM3",0.372019185726312,23.7338725464452,3.2650586340838,0.013637019136446,0.025484807752287,-4.34721485808464
"P06756_ITGAV",0.45852527954953,19.4819004697547,6.78660721434174,0.000192930317610678,0.000802750544719264,0.258800339342063
"P06865_HEXA",-0.418502964767587,20.9666840221888,-5.85284907644623,0.000497310856998576,0.00164816835657132,-0.788028384253148
"P07099_EPHX1",-0.296987892878885,20.1265436022532,-3.81169823048003,0.00587352236475193,0.0124822607170448,-3.48468292762303
"P07108_DBI",0.445775315968053,21.4946879135192,7.12272181366653,0.000140484089715064,0.000626331762234922,0.610297348544597
"P07199_CENPB",0.126875079520911,18.8501981241395,1.93361599430725,0.0918737719827162,0.13090101610783,-6.33214299214177
"P07205_PGK2",0.749010486290022,18.3601258312305,1.42567276532819,0.209722803895415,0.267912604371603,-7.02720264516589
"P07225_PROS1",0.224107729384226,15.7334575112657,1.29835276461153,0.274009569255052,0.3389910188279,-6.48578531381161
"P07237_P4HB",0.445987659515904,25.2549411756766,8.65192864375311,0.000037931072852146,0.000234175113728428,2.06312891381899
"P07305_H1-0",0.72799563329546,23.2573384656078,9.24388089303414,0.0000240472676846251,0.000166437838620126,2.56907124190093
"P07311_ACYP1",1.39848906126847,17.7532107740644,18.0877011514948,0.000000197643131032564,0.00000725059731945359,7.85366233514345
"P07339_CTSD",-0.992075339677701,23.2668988256312,-16.9494708176888,0.000000317602133532501,0.00000947326206920863,7.33883042900488
"P07355_ANXA2",1.11699538520953,24.7648177046006,5.10694727442719,0.0020181195670151,0.00512343705831671,-2.12996949313577
"P07384_CAPN1",0.737857241765628,22.6128655982052,11.3720709456444,0.00000562492810332577,0.0000618042541090999,4.17996309641139
"P07437_TUBB",0.380649461253302,26.6445450100015,5.13508614195421,0.00110806529630139,0.00309923919817256,-1.66971934498672
"P07602_PSAP",-0.705114832280493,21.8864078951391,-9.22607543464675,0.0000243702358372772,0.000168203279290681,2.55426223796374
"P07686_HEXB",-1.23665591798812,21.7118598935141,-19.2107081791746,0.000000127200352827894,0.00000557052589914317,8.3296197114317
"P07711_CTSL",1.0844931549408,18.7191663925189,10.0757985371171,0.000013199219291423,0.000109959761150672,3.23472481789302
"P07737_PFN1",-0.193874067360518,26.9428050598511,-2.22145064038144,0.0594413935092254,0.0900261328218177,-5.90366417816491
"P07741_APRT",-1.29818965780466,23.7699181201568,-17.9918357065041,0.000000205468693096605,0.00000737167396081499,7.81161142635858
"P07814_EPRS1",0.174620974062648,22.2507759998934,2.78865619148924,0.0253007651417254,0.0429644160901905,-5.03225817026269
"P07858_CTSB",-1.20858433918139,20.4606946852316,-18.234257385814,0.000000186322725862115,0.00000691302757515731,7.91750263295845
"P07900_HSP90AA1",-0.209401679791061,26.4171235080663,-3.06831620864731,0.0167555828742851,0.0302140738126629,-4.60136023290908
"P07902_GALT",-0.662077281789614,17.2664498756069,-5.78273055526553,0.00316522018289209,0.00745345656689699,-2.08629162429334
"P07910_HNRNPC",-0.0934918913818343,25.8960825936943,-1.78142919265375,0.115434310240488,0.159560053212374,-6.55093471803758
"P07919_UQCRH",0.117766825331234,21.2712863781642,0.940419348637271,0.378165158528835,0.445113617420353,-7.57320747917357
"P07942_LAMB1",-1.16328835049691,17.9599039557718,-9.86780054581648,0.0000152713439226823,0.000122138634990453,3.07295857586318
"P07947_YES1",-0.01164544989863,19.3921314878436,-0.158381763217917,0.878360739593037,0.899052847081566,-8.03425534760224
"P07951_TPM2",1.30931683104977,21.5707793716531,1.98348163275301,0.101520238797956,0.142808014850611,-6.30341815365117
"P07954_FH",-0.136462022000956,21.7315709998903,-2.7461605937131,0.026953878801108,0.045386584494405,-5.09791988662939
"P07992_ERCC1",-0.0916310152020223,16.8510798869077,-1.01877698784711,0.340220759318031,0.408216908234147,-7.49799780015715
"P07996_THBS1",2.53401040378314,19.0747759265923,9.09307235822344,0.0000835910195424243,0.000427280439946021,1.47618713550711
"P08047_SP1",-0.140681249299089,18.4088297146815,-1.7907928249779,0.113831638587344,0.157676824457356,-6.5376697260233
"P08069_IGF1R",-0.962363154715533,18.1644521375566,-8.15093355151601,0.000295878273258777,0.00110532914852959,0.319414880959618
"P08133_ANXA6",-1.59527295381852,23.9964459268193,-32.233548060784,0.0000000027999401921448,0.000000686978874240431,12.3041698990324
"P08134_RHOC",1.2845549938947,21.3806148058105,18.7511159051307,0.000000151872732850457,0.0000060699750492501,8.138450154603
"P08174_CD55",0.753765321382961,19.015823125744,7.38330078802724,0.00011072027163556,0.000523833381664669,0.874277871338009
"P08195_SLC3A2",-1.62870768860877,24.7690510285917,-25.2436880876488,0.0000000170687718868692,0.00000188152288364532,10.4611355916778
"P08236_GUSB",-0.640066629250985,19.3249571672003,-10.3352794582871,0.0000110442203435706,0.0000972249304782386,3.43241267563614
"P08237_PFKM",0.207851626313015,21.2487889940444,4.42038231414943,0.00264138279189337,0.00641864457352747,-2.61940375655961
"P08238_HSP90AB1",-0.0414350746933003,27.1243829168406,-0.448906329301202,0.666257063478821,0.716889358128526,-7.93580164652652
"P08240_SRPRA",0.110157830219915,19.854382877161,1.46164669900932,0.184662018814385,0.240338691838161,-6.98439638597644
"P08243_ASNS",1.12581903088967,22.4851411487213,7.18341074502401,0.00023856191242281,0.000937824575200125,0.190619249159793
"P08397_HMBS",0.270229113649265,19.9478463536705,5.69120917166779,0.000592143955525395,0.00190035735262707,-0.980483317870587
"P08559_PDHA1",-0.313710102711163,21.8145601975292,-4.68685359535039,0.00189414786384711,0.0048491715423834,-2.25680673953531
"P08574_CYC1",0.0577689829196508,23.5642137435659,0.976057076263565,0.359633316840849,0.427535324772038,-7.5405830677248
"P08579_SNRPB2",-0.21847020335014,21.5098038623761,-3.72241094211964,0.00663459617528294,0.0138633897003302,-3.61569552567986
"P08621_SNRNP70",0.119095617376161,22.9680571064445,0.933724982370207,0.381750605644626,0.448570231196204,-7.57917132958921
"P08651_NFIC",-0.0826475671591673,18.0766738404646,-1.16637109736358,0.279411099951946,0.344904103370286,-7.34061562643651
"P08697_SERPINF2",1.58241594571009,19.7601971949777,3.32156848744795,0.0195617838792298,0.0345213290453415,-4.51991448251382
"P08708_RPS17",-0.326834233288547,23.8238655586797,-5.54721271789328,0.000693711092777153,0.002143799772156,-1.15487591596913
"P08727_KRT19",0.273272610308872,27.6020148193252,1.00561337460162,0.353732237536803,0.421706488825224,-7.50356408360973
"P08754_GNAI3",0.18479250065436,21.3706638013324,3.34607558913428,0.0112272667261418,0.021666458742087,-4.17788798430248
"P08758_ANXA5",0.458435012372362,24.9529356950405,10.0120429932033,0.0000137986675589709,0.000113708196591043,3.18545761365994
"P08779_KRT16",0.156115348246281,23.3818949247784,0.474579471024914,0.653298599937866,0.705722077989975,-7.91817878304681
"P08865_RPSA",-0.354099745919413,23.6391507901234,-5.39147112595564,0.000825788131850538,0.0024582953154032,-1.34666904358934
"P08962_CD63",0.870970201821226,19.5392395618089,6.15242425963712,0.000454085415030063,0.00153980101057453,-0.618863572785032
"P09001_MRPL3",-0.53733600731935,20.0603857597027,-7.68726552504951,0.0000845629793926448,0.000430512731767374,1.17324409679785
"P09012_SNRPA",-0.0237978681190683,22.2452341017127,-0.527041898180774,0.613477711979107,0.670108559639556,-7.89394950594012
"P09104_ENO2",1.41707224559376,18.869071071578,13.65680045211,0.00000151944226864841,0.0000264459448405945,5.62509290638928
"P09110_ACAA1",0.476517951684308,20.282289048651,9.17091973728345,0.000025402045058518,0.000173436225058427,2.50823190418923
"P09132_SRP19",0.0982688867631545,19.9553545166693,1.48146392232541,0.179458677260089,0.234489383136959,-6.95879984193518
"P09234_SNRPC",-0.120315822121196,21.9098900923893,-1.70694316759745,0.128965727206886,0.175948577782166,-6.65542491316754
"P09327_VIL1",1.09276564821759,16.3837716763596,3.48653406267164,0.0214173959721234,0.0372174351756845,-4.38376491963571
"P09382_LGALS1",-0.41118270444505,22.9455831227703,-2.30770515116891,0.0572738548863082,0.0871772944297099,-5.80798521532765
"P09417_QDPR",0.64615885777371,19.9571497539818,12.1145091244472,0.00000358701768565272,0.0000466909093096641,4.67758505000224
"P09429_HMGB1",0.0234192547153853,26.2493888162871,0.193642102520139,0.851918938406056,0.877413059650164,-8.02711104599815
"P09467_FBP1",1.58309565612763,24.3360882509442,26.111831470274,0.0000000132985133761079,0.00000155613065751811,10.720619363935
"P09493_TPM1",1.39472362151511,20.1769541962558,7.93729185220048,0.000131241041424949,0.000595604674566134,0.863338421622091
"P09496_CLTA",-0.470876330409883,22.1164096576407,-8.96137143190291,0.0000297949457567737,0.000196038371475796,2.33116008139842
"P09497_CLTB",0.197655713704535,22.0179497692989,3.1826707568936,0.0141926784556096,0.0263098982045739,-4.4263057575181
"P09525_ANXA4",-0.0830798622319904,22.2084641539559,-1.82607023870391,0.107981760349696,0.150616040568456,-6.48744924655242
"P09543_CNP",-0.212014073025674,21.7696353784107,-4.52890141994,0.00230393210268839,0.00572109290664312,-2.47051824347981
"P09622_DLD",-0.428448147717059,22.9783558502801,-8.85060449071529,0.000032457773074357,0.000207631473510143,2.23612922129004
"P09651_HNRNPA1",-0.0120439167145427,22.8422810833323,-0.0897353403865318,0.931058300866698,0.942583446877693,-8.04383656575317
"P09661_SNRPA1",-0.299205398375538,22.368250522671,-3.96588799393022,0.00477217804575702,0.0104844558682923,-3.2607987666994
"P09668_CTSH",-1.15869543547952,18.4338614859394,-16.5075737944219,0.000000384984997129998,0.0000104578424577527,7.12932157341769
"P09669_COX6C",-0.231735371183923,23.0649758558474,-2.80214119655515,0.0247985154356493,0.0422449248166728,-5.01142603801472
"P09758_TACSTD2",-0.0520051828693191,20.9176812970531,-0.651075248760538,0.534541804974175,0.596935100371983,-7.81489218871799
"P09874_PARP1",0.0335432038667136,21.5608827996931,0.329024982837708,0.751464052230037,0.792078101616084,-7.98734403729094
"P09884_POLA1",-0.832848730439544,19.5990349214985,-14.5102698116389,0.000000981193720202541,0.0000195320372995695,6.10582429048611
"P09960_LTA4H",-0.757164343977159,22.7682410095628,-15.9322003815402,0.000000498304655807919,0.0000126759371641305,6.84781777453345
"P09972_ALDOC",-0.497975290483506,23.7520319812842,-3.62320100700545,0.00889791885870881,0.017777139700378,-3.86215405232349
"P0C024_NUDT7",1.14050637696384,16.2133684975819,11.9984794841676,0.00000384182424814354,0.0000485054806342091,4.60172981429048
"P0C0L4_C4A",0.617088309157863,16.1085048545638,2.16683463686398,0.0820974017573302,0.119030277881482,-5.58812005869835
"P0C1Z6_TFPT",0.0899360199566139,16.3713456950224,0.948790419388172,0.372457830367796,0.439893518288424,-7.56702569852257
"P0C2W1_FBXO45",-0.0238829370770013,17.6301410749287,-0.180397874252065,0.861645973237748,0.885012910655847,-8.03004641427765
"P0C7P0_CISD3",-0.201236806995265,16.4816354530974,-1.57505681736572,0.156629074221615,0.208674152834052,-6.83545576418623
"P0C7T5_ATXN1L",0.240090587536962,17.3254777385767,2.85161345784782,0.0230431412511366,0.0396619444118906,-4.93502698451379
"P0C841_FAM66E",-0.19072205344888,16.185853079689,-2.29736318248029,0.0529811413923049,0.0815077996419642,-5.78839740750949
"P0C860_MSL3P1",0.849892084325411,15.9915168111757,4.6803036848143,0.0133528603613534,0.0250399053028732,-2.98040304748711
"P0CAP1_MYZAP",0.135797855172235,17.5274274890109,1.39019517518647,0.204557480243292,0.262371702315427,-7.07506299238993
"P0CAP2_POLR2M",0.196233996448857,16.8132123483855,2.13810408333202,0.067444878213972,0.100467243183602,-6.02929794030181
"P0CG12_DERPC",0.528331376209863,18.876590996373,7.6964861226175,0.0000838856683051812,0.00042821100210014,1.18216678459884
"P0CG13_CHTF8",0.28964809896658,18.0150089264292,3.45479169042476,0.00962492999852683,0.0190148617061805,-4.01394276882688
"P0CG38_POTEI",1.18020264929023,20.9561550932055,3.68415544326735,0.0115136184409003,0.0220975477823587,-3.98893161292421
"P0CJ78_ZNF865",0.427940164600706,16.0147769162694,4.04634077645591,0.00428814398093734,0.0096069582088393,-3.14521063615983
"P0DJ07_PET100",-0.0067703982685714,17.1788984386719,-0.0142160770091694,0.989188371342229,0.990751481752567,-7.76052981394622
"P0DJ93_SMIM13",-0.0728855399956831,15.8532242419656,-0.680692701686837,0.516640287147321,0.580695437275384,-7.79380380396323
"P0DMW3_SMIM10L1",0.386428169716922,16.4225673503632,2.87185867785647,0.022362654892128,0.038648114771535,-4.9037787969543
"P0DPB6_POLR1D",-0.362827764547863,20.0873493750344,-5.50892016027686,0.000723867925970763,0.00221291778333345,-1.20172464534411
"P0DPD7_EEF1AKMT4",-0.599362724264026,17.6012583301358,-5.13969536509238,0.00110213560698932,0.00308533066866424,-1.66383037376269
"P0DTL6_ZFTRAF1",0.424883912195639,18.5237720315685,6.55780428663987,0.000241081654509971,0.000945676670553296,0.0121281503965562
"P10072_ZNF875",0.377310347398453,16.1910555506787,2.11071831606464,0.0953116833196014,0.135023405350882,-5.53846235859322
"P10109_FDX1",-0.284805181804181,18.2018652599961,-3.80843404311985,0.00589962250415249,0.0125202368210334,-3.48945520305285
"P10114_RAP2A",0.79078468534548,16.0202937797674,10.7851850147908,0.00000818272768430858,0.000078881909717175,3.76483202808946
"P10155_RO60",0.00159605286232889,20.9876688437222,0.0317044648149266,0.975539813921745,0.979273567993769,-8.04787232542522
"P10176_COX8A",-0.579697884828068,17.4857259566633,-3.13552651580977,0.0199704297797879,0.0351527629958498,-4.62838469674142
"P10253_GAA",-0.235614360201524,20.7885714962837,-3.1260418174983,0.0154056856877382,0.0282011180122591,-4.51288407442066
"P10275_AR",1.99589177381825,17.2914270670734,22.2974633640272,0.0000000425966294994135,0.00000295811602214211,9.49930338704984
"P10276_RARA",-0.23747443859018,16.6775437602811,-1.61138928884458,0.148505622099859,0.199247444292032,-6.78654630949954
"P10301_RRAS",-0.128232410674979,17.6910489939516,-1.25972932805193,0.245763498330078,0.307598678344343,-7.2334970816349
"P10321_HLA-C",-1.86486019758961,17.9318709008906,-14.4330542136703,0.0000010197687080653,0.0000201463916715446,6.06348872579501
"P10398_ARAF",0.46047476466585,19.3976430220744,4.92322560823397,0.00142256735748733,0.0038287499366768,-1.94364663060404
"P10412_H1-4",1.24111930443167,23.2825289619506,7.84997367940956,0.000140302182517596,0.000626254929711757,0.788157996572737
"P10415_BCL2",-0.0780362586693855,16.9787584116466,-0.603790396573444,0.563894397969661,0.623942506685662,-7.84681594660162
"P10515_DLAT",-0.116380404561376,21.4665747917183,-2.50006816206551,0.0389927411280607,0.0623588706938666,-5.47779324337676
"P10586_PTPRF",-0.555612041759826,19.8178502280501,-7.87268477931469,0.0000720421188570954,0.000382442947926676,1.35106098850053
"P10588_NR2F6",0.0356090203338546,18.0201879356502,0.421764473453309,0.68509188594754,0.733090726578079,-7.94885622567347
"P10599_TXN",0.0551923700024908,25.4025548184555,1.04142205958811,0.330264882092561,0.397845215900542,-7.4748652392102
"P10600_TGFB3",-0.230795066804518,15.1995479177919,-3.03035019097932,0.0260121087417585,0.0440249441677382,-4.77788690242884
"P10606_COX5B",-0.650842838883232,19.9170751707241,-9.94115450088461,0.0000145014337127624,0.00011783964190093,3.13035024370351
"P10619_CTSA",0.136742252752622,21.3448213454606,1.96100114633258,0.0881587057361501,0.126516059590407,-6.29211302485413
"P10620_MGST1",1.16124412485771,22.3431281142451,9.02232459305966,0.000043925546839349,0.000260810077486408,2.0103923909786
"P10636_MAPT",0.334735369658354,18.8825333577423,4.54960085765496,0.00224508395479167,0.00560239782157002,-2.4423090940166
"P10644_PRKAR1A",-0.286943998148583,21.7032900221858,-3.9283751619733,0.00501783610200849,0.0109451280160242,-3.31498570459233
"P10646_TFPI",0.845526110602098,16.1904151976011,6.53205164198222,0.000455225066980083,0.00154229036055702,-0.238660190821591
"P10746_UROS",0.510360097586911,17.8789218718827,6.11931029798274,0.000375626229687538,0.00131659590000157,-0.47822842912424
"P10768_ESD",-0.314379440876227,24.5307952995589,-6.54367710344732,0.000244467146181622,0.000954526239146518,-0.00330465891952514
"P10809_HSPD1",-0.204838461242133,26.4464991826866,-4.695069166793,0.00187513810743633,0.00481324611039384,-2.24578838702697
"P10909_CLU",3.1676112356019,18.1593422142875,21.7804727852043,0.0000000738415876122928,0.00000428732149144351,8.96719211748668
"P11021_HSPA5",0.00133522207139691,23.7934637429532,0.0331124559675168,0.974453980813387,0.978571029583658,-8.04782063407733
"P11047_LAMC1",0.929577401036052,17.0569620470761,12.1800310821108,0.00000345158224657114,0.0000458162906935778,4.72011883693169
"P11117_ACP2",-0.043594830038078,19.7659359899176,-0.629512716211654,0.547810580717789,0.609337127367578,-7.82971821644189
"P11137_MAP2",0.937327359895189,16.866599249106,2.89365059577367,0.0338776609139533,0.0552710186425415,-4.62799438023916
"P11142_HSPA8",-0.0942894765919924,26.6546683399782,-1.76880448811665,0.117629079944385,0.162286737177035,-6.56877510373597
"P11166_SLC2A1",-1.43252488542722,18.8832051405065,-14.0754605521121,0.00000122227951154535,0.000022898172327128,5.86447723503288
"P11171_EPB41",-0.20201096382295,18.581280231648,-2.71109045936531,0.0284024865101232,0.0474581090500872,-5.15211474016847
"P11172_UMPS",-0.227773159362684,21.2654036497269,-4.69896339943178,0.00186620054135592,0.00479537882349767,-2.24056898726983
"P11177_PDHB",-0.370189966081067,21.9955542917654,-7.50424609681055,0.0000993585082299038,0.000483197451148752,0.994367288171755
"P11182_DBT",-0.265585133828864,18.6987912156424,-3.8644898627672,0.00546827601919204,0.0117490698875635,-3.40768690785104
"P11216_PYGB",0.602137027499751,21.0962673137748,11.7907572504344,0.00000435067490461991,0.000052112178463841,4.46419344534694
"P11233_RALA",-0.100663811700823,20.0382257286643,-1.64067176103106,0.142243231902791,0.191928689347637,-6.74673651408801
"P11234_RALB",1.33415397122544,19.7400856490656,19.3023607102421,0.000000122842085691143,0.00000549959583738673,8.36716665650059
"P11274_BCR",0.188574859572363,18.3834856238105,1.78984839286452,0.113992322881222,0.157841909309043,-6.5390089145116
"P11279_LAMP1",-0.320124764591625,21.7829614436342,-3.843669347971,0.00562437505995545,0.0120436364600285,-3.43801140870349
"P11310_ACADM",0.0881862381622724,21.2041525714495,1.1512034721173,0.285222458965234,0.350979133293896,-7.35748693777447
"P11387_TOP1",-0.34085458359483,23.2982313854902,-6.46237291940482,0.00026501111430497,0.00101545316645018,-0.0925877821934717
"P11388_TOP2A",0.0125579730317007,22.0159468845212,0.13230417954611,0.898322357689589,0.915290000346553,-8.03851062721149
"P11413_G6PD",1.40093465493456,24.4228279650149,23.3969315809365,0.0000000298864632872089,0.00000247083086698381,9.87394103262431
"P11441_UBL4A",0.652302490398913,20.2557461436996,8.46833799776609,0.0000439240537591116,0.000260810077486408,1.90027589063842
"P11473_VDR",0.279481551875465,16.0092343973502,0.646552317662686,0.548210250759126,0.609692523362174,-7.78143842171393
"P11474_ESRRA",-0.652484459968786,16.1464505585183,-5.57208264882412,0.000674870963678963,0.00209769863087135,-1.12455588960341
"P11498_PC",0.0202703500966983,20.219859445299,0.362909925243762,0.726742852123334,0.769546871909236,-7.97448507391781
"P11532_DMD",-1.53989144055348,16.8613459162408,-3.53701564888104,0.0161133219441279,0.0292640703693975,-4.18803884942479
"P11586_MTHFD1",0.352891243474932,24.4029027515729,6.99868182326873,0.000157717826588499,0.000685095253587735,0.482052104420379
"P11717_IGF2R",0.192058716568454,19.5626306844494,2.30742752620099,0.0521793690316333,0.0804859624527688,-5.77306378206445
"P11766_ADH5",0.0998775472443469,23.2520335101616,1.71248254583561,0.12791009870093,0.174759154072081,-6.64771964677548
"P11802_CDK4",-0.234098956684345,19.7834214966369,-3.01610528742431,0.0180841385826843,0.0323490023659212,-4.68155483652195
"P11908_PRPS2",0.203206462005003,20.8517175730304,2.90326084403744,0.0213484191278334,0.0371315060339129,-4.8553334722982
"P11926_ODC1",0.749689861262311,16.1033983965884,6.10963311282438,0.0006646278981063,0.00207263624149099,-0.876557330188606
"P11940_PABPC1",-0.00180499599981587,23.6202435564343,-0.0225559947522893,0.982596281217345,0.985576594347768,-8.04815350165525
"P12004_PCNA",0.448920977878863,23.8303985775924,6.15150846819682,0.000363314505346319,0.0012834975047209,-0.441409918282301
"P12074_COX6A1",-0.567735205991962,19.3984116744148,-2.60812020489148,0.0374798201528074,0.0603581435702421,-5.36791845435313
"P12081_HARS1",-0.443710143849145,22.5679330074567,-10.9444124837144,0.00000737841988738176,0.0000739397386869903,3.87946933512107
"P12109_COL6A1",0.433246377354532,16.0678179881978,2.51321690939018,0.0394136483779865,0.0629393679535934,-5.47101119844329
"P12235_SLC25A4",-1.40605524398239,21.4577688644998,-21.9456443540322,0.0000000478835716898169,0.00000313967626097196,9.37511987184755
"P12236_SLC25A6",-0.00636886586797658,23.1645287552474,-0.0700070242510259,0.946061797055265,0.954596183125809,-8.04566028237218
"P12259_F5",1.25858493270611,19.3764200968201,3.67471792329506,0.0115007183198232,0.0220846846010511,-3.99353482190308
"P12268_IMPDH2",-0.474960326045515,23.3129314863486,-10.4584710467063,0.0000101620494992586,0.0000924552015446896,3.52471419110138
"P12270_TPR",-0.0610281445709226,21.1532659988664,-0.97299415925168,0.361057003659034,0.428959632900751,-7.54358243018695
"P12429_ANXA3",1.27974757668147,21.2475712590856,14.9161794233998,0.000000803661630924363,0.0000169700364263614,6.32477685300533
"P12532_CKMT1B",-0.491902064415825,23.7928125588129,-10.1377501368664,0.0000126446705956431,0.00010686151616718,3.28233294124731
"P12694_BCKDHA",-0.300302868605968,19.3752423621343,-2.32254549700878,0.052315399537724,0.0806630709272104,-5.75985119557325
"P12814_ACTN1",0.0320844080354306,21.8613644596743,0.293276153299781,0.777652004334033,0.814000898399452,-7.9997553098415
"P12830_CDH1",0.341381527787426,21.4681236195984,4.78516570597287,0.00167985772237726,0.00440075402723765,-2.12558777867256
"P12931_SRC",-1.93571949306362,19.518991000381,-22.788031675572,0.0000000362921904976753,0.0000027330534745081,9.66892230413042
"P12955_PEPD",-0.0395183540210198,21.2578240492751,-0.627745746156813,0.54890661171488,0.610313622908446,-7.83091328859793
"P12956_XRCC6",-0.0299734830943521,23.4450606963844,-0.673384880292897,0.521022141297202,0.58492906372052,-7.79908442974903
"P13010_XRCC5",-0.042303831251747,24.1686141486171,-1.02863089801121,0.335860160262823,0.403690325372793,-7.48797868782055
"P13051_UNG",0.736399203360097,19.565123579986,10.355033303695,0.0000108971318090726,0.000096790276684439,3.44727964850952
"P13073_COX4I1",-0.0450551397824306,23.0551588528961,-0.953357883869493,0.370285901166523,0.438144767310605,-7.56263703939771
"P13196_ALAS1",0.726579713674564,16.2260269690332,4.11315472114669,0.00426474228406429,0.00956298048720311,-3.10670963295966
"P13284_IFI30",-1.29404986768761,19.4955814260804,-8.41698161448667,0.0000682708324581376,0.000367696862131047,1.51536322377813
"P13473_LAMP2",-0.591464456503921,22.7110476091309,-11.1473128936223,0.00000647955250688891,0.0000676970829222487,4.02335862079093
"P13489_RNH1",-0.018194030870113,22.7447543707834,-0.323126651244346,0.755473498913457,0.795422402095204,-7.98970490823991
"P13631_RARG",-0.138762451766773,16.1133458448227,-0.746718408163423,0.502794564168103,0.567481147805697,-7.03482300691193
"P13639_EEF2",-0.187531589839548,26.7394036084278,-2.97808353711562,0.019121143712772,0.0338658702372773,-4.74004518460154
"P13645_KRT10",-1.35915120106272,18.660413146876,-1.13730974137286,0.304748483856526,0.370985430251718,-7.3608680068548
"P13667_PDIA4",-0.50975175284518,23.1842243651193,-11.2974816434205,0.00000589359820985913,0.0000638898145283587,4.12831066151919
"P13674_P4HA1",-0.586614723091216,20.4269219825116,-9.30367766515435,0.0000229973257710491,0.000161661423118853,2.61862546758454
"P13682_ZNF35",-0.754916450721815,15.7343167061089,-4.96309833048121,0.00578573566288354,0.012347448218825,-2.48255555792985
"P13693_TPT1",-0.949993684383287,24.2360026892702,-6.94922156230979,0.000246750404098973,0.000959991597737486,0.1022031828993
"P13716_ALAD",0.545165597018425,20.2030150941391,9.3735182454545,0.0000218357150860168,0.000158265945395263,2.67615571807541
"P13796_LCP1",-0.0119045755429994,15.7906714989536,-0.141775483486914,0.891012478270681,0.909425779619806,-8.0370704667981
"P13797_PLS3",-0.309398700545383,20.7756141161755,-6.12788320076325,0.000372303492277661,0.00130735935469247,-0.468412513302399
"P13798_APEH",-0.236738788300794,22.0733676998673,-5.60458429737247,0.00065109790781728,0.00204553931716573,-1.08505816851137
"P13804_ETFA",0.006822823570932,22.7190478503534,0.140960009059906,0.891634659781414,0.909938712236339,-8.0372007288331
"P13807_GYS1",0.287041719575605,20.0206571210633,5.62655682924544,0.00063555205609972,0.00201081902607923,-1.05843693750019
"P13861_PRKAR2A",0.0642983905755301,21.3784435984109,1.27062074272616,0.242070315414064,0.303575732735264,-7.22064706588474
"P13984_GTF2F2",-0.527062037923343,22.6265882660472,-11.9795460614799,0.00000388531089469282,0.0000488457432479894,4.58928654579336
"P13987_CD59",-0.826308671896452,19.6590393563904,-13.1396341708339,0.00000200554693648382,0.0000313872222199504,5.31934427373024
"P13995_MTHFD2",-0.84174556882607,21.8892963270351,-13.5351061262254,0.00000162055565487473,0.0000275132730155741,5.55416839713484
"P14174_MIF",0.281673369265125,27.6373154115776,3.39588739200683,0.0104603526762586,0.0203690328867441,-4.10262892753483
"P14209_CD99",0.214108585734419,17.6010721717116,1.75027215113798,0.120922602405354,0.166468292107714,-6.59486950704903
"P14314_PRKCSH",0.0595615219947163,23.318087846575,0.782660060437876,0.457958831716658,0.52534922663277,-7.71496707171225
"P14316_IRF2",-0.672701808447151,17.1589681121871,-7.74910598888909,0.0000801347374066186,0.000415760445235157,1.23292495149932
"P14324_FDPS",0.285300849859546,22.6278018630116,3.25424882000546,0.0129068932075373,0.0243658053453783,-4.32201491924606
"P14373_TRIM27",-0.0452060954582159,18.113373480157,-0.444822441435932,0.669075221986314,0.719291326986277,-7.93781528213523
"P14406_COX7A2",0.0201307581568528,22.3690661828757,0.29913554795226,0.773003255587929,0.810066514467042,-7.99805322222454
"P14550_AKR1A1",0.296289369546358,21.1905536729268,4.31649428336076,0.00301557902079008,0.00716541519279267,-2.763494666242
"P14598_NCF1",-1.37464669584109,16.0127970867433,-1.47878744480876,0.259075397833499,0.32277272332868,-6.32324235287019
"P14618_PKM",0.3602711985918,26.9348866479469,5.35669855468073,0.000858934421385278,0.00253479386130034,-1.38994663236029
"P14621_ACYP2",1.11580594006997,19.0574120660111,19.4215422601261,0.000000117425290424715,0.00000534812430521187,8.4157106633661
"P14625_HSP90B1",-0.395759709601357,25.2381159597427,-9.69164404402729,0.0000173153098192046,0.000134001537607142,2.93358196181342
"P14635_CCNB1",-1.01072458595871,19.5276292882885,-17.3120513193774,0.000000272182612382519,0.00000851942777687834,7.50660158083158
"P14649_MYL6B",0.8636180085322,17.1822594239379,4.50368874966581,0.00265098718304572,0.00643591198072208,-2.58303546099055
"P14678_SNRPB",-1.56765385734355,18.224854206207,-8.75099933692205,0.0000520861924000998,0.00029876891357101,1.81259592499965
"P14735_IDE",-0.0439090232791166,22.8985467982109,-1.10780273436146,0.302397987426842,0.368477906499289,-7.40490233384996
"P14854_COX6B1",-0.0619047784582243,19.6935780742761,-0.591005234699345,0.572090899086259,0.630877740164938,-7.85496445027634
"P14859_POU2F1",-0.0896053347445402,17.6063210136536,-0.64824653313796,0.536271247065529,0.598339314240929,-7.81686261520639
"P14866_HNRNPL",0.00769825462203499,23.8229009988885,0.148554623454208,0.885843398459085,0.905114048366346,-8.03595865842776
"P14868_DARS1",-0.131382822675072,22.9001108191157,-3.26161992919112,0.0126677131172621,0.0239916897335397,-4.30600438514782
"P14923_JUP",0.426092304838189,20.3434044479772,8.29318812457158,0.000050647957752838,0.000291398159355587,1.74215293606097
"P14927_UQCRB",-0.858458742399062,22.2407069256499,-11.9247768016792,0.00000401426481942537,0.0000497833865331624,4.55318731730899
"P15056_BRAF",0.549226986842726,17.4457906164281,6.25571717857973,0.000326442609541943,0.00118913912268966,-0.323142579958804
"P15104_GLUL",-0.573064965329547,18.1283539592089,-7.50516789210798,0.0000992770783913612,0.000483110337968454,0.995276753823507
"P15121_AKR1B1",0.108029683741655,20.1295038549224,0.604511781604775,0.565711848045003,0.625498519585738,-7.84385044436041
"P15151_PVR",0.38222502820242,19.2626161939717,4.87314085324774,0.00151052488748124,0.0040185562414069,-2.00933616024813
"P15170_GSPT1",-0.133240730226582,22.1844485195115,-2.89538358683457,0.0215982333452022,0.0374803018078047,-4.8674831035753
"P15291_B4GALT1",-1.60966969464758,18.509962042219,-20.8081588828955,0.0000000708047680596739,0.00000414262358355292,8.95828156381573
"P15311_EZR",0.737189305523344,22.6207841128219,15.579088305411,0.000000586381288438489,0.0000138110562073561,6.66992613816351
"P15336_ATF2",0.695824934057487,19.4199264558052,3.22099215375681,0.0162497119061842,0.0294625289054677,-4.47847616519177
"P15374_UCHL3",-0.292356210626863,20.4510899304385,-5.19530727426177,0.00103328392243092,0.00293473619979445,-1.59301346357615
"P15408_FOSL2",-0.385896054517959,16.1070145387983,-2.2261059464204,0.0830977653012098,0.120182848998099,-5.5027809180159
"P15428_HPGD",0.949535274041299,17.3649729411788,9.12644630399723,0.000475502266458604,0.00159465178072493,0.163868657622569
"P15529_CD46",-0.0614710703684089,20.1806740779666,-0.421173208389842,0.686351573102705,0.734185885059753,-7.9483577446372
"P15531_NME1",-0.50982980347349,25.57725850938,-7.19857573739534,0.000130986849325135,0.000595508652699924,0.68789293760188
"P15559_NQO1",0.641578782961602,22.0953047547485,11.831966851057,0.00000424396072238111,0.0000510173860966227,4.49165851736332
"P15586_GNS",0.513993557059109,19.8772947647526,5.6045950806237,0.000651090175998145,0.00204553931716573,-1.08504508786431
"P15735_PHKG2",0.239664829847541,18.1715617456229,3.37964648038089,0.0107040736286007,0.0207903942847644,-4.12714099060605
"P15848_ARSB",-0.91287924732918,16.127768731723,-6.15091341674611,0.000639950959920875,0.00201969585110298,-0.619944923881408
"P15880_RPS2",-0.327851839845305,24.7662418226375,-6.87249877516841,0.000177708260944014,0.000752169745542666,0.349832926763195
"P15882_CHN1",0.588749730049511,16.0882978010964,6.57098284350399,0.000237970533005471,0.000937359425166242,0.0265032186554883
"P15923_TCF3",-0.142989612384934,17.3104757137515,-1.11122784608546,0.301012808989967,0.36726073551134,-7.40120749295158
"P15924_DSP",-0.581183088083357,21.0940143929268,-7.81385652768961,0.0000757743486770263,0.000396928165315056,1.29500977927396
"P15927_RPA2",0.698558197581502,21.2739007183804,14.8008780836639,0.000000850095664450221,0.0000175159720387755,6.26318783300018
"P15941_MUC1",-1.86449905864384,17.9817624346456,-16.5447232998282,0.000000378736731962148,0.0000104460275791631,7.14715349514058
"P15954_COX7C",-0.234449735037646,20.9298441642046,-2.54708116433161,0.0364752404450324,0.0589776102944125,-5.407208825829
"P16070_CD44",1.10958966134961,17.961175138949,8.6141318409672,0.0000390856928428005,0.000240133909339532,2.0298391219301
"P16083_NQO2",0.275080657481052,17.3917064420845,2.99552610700559,0.0186378625129236,0.0331446299446568,-4.71320383738296
"P16104_H2AX",-0.0955515585011675,15.3945800256744,-0.723859005631392,0.491677176644301,0.557165763640726,-7.76108792195923
"P16144_ITGB4",1.22122137575502,18.4693921715497,17.5179278054317,0.000000249688898411862,0.00000811595624495992,7.60026303099087
"P16152_CBR1",1.00745775570232,23.2844627205237,23.8124042031513,0.0000000262511328171925,0.00000229156753941411,10.0104642066067
"P16219_ACADS",0.787960022204498,17.7232754524707,6.64251050211289,0.000221846032387106,0.000889489152523104,0.104165773858336
"P16220_CREB1",-0.0819940665711414,18.2920782238312,-1.02261789924305,0.338515858722638,0.406496940550108,-7.49410113740929
"P16260_SLC25A16",0.174714193130455,16.2972882543567,0.694512828213972,0.518022927318099,0.58190553613668,-7.43095592856581
"P16278_GLB1",0.745528664487487,20.1143950183763,9.9878928108554,0.0000140336876308345,0.000115145877152241,3.16672270322303
"P16298_PPP3CB",-0.917218863667692,18.5490579994864,-15.1015707786152,0.000000734885432444321,0.000015924611393651,6.42282010738867
"P16333_NCK1",0.41545501150744,18.9971336130553,7.86847273235137,0.000072302388161692,0.000383495093694441,1.3470589405424
"P16383_GCFC2",-0.242342580586779,18.4351581012046,-3.9133775425405,0.00511985179640534,0.0111102975074063,-3.33670087594483
"P16401_H1-5",0.511470382696917,26.9685502758149,4.54513820676327,0.00248807724562419,0.00610264931641973,-2.5184862398737
"P16402_H1-3",0.517612637416534,22.4553152559798,4.01839694715555,0.00514891984016078,0.0111619133519982,-3.28420647997262
"P16403_H1-2",1.47567078245132,23.3013303482912,9.22228682293359,0.0000524657796389547,0.000300058336324961,1.89585637844232
"P16422_EPCAM",-0.638008153117962,22.8796932894326,-9.41362161098214,0.0000211985955487793,0.000155333832123329,2.70902266955034
"P16435_POR",-0.257578870808445,21.6728701118022,-5.26198980591142,0.000956910578178611,0.00275483037760277,-1.50867112280844
"P16455_MGMT",0.578079467235892,20.8609565857427,13.0436697287653,0.00000211390104741891,0.000032221104943223,5.26133507638472
"P16591_FER",-0.143983076551963,15.510656162026,-1.77300577667553,0.123096278327213,0.168849466718987,-6.51199389879047
"P16615_ATP2A2",-0.443829558653448,22.1175997900462,-10.7909259127893,0.00000815206659002346,0.0000786860640656326,3.76899197503284
"P16870_CPE",0.0179014310120849,15.7227132594049,0.223420458106463,0.830111087305053,0.858821455324869,-7.96019195080155
"P16885_PLCG2",-0.872427367996163,16.9592625192543,-5.59005070525989,0.00195061823794033,0.00497198469094309,-1.84302422980689
"P16930_FAH",-0.34732426743248,20.3279220842351,-4.79188598515405,0.00166621295130206,0.00437788514215121,-2.11666852286804
"P16949_STMN1",0.874578092258922,23.975137825478,7.52723208287364,0.000129682301036247,0.000590283412137458,0.778236732450397
"P16989_YBX3",-1.06136694179052,21.171802584771,-13.7201929853869,0.00000146960611479226,0.0000260555340538693,5.66179573992495
"P17010_ZFX",-0.12689378434604,15.196145553781,-2.08418178671243,0.073183975079351,0.107750564495792,-6.10997157464991
"P17019_ZNF708",-0.327242716359818,15.2906237556135,-3.35424891358847,0.0137375261094149,0.0256159900927213,-4.01076875765758
"P17026_ZNF22",1.07421224182544,17.3441397646567,13.2169529619738,0.00000192279602974401,0.0000305957878707803,5.36578659621016
"P17028_ZNF24",-0.298697898710543,17.3671610145712,-4.06112791450493,0.00420511551625258,0.00946275402858494,-3.12405946668907
"P17029_ZKSCAN1",0.7194377414542,18.2699980227962,9.95247499275178,0.0000143865516044023,0.000117282005898267,3.13917391161143
"P17050_NAGA",-0.0621695011678192,19.5950254032539,-1.148002034483,0.286461634168531,0.352276020935465,-7.3610283089368
"P17096_HMGA1",-0.55055378342162,21.7039039757438,-3.36616248342004,0.0131034121672871,0.024644846767951,-4.25777998281395
"P17152_TMEM11",-0.48244106248902,18.869438542267,-5.21385369966279,0.0010113881671192,0.00288545326298149,-1.56949279916857
"P17174_GOT1",0.0460524538549443,22.7153315050171,1.13991804158098,0.289610277542563,0.355286414675603,-7.36993992284905
"P17252_PRKCA",0.145954136778592,16.3391643931327,0.605665739605166,0.567631473791776,0.627210060069258,-7.78063796014825
"P17301_ITGA2",-2.71992236770016,20.0447649514003,-34.1362513592259,0.0000000018303897786595,0.000000599453376460434,12.7234516373105
"P17405_SMPD1",0.866007546507785,16.1877522494131,9.29096861965999,0.0000569567468187567,0.00031737217311609,1.89157961038163
"P17480_UBTF",0.113390034125651,20.8973933933555,1.95968982949669,0.0883332218834891,0.126742593028828,-6.29403396625565
"P17535_JUND",0.260320737989584,17.0414518813093,2.64722635589321,0.0312512492125534,0.0514829979447003,-5.25078969578136
"P17544_ATF7",-0.0581964854880805,15.8440471752391,-0.580751140713939,0.578531926786894,0.637080329396426,-7.8615803902325
"P17568_NDUFB7",-0.178091839635304,19.7000711518628,-2.97250380679393,0.0192785064602847,0.0341084717694639,-4.7486344948684
"P17612_PRKACA",-0.0175667721114436,19.7765062388637,-0.314621246099292,0.761671390586466,0.800728762515641,-7.99273632484928
"P17655_CAPN2",-1.14904748418239,17.4747281584692,-5.67093756544906,0.000744767534719925,0.00226045565406215,-1.16636445633626
"P17661_DES",-1.25271870780846,16.6885348217917,-0.908388025459815,0.412356421143646,0.47971595888935,-7.29562895978294
"P17676_CEBPB",-0.997599088318577,18.2013114536648,-10.7663064913926,0.00000828447422561126,0.0000796608229582797,3.75113812161511
"P17706_PTPN2",-0.0941601804925298,18.7270014698511,-1.26074427087587,0.245417330566981,0.307317124842354,-7.23230264614437
"P17707_AMD1",-0.893666006236153,17.0075645688901,-8.06726855979705,0.00013296361389834,0.000601261145844693,0.935901991355871
"P17812_CTPS1",-0.0522309716245957,22.188135494808,-0.823728281663362,0.435646273739415,0.504034919084574,-7.6805754706677
"P17844_DDX5",-0.521431693764427,24.1924981537331,-11.842542698473,0.00000421705224461066,0.0000509569055883259,4.49869259953577
"P17858_PFKL",0.570946168640372,23.2515024305422,9.6602825940444,0.0000177105809019261,0.000136342791842156,2.90853519994892
"P17900_GM2A",-0.313757588238822,18.8303091953528,-3.85630798223745,0.0055290529562644,0.011862898952143,-3.41959703132
"P17931_LGALS3",1.15620645093312,21.6549729369469,14.0076353273357,0.00000126561773288596,0.0000233490936550636,5.82617155518904
"P17980_PSMC3",0.323519441626765,22.9224459099273,7.4455417415367,0.00010470158589663,0.000504198292208882,0.936267828535398
"P17987_TCP1",0.0232277653804012,24.0249687709894,0.471774760210779,0.650582665669636,0.703287628636051,-7.92420462781614
"P18031_PTPN1",-0.11035681806603,22.0584122163363,-2.31192411832961,0.051825111551512,0.0799881896227273,-5.76620936075893
"P18065_IGFBP2",1.77992911366595,17.7273412056701,22.0541003742752,0.0000000461783926327969,0.00000308098995057064,9.41363284614406
"P18074_ERCC2",-0.156559980855185,18.7808249493157,-2.21228245604999,0.0602732429104574,0.0910503049805242,-5.91753450372829
"P18077_RPL35A",-0.392568633307068,23.5460140428305,-4.3942889173048,0.00280998646238959,0.00675284582399216,-2.67590975335252
"P18084_ITGB5",0.420507931570416,17.7302534506547,3.82381639592145,0.00577771168245155,0.0123337847478884,-3.46697769603288
"P18085_ARF4",0.306024828262778,21.3959223711867,3.94423271281343,0.00491235915367578,0.0107489653978302,-3.29205720584491
"P18124_RPL7",-0.30056080992351,24.5126139225626,-4.01072600487811,0.00449551038906346,0.00998331445816545,-3.19627315394649
"P18206_VCL",-0.13426745638251,22.4716445870916,-1.94430023999061,0.0904066074136539,0.129255055015121,-6.31654719324974
"P18433_PTPRA",0.359793937504975,17.0796608160264,3.08294090320606,0.016402182946212,0.029696501663625,-4.57892519793303
"P18440_NAT1",1.13604203071703,18.8357259695732,13.6205371086952,0.00000154880752898889,0.0000268342370512289,5.60402271555109
"P18564_ITGB6",0.0666724251853275,15.7782306137895,0.564928335442383,0.606741313206852,0.663985944070666,-7.55853215502303
"P18583_SON",-0.31323065232332,20.8601589896744,-7.27922937328329,0.00012166805922215,0.000564272718563214,0.769717714368523
"P18615_NELFE",-0.128174441976217,20.2254274426745,-1.63232261296268,0.144003407974838,0.194062707486999,-6.75812192418788
"P18621_RPL17",-0.393524131362479,23.9229445526466,-5.85681563154733,0.000495205962988928,0.00164262387897679,-0.783349069632586
"P18669_PGAM1",0.358851566725566,23.8317164460011,6.76038697769844,0.000197862905459429,0.000818407180628625,0.230842038148976
"P18754_RCC1",0.0034867182025593,22.7373171300407,0.049260449661229,0.962005471064585,0.968371309279676,-8.04706729401211
"P18827_SDC1",0.38251202531459,16.904279737118,1.99614855677162,0.0851071793288618,0.122622694823891,-6.24526403934691
"P18846_ATF1",-0.13528561514002,15.8623336907568,-0.534128993532845,0.610775026305776,0.667848598344125,-7.88778177800632
"P18858_LIG1",-0.21009979379032,21.069559970939,-4.53864760521721,0.00227601622484509,0.00566463685997756,-2.45722856610317
"P18859_ATP5PF",-0.109138353049691,16.9475070909061,-0.399789628410328,0.703049072489707,0.748934348089175,-7.66889535553149
"P18887_XRCC1",0.0599318948718164,20.7993188267138,0.954028710794967,0.369967711872482,0.437836380348856,-7.56199108421541
"P19174_PLCG1",0.0432804154340332,20.0619526033034,0.794977265408589,0.451186237268699,0.518805153957463,-7.70480777627816
"P19256_CD58",-0.50708030313718,18.334768718617,-4.7563933694843,0.00173967984313558,0.00452995716771286,-2.1638477997755
"P19338_NCL",0.442202327725592,25.8224195970808,8.11941816241651,0.0000584803878161956,0.000322992814543773,1.58253722920838
"P19367_HK1",0.359097757391453,23.1214861568409,3.98875472077498,0.00477762760649576,0.0104927479772693,-3.24929754353494
"P19387_POLR2C",-0.133368918085189,20.6403897145156,-2.54330817278694,0.0365327136840006,0.059019597735047,-5.41117514103033
"P19388_POLR2E",-0.187934019236231,21.2976126090339,-3.58098629719335,0.00806593420799591,0.0163511448790024,-3.82515460022853
"P19404_NDUFV2",-0.14412276800914,21.4418472368234,-2.55199090123108,0.0360582263725938,0.058390221373206,-5.39778789556671
"P19447_ERCC3",-0.0174539176615731,18.6337361065408,-0.29411051978119,0.776693190265317,0.813373042153105,-7.9997222519468
"P19474_TRIM21",-0.868799732436059,16.7800855232465,-6.94114652493533,0.000166503348846661,0.000712274730780485,0.421986568627531
"P19525_EIF2AK2",-1.9775638731174,20.5944917877667,-18.0826810283205,0.000000277342537768636,0.00000861007078476834,7.5433853709844
"P19623_SRM",0.25777983502574,23.3586610346048,4.32651569658505,0.0029770755937073,0.00708056190298239,-2.74952904720904
"P19634_SLC9A1",1.38592647218357,17.8860305937452,19.6827952139094,0.000000106471132257645,0.00000506137144969779,8.5210280758344
"P19784_CSNK2A2",0.125009388044528,20.5777387945776,1.79383500583861,0.113315509403355,0.157076319395284,-6.53335405835588
"P19793_RXRA",-0.176000516074811,18.5789916136837,-2.64620235886198,0.0312992593526407,0.0515397632899297,-5.25237144062364
"P19823_ITIH2",1.65151639887246,20.4499603573767,3.17323778916668,0.0231856656502821,0.0398441421003267,-4.70969806112883
"P19827_ITIH1",0.442728794443955,17.8467975953016,0.929732195611508,0.402987205465397,0.47039912289285,-7.08333583158018
"P19838_NFKB1",0.285988231697448,19.5191872285615,5.08024130489144,0.00118138721559569,0.00326988033545152,-1.74002178576063
"P20020_ATP2B1",1.38083796375741,19.840158477619,19.3686441778085,0.00000011979542137052,0.00000542359508895344,8.39420363828551
"P20042_EIF2S2",0.21744488487758,22.3099475403904,3.53762217564651,0.00856873403965429,0.017209873542543,-3.88983488118426
"P20073_ANXA7",0.20147003995141,22.9551014588472,4.55025939735196,0.00224323893994998,0.00559963090819151,-2.4414126386152
"P20226_TBP",0.104810069315509,18.4007998572478,1.42267595374253,0.19528922793392,0.252099434430652,-7.03416932779186
"P20248_CCNA2",0.179221351910527,18.3267173003533,2.63233465322699,0.0319569953359655,0.0525091610553799,-5.27379068832
"P20290_BTF3",-0.525028351167517,22.6254427361716,-9.13901344179852,0.0000260212878264927,0.00017659099656165,2.48149564568988
"P20336_RAB3A",-0.353352162861515,19.8144013887018,-3.74145670896235,0.00646375240851928,0.0135660322348779,-3.58766764299264
"P20338_RAB4A",0.608727431325306,18.9617246357781,10.6786494971077,0.00000877596514364686,0.0000831110666613776,3.68726699703761
"P20339_RAB5A",0.741365273737539,20.3392039426076,10.9249332544982,0.00000747186436724621,0.0000744836177945933,3.86552712980468
"P20340_RAB6A",0.895465034536969,21.2895131720099,3.95359227210948,0.00706731797444872,0.0146309255616921,-3.52960460634042
"P20585_MSH3",0.429370666064486,18.3890877525379,6.50360990452854,0.000254360665594802,0.000982563343074689,-0.0472046728961413
"P20618_PSMB1",0.142138737223011,23.2609945065303,3.42603461530482,0.010023508092557,0.0196390526924237,-4.0571962807966
"P20645_M6PR",-0.717651035228279,20.6401151962629,-15.3909805571542,0.000000640408388882834,0.0000148192109620303,6.57350034923197
"P20674_COX5A",-0.567424375769431,22.3534651214613,-4.86085113265297,0.00179847343176442,0.00465436846614501,-2.14375592891383
"P20700_LMNB1",0.0706427046204468,24.085485934203,1.07400798215179,0.316341273277437,0.383074625783822,-7.44091595379608
"P20742_PZP",1.3467375045927,19.5789094761107,2.73808799913315,0.0389310332336705,0.0622732783964875,-5.28195937948052
"P20749_BCL3",-0.138291606014189,17.3804718770902,-0.907962070314342,0.392498337913471,0.459495514571319,-7.60529503206148
"P20810_CAST",-0.55450040516364,19.8003678142319,-9.20071566839856,0.000024838679295196,0.000170508117977672,2.53312766960121
"P20839_IMPDH1",-0.112864302653225,21.240993015787,-2.31579877443769,0.0515217976341056,0.0795846451675482,-5.76030124355114
"P20936_RASA1",0.29708843860876,18.7693076881708,2.97062041620103,0.0193319294535713,0.0341950361450846,-4.75153406175665
"P20962_PTMS",0.0410588981621522,23.0884576292396,0.307195229471399,0.767799914645861,0.805501538040885,-7.99480900550312
"P21127_CDK11B",0.357561903089103,18.5578098067006,0.967839799566428,0.372585214540149,0.439975646916996,-7.53906932940621
"P21266_GSTM3",-0.158874520825432,25.722488663662,-2.7343544730252,0.027432785649342,0.0460502687373416,-5.11616406193335
"P21281_ATP6V1B2",-0.192913951191048,20.603025943415,-3.72432755688814,0.00661718564792986,0.0138308090239501,-3.61287304147371
"P21283_ATP6V1C1",0.539616282001539,20.8534310452695,11.2985919953112,0.00000588949413641729,0.0000638898145283587,4.12908187779318
"P21291_CSRP1",1.41006821962933,23.2772556118882,22.2843745215058,0.0000000427810626394468,0.00000295811602214211,9.49472184435947
"P21333_FLNA",3.04098599015022,24.9573280638524,55.7066159217954,0.0000000000481259631812386,0.0000000732092151913002,15.9900496466268
"P21359_NF1",0.441171736990029,17.4752721152349,2.74737516426418,0.0275250136956724,0.0461745156967985,-5.10737881375183
"P21397_MAOA",0.248390342493174,17.8192860039466,0.987039630881485,0.372711981444768,0.440057021246337,-7.42015157675148
"P21399_ACO1",-0.826616909366308,20.5645173245118,-11.3929220103469,0.00000555231194231984,0.0000616561621624856,4.19434624853901
"P21579_SYT1",0.97373822983991,16.3240342311684,11.0687109415366,0.00000681225332580854,0.0000693910675415888,3.9679043874959
"P21583_KITLG",1.38944067366651,17.2740599344403,12.0838195479799,0.00000365250788132328,0.0000469273225428123,4.65758822594691
"P21675_TAF1",-0.227387768469193,17.0788765621565,-1.24641819670815,0.251609318843992,0.314346333628023,-7.24828750957818
"P21709_EPHA1",-0.195490317472135,16.3718928856599,-1.77462934760435,0.122812560931628,0.168612335459561,-6.54482118161772
"P21796_VDAC1",-0.192160945254194,24.3500822076633,-2.24358327973011,0.0574802779348825,0.0874564900925618,-5.87013303945377
"P21860_ERBB3",0.390003196218775,17.0220555150522,4.12956803749966,0.00384291744859843,0.00880133396990053,-3.02654843808484
"P21912_SDHB",-1.10988829254076,21.4979699785733,-12.1983811070435,0.00000361575984764246,0.0000467185042329141,4.68111834813365
"P21926_CD9",-0.570094137438087,22.5491949438965,-7.01191200923884,0.000155771583638651,0.000678190420810292,0.49581186599328
"P21953_BCKDHB",0.107937601632866,19.2095088363271,1.26368064737559,0.244418146748206,0.306116322108818,-7.22884346279272
"P21964_COMT",-0.334145655095988,24.1915704583275,-6.33129804538656,0.000302304471742887,0.00112192905368249,-0.238212423260562
"P21980_TGM2",0.0892211251325268,15.4583109116703,0.987898013396317,0.373758376612675,0.441028204925118,-7.35910931121529
"P22033_MMUT",0.82990466671577,19.3876702720853,12.0999929962582,0.00000361782789813126,0.0000467185042329141,4.6681325317049
"P22059_OSBP",0.17475182926864,20.4646366962539,3.44098750675993,0.00981410200062869,0.0192983608626633,-4.03469525113051
"P22061_PCMT1",0.250673988297411,22.6254855968916,5.58807667353124,0.000663054306255124,0.00206942595542736,-1.10510122443704
"P22087_FBL",-0.300347594804656,22.2548230668924,-3.15613344708083,0.0152026321877749,0.027896554986783,-4.4842977233778
"P22102_GART",-0.41529112168228,22.5071827174272,-9.72844452432166,0.0000168640843419659,0.000131422362197738,2.96288202420312
"P22223_CDH3",-0.433863039292852,17.1215358303658,-1.35104968709345,0.234827477829794,0.295564752006191,-6.63788806521962
"P22234_PAICS",-0.257403104807945,24.1989796451543,-3.86296565790281,0.00547954321653897,0.0117666306338214,-3.40990500317281
"P22307_SCP2",0.486583742773178,21.499289870411,7.73199115748369,0.0000813337333099882,0.000419122205661091,1.21644574905874
"P22314_UBA1",0.215966845288804,23.6305992946037,5.04829859419752,0.00122654460739575,0.00337277595222419,-1.78116317685452
"P22392_NME2",-0.657908720790289,23.6002132684137,-7.13321208262252,0.000153535548126626,0.000670441302336352,0.539720447001375
"P22413_ENPP1",1.28464655719548,16.7359023367965,14.3265309103003,0.00000107582967499907,0.00002087438905113,6.00471671471929
"P22415_USF1",0.165441018409297,18.0229112872912,1.70276231795247,0.129767871566496,0.176947728779987,-6.66123323741431
"P22466_GAL",-0.374253794276887,15.3089091029289,-4.7409260481495,0.00177280229901082,0.00459731820193532,-2.18446435608005
"P22570_FDXR",-0.953320830591249,21.9466728037232,-18.0761530740908,0.000000198567708954777,0.00000725059731945359,7.84860911145148
"P22626_HNRNPA2B1",0.261234850698536,26.1613599848101,3.99951847377792,0.00456299615725152,0.0101112285872822,-3.21237681172926
"P22670_RFX1",-0.235493028316245,18.0974803696098,-3.71825560769677,0.00667251292762555,0.0139273143050274,-3.62181635554072
"P22681_CBL",-0.602644802905907,18.8737796501961,-9.34547289458645,0.0000222940601293175,0.000159643325427208,2.65309846609674
"P22692_IGFBP4",0.141361375019908,16.4714286994477,0.674273557708953,0.529852771151897,0.592816511153862,-7.69684209000735
"P22694_PRKACB",1.24704504588648,18.050044280784,10.4260343710954,0.0000103863742803558,0.0000936004298298414,3.50050623235562
"P22695_UQCRC2",-0.788298242600561,22.0619101309388,-18.2592306974,0.000000184467809530512,0.00000691302757515731,7.92832779039749
"P22830_FECH",-0.771114621005676,20.0832676028443,-13.1262299752112,0.00000202029804327275,0.0000314257110565534,5.31126615139163
"P23025_XPA",0.179518991606258,16.5750453454151,1.88864387448054,0.0983060954975627,0.138800104391027,-6.39747006142234
"P23142_FBLN1",1.33671498099369,18.1128115784696,3.41642970516266,0.0153545602923789,0.0281142959999599,-4.32064118450009
"P23193_TCEA1",0.370079623581439,20.8022206459903,6.03031989111395,0.000412134287213199,0.00142292028531257,-0.580674730513336
"P23229_ITGA6",0.671793826234101,17.8099432755733,3.27973794831662,0.0137175856637004,0.0256078052362143,-4.34095834877278
"P23246_SFPQ",-0.204071884351741,23.9386227476064,-4.78750750956888,0.00167508907496639,0.00439486978413052,-2.12247896933563
"P23258_TUBG1",0.0436308806370924,18.5419933319784,0.650556211521992,0.534858882389212,0.597113849912278,-7.8152543133074
"P23284_PPIB",-0.079377668180026,24.7395159241117,-1.27484951676839,0.240649153291714,0.301955340035683,-7.2156386310713
"P23368_ME2",-1.25601548563932,19.4572045610976,-22.1809409591595,0.0000000442707603335845,0.00000303354417204724,9.45841257910062
"P23381_WARS1",0.194564544644653,22.5347830385443,2.26653495035097,0.0556472450927089,0.0849734884912957,-5.83617175905099
"P23396_RPS3",-0.238437821700245,24.9266127581648,-4.52202940778978,0.00232384067175313,0.00575611383085955,-2.47989688716296
"P23434_GCSH",-0.0238187541191444,20.7061971925851,-0.136358563010784,0.895606674553722,0.913134633599948,-8.03776083208268
"P23443_RPS6KB1",-0.5748293429589,23.0612653357614,-14.1330436870686,0.00000118679849319999,0.0000222883687389608,5.89685688455236
"P23458_JAK1",-0.0181622560985986,18.6059469369073,-0.244969163061433,0.81308633383957,0.843816981195766,-8.01458301868915
"P23470_PTPRG",0.149561515981066,16.1896409577039,1.79403636081261,0.127863549677178,0.174726941941182,-6.46290428141255
"P23511_NFYA",0.287184272909784,18.1123862501305,1.41765379657726,0.200393961018461,0.257683257397534,-7.03975803644226
"P23526_AHCY",-0.67092495494083,25.0032223838093,-13.7890058252442,0.000001417587099735,0.0000252633044405055,5.70145048140803
"P23528_CFL1",0.364876624474629,27.0467564782581,3.68049967154831,0.00722233564960314,0.0148950881103258,-3.69515268785813
"P23588_EIF4B",0.0373635904799237,22.867191620335,0.453462169406285,0.663119953172707,0.714403734253769,-7.93353474086438
"P23610_F8A3",0.69162436585685,17.8983653068416,7.45617365789344,0.000103710529320717,0.000500521755084626,0.946816591098079
"P23634_ATP2B4",-1.05601930318694,18.0859232165624,-15.2991021788919,0.000000668827152635389,0.0000149620568321905,6.52597292867064
"P23677_ITPKA",-0.0966824640718613,16.2400104331056,-0.607501819121912,0.567916899912027,0.627389388631935,-7.35802970937768
"P23771_GATA3",0.282471588590258,20.8899138068275,4.54437744779076,0.00225977722690639,0.00562867071408016,-2.44942179262161
"P23786_CPT2",0.186821023445589,20.2135738610789,3.46052406066933,0.00954752278608144,0.0188766462986575,-4.00533071614499
"P23919_DTYMK",0.540766836627537,21.6780565044131,11.3871438444852,0.00000557232863938432,0.0000616561621624856,4.19036288692947
"P23921_RRM1",0.405802240877229,21.9119165066359,6.15339361559302,0.000362607700697571,0.00128278798674685,-0.439258322449792
"P24311_COX7B",0.0372068911265586,18.5830508775461,0.260531609001937,0.80177256609881,0.834010139188669,-8.00999403085717
"P24385_CCND1",-0.532303996650668,18.798906265761,-5.92940976160519,0.000458377610331162,0.0015495200463017,-0.698074188210372
"P24386_CHM",0.366564904011003,19.885315948168,4.55972384413181,0.00221690514163783,0.00554481437267259,-2.42853572040784
"P24390_KDELR1",-0.20134677507653,16.6698918846614,-1.36729007124412,0.217224800897044,0.276382040084128,-7.04201955322426
"P24468_NR2F2",0.326643980794273,15.8606648650283,3.53044936310519,0.00865509234284676,0.0173649782009213,-3.90055337853879
"P24534_EEF1B2",-0.776047296894763,25.1224231254026,-10.9323135155637,0.00000743630425138699,0.0000744217501790124,3.87081220356493
"P24539_ATP5PB",0.124933119322538,21.6441529948368,2.33042522747472,0.0503928655623948,0.0781582657968137,-5.7379844008435
"P24588_AKAP5",-0.0187456629136165,15.2742933915696,-0.132159424623996,0.900614095933873,0.917133594011653,-7.40889915384683
"P24666_ACP1",-0.197213236105199,22.6765566041846,-3.00608485355962,0.0183515647577124,0.032727315720319,-4.69696274086576
"P24752_ACAT1",-0.492356269845214,22.1383035840255,-8.3295743473691,0.0000491612043300846,0.000285880857794083,1.77522738309563
"P24863_CCNC",0.0507165325784023,17.154232720139,0.648446558440471,0.536148841992352,0.598290506483837,-7.81672353330594
"P24928_POLR2A",-0.366444537962057,20.4896529111639,-6.79193901884565,0.000191944161836405,0.000799084452615051,0.264475881897402
"P24941_CDK2",0.830573213912668,19.9696552886024,13.4123588843732,0.00000173030975065694,0.0000284864414794301,5.48200099434941
"P25054_APC",-0.0743722411211856,16.4365691418253,-1.08292045725434,0.312615240177284,0.379226717191136,-7.43149695563443
"P25098_GRK2",-0.041692227867312,20.2318957380251,-0.462238378492143,0.65709691788891,0.708818487797908,-7.92910684967897
"P25205_MCM3",0.2797885018235,23.0109439915635,2.77828965021125,0.0265821975017479,0.0448301982701318,-5.06539966937157
"P25208_NFYB",0.025075387028167,19.5579173125993,0.416408133945745,0.688837628769024,0.736373718119072,-7.95134090737673
"P25325_MPST",-0.131631107141526,20.2738463871967,-1.17875828586397,0.275787816947445,0.341024570915667,-7.3259106500989
"P25398_RPS12",-0.331106909968369,24.6680534589655,-5.65600812453861,0.000615355876699801,0.00196078625813938,-1.02285678845119
"P25440_BRD2",0.135280754027654,19.3988858647166,2.09694441583548,0.07178345432233,0.106037085565283,-6.09092441042426
"P25445_FAS",-0.287746741449469,15.4004477587571,-1.99103365169365,0.101177809192328,0.14237898551653,-6.20423848668916
"P25490_YY1",-0.0987544849464292,18.8303679840534,-0.731771781687656,0.487508370300891,0.55301844362544,-7.75454122161394
"P25685_DNAJB1",0.0191109387261683,21.5944326517839,0.302507176599394,0.770530906699974,0.807920881770059,-7.99691788521984
"P25686_DNAJB2",0.385864695861336,17.7989658644473,4.83350381606147,0.00158437653293481,0.00418865759801952,-2.06157635979006
"P25705_ATP5F1A",0.120860909297708,25.0961122587605,2.59175113122063,0.033964947751839,0.0554015424834844,-5.33644876769629
"P25786_PSMA1",0.196037410649133,24.0639564594706,3.91357498329661,0.00511849429128303,0.0111102975074063,-3.3364148107326
"P25787_PSMA2",0.117695459224887,23.050688680814,2.41308137647676,0.0444672200991695,0.0700388643765342,-5.61148654146552
"P25788_PSMA3",0.199428940225932,23.8125534309474,4.28274580635603,0.0031492910126326,0.007425141798538,-2.81062909042914
"P25789_PSMA4",0.0810880191156755,24.2031570792095,1.69924091438514,0.130447121028702,0.177746471254803,-6.66612055753048
"P25815_S100P",0.115788834520135,15.448007334989,1.19238217987905,0.269672319608481,0.334258886132538,-7.31132950965156
"P25963_NFKBIA",0.645064957824474,18.1277967050984,9.48902032767625,0.0000200565225639872,0.00014928285620278,2.77048818830807
"P26006_ITGA3",0.62655272243622,19.0651887413567,10.4378490621891,0.0000103040271362815,0.0000934117168040016,3.50933155175979
"P26045_PTPN3",-0.0799736144451497,15.9112949919389,-1.14053660812963,0.289368358272748,0.355188432122289,-7.36925959027468
"P26196_DDX6",-0.225786178636952,22.500899521348,-5.43940629938792,0.000782389650549037,0.00235025895816587,-1.28728309321982
"P26358_DNMT1",-0.146837142344868,21.1286120539257,-2.0158275515617,0.0811554698812071,0.117754388385437,-6.2114435215456
"P26368_U2AF2",0.0154848479643697,23.4629976177647,0.262252528607341,0.800225388726669,0.832856363800635,-8.00965946343046
"P26373_RPL13",-0.340046350198445,24.8374640398991,-7.5209686447487,0.0000978928112322652,0.000477534616772547,1.01085260431109
"P26374_CHML",0.480541014911573,17.293110508379,4.49865871016951,0.00239296792074187,0.00589981005029584,-2.51184251404386
"P26440_IVD",0.155976976485221,21.3768540229996,2.81678582594042,0.0242648201954365,0.0414458168440356,-4.98880566278825
"P26447_S100A4",-3.84642458998774,18.1549645865031,-48.7609167006261,0.0000000204591694595749,0.00000202094081700684,10.3093573317276
"P26572_MGAT1",-0.381419324918241,18.860249486136,-5.90475484543343,0.000470533147870772,0.00158147376169028,-0.726958617548107
"P26583_HMGB2",-0.469832152381777,24.0871780407038,-4.11385419892161,0.00442876865954755,0.00986389880659404,-3.13222987784467
"P26599_PTBP1",-0.0161712727176742,23.4810096621314,-0.335556625331643,0.746450103155271,0.787362705428664,-7.98513342447258
"P26639_TARS1",0.147355736614571,22.1875466086363,2.19919527698081,0.061480863209126,0.0925987020927946,-5.93731319419677
"P26640_VARS1",-0.648031316440466,21.9137133550341,-12.272829997151,0.0000032695239836162,0.0000439363947338954,4.77999160326151
"P26641_EEF1G",-0.813378140115315,25.4488189812176,-17.6160903237277,0.0000002397098174018,0.00000792852681348288,7.64452221107901
"P26885_FKBP2",0.910893117506745,21.6367516231913,19.8489279496669,0.000000100108198057278,0.00000489974225367413,8.58723182947419
"P27105_STOM",-1.91666814776217,19.773961906148,-14.5407869044652,0.00000161723616986921,0.0000275132730155741,5.658599944344
"P27144_AK4",-0.171313428103453,19.0218183604823,-2.25917884919885,0.0561374551583078,0.0856125504876747,-5.84646709408151
"P27338_MAOB",-3.42427480428497,17.9336264532686,-19.9454139090782,0.000108222830269938,0.000515108164601471,2.39853124728653
"P27348_YWHAQ",-0.197870198667076,24.7491856337848,-2.72552306904339,0.0277967928888298,0.0466098780230246,-5.1298115544248
"P27361_MAPK3",0.3287276982823,22.1507833031764,4.70618241674048,0.00184975567015157,0.00476833442408209,-2.2308991442438
"P27448_MARK3",-0.00833023954146483,18.9844846472261,-0.0895521496025853,0.931001422841152,0.942583446877693,-8.04390114841668
"P27449_ATP6V0C",0.630635174216451,18.5865987242072,4.51446292188718,0.00258266718773109,0.00630011758495276,-2.55935370707027
"P27540_ARNT",-0.535728947136803,18.5971071990342,-5.98588869817805,0.000431824508616434,0.00147904413536789,-0.632204091079494
"P27635_RPL10",-0.324458498725615,23.5884440207824,-5.19278799310048,0.00103629829615487,0.00294107643304253,-1.59621215026419
"P27694_RPA1",0.0152961090813406,22.1231411563628,0.278826575261037,0.787953584522289,0.822899212395514,-8.00462874800565
"P27695_APEX1",0.239056908043008,23.2989994732004,4.97628594053855,0.00133548538104316,0.00363034374846829,-1.87444406315516
"P27707_DCK",0.357459791122711,19.7111034724063,5.80548574172558,0.000523226545314198,0.00171611086833109,-0.844062523876585
"P27708_CAD",-0.187824900778995,22.5870019289288,-2.11520213832826,0.0700961411600634,0.103867377686235,-6.06484659834352
"P27797_CALR",-0.0274971600472256,24.8760888107987,-0.597115845225936,0.568112649440627,0.627514494865728,-7.85114699244038
"P27816_MAP4",-0.127737138064695,21.520293801249,-2.78123474402171,0.0255816831466024,0.0433697697378602,-5.04372411871003
"P27824_CANX",-0.134618234823471,24.444310479239,-1.79943903667699,0.112370565447115,0.1559938895402,-6.52539654113498
"P27986_PIK3R1",0.232893183098838,18.0178962110592,3.15741491647227,0.0147206835217689,0.0271102951250785,-4.46489060149379
"P28066_PSMA5",-0.159877727035042,23.3629615078049,-3.90907838404767,0.00514950748779408,0.0111619133519982,-3.34293102992731
"P28070_PSMB4",-0.086806413178607,22.8657022867662,-1.48078767952312,0.179634044568842,0.234678210750707,-6.95967640747032
"P28072_PSMB6",0.0396356748250533,23.6437205135995,0.889494244448997,0.401522426274138,0.469049235791905,-7.6224791761152
"P28074_PSMB5",0.178553583314898,22.956929086717,3.59896463365096,0.00786684469906784,0.016007282177932,-3.79839993798569
"P28288_ABCD3",0.638157387600771,20.1407813420824,2.54796667220013,0.0424812737022639,0.0672031130988808,-5.47411070452823
"P28290_ITPRID2",0.678572320874903,16.9650930273237,8.56628819013915,0.0000406041952249119,0.000246673729137923,1.98752473523801
"P28328_PEX2",-0.00000402343622951662,15.3301942799049,-0.0000295166373954716,0.999977498259439,0.999977498259439,-7.56873959093391
"P28331_NDUFS1",-0.201347226512787,21.5649168351639,-4.32072501935297,0.00299925820185365,0.00712886183853089,-2.7575970908907
"P28340_POLD1",-0.224940897302655,24.3346775317201,-2.9612462939692,0.0196001513003263,0.0345810138692373,-4.76596829812986
"P28347_TEAD1",-0.124674268774172,17.3432094369442,-0.986955910400598,0.354602028094105,0.422610941034748,-7.5298514102369
"P28370_SMARCA1",1.22079543989719,18.0851592714347,14.2727075045546,0.00000110547440417387,0.0000211794416074217,5.97485707832647
"P28482_MAPK1",0.0502874659413344,22.4725866101241,0.920399784541897,0.386172468725553,0.452926414360302,-7.59393181215147
"P28676_GCA",-0.7321098189224,20.8733144949312,-7.71632092000972,0.0000856921588447353,0.000433360744795916,1.16899704585628
"P28702_RXRB",0.342288112330699,17.7491182586824,3.21763154042445,0.0134946495566409,0.0252559804448353,-4.37297261959434
"P28715_ERCC5",0.141090203786206,16.6904438120904,1.68951245792493,0.132341012426299,0.180004603096285,-6.67959931449852
"P28749_RBL1",-0.263504339586433,17.0676740231477,-3.08476050031327,0.0163587663040549,0.0296390606261653,-4.57613475103303
"P28799_GRN",0.548301172389085,19.6652087626228,8.67187535376091,0.0000373372064063459,0.000231071433626255,2.08064798668118
"P28838_LAP3",0.635444734643624,22.7067856331509,11.7136629375308,0.00000455854156544853,0.0000542601989777801,4.41257042082552
"P29083_GTF2E1",-0.350105317040963,18.7792625650221,-5.13395572580848,0.00110952492300529,0.00310145040954732,-1.67116407758407
"P29084_GTF2E2",-0.387525368806894,18.9253626537472,-5.65301189432064,0.00061737770065457,0.00196558174599358,-1.02647120306669
"P29144_TPP2",0.185273990038922,20.0792808692843,3.96486348965834,0.00477871141115712,0.0104927479772693,-3.26227620894544
"P29218_IMPA1",0.324911237752097,20.0250918027224,4.46989742239429,0.00248114360117453,0.00608760588081724,-2.55126307141802
"P29317_EPHA2",-0.127148459286797,15.3941101033542,-1.26859855443512,0.256013259500871,0.319271495616269,-7.00633900968326
"P29323_EPHB2",0.062233707186742,15.5456250964836,0.721782777191826,0.495727748617268,0.560920151142955,-7.66843352204618
"P29350_PTPN6",0.347777325378665,19.399196209614,4.95537235140758,0.00136908787569813,0.00370579444219216,-1.90167225501019
"P29353_SHC1",-0.431811779247123,19.2794970114133,-6.53914202714306,0.000245565154570074,0.000956848650440565,-0.00826391569103002
"P29372_MPG",-0.382333386532281,19.4981689539802,-5.79005497336361,0.000531990530235778,0.00173810995402634,-0.862382136550855
"P29373_CRABP2",1.65447579777169,23.2130127162544,11.3413284901037,0.0000125648527980372,0.000106698673784593,3.46846677878365
"P29374_ARID4A",0.230260690643551,17.4934670959141,2.07387792601662,0.0743343223719892,0.109105915855143,-6.12532693905111
"P29375_KDM5A",-0.121646249209181,16.6290606701078,-1.55564296059708,0.161134957925935,0.213778560960172,-6.86136167275201
"P29401_TKT",0.488634622824041,25.122606727632,10.2754567488466,0.0000115034798405471,0.000100231340028067,3.3872333520238
"P29558_RBMS1",0.666183474131074,16.5255131505828,5.16918119745792,0.00166204663154686,0.00436969466973571,-1.90396265035809
"P29590_PML",-0.411890547837306,18.5502894660812,-5.17694818428852,0.00105547464600639,0.00297904248709466,-1.61634409010735
"P29597_TYK2",0.150711282172562,20.0240736666616,1.6715357082612,0.135908481980977,0.184395275409794,-6.70441484185598
"P29692_EEF1D",-0.523463465433416,25.1656472522071,-6.6732498173256,0.000215293693919101,0.000871997022926144,0.137356261510037
"P29728_OAS2",0.132215948634162,16.6154250581112,0.975678805451573,0.359808911061702,0.427610402739892,-7.54095388422915
"P29966_MARCKS",1.76413399460062,22.0432405487264,17.9997871517417,0.000000265905694952147,0.00000839202786641507,7.57628498560666
"P29992_GNA11",0.706258193829132,19.9728708289149,7.67450713674307,0.000085510282216315,0.000433016781982218,1.16088393942814
"P30038_ALDH4A1",1.28167808286422,20.5240438328689,20.0075459826308,0.0000000944320206233033,0.00000479085904941023,8.6498934555291
"P30039_PBLD",1.07116567423572,17.3197047766575,9.86395647747698,0.0000153129410822497,0.000122342678436545,3.06994060987104
"P30040_ERP29",-0.0319768527207565,23.9628974517261,-0.785097256318842,0.456613279190553,0.524068296593232,-7.71296751564629
"P30041_PRDX6",-0.144114880109935,26.0275120784026,-1.68122876426258,0.133973893634275,0.182127870416854,-6.69104914944698
"P30043_BLVRB",-0.533569239357632,23.3355268289736,-10.1084826970118,0.0000129033161024245,0.000108444886491758,3.25987410791912
"P30044_PRDX5",0.489219068691636,24.1420855200707,8.20571074904734,0.0000544330842497579,0.000307751658762796,1.66214676130972
"P30046_DDT",0.713991612990242,23.1334137375686,6.31028032102256,0.000389250355129879,0.00135560357194041,-0.447426689972352
"P30047_GCHFR",1.11963429804656,17.9938130634965,8.84839031852051,0.0000325136598074586,0.000207814198735739,2.23421934098442
"P30048_PRDX3",-0.552452608830301,24.1020554391246,-12.9037665805658,0.00000228391370726394,0.0000342925273616542,5.17602692690057
"P30049_ATP5F1D",0.154926179189477,21.7785862471085,1.15047934879766,0.288301143020094,0.354080170161607,-7.35598618804859
"P30050_RPL12",-0.288508951883998,24.9263723165282,-5.0323200763582,0.00124984419564861,0.00342569908183903,-1.80179730159006
"P30084_ECHS1",-0.0774184999526923,23.1347114165704,-1.78972114875045,0.114013988484785,0.157843173719562,-6.53918932298342
"P30085_CMPK1",-0.0376064238615221,22.4441939574874,-0.776874497851834,0.461163764716429,0.528652840155714,-7.71969260710204
"P30086_PEBP1",0.0878614580103516,24.6193938070079,1.88353913932953,0.0990631278911503,0.139713360048227,-6.40485156836494
"P30101_PDIA3",-0.0731486949918221,24.8168931866812,-1.53705940091777,0.165558670933768,0.218731848379753,-6.88600592529612
"P30153_PPP2R1A",0.0742643761804374,23.1998840724913,1.67391306125617,0.135431599360098,0.183781042771259,-6.70113996044197
"P30154_PPP2R1B",-0.710353542305594,18.6146038656389,-9.50019657291824,0.0000198931966882532,0.000148778420856297,2.77956294033051
"P30260_CDC27",-0.738856490340034,20.4533457188455,-13.2646128614831,0.00000187371081548595,0.0000301937382681909,5.39428373157109
"P30281_CCND3",-0.19983965529395,18.6795178220982,-2.63681528573262,0.031742936441972,0.0521687066935262,-5.26687056493528
"P30305_CDC25B",-0.487915469440871,16.5376865372013,-4.08022601534118,0.00410045364519272,0.0092849212340982,-3.09678548586285
"P30307_CDC25C",-0.0442450669680632,16.7160455315535,-0.314997157689511,0.761397067820004,0.800551022648459,-7.99260400837678
"P30405_PPIF",-0.925497455090142,21.1625730319675,-12.0196095207061,0.00000379393935675793,0.0000481747959056774,4.61559496124719
"P30414_NKTR",0.0207004167868199,17.9692714513161,0.223715208199,0.828985650718387,0.857859164539326,-8.02018465010875
"P30419_NMT1",0.198202251016475,21.0615918903427,4.38509230867541,0.00276247832668979,0.00666605652055917,-2.66817998667997
"P30519_HMOX2",0.153695679375438,20.8496288980719,3.25204810671334,0.0128429592177327,0.0242648041554783,-4.3205631997171
"P30520_ADSS2",0.395444933834739,20.5002090674667,5.46357819338365,0.00076146669973816,0.00230195378307172,-1.25745692684857
"P30533_LRPAP1",0.803608837341084,20.2598544485881,12.2614819170983,0.00000329119510205451,0.0000440718837081455,4.77269294925904
"P30536_TSPO",2.36665803536846,19.8865185918559,23.8231082472249,0.0000000261643286558304,0.00000229156753941411,10.0139463911604
"P30566_ADSL",-0.391362971965354,20.1840394226908,-8.16227967244462,0.0000564294192731651,0.000315126404546031,1.62216515505134
"P30622_CLIP1",0.0349787231121539,19.2401659901454,0.590749895073002,0.572152859802491,0.630877740164938,-7.85523701380346
"P30626_SRI",0.334672249646523,21.4766250950164,3.91483604140264,0.00510983306123252,0.0110980554722257,-3.33458782534488
"P30711_GSTT1",0.951263807297998,18.8388975338015,8.53651688408971,0.0000417573408215931,0.000251868623544042,1.95751754871082
"P30740_SERPINB1",0.771200776707474,19.6143003964833,9.47447154002182,0.0000202713970981149,0.00015013071697007,2.75866108442132
"P30793_GCH1",0.828646036648028,17.7236708772226,5.19449587385752,0.00113980428391261,0.00316746488251344,-1.66782953605183
"P30825_SLC7A1",-0.317175321038984,20.0721599942843,-3.36794710080757,0.0108833917440154,0.0211063430915302,-4.14481420186426
"P30837_ALDH1B1",-0.6574029534526,20.6737209334551,-12.0706273041607,0.00000368107323589367,0.000047214575096471,4.64897767941899
"P30874_SSTR2",0.222890493093363,18.4471058856564,0.700887667543395,0.514324856075091,0.578434844788873,-7.74359056476278
"P30876_POLR2B",-0.171185495742012,19.5327465855844,-3.51803188170305,0.00880680736990574,0.0176228826244417,-3.9191222051163
"P31040_SDHA",-0.472944695046767,22.0337074433765,-5.16822359344069,0.00112215826699586,0.00313215991881486,-1.66624762669757
"P31146_CORO1A",-1.63998845037133,19.2241855660376,-15.5821480722409,0.000000585546126519031,0.0000138110562073561,6.6714849372757
"P31150_GDI1",2.09843424303044,21.3458536802296,38.2294569881779,0.000000000790103754955029,0.000000333862731121553,13.5327052858267
"P31153_MAT2A",-0.568245885468258,22.3958236733978,-11.4728533445213,0.00000528356911437767,0.0000599803383342635,4.24925831379423
"P31321_PRKAR1B",-0.509072472133191,20.1911485594461,-6.25317300624907,0.000327291629934232,0.00119052134733609,-0.326013797416072
"P31323_PRKAR2B",0.869483719395152,17.1269694651405,6.69911994419293,0.000209946214058839,0.000854845237757779,0.165203509609446
"P31327_CPS1",-0.144249440542181,15.9726679863037,-1.03104699479706,0.334981306459496,0.402824951293427,-7.48533013675864
"P31350_RRM2",-0.290685697771433,21.5623801004645,-2.64384820518755,0.0326174275332022,0.0534442382200637,-5.27386117713233
"P31431_SDC4",0.0261288430755648,18.2756609299111,0.268339326793218,0.795711421017423,0.829634142324676,-8.00784705717902
"P31483_TIA1",-0.23233164269293,20.5759203442954,-4.38125260330203,0.00277601544981404,0.00669023241802458,-2.67349764794431
"P31641_SLC6A6",0.643058580888834,16.4326988102218,3.69240738104678,0.00728665159971063,0.0150073848002705,-3.6939193255746
"P31689_DNAJA1",-0.937045497365087,22.2096501204307,-13.8932940096421,0.00000134266652619835,0.0000242910652429763,5.7611824807069
"P31749_AKT1",1.35136018090853,20.5633757219119,17.664696994993,0.000000234936086349339,0.00000783738540689943,7.66634361853423
"P31751_AKT2",0.129434404825279,19.2190701712311,1.80281319641143,0.111805242171282,0.155350871749136,-6.52060064601241
"P31930_UQCRC1",-0.715494113477064,22.8338743233477,-17.1273015980915,0.000000294335021075859,0.00000895484868121193,7.42157067599414
"P31937_HIBADH",1.54248021763613,19.3763849432927,22.4708684120328,0.000000040236272067824,0.00000289834351602996,9.55972428683839
"P31939_ATIC",0.223034922719787,23.9621300790839,5.68397559446713,0.00059683349861706,0.00190933328573388,-0.989177211600283
"P31942_HNRNPH3",0.115037835280425,22.8984909963856,1.79101718681191,0.113793497662949,0.15765270368386,-6.53735154349864
"P31943_HNRNPH1",0.0832641726987049,24.0140360049045,1.18461230820535,0.272551548662414,0.33735184363325,-7.32012396155842
"P31946_YWHAB",0.436816146564261,24.4811669757202,7.95848501494084,0.0000669622874456232,0.000361986608607967,1.43221159053031
"P31947_SFN",0.868978226496338,22.3518806339414,20.4662136554573,0.0000000799639894992032,0.00000442548897951553,8.82814982010226
"P31948_STIP1",0.0687708612226707,24.2593891699322,1.42249977144376,0.195338481856341,0.252120226200463,-7.03439261242845
"P31949_S100A11",-0.286443953221134,25.3122409327509,-2.93928364002859,0.0207659725715876,0.0363010773108469,-4.81346740071839
"P32004_L1CAM",2.92252354059855,18.490103423543,16.3106023154683,0.000000873589867531156,0.0000178137386928739,6.3694957962281
"P32019_INPP5B",-0.191204145136314,17.9409093709366,-2.00687791124896,0.0822603249630211,0.119198329523478,-6.22465763640169
"P32119_PRDX2",0.786105881604616,25.2731155285165,15.5592885017009,0.000000591818299002557,0.000013871001465921,6.65983169051594
"P32121_ARRB2",-0.890587729687621,18.460324468089,-13.5106556718892,0.00000164177555983236,0.0000277496553512998,5.53984383400506
"P32189_GK",-0.416211174737665,16.3857292870907,-3.14656239116384,0.0180492787143241,0.0322942399202891,-4.52957241174542
"P32321_DCTD",-1.15478242753968,19.0695614661029,-16.0567683429575,0.000000470883420554812,0.0000120766688843367,6.90962637373552
"P32322_PYCR1",0.583785176361886,23.0344553929532,8.11581896975574,0.0000586563809269085,0.000323524607200918,1.57920181598577
"P32456_GBP2",1.65826669421669,18.2265039801815,10.0023607354799,0.0000204061995680146,0.000150688887295455,2.84381049171596
"P32519_ELF1",-0.171423565210073,17.8610908593509,-1.96140706021322,0.0881047528460788,0.126486362806205,-6.29151832069653
"P32780_GTF2H1",-0.0733725321565437,17.5015256337068,-1.01866581094105,0.340270207494674,0.408216908234147,-7.49811042596142
"P32929_CTH",-0.600427741294304,16.5381331694436,-2.51712898677257,0.0598117818557798,0.0904250472659633,-5.02374164359836
"P32969_RPL9P9",-0.210070744335919,23.8794730307875,-3.81419401077678,0.00585365043172147,0.0124520538899526,-3.48103496861759
"P33121_ACSL1",-2.10829749506941,19.1942526872693,-33.3129599318034,0.00000000219351709259471,0.000000639005178833208,12.5456926203462
"P33176_KIF5B",-0.046230860146796,21.9334935403988,-1.10571936825045,0.303243046788676,0.369330122317802,-7.40714576559042
"P33240_CSTF2",-0.0146962079465425,21.399932621623,-0.300969728256895,0.771657938737681,0.808991079536706,-7.99743713446332
"P33316_DUT",0.513542590873865,23.2386532434584,3.69310623701228,0.00813635034766834,0.0164587980703099,-3.76444485672901
"P33527_ABCC1",-0.139441003189255,18.2098395257605,-1.91311216166994,0.0947542707736321,0.134383923830738,-6.36199215308142
"P33552_CKS2",-0.0646540874461685,19.3759513555074,-0.472169418929396,0.651048767502506,0.703691477280668,-7.92327933894814
"P33897_ABCD1",0.0225893926215122,17.7408857865433,0.337099140904302,0.745333231057913,0.786596996729081,-7.98455443892736
"P33908_MAN1A1",-0.184897573232057,16.0946788285745,-1.09981608646755,0.312427199359351,0.379137595315404,-7.38305493710369
"P33981_TTK",-0.371824513133639,18.1867935666105,-3.90501681235771,0.00517769508972111,0.0112134250718732,-3.34881907568065
"P33991_MCM4",-0.033439071694211,22.2842123705373,-0.389478573324738,0.707817596625178,0.753170207041285,-7.96336438103456
"P33992_MCM5",0.281902845993006,23.5686785414285,2.88403161716571,0.0226280601129866,0.0390535568911678,-4.90067004681718
"P33993_MCM7",0.196004919221302,22.3461512742316,2.29678978043179,0.0530271930759221,0.0815456592267415,-5.78927067964856
"P34059_GALNS",-1.07861543465771,18.8399330390527,-14.3841957120514,0.00000104506151171216,0.0000204337734140943,6.03658526450161
"P34741_SDC2",-0.377355061822437,16.1723290077998,-5.04206083148808,0.00123558298861114,0.00339149917408023,-1.78921411137313
"P34896_SHMT1",-0.0558390218602831,21.5046452753466,-1.07167826472827,0.317321054493787,0.384016537864716,-7.44336869257139
"P34897_SHMT2",-0.0728671104277829,23.9600835104459,-1.35190371702067,0.21597862155653,0.274934459507777,-7.12255437129442
"P34931_HSPA1L",-0.0337757670701606,24.429300004548,-0.605483851248947,0.562827064010423,0.623124111916052,-7.84571013741113
"P34932_HSPA4",-0.702099337839794,23.1229967219902,-18.0237948567464,0.000000202821541161428,0.0000073111878771271,7.82565596257308
"P34949_MPI",0.913596479373705,19.9105336757981,8.2126999286493,0.000061800313221481,0.000338655030520594,1.5562291742111
"P35052_GPC1",0.551564082309032,16.6332885412654,3.55002694657541,0.00843137113643404,0.0169563746334525,-3.87204643182951
"P35080_PFN2",0.891683563321653,23.3539427933366,11.4582159714374,0.00000533166561618349,0.0000602929244664079,4.23922915154688
"P35125_USP6",-0.341289605976776,15.5566411398074,-1.98521549979319,0.111622416988876,0.155125178808221,-5.84044605475294
"P35219_CA8",0.0445187114335326,18.3956281584581,0.234517343721639,0.821452910739012,0.851106230633554,-8.01707710826905
"P35221_CTNNA1",0.247487693581171,22.2277849140854,4.67344242790487,0.00192563522011729,0.00492149915464117,-2.27481390778273
"P35222_CTNNB1",0.629730767219172,20.9302811275534,7.98516831413987,0.0000654652773867443,0.000355317851091936,1.45730526106931
"P35226_BMI1",0.237439249856397,17.3184438575639,2.71361806635179,0.0282954303205802,0.0473312168503042,-5.1482087728617
"P35227_PCGF2",0.358878413208298,17.0654780173529,2.76355707846605,0.0262639669536942,0.0444116791128942,-5.07103803189878
"P35232_PHB1",-0.844168602874831,24.783868808371,-19.5940094797361,0.000000110058592237924,0.00000513561750037824,8.48540340428197
"P35237_SERPINB6",0.784776066150961,22.1042272280054,7.76800033754204,0.0000928716211832115,0.000459584613350362,1.11371056203245
"P35240_NF2",0.305876835130761,17.9989189884728,4.94653998588966,0.00138355761053202,0.00374096664973571,-1.91319012578976
"P35241_RDX",-0.569994439828921,19.8574906968986,-7.67994091031483,0.0000851053830009945,0.000431556453709796,1.1661500934603
"P35244_RPA3",0.759741403746705,22.0570505647376,13.4804568720218,0.00000166841869604536,0.0000280752048719492,5.52211681643258
"P35249_RFC4",0.414850610253453,20.5754508089451,5.57932259570391,0.000669493332076933,0.00208609843661498,-1.1157451331683
"P35250_RFC2",0.204456235577837,20.8231077178251,3.09122657984779,0.0162054605437583,0.0293972784056635,-4.56622033682865
"P35251_RFC1",0.444680537262816,19.3368451940495,6.98809314325717,0.000159295056674736,0.000689191240653041,0.471025541732706
"P35268_RPL22",-0.257358466311,24.5946473240225,-6.05968650096776,0.000399668200207131,0.00138617251745346,-0.546755867124395
"P35269_GTF2F1",-0.435232866239563,19.8628202882223,-7.56495934280344,0.0000941513004041196,0.000463504719012125,1.05408265046151
"P35270_SPR",-0.459803107044578,21.8440595470627,-11.4888321338875,0.00000523162251222863,0.000059506978445102,4.26019304068087
"P35475_IDUA",0.42175150565609,16.2862862083412,1.50422378220817,0.178824838858831,0.233902274180613,-6.92958185920207
"P35520_CBS",0.677130432974099,21.9428989393054,10.6751483646712,0.00000879626724459755,0.0000831110666613776,3.68470602657895
"P35527_KRT9",-0.992314305598949,17.8080484058706,-3.43041768959335,0.0125526307899227,0.0238390286612116,-4.19159675762919
"P35548_MSX2",-0.265968357351408,16.6413975430839,-1.47629836110512,0.188589341667566,0.244487903992416,-6.94096841388339
"P35568_IRS1",-1.56906877329982,17.6498033494492,-16.7919494341215,0.000000339960913717538,0.00000983172132979313,7.26479394806973
"P35573_AGL",-0.256913989637827,19.8279281411306,-4.24252086700295,0.0033171652016724,0.00776557664632819,-2.86701617961166
"P35579_MYH9",1.05233298322789,22.9380532473764,22.4647453606665,0.0000000403170518094146,0.00000289834351602996,9.55759950749874
"P35580_MYH10",-0.210564408456889,20.8144337019899,-3.96849799354135,0.00475557750423803,0.01045100332194,-3.25703549711124
"P35606_COPB2",0.341167150872639,22.5210814093162,5.63765850419181,0.000627854137925605,0.00198811764074194,-1.04501127029336
"P35609_ACTN2",0.163185134460043,20.4524232466133,0.599223288311391,0.571211145648537,0.63002203796444,-7.84492636855219
"P35610_SOAT1",-0.163085837953385,18.5331478497967,-2.44423864810629,0.0424215786125862,0.0671226392609384,-5.5636572401985
"P35611_ADD1",0.518931252495236,18.2162902057797,7.61545697867673,0.0000900522795376874,0.000448257616599248,1.10346457253281
"P35613_BSG",-0.932350074018697,22.386878456302,-17.393861821435,0.000000262980412933784,0.00000836915908273792,7.54395713782348
"P35626_GRK3",0.0346713719386447,15.4518144433569,0.274896178670943,0.791982757522781,0.826426238677223,-7.91405077143647
"P35637_FUS",0.376438605730545,23.1862947615786,1.96170835485018,0.0950335678194957,0.134704680737064,-6.31014801731498
"P35658_NUP214",-0.0279639496750583,20.7620221705837,-0.521077449375266,0.617427488306827,0.673653928407792,-7.89736494765376
"P35659_DEK",0.19161119433128,22.662521391559,3.92153287397109,0.00506410266972568,0.0110207624909681,-3.32488909174743
"P35670_ATP7B",-0.18213828611292,15.3210062306031,-2.84825489365908,0.0269935818134692,0.0454232706356741,-4.96005760926867
"P35749_MYH11",0.531530750101759,17.3324521754856,2.38430317216174,0.0488575106930475,0.0760561249143101,-5.67601976255781
"P35754_GLRX",-0.690315110998974,17.3299306360066,-4.37904337917418,0.00290737409537639,0.00694504440183259,-2.70739407810859
"P35790_CHKA",0.123605747687268,18.5325158927154,1.32674599903606,0.223781475187762,0.283491322498021,-7.15331868546736
"P35813_PPM1A",0.622611021947677,19.5224252988396,10.1339310342233,0.0000126780878278929,0.000107025012229693,3.27940557450464
"P35908_KRT2",-1.20471218726788,17.350624200929,-1.14523062033832,0.30173346165887,0.367799500715361,-7.35225705931699
"P35914_HMGCL",1.24029798619399,19.2498656811955,15.3182027463642,0.000000662803736362535,0.0000149150450259569,6.53587684148691
"P35998_PSMC2",0.201867180152036,22.536215653178,3.85566424474317,0.00553386567422168,0.0118698765702567,-3.42053446191346
"P36404_ARL2",-0.038773073779744,20.8273058722788,-0.750773761397268,0.475810315376916,0.541768451909704,-7.74063891077069
"P36405_ARL3",-0.22604476994977,21.5169472649043,-5.43050747348282,0.000790251832185879,0.00237013226956065,-1.29828374940932
"P36406_TRIM23",0.0610056941546731,15.5793666464976,0.800249706664574,0.451999651565837,0.519478596223898,-7.67187724217965
"P36507_MAP2K2",0.278864022642729,20.5864531278358,6.00734913607139,0.000422186598150319,0.0014497296909848,-0.607283463216195
"P36508_ZNF76",-0.0784920694384716,15.1967993526662,-1.20048924667292,0.266695103106919,0.330964750241675,-7.30211180863605
"P36542_ATP5F1C",0.171276811707781,23.5131668173751,3.06219500475255,0.0169058751368456,0.0304417817923408,-4.61075426576694
"P36543_ATP6V1E1",-0.0311490260644085,19.9452126470073,-0.546415306397164,0.600742245849769,0.65877242242407,-7.8826073139323
"P36551_CPOX",-0.114252055030146,19.6169187998562,-1.72212264288394,0.126092334766252,0.172492499682034,-6.63428448690003
"P36578_RPL4",-0.444727984430298,24.8166620292885,-7.42405205999,0.000106737262328553,0.000510272543853537,0.914910413436576
"P36639_NUDT1",0.123219779918255,19.9351306250049,0.514455558204291,0.624723700121135,0.679972590601224,-7.89813879715501
"P36776_LONP1",0.757021544981431,21.9927409371164,7.96019508827187,0.0000756902175571013,0.000396845606458905,1.32942564150723
"P36871_PGM1",1.28652646750858,19.7911095078185,24.7836542393721,0.0000000195493872740358,0.00000198256852808422,10.3194899053267
"P36873_PPP1CC",-0.310623554796173,20.8477438267177,-1.80329102382208,0.116946198367695,0.161461750732382,-6.5281305701102
"P36897_TGFBR1",0.23671740134507,15.8399468296914,2.38664822595685,0.0462811713935227,0.0726102701359599,-5.65200544739612
"P36915_GNL1",-0.647047795555117,22.0396116817841,-13.2320296482333,0.00000190711318196256,0.000030409859249491,5.37481205333806
"P36941_LTBR",-0.725403443930311,17.4898996000622,-4.50341650615891,0.00252347600346102,0.00617553361722152,-2.54780572303354
"P36954_POLR2I",-0.12177128473121,19.4238652275874,-1.87821368545292,0.0998588771468761,0.140705190733446,-6.41254468665653
"P36955_SERPINF1",1.29398375800768,17.8645750577086,2.78018475486949,0.0342146043950075,0.055725113710584,-5.18839659770474
"P36956_SREBF1",0.617398102454594,18.110998342166,5.10541873652792,0.0011470840565754,0.0031842048665374,-1.70769556879793
"P36957_DLST",0.589333974164415,22.8165826523137,14.3182594524965,0.00000108032643993391,0.0000209018253575592,6.00013513384235
"P36959_GMPR",0.429199188746445,15.94385559008,5.44666030089667,0.00125390202180752,0.003434345976906,-1.55848992696384
"P36969_GPX4",-1.55750925006684,19.9452982147616,-10.6109309521064,0.0000151324469522443,0.000121410750547226,3.20027168891106
"P37108_SRP14",0.54630402630286,23.4336111189429,11.0680729915912,0.0000068150312192436,0.0000693910675415888,3.96745283174665
"P37198_NUP62",0.151685163631903,20.3790031661528,2.88173217012958,0.0220384351897438,0.0381311051076413,-4.88854332242317
"P37235_HPCAL1",-0.611189734970349,19.4316483937028,-8.99007222286931,0.0000291456339196131,0.000192599210766791,2.35562050552922
"P37268_FDFT1",-0.349096484255242,21.1627563528878,-4.66719406434256,0.0019405010277483,0.00494951402315679,-2.28321235625949
"P37802_TAGLN2",-0.12776014685134,23.4576504520378,-2.20613017625301,0.0608379656099821,0.0917940024656862,-5.92683551519668
"P37837_TALDO1",0.722046298992954,24.5279658101388,15.5896342046224,0.000000583508453814453,0.0000138110562073561,6.67529745480198
"P38117_ETFB",0.0414738865584319,23.5014828957673,0.869796303700237,0.411534817635978,0.478979926999119,-7.64026279340534
"P38159_RBMX",0.209836230312266,23.287454794046,2.71012714238926,0.0284433979687777,0.0475055961683187,-5.15360337050612
"P38398_BRCA1",-0.192171059214289,16.5476989447745,-1.91523602478536,0.0944518863624363,0.133980053650259,-6.35890525021138
"P38432_COIL",-0.522911490124208,20.4089298617481,-9.98094778569418,0.0000141021054272278,0.000115458141958552,3.16132753974088
"P38435_GGCX",0.0347296040656673,18.78312366894,0.545528441534195,0.601322074149076,0.659313203975476,-7.88313479577423
"P38570_ITGAE",-0.474886535034711,15.665991657439,-3.07016525905095,0.03670442742058,0.0592474267743913,-4.87133335749638
"P38571_LIPA",0.105509672424539,19.3089199312414,1.5550666480843,0.161270510485405,0.213921085237528,-6.86212821700565
"P38606_ATP6V1A",-0.324276907814642,21.7467262123576,-5.60965947388792,0.000647470110031664,0.00203750833963626,-1.07890345162285
"P38646_HSPA9",-0.328432363192963,24.4444940464238,-7.03551056829473,0.000152366306757118,0.00066641640551733,0.520306760391067
"P38919_EIF4A3",-0.156602461364297,23.7720361890347,-2.80139678906243,0.0248259683735963,0.0422808588109211,-5.01257595739592
"P38935_IGHMBP2",-0.0711392295956195,18.6462134605196,-0.542652297314795,0.603579047242987,0.661096300520438,-7.88444617343622
"P38936_CDKN1A",-0.0570975457401097,16.1421269952981,-0.359532351067497,0.729396512951547,0.77213498643138,-7.97565390004505
"P39019_RPS19",-0.324079521444236,24.995456384417,-6.47006377192703,0.000262987662090461,0.00100922510487389,-0.0841081069777792
"P39023_RPL3",-0.338383747051903,24.2103980863433,-5.33525493161759,0.000880106523841204,0.00257366021543106,-1.41671862232233
"P39060_COL18A1",-0.0291863586039689,16.2325935379073,-0.186505989397461,0.857122158208709,0.881413763217753,-8.02873537877426
"P39210_MPV17",0.607101650214648,18.8551457857171,2.41442426275746,0.0501969902798461,0.0778862317561219,-5.65980128062724
"P39656_DDOST",0.28014535896811,23.6076021796461,5.72950646315992,0.000567986314074585,0.00183366040104045,-0.934571178691434
"P39687_ANP32A",0.653578909032181,23.9233091775303,11.3857693198929,0.00000557710223084276,0.0000616561621624856,4.18941503944747
"P39748_FEN1",0.347851315235037,22.5026632457201,6.96310611872042,0.000163087265168217,0.000702004379665796,0.444955592991883
"P39880_CUX1",-1.1659047275549,18.7866652725483,-17.5026510121508,0.000000251283790035329,0.00000813304045535622,7.5933520725336
"P40121_CAPG",-1.12163181940933,17.7679557109925,-9.52249475546346,0.0000195717873308254,0.000146952630245072,2.79764058539015
"P40123_CAP2",-0.769063431976324,18.9282092159831,-9.50115989668942,0.0000198791891515262,0.000148778420856297,2.78034469282797
"P40222_TXLNA",-0.333236908143757,20.4327284501586,-6.58121330001945,0.000235586218211079,0.000930933136026712,0.03764827773057
"P40227_CCT6A",-0.0328190206233607,23.8905361481806,-0.570369100938486,0.585198185271609,0.643489575997666,-7.86806218566165
"P40306_PSMB10",-0.582813156369589,16.2361676037906,-4.57679340847863,0.00217026235858825,0.00545423527141815,-2.40534386899492
"P40337_VHL",0.526576565223735,17.3676367626111,5.49226326088889,0.000737436216912565,0.00224509825251845,-1.22216585331238
"P40424_PBX1",0.396172005974499,17.6545720574764,2.54081847332899,0.0373929637235459,0.0602437793012689,-5.42376683331282
"P40429_RPL13A",-0.208039790407714,24.2017547082065,-1.9651314948366,0.0891272336297375,0.127713213825882,-6.29044763830494
"P40616_ARL1",0.19753961124173,22.3645408923825,3.19426454796937,0.013957047990919,0.0259743839048029,-4.40860897085922
"P40692_MLH1",0.104173548152485,19.7764291554931,2.00033963999987,0.0830767792086659,0.120178486009133,-6.23430031444306
"P40763_STAT3",-0.111231626126173,20.2956206328956,-1.85467610991534,0.10345019111566,0.145120279163724,-6.44645283694549
"P40818_USP8",3.93731371436795,20.2314986678478,80.2380823754537,0.00000000000318069775505371,0.0000000241923871249385,17.9092931283073
"P40855_PEX19",-0.563806782404995,18.8516820305924,-5.89053918996562,0.000477704186579229,0.00160062468859983,-0.743648992874784
"P40925_MDH1",-0.360327274786137,24.4930390653584,-6.75934006571877,0.000198062751701038,0.000818407180628625,0.229724082002008
"P40926_MDH2",-0.698239480722865,25.4728060656738,-15.9588220918141,0.0000004922959606305,0.000012565110995153,6.86106792901281
"P40937_RFC5",0.289515341406887,20.4898220788481,6.06924567886865,0.000395701164796567,0.00137493793166769,-0.535738697963346
"P40938_RFC3",0.399830933159109,20.2726248804074,6.15223195699165,0.000363043064324518,0.0012834975047209,-0.440584117841132
"P40939_HADHA",-0.618968063242274,21.7108248770861,-13.7151170106944,0.00000147352787585673,0.0000260615055931307,5.65886294761041
"P41002_CCNF",-0.00771434468921761,15.6742456897492,-0.0790983771340489,0.939035617233259,0.948135524316497,-8.04489893021251
"P41091_EIF2S3",-0.341358180314558,22.3789763898152,-4.95899810691412,0.00136319620964409,0.0036939365267429,-1.89694729089292
"P41134_ID1",-0.365808568625742,16.9915124258299,-2.28800271089856,0.0539678801600623,0.0828247975176421,-5.80425359877097
"P41162_ETV3",0.193756230369679,16.8988580830459,1.94049590082715,0.0909263952782731,0.129777849969327,-6.32210362358549
"P41208_CETN2",1.37243886466231,19.2645625576725,24.45518590413,0.0000000215709407371786,0.00000210344327239719,10.2165249645253
"P41212_ETV6",-0.176854973416116,15.4982689480166,-2.59663617289318,0.0337165247007798,0.0550790135038942,-5.32890890962456
"P41214_EIF2D",-0.807995701982374,19.5625426873653,-12.8563988927177,0.00000234493287827114,0.0000350403918902363,5.14694271533681
"P41223_BUD31",0.311525733197065,21.0913745250758,5.17539240297161,0.00105737915058652,0.00298309563032682,-1.6183233440639
"P41227_NAA10",-0.364382345746552,20.2560687759137,-7.06351541559404,0.000148432609359362,0.000652211685030216,0.549295325823628
"P41229_KDM5C",-0.171296746425586,17.3937682111393,-2.05005016286562,0.0770631715590587,0.112589796941644,-6.16075759271261
"P41236_PPP1R2",0.482732075127004,17.3960178585821,6.02551689934556,0.00041421395756897,0.00142815564880761,-0.586232782909701
"P41240_CSK",0.368030876121061,21.5667044238565,6.16343548499039,0.000358868332946703,0.00127370627176511,-0.427804687458708
"P41247_PNPLA4",0.165370533551762,16.5468012251292,1.05746855701958,0.323537218386061,0.390606997308632,-7.45806459210403
"P41250_GARS1",0.881487384062122,21.9026559241985,11.3633703717815,0.0000056555449189453,0.000061893632594961,4.17395418802324
"P41252_IARS1",0.0262253272605832,22.8323642882026,0.415626703066984,0.689384868452008,0.736751624202048,-7.95170086193462
"P41440_SLC19A1",-0.174555747185529,18.37510007582,-0.888304302961124,0.404707252144186,0.472044680234424,-7.62071385983645
"P41567_EIF1",-0.108289085396233,21.2460187066982,-1.64117243851181,0.142138315268841,0.19182115435323,-6.74605289230239
"P41743_PRKCI",-0.404350780339929,20.5839311325335,-7.0780347958164,0.000146437887696476,0.000646059497575054,0.564290672337272
"P42025_ACTR1B",0.660008031824194,19.7697218605413,8.17609647882499,0.00005578555451637,0.000312448400332481,1.6349033958235
"P42126_ECI1",-0.0158087648879359,21.9229547663244,-0.136178683364177,0.895488283103437,0.913134633599948,-8.03787826080515
"P42166_TMPO",0.339140469652097,23.6944557021731,6.24284188550361,0.000330764573225952,0.00119913982076101,-0.337681238345208
"P42224_STAT1",-1.10825469070962,21.8855157480216,-7.06721675014973,0.000262752240940532,0.00100883066360105,0.0819597374060717
"P42226_STAT6",0.231039311539927,16.7259092677759,1.50058731792016,0.188948997367539,0.244870689040296,-6.84366808707896
"P42285_MTREX",-0.53158636712292,21.3065869246816,-12.1371963960851,0.00000353945535860842,0.0000464958505312187,4.69233705316902
"P42336_PIK3CA",0.325821526094504,16.8867298356711,4.30933391982997,0.00304342250107979,0.00722254962346735,-2.77348180161863
"P42338_PIK3CB",0.133311638671014,18.186587994848,2.12917252705814,0.0683637120896155,0.101716430781224,-6.04269575154091
"P42345_MTOR",0.26324673781868,19.1856508855835,3.22982702420807,0.0132597969806656,0.0248899348062544,-4.35439052367429
"P42356_PI4KA",0.0474934971226801,19.1977026679938,0.478175660017176,0.646228273728504,0.699276177262627,-7.92086133821102
"P42566_EPS15",0.261831963162223,20.1201362570879,5.1953000072787,0.00103329260360893,0.00293473619979445,-1.59302268905493
"P42575_CASP2",0.0268467586103966,18.8228967576247,0.360201348728888,0.728684850397883,0.771488999460787,-7.97557546299497
"P42677_RPS27",-0.276260574842318,22.5188710583105,-3.93531238479751,0.00497139432557969,0.0108645143039838,-3.3049511179762
"P42679_MATK",-0.686360898011039,16.056540433473,-8.0944012203333,0.0000597160230464775,0.000328892158791823,1.55932880740723
"P42684_ABL2",-0.187797268051156,16.98294220737,-2.32229479325121,0.0510172906458514,0.0789496465213318,-5.75039246301017
"P42694_HELZ",-0.364084585800978,19.1729056691419,-4.99901582285803,0.00129999051856848,0.00354525919119105,-1.84492165342253
"P42695_NCAPD3",-0.199691147034713,19.5989645357724,-1.61920476061382,0.148302690783537,0.199010279834083,-6.77681269657644
"P42696_RBM34",0.16616223120608,18.5738953492713,2.32099527090614,0.0511178164785094,0.0790827357835253,-5.75237506084368
"P42704_LRPPRC",-0.488657060069659,23.8728975171334,-11.6590496091639,0.00000471257262509995,0.0000557446771174342,4.3758086345783
"P42765_ACAA2",-0.635091148746927,22.2079099160686,-9.38833620455536,0.0000215978286551958,0.000157474526213627,2.68831404869983
"P42766_RPL35",-0.273721330755219,24.8702038181728,-3.66383345348776,0.00719123674182003,0.0148389980082157,-3.70217030235542
"P42785_PRCP",-0.520564928876325,19.3395118692698,-7.79988333229736,0.0000766923589430717,0.000400908647505844,1.28164664364533
"P42858_HTT",0.808296652384392,19.6386147942142,14.2382971400888,0.00000112491018911754,0.00002139016724607,5.9557091809513
"P42892_ECE1",-0.872623446926077,18.196399723541,-12.7323131108264,0.00000251369546507587,0.0000366267580600902,5.07026411586782
"P42898_MTHFR",0.613455587672433,17.0041525467986,5.41517500990804,0.000804003909145808,0.00240285018976936,-1.31726318591163
"P43007_SLC1A4",-0.0787553101964988,19.5333315258923,-0.996501183480989,0.350239947150473,0.418411256847248,-7.52037738062789
"P43034_PAFAH1B1",0.00672683613576552,21.2769343806918,0.134417954052848,0.896628932618986,0.913931876373627,-8.03821868632463
"P43243_MATR3",0.050741439395388,23.2616021581872,0.822146496273599,0.43649142380865,0.504398931857884,-7.68192735958136
"P43246_MSH2",-0.467699959259356,20.6216415147213,-7.87249635058981,0.00007205373972902,0.000382442947926676,1.35088199090183
"P43250_GRK6",-0.104155405312053,18.7317522502567,-1.43964644541876,0.190596278774862,0.24675324193389,-7.01258804218878
"P43251_BTD",0.783659329773375,16.8085776433738,3.82822528529685,0.0103954976869331,0.0202686889020284,-3.3800712624778
"P43304_GPD2",-0.615994371135674,21.9935195116929,-11.6682514767288,0.00000468621354409529,0.0000555192215208548,4.38201390503941
"P43307_SSR1",0.206919378889406,21.8848704319665,1.68353843465699,0.13593578880148,0.184399431001259,-6.69001449967951
"P43378_PTPN9",0.46428755973691,18.110694823254,5.53645272527718,0.000702042085639008,0.00216271045093977,-1.16801996009941
"P43405_SYK",0.0569862545200497,15.2383625703212,0.605868552833248,0.565281432037372,0.625113488234407,-7.78295272530804
"P43487_RANBP1",-0.116565446977926,23.4733328367201,-2.4623382070491,0.0412775071434075,0.0655031753250068,-5.53584171985322
"P43490_NAMPT",0.0905175125579554,22.2982307560074,2.09977386960607,0.0714765642897211,0.105686381801637,-6.0866976211086
"P43686_PSMC4",0.157142002430703,21.4250477066045,2.65260552420838,0.0310002926079085,0.0511138577012253,-5.24248033010974
"P43897_TSFM",0.14895841161217,22.5675794222567,2.54317563359165,0.0365400060129288,0.059019597735047,-5.41137946914882
"P45844_ABCG1",1.61820899471932,18.0059471248608,17.4338144949436,0.00000113249629094035,0.00002148071518427,6.25684321073621
"P45877_PPIC",-0.0619062224862645,21.0189889344469,-1.0919381253166,0.308880927648891,0.375235319549188,-7.4219091874158
"P45880_VDAC2",-0.322613278960169,24.7869035078472,-4.67005352236313,0.00193368238495088,0.00493936189343832,-2.27936825612276
"P45954_ACADSB",0.324468931903212,19.6858029407579,5.32861740534569,0.000886776355766014,0.00258818916421961,-1.4250183886133
"P45973_CBX5",0.796185023522966,21.8406032961629,15.2518714479038,0.000000683988966930262,0.0000151476872794532,6.50142999363874
"P45974_USP5",-0.65445725902757,22.9500869963542,-9.41035880513658,0.0000212496430076297,0.000155408446842338,2.70635316291947
"P45983_MAPK8",-0.715233985522985,18.2439069590065,-9.90364110440659,0.0000148895679656359,0.000119841326927647,3.10104698477557
"P45984_MAPK9",0.372866292125313,19.7121851213043,3.28557892440098,0.0126528901489025,0.0239781537007557,-4.28931999756639
"P45985_MAP2K4",-0.309114990566446,18.1209754358028,-4.19348748231513,0.00353510383906585,0.0081627200364101,-2.93605430218368
"P46013_MKI67",-0.5351356931445,21.6322339769218,-6.26494509168968,0.000323383640399623,0.00118025718276369,-0.312735210101301
"P46019_PHKA2",0.111478675477702,17.5902745516121,1.56095571234266,0.159890254483903,0.212386530842572,-6.85428846563266
"P46020_PHKA1",0.0976949781761505,22.7424135447222,1.32135013597868,0.225486488348413,0.285318620924643,-7.15987073007641
"P46060_RANGAP1",-0.322057857153993,21.9405372550023,-3.76090110508933,0.00629421314522756,0.0132504249052313,-3.55909853259202
"P46063_RECQL",-0.168055210240581,19.832766590942,-2.08243461858274,0.0733777893572363,0.108014605351488,-6.11257671423878
"P46087_NOP2",-1.10511354716449,21.4632564426416,-18.6996387101951,0.000000154958813984891,0.00000607534401633548,8.11673205737164
"P46100_ATRX",0.206628926823416,18.5229881357173,3.52960701684373,0.00866529495273798,0.0173737757711807,-3.90181248034928
"P46108_CRK",-0.331003449843699,20.5579776422804,-7.44445189519853,0.000104803773334505,0.000504198292208882,0.93518584409205
"P46109_CRKL",-0.00986275732267927,21.4708696822505,-0.178972880062258,0.862725667518475,0.885904067388352,-8.03033526154029
"P46199_MTIF2",-0.349950949784532,19.8437457317945,-6.22267511130029,0.000337662626314837,0.00121718575154059,-0.360494946436745
"P46379_BAG6",0.211089997260125,22.1656822178652,2.30816494136979,0.0526873139647035,0.0811213987885697,-5.77606798970223
"P46459_NSF",0.442713892318231,21.6424707513246,11.0491682022786,0.00000689793263795725,0.0000700476310337821,3.95406073380403
"P46527_CDKN1B",-0.120808062572291,17.0658904606961,-1.43448215595864,0.192013665969487,0.24829240791634,-7.0191708216066
"P46531_NOTCH1",-0.367160271643948,15.6878821354886,-2.37261551169559,0.0594986186350927,0.0900619621117345,-5.28906147546216
"P46734_MAP2K3",-0.33620157769294,19.1898787766866,-3.79738366101204,0.00598891375295106,0.0126708422823215,-3.50562082852434
"P46736_BRCC3",0.463817760229734,19.015571722746,6.95887638873079,0.000163739120638748,0.000704013426556424,0.44053563698097
"P46776_RPL27A",-0.257219419057598,25.0325769681761,-5.30552578303484,0.000910419005760038,0.00264602482147912,-1.45394055409049
"P46777_RPL5",-0.312231535905614,24.0162036292839,-4.83514817177646,0.0015812350792616,0.00418180598500129,-2.05940470020159
"P46778_RPL21",-0.341039811790075,23.5271552501079,-8.24839551014934,0.0000525478990774024,0.000300058336324961,1.70127291396363
"P46779_RPL28",-0.313987936076131,24.1977440347935,-4.10191410367762,0.00398501617076773,0.00905317592439048,-3.06587242303984
"P46781_RPS9",-0.131057376302113,24.9918092445307,-2.60236285815785,0.0334276804360556,0.0546541137997934,-5.32006913627628
"P46782_RPS5",-0.352765349876833,24.9488718434358,-6.13475343717603,0.000369664258386258,0.00130109502512072,-0.460552863594874
"P46783_RPS10",-0.237654802656387,24.8228603313969,-2.58379173271683,0.0347894554229944,0.0565523825491121,-5.35425723984579
"P46821_MAP1B",-0.877837370491417,16.347223248839,-4.87067543862566,0.007363528138845,0.0151329356995556,-2.9263749027942
"P46926_GNPDA1",-0.179965047962995,21.1645781203954,-1.52154814848487,0.171645398709783,0.225636865293227,-6.90681420271361
"P46934_NEDD4",1.51753902105601,18.8130446195854,22.452491759851,0.000000040479262308171,0.00000289834351602996,9.55334543702092
"P46937_YAP1",-0.360613888052239,18.3839699985038,-3.99055257179999,0.00461777483255488,0.0102041822708926,-3.22527153943428
"P46939_UTRN",1.43429251126881,17.5465848292812,11.3970414564521,0.00000553809086809981,0.0000616561621624856,4.19718497753738
"P46940_IQGAP1",0.622881097731277,22.276436653607,13.9976068320429,0.00000127217175814694,0.0000233723149576465,5.82049236293575
"P46976_GYG1",-0.194550105231745,22.4818265789631,-3.10044382809944,0.0159895431053976,0.0290809337301899,-4.55209209057625
"P46977_STT3A",0.28140717657644,21.2521467826414,3.45417130782215,0.00963334750604689,0.0190216098470905,-4.01487500446058
"P47224_RABIF",-0.0146750788703613,22.1889958441338,-0.158663959564584,0.878221350576894,0.899052847081566,-8.03417447612657
"P47736_RAP1GAP",0.460586551717874,16.273123903634,3.81770437658632,0.00582582290005446,0.012417802867061,-3.4759053577094
"P47755_CAPZA2",0.285806935625725,21.5195927700062,6.25071464100686,0.000328114349374914,0.00119237350279293,-0.328788943549977
"P47756_CAPZB",0.284926988203274,22.756765900492,5.48498501778716,0.00074345301764347,0.00225969907769778,-1.2311095643857
"P47813_EIF1AX",-0.788288021132882,19.7249727533529,-5.05581596224405,0.00152661957865376,0.00405569979575288,-1.94233876892351
"P47897_QARS1",0.0624479364247392,21.6222932447512,1.40812064767995,0.199395620821146,0.256659856484285,-7.05256233091656
"P47914_RPL29",-0.003580251378974,23.6564986506369,-0.0656960259690187,0.949346808442336,0.957402787723735,-8.04599746919853
"P47974_ZFP36L2",0.390792023659241,18.8545718870009,2.55355386502525,0.0376911571875109,0.0606342939019053,-5.41638868163922
"P47985_UQCRFS1",-0.756593669208485,20.3770252550244,-10.903249809524,0.00000757745451090371,0.0000750464951525122,3.8499805167947
"P48047_ATP5PO",0.174942360927485,23.2186079243985,3.73896529540712,0.00648582880661778,0.0136048576677151,-3.59133153078509
"P48059_LIMS1",0.53335958655331,18.665465911899,6.18413473808202,0.000351294897133203,0.00125502535819405,-0.404235481355057
"P48067_SLC6A9",0.214653036337289,16.1608840476863,1.97895435127031,0.0858029024384357,0.123545931262799,-6.26577272862378
"P48147_PREP",-0.0682831278468612,21.3555889647122,-1.45072803489241,0.187586238448219,0.243353390693699,-6.99841771090786
"P48163_ME1",0.553594685416389,21.3114641220714,5.85858148372367,0.000528195051674692,0.00172867967428473,-0.833588480519465
"P48200_IREB2",-0.637027840321633,18.7275873845334,-6.70004027646526,0.000209758724030027,0.000854539290290511,0.166192738199802
"P48382_RFX5",-0.16139129178524,17.4955237442886,-2.08178371683275,0.0734501236151622,0.108079249413218,-6.11354710337498
"P48426_PIP4K2A",0.126057080743468,18.8405848910394,1.90513853541662,0.095897888618776,0.135803265841447,-6.37357087498557
"P48444_ARCN1",0.304680466623495,22.7991649376309,5.7012195532689,0.000585721411759334,0.00188531403209543,-0.968463594980524
"P48449_LSS",1.68756249900123,21.4053109909716,18.8870652479845,0.000000152481152011787,0.0000060699750492501,8.14331325727696
"P48506_GCLC",0.256028664952279,20.2835191600149,4.39459478286479,0.00272928562694095,0.00660271834558297,-2.65502881337891
"P48507_GCLM",0.139978594742683,19.3966126500155,1.7345756864861,0.12378011727843,0.169665087767118,-6.61688111983482
"P48509_CD151",0.306941012465149,19.3019009660542,2.65554852356845,0.0314417958705655,0.0517296775668443,-5.24678005770333
"P48552_NRIP1",-0.314124475884896,15.17716299023,-5.28617972075964,0.00147405577533376,0.00393916126928254,-1.80373349325048
"P48553_TRAPPC10",0.335571459032167,18.1720158374606,5.27516683755958,0.000942568128701178,0.00271868531926476,-1.49207793588601
"P48556_PSMD8",0.293948918227514,22.6671521654049,6.66918397711745,0.000216147850833088,0.000874479017785355,0.132972570460778
"P48634_PRRC2A",-0.225520494736816,19.3541550045606,-3.37719242633946,0.0107414244246001,0.0208437875615706,-4.13084703635326
"P48637_GSS",0.581202814077265,21.9659208510375,12.1118785578984,0.00000359257898589304,0.0000466909093096641,4.67587288640668
"P48643_CCT5",-0.34344432457064,24.045824700646,-5.53342893096794,0.000704403163435041,0.00216697890056462,-1.17171656262587
"P48651_PTDSS1",0.416890817621276,19.0830330723332,3.01097381870554,0.0191888931585656,0.0339657252418082,-4.71788386382441
"P48681_NES",-0.0436724923415053,15.1954226078278,-0.530190364528804,0.621309724495828,0.676934789359012,-7.73191708579354
"P48723_HSPA13",-0.0446476923178274,18.2867875068134,-0.60268829822163,0.564589652001074,0.624530089168146,-7.84753409747493
"P48729_CSNK1A1",-0.0740425446833584,21.2723492727622,-0.870237050992959,0.411308837947763,0.478790177751864,-7.63986842303397
"P48730_CSNK1D",-0.38260166558744,18.5312191040795,-4.01729123419585,0.00445648131008817,0.00991400902150647,-3.18684758015292
"P48735_IDH2",0.124517300012265,23.5519435482204,2.22092890014252,0.059488422606288,0.0900619621117345,-5.90445381963627
"P48739_PITPNB",0.722914656811181,20.216383877279,14.4246769698963,0.00000102405583158296,0.0000201786752720724,6.05888225547139
"P48960_ADGRE5",-0.960436053644784,16.7814394647459,-6.14915924541782,0.00036419745165218,0.00128542265302389,-0.444091810746741
"P49005_POLD2",-0.362285941287546,19.7833839411123,-5.21873074013836,0.00100571573202378,0.00287034666332942,-1.56331572108002
"P49006_MARCKSL1",0.051865194562243,21.7575639273354,0.435488211550284,0.676234013861879,0.725449352529401,-7.94170179249926
"P49023_PXN",0.19834702638105,19.3087704495941,2.49954336090725,0.0390236180236994,0.0623820173787847,-5.47860121525421
"P49069_CAMLG",0.136057017171083,17.9626532548705,1.8957294114762,0.0972645475768536,0.137533770007352,-6.38721266374115
"P49116_NR2C2",0.495000269917771,17.0810751984146,5.62334469117504,0.000637798811741611,0.0020137392121655,-1.06232459528248
"P49137_MAPKAPK2",-0.156454139419541,19.1206709069436,-2.60873161170466,0.0331094417624346,0.0541920408962939,-5.31023720421179
"P49189_ALDH9A1",0.193217219695825,22.1225679690479,3.17326729186212,0.014386887630259,0.0266180168610434,-4.44066656171063
"P49207_RPL34",-0.409844288684539,23.8896238399879,-4.87794132727424,0.00150184059226776,0.00400245253846831,-2.00302452232466
"P49247_RPIA",-0.796868482570009,19.7333354631436,-15.6383603317932,0.000000570439777989755,0.0000138110562073561,6.70006774503507
"P49257_LMAN1",-0.884750240517207,21.2450186451591,-17.0225084077836,0.0000003078030552972,0.00000921712613618309,7.37292017659171
"P49281_SLC11A2",0.433232422799104,17.6293833445858,3.67454903355605,0.0070857684018439,0.0146611410403767,-3.68632114939464
"P49321_NASP",0.304954248150178,22.7417304002822,6.19020066740363,0.000349109290828768,0.00125074200002054,-0.397338727701226
"P49327_FASN",1.60334249430579,25.7577114563192,24.3665425149319,0.0000000221563594124506,0.00000213318062900125,10.1884711531204
"P49336_CDK8",-0.0924000367284208,17.3129920717005,-1.02500000283825,0.337461832771303,0.405423266475839,-7.49167890493273
"P49354_FNTA",-0.320973250129725,19.3462898695754,-5.14536241602069,0.00109489294072927,0.00307296834455126,-1.65659397107256
"P49356_FNTB",-0.125837342058226,18.1513394103086,-1.73579653441636,0.123555599185919,0.169418404075735,-6.61517208889725
"P49366_DHPS",0.174367198474968,18.4917173143267,2.12001468954809,0.0693187084308528,0.102815541405044,-6.05641884537125
"P49368_CCT3",-0.136385134773459,24.8636418965668,-2.84227117941517,0.0233644143004111,0.0401150643722182,-4.94945014287149
"P49406_MRPL19",-0.53607271302074,21.0815255949408,-10.6682464997979,0.00000883644438248075,0.0000833846698848245,3.67965529256025
"P49407_ARRB1",0.606491790727961,19.3627293490592,8.79002787558323,0.0000340264416033531,0.000215491352901835,2.18373120731752
"P49411_TUFM",-0.233995463295422,24.0464871187602,-5.7805688181807,0.000537458972014161,0.00175446907345052,-0.873659867010315
"P49419_ALDH7A1",0.442670953036846,22.5107291295533,6.27303923025296,0.000320726742029842,0.00117450534418824,-0.303615245941579
"P49427_CDC34",0.572733113138987,19.0257683122116,5.81676052939359,0.000516924207396582,0.00169763623551744,-0.830696842657551
"P49441_INPP1",0.196003801306137,16.2131270480633,2.42902871393332,0.0434079496326335,0.0685550574610979,-5.58701471828063
"P49447_CYB561",-0.191429935162869,18.464214156969,-0.822573459106302,0.439477048149432,0.507137043372257,-7.67793305079464
"P49448_GLUD2",-0.409994198825018,17.1162281420299,-2.4053185011518,0.0457589166628697,0.0718650258388988,-5.63033893319045
"P49450_CENPA",0.224387324146203,16.5289613743642,2.1688660278418,0.0643730850512923,0.0964391737049694,-5.98305274831452
"P49454_CENPF",-0.54552843173985,17.2310995417988,-6.37641780129369,0.000288845142308653,0.00108814073917762,-0.187847339657271
"P49458_SRP9",0.555140544230991,23.836603760789,11.5173543268696,0.00000514032250115261,0.0000590148262415559,4.2796765329987
"P49459_UBE2A",0.391748541802855,20.2173435338227,7.38835486802099,0.000110217373428688,0.000522313608908784,0.87932665070881
"P49585_PCYT1A",0.535237063860812,20.7943329057676,10.2484515643839,0.0000117178127577104,0.000101279186176301,3.36676120591959
"P49588_AARS1",0.507185540470928,22.5780898121806,5.5397424945009,0.000744686242300807,0.00226045565406215,-1.21256826265058
"P49589_CARS1",0.135566753788044,21.182650320183,1.79526959185752,0.113072893992662,0.156770555316082,-6.53131793317565
"P49590_HARS2",0.11998162358665,20.9672078314059,1.55421210932802,0.161471695306633,0.214078318855657,-6.8632645591678
"P49591_SARS1",-0.208337640336445,23.0176113373269,-1.97456275490647,0.0878855697382203,0.126219343547754,-6.27673074956442
"P49593_PPM1F",0.042208054572793,19.1156823472865,0.639426521768734,0.54168554387698,0.603583393895152,-7.82295719847257
"P49641_MAN2A2",0.541982901423918,16.8590779947878,6.56073169716493,0.000240386671683878,0.00094392412226514,0.0153231339500852
"P49642_PRIM1",-0.343210259946929,19.6832127093978,-4.75703764539256,0.00173831497452164,0.00452951804143078,-2.16298977917942
"P49643_PRIM2",-0.51499289146069,19.5009791258309,-5.78632794915329,0.000534131638980045,0.0017443560524183,-0.866811632934996
"P49662_CASP4",-0.271007174826149,15.3882339612654,-2.49776254478758,0.076765596098497,0.112241277186691,-5.46399377977516
"P49711_CTCF",0.169665586840527,19.2724696458234,2.22026172240408,0.0595486155019284,0.0901167468180794,-5.90546352260288
"P49715_CEBPA",-0.62790437120629,15.5824721164104,-3.5433268065988,0.0200038118181604,0.0351945532494232,-3.77762336723079
"P49720_PSMB3",0.0739235462350223,22.8609000645811,1.87698090527645,0.100043959077464,0.140939869002258,-6.41432444731724
"P49721_PSMB2",0.144387069726445,23.2291058938372,2.88467773279818,0.0219426653323146,0.0380086341420143,-4.88399867624032
"P49736_MCM2",0.00581827554574588,22.6902205232665,0.0697942153652377,0.946192649041671,0.954601576947997,-8.0456831122224
"P49748_ACADVL",-0.295792821437782,21.3124052475124,-6.24066766767618,0.000331500674643427,0.00120012861258038,-0.340138384401349
"P49750_YLPM1",0.253507472094213,20.1300645692072,4.04176190990336,0.00431421332892407,0.0096462854036677,-3.1517660795609
"P49753_ACOT2",-0.290051419755962,15.3925678838784,-4.95749925792109,0.00136562837274804,0.00369774631652602,-1.89890031441792
"P49754_VPS41",0.0322467512163023,18.3713317415815,0.525870425625846,0.614252417870436,0.670783042400938,-7.89462317881937
"P49755_TMED10",-0.207226970034018,22.7938861203336,-3.71489570929633,0.0067033421171005,0.0139839879711098,-3.62676701964557
"P49756_RBM25",0.0378951062910069,21.5023542784276,0.787227471245244,0.455439414456551,0.52285720072796,-7.71121550436659
"P49757_NUMB",0.590345036009651,19.5416883015187,5.79791181170833,0.000527508026426485,0.00172717436461465,-0.853050458851264
"P49760_CLK2",-0.220474740793343,17.1496848172182,-1.92294506319151,0.0933621396153401,0.13268169542494,-6.34769090539373
"P49761_CLK3",-0.0701984226090744,18.3656113117582,-1.17033297586375,0.277909273199498,0.343368734885539,-7.33618356251269
"P49768_PSEN1",0.522924595233523,16.1393679453248,3.58749455195581,0.0080723428869447,0.0163546859402301,-3.82172296308495
"P49770_EIF2B2",0.092676291886562,20.1393985915036,1.94263127845531,0.0906342819742568,0.129482409597332,-6.31898523434264
"P49773_HINT1",-0.318866833994463,23.1012357903145,-5.53117783259537,0.000706166600921662,0.00217093596711694,-1.17446934959777
"P49789_FHIT",0.222517553062907,17.680396575603,0.868940942219362,0.415382465677855,0.482867038658989,-7.63723785753919
"P49790_NUP153",-0.301100125037895,20.0645363541602,-6.09121569229337,0.000386748435915368,0.00134936174475793,-0.510461984553485
"P49792_RANBP2",-0.255479680055291,20.5723457173073,-5.06913261254526,0.00119688041446257,0.00331035361178267,-1.75431312366937
"P49795_RGS19",-0.0749278825889412,16.2391193495289,-0.812230119359278,0.441815804002302,0.50915924321841,-7.6903530401446
"P49796_RGS3",0.243842800503931,17.2138351537535,3.20563960424174,0.0137298888190168,0.0256080270616581,-4.3912559378634
"P49810_PSEN2",-0.555441186245654,15.5899024452951,-7.45328081320207,0.000212159715632446,0.000862472900641575,0.409062917505867
"P49815_TSC2",-0.0235630334962771,19.7452166792897,-0.314413540743695,0.761822979857683,0.800777444001871,-7.99280936870842
"P49821_NDUFV1",-0.199147349325585,21.7791407742867,-3.96989555060336,0.00474671426211315,0.0104359967076635,-3.2550207749608
"P49840_GSK3A",0.0913310695775316,19.7219380108432,1.77058688948178,0.117316832983563,0.161914685478675,-6.56625945641469
"P49841_GSK3B",0.376198147858748,20.7580505688073,6.52521590370217,0.000248971361520335,0.00096665450521882,-0.0235079640227731
"P49842_STK19",0.19877423117453,15.6822981810667,2.92728782638419,0.0206049591943429,0.0360776518490268,-4.81828829153771
"P49848_TAF6",0.0610058705516217,18.7497787533968,0.812798900661958,0.441509195613381,0.5089601306207,-7.68987207319746
"P49902_NT5C2",-0.0831731673784724,19.0803981388112,-1.08096111411704,0.313431369412735,0.379974337863127,-7.43357252242661
"P49903_SEPHS1",-0.307899614762146,21.4429145828604,-5.50515655544336,0.000726909336854764,0.00222132278670845,-1.20633999396123
"P49914_MTHFS",0.28749510358702,19.1028234450419,4.3824195644597,0.00277189361022085,0.00668453481272662,-2.67188128750673
"P49915_GMPS",-0.464840408748614,22.916439697174,-7.16454561324533,0.000135155849552742,0.000607989476656766,0.653158678299665
"P49916_LIG3",-0.329896234168373,21.3241410634142,-6.72745166535725,0.000204259165820481,0.00083616534727157,0.195610920280885
"P49959_MRE11",0.123735435882406,19.9145858007479,2.14250258264257,0.0669968953211244,0.0998585902042862,-6.02269502956781
"P50053_KHK",-1.12045363812985,16.8891312831966,-11.1004522654514,0.00000667563653399512,0.0000692193253372352,3.99034152334329
"P50148_GNAQ",-0.104039953817956,19.5319765429671,-1.81358219058859,0.11001902283215,0.153232867178416,-6.50527057460788
"P50151_GNG10",0.461782780210143,19.2439620649767,2.08990229514425,0.0781473442967697,0.11402046819897,-6.12391305068792
"P50213_IDH3A",-0.250243426455505,22.1230854284893,-5.15846116282076,0.00107835234431985,0.00303438695186711,-1.63988514889188
"P50219_MNX1",-0.85873418027936,16.7158996598844,-6.34244109820245,0.00029891673829041,0.00111285399482959,-0.225750693516136
"P50336_PPOX",0.103332863942427,17.7190911796877,0.711919249727117,0.498530641770632,0.563421108663808,-7.77027576885136
"P50395_GDI2",0.191542260921722,24.107057847628,4.29125578518805,0.00311497555459328,0.00735563615903028,-2.79872872688243
"P50402_EMD",1.42510682045558,20.4085336655353,30.1215891903367,0.00000000462485039930146,0.000000879415303427173,11.801603960799
"P50416_CPT1A",-0.790845772045266,21.6784966739418,-11.08076721019,0.00000675999461367568,0.000069389292581853,3.9764336059596
"P50443_SLC26A2",-3.48525616664396,18.2258661507924,-22.8183804397602,0.00000126478948612133,0.0000233490936550636,6.46161653224038
"P50452_SERPINB8",0.169464744356862,16.3697544624351,1.85521495228149,0.103366605343421,0.145029773149246,-6.44567832541365
"P50453_SERPINB9",0.0316229204384939,16.4934520909927,0.280105230808694,0.789709153705129,0.824506221425012,-7.91134835369788
"P50454_SERPINH1",0.0636929642727004,23.6017676411119,1.21204044097224,0.262500396680256,0.326504990539661,-7.28890540430402
"P50502_ST13",-0.0322899478674294,18.046514233323,-0.131246882591602,0.899493802297615,0.916115407107079,-8.03854558630208
"P50542_PEX5",-0.673008546914215,19.4772976030996,-14.0334922440889,0.00000124889443098663,0.0000232687071452502,5.84079614232426
"P50548_ERF",0.245249845282192,17.9523894546004,2.79922341741432,0.0249063011954599,0.0424081770523099,-5.01593330939764
"P50552_VASP",0.578499652888496,20.3966854815424,9.89642094760666,0.0000149656055698526,0.000120325999962261,3.09539575287201
"P50570_DNM2",-0.10372471390788,21.7616349499292,-2.55483818105164,0.0359040109307287,0.0581900505303905,-5.39339722828725
"P50579_METAP2",-0.710311331433108,21.2518180896588,-12.3237260088934,0.00000317428898941707,0.0000430367951042892,4.81264769021881
"P50583_NUDT2",-0.121954133729069,20.0316662338777,-2.42729281223373,0.0435219978615921,0.0687065827594997,-5.58967944514366
"P50613_CDK7",-0.351001406260664,18.4648431733083,-5.08742355310287,0.00117148787663699,0.00324366100826389,-1.73079110678393
"P50616_TOB1",0.0133064827506217,17.6903325755732,0.197060995983433,0.849044483680743,0.874807957582733,-8.02650039510178
"P50747_HLCS",0.356487963429167,17.0015421039746,4.46123047040643,0.00250840642001522,0.00614344562247693,-2.5631651079147
"P50748_KNTC1",0.68101902285628,19.8818845709117,7.82725701959451,0.0000749055096663772,0.000395097993427507,1.30780730088151
"P50750_CDK9",-0.201960057736382,19.7947103593783,-3.80292167293387,0.00594398357158724,0.0125897908787225,-3.49751736065044
"P50851_LRBA",0.910218252470241,19.6847273983789,15.7072406665539,0.000000552526258790908,0.0000136003712762578,6.73495163707708
"P50895_BCAM",2.29731065403584,20.9737413417661,26.8051415982458,0.000000010958289861527,0.00000139250392137696,10.9208492494541
"P50897_PPT1",0.298183183656786,22.3604609681049,5.1610360274089,0.00107513341810601,0.00302644884460189,-1.6366034792978
"P50914_RPL14",-0.283588403594667,25.0229095708945,-5.15028122639809,0.00108864907721886,0.0030587033275931,-1.6503166820242
"P50990_CCT8",-0.242578187346243,24.1943340296174,-3.98850793833868,0.00463036641260802,0.0102243323779973,-3.22821361192471
"P50991_CCT4",-0.480351633416319,24.4462790341995,-6.28149758025073,0.000317976210475099,0.0011666797187041,-0.294093607171543
"P50995_ANXA11",0.628762525051169,21.2979577738725,12.310181362706,0.00000319932402867025,0.0000432089029527945,4.80396959995971
"P51003_PAPOLA",0.201647221388836,20.3481020399357,3.95777761406538,0.00482416485676189,0.0105772839148259,-3.27249855076753
"P51114_FXR1",-0.249896322644496,20.7854733058677,-4.73463900061979,0.00178646299277567,0.00462643429453584,-2.19285419957474
"P51116_FXR2",-0.585180746684742,19.9285378588574,-8.22363027925593,0.0000536325789630528,0.000304652274527991,1.6785926135076
"P51148_RAB5C",-0.121753609633352,22.5199766600056,-2.47428646364158,0.0405395463920316,0.0644935766278587,-5.51746809004823
"P51149_RAB7A",0.185146247968419,24.42048677485,3.69029541619751,0.00693379263797207,0.0144054703098649,-3.66305556354769
"P51151_RAB9A",0.408647805917685,19.0945275236757,2.73724945936385,0.0288413024970213,0.0481065538430057,-5.1385695709821
"P51153_RAB13",0.343714437517853,19.5631084202145,5.41886653187079,0.00080066887237154,0.00239476501897677,-1.31269064073664
"P51157_RAB28",0.934555056500152,16.1350943970399,9.02518364474353,0.0000283728067791261,0.000188474732193915,2.38545404244694
"P51159_RAB27A",2.57868156132075,18.7622922460454,20.0506854675213,0.000000122920233020739,0.00000549959583738673,8.40966978233769
"P51178_PLCD1",0.0152989057129069,15.1834274395832,0.233211848714104,0.822816317833793,0.852225297240775,-7.95763377045547
"P51397_DAP",1.15096615972768,19.7764806846301,8.47330376516713,0.000060631319273855,0.000332968819059163,1.62749754576919
"P51398_DAP3",-0.634317830544568,20.0990541795521,-10.5571442363691,0.00000951249193801025,0.0000881719112003699,3.59794133319552
"P51452_DUSP3",0.280482388291379,20.1975929226647,4.75650194644474,0.00173944974549425,0.00452995716771286,-2.16370319721588
"P51530_DNA2",-0.840287166697539,17.8914875908602,-7.47507434979014,0.000101974497477154,0.000493395691991879,0.965540582098329
"P51531_SMARCA2",0.751370396217283,18.1912599718003,8.94538685339016,0.0000301636077573043,0.000197268420540563,2.31750818890457
"P51532_SMARCA4",-0.457104537933017,19.5630038707712,-5.56369203861344,0.000681163177427448,0.00211466413367884,-1.13477585994657
"P51553_IDH3G",0.193949756381087,21.4693430421991,3.02335575815975,0.0178931959922515,0.0320409645027676,-4.67040939346504
"P51570_GALK1",-0.960292772059546,21.7532439040459,-16.9048336543216,0.000000323764406754997,0.00000956808180121926,7.3179222433765
"P51571_SSR4",0.0399520647955605,21.5551621369812,0.653170165822787,0.53326319878981,0.595682169187149,-7.81342797787401
"P51572_BCAP31",1.57295266436874,22.3600806242996,36.0194736436019,0.000000001229093700722,0.00000045312221127278,13.1104614082947
"P51580_TPMT",0.0789512723926897,18.9604623036677,1.22402694693623,0.258206043388209,0.3217423273281,-7.2751118251224
"P51587_BRCA2",-0.258560767115448,16.0621052340737,-3.30632639788324,0.0118822071189541,0.0227366169325496,-4.23810811099421
"P51589_CYP2J2",0.862978206215711,16.6410822773752,5.57344914735481,0.000673852316569736,0.00209538868349526,-1.12289236542485
"P51608_MECP2",1.80648304897421,19.1099033605829,23.1268744836577,0.0000000325546238632259,0.00000259587228133973,9.78374906406978
"P51610_HCFC1",0.42231374377263,21.2267075874557,8.09342250473996,0.000059764955082569,0.000328923479274978,1.55841965953634
"P51617_IRAK1",1.69467868289383,18.2512729725483,13.40011268821,0.00000184838742393438,0.0000299761934892215,5.42147122876407
"P51648_ALDH3A2",-0.460005026908476,20.101017423892,-7.40385187752029,0.000108691222451799,0.000516690898730238,0.894790752452307
"P51649_ALDH5A1",-0.189629167070933,20.7853506795983,-3.99475319415455,0.0045920221953069,0.0101620368977318,-3.21922889577468
"P51659_HSD17B4",0.323167127556292,22.7255243989802,7.66083181745062,0.0000865388791237399,0.000436481906243478,1.14761741236305
"P51665_PSMD7",0.277624468342605,22.4011920425488,6.30702197884654,0.000309833861902354,0.00114397881244141,-0.265414334478331
"P51687_SUOX",0.502457115107351,16.8518762204334,4.4611223349637,0.0025087486331072,0.00614344562247693,-2.56331367397606
"P51688_SGSH",0.851699686614221,16.8487744628649,7.408827031647,0.000108206290222531,0.000515108164601471,0.899750022873452
"P51689_ARSD",1.27432327033898,16.6936303675155,9.28571442111697,0.0000233072182252021,0.000162936306820668,2.60376810124823
"P51692_STAT5B",0.240417914338348,18.3792342136515,3.41714713241275,0.0101502295095658,0.0198464384703747,-4.07058066558514
"P51784_USP11",0.700119034010768,19.0252671744269,8.89782172124294,0.0000312912940558077,0.000202048498274568,2.27676133626734
"P51790_CLCN3",0.935718470797944,16.5269731068543,5.15859656257604,0.00187336325616006,0.00481053373610851,-1.99727115381512
"P51798_CLCN7",-0.301321825193899,18.1378133155111,-2.79858636803955,0.0249298992721329,0.04242936090039,-5.01691741539086
"P51805_PLXNA3",1.36812218104266,16.8860810964239,15.7299819726152,0.00000054675230366987,0.0000135019416289384,6.74643503131535
"P51808_DYNLT3",0.0732171268556527,17.2243239193197,0.64811772247832,0.536350081504877,0.598339501309195,-7.81695215974475
"P51809_VAMP7",1.53939082538355,19.9625939114334,18.6113428897567,0.000000160418889054045,0.00000619363487383282,8.07933399698563
"P51812_RPS6KA3",-1.34959342038921,19.3411929967282,-21.1801823376229,0.000000062162897214316,0.00000375662663477225,9.09727150203597
"P51858_HDGF",-0.251570222041138,22.8200533220819,-5.75010527045516,0.000555445986066341,0.00180005205369433,-0.909957537077616
"P51946_CCNH",-0.292405917913559,18.1386082619069,-2.74413107645347,0.0270355828295235,0.0454838847603087,-5.10105609654708
"P51948_MNAT1",-0.139671316906401,18.5219824907377,-2.3626963980615,0.0479896104001253,0.0748889980926042,-5.68866967390997
"P51956_NEK3",-0.512694186303918,16.2882473389301,-5.84500270183326,0.000850959243328201,0.00251875621700897,-1.18781162777286
"P51965_UBE2E1",0.471904800296258,19.2607915311402,4.0629757541342,0.0043813879493514,0.00977841453719681,-3.15118618158306
"P51970_NDUFA8",-0.281369646821918,21.7039106392896,-4.21108882107591,0.00345512828852813,0.00802188820590504,-2.9112337101443
"P51991_HNRNPA3",0.124485509463682,24.5154654422006,2.67377024666402,0.0300329229715924,0.0497783695230549,-5.20978243486918
"P52179_MYOM1",-0.371771118493488,16.4688619600309,-5.20401237485679,0.00102294230553381,0.0029119389199013,-1.58196760649397
"P52209_PGD",0.913593415814869,24.3547396741462,21.7209180765812,0.0000000516486488819297,0.0000033291493508132,9.29465424399403
"P52272_HNRNPM",0.077521171937132,23.6548303427751,1.32270613846287,0.225056958962695,0.284869900128184,-7.15822572958761
"P52292_KPNA2",-1.01685455581677,23.7725573130524,-13.8652563919715,0.00000136235953077077,0.000024554754955077,5.74516677678166
"P52294_KPNA1",-0.0053289868526889,20.414914540091,-0.116946956999353,0.909990193363778,0.924662935062509,-8.04070118335817
"P52298_NCBP2",0.178213154877294,19.5860625565778,1.11864579882433,0.300755869606937,0.367006119722504,-7.39080114901968
"P52306_RAP1GDS1",0.295031908803473,20.5397818297123,6.70526712229056,0.000208697445922231,0.000851127492592218,0.171808993672045
"P52429_DGKE",-0.676972588545944,17.9575624379009,-8.70517347900637,0.0000363689420034057,0.000225629831058649,2.10981827289074
"P52434_POLR2H",-0.0350902897085632,20.1090546351708,-0.634230771038153,0.544890459932469,0.606798951426992,-7.82651242115736
"P52435_POLR2J",0.145195563109972,18.5278589527167,0.917350695699498,0.389271510658968,0.456279721077533,-7.59504287368014
"P52564_MAP2K6",-0.022222888745425,17.2538069176767,-0.279209580671832,0.787670736066761,0.822716783647869,-8.00450892432475
"P52565_ARHGDIA",0.519797062294696,24.5795634400583,9.92599027214905,0.0000146569436152591,0.000118849374347186,3.11851664787741
"P52569_SLC7A2",-0.519528422241812,16.8343754557954,-6.29328640177486,0.000314186331538221,0.00115724030880373,-0.280837632651524
"P52594_AGFG1",-0.0617103222534148,19.1294147393672,-0.982274086746426,0.356756701623583,0.42454204556797,-7.53447267295139
"P52597_HNRNPF",-0.528231192441677,23.5992252523699,-11.9593297844498,0.00000393235804041422,0.0000491932816700503,4.57597976753092
"P52630_STAT2",0.523097281763039,18.5854152369355,5.13488380609534,0.00110832640271225,0.00309923919817256,-1.66997792786024
"P52657_GTF2A2",0.582853235146143,19.2283456303195,5.596832317814,0.0006566826388613,0.00205708628696778,-1.0944657941547
"P52701_MSH6",-0.556254087432865,21.1259118808453,-8.48299577497498,0.0000434084138414957,0.000259359305324757,1.91338553268021
"P52732_KIF11",-0.485743755482233,20.4809454193544,-6.21937441076616,0.000338806795837448,0.00122015364069111,-0.364233712704078
"P52735_VAV2",0.356692717380447,19.9043819201254,5.76672432339458,0.000545552043410089,0.0017740354177756,-0.89014046970584
"P52739_ZNF131",0.520270674478841,17.185049749967,6.28401117576355,0.00031716389150986,0.0011659490376143,-0.291265742055155
"P52747_ZNF143",0.00178842747543584,17.3264656132145,0.0218467121187548,0.983143448056052,0.98586540091158,-8.0481713414899
"P52756_RBM5",-0.739525943383239,18.8223541276788,-7.10185040321414,0.000143230521020891,0.000635966925210096,0.588836814287227
"P52758_RIDA",0.889037396458658,21.7736646326291,20.5015436694941,0.0000000789580385044597,0.00000442548897951553,8.8417027996151
"P52788_SMS",0.408693335760777,22.3485044003241,8.03988140784166,0.0000625115510797445,0.000342305872939191,1.50854770411482
"P52789_HK2",-0.189659866918706,19.3253217539919,-2.54114794884749,0.0366517558848304,0.0591812762036597,-5.41450534275776
"P52803_EFNA5",0.276393052961614,15.6264732246644,3.57871547496779,0.0080914631273239,0.0163767079687136,-3.82853652109968
"P52815_MRPL12",-0.732502727879261,22.5357642798862,-9.53069808067709,0.0000194550159238986,0.00014650975358136,2.80428192191887
"P52824_DGKQ",-0.521944767028184,16.0241777540578,-5.2922997931004,0.00450187113893385,0.00999160545162851,-2.50389236952941
"P52848_NDST1",-0.460622301819182,18.2348967625786,-5.23342629869035,0.000988834656241459,0.00282853568836876,-1.5447230165145
"P52849_NDST2",-0.486905470066386,15.8422587233487,-4.46580040603283,0.00535816150671636,0.0115483639614861,-2.89234074403191
"P52888_THOP1",0.0818848588385386,20.2302726220465,1.40287269030603,0.200894807723655,0.258239970854507,-7.05916713759743
"P52907_CAPZA1",0.283619405157296,23.3340757209409,5.38759238158696,0.000829414480036955,0.00246523115871867,-1.35148820452218
"P52943_CRIP2",0.578557443267169,22.2499876541204,10.3967684976438,0.0000105935645599616,0.0000948314380675557,3.47860642435617
"P52948_NUP98",-0.0423228112350778,20.4074288787842,-0.809910055616891,0.443067991208698,0.510370307607657,-7.69231198707942
"P53004_BLVRA",0.130984811158942,23.0486332891972,1.52224925331359,0.169364610042775,0.222985498353011,-6.90556929007221
"P53007_SLC25A1",0.518639930806859,22.6941241737686,10.0714365876308,0.0000132392843650105,0.0001101160995882,3.23136296223279
"P53041_PPP5C",0.12957512163387,20.6813015000215,2.92542685852553,0.0206615617270344,0.036162632499378,-4.82115681201263
"P53350_PLK1",-0.511405055034444,19.0487298335417,-4.26463645990989,0.00339603629334387,0.00791368016151148,-2.87250452863877
"P53365_ARFIP2",0.327188147783119,19.7913444660206,5.44736196860742,0.000775433934334192,0.00233397329028329,-1.27745757879269
"P53367_ARFIP1",0.470434087821989,20.9882520436003,8.81742717244292,0.0000333066134163379,0.000212169264359017,2.2074689601195
"P53370_NUDT6",-0.0243660614172967,17.5064407841082,-0.195038045560267,0.850571929620725,0.876217857573192,-8.02694742506774
"P53384_NUBP1",-0.0578368897171444,19.6666322295289,-0.644282799204746,0.538700357601803,0.600433018745503,-7.8196107749297
"P53396_ACLY",1.275329149937,24.7965077265675,23.2307395155944,0.0000000314977384051481,0.00000257604084203824,9.81857469578314
"P53582_METAP1",-0.308102541400491,20.2754883169832,-6.24028065793837,0.000331631891272991,0.00120012861258038,-0.340575817071295
"P53597_SUCLG1",-0.268307583940043,21.4613472418285,-6.38339613793977,0.000286823671569133,0.00108311750334837,-0.180080037506175
"P53602_MVD",1.1846318849122,22.4682040764636,17.0634436707906,0.000000302460768592071,0.00000909295101150707,7.39196093067178
"P53609_PGGT1B",-0.31424466739481,17.5342739769337,-3.78861073644291,0.00606084084338627,0.0128052098485544,-3.51846555758403
"P53611_RABGGTB",-0.334035727759499,19.1156123622065,-2.99569277145299,0.018779163300944,0.0333180116787917,-4.71721935538171
"P53618_COPB1",0.493504252896209,22.0688186668555,3.7613440701818,0.00719096461816215,0.0148389980082157,-3.64576361660003
"P53621_COPA",0.148399268641274,22.8664596679701,3.52229513970407,0.00875440074688777,0.0175272366624976,-3.91274515803204
"P53634_CTSC",-1.09020726096653,18.5582946422852,-17.2516294891766,0.000000279212993095037,0.00000863290254260507,7.47889552450304
"P53667_LIMK1",-0.23616307499492,17.6526003549695,-1.83438936660327,0.121159766818953,0.166751950775126,-6.29151180838676
"P53671_LIMK2",0.175104116474897,15.7194128882337,2.45879244267524,0.0414991305067114,0.0658274007578825,-5.54129255921777
"P53675_CLTCL1",0.0999659323008331,22.2889979217451,0.351330454483262,0.738028393755695,0.779969982340672,-7.9766891264341
"P53677_AP3M2",0.118681338844397,17.4027671999896,1.17522792423057,0.276062940146282,0.341309285232871,-7.33069340017801
"P53680_AP2S1",0.321015859595896,21.2626695505048,3.81411981587056,0.00585424013938206,0.0124520538899526,-3.48114340442974
"P53701_HCCS",-0.148848583153079,20.4641103681989,-2.51277419933914,0.0382527545667472,0.0613043512925999,-5.45822694050559
"P53778_MAPK12",-0.0922296264610338,17.8946122940237,-0.461681522003294,0.65844656740087,0.709871664302058,-7.92845310798726
"P53794_SLC5A3",-0.171036110082756,17.0611683449221,-1.79603847757091,0.112943064497336,0.156645687193059,-6.53022637940598
"P53801_PTTG1IP",0.141959786934912,18.2545132445836,1.40521949975284,0.200223167797377,0.257594285227816,-7.05621533506413
"P53803_POLR2K",0.671495804477146,19.8873737928106,6.63847354186,0.00022773154798078,0.000908775526727077,0.0817067006813623
"P53814_SMTN",0.338314388014016,18.9588348258923,2.59566666639577,0.0347678767529468,0.0565293866145604,-5.34391439299773
"P53985_SLC16A1",-1.72389250993321,17.9634819615073,-28.1444243597305,0.00000000764257955555335,0.000001245924731569,11.2911812191611
"P53990_IST1",0.353829216520946,20.9355675143932,6.8621109913295,0.000179475978413869,0.000757964626216486,0.338868147344606
"P53992_SEC24C",-0.1785053247424,21.4658139201528,-2.64420539599318,0.0313931061917774,0.0516831094577184,-5.25545605137545
"P53999_SUB1",0.215052922185887,24.2023320478553,2.00299755161456,0.0843752278922036,0.121771901569391,-6.2356808709011
"P54098_POLG",-0.36091069232091,18.7892936958588,-4.1055533021695,0.00396599429294604,0.00901804262844471,-3.06069153767202
"P54105_CLNS1A",-0.375293304044341,22.1184201211925,-2.81055571264364,0.0265535731234591,0.0448155752672981,-5.03960634146706
"P54132_BLM",-0.312018114403777,16.8096495443706,-4.17582574973328,0.0036173827575077,0.00833751916775866,-2.96100294383621
"P54136_RARS1",-0.282272561537457,23.0550863666406,-6.40974957609366,0.000279330463452596,0.00105964464090795,-0.150800752385679
"P54198_HIRA",-0.0920354863273793,18.2817010250664,-1.37086871898589,0.210254076435415,0.268546180582329,-7.09913178088922
"P54252_ATXN3",-0.101476524760695,18.9273247690742,-1.11287710282892,0.300347645886994,0.366566783475045,-7.39942544519763
"P54259_ATN1",-0.227610785946265,17.5950449557704,-3.20938327447104,0.0136559878758977,0.0255077219509031,-4.38554701179448
"P54277_PMS1",0.186806827614557,17.2434502538274,2.66691878637464,0.0303426181359907,0.0502473227830057,-5.22036806659897
"P54278_PMS2",-0.274262742814802,17.48353929793,-3.1783291447306,0.0142819981695219,0.0264607377030038,-4.43293538081072
"P54284_CACNB3",0.303332304135949,16.3765594752552,3.07887671269277,0.0164995965369838,0.0298302665225335,-4.58515857780162
"P54577_YARS1",0.0176646357712791,22.645370239035,0.257181783003603,0.803992047451659,0.835861606467649,-8.01113815599302
"P54578_USP14",0.163965576997011,23.2123058439416,3.41844997220002,0.0101315465380181,0.0198200985000426,-4.06861812423373
"P54619_PRKAG1",0.98433337110966,20.4379172511411,16.4080312500505,0.000000402309952490974,0.000010708824184994,7.08133878824978
"P54652_HSPA2",0.608682772037039,19.1523884222811,6.37644019467897,0.000288838630126826,0.00108814073917762,-0.187822404963101
"P54709_ATP1B3",0.941748504098914,21.1596086751832,9.52733753879666,0.0000226831932957219,0.000159967195131155,2.67091522559511
"P54725_RAD23A",0.502548173375992,19.4884918325287,6.22074973426012,0.000338329524423246,0.00121901201457281,-0.362675691946099
"P54727_RAD23B",-0.560885024339893,22.8146366046208,-8.94414712185228,0.0000301924138484931,0.000197268420540563,2.31644850853577
"P54753_EPHB3",0.487823350526867,17.8066411705843,5.10499197711998,0.00114765627025821,0.00318463100750964,-1.70824275476193
"P54756_EPHA5",0.0738640038656033,16.5829096968732,0.400351860000346,0.709128611376307,0.753932376031338,-7.80068810219736
"P54760_EPHB4",0.280221830066953,18.1777097713126,3.19033581182412,0.01403642728593,0.0260808246450002,-4.41460467266325
"P54764_EPHA4",-0.460751549457949,16.8379867926979,-2.64350272771387,0.0433936657643932,0.0685550574610979,-5.31514059301197
"P54802_NAGLU",0.132237865822955,18.8549245134964,1.37754950554937,0.208269333898412,0.266416917760754,-7.09083425766468
"P54803_GALC",0.102986711073957,17.6533135640514,0.634034330407959,0.545590348771685,0.60747480983045,-7.82600257120833
"P54819_AK2",0.034076905320763,23.5113702778829,0.609205748010681,0.560485420780216,0.620983555783587,-7.84326991759602
"P54886_ALDH18A1",0.305036865951603,23.1464433276113,7.17884768948711,0.000133385916439414,0.000602737165938014,0.667771949579587
"P54920_NAPA",0.471098331767909,22.3655633697109,6.32017341763494,0.000305729277947622,0.00113267261961501,-0.250668806513771
"P55010_EIF5",0.441118943193025,23.179355594275,9.44301339325769,0.0000207449167535673,0.000152597521109897,2.73303377498704
"P55011_SLC12A2",1.279974229696,21.020863666187,18.0678669903634,0.000000199234136177465,0.00000725059731945359,7.84498120733597
"P55036_PSMD4",0.0410135927892625,23.0420906269337,0.540045198687485,0.604913777406925,0.662105941999867,-7.88637849544583
"P55039_DRG2",0.183300187827637,20.2734189969466,3.35753450691376,0.0110456822674952,0.0213720323903762,-4.16055442098853
"P55055_NR1H2",0.14275168815939,15.3243813048347,1.72297651775091,0.140581835538183,0.189990305810842,-6.50971021404476
"P55060_CSE1L",-0.265394934199048,24.1927862709492,-3.568599266647,0.00820624912799696,0.0165825533654476,-3.84360948844302
"P55061_TMBIM6",0.0410080464751772,19.6254610067249,0.760743562995835,0.470179475545617,0.536301891869038,-7.7327102237564
"P55072_VCP",-0.0368540186439752,24.3817244467772,-0.29886093432999,0.773684069816518,0.81055661639455,-7.99780497730784
"P55081_MFAP1",-0.0690273714351122,19.6014443220766,-0.800585954123937,0.448125153800756,0.515649004509615,-7.70013735099933
"P55082_MFAP3",-0.909098896506142,15.9876182285785,-5.01007622714005,0.0108185227999897,0.0209858924806738,-2.72382607753527
"P55084_HADHB",-0.609050126091393,22.9943187244368,-11.6433809637876,0.00000475784165044244,0.0000560187981319895,4.36523199022445
"P55145_MANF",-0.0853080459158377,21.2130780043675,-1.49722730550401,0.175414216719723,0.229836439684791,-6.93830550367641
"P55196_AFDN",0.340990764671083,19.3813998261455,6.08886088753216,0.00038769716075884,0.00135081292017029,-0.513168265121109
"P55197_MLLT10",-0.264605103986279,15.2716801617277,-2.30658214719245,0.0648449140294014,0.0969931988412246,-5.37984031654642
"P55199_ELL",-0.36956971806449,17.0614471501461,-4.56788160950775,0.00219447846287431,0.00549957271453773,-2.41744685534979
"P55201_BRPF1",0.0534665191000272,18.1889875811872,0.690625734207188,0.510721562136238,0.575147794138026,-7.78654560705205
"P55209_NAP1L1",-0.632569524463438,24.0099715337374,-10.5497190241003,0.00000955970994994721,0.000088456391580655,3.59245250251352
"P55210_CASP7",0.313156953651749,21.3846871911122,6.34579636665579,0.000297904955000317,0.001111262916985,-0.222001352974186
"P55212_CASP6",0.370960214888445,19.910801492551,6.09032371997222,0.000387107497867115,0.00134999524473969,-0.511487008654661
"P55263_ADK",-0.221528996268486,22.4320420905985,-5.2863367879839,0.000930596013797828,0.00269437125273935,-1.47803113656556
"P55265_ADAR",-0.610170095360242,21.1334001556052,-10.6467084571154,0.00000896315677581338,0.0000842501683644479,3.66387483413824
"P55268_LAMB2",1.30955008028183,17.1078082550896,11.8678497149938,0.00000415344037524678,0.0000506153967246318,4.51550066025603
"P55317_FOXA1",0.44520150522278,17.6058170095421,3.94766613170107,0.00488983929749093,0.0107058485022211,-3.28709712679643
"P55327_TPD52",0.346851134467297,21.9805138739497,5.95898576935294,0.000444253438901776,0.00151242569842488,-0.663528788546272
"P55345_PRMT2",-0.0905129900253083,15.8078137940054,-0.515005456177649,0.628300774018251,0.68337704664419,-7.80271822022075
"P55347_PKNOX1",0.110129975959481,16.9459270429483,0.702159022644874,0.504007977956354,0.568513225617088,-7.77788347718321
"P55735_SEC13",0.136851300174634,20.9479764765731,1.49369757925637,0.176513276507235,0.231077449417217,-6.94291611737666
"P55769_SNU13",0.0729065103582656,22.5508705625413,0.663880080861361,0.52767343773449,0.591174571720214,-7.80484465516794
"P55786_NPEPPS",-0.419615549342598,22.4793830692072,-9.32498437304953,0.0000226357420873228,0.000159967195131155,2.63621609226992
"P55789_GFER",-0.0955406323010983,17.8134931254594,-1.503607729604,0.173800661469477,0.227997211303353,-6.92997700131936
"P55795_HNRNPH2",0.254818371971872,21.1716402131906,1.96993576188015,0.0895165119712058,0.12817443336841,-6.28640689286327
"P55809_OXCT1",1.49255394429025,21.2568960720054,25.6999646204246,0.0000000149548674075056,0.00000169102846998552,10.5987609459413
"P55854_SUMO3",0.349895640549146,17.6989675460498,2.656765562402,0.0308076402944763,0.0508402933564302,-5.23605387697754
"P55884_EIF3B",-0.544304184977136,22.9719608978717,-10.4857217271109,0.00000997780162189599,0.0000913251012468603,3.54499951979203
"P55957_BID",-0.0189046223999938,20.9724662528758,-0.168747726443179,0.870653663724269,0.89259897105901,-8.03226790718167
"P56134_ATP5MF",0.017478956347734,21.3471341842906,0.280545442675889,0.786684471559048,0.821912375093148,-8.00408973784356
"P56159_GFRA1",-1.13065707547735,17.0504857049753,-12.491277560509,0.00000288219850776732,0.0000403720107736247,4.91925750636103
"P56181_NDUFV3",-0.268888008429851,17.0319385543535,-3.71929810499838,0.00666297842598946,0.0139133185922626,-3.62028055649662
"P56182_RRP1",-0.793882361588071,20.9616027502477,-10.1941962649549,0.0000121621505918605,0.000104055475142509,3.32548488365387
"P56192_MARS1",-0.268628949391886,22.2320504801882,-6.25224951393195,0.000327600417588197,0.00119107494081062,-0.327056201130216
"P56211_ARPP19",3.71962886603832,20.3133830871041,19.8456498459598,0.000000396890744191585,0.0000106669646654459,7.32353418002773
"P56270_MAZ",0.982223731207885,18.8956812706026,14.4013255532219,0.00000103611400422291,0.0000203609581400002,6.04602787730669
"P56282_POLE2",0.475153709949851,17.8860711841228,6.47540277377162,0.000261593097485188,0.00100514917306388,-0.0782257032314666
"P56373_P2RX3",-0.267732774023752,15.2119714121658,-2.57391398951397,0.0713239810482617,0.105481275491557,-5.37740026006244
"P56377_AP1S2",-0.779502429876409,17.7262281270254,-3.70848302703453,0.00776953524008848,0.015847434978845,-3.72597187815119
"P56378_ATP5MJ",0.291999877174874,21.4685795036142,6.25775575129881,0.000325764081493336,0.00118723603442181,-0.320842537001599
"P56385_ATP5ME",0.258634015828026,22.7774041895866,5.65170824805284,0.000618259683553233,0.00196756617284765,-1.02804419551876
"P56524_HDAC4",0.0562718918886489,16.7577637605721,0.607041380168424,0.561846443768285,0.622128992764824,-7.84469060898787
"P56537_EIF6",-0.0997726319360943,22.3149593292451,-1.12578080019746,0.295418952825498,0.361479497295807,-7.385215825533
"P56545_CTBP2",-0.123039467913607,20.6627872500045,-2.30219546622324,0.05259464212059,0.081027921403526,-5.78103653792935
"P56556_NDUFA6",-0.18804087166971,20.5858961890032,-3.47920214864731,0.00929988770404646,0.018430157862683,-3.97729301456913
"P56557_TMEM50B",-0.0775552918690234,15.4078418481197,-0.829395268982675,0.436465983462932,0.504398931857884,-7.61186876449755
"P56589_PEX3",0.0312483775894812,17.8684954463675,0.275664608189789,0.790289980162268,0.824999394608044,-8.0056118173452
"P56937_HSD17B7",0.319912847711048,18.4815660370945,4.51651699506599,0.00233994647412661,0.00578784809177463,-2.48742485923713
"P56945_BCAR1",-0.227930540508257,19.1204663684626,-2.92522347978878,0.0206677574907699,0.036162632499378,-4.82147031056994
"P56962_STX17",0.143646225531644,19.0225477349095,2.0272566118714,0.0797656345941872,0.116092119541406,-6.19454354461967
"P57057_SLC37A1",0.40400145223416,15.841245053875,2.63745355882262,0.0370369794767935,0.0597208534874902,-5.27929177677811
"P57060_RWDD2B",0.35410664393725,17.1424229705983,3.61655840265473,0.00767711372490619,0.0157094772643628,-3.772252840867
"P57071_PRDM15",-0.0419007568488681,15.9628619514163,-0.4243635053233,0.683277724201503,0.731458180193755,-7.94763968566522
"P57076_CFAP298",-0.0866527331435591,19.3247188372359,-1.42854322998159,0.193655237639511,0.250244943507666,-7.02672441279658
"P57081_WDR4",-0.517679035913797,19.144598028089,-7.07736715450381,0.000146528951035375,0.000646086493666703,0.563601653689435
"P57086_SCAND1",0.335156539618211,15.9232585608127,3.06864259115362,0.0167476089589543,0.0302101390102761,-4.60085940532445
"P57088_TMEM33",0.0705975969643546,20.4250429055413,0.364895184598891,0.726749300673684,0.769546871909236,-7.97249605668034
"P57105_SYNJ2BP",0.778092300562559,19.6588176827875,4.50958185759699,0.00305642092006108,0.00724209891525999,-2.68197528167782
"P57678_GEMIN4",-0.472819914704608,18.6506701257264,-2.96854612746702,0.0207323869034711,0.0362590330622675,-4.7909120322191
"P57721_PCBP3",0.0554064304368289,21.8376023371703,0.823801723764366,0.435607061313013,0.504034919084574,-7.68051265004012
"P57723_PCBP4",-0.163578303795994,15.1436031626437,-2.75985211525311,0.0304792066055846,0.0504295943967971,-5.08881297196953
"P57735_RAB25",0.192525862761407,20.9357349048206,1.91215099590622,0.095819308555131,0.135717255283115,-6.36565817274283
"P57737_CORO7",-0.132996202014958,19.8428638737615,-2.67306508590766,0.0300646457545659,0.049819541527065,-5.21087194632793
"P57740_NUP107",-0.0317245582224501,20.5445261624715,-0.705697199200666,0.501823461215665,0.566705909207068,-7.77535637127025
"P57768_SNX16",0.400500850205272,16.5336843346852,2.78479161245764,0.0254466451188306,0.0431735852718772,-5.03822876411254
"P57772_EEFSEC",0.594684907971498,19.2422163642408,8.71838057567733,0.0000359927310554864,0.000223843591502886,2.12136216074961
"P58004_SESN2",0.309425372490669,16.6798339882888,2.10415649848573,0.0710037707335244,0.105109902724637,-6.08014774403458
"P58107_EPPK1",1.36053529309322,21.4402089919132,3.14328393091987,0.0240053141009026,0.0410721770205916,-4.74837559564122
"P58335_ANTXR2",0.0573533689301708,15.2693075032307,0.63103832751293,0.553507089943841,0.614505170940425,-7.47942333176365
"P58511_SMIM11",0.599508865087635,18.9503963457965,4.94996813724048,0.00147254439006887,0.00393679178589239,-1.95831746914488
"P58512_LINC01547",-0.214826181018394,15.3799163984641,-2.86393023730973,0.0226266117226736,0.0390535568911678,-4.91601492571626
"P58546_MTPN",-0.258860418266277,22.5743227969586,-4.88605716104673,0.00148728321284032,0.00397200706350544,-1.99236134048128
"P58557_YBEY",1.2065270291172,17.2127617917922,10.9032072390052,0.00000757766346004856,0.0000750464951525122,3.84994996678022
"P59780_AP3S2",-0.0734840741902048,17.4661092485933,-0.823192873826128,0.435932214812733,0.504212351865214,-7.68103330480841
"P59998_ARPC4",0.446568212420345,23.4535132292626,6.55486803425444,0.000241780986080237,0.00094793102068365,0.00892249090052744
"P60002_ELOF1",-0.275549315988769,18.7000529261341,-1.17029731870358,0.283095108989165,0.348699821695804,-7.33213575600939
"P60006_ANAPC15",-0.119836341232002,17.0157193958357,-0.999914349761933,0.348690205010318,0.416871691183351,-7.51697275681016
"P60033_CD81",-0.538709306328801,20.3490275884092,-8.68668153810914,0.000036903134357419,0.000228757326750227,2.09363030539461
"P60059_SEC61G",0.607751348817697,22.1968086517239,11.2054259114116,0.00000624534023545316,0.0000660668398203849,4.06412708349931
"P60174_TPI1",-0.390687906375206,26.3356203663958,-7.41036907489557,0.000108056477614601,0.000514960882667078,0.901286618777268
"P60228_EIF3E",-0.388552474305776,21.7997939742911,-7.62683397508038,0.0000891565919822749,0.000445256098895064,1.11455462142026
"P60468_SEC61B",0.264261931700606,21.5520985940123,3.23790919522953,0.0131065481430925,0.024644846767951,-4.3420823504408
"P60484_PTEN",-0.160097420198738,19.3461583098203,-2.27896882584028,0.0544787075554181,0.0835038503816842,-5.81639262758494
"P60510_PPP4C",0.0507395935025876,20.8380976422395,0.817908596896279,0.438761374992422,0.506534058807133,-7.68553863965138
"P60520_GABARAPL2",-0.694116098760702,21.2579966868819,-10.090316198182,0.0000130668523135187,0.000109096024913966,3.24590459244527
"P60602_ROMO1",0.520372241209031,20.37820764012,7.09752387534796,0.000143807315715684,0.000637783348882504,0.584382197635064
"P60604_UBE2G2",-0.309521765997378,21.84898580773,-2.85818092087416,0.0238487867264218,0.0408452762533582,-4.9478294541646
"P60660_MYL6",0.617983364698208,23.9005835202063,14.6604363056033,0.000000910802389779005,0.0000184243696187742,6.18752425268793
"P60673_PFN3",-0.096533242749711,18.2223042894225,-0.889157811330212,0.401691937696608,0.46917519627156,-7.62278562088743
"P60709_ACTB",0.10532874393612,25.052166796452,1.05517383123082,0.325102305731313,0.392247483723409,-7.45989449306625
"P60763_RAC3",-0.129652172986493,19.3516801512699,-1.61021205520199,0.148762636079258,0.199557074077396,-6.78813958789113
"P60842_EIF4A1",-0.482356607332076,25.2713232832746,-5.34894401511056,0.000883460113043459,0.0025819884622733,-1.41447847908826
"P60866_RPS20",-0.228274416481671,24.9066419974725,-4.09525217592366,0.00402009494689859,0.00911924908025966,-3.07536121596588
"P60891_PRPS1",0.500913423496353,20.6275342058524,3.66670377607333,0.0080726885735452,0.0163546859402301,-3.77473157359799
"P60900_PSMA6",0.192171513665127,24.1707489694584,3.59106123236864,0.00795370830711495,0.0161494675344144,-3.81015700881061
"P60903_S100A10",0.998675171538924,23.2910806734833,8.72511312769152,0.0000501203046545504,0.000289237509258354,1.8402131547129
"P60953_CDC42",0.342067435973824,23.5316805791192,4.75476104256826,0.00174314312025205,0.00453430320163964,-2.16602193222176
"P60981_DSTN",0.678917417751659,24.149528192656,11.4557718499782,0.00000533974467649355,0.0000602929244664079,4.23755334325477
"P60983_GMFB",0.529923672919917,21.4341777857083,7.95546463757117,0.0000671341423568373,0.000362400487413843,1.42936687508515
"P61006_RAB8A",0.364462924213697,19.6824239296372,3.04436833192843,0.0180116662606976,0.0322345255479685,-4.65886565097275
"P61009_SPCS3",-0.453789764630837,21.4693556429405,-5.54523657778818,0.000695232893572465,0.00214608010897409,-1.15728872088861
"P61011_SRP54",0.246167152119376,22.1972692813052,3.73802885080861,0.00649414763449755,0.0136185516702477,-3.59270886639308
"P61018_RAB4B",0.802655284516796,17.2701202787307,8.13463375845238,0.0000577428884552284,0.000320344573005446,1.59662440404638
"P61019_RAB2A",0.436874114589276,21.0839594385572,3.79820895472483,0.0065000623793117,0.013627198031159,-3.55901313175187
"P61020_RAB5B",0.752411978732706,20.3503217051366,8.57781837479003,0.0000402322754900127,0.000245197666167498,1.99774041586351
"P61024_CKS1B",-0.0745262492367011,19.5706769975524,-0.908083221767482,0.392237202983851,0.459260493518346,-7.60540221609136
"P61026_RAB10",0.239227208012419,21.8378561671852,5.6939217864412,0.000590395899867349,0.00189554715677123,-0.977224886585026
"P61077_UBE2D3",-0.248750586099318,15.5544955998918,-1.13785469747323,0.29824196339004,0.364464712973111,-7.07840332411473
"P61081_UBE2M",0.0227346911237092,23.0953882216768,0.3780645410679,0.715916870896302,0.759874926044833,-7.96823901834029
"P61086_UBE2K",0.277213517750067,22.8510145374439,6.57043632145689,0.000238098660192109,0.000937359425166242,0.0259074874559051
"P61088_UBE2N",0.101014181779878,23.0600314025333,0.521878567580062,0.619609075549626,0.675468916243436,-7.89410111143726
"P61106_RAB14",0.173763732607497,21.9356729127657,2.71150122184218,0.0283850602386375,0.0474498391593575,-5.15147998097792
"P61158_ACTR3",0.278577538526143,22.6661288369317,6.23338337821253,0.000333980147033796,0.00120505360452517,-0.348374869244065
"P61160_ACTR2",-0.0261089732415698,22.2713323882695,-0.609877757500108,0.560063233933475,0.620606200072554,-7.84282787935001
"P61163_ACTR1A",-0.48998996337145,20.747993430891,-6.57879903954671,0.000236146477585505,0.000932570149800286,0.035019303621322
"P61165_TMEM258",-0.0272101408320893,18.5722147831323,-0.248133254264175,0.810727152939168,0.84215860945619,-8.01370632660726
"P61201_COPS2",0.128028622538828,21.0653251471669,2.7888092378388,0.0252950059010336,0.0429642284241317,-5.03202172467144
"P61204_ARF3",0.0706476114337846,19.4454247918644,0.350633480585227,0.736795522906037,0.778991763584003,-7.97837052150247
"P61218_POLR2F",0.162105325558056,18.7758502023917,0.961949478339369,0.368349978131686,0.436465171158997,-7.55210388886311
"P61221_ABCE1",-0.837096751424795,22.5216802814504,-17.795383703838,0.00000022262561059372,0.00000770674926188267,7.72470741145449
"P61224_RAP1B",0.196072779435724,17.7789228387384,0.539163945566244,0.609016862279075,0.666309300128689,-7.88319200237215
"P61225_RAP2B",0.584782692529078,19.9850183074891,7.93505147207344,0.0000683086597674428,0.000367696862131047,1.41011806824309
"P61244_MAX",0.114445197843196,18.7809287643989,1.49174219998834,0.176812139220938,0.231428864380391,-6.94545011239582
"P61247_RPS3A",-0.309248341502318,24.6769148392302,-5.00410886574487,0.00129218046601331,0.00352522404035052,-1.83831668240001
"P61254_RPL26",-0.262484576918897,21.2966904636723,-2.81761564978962,0.0245217843294592,0.0418283677079765,-4.99356124167965
"P61289_PSME3",-0.353508634122555,22.9923674919167,-5.55514091852476,0.000687642643183936,0.00213216875012516,-1.1452011722963
"P61313_RPL15",-0.361728944237765,24.5392296603592,-7.24357006263799,0.000125693551490933,0.000576961468098997,0.73362657845218
"P61326_MAGOH",0.0526337319920813,20.1739172821264,0.607590886866894,0.561500713263105,0.621836695556083,-7.84433034634572
"P61353_RPL27",-0.18316991736674,25.3132267113216,-0.701570563702218,0.509825677535672,0.574223915790955,-7.77210429357729
"P61421_ATP6V0D1",0.186000363648425,21.0247282064368,3.81625202280787,0.00583731870464992,0.0124331128724635,-3.47802745952142
"P61457_PCBD1",-0.268042447382644,21.9459341857887,-4.65469449383249,0.00197061843890932,0.00501791893081497,-2.30002981027478
"P61513_RPL37A",-0.266385596816463,22.5933987700581,-4.70746929357892,0.0018468409005572,0.00476494975903598,-2.22917616016834
"P61586_RHOA",0.306872108602533,19.4498149874904,2.10243670326863,0.0734120829802191,0.10804417630564,-6.092249305553
"P61599_NAA20",0.0688664072616341,19.9311726274492,1.45421537364406,0.186647799979939,0.242425404140611,-6.99394577089763
"P61604_HSPE1",-0.0690515059443193,26.5676159203551,-0.522346238028085,0.617501339581795,0.673653928407792,-7.89569539721824
"P61619_SEC61A1",0.672768832564365,19.9625750491951,4.40813437065117,0.00323574665285539,0.00760070693070356,-2.76937178321699
"P61758_VBP1",0.224378745347199,21.755024795412,3.36006077061814,0.0110060723407776,0.0213108176645492,-4.15673465736487
"P61764_STXBP1",0.818225251779829,18.7222900922083,14.7504945521277,0.00000087133222470162,0.0000178137386928739,6.23612559613341
"P61769_B2M",-0.38886245959576,19.5219880552319,-5.18998886782718,0.00103965889107448,0.00294731476910641,-1.59976719483624
"P61803_DAD1",0.447291882581546,19.8143779358351,3.24428600306296,0.0140357899298483,0.0260808246450002,-4.37798091116641
"P61812_TGFB2",-0.148441647948669,16.4588776706863,-1.03302376319128,0.338726803393596,0.406664855677763,-7.19146459133673
"P61916_NPC2",0.439413731762862,19.6855186980717,4.15539966102631,0.00377217526680915,0.0086586696312187,-3.00046421201817
"P61923_COPZ1",0.176257199361551,22.584335485559,3.43692953302904,0.00987046522682167,0.0193941509985031,-4.04079945414256
"P61927_RPL37",-0.308544244249752,17.8804101867729,-0.491932616559338,0.642693576651461,0.696144594703933,-7.90771467395277
"P61956_SUMO2",-0.60622795638103,19.4944258822958,-1.58511998204772,0.167486877782603,0.221048966235377,-6.82675494854509
"P61960_UFM1",-0.0202696205688611,22.3166272844762,-0.468879450640067,0.652557053836195,0.705021157880412,-7.92570295345111
"P61962_DCAF7",0.154812281538032,20.9577637567094,3.3644348315118,0.0109378479488339,0.0211957379614856,-4.15012239574702
"P61964_WDR5",-0.0996608356431956,20.8853330246909,-1.63066916585453,0.144354374980566,0.194432331521549,-6.76037341365079
"P61966_AP1S1",0.290074456328302,20.481467766434,4.46324443561748,0.00250204219863002,0.00613294649138895,-2.56039844679078
"P61968_LMO4",-0.0567235257802423,15.4070500982019,-0.839864971421748,0.430980369661864,0.49924408949865,-7.60277121626558
"P61970_NUTF2",0.0287514443062449,23.1360957274538,0.438068506139586,0.67374829944463,0.723497044412799,-7.94110711910471
"P61978_HNRNPK",0.0418190800368237,25.6039708075877,0.701118528155881,0.504516135128377,0.568917675876418,-7.77877802526846
"P61981_YWHAG",-0.452824356890908,23.2654127155298,-8.17739321952546,0.000055725550250449,0.000312342325132583,1.63609800769144
"P62068_USP46",0.456524781712588,16.2477488003627,3.80288635500462,0.00778570010104092,0.0158761487851253,-3.6501217840563
"P62070_RRAS2",0.221634197997616,19.0212541340594,2.76109755209595,0.0263603828357489,0.0445549048552681,-5.07483848648604
"P62072_TIMM10",-0.0999801099722184,19.7049144527788,-1.61578522802431,0.147549517450884,0.198209401224201,-6.78059184618509
"P62081_RPS7",-0.314605863876409,25.500120500256,-5.42584025716068,0.00079441024526187,0.00237791590927264,-1.3040576804211
"P62136_PPP1CA",0.174840853805222,23.3842174503058,2.93574714434921,0.0203497044859272,0.0357211752411636,-4.8052506513188
"P62140_PPP1CB",0.229903790682258,21.5351681741887,3.73389551763756,0.00653100337740102,0.0136769855970573,-3.59878949824963
"P62166_NCS1",0.109367432832173,18.638932662932,1.34150252774792,0.219175501682651,0.278305319832762,-7.13531637580754
"P62191_PSMC1",0.188013481006454,22.969382403663,3.22730337444066,0.0133080374830283,0.0249743234877654,-4.35823480859855
"P62195_PSMC5",0.0746854566658612,22.7365306254067,1.66514897388419,0.137197388059457,0.18581255939819,-6.71320228770059
"P62241_RPS8",-0.238762868879032,24.6500719362344,-4.52579038871693,0.00231292170478324,0.00573592516680187,-2.47476322065955
"P62244_RPS15A",-0.260473384630419,25.100030243518,-4.27338719208839,0.00318750484961061,0.00750360937361136,-2.82372784485527
"P62249_RPS16",-0.230524875749886,25.5198820870685,-3.95852226711246,0.0048193662163883,0.0105764834430042,-3.27142397776167
"P62253_UBE2G1",-0.288185404423881,22.5562196582804,-5.38987415485445,0.000827279058999758,0.00246080740037237,-1.34865295481924
"P62256_UBE2H",-0.264606512685749,18.9982710847332,-4.23181127598147,0.00336348652223588,0.00785708798775371,-2.88206670529503
"P62258_YWHAE",-0.342833409917318,24.7012246404223,-6.91623833971008,0.000170475150085658,0.000727220410292492,0.395867814103868
"P62263_RPS14",-0.227551781034691,24.9298864977462,-3.33643201057669,0.011382549342623,0.0219123437863809,-4.19248490787051
"P62266_RPS23",-0.278593631704027,25.0527569907565,-4.03456044235761,0.0043555627522136,0.00972648569974652,-3.16208190546736
"P62269_RPS18",-0.247339672225454,25.8570820311576,-2.60823408572102,0.033543506803898,0.0548199210894818,-5.31672264774897
"P62273_RPS29",-0.48073420876915,22.7023894215236,-5.84065617149835,0.000503843549544547,0.0016623629010059,-0.802425207222269
"P62277_RPS13",-0.221212808225406,25.0340568984082,-3.42379572716363,0.0100552710453732,0.019691140981233,-4.06056726751905
"P62280_RPS11",-0.141185718921619,23.7044805806849,-2.10840131547523,0.0705487923891865,0.10447704729598,-6.07380052738138
"P62304_SNRPE",-0.331436915327835,22.8648036826214,-2.68327892694557,0.0314333094772866,0.0517269043453573,-5.22389920762851
"P62306_SNRPF",-0.425068927652056,22.8697183867483,-5.03812037411622,0.00124133041865591,0.00340525786773591,-1.79430280835713
"P62310_LSM3",0.0294428076062516,22.1491586111013,0.46437797566758,0.655632592457788,0.707640343157931,-7.92801519708408
"P62312_LSM6",0.145804541210133,21.662266275677,1.9898391412772,0.0844046101858831,0.121771901569391,-6.2497666498004
"P62314_SNRPD1",0.127570867067668,22.9014106132679,2.3786024785665,0.0468480743043838,0.0732779384881719,-5.66432710094058
"P62316_SNRPD2",0.0823438129272276,23.6320374789755,1.21347276938391,0.261984119821088,0.325969444684966,-7.28726191457457
"P62318_SNRPD3",0.237930326266131,24.2428649147492,2.31359996746755,0.0529455288767599,0.0814694907215529,-5.77282133452469
"P62328_TMSB4X",1.53718583754588,16.8647079797702,6.52614679871761,0.000336538642932042,0.00121370930210579,-0.266723752497537
"P62330_ARF6",0.433672414576012,21.8380876514249,7.17815828186566,0.000133470636534963,0.000602737165938014,0.667068049546529
"P62333_PSMC6",0.441187432123396,22.7414884622232,8.14888010659442,0.0000570618080168497,0.000317724825604802,1.60979475806206
"P62341_SELENOT",-0.166156102562859,19.1997201001089,-1.74539514440687,0.121803716141304,0.167460153740183,-6.60171759214595
"P62380_TBPL1",0.176017126571768,17.7750392484033,2.05888779440721,0.0760397381801814,0.111353086273319,-6.14762953825926
"P62424_RPL7A",-0.338829355194061,24.779661993171,-6.44880784457148,0.000268622463123637,0.00102670475101426,-0.107561608316695
"P62487_POLR2G",-0.15890328503059,20.1112124228285,-2.76013938626931,0.0263980433838064,0.0445954157126988,-5.0763190543523
"P62495_ETF1",-0.44541561092613,23.5772283335676,-9.14547537018621,0.0000258945162117888,0.000176394043922131,2.48691696114078
"P62633_CNBP",0.514009244183306,19.83619624006,3.98717810246043,0.00509637845139906,0.0110814386741607,-3.29378179996858
"P62699_YPEL5",0.23785594229696,17.5728989676272,1.48186864743848,0.180315596835642,0.235285714450487,-6.95828615064091
"P62701_RPS4X",-0.32223460148596,24.8305990343537,-6.97635867404262,0.00016106356186828,0.000694866393403369,0.458791196777684
"P62714_PPP2CB",0.580643591167146,17.969728302749,6.01151171954798,0.000420344973694567,0.00144505041874287,-0.602456597029413
"P62745_RHOB",0.274587331293127,20.0640100709986,2.50293149496833,0.0395497995816288,0.0631302781989231,-5.48149610751224
"P62750_RPL23A",-0.282336438226544,24.7710994348992,-3.11560258932519,0.0157859676175462,0.0287863988729456,-4.53411419584824
"P62753_RPS6",-0.263743769476324,24.6570520251257,-3.44338368723521,0.00978098185554569,0.0192481624820907,-4.0310915772192
"P62805_H4C16",0.431453303091399,29.6323341642748,2.991434652467,0.0200244507405031,0.0352152537184431,-4.75535069129255
"P62820_RAB1A",-0.212272817399814,21.5003762823754,-3.90221341169263,0.00519724824418332,0.0112461650484376,-3.35288439647456
"P62826_RAN",0.00135821016288418,26.674495453599,0.0109524285697547,0.991564986866466,0.99273967225304,-8.04837328675688
"P62829_RPL23",-0.12590725271416,24.5429522523174,-1.98633647852112,0.084852128672963,0.122324732882213,-6.2549202587238
"P62834_RAP1A",-0.128566939276013,20.633575344027,-0.985445996800084,0.357078597189277,0.424830253436828,-7.52950553465066
"P62841_RPS15",-0.386638438068321,23.133167184316,-7.91651278179662,0.0000693953008801323,0.00037236752287838,1.39260224554463
"P62847_RPS24",-0.304441736586412,24.1937256609896,-6.36642427454875,0.000291767720291247,0.00109535305060969,-0.198981108421568
"P62851_RPS25",-0.224674945614261,25.7325415427591,-3.44742372605117,0.00972541042550311,0.0191735281742811,-4.02501697722921
"P62854_RPS26",0.570306780906154,22.8833444404821,3.45645844808245,0.0116428851766659,0.0223231118360778,-4.12982720690299
"P62857_RPS28",-0.0974632649000213,23.8944973417547,-0.24895683399679,0.812864120331603,0.843816636992245,-8.01178866762154
"P62861_FAU",-0.309607591906168,23.9948681678512,-4.67713948412445,0.00191689818744669,0.00490081600461162,-2.26984730696066
"P62873_GNB1",0.539503364795895,22.0864375382763,10.4117021135908,0.0000104872650234369,0.0000943706934901333,3.48978825033258
"P62875_POLR2L",-0.225512909809485,20.2429150962774,-3.62246247941596,0.00761455049718632,0.0155982416056017,-3.76348633957821
"P62877_RBX1",-0.0406074044537981,20.6858895060361,-0.888615584824818,0.401965247317199,0.469422335497408,-7.6232793182488
"P62879_GNB2",0.50744178703663,21.290508384537,7.9307315748052,0.0000685601556433383,0.000368529006235499,1.40603946487265
"P62888_RPL30",-0.289357501124794,24.1250618511987,-3.63041949521363,0.00753109821094322,0.0154356057646009,-3.75167789376989
"P62899_RPL31",-0.224836714436815,24.4466603905063,-3.56589956193432,0.00823717644023392,0.016636209241747,-3.84763391623941
"P62906_RPL10A",-0.309674861527441,24.2953167981493,-5.89431439161343,0.000475788044034124,0.00159490694707957,-0.739214013626088
"P62910_RPL32",-0.33667108937669,23.6054233556175,-5.17044846877401,0.00106345645526959,0.002996906187025,-1.6246152401659
"P62913_RPL11",-0.328301226987442,24.7000665758178,-5.37445859895984,0.00084182493152527,0.00249821319905626,-1.36782176367727
"P62917_RPL8",-0.383372553576248,24.2965764527362,-6.45580992948398,0.000266751543565015,0.00102030944383053,-0.0998295674006435
"P62937_PPIA",0.182249417909777,27.8179888777539,2.77702290352324,0.0257425520574631,0.0436075391868741,-5.0502315887663
"P62942_FKBP1A",0.156491846364879,22.749676513912,2.7061785916881,0.0286117295530287,0.0477552808822331,-5.15970510112462
"P62979_RPS27A",-0.399498529732163,22.5208473362273,-1.19926180218349,0.27942401853375,0.344904103370286,-7.29439992943954
"P62987_UBA52",-0.548156824221936,16.3026161308955,-3.07382334463923,0.0174270037213934,0.0313208389189314,-4.61943093688721
"P62993_GRB2",-0.266613616093405,22.0578003571501,-5.12015078606309,0.00112752231509247,0.00314251913836326,-1.68882206359662
"P62995_TRA2B",0.0833423534478435,22.9202106189667,1.04835132707872,0.327264423920448,0.394668338090839,-7.46771091112568
"P63000_RAC1",0.244829701043802,22.5769758519136,4.14872990272182,0.00374768870748828,0.00861436092751764,-2.99936127035644
"P63010_AP2B1",0.0979979701731786,21.8973111128074,2.12012431568466,0.0693071986261853,0.102815541405044,-6.05625465555967
"P63027_VAMP2",-1.00465575346965,18.2965809043643,-4.29378860309331,0.00412571270593867,0.00931992005980681,-2.99401446520196
"P63098_PPP3R1",0.574168384186681,20.7625025505871,12.5075091584815,0.00000285555218747639,0.000040072564461154,4.92951316393026
"P63104_YWHAZ",0.954921333423417,26.4041744158953,13.8211025074017,0.00000139403728501562,0.0000250663063589333,5.71988093927455
"P63146_UBE2B",-0.119563152675497,18.4679343276938,-1.06452137437789,0.320346005167565,0.387123943040998,-7.45087905393116
"P63151_PPP2R2A",0.204566397356118,20.5736623967279,4.12653819414527,0.00385821421854761,0.00881995403971454,-3.03085181350794
"P63165_SUMO1",0.0986411052760161,20.7766810069632,1.40760371919347,0.199542852140332,0.256805910893294,-7.05321354549377
"P63167_DYNLL1",0.749218997928288,20.9174249065259,1.519829600138,0.186414507493809,0.242246496497166,-6.91036291211915
"P63172_DYNLT1",0.814302470724151,19.9657962936219,10.2005666878186,0.0000121090080390034,0.000103717472009752,3.33034153577713
"P63173_RPL38",-0.254340447661381,24.8621727127245,-3.20454758204634,0.0137515253935632,0.0256358093488829,-4.39292142529779
"P63208_SKP1",0.134123962729756,23.3501177698823,2.45657678090412,0.0416382331708487,0.066020513132682,-5.54469824625062
"P63218_GNG5",0.324864696100153,19.6809516984542,1.611969962656,0.15363051654686,0.205290532124985,-6.78849124962458
"P63220_RPS21",-0.229603725933519,24.2985528602922,-3.34772261987358,0.0112009723592233,0.0216285343114772,-4.1753958229788
"P63241_EIF5A",-0.374343278641646,21.3059865178491,-0.62107731194722,0.560580448539249,0.620998382113243,-7.82704330078921
"P63244_RACK1",-0.355733855508369,25.0908127257834,-7.24262586690733,0.000125802143802678,0.000577111644006738,0.732669101268959
"P63261_ACTG1",0.155636212953436,24.6110444090924,1.44511341580522,0.190643809255979,0.246766495372444,-7.00542642640445
"P63272_SUPT4H1",-0.2362912735273,19.8513814341184,-2.82114741731186,0.0241081942591122,0.0412212510767439,-4.98206939216545
"P63279_UBE2I",-0.0205123705639849,22.7183386528984,-0.393148677319846,0.705209555520956,0.750815212666908,-7.96177803445751
"P63313_TMSB10",0.327212168498267,19.46883656263,0.596755786006648,0.575531509614012,0.63414351182445,-7.84349661119549
"P67775_PPP2CA",-0.0136174676677214,19.9433866276865,-0.150378422020541,0.884453749357938,0.904066015000198,-8.03565073622602
"P67809_YBX1",-0.238354566797845,23.6354769703208,-1.56635798570612,0.163666647005168,0.216583627231202,-6.84870724744547
"P67812_SEC11A",-0.289853428313435,20.8352484347989,-1.61707924554176,0.152522415231499,0.204024883969535,-6.78169216049004
"P67870_CSNK2B",-0.148701082194069,21.8427226203012,-3.28367484518535,0.012273519444684,0.023390726358373,-4.27248790197608
"P67936_TPM4",1.69040709593214,23.8708530382889,17.1147115330264,0.000000404286968676265,0.000010708824184994,7.1312133827855
"P68036_UBE2L3",0.228538999196392,22.5128999880781,3.89505429077423,0.00524754506232593,0.0113420937039076,-3.36327070979315
"P68133_ACTA1",1.80190030609129,21.1294157273225,2.07117920768852,0.090556375404675,0.129395414489566,-6.18500200439122
"P68366_TUBA4A",1.7643961023846,20.6306945494228,10.5408460308648,0.0000221702938963834,0.000159317444004607,2.85719968933506
"P68371_TUBB4B",0.266643004447175,24.7490698060611,4.29487298301489,0.00310051326306885,0.00733058870963684,-2.79367349436236
"P68400_CSNK2A1",-0.0552287462056924,20.3088929398712,-1.11573209338061,0.299199001041941,0.365458102123816,-7.39633612005579
"P68402_PAFAH1B2",0.302617738113348,22.7802514427902,4.04713559361538,0.0042836361992064,0.00959968677995401,-3.14407300313437
"P68431_H3C12",1.67750407391779,17.0686938067491,4.60568912949692,0.00332919166501655,0.00778893626703041,-2.69988578063155
"P69905_HBA2",0.166966625962289,19.4041490807565,0.289239449032896,0.783499827832237,0.818760416138752,-7.99906893947846
"P78310_CXADR",1.50474118285322,17.5350443364425,9.72006040879603,0.0000195169918641065,0.000146686008022128,2.83474138733817
"P78316_NOP14",-0.338621579966201,20.0028838535126,-4.24167340282483,0.00332080523947957,0.00777170604660973,-2.86820656836529
"P78317_RNF4",0.0751199031437011,15.9488780038305,0.677349251971113,0.521704594657807,0.585435990995468,-7.73322963811583
"P78318_IGBP1",0.290951570386465,19.911713950486,5.24592172622696,0.000974726715207951,0.0027987056987058,-1.52893767572562
"P78330_PSPH",0.339317681586827,20.2933542380886,3.25068096731762,0.0132370205123696,0.0248533147413189,-4.33930387138855
"P78332_RBM6",-0.405394356034815,16.9995440004372,-4.37832560347721,0.00278638341514558,0.00670247699418003,-2.67755268580762
"P78344_EIF4G2",-0.299545537129784,21.8458638298604,-5.0524652964844,0.0012205477259023,0.00336358188522205,-1.77578838148559
"P78345_RPP38",-0.27975152804974,19.7737674383649,-3.99513304086277,0.00458970116617337,0.0101598565395561,-3.21868259693112
"P78346_RPP30",-0.278669897152277,20.8100661014877,-5.34532722057752,0.000870090816635825,0.00255493887248454,-1.40413560314657
"P78347_GTF2I",-0.621007580626909,22.4463208836159,-14.8662984558183,0.000000823388491876435,0.0000172525974358462,6.29819076668918
"P78356_PIP4K2B",0.645697511329651,17.7262012968105,8.47301186938119,0.0000437588909855527,0.000260226837244812,1.90445816040897
"P78362_SRPK2",0.80659990762549,19.1937861555565,13.4240025616128,0.00000171954603691577,0.0000284427421542279,5.48887411872037
"P78368_CSNK1G2",-0.0606903833323162,15.9432617830647,-0.267351992027464,0.803360171333277,0.835352208700714,-7.77335527377813
"P78371_CCT2",-0.480375390375904,24.6085003449921,-8.56930189626212,0.0000405066134917912,0.000246277619679108,1.99019597049401
"P78382_SLC35A1",0.845730962050226,18.2186597744939,12.395608344711,0.00000304507036881741,0.0000417879085658907,4.85855230266451
"P78383_SLC35B1",0.00596259578595237,17.4486220732727,0.0323481614490467,0.975080561799074,0.979070990500826,-8.04784583171592
"P78406_RAE1",-0.236130187695174,21.3650727238965,-4.8446509016399,0.00156321414845698,0.00414134685237331,-2.04686224132988
"P78411_IRX5",0.447890736636783,17.0129003493446,5.14511118786405,0.00109521290413474,0.00307296834455126,-1.65691467494255
"P78417_GSTO1",-0.668773977931409,23.6577129960725,-12.1582759435316,0.00000349590030125897,0.0000461035423259232,4.70602039007609
"P78527_PRKDC",0.544078692797822,22.8780727761118,1.88781863406659,0.11082725813758,0.154160959289398,-6.42412828885324
"P78536_ADAM17",-0.473453441721574,18.9034168653184,-4.13400596252826,0.00387874643748574,0.00885406524715382,-3.03067914062253
"P78537_BLOC1S1",0.220124140763424,18.3061347748289,2.69261812470786,0.0291977283524297,0.048626652473961,-5.18065965305365
"P78545_ELF3",0.111400560031878,16.57292126229,0.676134380357807,0.532433523586685,0.595017540464345,-7.2953050599345
"P78549_NTHL1",-0.0722043048979515,19.2646777652684,-0.630197551411217,0.547720688737623,0.609326248140758,-7.8288825818753
"P78560_CRADD",-0.0717323003612194,17.968858295354,-0.64229351445041,0.539921974944148,0.601706452956072,-7.82098431616965
"P78563_ADARB1",0.179475495357526,17.4890496628725,1.74533261297172,0.121815052774568,0.167460153740183,-6.60180534420816
"P80303_NUCB2",0.289794960801419,20.4216431753775,3.20598807006882,0.0137229921561186,0.0256078052362143,-4.3907244977757
"P80404_ABAT",-1.68090996436688,20.7084613341551,-32.8383837383291,0.00000000243963207728393,0.000000639005178833208,12.4407161623684
"P80723_BASP1",4.96634937484195,20.2292225307028,26.7805968790949,0.0000000562112348555335,0.0000034954895686363,9.39926108327709
"P81274_GPSM2",-0.353871171373843,16.6091499578035,-3.57209258466444,0.0103875844471755,0.0202584531551839,-3.96550711524901
"P81877_SSBP2",0.144223279124073,15.5953700965508,2.10736520919734,0.0763974510308033,0.111831988556638,-6.04023053695776
"P82094_TMF1",-0.0465384900787704,18.9819909919447,-0.71635717750439,0.495590235787714,0.560847988900663,-7.76731478115064
"P82650_MRPS22",-0.474692449650082,21.1182163685271,-6.99593373241436,0.000158125484609165,0.000685691240557191,0.47919156996211
"P82663_MRPS25",-0.50309733439979,20.6466759577122,-7.70798777023527,0.0000830492972716305,0.000425655630086268,1.19328496127868
"P82664_MRPS10",-0.500520303294604,20.1982756673338,-9.27554011979528,0.000023484820411614,0.000163876645918107,2.5953419385634
"P82673_MRPS35",-0.609242498433403,20.1746780401282,-8.35928636933424,0.0000479834170939556,0.000280956020336125,1.80214688540289
"P82675_MRPS5",-0.527238927363932,20.6873178989605,-8.13176882586935,0.0000578809511661386,0.000320876468345226,1.59397358257994
"P82909_MRPS36",0.101218432020019,19.5158522467306,1.68029303724438,0.134159523185995,0.182282481842207,-6.69234093728648
"P82912_MRPS11",-0.238409945547989,19.9571315469894,-3.68416301648863,0.00699255814890914,0.0145037898229078,-3.67211282403353
"P82914_MRPS15",-0.318407205228795,19.2767535632046,-4.58954606456874,0.0021361169080965,0.005378121550143,-2.38804436011348
"P82921_MRPS21",-0.387894398322615,19.526437383452,-5.32011556272842,0.000895401271767899,0.00260935711611749,-1.43565829165292
"P82930_MRPS34",-0.692778963306527,21.5055485483186,-11.4381461346989,0.00000539841693968935,0.0000606163550651581,4.22545847492994
"P82932_MRPS6",-0.331294546126852,20.4501477922635,-5.18031826863123,0.00105136212944284,0.00297052762130098,-1.61205785897695
"P82933_MRPS9",-0.547593840762271,20.6803661054024,-9.29926630319884,0.0000230729969971072,0.000161894109926197,2.61497913583067
"P82970_HMGN5",1.43261144359082,17.0573489196674,17.8569622426811,0.000000217079187395279,0.0000075771954381125,7.75205434966783
"P82979_SARNP",0.452959959794928,22.4065377346002,7.46445091259514,0.0001029462257759,0.000497780669581369,0.955021006738212
"P83111_LACTB",1.16551189123073,18.4969536670369,16.556572215774,0.000000376768017268463,0.0000104460275791631,7.15283245511638
"P83369_LSM11",-0.327802532268018,16.1887301136491,-2.90026803843531,0.021442972920906,0.0372533695834652,-4.85994923866173
"P83436_COG7",0.161499072826803,20.8564935835761,3.26130408206829,0.0126734551086657,0.0239965893842447,-4.30648466977181
"P83731_RPL24",-0.276316586708774,24.3509450823099,-3.35520709096496,0.0110823089063344,0.0214319963238187,-4.16407404872631
"P83876_TXNL4A",-0.394870785030253,19.5415596438025,-3.86697880257522,0.00544993112382175,0.0117162736370232,-3.40406552005212
"P83881_RPL36A",-0.487228081636129,19.2800767305304,-6.80699016456424,0.000189190550794301,0.000790857613924796,0.280479733110987
"P83916_CBX1",-0.277662091934054,22.4999183317661,-5.44467837664978,0.00077777255179742,0.00234008624563733,-1.28077093125347
"P84022_SMAD3",-0.0827891027588095,17.6120032311485,-0.721216027694226,0.492765787422288,0.558149900094404,-7.76361455191569
"P84077_ARF1",0.333954672402733,20.9436770274263,3.70315912838733,0.00681224223075821,0.0141839349595256,-3.64407096514138
"P84085_ARF5",-0.2513694711105,22.0320923222149,-4.69114464134242,0.00188419271438715,0.00482856124852719,-2.25105057993358
"P84090_ERH",0.0963001212946182,23.1026629916094,1.58646364893818,0.154035716114509,0.205786003158465,-6.82015949871011
"P84095_RHOG",0.445313128098515,19.5568885793462,7.17105406596386,0.000134347172127439,0.000605358170142952,0.659811494693933
"P84098_RPL19",-0.379296477681454,23.6557923476936,-3.18207854612806,0.0153449632148876,0.0281102577582936,-4.47179696330471
"P84101_SERF2",-0.599369569160885,17.1921210438277,-5.40073488889422,0.000817197877071724,0.00243653745707861,-1.33516765200819
"P84103_SRSF3",-0.110179499482058,24.9165521294997,-0.489037567341277,0.641679284728473,0.695343017473253,-7.91228075829451
"P84243_H3-3B",0.60984995001308,16.585017223851,1.88969473894488,0.104064095686907,0.145846971032728,-6.40880489120172
"P85037_FOXK1",-0.579220539126378,19.8927977161993,-9.33544527108735,0.0000224605584641292,0.0001596677609507,2.64483979327868
"P85298_ARHGAP8",0.547231009451384,18.260138718089,6.13360633890766,0.000370103471697191,0.00130203839302906,-0.461864744758183
"P98153_DGCR2",-0.0855726634357925,15.322848192573,-1.46449702457567,0.18390538959914,0.239558895922428,-6.98072650733269
"P98170_XIAP",1.28577598554623,18.6197887098989,17.2020619021084,0.000000285134019336422,0.00000878028077357418,7.45609202660467
"P98172_EFNB1",-0.113623164314781,15.1599423807695,-1.42789060923935,0.207965983448973,0.266136452915503,-6.93393065405165
"P98173_FAM3A",0.65882349229263,18.826032781063,9.36633935537826,0.0000219520225876558,0.00015841279298075,2.67025935119407
"P98175_RBM10",-0.0580162672318316,20.5826950799783,-1.00170668400412,0.34787851345726,0.416162940131476,-7.51518135026441
"P98179_RBM3",-0.129591742235078,22.3635316678658,-1.74888555689762,0.121172499596913,0.166751950775126,-6.59681731566538
"P98194_ATP2C1",0.298547593808575,18.5300758321041,5.23736522978736,0.000984363238680516,0.00281892575052862,-1.53974464938122
"P99999_CYCS",0.281811844624315,23.8633434268732,5.24377037122745,0.000977139784023401,0.00280351761496869,-1.53165390336795
"Q00059_TFAM",-0.720234999139649,21.7601893353804,-13.1594392740171,0.00000198397375831919,0.000031307270551402,5.33126543647833
"Q00169_PITPNA",-0.356142758478288,19.5607320036225,-4.95896489935893,0.00136325004346139,0.0036939365267429,-1.89699055739257
"Q00266_MAT1A",0.159229461069451,18.3738707177745,0.39392333015391,0.723355733055987,0.766593800421324,-7.79466745057753
"Q00325_SLC25A3",0.276837726827598,23.7248955816289,3.65396022443735,0.0072899098548431,0.0150083367364744,-3.71678543485619
"Q00341_HDLBP",-0.459715362298017,21.2631810253317,-9.99353966974296,0.0000139783337743496,0.000114939682905625,3.17110694799704
"Q00403_GTF2B",-0.102929449936372,19.7479603953797,-0.565001218236144,0.590686215858182,0.648773914486257,-7.8692031821002
"Q00535_CDK5",-0.456687321187044,21.9176449523493,-6.3538553479487,0.000295490299668158,0.00110442222077445,-0.213001507562618
"Q00536_CDK16",0.460299932976916,16.9168300442729,4.54542247938349,0.00225682918815279,0.00562572822899874,-2.44799846598685
"Q00537_CDK17",0.145186709636373,17.5698017924615,1.59008680492544,0.153220272427326,0.204814304408127,-6.81528949885681
"Q00577_PURA",0.484848497629976,20.1862327624978,8.20705304892517,0.0000543726587941708,0.000307707174693797,1.66337969063275
"Q00587_CDC42EP1",-0.463415019231253,17.9827093849978,-3.9554107628858,0.00483945154788579,0.0106046869701006,-3.27591452207828
"Q00610_CLTC",-0.247330292714899,25.0944254941426,-5.61663002996376,0.0006425239017087,0.00202557300410933,-1.07045586225452
"Q00613_HSF1",0.267381830493552,18.969805187433,2.91741624110886,0.02090707620248,0.0365197802806325,-4.83350595110703
"Q00653_NFKB2",0.456486925477556,17.9149655032725,7.00681487337603,0.000156518210711116,0.000681051207476402,0.490513008446564
"Q00688_FKBP3",1.03606978150113,22.7092408654213,14.2458833220997,0.00000112059238321486,0.0000213614678364216,5.9599344700544
"Q00765_REEP5",0.64945131498148,23.2068418676742,4.7376982099645,0.00228271124830854,0.00567580966153474,-2.37084000650983
"Q00796_SORD",-0.423720466796826,21.6815786657079,-8.80443818802084,0.0000336457031594907,0.000213970918253417,2.19622355981951
"Q00839_HNRNPU",0.15967628587557,25.2320438019771,2.27567721367813,0.0547511489831423,0.0838239209270894,-5.82139811523021
"Q00973_B4GALNT1",0.552402368961406,16.236220957602,7.15141837436359,0.000136803514228084,0.000614242933423146,0.639726280108439
"Q01081_U2AF1",-0.210391725897875,22.2298263342758,-3.66841920194094,0.00714589614248713,0.0147654675522296,-3.69538598676783
"Q01082_SPTBN1",0.0359322448310344,20.8882067879998,0.513855980871902,0.622227686963125,0.677740768586786,-7.9014518084834
"Q01085_TIAL1",-0.206139218139764,20.6205996259931,-4.62283421355465,0.00204972799499414,0.00518809688183875,-2.34299689101641
"Q01105_SET",-0.11298168406033,22.8188021814077,-0.51664761915887,0.623356364421691,0.678678572543857,-7.89680201568275
"Q01130_SRSF2",-0.220169874774108,22.3186538480297,-1.572862258548,0.16100956939585,0.213686753590096,-6.83976915749033
"Q01167_FOXK2",-0.114996305726134,18.0942068937973,-0.640036541164538,0.54242521656163,0.604230550258899,-7.82129375679173
"Q01415_GALK2",-0.472739084403663,19.9100596234669,-5.66670038937372,0.000608200416300041,0.00194123892840038,-1.00996832419332
"Q01433_AMPD2",-1.01458042747449,19.4499089656822,-18.9959855585132,0.00000013811327117405,0.00000577192055247156,8.24091046854861
"Q01459_CTBS",0.0260664018957151,16.578750843848,0.15334752421153,0.882915077406011,0.902735862179072,-7.97529077284185
"Q01469_FABP5",-1.32150661250601,22.8762530151069,-15.3525592228264,0.000000685191626414581,0.0000151476872794532,6.50884759881476
"Q01484_ANK2",-1.09371751253063,18.3556435818474,-3.6512712402213,0.0101417379310321,0.0198349340970506,-3.92826575703151
"Q01518_CAP1",0.483057300368174,23.4794895501061,8.73323631884313,0.0000355747691492429,0.000221425281627775,2.13432950252998
"Q01581_HMGCS1",1.47258333981286,22.347461809651,14.326689810134,0.00000150590495487256,0.0000263308346822085,5.7019001713303
"Q01628_IFITM3",-3.15059616067602,17.9474606254589,-44.9728743264104,0.000000000236402113825808,0.000000224759309719887,14.6423122015969
"Q01650_SLC7A5",-1.68231792809757,22.6368165700496,-20.5682959234704,0.0000000770962564609886,0.00000437607557195731,8.86724148027999
"Q01658_DR1",0.313862507643147,19.4648218594796,3.10554420694203,0.0158713722112916,0.0289144088716369,-4.54427652289635
"Q01664_TFAP4",-0.571791791247332,17.1927353309387,-6.11265277155821,0.000378229333524727,0.00132510930943762,-0.485857685047995
"Q01780_EXOSC10",-0.0974385251617278,20.3204093310973,-1.93753127252695,0.0913334627465188,0.130285505935863,-6.32643113934083
"Q01804_OTUD4",-0.531148276349548,18.5605831523128,-6.25444316048208,0.000326867457824652,0.00119011674687137,-0.32458026819098
"Q01813_PFKP",0.518771643155404,23.1108208925745,12.6854573994505,0.00000258095407302576,0.0000371091430613118,5.0411239237553
"Q01831_XPC",0.443666296285457,18.7790713675396,5.95093501487454,0.000448049648940185,0.00152204807049533,-0.672920989561181
"Q01844_EWSR1",-0.133525555103724,23.5518427955697,-2.79812861784012,0.0249468699836027,0.0424475755163445,-5.01762454592766
"Q01968_OCRL",0.365148567650721,19.1385806355078,6.78193136355779,0.000193799803026757,0.000805487050175689,0.253820346495067
"Q01970_PLCB3",-0.179248587177554,19.6344816057177,-2.7864983966945,0.0253821098715307,0.0430833134753097,-5.03559183944983
"Q01995_TAGLN",3.34076827100589,20.3587722976076,8.00537295140212,0.000360498278394465,0.00127829832422764,0.0434864632766931
"Q02040_AKAP17A",0.145967036479192,20.0090874639743,2.52025926522302,0.0378235744610418,0.0607830355695508,-5.44669672602614
"Q02083_NAAA",0.0524321505146155,19.5424653828334,0.926456868740761,0.383215470726031,0.450013412126323,-7.58824574350808
"Q02086_SP2",-0.0613608438609106,17.3578715777375,-0.789525477465,0.454175396708449,0.521506350749466,-7.7093209878238
"Q02127_DHODH",-0.192094060996464,19.2590854887598,-3.16960406029463,0.0144633041122696,0.0267139123550079,-4.44626273812669
"Q02218_OGDH",0.299788057456698,21.738715839667,5.6667941149512,0.000608138102345765,0.00194123892840038,-1.00985541521597
"Q02224_CENPE",-0.152339729589748,16.6598914313207,-1.30091941454216,0.232044230112514,0.292478491766888,-7.18452825095511
"Q02241_KIF23",-0.048329719533708,19.1110940380622,-0.65617086987739,0.531435024680758,0.594250925863252,-7.81132337703763
"Q02252_ALDH6A1",1.32452593454069,20.7854374087339,20.2357763857484,0.0000000868925476465325,0.00000458961609305227,8.73913241342342
"Q02338_BDH1",0.268443165360367,21.3875971312255,3.34371652329634,0.0112650431519391,0.0217191174179085,-4.18145797759015
"Q02446_SP4",0.159039403337768,15.3369529212771,1.85861198089019,0.117306592373451,0.161914685478675,-6.37646894723781
"Q02447_SP3",0.249640350728566,17.2620343519627,3.44370313464747,0.00977657546764697,0.0192444702398869,-4.03061119624755
"Q02543_RPL18A",-0.331331311374122,24.205973079117,-6.14323297301083,0.000366435435240929,0.0012915235961272,-0.450860392760613
"Q02750_MAP2K1",0.596983388822892,19.5346225368609,10.1304715212113,0.0000127084444680435,0.000107162337720553,3.27675298612683
"Q02790_FKBP4",-0.509756339876944,24.3058961178595,-9.24258092274927,0.0000240706839971258,0.000166437838620126,2.5679908740844
"Q02809_PLOD1",-0.440490037028422,19.2959078945796,-8.17400557372077,0.0000558824598902544,0.000312530874945055,1.63297684033302
"Q02818_NUCB1",-0.216706217660278,20.9617959375585,-2.96880002974876,0.0193837130669279,0.0342547680267318,-4.7543367818199
"Q02833_RASSF7",-0.215621336709862,18.4160809855558,-1.72923207864811,0.125161151576737,0.171372766677347,-6.62481403354448
"Q02878_RPL6",-0.311092093455787,25.1928682222963,-4.83670434817687,0.00157826838953868,0.00417541195507173,-2.05734985229216
"Q02880_TOP2B",1.08247871841527,21.1888478716047,23.0359566048342,0.0000000335128162652994,0.00000260100490320272,9.7531222209752
"Q02952_AKAP12",0.212479115044031,15.298260736821,2.28333726266304,0.0776822856274529,0.113428962273451,-5.7893595053342
"Q02978_SLC25A11",-0.264240266640567,21.9082418013614,-3.21697204191327,0.0135074748646111,0.0252675488982372,-4.37397782271531
"Q03001_DST",0.514629621338667,18.0743946338182,7.57143990722543,0.0000936137583045374,0.000462054669477165,1.06043449186013
"Q03013_GSTM4",0.12043108651984,18.7272846063947,0.811940768800837,0.443367026699747,0.510560121889216,-7.68901798524199
"Q03111_MLLT1",-0.0731429315284657,18.7134566957633,-1.164111964811,0.280270453504551,0.345780546529703,-7.34313821741299
"Q03113_GNA12",0.378442410615595,16.4820458394991,4.33508901567701,0.00294456130599628,0.00701639514204503,-2.73759262933123
"Q03154_ACY1",-0.215308733955641,19.8361291395824,-3.13243229061107,0.0152634702590729,0.0279879350989653,-4.50310266537508
"Q03164_KMT2A",0.0314903589206033,18.1913234805247,0.332704303102006,0.748517052378835,0.789190560076714,-7.98619726000392
"Q03188_CENPC",0.211075323741941,17.8411245160993,1.94231157513879,0.0906779583864561,0.129496160624744,-6.3194521831034
"Q03252_LMNB2",0.0853097779327321,21.4716443774906,1.38360880393172,0.20648344774605,0.264485197634971,-7.0832879242582
"Q03426_MVK",1.11504139089445,20.4884775938779,16.5270947153396,0.000000381687313860687,0.0000104460275791631,7.13869678440957
"Q03468_ERCC6",-0.5366237409871,17.5697487558422,-3.44225899781921,0.0101568759233802,0.019854330062511,-4.05505483471063
"Q03701_CEBPZ",-0.983947150009147,19.7840868858125,-11.5608893114217,0.00000500440896772691,0.0000580236808056874,4.30932903207564
"Q03933_HSF2",-0.269787682824859,15.4203627702615,-3.80496171342029,0.00776582626511065,0.015844118715781,-3.61275863884255
"Q04206_RELA",0.327007746636131,20.9620902559624,4.39979187311239,0.00271131629476125,0.00656342194078742,-2.64784156452159
"Q04323_UBXN1",-0.165137946822867,21.5806601808941,-3.17820870271804,0.0142844844870541,0.0264607377030038,-4.43311931509881
"Q04446_GBE1",0.572183682786267,19.5657269523023,8.85645566606565,0.0000323106051766551,0.000207212869286373,2.24117432719366
"Q04637_EIF4G1",-0.0190002392305217,22.8602339410693,-0.305607537667706,0.768259964262028,0.80587302277989,-7.99586293622607
"Q04656_ATP7A",0.444507368383544,17.0944974311667,5.36387778415093,0.000851972329376767,0.00252045956329821,-1.38099773028762
"Q04695_KRT17",-2.09295803892062,20.6931202668187,-6.6582942302654,0.000700612916433603,0.00215918227001377,-0.815454406570995
"Q04721_NOTCH2",0.458562801403723,18.7458160536854,4.76345212722802,0.00172479011449686,0.0045004300551846,-2.15445046632149
"Q04724_TLE1",-0.215548426439785,18.2485995503368,-0.990313896676284,0.356780535796801,0.42454204556797,-7.52271066345794
"Q04726_TLE3",0.75178687130914,20.0503506673935,15.5786286880139,0.000000586506857083358,0.0000138110562073561,6.66969195940456
"Q04756_HGFAC",0.476797382553858,18.1804641652648,6.61864434444493,0.000227086702063868,0.000907630822857479,0.0783198693214633
"Q04760_GLO1",0.72712075535464,22.5810587306229,9.37273066399288,0.0000218484410550916,0.000158265945395263,2.67550903082271
"Q04837_SSBP1",-0.6029521115709,22.9212524145931,-12.117603323741,0.00000358048864209123,0.0000466909093096641,4.67959853126561
"Q04864_REL",-0.615812828263817,18.6695168506052,-10.4764168469201,0.0000100402876625119,0.0000916763841069214,3.53807834384755
"Q04900_CD164",0.39954620121032,17.5949789429539,5.89822986349516,0.00047380971181151,0.00159108020663945,-0.734616217427667
"Q04917_YWHAH",0.174864202971023,22.5539623114326,3.13741613335548,0.0151535219519399,0.0278198619276985,-4.49547620172611
"Q04941_PLP2",0.181899992541819,21.5938027940548,1.35483477564864,0.218093413041476,0.277162656573679,-7.1177802684704
"Q05048_CSTF1",-0.261686695022213,20.9617395350143,-5.96767722811517,0.000440195151353328,0.00150072806866581,-0.653398557547161
"Q05084_ICA1",1.40205743754254,17.9909315724164,14.3652464528925,0.0000010550612172606,0.0000205763990217542,6.02612681476302
"Q05086_UBE3A",-0.146743182348818,19.527389711308,-2.86770389607565,0.0225005738766327,0.0388688087453255,-4.91019074299195
"Q05193_DNM1",0.467095370897336,19.3908120684477,7.18682227628945,0.000132410288624127,0.000599471818616138,0.675910437284521
"Q05209_PTPN12",0.30792423859651,17.03088270337,2.83419229918427,0.0236460090979586,0.0405253594409809,-4.96192441165356
"Q05397_PTK2",0.289541756386271,19.739605857495,5.2853882822499,0.000931606085066849,0.00269553738724722,-1.4792232565215
"Q05513_PRKCZ",0.790987658376199,17.3764477900063,8.95771367372205,0.0000298788581648811,0.000196420566293937,2.32803794265361
"Q05519_SRSF11",0.0496939973283759,21.4426938919552,0.895986080424996,0.398261705535419,0.46581247613446,-7.61654768369847
"Q05639_EEF1A2",2.56267324640384,24.6388670323982,30.9007787660082,0.00000000382808668226339,0.000000766221771191983,11.9918661467392
"Q05655_PRKCD",1.45395826824139,19.9569117749015,24.8595892507228,0.0000000191131549389849,0.00000198256852808422,10.343074380315
"Q05823_RNASEL",0.571527424569116,16.7927313567528,4.94967550819082,0.00137840162718655,0.00372835091620942,-1.90909996871702
"Q05932_FPGS",-0.808481577802645,18.048715223512,-8.89792233204939,0.000031288859315346,0.000202048498274568,2.2768477199884
"Q05BQ5_MBTD1",-0.0402830650525061,16.9691372847157,-0.323813981428702,0.754973466143593,0.795005978608357,-7.98945650191059
"Q05D32_CTDSPL2",0.346724748949555,18.7024060755381,4.51171858895839,0.00235406558227569,0.00581898694143286,-2.49398127248443
"Q05DH4_FHIP1A",-0.0925423732778867,15.5742393114596,-1.3404826175505,0.225331136328909,0.28516948800627,-7.10973840075015
"Q06033_ITIH3",1.54871816367912,18.3584825246079,3.60743045461949,0.012567100282537,0.0238486438994453,-4.08662098198093
"Q06124_PTPN11",0.143961658794414,20.6023749458011,3.05165367415265,0.0171680340721828,0.0308699922347571,-4.62693685252241
"Q06136_KDSR",-0.337358224567271,18.2687093554201,-3.42113839446911,0.010093110037377,0.019755068179179,-4.06456893146679
"Q06203_PPAT",-0.060117819457588,21.3422901882347,-1.28468000266912,0.237372890888626,0.298344985673844,-7.20395453363841
"Q06210_GFPT1",-0.29417258576914,21.932446756253,-6.23790057765804,0.000332440134681663,0.00120177740702886,-0.343266405515527
"Q06265_EXOSC9",-0.058907932616691,20.018082413602,-1.00459509805914,0.346573504328537,0.415124106129584,-7.51228928606998
"Q06323_PSME1",-0.579871651032089,25.1102467547265,-8.8436851226194,0.0000326327803016113,0.000208400442463522,2.23015943209768
"Q06330_RBPJ",0.513275802306946,18.6214598466982,8.06437088576602,0.0000612380929734453,0.000335816103212707,1.53139227801235
"Q06481_APLP2",0.010554199961085,18.4917332141024,0.158373135919961,0.878367303005932,0.899052847081566,-8.03425689047093
"Q06546_GABPA",0.113018734493703,19.5060463532417,1.96109895696242,0.0881457020934151,0.126516059590407,-6.29196972614906
"Q06547_GABPB1",0.982601759912288,16.7652489020318,7.82001407954661,0.0000753737217250063,0.000396193868307117,1.30089244079982
"Q06587_RING1",0.125438315331213,19.3134618822499,2.54510959400801,0.0364337470745218,0.0589355764034056,-5.40839791982691
"Q06609_RAD51",-0.112470978012709,18.4289126049066,-1.00582341778214,0.346019684233505,0.414526022724845,-7.51105749270794
"Q06787_FMR1",0.565974393157504,20.2045805881307,7.38429648335638,0.000110620993932542,0.000523833381664669,0.875272733940641
"Q06830_PRDX1",0.745631037335567,27.106260925655,10.6105305150458,0.00000918063171950721,0.0000856467003491678,3.63730279855935
"Q06945_SOX4",-0.1665198972839,15.0601452766501,-2.17885817158424,0.0878799781468651,0.126219343547754,-5.92378215269131
"Q07002_CDK18",-0.601177481338244,17.2117000353966,-5.18707014593154,0.0010431758802193,0.00295398203460462,-1.603475305217
"Q07020_RPL18",-0.389477458955394,24.2817254683213,-4.63617898019386,0.00201617692270195,0.00512021424843773,-2.32498237279175
"Q07021_C1QBP",-1.08697703861368,21.3938718125228,-8.65354303570287,0.0000534689743926651,0.000304111841104697,1.7709022345877
"Q07065_CKAP4",-0.592833979975172,20.2846853683767,-12.4482681770465,0.00000295417128169783,0.0000410908779173007,4.89202144564513
"Q07157_TJP1",-0.35171229124197,19.6562496270004,-5.1145123089368,0.00113496551354434,0.00315797358558541,-1.69604200520689
"Q07352_ZFP36L1",-0.119193501832882,15.4692057916868,-1.03138014200966,0.355050386331401,0.423012725319022,-7.31543879496472
"Q07617_SPAG1",0.620075437906927,18.0721087335196,6.53943491302402,0.000245494076887162,0.000956848650440565,-0.00794356101542348
"Q07666_KHDRBS1",0.155637213978256,23.2310252849058,2.25909554045137,0.0561445440221564,0.0856125504876747,-5.84659359521509
"Q07812_BAX",0.230730209069765,20.6513094892313,2.20023297194062,0.0622494051812881,0.0936410959634148,-5.94059173957318
"Q07817_BCL2L1",0.713570948269332,18.1342346213223,3.18937938552693,0.0164733483598061,0.0297969768429691,-4.50752219865465
"Q07820_MCL1",0.0724528675863709,18.1557347077057,1.04987957131571,0.32660556636547,0.393998721296711,-7.46612828367058
"Q07864_POLE",0.217280867260499,18.5286799016987,2.92871427616622,0.0205616828343195,0.0360267587279047,-4.8160896314644
"Q07866_KLC1",-0.0967707010566699,19.7509113433049,-1.92273441860725,0.0933917538633726,0.132698987462136,-6.34799753203548
"Q07889_SOS1",-0.159004729344797,17.6405447121038,-2.27855946565532,0.0545125153032935,0.0835258242137087,-5.81701520340103
"Q07955_SRSF1",0.0124842883983192,23.4903581763452,0.26345428362987,0.799333520089759,0.832354387487174,-8.00930486186981
"Q07960_ARHGAP1",0.401872602170023,22.0893397208673,7.63699601484255,0.000088364979789116,0.000442173708076327,1.12444933706507
"Q08050_FOXM1",-0.289224674713953,18.9152314592143,-0.983201262443221,0.37440957051449,0.441376192395104,-7.03613660113194
"Q08117_TLE5",0.560715056911526,16.5722274729221,5.05085236534343,0.00122286528004349,0.00336509164978684,-1.77786867402273
"Q08170_SRSF4",0.0379801885211783,18.3139832067263,0.33349279368043,0.747945448816524,0.788697224968596,-7.98590405678249
"Q08209_PPP3CA",1.21716535402341,20.9034795076249,19.9934216956223,0.0000000949224044651373,0.00000479085904941023,8.64433518249746
"Q08211_DHX9",-0.0935302842126546,24.3118928609162,-2.20001226106241,0.0614047739091418,0.0925207429383781,-5.93607920493079
"Q08257_CRYZ",0.227620402056473,20.8980899208848,4.78015485906048,0.00169011153005048,0.00442208059771721,-2.13224244862846
"Q08345_DDR1",0.138334118102414,18.8352664893833,1.97189931251299,0.0867212521395661,0.12473559829303,-6.27613261750068
"Q08357_SLC20A2",0.568918004627342,16.6961423411648,6.79627097963736,0.000191147073680895,0.00079663816022843,0.269084714080101
"Q08378_GOLGA3",0.502713896041048,19.1444824170019,7.08225351989481,0.00014586393182969,0.000644497355385891,0.568643343280941
"Q08379_GOLGA2",0.252489665098025,20.13309139173,5.49558088319929,0.000734711484026704,0.00224066381215201,-1.21809146990556
"Q08380_LGALS3BP",-3.46497101519541,19.9680934117391,-26.7288437407737,0.0000000238515860176981,0.00000220429983558108,10.1941548580819
"Q08426_EHHADH",0.209965023982289,17.5235307850298,1.05847874004614,0.324824273519898,0.391974206630548,-7.45537454021375
"Q08431_MFGE8",-0.186593233373584,15.5183485571613,-1.38666038637299,0.230891642986865,0.291334080384554,-6.55868306871281
"Q08623_PUDP",-0.0655352623893428,19.6513107690128,-1.10979468247967,0.301591783394215,0.367747943442076,-7.40275451283931
"Q08722_CD47",-0.632979613265547,21.8678233528924,-9.41782865451653,0.0000211329786066439,0.000155066937896331,2.71246353085942
"Q08752_PPID",-1.25596953604541,21.8480478714244,-19.077067750285,0.000000133872462936596,0.00000565685529497638,8.27453181510697
"Q08945_SSRP1",0.0136845698445569,22.5625938597118,0.235999380454875,0.81978540799093,0.849725785388254,-8.01700811759559
"Q08AD1_CAMSAP2",-0.0806277266820601,18.4209298583459,-1.14480570328011,0.287703219372519,0.353459971983101,-7.36455714903752
"Q08AE8_SPIRE1",-0.387461421886552,17.1119528727542,-3.73513514201202,0.00651992639854213,0.0136575489361915,-3.59696564418833
"Q08AG7_MZT1",0.0103896906189043,17.8874874120893,0.0924559689876531,0.928771176381013,0.940768886343586,-8.04360208144213
"Q08AM6_VAC14",0.215492761416737,18.8033753426759,2.46831918693858,0.0409064056484319,0.0650045896351984,-5.5266454697759
"Q08J23_NSUN2",-0.355337761859559,22.0699612165723,-7.97444611865898,0.0000660622699504721,0.00035762962650768,1.44722997281978
"Q09019_DMWD",-0.140776995612695,15.1387110583602,-2.02630821759461,0.0938302638834351,0.133247383700039,-6.14914065889196
"Q09028_RBBP4",-0.0278766837055429,22.4993181047606,-0.559933412274256,0.591942259817599,0.64996576124912,-7.87446942679448
"Q09161_NCBP1",-0.124140906864092,21.3993384669576,-1.80075380194564,0.112149960313366,0.155772936110932,-6.5235282063155
"Q09328_MGAT5",0.440860099651363,18.1904324240862,6.72862180441853,0.000204028005048005,0.00083611907672151,0.196864780546083
"Q09472_EP300",-0.0403411844672199,18.0280461755323,-0.46309220105006,0.656512375817241,0.708388867990628,-7.92867178802701
"Q09666_AHNAK",-0.374849110083908,23.9688456302632,-3.63973635492302,0.00793950251695175,0.0161335442543241,-3.77993659827522
"Q0JRZ9_FCHO2",-0.183975322865798,17.6681865898117,-1.35698557907245,0.214431490023626,0.27328517310987,-7.11629732886394
"Q0P6H9_TMEM62",0.0308211127095142,15.4333744684754,0.398138607044881,0.703362016391063,0.749162791859743,-7.93374064110987
"Q0PNE2_ELP6",-0.2359198007853,17.5483710743442,-1.56845115529856,0.158820861600717,0.211113504602421,-6.84452445790128
"Q0VDF9_HSPA14",-0.448442310508376,21.1424083714846,-6.16635819034897,0.000357788051827405,0.00127105834759423,-0.424473475566052
"Q0VDG4_SCRN3",0.424969534215915,18.2641870053129,5.87591108630145,0.000485210122304083,0.00161977405536519,-0.76085120272577
"Q0VG06_FAAP100",-0.147689192356392,16.4232131886941,-1.66880094538786,0.136458995893508,0.185010182311234,-6.7081794515247
"Q0VGL1_LAMTOR4",0.591506025177924,20.2172978893848,4.6159987993059,0.00239481361209863,0.00590244728892489,-2.45894546217558
"Q10469_MGAT2",0.516535611815911,18.5799687678598,7.74019305933297,0.000080756653045005,0.000416995996646509,1.22434665280707
"Q10471_GALNT2",0.0507980048178673,20.0222224460962,0.718270064711149,0.49447702637541,0.559853083401977,-7.76586063118474
"Q10472_GALNT1",-0.639958233043082,17.3352935466383,-6.8330851627618,0.000184520278765229,0.000775821581143357,0.308164926156985
"Q10567_AP1B1",0.545355277759761,22.078185951543,12.3901316584244,0.00000305470380786684,0.0000417879085658907,4.85506373508693
"Q10570_CPSF1",-0.0633275646460731,20.2754247708961,-1.20080899881971,0.26657824096358,0.330873710960997,-7.30174738555016
"Q10713_PMPCA",-0.484304083148196,21.517163532898,-7.98246492970639,0.0000656152249983673,0.000355715895465133,1.4547660114487
"Q11201_ST3GAL1",1.76734060991147,16.4508102414699,8.40955603749439,0.00014771715855303,0.000650571342185493,0.919536200858811
"Q11206_ST3GAL4",0.118389315248349,16.4007383741875,0.89092479341369,0.430622184452438,0.498905153837814,-7.295244286809
"Q12756_KIF1A",3.11847702303741,18.0558224537015,19.4984509823616,0.000000184544808103641,0.00000691302757515731,8.00504874759976
"Q12765_SCRN1",0.936974551047832,20.684758175189,19.2066325309408,0.000000127398183710341,0.00000557052589914317,8.32794566907842
"Q12767_TMEM94",-0.016059104765187,15.5886478852632,-0.134034146703964,0.896922091819048,0.913985722183236,-8.03827691296631
"Q12768_WASHC5",-0.131732895274794,20.0768158279176,-2.21691646421369,0.0598513447826824,0.0904668776663519,-5.91052528790986
"Q12769_NUP160",-0.120159278124849,19.7518272100222,-2.14990158959797,0.0662499677374925,0.098919759444713,-6.01158061247136
"Q12770_SCAP",0.0250054111829492,16.9600718543918,0.170576666573031,0.869093574359436,0.891480205876989,-8.03199104948065
"Q12778_FOXO1",-0.145241342050397,15.4052392094024,-2.20560832364339,0.0664095618809484,0.0990996915178523,-5.89829053490003
"Q12788_TBL3",-0.364938000973286,19.8535441975438,-2.72530471360753,0.0293449161931323,0.0488076607402066,-5.15662994420046
"Q12789_GTF3C1",-0.399873560635672,20.2377492894868,-7.44464192620276,0.000104785947399931,0.000504198292208882,0.935374513123165
"Q12792_TWF1",0.288210904906297,20.7085109694873,5.8827514237513,0.000481684059366128,0.00161083232513631,-0.752803685619108
"Q12797_ASPH",0.0156287521820211,18.5054415798711,0.157635158568982,0.878928773501673,0.899498518657745,-8.0343885581555
"Q12802_AKAP13",0.107400592930553,18.2028002542605,1.25977120146052,0.245749208328277,0.307598678344343,-7.23344781525014
"Q12805_EFEMP1",2.29201614401585,17.9498628437348,20.3205818222535,0.000000084266576006726,0.00000451360265568421,8.77201809874081
"Q12824_SMARCB1",-0.0755309916783808,19.2208483472509,-1.33405612896155,0.221489378462413,0.280817412288416,-7.1444159360925
"Q12830_BPTF",-0.520781802544256,19.544590571559,-8.32086666322813,0.0000495124959673167,0.000286599729320709,1.767323096953
"Q12834_CDC20",-0.633264445001867,18.3507875007118,-6.84313978555932,0.000182755228830427,0.000769385942490293,0.318811479155261
"Q12846_STX4",0.399584627023508,18.809166756805,6.86815428389635,0.000178445200309498,0.000754540735217584,0.345248610311298
"Q12849_GRSF1",-0.397716078234357,21.6003667057223,-5.09645507878154,0.00115916918161931,0.00321540510408332,-1.71919406889795
"Q12851_MAP4K2",1.00786280040414,15.6719045655585,1.23425314984114,0.281141926799687,0.346743229323564,-7.22079860649257
"Q12857_NFIA",-0.725771935014448,16.2394550772771,-7.22201159955797,0.000128199330821232,0.000586340415048884,0.711741035973368
"Q12872_SFSWAP",-0.330743773906814,18.3343319341415,-2.89788224832056,0.0215186627881525,0.0373592671003625,-4.86362902597424
"Q12873_CHD3",0.237524258444939,18.9838927204973,3.71621333292759,0.00669123384215485,0.0139625581902414,-3.62482539717347
"Q12874_SF3A3",-0.00958004149938674,22.4231167725286,-0.155780984814157,0.880339797490896,0.900708165148743,-8.03471667848227
"Q12882_DPYD",1.86781477179869,16.0463123047117,2.51895666152943,0.0801067728484985,0.116544015739418,-5.6631969989599
"Q12888_TP53BP1",0.235005269267791,19.7515069637845,3.80154153052199,0.00595514660205143,0.012606413875648,-3.49953649030358
"Q12891_HYAL2",-0.627411920525159,16.6857808270625,-4.80430065530511,0.00385911105406615,0.00881995403971454,-2.51910450805423
"Q12893_TMEM115",-0.0721484192822501,17.8599857256046,-0.733325732619272,0.485772046895704,0.551295462352839,-7.75429800653184
"Q12894_IFRD2",-0.980693620946525,17.4714182430073,-7.84112684499793,0.0000740179729833113,0.000391230509041741,1.32103460733764
"Q12899_TRIM26",0.091490071880429,19.8083199072368,1.50484685464306,0.173488855431702,0.227685941831621,-6.92835734947562
"Q12904_AIMP1",-0.206958486815221,21.9030603632132,-4.61203899689733,0.00207731679370266,0.00524744986147541,-2.35758828829481
"Q12905_ILF2",-0.171537397895939,23.3960643055107,-2.83398900519926,0.0236531405492173,0.0405284494294542,-4.9622383280449
"Q12906_ILF3",-0.15963542624193,23.1973794885673,-3.52617907129493,0.00870694781875918,0.0174460076684621,-3.90693720961355
"Q12907_LMAN2",-0.464131403562142,22.7791678857895,-10.3428089968316,0.0000109878928190297,0.0000968574556513171,3.43808250070827
"Q12913_PTPRJ",1.07951638110266,17.7291133769021,16.8991767290129,0.000000324554970380564,0.00000956808180121926,7.3152684896632
"Q12923_PTPN13",0.0694052886538579,15.9727106574664,0.77349853489819,0.463040892002144,0.530245261151507,-7.72243625727302
"Q12929_EPS8",-0.158467148395388,18.2862362780036,-2.01584280151741,0.0811535996910247,0.117754388385437,-6.21142099025097
"Q12931_TRAP1",-0.801148121197436,27.2844898418918,-16.325983859751,0.000000417254488860893,0.0000109435780768136,7.04156637378957
"Q12933_TRAF2",0.139852856101722,19.1911995095699,2.52318700509653,0.0376570474796956,0.0606178842604369,-5.442186014217
"Q12955_ANK3",0.386390050361335,19.6123671776577,7.32400245240027,0.000116816349762363,0.000545764838017528,0.814841313431005
"Q12959_DLG1",0.0942925680242936,19.5630465281936,1.90296910787154,0.0962113397893766,0.136196435964638,-6.37671828511002
"Q12962_TAF10",-0.0138350697422212,17.4915498204443,-0.186278046331634,0.857194005590549,0.881413763217753,-8.02883048750449
"Q12965_MYO1E",-0.133382911960734,17.7326141077553,-1.68099473425162,0.134020297998219,0.182158396457194,-6.69137226237783
"Q12972_PPP1R8",0.463361412895356,19.9592612705558,9.71066087037605,0.0000170804638723043,0.000132836409215487,2.94873508994438
"Q12974_PTP4A2",-0.0904085812402684,17.8129125971768,-1.04651438513501,0.328057749328733,0.395436963770894,-7.46961095459793
"Q12979_ABR",0.201776517281065,18.9004511644034,3.26035253233204,0.0126907706733663,0.0240233951571987,-4.30793166906174
"Q12980_NPRL3",-0.54037331631439,17.2272089193883,-4.42103836138863,0.00263918722135278,0.00641545340936818,-2.6184986630618
"Q12981_BNIP1",0.0809341748219481,19.8437063915001,1.35625303515667,0.214653909454801,0.273522807055322,-7.1172001485167
"Q12982_BNIP2",0.308076016746998,19.171810978276,3.39647121220366,0.0104517025275519,0.0203646283235179,-4.1017482527687
"Q12983_BNIP3",-0.31230771283273,16.4576437825269,-2.35670598142041,0.0484267918174266,0.0754861802774106,-5.69783139834686
"Q12986_NFX1",-0.115711243504766,16.3866257190997,-1.02136959853676,0.339069223926154,0.406968678741097,-7.49536877073267
"Q12996_CSTF3",0.112759434760825,20.5587909176435,2.30114373905796,0.0526785196662032,0.0811213987885697,-5.78263882343138
"Q12999_TSPAN31",0.0972809568461184,16.0970924699864,0.991046732625871,0.352727502623645,0.420574601811482,-7.52579968281685
"Q13009_TIAM1",-0.0910283486655317,16.1375476224718,-0.332313194483832,0.753008971915531,0.793266792297718,-7.50347104391668
"Q13011_ECH1",0.697899600361858,22.7878652404648,7.71635885967584,0.0000898870841710513,0.000447728331502957,1.12897645559713
"Q13015_MLLT11",0.578667631072239,17.4048676456209,4.62616621133364,0.00204129384353903,0.0051701901345181,-2.33849654188025
"Q13017_ARHGAP5",0.931966132190613,18.5257430654098,13.6788132166762,0.00000150192371628192,0.0000263217322258993,5.63785653813611
"Q13033_STRN3",0.602354582105427,19.7352559362875,11.9180543354662,0.00000403042285780539,0.0000497833865331624,4.54874572739894
"Q13042_CDC16",-0.0864006447733097,19.5101442880044,-1.29249341217839,0.23479612819994,0.295564752006191,-7.19462709063919
"Q13043_STK4",0.348523435766218,18.9652377992631,5.75643137753939,0.000551656559976776,0.00179082364284394,-0.902409766862069
"Q13045_FLII",0.296018138613309,21.2378056519242,6.9750549279229,0.000161261399119086,0.000695252578149453,0.457430963211866
"Q13049_TRIM32",0.682983901571149,17.4845538772181,8.96896731224098,0.0000296215333882467,0.000195221387642099,2.33764020332006
"Q13057_COASY",0.483569371125473,19.3159368582103,7.14934100386382,0.000137066306282456,0.000615059779105819,0.637598902874313
"Q13084_MRPL28",-0.551606910413142,19.7147959427376,-8.85395408526577,0.0000323734326713498,0.000207440883654833,2.23901771472602
"Q13085_ACACA",1.64428164698633,20.5603534679529,27.5264630255069,0.00000000900579306758474,0.00000126586363703261,11.1229146730817
"Q13098_GPS1",0.107196512574269,21.698251532737,2.08494793854371,0.0730991448380464,0.107666943384621,-6.10882901216731
"Q13099_IFT88",0.0912308761011111,16.2108890660129,0.82294143796706,0.436066542417604,0.50429103263316,-7.68124822526351
"Q13107_USP4",-0.0907890107487148,17.930882977275,-1.32966907586665,0.222862490326281,0.282374163155371,-7.14976238896584
"Q13111_CHAF1A",-0.200614234581817,18.1159340916405,-2.27954148704221,0.0544314486630292,0.0834688706715726,-5.8155216619674
"Q13112_CHAF1B",0.168864729691165,19.1654989098068,2.22488400727954,0.059132839739549,0.08971960483922,-5.89846692585265
"Q13123_IK",-0.40501477781719,21.0999793312808,-8.41884281523144,0.0000457166793373849,0.000269133949721478,1.85586867045119
"Q13127_REST",0.096297949480924,15.5794044783654,1.24931795932737,0.249338478200567,0.311662853770503,-7.24571355639357
"Q13129_RLF",-0.0938197930102369,17.2103769243761,-0.872156546134171,0.410325715945883,0.477938345403429,-7.63814900476375
"Q13131_PRKAA1",0.958062722435209,20.3374544577722,17.3276802889451,0.000000270396849247434,0.00000849850593130572,7.51375195742521
"Q13136_PPFIA1",-0.104696969930437,18.6896519642913,-1.59769714975753,0.151520360651306,0.202827149439253,-6.80504240186707
"Q13137_CALCOCO2",-0.692871327123846,19.3091260973824,-8.03090585298419,0.0000629856920555741,0.00034415888920596,1.50016089125052
"Q13144_EIF2B5",-0.0676470377026952,21.0854287226964,-1.25397329762687,0.247734556709765,0.309912670778696,-7.24025924282731
"Q13148_TARDBP",0.0785776131872318,21.9914296810238,1.61336803880494,0.148074543876447,0.198739188410844,-6.78386698609457
"Q13151_HNRNPA0",-0.185478578887935,22.7931816397925,-4.19630912045372,0.00352214864935689,0.00814516954302478,-2.93207248423266
"Q13153_PAK1",1.75460643180816,17.4678378537786,1.57362017997032,0.18671894499728,0.242476403559725,-6.75409921892386
"Q13155_AIMP2",-0.363500899070953,22.8077606351699,-8.29610004375565,0.0000505271375022004,0.000291195213152004,1.74480421343258
"Q13158_FADD",-0.120754744661603,19.8334254352719,-2.14055827338659,0.0671945560080447,0.100133580132678,-6.02561417277802
"Q13162_PRDX4",-0.538028075173237,22.6043328132564,-11.2499070428428,0.00000607250870734433,0.0000650139869768538,4.09520091914204
"Q13164_MAPK7",0.292618581019394,16.7877970953926,2.46928493286524,0.0408468040344485,0.0649416370163075,-5.52516034724813
"Q13177_PAK2",0.23119813388907,21.7562318765246,3.47699678296454,0.00932876547145813,0.0184773591672105,-3.98060161555448
"Q13185_CBX3",-0.125025770947921,23.0831411678801,-1.94429615179696,0.0904071644334006,0.129255055015121,-6.31655316617196
"Q13188_STK3",0.678436475999813,19.3658497307467,10.5218256493744,0.00000973946129587899,0.0000897919304441886,3.57180205398783
"Q13190_STX5",0.578669117559322,19.9368427487328,10.9892612077454,0.00000716823875097833,0.0000722140714436307,3.91148359683928
"Q13191_CBLB",-0.076878204069633,15.651838518373,-1.13162040224556,0.292871408708266,0.358766296446299,-7.37904097231806
"Q13200_PSMD2",0.197264492618853,21.7504482206484,3.256709996823,0.012757287312376,0.0241433011440487,-4.31347148213829
"Q13206_DDX10",-0.473459241744383,18.4712996632576,-6.01305877470789,0.000419662795817033,0.00144489752693424,-0.60066322491158
"Q13207_TBX2",0.38833353538363,16.7896385317523,5.08768263624435,0.00117113249280911,0.00324366100826389,-1.73045826743721
"Q13216_ERCC8",-0.241969661505376,15.5190120730965,-3.7050129483576,0.00878959732729835,0.0175930729661661,-3.74840542471818
"Q13217_DNAJC3",0.278161958840467,19.6908750924463,4.73853126110016,0.00177799220428581,0.00460920542119899,-2.18765944911197
"Q13227_GPS2",0.0871174588014973,16.452738869498,0.884434401020733,0.404077312624365,0.471454523672484,-7.62707810416883
"Q13228_SELENBP1",2.29191794466988,21.4525911002559,15.0554703872218,0.00000205247568884825,0.000031583633335068,5.49226386318475
"Q13232_NME3",0.290984650643569,25.9062056169259,2.17577402757265,0.0663402657822419,0.0990351445612819,-5.98628721473382
"Q13242_SRSF9",0.578045545880236,22.4360603262432,11.6451900149852,0.00000475259007733524,0.0000560187981319895,4.36645381228755
"Q13243_SRSF5",0.0114844152793374,21.3910831824775,0.206887318224547,0.841634928070766,0.868585517354985,-8.02426407314235
"Q13247_SRSF6",-0.0277569941457436,22.2593332173822,-0.382942419563035,0.712446797929009,0.75682546718548,-7.96617625345275
"Q13257_MAD2L1",0.14982153619901,20.3378242165673,1.01645055364289,0.343728535208226,0.411975927953634,-7.4978795443133
"Q13263_TRIM28",0.0182498912235864,24.6091874129236,0.325350188636704,0.7538563255144,0.79404946847563,-7.98889944995653
"Q13268_DHRS2",0.947372400000173,19.112653471968,4.60807740696207,0.00287201013384242,0.00687582910859473,-2.59329502575276
"Q13277_STX3",-0.183378582460747,18.6394527259215,-1.93565112747288,0.0915925374351069,0.130557128885199,-6.32917448862877
"Q13283_G3BP1",-0.399966612639503,23.0557729612058,-8.79633403508056,0.0000338592328684688,0.000214611104331311,2.18920016740768
"Q13286_CLN3",0.742500196200108,17.376375472344,1.90300288207324,0.105136486543536,0.147024842186089,-6.39652333368326
"Q13303_KCNAB2",1.64237786564795,18.1345773983426,12.1971768041289,0.00000396446510045115,0.0000493514264386767,4.59915163001486
"Q13308_PTK7",-0.557679724695735,18.4145171868454,-5.45658240814133,0.000767457840005334,0.00231728353600362,-1.26608091086087
"Q13309_SKP2",-0.165181032865036,17.5030359034206,-2.16601650120354,0.0646516853999809,0.0967612591799006,-5.98734288848821
"Q13310_PABPC4",-0.342671347643147,22.496536624089,-5.59610763364899,0.000657207425365725,0.00205708628696778,-1.09534566987688
"Q13315_ATM",0.409558982768409,16.7180649375751,4.25178939519993,0.0032776373448232,0.00768723701656654,-2.85400366655395
"Q13325_IFIT5",-0.990076141586062,19.034499000629,-11.8763938212782,0.00000413220877994561,0.0000505298713509105,4.52116778741016
"Q13330_MTA1",0.270521140362227,19.8186738060329,4.46168426762166,0.002506970857425,0.00614304779045572,-2.56254165912672
"Q13332_PTPRS",-0.426600083514623,15.9381667213182,-5.48648726681633,0.00120517384425947,0.00333086928031888,-1.57821481720653
"Q13347_EIF3I",-0.232250787040893,22.2780683688034,-4.35729762629803,0.00286212270937995,0.00686079588009577,-2.70672010014851
"Q13356_PPIL2",-0.212753390704354,18.8740984615891,-3.04031456156942,0.0174548220532875,0.0313560171320985,-4.64435121883419
"Q13362_PPP2R5C",0.137912170490775,19.842475004247,2.4136961050049,0.0444259049941452,0.0700157149261073,-5.61054357246054
"Q13363_CTBP1",0.926625966318124,20.3623732229749,13.9672364264704,0.00000129225509049917,0.0000236840776345463,5.80326913399113
"Q13371_PDCL",0.639538825482578,19.1522138083243,6.42865877882755,0.000274088211297506,0.00104444636028498,-0.129844331536847
"Q13395_TARBP1",0.5060958103468,18.5877715339722,3.9254587326966,0.00527769347272127,0.0114007772091786,-3.35047558124109
"Q13404_UBE2V1",-0.414120247454029,23.5928713586171,-7.01845223667802,0.000154819391610364,0.00067481735964953,0.502606697556653
"Q13405_MRPL49",-0.5337416065497,20.5661931397348,-9.33498331862489,0.0000224682623182607,0.0001596677609507,2.64445914782727
"Q13409_DYNC1I2",0.473541810533312,21.470512403598,9.57547019971744,0.0000188313452334415,0.000143231211845556,2.84044133663395
"Q13415_ORC1",0.158547981077195,18.0788348406803,1.64930481692346,0.140444207859278,0.189838038915526,-6.73493535736668
"Q13416_ORC2",0.0821806130239082,19.2337497513317,1.40959508992389,0.198976198070898,0.256250078314807,-7.05070410186518
"Q13418_ILK",0.572239656428462,20.0518467284861,7.29552026435304,0.000119877141399479,0.000557647246874977,0.786160771152597
"Q13423_NNT",0.951776081219172,21.5163204792801,18.8046192506309,0.000000148738673841287,0.00000601852032205688,8.16095691787065
"Q13425_SNTB2",0.298640126512915,20.2076192100506,4.12584622754862,0.00386171702476974,0.00882313598389865,-3.03183480930812
"Q13426_XRCC4",0.0235310771256003,18.6815945102579,0.31635815679763,0.760404178417566,0.800170750006088,-7.99212366596194
"Q13427_PPIG",-0.0154262065203383,20.206391437808,-0.231877629488274,0.82286912739104,0.852225297240775,-8.01809260603729
"Q13428_TCOF1",-0.665070194054731,21.4587340066459,-11.0894842897041,0.00000672249123513546,0.000069389292581853,3.98259520754415
"Q13432_UNC119",-1.39666768837658,17.8918601092885,-21.1769898245059,0.0000000622317849041945,0.00000375662663477225,9.09609000215608
"Q13433_SLC39A6",0.569471617635525,17.4514327120365,6.55054117249661,0.000242815644267268,0.000950517648119835,0.00419675725578195
"Q13435_SF3B2",-0.127522684681864,22.6992587562251,-2.70818689928724,0.0285259843203085,0.0476226156146327,-5.15660165248537
"Q13438_OS9",0.420694529140935,18.9453651873413,5.33849245813587,0.00087687336250729,0.00256617883617947,-1.4126725389869
"Q13439_GOLGA4",0.391523193895566,18.9276473580945,7.22801248381879,0.000127496274993689,0.000584178715422892,0.717837973843013
"Q13442_PDAP1",0.476616463790915,21.2025648453249,7.43167798378957,0.000106009848775181,0.000508713507750173,0.922494892104751
"Q13443_ADAM9",-0.0576042903410823,19.1358834462041,-0.594327179874704,0.569880465991736,0.629101716158657,-7.85294357280697
"Q13444_ADAM15",-0.843574766825576,17.8850346965581,-9.03477839029574,0.0000281656437063302,0.00018742597203005,2.39358928677532
"Q13445_TMED1",-0.147726648154446,18.8901582245716,-2.2692699674541,0.0552853990720187,0.0845397557985071,-5.8311377599476
"Q13451_FKBP5",-0.733841163536944,20.8017589555012,-15.3889888402133,0.000000641009782606885,0.0000148192109620303,6.57247307367102
"Q13454_TUSC3",0.723061481804361,16.7665536642241,3.70324683004219,0.0171468197133332,0.03083913708669,-3.72304377430341
"Q13459_MYO9B",0.588854044493878,17.3014224803332,7.2679748409999,0.000122922777349923,0.000567754339806781,0.758341555083724
"Q13464_ROCK1",0.722668620859778,20.0246774121793,11.1145895013608,0.00000661578487514131,0.0000689353215262457,4.00031581846009
"Q13470_TNK1",-0.146588572605932,17.2362418644687,-1.51511845077237,0.170923574230637,0.224843428847842,-6.91490411628288
"Q13472_TOP3A",-0.387937375833449,17.6135325791179,-4.85890933907166,0.00153659644607698,0.00407650944152826,-2.02806699507383
"Q13485_SMAD4",-0.804747237544358,18.7101699200612,-10.2548777481489,0.0000116664051799776,0.000101179792245051,3.37163715703066
"Q13488_TCIRG1",-0.975634668980451,16.9560447264271,-6.31560422043933,0.000307148432317102,0.00113623748671092,-0.255789415848582
"Q13490_BIRC2",0.503998481442437,17.7451585063805,4.91923421870345,0.00142936628241462,0.00384025430732802,-1.94886850045698
"Q13492_PICALM",-0.321393993225648,19.5696116034668,-4.99855768057958,0.00130069561166966,0.00354577555340551,-1.84551598099541
"Q13496_MTM1",1.06534779937714,17.6552223725529,16.5492563563598,0.00000037798218726483,0.0000104460275791631,7.14932659170946
"Q13501_SQSTM1",-0.10370703513901,21.6095931338675,-0.742715422672446,0.482421840390701,0.548229570896709,-7.74467036390772
"Q13503_MED21",-0.380529945047499,16.5780359904553,-2.27843317644524,0.0552343178764883,0.0844786289500442,-5.82203539219209
"Q13505_MTX1",0.0510367091363975,20.1946441687406,0.945277821144229,0.374134640551327,0.441372763943465,-7.57038953938383
"Q13509_TUBB3",-0.961635524738004,20.045766141302,-13.4456336525513,0.00000169974979644537,0.00002835152840299,5.50162739255056
"Q13510_ASAH1",0.686888355506763,19.6640795718366,6.30947509494456,0.000330969552873211,0.00119931130021612,-0.317686781860708
"Q13523_PRPF4B",-0.237149566965027,19.8366539234457,-3.4967480956019,0.00907351526481451,0.0180710021220684,-3.95098776622728
"Q13526_PIN1",0.226272639457651,20.6504577073873,3.47961965725346,0.00929443148799949,0.0184289483570709,-3.97666670391097
"Q13530_SERINC3",0.132786300709181,16.2546318356233,1.31279446733664,0.228212945601969,0.288432646103119,-7.17022563485696
"Q13535_ATR",-0.400176760338066,17.5344923095418,-6.17338566169704,0.000355205346409769,0.00126542944486778,-0.416468181972465
"Q13541_EIF4EBP1",0.695728460475827,18.8295671614317,9.56191988349503,0.0000190176947729934,0.000144215938627505,2.82951326945091
"Q13542_EIF4EBP2",-0.266480428688308,17.1926378891559,-1.98987241660491,0.0844003698236677,0.121771901569391,-6.2497176771582
"Q13546_RIPK1",-0.303436870869788,19.207685058852,-4.79125268289665,0.0016674935919098,0.00437796211945666,-2.11750877585298
"Q13547_HDAC1",0.254713274485667,19.1712970684311,4.04592061221392,0.00429052900936073,0.00960947103804408,-3.14581205735541
"Q13554_CAMK2B",-0.495829603672648,15.8210718063417,-1.98217000090442,0.0979428523775327,0.138312910357132,-6.20544134776988
"Q13555_CAMK2G",0.0851407031157123,19.3497122268349,1.20513198681261,0.265002468514388,0.329078983758439,-7.29681402839315
"Q13557_CAMK2D",1.42369099260548,18.5926431611433,8.62907378115205,0.0000544614426366977,0.000307751658762796,1.75034921629546
"Q13561_DCTN2",0.38155513746014,22.9943506321319,6.9148430981052,0.000170700739774744,0.000727774566550841,0.394402694540455
"Q13563_PKD2",-0.13470988203729,16.1983867657721,-0.713433082229744,0.520758352496107,0.584719224842839,-7.06184422681551
"Q13564_NAE1",0.0484091324356761,19.751878626511,0.687918104116024,0.512330672932607,0.57653308156908,-7.78853329079472
"Q13568_IRF5",0.669713425451249,16.0709091924154,5.94381948231088,0.0014218093660706,0.00382806443834797,-1.48871448007778
"Q13569_TDG",-0.509890260561264,18.580656556511,-6.42912021625731,0.000273961662223131,0.00104444636028498,-0.129333479623105
"Q13572_ITPK1",-0.793975783569124,20.8775786883778,-16.4913736721365,0.000000387746172090844,0.0000104953643591564,7.12153265712819
"Q13573_SNW1",-0.19479720267741,21.0067249390546,-4.05854692264387,0.00421948095028786,0.00949227214075406,-3.12774914219761
"Q13574_DGKZ",-0.637315869432701,18.0795269324376,-9.46806273175478,0.00002036687058866,0.000150688887295455,2.75344617369784
"Q13586_STIM1",-0.607765319863091,19.3710295512482,-4.72399017444441,0.00200849977935879,0.00510242128316731,-2.28339766239208
"Q13595_TRA2A",0.558262225391516,21.7697684723848,6.4238143065869,0.000276437128448773,0.00105129039949068,-0.138183836985079
"Q13596_SNX1",0.685118277155997,20.1371010574035,12.2397372720371,0.00000333317457691659,0.0000444920327969605,4.75868976744965
"Q13601_KRR1",-0.164462462786496,20.4149843381889,-2.49406278431589,0.0393475677566609,0.0628602395205131,-5.48703810153993
"Q13610_PWP1",-0.239979049522031,21.831127939,-4.5868020948982,0.00214341395510865,0.00539292310372358,-2.39176471147147
"Q13613_MTMR1",1.17362207643353,18.9582808992734,17.7922281200044,0.00000022291412537657,0.00000770674926188267,7.72330338224787
"Q13614_MTMR2",0.0663922584116712,18.7813282929827,1.13117143889146,0.293048707906416,0.358925679925313,-7.37953206808177
"Q13615_MTMR3",0.661891786356708,17.5325334476979,10.1497032917047,0.000012540719264073,0.000106694307295905,3.29148875801375
"Q13616_CUL1",-0.781773975836426,20.0697845880191,-15.8289508888216,0.000000522406142430971,0.0000131570235739403,6.79621636609798
"Q13617_CUL2",-0.635800946424219,20.1683851010286,-10.807637756835,0.00000806354589472633,0.0000781290828984567,3.78109018492709
"Q13618_CUL3",-0.127024004343834,20.2396839233874,-2.57978849672635,0.0345812765388029,0.0562861522264359,-5.35490951561013
"Q13619_CUL4A",0.107663164130372,19.9996019598624,2.19866978425916,0.0615298543674197,0.0926541422131448,-5.93810685771802
"Q13620_CUL4B",1.0512787563657,19.5579160444869,22.4304106660118,0.0000000407734362628459,0.00000289834351602996,9.5456731282127
"Q13625_TP53BP2",0.0546265502001901,23.3019864413675,0.772359786483104,0.46367522965399,0.530731948344356,-7.72335942595093
"Q13627_DYRK1A",0.572762249239563,16.9619404047645,5.54432496101814,0.000695936163283897,0.00214650870151554,-1.15840195538561
"Q13630_GFUS",0.193819522549223,22.1793674761778,2.66160898551336,0.0305848976289186,0.0505604719333961,-5.22857140394115
"Q13637_RAB32",0.997031684391615,19.2290186932424,8.6805388158236,0.0000413317944213438,0.000250095169744424,1.9956119594572
"Q13641_TPBG",-1.62906718785332,19.5823166456777,-32.6943715485461,0.00000000252039907507182,0.000000639005178833208,12.4084877819701
"Q13643_FHL3",0.828429197549589,18.1584995937367,0.673074623276001,0.563735751019996,0.623857721847533,-7.60054408464263
"Q13671_RIN1",-2.18129922731633,16.9416762568472,-12.6587671308844,0.0000374547927204305,0.000231610693846824,2.75154293110355
"Q13685_AAMP",-0.437368741984869,20.5019010972361,-6.0822410660574,0.000390378095940179,0.00135828719017429,-0.520779940420763
"Q13686_ALKBH1",-0.178368971621712,17.223703635414,-1.4721449482995,0.181888921163775,0.237175918801932,-6.97086009922582
"Q13724_MOGS",-0.689354019738527,21.1263320835035,-11.4931257062004,0.00000521776254845457,0.000059506978445102,4.26312884568502
"Q13740_ALCAM",0.200329203065703,21.2953154031291,2.76328950896779,0.026274438154086,0.0444195102467167,-5.07145147743642
"Q13769_THOC5",0.237633628643621,19.6650519240148,4.01161958646122,0.00449017648852008,0.00997729546353601,-3.19498991930042
"Q13795_ARFRP1",0.471687379787671,18.6308782365212,7.26395244903861,0.000123374719194869,0.000567754339806781,0.754272416558429
"Q13813_SPTAN1",-0.320127744334247,23.615599280341,-5.6595231709739,0.000612993305164807,0.0019548960499302,-1.01861805367853
"Q13823_GNL2",-0.555781360563554,20.2420087353253,-9.37588601386659,0.0000217975061536588,0.000158265945395263,2.67809962145819
"Q13825_AUH",0.405240931514765,16.5082384837515,2.06883843928598,0.0767239320856587,0.112201927983757,-6.13997324026473
"Q13835_PKP1",-0.299839619448896,16.455927875932,-2.49234567485878,0.0509654285652443,0.0788854394927245,-5.50810705535852
"Q13838_DDX39B",0.257932870716935,23.2550005672316,4.38317255052333,0.00276923752448923,0.0066802475773121,-2.67083842671607
"Q13867_BLMH",-0.264302674801311,21.0415628731728,-3.71458792739364,0.00670617387106306,0.0139860593537992,-3.62722059056939
"Q13868_EXOSC2",-0.14679891442761,20.7683637872391,-3.16075490043812,0.0146496795286315,0.0269926023485395,-4.4597852642314
"Q13882_PTK6",0.664525899743889,16.6545686306927,7.04931451336566,0.000150412975840605,0.000659389679679332,0.534606420209213
"Q13885_TUBB2A",-0.0258665978505555,18.305855527643,-0.291816881908815,0.778379473751157,0.814466127025905,-8.00047488620753
"Q13888_GTF2H2",-0.0792494561327253,15.5496240185383,-0.761908575319685,0.473020745509892,0.539157169241457,-7.66826593950339
"Q13889_GTF2H3",-0.116577650282235,17.4645294897107,-1.63645693982353,0.143129296640676,0.192960929514471,-6.75248752057915
"Q13895_BYSL",-0.550720915062616,20.6260749317664,-8.76531562575108,0.000034690685124483,0.000218424959484121,2.16226775547658
"Q13901_C1D",0.243546255767324,18.6804209038858,0.631350509190961,0.552400622835559,0.613455853013178,-7.82209080976602
"Q13905_RAPGEF1",0.800571304645118,19.395204427398,10.8939141374047,0.00000762343263076939,0.0000753706641784184,3.84327832022887
"Q13907_IDI1",1.59407347032181,23.2750282746468,19.0985243761493,0.000000132775019845333,0.00000564884053540577,8.28340379811603
"Q13951_CBFB",-0.224549672654931,19.3741525735858,-2.27448839031371,0.0548498822073773,0.0839412885451331,-5.82320561703785
"Q13952_NFYC",0.148703338459882,19.9815982784773,2.37960688112146,0.0467769213419127,0.073208356802001,-5.6627892150085
"Q14004_CDK13",-0.261487569218694,17.6836535932265,-3.20581570322873,0.0137264030959829,0.0256078052362143,-4.39098737073016
"Q14008_CKAP5",-0.229524770617669,21.64867920195,-4.39992364833948,0.0027108623545735,0.00656342194078742,-2.64765937720778
"Q14011_CIRBP",0.261383178834166,22.8224620764098,1.54598591918786,0.168729220399134,0.222302866855328,-6.87545315156198
"Q14019_COTL1",-0.545765073143006,21.2461680246571,-11.5660533914941,0.00000498855758178525,0.0000579281968962726,4.3128394974619
"Q14061_COX17",0.584141962695359,17.103576317421,2.51835307947506,0.0402218309123989,0.0640819534812958,-5.47546143955381
"Q14103_HNRNPD",0.392226993358967,23.9081198723291,5.45036442452693,0.000772826654914011,0.00232704653098811,-1.27375170716797
"Q14106_TOB2",0.261418023277594,15.8554217542752,3.00070467310204,0.0184968646717285,0.0329323859300485,-4.70523765839541
"Q14108_SCARB2",-0.040527822854866,20.3935645669082,-0.478312543534427,0.646135314282162,0.699275071205197,-7.92078937888982
"Q14114_LRP8",-0.227717620919343,17.3548123493703,-2.07551275564181,0.0741506234195475,0.108878309214108,-6.12289197735921
"Q14118_DAG1",-0.24916026098435,19.6127754160728,-4.00155396657783,0.00455065833905993,0.0100910516988017,-3.20945085518922
"Q14119_VEZF1",0.0362668913312731,18.7261148484874,0.627709352776818,0.548929199883865,0.610313622908446,-7.8309378711359
"Q14126_DSG2",-0.235974686620409,18.2745925524042,-2.57074863173536,0.0350546408353722,0.0569226298449703,-5.36885674329009
"Q14135_VGLL4",-0.385124543630861,16.3235652839597,-3.25527260347751,0.0127836374866601,0.024187150926253,-4.3156578691254
"Q14137_BOP1",-0.177399043112917,19.6003862030053,-1.35129428156784,0.217869782540665,0.276924726939221,-7.1226293134524
"Q14139_UBE4A",0.36280833845106,20.1329427720031,7.17676102044989,0.000133642528029208,0.000602737165938014,0.665641257748568
"Q14145_KEAP1",0.495293659373971,18.9590073756693,7.33725756830477,0.000115421781285918,0.000541578080481609,0.828159467462532
"Q14146_URB2",-0.403986488449664,18.6269097023296,-4.21754430416309,0.00342629176680336,0.00796709727248742,-2.9021412035951
"Q14147_DHX34",0.0842475797916791,17.2938194873883,0.929976999534401,0.381504716169803,0.448350567241583,-7.58492763832656
"Q14149_MORC3",0.450160609649139,18.7404615934957,7.68212996195128,0.0000849428720190906,0.000431556453709796,1.16827078484097
"Q14151_SAFB2",0.0198142647141033,20.5393064924211,0.33898669960723,0.743967410073588,0.785373507428135,-7.9838424370043
"Q14152_EIF3A",-0.380566938419022,22.3545407291099,-7.02640309107565,0.00015367056868697,0.000670578511436082,0.510860675602123
"Q14155_ARHGEF7",0.51431799845902,18.6085401710427,7.49465982976434,0.000100209786584776,0.000486404362963499,0.984904068599455
"Q14156_EFR3A",-0.0706078333874984,17.1173346877533,-0.705593794080074,0.50188417097276,0.566705909207068,-7.77543386132172
"Q14157_UBAP2L",-0.523584392846349,21.6114273845859,-10.9076104404121,0.00000755608554836603,0.0000750281810455249,3.85310927295008
"Q14160_SCRIB",0.217304088080251,20.4438229017357,3.67747031546262,0.00705730515441353,0.0146181544129818,-3.68200269031054
"Q14161_GIT2",0.224830600209575,18.3267368324566,3.55043213680044,0.00841679548542507,0.0169315383396305,-3.87070655274526
"Q14165_MLEC",0.174988197743538,20.9499758851195,4.20028721352776,0.00350397143306524,0.00811794295458246,-2.92646057251473
"Q14166_TTLL12",-0.556575126246795,20.8917187719726,-11.0070483691832,0.00000708675534547083,0.0000714878795194312,3.9241474528042
"Q14181_POLA2",-0.427647506041325,19.3240573034493,-7.8148981186598,0.0000757064126968013,0.000396845606458905,1.29600513083973
"Q14185_DOCK1",-0.380220779683292,16.905978670147,-2.41360254546017,0.0445938440722941,0.070194697436645,-5.61219134296016
"Q14186_TFDP1",-0.256962390148008,16.8546433034672,-2.57865394813746,0.0346403237778879,0.0563581396052653,-5.35666011414313
"Q14191_WRN",0.137316283244893,16.143025184683,1.14766221901535,0.286593423992901,0.352354734482371,-7.36140380186981
"Q14192_FHL2",-0.255672101388438,16.3136217125896,-2.08158665919331,0.073472036360512,0.108090581926123,-6.11384086864284
"Q14197_MRPL58",-0.500127607465469,19.6344642441542,-6.84434277862037,0.000182545312839624,0.000769218642359103,0.320084521198261
"Q14202_ZMYM3",0.0812319104820105,18.7535362782732,0.594028343022244,0.570739035137707,0.629866671685635,-7.85240609952963
"Q14203_DCTN1",0.386569595037155,20.9040283251863,7.32402461174078,0.000116814002717158,0.000545764838017528,0.814863593647789
"Q14204_DYNC1H1",0.603506793452816,22.4892015335287,13.4233184422907,0.00000172017635957728,0.0000284427421542279,5.488470450761
"Q14209_E2F2",-0.112181430311205,15.1201603924044,-1.03203848906413,0.354773405724662,0.422748946254391,-6.97804277040619
"Q14232_EIF2B1",0.059422657901635,21.0993896375716,1.16534125273573,0.279802574340276,0.345315330266451,-7.34176599027122
"Q14240_EIF4A2",0.675492726695705,21.1691900220276,5.76525871037912,0.000670851436356522,0.00208784675090912,-1.05257645245681
"Q14241_ELOA",0.354733403604957,18.8100304983492,4.42205895984545,0.00263577558194508,0.00641526690440778,-2.61709074967393
"Q14244_MAP7",0.121353473983611,20.3189414940239,2.12051412419989,0.0692662874016678,0.102797928190651,-6.05567081262539
"Q14247_CTTN",-0.397542804552323,22.8889300511647,-7.88808103175609,0.0000710996490447988,0.000378454373678088,1.36567504008299
"Q14249_ENDOG",0.697322249372956,19.5213569679776,5.36949799104425,0.000971296139338011,0.00279155152260244,-1.47944320460664
"Q14254_FLOT2",0.28215629317225,19.748715849051,2.88988411209459,0.0217744520278314,0.0377430451512502,-4.87596651429579
"Q14257_RCN2",-0.106867450611215,21.1956380372979,-1.07906498198426,0.314988686909626,0.381558202362576,-7.4348686355002
"Q14258_TRIM25",-0.61965466805303,21.7236369702729,-11.2077062783177,0.00000623634621659889,0.0000660635784449181,4.0657228745488
"Q14296_FASTK",0.26291587900659,15.7923091953206,2.522230246483,0.0377113842153683,0.0606540047244854,-5.4436601183147
"Q14318_FKBP8",1.00635335471188,20.2193328319364,7.04126953769362,0.000210214402799223,0.000855479265752214,0.257478805073067
"Q14320_FAM50A",1.5014551623693,21.1775351442725,25.1495343077769,0.0000000175459719265981,0.00000190649517819579,10.4323844808463
"Q14331_FRG1",-1.99795790089933,19.5528187233431,-35.9335632123938,0.00000000125106053598848,0.00000045312221127278,13.0933729894688
"Q14344_GNA13",0.00570335721369375,21.5047856825914,0.13799516034311,0.893897425115386,0.911758591313883,-8.03766802786821
"Q14353_GAMT",0.747953899946136,18.7250900132843,4.00942478982307,0.00547327779057229,0.0117564955874309,-3.33008424317409
"Q14376_GALE",-0.811700583587378,19.6262184951156,-10.3750316874235,0.0000107504652470597,0.0000959718763722257,3.46230473312322
"Q14435_GALNT3",-0.0587496909118741,20.3802296434907,-1.12857577851325,0.294075464464059,0.360125258849401,-7.38236861327242
"Q14442_PIGH",0.149960828810057,15.8699714542447,1.34607740135601,0.217764348408475,0.276836977100929,-7.1297105050124
"Q14444_CAPRIN1",-0.278642259383403,23.1081634899271,-4.6267720920881,0.00203976429180421,0.00516803704312552,-2.33767838178917
"Q14451_GRB7",0.500398540430872,16.5493137354193,4.54746717339311,0.00225107326443517,0.00561366008173569,-2.44521405496654
"Q14457_BECN1",-0.189634680145943,17.9642867182746,-2.54869191613418,0.0362377576262667,0.0586559660577537,-5.40287471447686
"Q14493_SLBP",0.689061743252484,17.9909036972017,4.86533609286062,0.00162643889941672,0.00428644985064573,-2.06750422692133
"Q14498_RBM39",0.0198114435460255,21.8251421999368,0.335782088868929,0.746286813904806,0.787362705428664,-7.98504895714534
"Q14517_FAT1",-0.0111223919703072,17.3969997044146,-0.125909390189496,0.903131860650237,0.919328283204724,-8.0394706136704
"Q14527_HLTF",0.113482994891022,19.6661493258893,2.20836547611614,0.060632176887608,0.0915016542474496,-5.92345681273476
"Q14534_SQLE",1.06075182932134,19.0920417512349,18.9675179891171,0.000000139638096750965,0.00000579850028063166,8.22907034895721
"Q14542_SLC29A2",0.0917735469113001,15.9590275777819,0.821825019091399,0.436663329346325,0.504520930124282,-7.68220184849443
"Q14554_PDIA5",-0.382192033021404,20.0009295049087,-5.64318379194873,0.000624061427506683,0.00197940417748784,-1.03833552472135
"Q14558_PRPSAP1",0.259203482630539,20.138533206789,4.90460515100447,0.00145459264052785,0.00389701712710631,-1.96802687040725
"Q14562_DHX8",-0.215376686780502,19.2565924341473,-4.00257904860879,0.00454445866278944,0.0100802428081588,-3.20797753999833
"Q14566_MCM6",-0.0250367020306577,22.5784364378811,-0.271275024789213,0.793684987511784,0.827861768378309,-8.0068616670898
"Q14571_ITPR2",0.0329349094009412,15.6836335865904,0.371612390291612,0.720517803320398,0.763907582241604,-7.97092840549853
"Q14573_ITPR3",0.389184474114156,20.5284974527099,3.68471920538763,0.00728289901865961,0.0150037188342159,-3.69807223362151
"Q14592_ZNF460",-0.304632318736861,16.801137145881,-4.12793255161349,0.00385116632231842,0.00881491755869814,-3.02887121140071
"Q14596_NBR1",0.109808452082213,17.7698889368579,1.12412051053487,0.295844623437476,0.36182572855209,-7.38722657990874
"Q14624_ITIH4",1.74444883289036,18.8091297638469,3.83725916689797,0.0104872614342342,0.0204057586259365,-3.84664044986379
"Q14642_INPP5A",0.463840307942764,16.1305536943244,4.59329806419782,0.00212618320099986,0.00536020862671692,-2.38295903106291
"Q14643_ITPR1",2.2855030452997,17.2504148068733,7.68484981426077,0.000569929265813211,0.00183915231046894,0.0256391414831363
"Q14644_RASA3",-0.196385770464433,15.537715800149,-2.331213614517,0.0555507015390171,0.0848471561037313,-5.71557157799219
"Q14651_PLS1",0.131598825170769,20.0332551372793,2.92838569542869,0.0205716430331381,0.036035909007381,-4.81659608293934
"Q14653_IRF3",0.492312693679644,19.9007313482295,3.46622866742677,0.0103783110844899,0.0202507527215573,-4.05331794770826
"Q14657_LAGE3",1.13535011086451,19.2242957365754,16.7575601155257,0.000000345075716868387,0.00000994184053977633,7.24853627330931
"Q14667_BLTP2",-0.784690186367271,17.9536100518683,-7.58738610097641,0.0000923056344760651,0.000457975639807535,1.07604579031071
"Q14669_TRIP12",-0.248324795969168,19.5014555110461,-3.58025628266233,0.00807413169939048,0.0163546859402301,-3.82624174349396
"Q14671_PUM1",-0.25706480494911,18.8417582399584,-4.45500422631408,0.00252819380406232,0.00618310034524051,-2.57172197346014
"Q14674_ESPL1",-0.0405141501838173,17.4217909739671,-0.463959168287605,0.655919095319477,0.707849125851297,-7.92822925306456
"Q14676_MDC1",-0.29513748846977,19.6252542408867,-3.04354691734777,0.0173725588429019,0.0312303669485019,-4.63938630208484
"Q14677_CLINT1",-0.144722119088048,21.0205716428374,-3.18217568750751,0.0142028335310686,0.0263223079525604,-4.42706165588187
"Q14680_MELK",-0.458018303835226,15.7483658898131,-3.20695341427008,0.0280288502817088,0.0469162489530539,-4.28786070829684
"Q14681_KCTD2",-0.986175177156332,16.8299602736004,-6.48299548058342,0.000931707571795023,0.00269553738724722,-0.648370968903576
"Q14683_SMC1A",0.356528657776607,21.6505418177811,6.35643366852269,0.000294722381208473,0.00110317836194471,-0.210123859467617
"Q14684_RRP1B",-0.629504755752173,20.7651645405128,-11.7086520002075,0.00000457243523687008,0.0000543405350181779,4.40920408417089
"Q14686_NCOA6",0.358457251061875,17.2884268438796,2.10738736622885,0.0715555202272428,0.105741458490074,-6.07926948249474
"Q14687_GSE1",-0.404997651861155,18.0953563377973,-5.14139185914526,0.00109996191076789,0.00308151392018438,-1.66166360263592
"Q14689_DIP2A",1.60782268476253,20.0842345312998,19.5315847930354,0.00000011266284167624,0.00000519341559872413,8.46025331998335
"Q14690_PDCD11",-0.834866487291904,20.0604526448993,-11.5012126580835,0.00000519176955010642,0.0000593813521776081,4.26865567735952
"Q14691_GINS1",0.135458643340325,18.4285939568358,2.01354290308438,0.0814361267760078,0.118116548485567,-6.21481844668575
"Q14692_BMS1",-0.840394411677273,20.0940471924463,-12.128319443406,0.00000355798004750328,0.0000466586142091551,4.68656806591437
"Q14693_LPIN1",0.0690368074404653,18.5740412848372,1.10071770327676,0.30527958758119,0.371428690268862,-7.41251931955579
"Q14694_USP10",-0.363287958533224,21.1500989689557,-4.92574408140846,0.00141829570217725,0.00382130963895152,-1.94035292050779
"Q14696_MESD",0.154609921623003,20.9903768426286,2.84199585418857,0.0233739531233756,0.0401223848919872,-4.9498752372205
"Q14697_GANAB",0.0776006188728289,23.8421953763765,1.53590050336273,0.165838168599438,0.219063061890817,-6.88753771461308
"Q14722_KCNAB1",0.77656739937537,16.8954144894741,4.03404122664655,0.00924453114654455,0.0183347858932511,-3.52883154844503
"Q14728_MFSD10",1.94718432929197,18.440332433988,8.19233974035154,0.000111930530515465,0.000528128793486743,1.05191703432677
"Q14738_PPP2R5D",0.0638186903671567,20.2557448435434,1.26510287017456,0.243935439027502,0.305612411339677,-7.22716614927193
"Q14739_LBR",0.66004683227958,20.6252632494496,8.48074685060558,0.0000434870848870739,0.000259410705882251,1.911375360022
"Q14746_COG2",0.233521604786603,19.9796599439932,3.81451077940424,0.00585113344801763,0.0124520538899526,-3.48057201919282
"Q14766_LTBP1",-0.239596485486903,16.5099614903197,-2.23101572117249,0.0585857689709341,0.0889427861862125,-5.88918106036813
"Q14781_CBX2",-0.179601085716094,16.7475212962824,-1.85861348492862,0.102840913226194,0.144425403618617,-6.44079150185681
"Q14789_GOLGB1",0.200299513334109,19.5847340017804,4.10411539989389,0.00397349831123643,0.00903240530641491,-3.06273836917951
"Q14790_CASP8",-1.35149561119869,19.1145153385144,-14.0042315078613,0.00000126783798048136,0.0000233490936550636,5.82424439935592
"Q147X3_NAA30",0.117371263982466,18.7115246702483,2.03316820735127,0.0790559358657149,0.115213536730145,-6.18579133516502
"Q14802_FXYD3",0.574373721180024,18.9520236943357,9.19179978354857,0.0000250057702833051,0.000171238503032781,2.525685348525
"Q14807_KIF22",0.526259394451156,19.6324319132533,7.31822427532477,0.000117430158607152,0.000548295755903005,0.809029844707938
"Q14839_CHD4",-0.502993665762453,21.2311983128205,-8.88619954925752,0.0000315739831418304,0.000203174040420273,2.26677703871134
"Q14847_LASP1",1.23053673127054,22.9625364386479,15.6673295003201,0.00000056282703368494,0.0000137207128788707,6.71475772390302
"Q14849_STARD3",0.373556946264843,15.6941901768776,5.17688590234408,0.00105555081550356,0.00297904248709466,-1.61642331821986
"Q14865_ARID5B",0.457332542513063,15.8627039124819,4.72432890691622,0.004164356605298,0.00938769897448032,-2.67367566046104
"Q14872_MTF1",-0.161061610860457,16.4973273605981,-1.5021952341726,0.174156710550501,0.22838550697364,-6.93182239510423
"Q14914_PTGR1",-0.558252598659276,19.5568301388905,-7.8318398190034,0.0000746109424113814,0.000393817368480893,1.31217987419397
"Q14919_DRAP1",0.169220241521526,20.8928747704011,2.70536112847685,0.0286467077901383,0.0478031723237806,-5.16096832691943
"Q14966_ZNF638",-0.321929765032881,21.0107309287594,-6.47898539600094,0.000260661922983146,0.00100232284439323,-0.0742803710243649
"Q14974_KPNB1",-0.391973202473885,23.9417467154312,-7.70611350820555,0.0000831849499222903,0.000425777072078694,1.19147408528234
"Q14978_NOLC1",-1.14522418072893,20.8495682101686,-22.8516130236769,0.0000000355553067154869,0.00000270433662877993,9.6906117401267
"Q14980_NUMA1",0.59844037179607,20.8966880288145,10.6329509856955,0.0000090451653767083,0.0000847260195261618,3.65377987758557
"Q14997_PSME4",-0.546927440143541,19.0610029515715,-8.73441744092812,0.0000355417731717148,0.000221425281627775,2.13535968800189
"Q14999_CUL7",0.99729546146512,16.4319859565463,11.8556288408373,0.00000418402270572396,0.0000507554652308396,4.50738816496381
"Q149N8_SHPRH",0.0160645371407107,16.1011268886606,0.207973599768497,0.840816843227364,0.867976779259953,-8.02401024819003
"Q14BN4_SLMAP",0.214714579820896,17.9983395240545,2.47502309609439,0.0404944927811562,0.0644353790990531,-5.51633503587165
"Q14C86_GAPVD1",-0.309640747734857,20.4058300118972,-6.54876347352899,0.000243242164421706,0.000951208176139588,0.00225453379604446
"Q14CB8_ARHGAP19",0.144660311290853,16.9502925818276,1.74764170743331,0.121397085857375,0.167000585102404,-6.59856405617539
"Q14CS0_UBXN2B",-0.118567407269838,15.5492955576939,-1.66659135179011,0.143135099174421,0.192960929514471,-6.65668395548177
"Q14CW9_ATXN7L3",-0.0881172388551814,15.5260320038124,-0.947530136051382,0.383417970171461,0.450181704403231,-7.34834007847914
"Q14CX7_NAA25",0.0177062195398641,20.6378570618407,0.36990644557986,0.721736350106289,0.765090826328702,-7.97163202266485
"Q14CZ7_FASTKD3",0.0909050077946745,16.4307773987335,0.424335354320624,0.685468595708171,0.733390651140294,-7.65794387739965
"Q15003_NCAPH",-0.353538098727981,20.0572126637729,-5.45098424712651,0.000772289620041658,0.00232635043565816,-1.27298682667131
"Q15004_PCLAF",0.215578083519027,20.7089788814503,3.09089489309048,0.0162132875691608,0.0294034967217543,-4.56672884758537
"Q15005_SPCS2",-0.431101176303542,21.8436225862794,-7.7682559291646,0.0000788165721841383,0.000409480087453932,1.25132941062531
"Q15006_EMC2",0.156801751488228,20.4072558703092,2.15278021586695,0.0659616112259243,0.0985278898241124,-6.00725406272224
"Q15007_WTAP",-0.0460172441073539,19.8046835817714,-0.698946917574992,0.505796461362927,0.570107866794076,-7.78039405370691
"Q15008_PSMD6",0.0479101180878168,22.8501685231735,0.661790722056434,0.528021516579113,0.591390318819133,-7.80735868853376
"Q15013_MAD2L1BP",-0.231684817916765,15.5984422387219,-3.20075162303493,0.0138270175599789,0.0257639136602644,-4.39871150847485
"Q15014_MORF4L2",0.326703922604175,20.7576418230558,5.09282822186065,0.00116409885614166,0.00322672591101073,-1.72384979300389
"Q15018_ABRAXAS2",0.182109587423167,19.566338488506,3.0028702988263,0.0184382337319599,0.0328510671738784,-4.70190667212786
"Q15019_SEPTIN2",0.394232107319997,22.8970390889552,9.91541946162075,0.0000147664577276351,0.000119355661505199,3.11025811117989
"Q15020_SART3",-0.50584590505823,20.7885382850078,-8.74346290989809,0.000035290213899954,0.000220556587447042,2.14324534064863
"Q15021_NCAPD2",-0.388381989325943,20.3713469881214,-5.95146019160335,0.000447800914910218,0.00152188282341694,-0.672308049614875
"Q15022_SUZ12",-0.195907381825311,18.5451175180799,-2.40818547914342,0.044797663801131,0.0704717747407244,-5.61899560540357
"Q15024_EXOSC7",0.0577876894085385,20.1336638017962,0.842712283730963,0.425592420515768,0.493528884043746,-7.66418238632648
"Q15025_TNIP1",-0.438255401532402,17.9783570824161,-5.6152488904348,0.000643500605292847,0.00202753339016462,-1.07212913840976
"Q15027_ACAP1",0.406502630102207,20.1292325247292,4.20123995348086,0.0034996332201865,0.00811036266689167,-2.9251168622502
"Q15029_EFTUD2",-0.146551973766535,21.8502485838072,-3.67245253439779,0.00710627156755587,0.0146915742165887,-3.6894209706791
"Q15031_LARS2",-0.311615012971558,18.5461540149402,-4.66937849419751,0.00193528968028392,0.00493953466719446,-2.28027562203553
"Q15032_R3HDM1",0.0156612962047262,17.565035423735,0.146660245092684,0.8872872768271,0.906231640599829,-8.0362745421588
"Q15035_TRAM2",-0.130735350544104,15.2306551523135,-1.13665479602417,0.31308319988589,0.3796301538397,-6.84168520405739
"Q15036_SNX17",-0.778117169039206,20.0362448987217,-4.44911778658454,0.00340051513115998,0.00792169007277268,-2.78536907276547
"Q15041_ARL6IP1",0.0399060859278357,20.2552074258183,0.686433792455619,0.513214138854476,0.57727103521549,-7.78962001326574
"Q15042_RAB3GAP1",0.426959487670064,19.5771669599081,8.24814462336812,0.0000525587634594101,0.000300058336324961,1.70104342899153
"Q15043_SLC39A14",-0.200839968498769,17.954352216002,-1.62596919854766,0.145356337892192,0.195574085619673,-6.7667674216649
"Q15046_KARS1",-0.82841421505335,23.0144231264625,-14.6659195004858,0.000000908342296580675,0.0000184236040207803,6.1904917801152
"Q15047_SETDB1",-0.452736541268653,18.8484534368835,-8.43347109391182,0.0000451784669406913,0.000267206391563684,1.86901569695861
"Q15050_RRS1",-0.40979632486129,20.3645706066529,-3.11690908198676,0.016770143743432,0.0302331626718521,-4.56746703919116
"Q15052_ARHGEF6",1.38275060637811,17.929748936219,12.1944078271678,0.00000342264283654543,0.000045511575899938,4.7294226762548
"Q15054_POLD3",-0.413220514603189,19.5661453746724,-5.75676442319313,0.000551457856627313,0.00179082364284394,-0.90201255267617
"Q15056_EIF4H",-0.634518226456869,23.5699654969497,-8.2628106956509,0.0000519278736608076,0.000298085590237059,1.71444880578751
"Q15057_ACAP2",0.454521977248188,18.7829760600097,7.07805424712416,0.000146435235571424,0.000646059497575054,0.564310745725292
"Q15058_KIF14",-0.0114149090704458,18.4265950810528,-0.0934402747541443,0.928029557052631,0.940268124542735,-8.04349511048395
"Q15059_BRD3",0.51837704679955,21.6427696053627,5.2090220026499,0.00109707530282926,0.00307569286889767,-1.63320643287457
"Q15061_WDR43",-1.19796621622216,20.5454246219264,-9.36143049243761,0.0000316091307681649,0.000203228274406308,2.35518913154978
"Q15063_POSTN",-0.133420400608593,15.6808370698891,-0.701457687470517,0.519295693721128,0.58316300700471,-7.27450255760891
"Q15067_ACOX1",-0.522628468234842,20.530745100734,-10.9735218519858,0.00000724122230659402,0.0000728528265396219,3.90026204800579
"Q15070_OXA1L",-0.578988017625363,19.7566126931686,-6.37325680976333,0.000289766026679667,0.00108945150713077,-0.191367671602869
"Q15072_ZNF146",-0.139423399699115,16.325672079034,-1.29879819746746,0.232734391576056,0.293270010325958,-7.18707449958119
"Q15075_EEA1",-0.426417718805236,19.6105593213097,-6.99174778158652,0.000158748700810235,0.000688001491944529,0.474832725700763
"Q15084_PDIA6",-0.763902225594013,24.2312582837929,-15.6147815988597,0.000000576721972674178,0.0000138110562073561,6.68809101139708
"Q15102_PAFAH1B3",0.510020830569811,23.2146550995459,10.2191627592622,0.0000119553673686524,0.000102516938225446,3.34450322509343
"Q15118_PDK1",-0.0999433177022411,17.1147349553159,-0.790346171099567,0.453724555431865,0.521224734725082,-7.70864326199728
"Q15119_PDK2",-0.326774373072972,17.5069633917302,-3.24033473432794,0.0130609242685442,0.0245772859937029,-4.33838957184088
"Q15120_PDK3",0.126727277750572,19.3148304648129,2.00154138137522,0.0829261220464896,0.120025896153302,-6.23252868632388
"Q15121_PEA15",-0.00409449664179817,19.894961969147,-0.074962509658697,0.942216351572263,0.950968361207355,-8.045259595001
"Q15124_PGM5",-0.304485942330107,18.6822152196777,-3.49423021905115,0.00910563442864681,0.018120736646857,-3.95476063770241
"Q15125_EBP",0.822879257379448,21.0800530091492,7.19767601263109,0.000162099759672254,0.000698148795055021,0.511620902358819
"Q15126_PMVK",0.046452125814902,21.4709279854964,1.05846121061568,0.322925214541292,0.389930017749018,-7.45720955227438
"Q15131_CDK10",-0.0940101369346813,16.1274563055798,-0.774828279522269,0.462300902378222,0.529716882116414,-7.72135678524241
"Q15139_PRKD1",0.565129875322194,15.7986667721192,3.03335325933355,0.0227718994372161,0.0392483723361581,-4.70483644427294
"Q15147_PLCB4",-0.0348417228512332,19.8778932429847,-0.55245060572581,0.596804544363442,0.655020976107985,-7.87899670592129
"Q15149_PLEC",0.120753657180519,21.4726021339507,0.822688533298358,0.438805273925875,0.506534058807133,-7.67852404930486
"Q15154_PCM1",0.0886122655328769,18.4307206516747,1.14759810754553,0.286618293747361,0.352354734482371,-7.36147463573041
"Q15155_NOMO1",-0.193174895300736,17.0901062428052,-2.16121901235866,0.065123451887727,0.0973332629314309,-5.99456291763678
"Q15165_PON2",-0.361414128863522,18.5818762575722,-5.85776241965348,0.000494705002359357,0.00164167811864977,-0.782232456420595
"Q15170_TCEAL1",0.956472543006747,17.3639040266685,11.1931450130185,0.00000629402954488403,0.0000663972104277225,4.0555278170656
"Q15172_PPP2R5A",-0.255789469489031,19.2900527359339,-4.04169847024671,0.00431457572222949,0.0096462854036677,-3.1518569241625
"Q15181_PPA1",-0.434080492229835,24.2747627616313,-8.77654953517645,0.0000343869394021079,0.000216935936958189,2.17203112093055
"Q15185_PTGES3",-0.0120572793260649,25.078931737322,-0.269035031844158,0.795196010075572,0.829210426739073,-8.00763730614604
"Q15208_STK38",0.272619391539642,18.6297220863702,4.98202973027106,0.00132641627496292,0.003609560711044,-1.86697688776703
"Q15223_NECTIN1",-0.548338681267122,18.1446592948286,-6.68132722202956,0.000213607923614499,0.000867896296480707,0.146059382291176
"Q15233_NONO",0.0684500641748222,23.8324906315053,1.17607958949166,0.275742735102594,0.341024267185419,-7.32973656557923
"Q15257_PTPA",0.131654825926628,22.0085520697682,2.73675451540751,0.0273347193903623,0.045926192993836,-5.1124552080089
"Q15262_PTPRK",0.137914782545568,17.9309455326853,1.93478126082412,0.0917126417873021,0.130703832384152,-6.33044342734618
"Q15269_PWP2",-0.428091289966954,19.1703394792351,-3.14361100632976,0.0158820901351631,0.0289259797144954,-4.51799256084464
"Q15274_QPRT",-1.83016709877598,17.6414894111151,-12.281804118337,0.0000427969163458502,0.000256916610676035,2.59328104816808
"Q15276_RABEP1",-0.314682330870074,18.4898314206717,-5.63771428764643,0.000627815719277727,0.00198811764074194,-1.0449438512368
"Q15283_RASA2",0.278804019830826,17.0447472308002,2.84393303185064,0.0233069245357138,0.040043475947287,-4.9468843268387
"Q15286_RAB35",0.143882808728851,19.2772455679681,1.37610411712339,0.208697335933112,0.266826682989956,-7.09263146150375
"Q15287_RNPS1",0.0238990133317003,22.1672912778306,0.451465311063404,0.664494095332776,0.715478778185319,-7.93453101004677
"Q15291_RBBP5",-0.33088858898391,21.0322215753888,-6.88109179998073,0.000176260639711067,0.000747290092331313,0.358893992828495
"Q15293_RCN1",-2.23228031695904,21.527873130804,-19.4659400842149,0.000000217174415659811,0.0000075771954381125,7.85385991299064
"Q15311_RALBP1",0.515052777336305,17.5953302053587,6.02914868569755,0.0004126403416756,0.00142337525568463,-0.582029783615333
"Q15326_ZMYND11",0.567547536369137,19.2245618881842,8.46304195315727,0.0000441120483894421,0.000261509150467729,1.89553457057837
"Q15334_LLGL1",-0.233550066981671,19.5920850455512,-3.02694742082252,0.0177993958333154,0.03192223643202,-4.66488930518117
"Q15345_LRRC41",0.416847010038005,18.7724468511839,6.06435194103593,0.000397726561225217,0.00138069750099452,-0.541377382305273
"Q15361_TTF1",-0.174151596316804,17.4243322961025,-1.1619751851753,0.28132595894009,0.346913950015941,-7.34532777404612
"Q15363_TMED2",-0.278406680562146,21.0908160526989,-2.99288364975665,0.0188619593083321,0.0334493034504953,-4.72168965861742
"Q15365_PCBP1",-0.279361075857466,25.062840711649,-5.49425392151987,0.000735799966824783,0.00224287750141304,-1.21972093547536
"Q15366_PCBP2",-0.000666142274138082,24.1435356139599,-0.00826232433841659,0.993624438047861,0.994539738885647,-8.04840303390718
"Q15369_ELOC",0.174321302044984,21.4399726313168,2.4423127260941,0.0425452028912192,0.0672762605385891,-5.56661572059722
"Q15370_ELOB",0.278996693891379,23.0002774617949,5.34474848998749,0.000870662874020475,0.00255493887248454,-1.40485821343152
"Q15382_RHEB",0.0657008099995977,20.4791575888111,1.22513314159297,0.257812716659013,0.321357509490078,-7.27383430387664
"Q15386_UBE3C",-0.818339558121078,19.6189665297578,-10.2464035663142,0.0000117342496878728,0.000101306132946607,3.36520668537026
"Q15388_TOMM20",0.182589117436674,21.8401773769727,1.74468734835062,0.123497330237878,0.169369039630238,-6.6046594969902
"Q15390_MTFR1",-0.219748361072369,18.119807342079,-2.80211950570355,0.0247993149232769,0.0422449248166728,-5.0114595447181
"Q15392_DHCR24",1.42973958146804,21.9204780348496,19.7660248599247,0.000000103227944474178,0.00000500096653293374,8.55426890193304
"Q15393_SF3B3",-0.123934513862643,23.0488712101253,-2.5218579477198,0.0377325496992172,0.0606675250428517,-5.44423371747245
"Q15397_PUM3",-0.457932532651178,20.1513302408889,-6.00272536533049,0.000424242774777627,0.00145613291740011,-0.612647731498781
"Q15398_DLGAP5",-0.147243129685865,18.7908391931387,-1.57682774757552,0.156223842693348,0.208207210009743,-6.83308459834139
"Q15404_RSU1",-0.240078558243482,20.6820242647413,-2.46914513048641,0.0412009135179877,0.0654225779160364,-5.52899324557942
"Q15413_RYR3",0.00340829366853512,16.9304719099811,0.0188104111419494,0.985500410496888,0.987838181634071,-8.04824055422083
"Q15418_RPS6KA1",0.476892469263838,18.7328652070565,7.93102214075238,0.0000685432069660068,0.000368529006235499,1.4063138569361
"Q15424_SAFB",-0.021351537230192,21.7064096963381,-0.415350011497922,0.68957868409749,0.736855222147445,-7.95182816106988
"Q15427_SF3B4",0.106633207520087,21.6802236677249,1.74744556828999,0.121432536105791,0.167019144596862,-6.59883944739853
"Q15428_SF3A2",0.0279115617737382,20.5256282184675,0.425986842924868,0.682145733959952,0.730642696018048,-7.94687623041842
"Q15435_PPP1R7",0.796126064927531,21.0011672558755,11.952797559191,0.00000394769688077382,0.000049223249959288,4.57167560588756
"Q15436_SEC23A",0.56369336856493,21.4700723214289,9.85856212981067,0.0000153715291498874,0.000122681900014736,3.06570377193864
"Q15437_SEC23B",-0.739188903738359,21.1539725763158,-12.8095117257308,0.00000240715133466277,0.0000358293406094814,5.11805236839352
"Q15438_CYTH1",-0.789789450164179,16.6512715437317,-5.79081912997226,0.00053155271264217,0.00173802223258078,-0.86147417834984
"Q15459_SF3A1",-0.131585176929697,22.0857501089364,-2.99372296793067,0.0186872217639019,0.0332091141907098,-4.71597791029149
"Q15464_SHB",-0.307784565334453,15.6666778850525,-3.47664179059591,0.00933342281362384,0.0184773591672105,-3.98113424017656
"Q15477_SKIC2",-0.0376859317197642,18.8950081827236,-0.611088593416579,0.559303003645894,0.619944425201205,-7.84203029581678
"Q15526_SURF1",0.149199214850242,20.0454059446286,1.92018182941553,0.0937513426966762,0.133160170411003,-6.35171233240784
"Q15527_SURF2",-0.370923815980216,19.0846978545559,-6.30830359050112,0.000309431184525693,0.00114304691088024,-0.263976438683327
"Q15528_MED22",-0.103685833608587,17.8019613889417,-1.34955127798579,0.216698088539387,0.2757580159663,-7.12544599736804
"Q15532_SS18",-0.239441265994042,17.6733555944217,-2.66050297519025,0.0306356145633678,0.0506333082070786,-5.23028007865627
"Q15542_TAF5",-0.303851381215093,17.7498111881127,-4.12635035379708,0.0038591647441717,0.00881995403971454,-3.03111864981763
"Q15543_TAF13",-0.21994851066529,16.4489937056962,-1.97505092021697,0.0863098317309154,0.1241908021463,-6.27150610239036
"Q15544_TAF11",-0.353304904958431,16.0864134601637,-4.70284294478669,0.00185734312193783,0.00477746086758848,-2.23537142720104
"Q15545_TAF7",-0.367012805106445,19.0308720378144,-6.8050505946929,0.000189542909688206,0.000791687738104608,0.278418852822615
"Q15554_TERF2",0.187739800490021,18.8168131601481,2.60306154231292,0.0333926147740801,0.0546157369457202,-5.31899057734997
"Q15555_MAPRE2",-0.774727621222461,15.8299472533654,-7.06898309905068,0.000606999064172463,0.00193903186984282,-0.508788935915619
"Q15560_TCEA2",0.535963145545587,17.0923014895284,4.56673956335172,0.00219760307942417,0.00550377643137973,-2.41899866996055
"Q15561_TEAD4",-0.700392012370809,16.2075892075545,-5.31889645399935,0.000896645606422241,0.00261198256700404,-1.43718480765464
"Q15572_TAF1C",-0.438270633197256,16.2715922827127,-3.50596312787611,0.00895699457846744,0.0178716948488519,-3.93718534945362
"Q15596_NCOA2",-0.0898844835117174,15.855423244386,-1.00896349718543,0.349298607065775,0.417402231789833,-7.44367915205353
"Q15599_SLC9A3R2",-0.586281365569477,20.1582918671654,-5.28984357970212,0.00100156381478178,0.0028606437759032,-1.53285066974298
"Q15628_TRADD",0.809600938686586,18.6519443626087,9.09695840446791,0.0000268635742536735,0.00018081800510924,2.44613249137834
"Q15629_TRAM1",0.533631400786952,17.4324891007364,4.01378275549204,0.00447729265330513,0.00995157449475127,-3.19188392309344
"Q15631_TSN",0.224681480362705,22.1303476413377,2.38777663308914,0.0469237887394033,0.0733763028684008,-5.65657051768646
"Q15633_TARBP2",0.216595562210422,18.4787676422806,2.28991085215238,0.0535828124136282,0.082292685591686,-5.79974415223175
"Q15637_SF1",-0.142036363866495,21.6229886551482,-2.94724549535797,0.0200080526229958,0.0351945532494232,-4.78753371572529
"Q15642_TRIP10",-0.128546972804049,18.6244976565954,-1.74530959704797,0.121819225696086,0.167460153740183,-6.60183764274767
"Q15643_TRIP11",0.346326989410137,19.3181263436265,6.88580411118484,0.000175472371957392,0.000745194227307608,0.363859415617149
"Q15645_TRIP13",-0.189205710783479,20.6635508358544,-2.89708517169356,0.0215440125373116,0.0373947419805549,-4.86485846018791
"Q15648_MED1",-0.182839662495311,19.0582739752195,-2.65661871448627,0.0308144197542525,0.0508404504665606,-5.23628073303002
"Q15649_ZNHIT3",-0.356961481610995,17.4746588381074,-3.78878061308443,0.00605943924915249,0.0128052098485544,-3.51821674504356
"Q15650_TRIP4",0.683741244891014,18.9640534724368,11.1144919651622,0.00000661619572891919,0.0000689353215262457,4.00024704333071
"Q15651_HMGN3",0.545758921608098,19.0370941629485,2.38471183911757,0.0513420887648872,0.0793876656120618,-5.6954195548781
"Q15652_JMJD1C",-0.704580212033566,16.5316322072724,-7.3072098093842,0.000118610225778804,0.000553126534195944,0.79794212712752
"Q15653_NFKBIB",-0.31157378373258,19.2002476729482,-3.67310837894689,0.00709985074246502,0.0146822905783548,-3.68845120295514
"Q15691_MAPRE1",-0.0590957197137882,22.4762732499655,-1.15873317562726,0.282325241391203,0.347807869456023,-7.34913063761659
"Q15697_ZNF174",-0.123433468475856,15.4618940477014,-1.56714927547537,0.172995547191368,0.227136912124555,-6.75940877786141
"Q15714_TSC22D1",0.439665645465951,17.3076707564144,2.56173050780993,0.0364201178078464,0.0589260616988895,-5.39394417232606
"Q15717_ELAVL1",0.144908312330013,22.9708807594416,2.32035748789169,0.0511672258940193,0.079133371319624,-5.75334802065407
"Q15723_ELF2",-0.0766109899088647,16.171021991313,-0.911983646801847,0.390309079673889,0.457425402157103,-7.60178310618676
"Q15738_NSDHL",1.57553327856729,21.3364357293854,31.3951992224502,0.00000000340352416883631,0.000000708750227124753,12.1096072352481
"Q15742_NAB2",-1.27682742551499,19.5371849508738,-18.2351618781882,0.000000186255176629173,0.00000691302757515731,7.91789497188861
"Q15750_TAB1",0.211979097913606,18.6896561505391,3.14704856108008,0.0149433882777182,0.027467233262524,-4.48074113969563
"Q15751_HERC1",0.261596456469849,17.8730197171741,3.74769141694181,0.00640886082628289,0.0134619705729654,-3.57850214566587
"Q15758_SLC1A5",-0.431466797944026,22.9863662160532,-2.35932007327677,0.0535887025684487,0.082292685591686,-5.73521576542031
"Q15773_MLF2",-0.701640568245605,18.5145444921365,-6.26710317568698,0.000322672864286625,0.00117936079085251,-0.310302821142005
"Q15776_ZKSCAN8",0.0475137839325583,15.5662566669372,0.61603411497652,0.55620424156767,0.617049221319093,-7.83875780974308
"Q15785_TOMM34",0.144479236489143,22.3064362380735,2.56550395097479,0.0353323208880632,0.0573368108970789,-5.37694723739723
"Q15796_SMAD2",-0.23808387881266,19.2458698607369,-2.33450710645964,0.0500822881977402,0.0777241142689272,-5.7317523887206
"Q15797_SMAD1",-0.0505412806417631,16.9316426394781,-0.450561650576425,0.66511640110699,0.716045375225623,-7.93498049470881
"Q15800_MSMO1",-0.210580332755978,17.8806962077261,-1.41769108880927,0.197633180993864,0.254649834768649,-7.04028922079717
"Q15811_ITSN1",0.0565964072516749,17.0271807123682,0.484506162162498,0.641936171302233,0.695522296143132,-7.91751315972536
"Q15813_TBCE",0.13971049398711,20.8110699389252,2.94180922922744,0.0201688251497671,0.0354281949397525,-4.79590938414605
"Q15814_TBCC",0.21693580113417,19.9968780567704,3.00978348688568,0.0182523741661227,0.0325962803257877,-4.69127494761211
"Q15819_UBE2V2",0.214224319337909,21.8309039294411,4.19819361620656,0.00351352500873208,0.00813264492282904,-2.92941374670533
"Q15831_STK11",-0.0765814674741563,18.8070713291062,-1.0794428628378,0.314064936315347,0.380681737946539,-7.43517894901347
"Q15833_STXBP2",0.170815757900236,19.5984852371605,3.01094375229156,0.0182213742919093,0.0325638564060766,-4.68949082337808
"Q15836_VAMP3",0.412334468412304,18.5832049421588,6.93462288958914,0.000167533514164591,0.000715876353222405,0.415152625805419
"Q15843_NEDD8",0.487960195508197,23.6048063217593,8.96793169277355,0.0000296451094828588,0.000195221387642099,2.33675698116102
"Q15847_ADIRF",-3.90706682065755,20.0023635319217,-40.4564346461951,0.00000000051894390564661,0.00000032892394552901,13.9268552509145
"Q15853_USF2",0.0663991789302898,17.6492661036079,0.8688783620375,0.412005750535164,0.479381327607535,-7.64108362299939
"Q15904_ATP6AP1",0.949536835389775,20.7122270461021,10.8735933501871,0.00000772460318557473,0.0000758107507477179,3.82867162202923
"Q15906_VPS72",-0.221527366585629,18.1885165821454,-2.88867513785392,0.0218133922564106,0.0378019278884163,-4.87783158899704
"Q15907_RAB11B",0.8054936167084,20.2347411152435,11.3654907543026,0.00000564806613976302,0.000061893632594961,4.17541898746318
"Q15910_EZH2",-0.288229308118254,18.391390089778,-4.22760061341336,0.00338189106736105,0.00789204489182687,-2.88798843413742
"Q15911_ZFHX3",0.64482923769561,17.5007870498852,6.24462604717868,0.000330161886799946,0.00119809699952309,-0.335665346489979
"Q15942_ZYX",0.966811799842251,20.8536064576023,10.3221293358692,0.0000116198111021516,0.000100890734295622,3.3859138997482
"Q16134_ETFDH",-0.319471142818966,18.7586001605461,-5.35696198954528,0.000858677846010833,0.00253479386130034,-1.38961813489625
"Q16181_SEPTIN7",0.427352635054223,22.4752681018096,10.2612294489,0.0000116158428100336,0.000100890734295622,3.37645390533521
"Q16186_ADRM1",-0.343821923558902,23.2502924118318,-5.68816393384289,0.000594113195167183,0.00190346460085998,-0.984142474764701
"Q16204_CCDC6",0.178363813358668,21.9077312127439,3.80653316645052,0.00591487939997659,0.0125456142543843,-3.49223491656553
"Q16206_ENOX2",-0.145624616004325,15.3666320151796,-1.95282461741618,0.095265248489115,0.135007915037863,-6.26091825814062
"Q16222_UAP1",0.365282632438287,19.9195269547656,6.21276281126233,0.000341111660976616,0.00122729200254879,-0.371726899180272
"Q16342_PDCD2",-0.39546894233035,19.6244512734603,-5.65462057353554,0.000616291267948739,0.00196294446566922,-1.02453046990522
"Q16401_PSMD5",0.138566230478759,21.9063675206372,3.09353858509415,0.0161510133430598,0.0293185220733444,-4.56267598029958
"Q16512_PKN1",0.287436456307159,19.3218846074759,5.52694086224568,0.000709498972158705,0.00217598757348351,-1.17965246078793
"Q16513_PKN2",0.145315311891991,20.3014414278676,2.45462837379355,0.0417609499560304,0.0661874943458153,-5.54769287368814
"Q16514_TAF12",-0.179471850446344,17.8429069655216,-1.84282702413996,0.105304703589192,0.147233010202095,-6.46346322171655
"Q16526_CRY1",-0.292020463906983,15.5414353136158,-4.22710732726191,0.00468080884846184,0.0103135169475418,-3.0552908714338
"Q16531_DDB1",0.242805743043707,22.8536173519972,5.87412295603732,0.000486136584627611,0.00162102361362455,-0.762955911760183
"Q16533_SNAPC1",-0.429556761939553,15.8805207505862,-4.36761560999804,0.00282468198864651,0.00677745463900485,-2.6924004922742
"Q16537_PPP2R5E",0.30594977161881,20.5288689382601,5.86646454239058,0.000490126812303501,0.0016300413355402,-0.771974946755299
"Q16539_MAPK14",0.11930934872818,20.294667535355,1.64224265433304,0.141914292976379,0.191654849498995,-6.74459129894523
"Q16540_MRPL23",-0.500819451341833,20.7466914182373,-6.43822726004992,0.000271477323223122,0.00103657455845134,-0.119256469243121
"Q16543_CDC37",-0.0479118391702542,22.9894037513435,-0.849112887423641,0.422239901921624,0.48993999908709,-7.6585857389802
"Q16555_DPYSL2",2.06107432823135,21.1108962740485,33.7987059657115,0.00000000197033058263356,0.000000599453376460434,12.6512275131199
"Q16560_SNRNP35",-0.0899306197329821,16.2018820554911,-0.950784857627478,0.371508257693456,0.439044718461223,-7.56511136867055
"Q16563_SYPL1",0.0408252635140158,21.6197020500333,0.377198299297847,0.716935128594959,0.760849530918551,-7.96826245919426
"Q16576_RBBP7",-0.130684902685353,21.5391289956186,-2.60134866793426,0.0334786482324552,0.0547256820236524,-5.32163471814846
"Q16584_MAP3K11",0.26308103830084,16.5646499132328,2.30908932793666,0.0520481629548325,0.0803161548862763,-5.77053085520386
"Q16594_TAF9",-0.44933517729606,17.3633063661281,-3.4548044912367,0.0120639977245572,0.0230433869143601,-4.09376734671991
"Q16595_FXN",-0.669236987111614,18.8224446198855,-9.36325261154436,0.0000220022458833214,0.000158624722453595,2.66772285620424
"Q16611_BAK1",0.700289120297278,18.2039787854866,3.04841217322431,0.0200455269729569,0.0352441697078849,-4.71495068885202
"Q16625_OCLN",-0.912790160870031,18.7559108015986,-12.623030133477,0.00000267374315292438,0.0000381547662685607,5.00213968740015
"Q16626_MEA1",0.522072415993492,18.0130154922268,6.23740342494694,0.000332609237556194,0.00120181751109378,-0.343828506651443
"Q16629_SRSF7",0.127294414563959,23.6563975237883,1.46766202972465,0.183301712879023,0.238854347808437,-6.97663834700135
"Q16630_CPSF6",-0.019314387720847,22.2276524365853,-0.405325781253338,0.696616962644252,0.743227467789617,-7.95638542713294
"Q16635_TAFAZZIN",0.41299665079168,17.736569371408,0.838846341668051,0.435750294663896,0.504078591819558,-7.65841312128892
"Q16637_SMN2",-0.0585746528462288,20.1830462302224,-0.42631459492841,0.682620708849556,0.730857701507563,-7.94607359597989
"Q16643_DBN1",0.837532938385433,19.8683726085964,6.12174446311278,0.000468043235037315,0.00157567339516131,-0.65253948978981
"Q16644_MAPKAPK3",-0.591490917101314,17.0563399370107,-4.71200344840753,0.00183661114157973,0.00474338347804938,-2.22310731984478
"Q16651_PRSS8",1.20346631632125,18.137943522206,16.3988388600132,0.000000403953824356666,0.000010708824184994,7.07689284111406
"Q16656_NRF1",0.211602130829704,18.3922665565646,3.1249419440936,0.0154303035429453,0.0282393861279215,-4.51456784398334
"Q16658_FSCN1",0.285713248928623,19.1559645807949,2.60986979273208,0.0332209274721846,0.0543628172016859,-5.31084484279603
"Q16667_CDKN3",0.369928075588405,16.4274613623192,2.32600470140239,0.0766318573232553,0.112110387920885,-5.74715180269886
"Q16678_CYP1B1",1.97860627033935,18.3095106860477,3.08357772639825,0.0487977137338748,0.0759785896949544,-5.06128098246921
"Q16698_DECR1",1.12567234376753,23.0050678523312,15.3473269163176,0.000000653737003650538,0.0000148871965561856,6.55095439832663
"Q16706_MAN2A1",-0.202010340855619,18.8183606897543,-3.83231433668897,0.00571153111928398,0.0122027824981107,-3.45457277220087
"Q16718_NDUFA5",-0.148938368051681,20.9518843075664,-3.34595559904887,0.0112291849015655,0.021666458742087,-4.17806955391138
"Q16719_KYNU",0.727526651302959,21.0016028671919,5.43716571461361,0.000990379718013752,0.00283189027639571,-1.46943041452149
"Q16739_UGCG",0.18709918874039,16.0612459744527,1.76398307520134,0.118477661665859,0.163368581332583,-6.57557476427132
"Q16740_CLPP",-0.268155464131105,19.6603373555991,-4.05218930952038,0.00425509421750804,0.00954979245156865,-3.13684152822047
"Q16762_TST",-0.444464799776181,21.2792624551127,-6.89470622728209,0.00017399395352117,0.000739741761029635,0.373232822598263
"Q16763_UBE2S",-0.71708081912303,19.7517454492797,-6.44669275119321,0.000296406947470476,0.00110621748894035,-0.187665255292304
"Q16773_KYAT1",-0.146660421357529,15.9500092011868,-2.06545390908307,0.0752880256662883,0.110377934313375,-6.13786574134581
"Q16774_GUK1",0.521137850517626,19.9575557479738,9.86923865663174,0.0000152558146300129,0.000122138634990453,3.07408736516563
"Q16775_HAGH",0.418545078787524,20.4457689766921,6.26227509621618,0.000324265428646219,0.00118290784186242,-0.315745379055003
"Q16795_NDUFA9",-0.338887075683623,21.3913904126367,-6.75933556687105,0.000198063610976948,0.000818407180628625,0.229719277586035
"Q16798_ME3",0.0115327915820167,15.4957788771314,0.0918495049269776,0.930095631887138,0.941859589419994,-7.56376526587335
"Q16822_PCK2",0.660198178603121,21.4891974375045,2.23551219853702,0.069347294903556,0.102837887509543,-5.94368374899733
"Q16836_HADH",0.0163890565055667,22.9246701443859,0.299704664884866,0.772585736449987,0.80974054174433,-7.99786245337471
"Q16850_CYP51A1",1.05993055843669,19.9554359527685,16.5984508990096,0.000000369901974026841,0.0000104179519676521,7.17287100449763
"Q16851_UGP2",0.0284724212491305,21.5209565581043,0.553550216009117,0.596088644047092,0.654329661801441,-7.87833492962306
"Q16854_DGUOK",0.455542076684122,17.20849845526,2.29276094209662,0.0553333125483454,0.0845809855676552,-5.80911162450061
"Q16864_ATP6V1F",0.28360567909068,20.0988252340665,4.8327945835681,0.00158573359977792,0.00419078865875986,-2.06251314459256
"Q16875_PFKFB3",-0.158053851894245,15.5316351823046,-1.14410551394106,0.310286870519341,0.376883094405958,-6.71976310959344
"Q16877_PFKFB4",0.727253729628718,17.14589038542,6.62002937528032,0.000226778825443256,0.000907353890752976,0.0798216274478616
"Q16880_UGT8",-0.0509913726932325,17.4252799444404,-0.541966323908719,0.603654050759613,0.661096300520438,-7.88524546897077
"Q16881_TXNRD1",-0.0199481133413428,22.3028414652498,-0.315843754761737,0.760779393900541,0.800305132361278,-7.99230545277486
"Q16890_TPD52L1",-1.14020082093405,21.5027402033205,-11.1787511663076,0.00000795859773458771,0.0000772105795526455,3.84676810600135
"Q16891_IMMT",-0.105939923432061,21.8434778101139,-2.10270418272977,0.0711601015845465,0.10531579350844,-6.08231862769294
"Q17R89_ARHGAP44",-0.471863314125937,16.8875073842911,-1.2241457314818,0.265486561624253,0.329572513091899,-7.26990078804084
"Q17RB0_RTL8B",0.967203189711871,16.8253516177839,8.21001316592197,0.0000542396707163789,0.000307183123952925,1.66609803408619
"Q17RN3_FAM98C",0.589659558283756,18.4037590490734,6.87335125357757,0.000177564057238173,0.00075197785041957,0.350732212157448
"Q17RS7_GEN1",-0.709550900862485,17.2520294271773,-9.56668775772851,0.0000189518895559782,0.000144004067894875,2.83336000940128
"Q17RY0_CPEB4",0.148262752659859,15.7229445192073,1.34450652445383,0.218248004143974,0.277312783080365,-7.13163670721408
"Q1ED39_KNOP1",-0.148102955934529,18.6291562246433,-2.40511704377554,0.04500603539957,0.0707556645822921,-5.62370084802205
"Q1KMD3_HNRNPUL2",0.123134927678091,23.1133751629489,3.00344618368112,0.0184226754637418,0.032838732031221,-4.70102093292403
"Q1L5Z9_LONRF2",-0.945734796927663,17.6232631120232,-9.61012791263312,0.0000183639904195873,0.00014051962890481,2.86833072770676
"Q24JP5_TMEM132A",0.0441866166127216,15.6240149979715,0.716728428803731,0.495374058458951,0.560686769142676,-7.76703282523652
"Q27J81_INF2",-0.44292573142517,20.6566510125445,-5.98437001311712,0.000432515752859879,0.00147918831666018,-0.633969894475698
"Q29983_MICA",0.85033167719584,16.827838551226,5.58913144908103,0.000662283109728351,0.0020678675421157,-1.10381944477097
"Q29RF7_PDS5A",0.10116945481257,20.7209669716615,1.79526116023242,0.113074318493824,0.156770555316082,-6.53132990216434
"Q2KHR2_RFX7",-0.0756236627483471,15.6001652059371,-0.427908882039222,0.68640492093872,0.734185885059753,-7.84972319459458
"Q2KHR3_QSER1",-0.653179088264803,17.0226357221346,-6.88196328974192,0.000176114560977953,0.000747087200668328,0.35981248255244
"Q2KHT3_CLEC16A",-0.166741717814226,21.0207519020227,-2.4157295516314,0.0442895174444032,0.0698312748097286,-5.6074241395486
"Q2M296_MTHFSD",-0.0686133352576057,17.892724316009,-0.852041880520968,0.420712014868202,0.488539783982831,-7.65601301466801
"Q2M2H8_MGAM2",0.233041599509942,18.3620966645686,2.62296895903721,0.0525757907601211,0.0810152885983551,-5.35699077599518
"Q2M2I8_AAK1",0.0843100882206969,18.0056569522521,1.36937635688776,0.210699686610412,0.26902498176243,-7.10098200443501
"Q2M389_WASHC4",-0.229437204124803,18.5657677549041,-3.30245190727284,0.0119481877410943,0.0228451271892316,-4.2439855175761
"Q2M3G4_SHROOM1",-0.0412349579898059,15.3503336019294,-0.350511409854861,0.742206117885654,0.78384056271012,-7.82422233975701
"Q2NKJ3_CTC1",-0.165940419360609,15.4174205237142,-2.1887038814943,0.0624663743879033,0.0939342118612875,-5.95315091252321
"Q2NKX8_ERCC6L",-0.197783277189529,18.6289815088049,-2.34449966292705,0.049330121008728,0.0767290184851503,-5.71648920422975
"Q2NL82_TSR1",-0.900163091789665,20.3488626329397,-17.6156558447883,0.000000239752980160539,0.00000792852681348288,7.6443268763202
"Q2NL98_VMAC",-0.120333644298379,15.0933044185833,-1.82401719733544,0.122848430965309,0.168631143461855,-6.4212076922111
"Q2PPJ7_RALGAPA2",-0.168794258524606,15.9888260381042,-1.51886162584929,0.169997301141369,0.22374104040167,-6.90998945009133
"Q2PZI1_DPY19L1",1.1269687754803,18.0415995018918,15.6547507501472,0.0000005661183782351,0.0000137568574596044,6.70838251886095
"Q2QGD7_ZXDC",-0.104093946122129,15.4217554490062,-1.5034193055759,0.179977252614088,0.235015108812653,-6.87126773478381
"Q2T9J0_TYSND1",-0.0412088906953834,18.916584036429,-0.442528055094512,0.670660989890327,0.720690518381722,-7.93893891525925
"Q2TAA2_IAH1",-0.579885326286853,19.7135051317369,-5.75418678777079,0.00055299781016529,0.00179384959598732,-0.905087210482121
"Q2TAA5_ALG11",-0.988733442477685,17.4651283513746,-6.03762174610072,0.000449032874355414,0.00152470716176218,-0.646419950059531
"Q2TAL8_QRICH1",-0.165269489089404,19.1495878967399,-2.35855561135627,0.0482913771587273,0.0753135564218331,-5.69500293669046
"Q2TAY7_SMU1",-0.375973246074643,21.4311622534445,-8.1400793359055,0.0000574814795414989,0.000319593664760702,1.60166090833971
"Q2TAZ0_ATG2A",0.30583409852311,17.7392432011187,3.94273364201519,0.00492222678391782,0.0107674595681562,-3.29422331675
"Q2TB10_ZNF800",-0.553564977332694,17.344869475968,-5.80161470277816,0.000525409977610328,0.00172178728552527,-0.84865531393152
"Q2TBE0_CWF19L2",0.0456333408918503,17.3486684061301,0.396775919008562,0.702645203514619,0.748608967352877,-7.96018820107933
"Q2VPB7_AP5B1",0.0842289046097946,16.5373251841972,0.838029563719404,0.42805703787763,0.496235608915905,-7.66825476729173
"Q2VPK5_CTU2",-0.354666285190699,19.7801665480722,-6.42305851166086,0.000275629282493228,0.0010492674287505,-0.136046383312009
"Q309B1_TRIM16L",-0.314528416230724,16.1495985449096,-3.54581794375397,0.00847118881062985,0.0170274476991677,-3.87759458493892
"Q30KQ7_DEFB113",-0.212533448765239,17.2658215897839,-1.79211449151089,0.11360713372195,0.157451869367556,-6.53579515413596
"Q32MZ4_LRRFIP1",0.275496678751473,20.4391387993473,5.52510204591531,0.000710950610219178,0.00217904094780943,-1.18190265725787
"Q32NB8_PGS1",0.289709499045937,16.9992381351729,2.34553348618303,0.0492529568209787,0.0766246654899496,-5.71490952351577
"Q32NC0_C18orf21",-0.682874239614982,17.1332158425854,-7.89034548208395,0.0000709622010460995,0.000378454373678088,1.36782251494172
"Q32P28_P3H1",0.110581683172189,18.0631054582146,1.53775583857518,0.165390913387779,0.218548173597542,-6.88508511094538
"Q32P41_TRMT5",-0.266123628784225,19.6207111513891,-4.19554649927785,0.00352564502424428,0.00815077691623161,-2.93314856605847
"Q32P44_EML3",0.290733170402863,19.8050222857702,4.84841447358051,0.00155613941987282,0.00412404056709153,-2.04189834244465
"Q330K2_NDUFAF6",0.0145521397220065,17.5088016394633,0.143799134155696,0.889468848447323,0.908215876129727,-8.03674398511015
"Q3B726_POLR1F",1.20779321428009,18.4673827873076,15.2073652834037,0.000000698632530537645,0.0000153135418653295,6.47823330463682
"Q3B7T1_EDRF1",-0.336203389007977,17.9295947054984,-3.91842403249662,0.00508527657138616,0.01106051289733,-3.32939077056342
"Q3KNV8_PCGF3",0.0701678269023063,16.7102854092717,0.530446006008389,0.613546674905321,0.670108559639556,-7.86520671822859
"Q3KQU3_MAP7D1",-0.258484334202862,19.0204250872134,-3.91589553213888,0.00510256850004293,0.0110854430195163,-3.33305302406997
"Q3KQV9_UAP1L1",0.720514724617971,20.1326395225046,10.6872534151829,0.00000872629724647559,0.0000827583751330341,3.69355726240697
"Q3KRA6_C2orf76",0.673105597761996,18.3695090275693,7.26735972768337,0.000122991769311621,0.000567754339806781,0.757719405010031
"Q3KRA9_ALKBH6",-0.0526936544729963,17.7077240648195,-0.486444885785643,0.640624594307881,0.694486486512936,-7.91647950518494
"Q3L8U1_CHD9",-0.397361462068186,16.400944503306,-1.68252683897076,0.14991367455883,0.200959360009599,-6.22500796439022
"Q3LXA3_TKFC",0.256942824814544,20.8245879131312,4.11396809024781,0.0039223873506477,0.00893223897875042,-3.04871884155573
"Q3MHD2_LSM12",-0.193292251624527,20.1206716626081,-1.6749477188123,0.136602263379747,0.18510543653418,-6.70088980708691
"Q3MII6_TBC1D25",0.340237678848585,15.9919801295894,3.82487455362083,0.00576942596924191,0.0123195547226429,-3.46543254918869
"Q3MIP1_ITPRIPL2",-0.00697499704666171,15.4727778626988,-0.066564829495565,0.949299202929786,0.957402787723735,-7.95309773129144
"Q3MIR4_TMEM30B",-0.215846526019224,17.5307720964235,-1.71198780996024,0.128004048587724,0.174824707049422,-6.64840826574768
"Q3MIX3_ADCK5",0.297347499073435,17.0777779743715,2.1791566677377,0.0633768755443966,0.0951876490706101,-5.96754904252031
"Q3SXM5_HSDL1",0.0719135029821132,20.2942449000756,0.760647223701557,0.470233673004814,0.536301891869038,-7.73278726829046
"Q3SXY8_ARL13B",0.13119617815344,15.6809212898194,1.76966127098656,0.11747888770783,0.162108929591029,-6.56756598562127
"Q3SY69_ALDH1L2",0.424800649095479,16.3880933742762,1.20831821807887,0.270762103796215,0.335246062424551,-7.28817027347732
"Q3T8J9_GON4L",-0.0522259223022505,15.4584001540318,-0.742760311915488,0.480368577780582,0.546386032989249,-7.74694658123252
"Q3T906_GNPTAB",0.248187368098765,19.0277028334626,1.59201271216097,0.155199484481051,0.20716870462669,-6.81377235023479
"Q3YEC7_RABL6",0.343127799335797,20.950373827013,6.48072377982203,0.000260211422973414,0.00100109665307829,-0.0723665483661664
"Q3ZAQ7_VMA21",1.17222812327233,17.9141350746411,5.87996805570388,0.00110603711808019,0.00309511343639365,-1.34577805558031
"Q3ZCM7_TUBB8",0.238394784534989,16.0540716838502,1.7093522515264,0.134732548129674,0.182865053724893,-6.59894397159765
"Q3ZCQ8_TIMM50",-0.364630091823752,21.1887132992904,-7.31155079843313,0.000118143565501917,0.000551288318532257,0.802313520347669
"Q3ZCW2_LGALSL",-0.202739195913445,18.419623374479,-2.23029281302885,0.0586500024481964,0.0890225341490683,-5.89027609663494
"Q494V2_CFAP100",1.62396459707456,20.2332555196963,2.92019562223118,0.0403006340914695,0.0641806161850328,-5.10701695873202
"Q495W5_FUT11",-0.0931195832274732,15.6057693495042,-0.829712630689698,0.436298967146022,0.504398931857884,-7.58013194514882
"Q499Z4_ZNF672",-0.107205370561502,16.5185103250262,-0.928897280377543,0.382028846582477,0.448827835512253,-7.5859464510343
"Q49A26_GLYR1",-0.0234806555586502,20.1671443773221,-0.425699970570678,0.682345713627736,0.730666126686268,-7.94701134839333
"Q49A92_C8orf34",0.312118538736872,18.165869778623,2.78285999725408,0.0255198874467547,0.0432785426800483,-5.04121308738359
"Q49AM3_TTC31",-0.238931893957142,15.3321127443337,-3.13415504484176,0.0229571316685197,0.039522848227877,-4.64022846845526
"Q49AN0_CRY2",-0.197898487558215,15.390273067119,-1.61869413561015,0.173503512865643,0.227685941831621,-6.30359181862186
"Q49AR2_C5orf22",-0.0693380883870134,19.2673844654931,-0.753948643895301,0.474012325789051,0.539963718728699,-7.73812375810715
"Q49B96_COX19",-0.82633607572895,19.4094165255349,-7.60890722170432,0.0000939076424058262,0.000462604616670151,1.06684111482753
"Q49MG5_MAP9",0.076621695054861,16.74060053897,0.801990420404513,0.447360872219043,0.514847449553343,-7.69896350708071
"Q4G0F5_VPS26B",-0.0407469660809028,19.4382260976752,-0.385174595698383,0.710914273079793,0.755514036753515,-7.9651782288455
"Q4G0I0_CCSMST1",0.0955464421408116,17.1919037717952,0.85063024382776,0.421447893197851,0.489095617281486,-7.65725385669445
"Q4G0J3_LARP7",0.322102527969133,19.3752173751791,5.54692756876153,0.000693930454778869,0.002143799772156,-1.15522404129111
"Q4G0N4_NADK2",0.605206001125254,20.0233103610013,7.191228317812,0.000131874665793589,0.000597758467238401,0.680404087180746
"Q4G0X4_KCTD21",0.70031399728094,16.3089829510575,6.41476870096825,0.000277928197635148,0.00105575315071967,-0.145233987418557
"Q4G148_GXYLT1",0.213144791727597,17.8731906615849,2.0931778405489,0.0721940077656313,0.106581448576357,-6.09654884733996
"Q4G176_ACSF3",-0.359762633896949,19.4754585439547,-7.05806985630039,0.00014918854912367,0.000654776748202326,0.543665264294763
"Q4J6C6_PREPL",-0.322530948734048,18.613123310001,-4.50477387263133,0.00237466543052125,0.00586228668112452,-2.50347614238871
"Q4KMP7_TBC1D10B",0.276934582569197,18.0383737677118,2.38584828101252,0.0463372226909786,0.0726532500077476,-5.653230771103
"Q4KMQ1_TPRN",0.280687297767091,18.3315392220867,4.10932834334971,0.00394636655416188,0.00897878073914307,-3.05531915975633
"Q4KMQ2_ANO6",0.0638981801166985,16.5044426944164,0.355230026566592,0.732587051934998,0.775080973294977,-7.97728648985925
"Q4KWH8_PLCH1",0.57861894262917,19.7851191454621,12.1712488909547,0.00000346939597921701,0.0000459725188465585,4.71443038689725
"Q4LDG9_DNAL1",0.488561610211761,16.0759328612305,1.73581037069003,0.136861772938175,0.185391032051248,-6.57024217841219
"Q4LE39_ARID4B",-0.531561413090763,19.4355368918835,-7.56411047407831,0.0000942219668414568,0.000463552574253635,1.05325032647366
"Q4U2R6_MRPL51",-0.501995535083783,18.9070450335495,-4.63505688039221,0.00201897477599117,0.0051238979466763,-2.32649615155654
"Q4V328_GRIPAP1",0.68180235298076,19.3391889357771,7.8880218143158,0.0000711032474343923,0.000378454373678088,1.36561887501959
"Q4VC05_BCL7A",-0.0559393138836946,15.4864695556516,-0.370144298842025,0.721959449546471,0.765220676316953,-7.97120534539993
"Q4VC31_MIX23",-0.640641941394936,20.2690445186883,-8.58694537227942,0.0000399405834521059,0.000243810656289501,2.00581875374112
"Q4VC44_FLYWCH1",0.248427335335059,18.0928695221126,2.752614423819,0.0266957612664244,0.0449917926417958,-5.08794691944494
"Q4W5G0_TIGD2",0.381769162257971,17.3056402721432,2.88739554317427,0.0532506048459204,0.0818561237789148,-5.02988498049725
"Q4ZIN3_TMEM259",-0.308053896099963,16.8498385853797,-1.23422179105954,0.257889041599386,0.321399975488273,-7.26110299135674
"Q504Q3_PAN2",0.173188047960348,17.1947781217469,2.2927340022697,0.0533540777084319,0.0819986088200308,-5.79544643301359
"Q52LA3_LIN52",0.0912482455098846,15.6094404602496,1.29675595751294,0.233400520628907,0.293963298543379,-7.18952347004771
"Q52LJ0_FAM98B",0.0384894976296906,20.9385998347793,0.64929660854304,0.535628845723918,0.597885676632832,-7.81613204772869
"Q52LR7_EPC2",-0.349245633317144,15.6681870616287,-4.0947842312044,0.00782200575928756,0.0159288288634916,-3.38926323170176
"Q53EL6_PDCD4",-0.30889000403026,19.635908391316,-1.80633838973717,0.115442936211898,0.159560053212374,-6.52236809415469
"Q53EP0_FNDC3B",-0.433144307022314,17.089410220849,-2.74796392140158,0.0311599631407587,0.051343734759231,-5.10893026867609
"Q53EQ6_TIGD5",-0.132244579513863,15.4376879287595,-1.90654596878914,0.101771736627441,0.143108860933319,-6.32621055822014
"Q53ET0_CRTC2",-0.368186381776272,17.6626469947302,-3.47746304945687,0.00932265203967165,0.0184704588209801,-3.97990205694689
"Q53EU6_GPAT3",-0.199575378368595,15.3981431526134,-1.98586361148081,0.0990122192120613,0.139667459073987,-6.20427770377563
"Q53EZ4_CEP55",-0.337124109051857,18.300724254029,-3.70243383682992,0.00681903420009921,0.0141941910580062,-3.64514084560706
"Q53F19_NCBP3",-0.357679524210212,19.4619722689237,-5.02644883053451,0.0012585276490374,0.00344577440553579,-1.80938832228323
"Q53FA7_TP53I3",0.153957316493571,19.9489661158956,2.06459209620485,0.0753862704712842,0.11050066933987,-6.13914773723506
"Q53FT3_HIKESHI",-0.0807657805730955,20.1478572052126,-1.04355972723406,0.329336953051321,0.396790252638737,-7.47266190854972
"Q53FV1_ORMDL2",1.12827409205841,17.5652414074424,6.80843183206059,0.00021740108807695,0.00087768188742743,0.167314881077214
"Q53G59_KLHL12",-0.0248286599425676,16.406872765079,-0.291360885132261,0.778714873916254,0.814661012175118,-8.00062383070096
"Q53GA4_PHLDA2",0.782959535610445,17.7712972734201,6.99613172616221,0.000158096074473332,0.000685691240557191,0.479397693138216
"Q53GQ0_HSD17B12",0.768820081425901,21.3743989212956,13.4349287580705,0.00000170951430040785,0.0000283898815914892,5.49531847757115
"Q53GS7_GLE1",0.503755056472848,18.6137828750671,8.06616787264407,0.0000611458004385509,0.000335551917846767,1.53306634799997
"Q53GS9_USP39",-0.384535786674874,21.595069204121,-6.60689504268458,0.000229717257215456,0.000915259014342985,0.0655712463325688
"Q53GT1_KLHL22",0.0930603506517329,17.4681126701384,1.02601027485477,0.337015582410599,0.404951108975516,-7.4906503326922
"Q53H12_AGK",-0.145333444485594,20.6707719596537,-2.7790106799892,0.0256664993199065,0.0434980824035671,-5.04716036668368
"Q53H47_SETMAR",-0.0788854127262582,16.9347067331502,-1.0200309859952,0.339663404352333,0.407617521852926,-7.49672681671106
"Q53H54_TRMT12",0.0128439582100341,16.2591817804816,0.148377198564001,0.885978610724721,0.905114048366346,-8.03598841472389
"Q53H80_AKIRIN2",-0.164507837268504,15.9644915496793,-1.50338992635136,0.179984618568723,0.235015108812653,-6.87130546038611
"Q53H82_LACTB2",-0.183720908007473,20.176513555853,-2.75365921010136,0.0266542176375509,0.0449317330122367,-5.08633245394524
"Q53H96_PYCR3",-0.059589681664562,21.2736984826055,-0.740471775359213,0.481675637707005,0.547545195097815,-7.74873726195777
"Q53HC9_EIPR1",0.282413378692063,19.2086095731943,2.94199417664364,0.0201633332974979,0.0354267297437674,-4.79562441556502
"Q53HL2_CDCA8",-0.287364616732248,18.8856980859057,-5.33140053134337,0.000883972910302351,0.0025819884622733,-1.42153753784404
"Q53HV7_SMUG1",-0.141081720753025,15.8767244398581,-1.20815771313773,0.263904186460048,0.328036483447479,-7.29335399263498
"Q53R41_FASTKD1",0.125682361583028,16.3730460570327,1.10654211381578,0.302909096212789,0.369007926945173,-7.40626017027548
"Q53RE8_ANKRD39",-0.976869483868672,17.1788392757543,-7.56035566404834,0.0000945352591424488,0.000464493011006115,1.04956781968531
"Q53S33_BOLA3",-0.157985396518161,18.9803188975734,-2.72179845570679,0.0279518103029624,0.0467975939168681,-5.13556734579008
"Q53S58_TMEM177",-0.310338107450502,16.5137275082303,-3.05342459234847,0.0204401457520694,0.0358468408093705,-4.66319211811989
"Q53SF7_COBLL1",0.313152713667424,17.3040535264638,3.97273639315369,0.00472875288324671,0.0104040770697062,-3.25092619962259
"Q53T59_HS1BP3",-0.301649010430342,18.7475057603011,-3.24120137994283,0.0130446637556884,0.0245562736629651,-4.33707025668992
"Q562E7_WDR81",-0.195381472945943,16.8018132533689,-2.41186650142583,0.0445489851398711,0.0701386009053736,-5.61335002539785
"Q562R1_ACTBL2",0.337899306301541,25.4405673836563,1.97948751659993,0.0907753337448688,0.129610885763746,-6.27980171389451
"Q567U6_CCDC93",0.565508930279652,19.0281535608142,10.3961796280073,0.0000105977810093903,0.0000948314380675557,3.4781652010657
"Q567V2_MPV17L2",0.498088247674987,16.1431110485705,5.73831421014042,0.00094228149491065,0.00271868531926476,-1.26850231329392
"Q56A73_SPIN4",0.677011319335513,16.7716768355564,7.5548841760122,0.0000949938759203774,0.000466445074403093,1.044199122321
"Q56NI9_ESCO2",0.0297074167630278,16.3576141474125,0.0941162525425102,0.928214014746918,0.940329754417296,-7.75546326856027
"Q56P03_EAPP",0.138643686606265,19.1258544546065,1.71050492837305,0.128286034798098,0.175115502633585,-6.65047175830147
"Q56VL3_OCIAD2",1.36039239274923,19.2653108566555,19.2058724188772,0.000000127435117861019,0.00000557052589914317,8.32763341721701
"Q587I9_SFT2D3",0.551152023256556,18.4854565665533,7.29905033859163,0.000119492963788924,0.000556560613948903,0.789720099510475
"Q58A45_PAN3",-0.345559059589156,18.1817518540953,-4.85907345630072,0.00153629298574482,0.00407650944152826,-2.02785082720261
"Q58FF6_HSP90AB4P",0.456338389090114,21.194405725794,0.83617538181279,0.439527661045217,0.507137043372257,-7.65805624470949
"Q58FF7_HSP90AB3P",0.843875855458126,18.2092454724565,0.963264004357588,0.377753098925947,0.444699366471495,-7.54031079165567
"Q58FF8_HSP90AB2P",0.168215504958887,23.2714744068906,0.79601909969562,0.455489325798509,0.52285720072796,-7.69840785449748
"Q58FG0_HSP90AA5P",-0.413355578460383,19.2383000021093,-4.0707878329972,0.00415181910200547,0.0093622105217473,-3.11025800823565
"Q58FG1_HSP90AA4P",0.482212948131597,18.5743945970778,6.45857446424881,0.000266016873965077,0.00101879372778368,-0.0967784680640698
"Q58WW2_DCAF6",0.195735364536802,16.2006660940061,0.974370294899076,0.365791273161447,0.434109599573407,-7.24927919382084
"Q5BJD5_TMEM41B",0.686578909647139,17.8939519373147,8.55651971246083,0.0000409223098230517,0.000248012022720424,1.97886092873649
"Q5BJF2_TMEM97",0.773138856771912,19.9016385601222,1.85436068092029,0.118811911846296,0.163770098133912,-6.47416529819721
"Q5BJF6_ODF2",0.0258899153952221,16.9898154513412,0.321603958866334,0.756581699867566,0.796385199314945,-7.99025339264508
"Q5BJH7_YIF1B",0.83860750037924,17.846541237505,3.75103440545489,0.00769933533453297,0.0157418556691078,-3.69585184875059
"Q5BKX5_C19orf54",0.132543853757802,15.8319791138461,1.46393236252366,0.184055060398409,0.239712806402448,-6.98145384058711
"Q5BKY9_FAM133B",-0.101135575962667,15.6157013934948,-1.39841386272335,0.202176369283167,0.259711782598846,-7.06476750637403
"Q5BKZ1_ZNF326",-0.0716717440930381,19.3955860755716,-1.28492957317521,0.237290213362114,0.298318902947477,-7.20365715911944
"Q5C9Z4_NOM1",-1.37816110678892,18.3277336419018,-17.4022085317491,0.000000262061510875211,0.00000836915908273792,7.54775816146123
"Q5CZC0_FSIP2",-0.166978509351594,16.5845004838317,-0.455213428344576,0.671447402769476,0.721229903327868,-7.83070725047978
"Q5D0E6_DALRD3",0.503104151320706,15.8414529355447,7.3969525642569,0.000221800977594042,0.000889489152523104,0.326167039155349
"Q5D1E8_ZC3H12A",0.343413908877984,16.4485340212909,1.99010825446398,0.114919664492792,0.158981260118621,-6.17656550641851
"Q5EB52_MEST",-0.843445691240809,17.2800247536675,-3.82487728493199,0.00658147506828914,0.0137637336731942,-3.55226544905187
"Q5EBL4_RILPL1",0.465775665758066,18.148278868106,5.59368579321007,0.000658964594414383,0.00206173784661283,-1.09828666461642
"Q5EBL8_PDZD11",0.38801056756478,19.0911968142515,4.27229133001066,0.00319201250743038,0.00751189577088969,-2.82526246278113
"Q5EE01_CENPW",0.0537769619596276,15.6159912055295,0.829655893269262,0.432489320745799,0.500839490498257,-7.67549014426927
"Q5F1R6_DNAJC21",0.373318189978047,18.9453206818653,6.19351843305303,0.000347920270580827,0.00124824602737631,-0.393568498428342
"Q5FBB7_SGO1",0.67800186423348,16.6484078250298,6.59700123913699,0.000231958739019347,0.000919373720156934,0.0548232739147636
"Q5GLZ8_HERC4",-0.061201815158455,19.0974872561085,-0.815797299736688,0.439895313516412,0.507407302791299,-7.68733194196751
"Q5H8A4_PIGG",0.66791226091981,17.4151942621348,6.94567374285852,0.000165792599762465,0.000710566396712909,0.426726319977146
"Q5H943_CT83",0.857977823904434,18.0053096272148,9.55540358641961,0.0000191080473191792,0.000144612744188733,2.82425318457789
"Q5H9R7_PPP6R3",-0.220302842686117,20.7534152858094,-5.18137086511887,0.00105008126977041,0.00296911454939545,-1.61071944446885
"Q5HYI7_MTX3",0.0569606583115103,18.423245380135,0.696427338813137,0.507284534848996,0.571615729194291,-7.78226351613771
"Q5HYI8_RABL3",0.39462934036699,19.4584611324893,6.96039495377883,0.000163504756266281,0.000703403380181749,0.442122727910473
"Q5HYJ3_FAM76B",-0.0150533413870875,17.5646043846158,-0.189158814638964,0.855014929678949,0.879767796961321,-8.02822068909853
"Q5HYK3_COQ5",-0.353831762316009,18.4072916734157,-5.35359313422792,0.000861965374042779,0.00253870919576025,-1.39381974793055
"Q5J8M3_EMC4",0.0460653035473158,20.7375217284507,0.77236265218094,0.463673632586685,0.530731948344356,-7.72335710422029
"Q5JPE7_NOMO2",0.0212537677646303,17.4108085207118,0.200443024247406,0.846492391775933,0.872806230661423,-8.02574284321166
"Q5JPH6_EARS2",-0.855818023566936,19.6746254551822,-15.3327878032931,0.000000658245573694229,0.0000149006423616616,6.54343109134972
"Q5JPI3_C3orf38",0.274887132506556,17.9839208093535,4.07084183319352,0.00415152323711015,0.0093622105217473,-3.11018089158202
"Q5JPI9_EEF1AKMT2",0.390228059550047,18.2011213451868,3.61469155910457,0.00769701067832279,0.0157417217583552,-3.77502559736987
"Q5JRA6_MIA3",0.3097581763686,19.0125449109608,4.37993439614544,0.00278067955736758,0.00669510880447541,-2.67532373030187
"Q5JRX3_PITRM1",0.278059788221242,21.6369991693387,5.82505655137263,0.000512340693855906,0.00168549451447579,-0.820873048347179
"Q5JS54_PSMG4",0.55595990708575,18.6453872726955,2.32424289617903,0.0559429799201502,0.0853736567561522,-5.78383687916073
"Q5JSH3_WDR44",1.06038844870456,19.6702892354855,18.3176301174086,0.000000180211133786738,0.00000683350536065925,7.95358202280539
"Q5JSZ5_PRRC2B",-0.60391948519452,18.8941677502563,-7.01706096417191,0.000155021401534654,0.000675310870602852,0.501161662071897
"Q5JT25_RAB41",-0.089631538631604,15.1733480813884,-1.03917891038733,0.351781210584478,0.419577840317633,-7.22727417200939
"Q5JTD0_TJAP1",1.19033458069855,17.2578282615254,16.381551556239,0.000000407065922919776,0.000010713298995598,7.06852488630439
"Q5JTH9_RRP12",-0.454658396455638,21.488430253769,-7.74332784759031,0.0000805373035568194,0.000416723836761951,1.22736464187523
"Q5JTJ3_COA6",-0.564195541266354,17.8365205872431,-5.48015573102854,0.000747475269916568,0.00226718739338655,-1.23704793053554
"Q5JTV8_TOR1AIP1",-0.288113474798415,20.8373004852832,-5.84613322199781,0.000500897362243481,0.00165572591795911,-0.795955739169433
"Q5JTW2_CEP78",-0.0537973811158992,16.9784697131352,-0.506290550473001,0.627277487303633,0.682378315858835,-7.90567631355558
"Q5JTZ9_AARS2",-0.0513185455793099,19.0359215596893,-0.630505044137316,0.547195626468037,0.608920253828221,-7.82904574144921
"Q5JU69_TOR2A",0.0663098688773012,17.6104859649614,0.797423420036936,0.449849426842822,0.517476518536979,-7.70277423463446
"Q5JU85_IQSEC2",0.377761796655269,15.7380679456177,2.76303874542659,0.0470373636288867,0.0735387847402492,-5.20215156435188
"Q5JUR7_TEX30",0.229228117763451,17.057572953928,1.63877705841326,0.142640916244148,0.192397022336051,-6.74932264296256
"Q5JVF3_PCID2",0.298124446199186,19.5959496686785,3.08449091433211,0.0163651911219699,0.0296413172151771,-4.5765481623239
"Q5JVS0_HABP4",-0.0358367998992506,15.9233349885074,-0.164660817932605,0.87473641962355,0.896059960627168,-7.97306009035738
"Q5JWF2_GNAS",0.901545124829017,22.0798819464393,15.7808808663008,0.000000534074733898341,0.0000133185981181337,6.77207640928041
"Q5K4L6_SLC27A3",-0.0627574564361097,18.7308676106378,-0.911832343536444,0.390383744197688,0.457442421563337,-7.60192372802971
"Q5M775_SPECC1",0.681858700565336,17.8102447710565,8.63766981537758,0.0000383620950125175,0.00023626080539693,2.05058469540991
"Q5M7Z0_RNFT1",-0.537764623840093,15.7948656463406,-4.56728348228249,0.00795638760527994,0.0161505962438642,-3.17654023728999
"Q5MIZ7_PPP4R3B",-0.707012471113078,18.3342595292118,-9.39615727072555,0.0000214734454540107,0.000156894357467056,2.69472462733281
"Q5MNZ6_WDR45B",-0.0155554521626087,18.6989555047394,-0.171550482709578,0.868354468962115,0.89096237568135,-8.03180305177915
"Q5MNZ9_WIPI1",0.418734514656919,16.4047609652076,5.04571962283702,0.00123027262015304,0.00338180467975569,-1.7844911266476
"Q5NDL2_EOGT",0.514532920768104,18.124921983598,4.89629144753865,0.00146914668481788,0.00393047122220357,-1.97892816527531
"Q5PRF9_SAMD4B",-0.233653838515867,18.0758826038566,-2.68998055478968,0.0293131439067056,0.0487868211278782,-5.18473527337639
"Q5PSV4_BRMS1L",0.48822919809416,17.9972577986729,3.6753989337206,0.00921528048671035,0.0182910812583296,-3.79539292880687
"Q5QJ74_TBCEL",0.230142406282553,16.1345985532773,2.48689218567782,0.0397755680010737,0.0634640172469408,-5.49807414424683
"Q5QJE6_DNTTIP2",-0.43931188930949,19.0578548293419,-4.42112589576134,0.00263889442387951,0.00641545340936818,-2.61837790380977
"Q5QP82_DCAF10",-0.314856427152055,16.6596369364146,-2.7412802510707,0.027150785474373,0.0456575004019636,-5.10546149945909
"Q5R372_RABGAP1L",-0.077199410345564,17.4594027717622,-0.837344214476131,0.428418594891271,0.496579066251602,-7.66884921418206
"Q5R3I4_TTC38",-0.365249380345269,16.4838337129112,-1.33211611678138,0.238709909863947,0.299806402646166,-6.66108868105668
"Q5RI15_COX20",0.0274872659503416,20.4508710212401,0.363931570346445,0.726010903389984,0.769086202114794,-7.97407174324032
"Q5RKV6_EXOSC6",0.0513655066325498,20.6037890009855,0.95198366735896,0.370938367571104,0.438780283630764,-7.56395919471681
"Q5SGD2_PPM1L",0.624853043800286,16.4937411065023,5.20093096838454,0.00102658988737811,0.00291896922743846,-1.5858763717025
"Q5SNT2_TMEM201",-0.408244503781255,18.525607423901,-5.8725224481055,0.000486967501346284,0.00162166147777576,-0.764840136255041
"Q5SQH8_C6orf136",-0.278128623720082,15.5324945865877,-2.80870877747823,0.0341488475863634,0.0556418454888347,-5.02873011904594
"Q5SQN1_SNAP47",-0.0712946281998725,16.1725893407829,-0.595105125686398,0.569386983684971,0.628648192467395,-7.85244315499981
"Q5SRE5_NUP188",0.164833611384857,19.6116097386961,0.893418377984484,0.402927381906557,0.47039912289285,-7.61518469483639
"Q5SRH9_TTC39A",-2.10365352316223,19.742519731154,-31.3404921735881,0.00000000344777260105389,0.000000708750227124753,12.0966906457614
"Q5SRI9_MANEA",0.389033174181048,16.5488929585117,1.79684304036728,0.122204789644784,0.167838503076603,-6.48367459986422
"Q5SSJ5_HP1BP3",0.690333274121958,20.3609790027551,10.4936497672132,0.00000992490700518828,0.0000909504128692314,3.55089220176043
"Q5ST30_VARS2",-0.0566866447189085,17.2642802342771,-0.623602969981591,0.55148146211402,0.612792987704782,-7.83370335976695
"Q5SVS4_SLC25A30",-0.220797028348009,17.2650536491535,-1.03511568128403,0.334882351017245,0.402769633434087,-7.47951450720353
"Q5SVZ6_ZMYM1",-0.137935106394714,17.2882675095216,-1.71118641861872,0.128156369586115,0.175001319043445,-6.64952353240249
"Q5SW79_CEP170",-0.0961901004977648,18.0166673387058,-0.943319055585901,0.375072149935771,0.442088760640241,-7.57226109418734
"Q5SW96_LDLRAP1",0.235197114335254,16.9048327088811,3.08887275195716,0.0162610917268739,0.0294761352894668,-4.56982915144175
"Q5SWA1_PPP1R15B",-0.0612619372367043,16.1936334882865,-0.579017013486464,0.590596755754669,0.648769342037841,-7.62063393108888
"Q5SWX8_ODR4",-0.932350537902952,18.7814949126662,-17.7013753556817,0.000000231405008280123,0.00000782501614653325,7.68276889856893
"Q5SXM2_SNAPC4",-0.0282503489417358,17.266719811122,-0.235141298533167,0.8204271121664,0.850275053159509,-8.01723544234478
"Q5SXM8_DNLZ",-0.0500268811922737,18.2603098716567,-0.216138537650851,0.835412488009122,0.863452559287591,-8.02166339442369
"Q5SY16_NOL9",-0.417675714966418,20.4197459180969,-9.00819776552438,0.0000287437652655429,0.000190605997044219,2.37103383886798
"Q5SZK8_FREM2",0.204000736126634,18.5306594667533,3.2411018926505,0.0130465293021354,0.0245562736629651,-4.33722170546051
"Q5T011_SZT2",-0.11706195844163,15.3097783575868,-0.744563278173434,0.503942892245488,0.568513225617088,-7.03659968020636
"Q5T0B9_ZNF362",0.465740870722748,17.7654027206931,1.87952238416752,0.104821528449676,0.146663269439027,-6.42153812521921
"Q5T0D9_TPRG1L",0.571316665532798,18.6814807192124,5.87345115323283,0.000486485164794731,0.00162147509352705,-0.763746761870615
"Q5T0F9_CC2D1B",0.187138374301544,17.6661251145335,2.3250792570361,0.0508025667686094,0.0786813933704018,-5.7461437917604
"Q5T0N5_FNBP1L",0.0531873087770016,17.5406328585187,0.704512226163517,0.502519448071666,0.567339011731199,-7.77624377468986
"Q5T0W9_FAM83B",0.0473490986093168,18.7355510370821,0.566858814852453,0.587461880561061,0.645512144401535,-7.87022952603749
"Q5T0Z8_C6orf132",-0.828180086365505,16.2474636519613,-12.0915090324586,0.00000363597312705998,0.000046793928264667,4.66260305354481
"Q5T160_RARS2",0.570869358459785,18.1952545811555,3.9219912147992,0.00538006721208555,0.0115922921289299,-3.36523060015414
"Q5T1C6_THEM4",-0.119203317387985,17.4841530928598,-1.54667736199078,0.163255541844354,0.216214809553919,-6.87327023222205
"Q5T1M5_FKBP15",0.117806721720548,20.6915919277047,2.48545820575642,0.0398617289233294,0.0635603313984599,-5.50028079117378
"Q5T1V6_DDX59",0.0446749275131033,18.602178050752,0.660851473613739,0.528591074442544,0.591766810746245,-7.80802340197907
"Q5T200_ZC3H13",-0.0674502574449711,18.6181158003875,-0.960115430871617,0.367090035325767,0.435243461993419,-7.55611381824135
"Q5T280_SPOUT1",-0.0816683838736942,20.3035966047349,-1.43714019968267,0.191282974438759,0.247389611219385,-7.01578435669861
"Q5T2E6_ARMH3",-0.5073886286064,20.4842618339442,-6.4189323214115,0.000276770892650646,0.00105203368790645,-0.140618398491139
"Q5T2R2_PDSS1",-0.659674856302132,17.8870794025993,-6.60526823142502,0.000230084153877882,0.000916240876646688,0.0638047823511982
"Q5T2T1_MPP7",0.468714820416171,18.3895686426495,5.82446086936149,0.000512668298894818,0.00168584309614958,-0.821578127063328
"Q5T2W1_PDZK1",-5.04430341157587,18.2059723146817,-17.2885607707481,0.000045325020886452,0.00026736680579948,2.97067144962861
"Q5T3F8_TMEM63B",-0.414714128381672,17.0316867253955,-4.1142026043904,0.00392117954176722,0.00893223897875042,-3.04838530873032
"Q5T3I0_GPATCH4",-0.865117699751252,19.1483880203735,-8.47644112578761,0.0000436381529150257,0.000259711886597563,1.90752550566531
"Q5T3J3_LRIF1",-0.572713743071233,16.5855206182309,-7.57240772117179,0.000093533776358162,0.000462044723976885,1.06138271588934
"Q5T3U5_ABCC10",-0.272878644821139,15.907242120751,-3.29328518704895,0.0121058493552562,0.0231001229794476,-4.25789619716102
"Q5T440_IBA57",-0.399735565533081,18.7189598249188,-5.85514167538826,0.000496093057547551,0.00164484908269689,-0.785323570851446
"Q5T447_HECTD3",-0.129505062973646,18.889137897395,-2.28313481882665,0.0541358480833817,0.0830490642440907,-5.8100556483961
"Q5T4B2_CERCAM",-0.15813428411083,16.3658476997914,-1.53406715658754,0.166281203099438,0.21961014599311,-6.88995974228977
"Q5T4S7_UBR4",-0.00182396619159064,21.7293325013354,-0.0373892971558174,0.971156072408592,0.976290389471286,-8.04764985245782
"Q5T5C0_STXBP5",0.742094530016168,18.2397678176508,9.38383304240852,0.0000216698125179407,0.000157723056470294,2.68462090603034
"Q5T5P2_KIAA1217",-1.24771592808996,17.5912278725591,-17.8890847973447,0.00000021424803972812,0.0000075771954381125,7.76628116898258
"Q5T5X7_BEND3",-0.261196070664401,17.4440651610092,-2.65970328676889,0.0306723390006019,0.0506609794654892,-5.23151550618515
"Q5T5Y3_CAMSAP1",-0.247207676592616,18.4445431826811,-3.93155175518662,0.0049965121254433,0.0109048697922874,-3.31039003465822
"Q5T653_MRPL2",-0.510907080216633,19.5111497413407,-5.83720222297764,0.000505711361191758,0.00166645765036022,-0.806507025189025
"Q5T6F0_DCAF12",-0.461575752326858,15.6829354302618,-3.98829760642284,0.0216156180319161,0.0375019139486209,-3.93382706976068
"Q5T6F2_UBAP2",-0.747351943853943,19.4846664751273,-12.3832159809072,0.00000306691758461536,0.0000418796681303131,4.85065646308448
"Q5T6S3_PHF19",-0.0737762031940647,16.5198080838155,-0.735061584740921,0.488133770431227,0.553562763963011,-7.68959327317195
"Q5T6V5_C9orf64",0.932137729281536,20.4022602499292,14.5054853824437,0.000000983535404382738,0.0000195320372995695,6.10320755975569
"Q5T8D3_ACBD5",-0.153923560768035,19.1329015435272,-2.12400099595608,0.068901395203766,0.102376247688971,-6.05044711198995
"Q5T8I3_FAM102B",1.07342630808477,17.1878340428927,11.5672825426038,0.00000498479299083506,0.0000579281968962726,4.31367484154746
"Q5T8I9_HENMT1",-0.238699510454797,18.1932640438148,-3.50395381539781,0.00898226431130505,0.017917414726406,-3.940194163438
"Q5T8P6_RBM26",-0.365618295547339,19.8076173497891,-5.34390079924292,0.000871501540428846,0.00255635970555411,-1.405916734595
"Q5T9A4_ATAD3B",-0.885112131128931,18.8381841724576,-11.3295993433271,0.00000577617590401177,0.0000631229797786114,4.15059040628312
"Q5T9C2_FAM102A",-0.383355170527578,16.1633819744078,-4.90180718034102,0.00145947301692902,0.00390733958703347,-1.97169459343162
"Q5T9L3_WLS",0.412759112978438,16.2629561391637,2.55766166732768,0.0412162918868138,0.0654333366919444,-5.39358498628433
"Q5TA45_INTS11",-0.213813548618813,19.7692763555099,-3.99379508288505,0.00459788232705706,0.0101720456601501,-3.22060694451653
"Q5TA50_CPTP",-0.153226790383172,17.0473086280111,-0.8171865188573,0.440107737265913,0.507575352485904,-7.68506816344734
"Q5TAQ9_DCAF8",-0.0805540748452351,18.666563549879,-0.821584441383842,0.43679200589533,0.504565078634238,-7.68240720394196
"Q5TB30_DEPDC1",-0.10607585614436,15.2934007518588,-0.952911230257705,0.380915720906515,0.447827073840651,-7.46108742294239
"Q5TBB1_RNASEH2B",-0.598853446789988,18.3882031385897,-9.99194451387454,0.0000139939454970468,0.000114943789903389,3.16986868517996
"Q5TC12_ATPAF1",0.176290715739359,19.8016315626742,2.55416924456518,0.0359401811769981,0.0582362628956641,-5.39442879503068
"Q5TC63_GRTP1",1.11660458402139,16.4630290418402,10.0570382004633,0.000313766808128828,0.00115681548358113,0.654742777980521
"Q5TC82_RC3H1",-0.0291276869474295,17.0804335156775,-0.390924991338366,0.706783647817087,0.752280496123253,-7.96274575826242
"Q5TC84_OGFRL1",0.467032122252336,15.7538739215501,5.82691353255122,0.000865712963055269,0.00254625398182459,-1.17340857294273
"Q5TCQ9_MAGI3",-0.456679538574953,17.1667569292,-6.2934257334189,0.000314141840635792,0.00115724030880373,-0.280681063768378
"Q5TDH0_DDI2",0.327487120465442,19.9634239923107,3.82984321812517,0.00573069095595872,0.0122402795313176,-3.45817906774367
"Q5TDP6_LGSN",0.413686471373175,16.7379816831462,3.16976798147984,0.0144598754811374,0.0267139123550079,-4.44601230123276
"Q5TEC6_H3-7",-0.578966200054843,24.1686973685887,-1.12663515046551,0.308852918390899,0.375235319549188,-7.37241537836045
"Q5TEU4_NDUFAF5",-0.232668674181166,17.6164942107771,-2.28884924903266,0.0536690797265144,0.0823994792894364,-5.80136000837654
"Q5TFE4_NT5DC1",-0.315904092874522,20.3164514318545,-4.22946778563068,0.00337371627688914,0.00787614671639619,-2.8853622053776
"Q5TGY1_TMCO4",0.237529169601324,15.566879442067,3.45449003645762,0.00962902193289076,0.0190180059261405,-4.01439605287957
"Q5TGY3_AHDC1",0.133850612628247,16.1590563997774,0.739600020382213,0.483156615888816,0.5489005557058,-7.74829840344564
"Q5TGZ0_MICOS10",1.16592760867678,19.1995756142027,5.71137466100497,0.000897956871401852,0.00261480090500861,-1.29752646166379
"Q5TH69_ARFGEF3",2.28740239285811,18.6950469465153,17.3261922243429,0.000000370599997440865,0.0000104179519676521,7.225988881404
"Q5THJ4_VPS13D",0.403069554148182,16.1806889611155,4.41750758132946,0.00265102711485699,0.00643591198072208,-2.62337050218868
"Q5THK1_PRR14L",-0.347202960626763,17.2568486386991,-3.20942843021167,0.0136550990694633,0.0255077219509031,-4.38547815796165
"Q5TKA1_LIN9",0.193380078140358,17.749853599591,2.94226100157403,0.0201554129269109,0.0354209960078753,-4.79521329182316
"Q5U3C3_TMEM164",-0.560886054727519,16.8184673330418,-1.3879616096017,0.228309866233632,0.28850720095913,-6.59245526759422
"Q5U5Q3_MEX3C",-0.741779765683187,15.7153791970857,-7.70068733115639,0.000975539773285953,0.00279998321343885,-0.688093150110557
"Q5U5X0_LYRM7",-0.358757277920073,19.7075510348072,-4.74921683980707,0.00175496276957288,0.00455571564005848,-2.17340922140795
"Q5UCC4_EMC10",-0.0995565576429058,19.7721458295748,-1.51020893454082,0.172145391196636,0.226137797140175,-6.92134042245267
"Q5UIP0_RIF1",-0.450849124297136,19.3620517304243,-6.73278448295364,0.000203208030393949,0.000834107004412509,0.201324001956737
"Q5VIR6_VPS53",0.214130604270139,19.5387847616013,3.87144390897946,0.00541718726781591,0.0116557641751083,-3.39757080330175
"Q5VSG8_MANEAL",-0.0550174182615315,17.1056124416123,-0.425869155304469,0.682227771117562,0.730642696018048,-7.9469316722251
"Q5VSL9_STRIP1",-0.0312636804283812,19.0593321093422,-0.503614465977694,0.6290688285407,0.68401679912517,-7.90715662668914
"Q5VST6_ABHD17B",-0.264224794808321,16.9125250746234,-2.91938513831825,0.0208464502720304,0.0364333871252444,-4.83047048809767
"Q5VSY0_GKAP1",0.105957541742326,15.7183091919043,0.714357584976179,0.50440003035463,0.56887108998774,-7.41832937324578
"Q5VT06_CEP350",-0.244966782425266,16.8491250391753,-2.36607297753313,0.047744949859826,0.0745377850233655,-5.68350408335895
"Q5VT25_CDC42BPA",0.24309371803178,18.7691218264803,3.94169835696375,0.00492905407359942,0.0107792942161579,-3.29571944270186
"Q5VT52_RPRD2",-0.344663514317038,20.9560956387693,-6.43082064724809,0.000273495880827313,0.00104323453840147,-0.127451175853361
"Q5VT66_MTARC1",0.19050207774565,15.6882775216141,1.7648325430234,0.124534213058636,0.170545053029165,-6.55828286555831
"Q5VTB9_RNF220",0.338423438267803,17.9682440693878,3.67350739985145,0.00709594731678598,0.0146782092171537,-3.68786121347232
"Q5VTE6_ANGEL2",-0.842286173091988,16.7174882393523,-7.60791626042341,0.0000906514932771097,0.000450650495337056,1.09610685080754
"Q5VTL8_PRPF38B",-0.482278082330655,20.2737279889535,-8.12768241651985,0.0000580785183087141,0.000321737225241136,1.59019125431203
"Q5VTQ0_TTC39B",0.316669282194116,15.602434310368,4.17430677204917,0.00362455575315355,0.00835152107194363,-2.96315062630532
"Q5VTR2_RNF20",-0.234077767882397,19.5728762698501,-3.7907637407062,0.00604310298583481,0.012778382349252,-3.51531238970315
"Q5VTU8_ATP5F1EP2",0.0555506271492767,18.4202304151952,0.537163603299437,0.606805981755877,0.663985944070666,-7.88807100372763
"Q5VU43_PDE4DIP",0.860930894338647,18.2180466041363,14.2508210426406,0.00000111779205490069,0.0000213614678364216,5.96268345379059
"Q5VU97_CACHD1",0.0686717672653074,15.6095126718608,0.952036114343806,0.37091345033345,0.438780283630764,-7.56390876205186
"Q5VUA4_ZNF318",-0.0750437641943797,17.7763053889173,-0.844122379638702,0.424852225056203,0.492820805822401,-7.66295240796602
"Q5VUM1_SDHAF4",-0.315213579406201,15.5436952943602,-2.31318739150833,0.0642879038692311,0.0963305352303727,-5.50638412669712
"Q5VV41_ARHGEF16",0.509877542179765,19.6056276464689,8.89666189541775,0.0000313193767375382,0.000202048498274568,2.27576545820595
"Q5VV42_CDKAL1",-0.149397800545326,18.2082911527994,-1.78198608936687,0.115338395830674,0.159473520939485,-6.55014656951098
"Q5VW32_BROX",0.49482266323043,20.1782179606475,10.2985814787314,0.0000113234486697086,0.000099109494340395,3.40472551650451
"Q5VW36_FOCAD",-0.702821051638541,19.6792942268847,-13.4924982653102,0.00000165773698083624,0.0000279573114772515,5.52918985132631
"Q5VW38_GPR107",0.427339500643438,18.7029738511537,6.35404441154683,0.000295433913996211,0.00110442222077445,-0.212790467085771
"Q5VWJ9_SNX30",-0.500937470635748,17.7345996517538,-5.6900189298139,0.000592912777462186,0.00190122031424004,-0.981913364276078
"Q5VWN6_TASOR2",0.092012836484237,18.3598732639968,1.47105682126097,0.182174604631234,0.237507720744801,-6.97226559199395
"Q5VWQ0_RSBN1",-0.484734694491934,19.2092501191279,-7.95051687485601,0.0000674167314110106,0.000363667843341948,1.42470498738063
"Q5VWQ8_DAB2IP",0.0344776950546066,16.0263962500318,0.422639009398607,0.684481200678127,0.73264340168278,-7.94844767305574
"Q5VWZ2_LYPLAL1",-0.739864346284651,19.7280079055473,-9.79097824619361,0.0000161273403754508,0.000127245384746555,3.01244778661545
"Q5VYK3_ECPAS",-0.246587888973131,21.0787435337026,-5.34351145286746,0.000871887040966794,0.00255650456190957,-1.40640294928469
"Q5VYS8_TUT7",-0.00290314870067476,17.1128710193133,-0.0280220894430794,0.978379890175823,0.981865344330032,-8.0479969013511
"Q5VYV7_SLX4IP",-0.0570465228966182,15.2231740716751,-0.807042244332211,0.453371969511305,0.520977066037617,-7.59382007880004
"Q5VYX0_RNLS",0.196922471468042,15.8797850829694,1.44245344605091,0.195873278640464,0.252681844867599,-6.94876889969286
"Q5VZ89_DENND4C",0.0700735814725313,19.1479171471752,1.22784451280119,0.256850767875513,0.320263432862483,-7.27069975654985
"Q5VZE5_NAA35",0.0929822489035672,19.3287735075754,1.54407911933365,0.163874826970661,0.2167707711198,-6.87671475053459
"Q5VZF2_MBNL2",1.55150764079744,16.91279980892,15.4432077867245,0.00000243759707756047,0.0000360707458597761,5.41471460569193
"Q5VZK9_CARMIL1",0.671425743608776,18.4813356167849,6.33102874023225,0.00030238687352736,0.00112192905368249,-0.23851378739877
"Q5VZL5_ZMYM4",-0.0113231099214985,18.2795181412992,-0.119757372737486,0.907838670674054,0.923378032782409,-8.04032504158807
"Q5W0B1_OBI1",-0.36290696555276,15.9188124870738,-2.65445722210484,0.0507516319616853,0.0786345310043957,-5.23807509988783
"Q5W0U4_BSPRY",0.857222744994555,17.0332110992353,6.10084580776542,0.000382895326791463,0.00133960526935413,-0.499401836332162
"Q5W0V3_FHIP2A",0.451920954895666,18.3888165609983,7.15421603880382,0.00013645049245868,0.000613382060071346,0.64259054907804
"Q5W0Z9_ZDHHC20",-0.107747902820364,18.4994917501792,-1.23137016566559,0.255604436164142,0.318813929397256,-7.26661696981922
"Q5W111_SPRYD7",-0.708359498028596,19.9787417844416,-10.3439423803194,0.0000109794421612182,0.0000968574556513171,3.43893562994395
"Q5XG87_TENT4A",-0.264828994511898,15.9854517103205,-3.29094216709648,0.0121465018573206,0.0231718818978631,-4.26145294852304
"Q5XKK7_FAM219B",0.489219711355652,15.8199706400972,6.9454749475017,0.000165823738386197,0.000710566396712909,0.426518240355007
"Q5XKP0_MICOS13",0.928364212490301,19.1937583476505,8.3887999654339,0.0000486983109467217,0.000284484910184919,1.7958294582805
"Q5XPI4_RNF123",0.00338838989090817,17.3403045435489,0.0364940052408518,0.971846392370012,0.976726170767219,-8.04768731715171
"Q5XUX1_FBXW9",0.365720015118704,16.0848899885332,3.198035292716,0.0168588593262473,0.0303643106880031,-4.45608356365042
"Q5ZPR3_CD276",0.245083023958923,19.372484429464,2.08716528021563,0.0737413949476251,0.108423941614467,-6.1092164125827
"Q629K1_TRIQK",2.00155346092201,18.398163745424,28.4652841462135,0.00000038180326939355,0.0000104460275791631,7.67748134073908
"Q63HN8_RNF213",0.190956932949451,20.6911285733363,0.861330732981678,0.421062159505565,0.488806050826198,-7.64204094923609
"Q63HQ0_AP1AR",0.851854207279638,16.2701929242685,7.26457608222839,0.000123304528461659,0.000567754339806781,0.754903410469298
"Q63ZY3_KANK2",0.430233333510113,16.5672534661371,4.08929226988256,0.00405176153466484,0.00918286598112657,-3.08385518735383
"Q641Q2_WASHC2A",-0.149456454560301,18.3334163956204,-1.47925993649912,0.180030794967473,0.235035054329317,-6.9616559090542
"Q643R3_LPCAT4",-0.0798455332785437,16.4712977707706,-0.805998550131758,0.45392509324394,0.521376360497343,-7.59304429921015
"Q658P3_STEAP3",0.185097283513542,18.382956327045,1.98903590749048,0.0845070314996408,0.121873432230995,-6.25094872548015
"Q658Y4_FAM91A1",0.0438315388331532,20.3684162987904,0.804280088065549,0.446116808321405,0.513493408609656,-7.69704610879692
"Q659A1_ICE2",-0.0268203484525742,16.6876131673721,-0.206972300279951,0.842406107742093,0.869145531129457,-7.96424599381554
"Q659C4_LARP1B",-0.248571735580533,17.2657999951515,-2.3167035622748,0.0514512276557194,0.0794917809362994,-5.75892138218748
"Q66K14_TBC1D9B",0.0270645262694984,20.145273003324,0.572934147503614,0.583547161254188,0.641766875144499,-7.86647070873283
"Q66K64_DCAF15",-0.128747354607956,16.4981384080462,-1.11494150434304,0.299516722110299,0.36578744193496,-7.39719216563302
"Q66K74_MAP1S",0.899066863855385,18.2804667218348,11.8074211637247,0.00000430716263820917,0.0000516723643946671,4.47531028321893
"Q66LE6_PPP2R2D",-0.174243638612801,17.8664310159446,-1.29874672246502,0.232958402763285,0.293503662649916,-7.18702710585911
"Q66PJ3_ARL6IP4",0.57701178908021,19.987772756131,8.48067947815462,0.0000434894441521489,0.000259410705882251,1.91131513317115
"Q676U5_ATG16L1",0.339616217982705,18.8863941901552,5.60839504398637,0.000648371841695075,0.00203919297253059,-1.0804365126507
"Q68CP9_ARID2",0.145410023525656,18.8393920439474,2.24123850523376,0.05768493582442,0.0877152382807954,-5.87368847769197
"Q68CQ4_UTP25",-1.20800921329274,19.2530062380404,-23.5255223039399,0.0000000287036782240569,0.00000242577973969086,9.9164819173777
"Q68CQ7_GLT8D1",0.447972299410537,17.9148008238219,6.12043062127131,0.000375190141711673,0.00131567368273812,-0.476945136988162
"Q68CZ2_TNS3",1.96601331569314,18.8816655758099,31.9319322361093,0.0000000030019058739095,0.000000693728802240988,12.2348928445374
"Q68CZ6_HAUS3",0.123013263399081,17.7193243058441,1.38319306483784,0.206605549679621,0.264552493411313,-7.08380631768613
"Q68D10_SPTY2D1",-0.386334464243426,18.530869890948,-5.16751232748819,0.00106708391777199,0.00300601491799029,-1.62835354552841
"Q68D20_PMS2CL",-0.227029902841686,15.401784296347,-2.81219942976085,0.0340008943530397,0.0554482852592667,-5.07103749379454
"Q68D91_MBLAC2",-0.365076499967721,18.6235883862716,-5.84200657370007,0.000503115366678297,0.00166161332130053,-0.800829751566456
"Q68DA7_FMN1",-0.178485025968234,15.6671717097201,-0.96463749721026,0.371775823173723,0.439224434771565,-7.48508144741544
"Q68DC2_ANKS6",-0.689971364310662,16.0100779989052,-7.036463594159,0.000621121456421849,0.00197419548581052,-0.535293893160114
"Q68DH5_LMBRD2",0.22519206614847,16.9978669317204,2.62001566856444,0.0325532327618073,0.0533620449108419,-5.29281459797716
"Q68DK2_ZFYVE26",0.190721525207337,16.5121974078736,1.7132514169608,0.127764219312174,0.174622578991625,-6.64664928949927
"Q68DK7_MSL1",0.161960028853649,17.3463441663199,1.81066209577383,0.110500662764304,0.153734779766837,-6.50943094959473
"Q68E01_INTS3",-0.323347846217008,19.8556659578902,-5.71390037974138,0.000577696110665923,0.00186184602445975,-0.953256643400704
"Q68EM7_ARHGAP17",0.150361426569074,18.9887347667081,2.50631242855649,0.0386272687147944,0.0618263901188398,-5.46817860053799
"Q69YH5_CDCA2",-0.478629377172471,16.9808747800702,-5.45787374293095,0.000766348038444035,0.00231487020667408,-1.2644885253812
"Q69YL0_NCBP2AS2",0.266473503029765,18.6902281451516,1.38821234606,0.209306275031028,0.267560256787563,-7.07630350599918
"Q69YN2_CWF19L1",-0.357424877481545,19.8768343077344,-6.09449521493809,0.000385431447830727,0.0013465874247832,-0.506694140477805
"Q69YN4_VIRMA",-0.102290941044341,18.8471702355292,-1.5711132713554,0.157534915129053,0.209680798721446,-6.84073113528337
"Q69YQ0_SPECC1L",0.272800087024866,18.1186529003515,3.99298956749672,0.00460281540341004,0.0101740813595864,-3.22176560895849
"Q69YU3_ANKRD34A",0.0521838286090759,16.1097455503115,0.506267628983353,0.627292819416904,0.682378315858835,-7.90568902399429
"Q69YU5_BRAWNIN",0.0884665148472195,19.2725601849346,1.69926631298997,0.130442209939167,0.177746471254803,-6.66608532302128
"Q6AHZ1_ZNF518A",-0.220787106356791,15.2532425063313,-1.93100211101976,0.118359547954569,0.163235307659556,-5.90834086403554
"Q6AI08_HEATR6",-0.169966822604259,21.3964640703175,-1.55623791992716,0.162564238712558,0.215374255294847,-6.86103420555957
"Q6AI12_ANKRD40",-0.253099260026058,17.4146192428965,-2.89886090892099,0.0214875807353589,0.0373138217061963,-4.86211953985735
"Q6BDS2_BLTP3A",-0.201744956835945,17.7709176135341,-2.94820200645679,0.0199799040375497,0.0351613026630271,-4.78606014148625
"Q6DCA0_AMMECR1L",-0.30849845666555,15.9280044598132,-4.07119912884503,0.00414956620531982,0.0093622105217473,-3.10967065434863
"Q6DD87_ZNF787",0.0487755719189131,17.6576136976455,0.667997107428644,0.524267519909574,0.587965018642321,-7.80294530842837
"Q6DD88_ATL3",0.588535836871873,20.6143275379852,9.94161176174002,0.0000144967734018656,0.00011783964190093,3.1307068245551
"Q6DKI1_RPL7L1",-0.296246956104401,20.7169251188958,-2.33362528272709,0.0520910590135564,0.0803660435815639,-5.74786424444866
"Q6DKK2_TTC19",-0.229261347067172,19.1552193843364,-2.00538229949649,0.0830789481246412,0.120178486009133,-6.22895201291087
"Q6DN90_IQSEC1",0.00604361620908023,19.8137820070568,0.102561688841489,0.921015012169411,0.934156578551879,-8.04248707720132
"Q6DT37_CDC42BPG",-0.431688600057079,18.6769736581579,-6.41441404185665,0.000278027026149289,0.00105575315071967,-0.145627242919565
"Q6EMB2_TTLL5",-0.0258094925799082,15.1769375156918,-0.323372269757304,0.761027647446368,0.800383889169949,-7.83537345330552
"Q6EMK4_VASN",-1.13887300774069,16.8363799676243,-7.38973313955466,0.00123224485588156,0.00338477947773028,-0.941128874933809
"Q6F5E8_CARMIL2",-0.157346443001057,16.1083084568233,-1.16762819829279,0.301605531316285,0.367747943442076,-6.83500153688925
"Q6FI81_CIAPIN1",-0.0257234042179206,21.281411586748,-0.335215731298561,0.746697017760578,0.787489949679279,-7.98526103197629
"Q6FIF0_ZFAND6",-0.352167624203581,17.7225678016387,-3.93448288938496,0.00497692287459503,0.0108714748374985,-3.30615064098997
"Q6GMV2_SMYD5",-0.696667688937335,19.3623107685492,-7.044918475061,0.000151031986873372,0.000661721942487825,0.530054801976322
"Q6GMV3_PTRHD1",-0.684834561007683,20.7229396790329,-4.2083304038741,0.00450064912067644,0.00999160545162851,-3.09579155302262
"Q6GQQ9_OTUD7B",-0.246023025043336,19.4722821870955,-2.64702122152058,0.0312608608519866,0.051487680303207,-5.25110656360062
"Q6GTX8_LAIR1",-0.536750275351707,16.6375484269259,-4.59055525664141,0.00780453509230282,0.0158975077429179,-3.07649827060089
"Q6GYQ0_RALGAPA1",0.672022350929666,18.1493086250423,9.92187515005502,0.0000146994674777175,0.000119067252008008,3.11530259925699
"Q6I9Y2_THOC7",-0.204452471330207,20.2562816162451,-3.99917612584385,0.00456507480524944,0.0101112285872822,-3.21286897996689
"Q6IA17_SIGIRR",0.721175830157602,18.4099320913306,11.1007391576663,0.00000667441589223363,0.0000692193253372352,3.99054405140749
"Q6IA69_NADSYN1",-0.686790858310932,19.1440505454249,-9.35096797062542,0.0000222034088036989,0.000159319931472579,2.65762091437526
"Q6IA86_ELP2",0.0702314779525857,19.1022668753452,0.950848872410038,0.371477809734652,0.439044718461223,-7.5650498729178
"Q6IAA8_LAMTOR1",0.135592172392847,21.0093497770427,2.26868300720112,0.0553346021804697,0.0845809855676552,-5.83202974894009
"Q6IAN0_DHRS7B",0.558050792716489,19.4172239904584,8.1265367019049,0.0000581340461976156,0.000321802538027775,1.58913051740295
"Q6IBS0_TWF2",0.419938010002458,19.806180418976,7.74251140201902,0.0000805943681142294,0.000416723836761951,1.22657870980178
"Q6IBW4_NCAPH2",-0.0491558972852211,19.2323288416748,-0.826389049200215,0.434227202742359,0.502622447733737,-7.67829653776659
"Q6IC98_GRAMD4",0.496009562612944,16.6668960866344,5.96273186271508,0.000442499210602709,0.00150723197306055,-0.659161371940971
"Q6ICB0_DESI1",0.793482004437454,17.8235491725265,6.66528654214626,0.000216970176801935,0.000876407416227042,0.128768631348764
"Q6ICG6_KIAA0930",0.26491420576826,17.3036221267645,3.07550026249217,0.0165809899981165,0.0299489456009675,-4.59033791202505
"Q6ICL3_TANGO2",0.64749697134317,17.425198252646,9.04479545093463,0.0000279511735243702,0.000186324825439404,2.40207473470893
"Q6IN84_MRM1",-0.24130724974836,17.6057628534463,-3.44278896349277,0.00978919100069682,0.0192593343898862,-4.03198594267325
"Q6IN85_PPP4R3A",0.355297414171545,20.4766879092926,6.89052756427237,0.000174686186455203,0.000742269907362165,0.3688340529174
"Q6IPR1_ETFRF1",-0.110719910738528,15.5359467425242,-1.38980104921954,0.204672283608847,0.262430443211209,-7.07555581606644
"Q6IPR3_TYW3",-0.0617578952671138,17.0050996437011,-0.796310019834319,0.450457556656445,0.518097712978818,-7.70370048160853
"Q6IPU0_CENPP",0.100165903402338,16.5144363817079,1.00078921880139,0.348293822599268,0.416474304809538,-7.51609864636116
"Q6IQ21_ZNF770",-0.226546598702537,16.4286671343811,-2.37472650821736,0.0471236821582623,0.073643461371634,-5.67026094499079
"Q6IQ22_RAB12",0.024828174783007,19.1302463474686,0.380727313869752,0.714021713254499,0.758392564029286,-7.96711613337673
"Q6IQ23_PLEKHA7",1.36733353603821,17.7616450141592,19.1303577788938,0.0000001311655410368,0.00000564884053540577,8.2965470931598
"Q6IQ32_ADNP2",-0.395497367091174,17.3638189877179,-4.09851085808504,0.00400289443816313,0.00909107646959355,-3.07071902175455
"Q6IQ49_SDE2",0.0111960562101885,18.1973287032228,0.101069282107148,0.922159886556585,0.935068403832741,-8.04265899380814
"Q6ISB3_GRHL2",0.255985691713782,19.659072183072,4.55358813270936,0.00223393826229695,0.00558007698621696,-2.43688225042334
"Q6JQN1_ACAD10",-0.23642371449569,17.1835276650597,-2.23920312625089,0.0578631807432053,0.0879335370095543,-5.8767741882737
"Q6KB66_KRT80",0.649254378899045,19.2066782296596,5.79881780506703,0.00054534003869887,0.0017740354177756,-0.878882988468893
"Q6KC79_NIPBL",-0.0157874397188138,18.3479720559869,-0.220545184446801,0.831364532262218,0.859852955179009,-8.02097719430896
"Q6KCM7_SLC25A25",-0.0737591748430155,17.4864322926301,-0.560110138736342,0.591827690709215,0.649933787977806,-7.87436182587082
"Q6L8Q7_PDE12",-0.187157714316776,21.2793535808618,-3.59726369646677,0.00788545274488559,0.01603227842224,-3.80092965250129
"Q6MZP7_LIN54",0.308100955337476,17.8644811457802,4.56820311602617,0.00219359970475975,0.00549918238444386,-2.41701002517021
"Q6N043_ZNF280D",1.1626825580942,18.5811978276926,12.7054111300927,0.00000255206642873543,0.0000368534612079323,5.05354594950381
"Q6N063_OGFOD2",0.284507004082158,17.5599736596908,2.92751163642949,0.0205981628226871,0.0360740562812246,-4.8179433165626
"Q6N069_NAA16",-0.549459133930078,18.3695692028476,-8.55711243802494,0.0000409029279574862,0.000248012022720424,1.97938686098687
"Q6N075_MFSD5",0.0509083261703989,15.5053984768969,0.39277108828954,0.707214737447307,0.752634013295678,-7.90086573345826
"Q6NS38_ALKBH2",-0.0977997671427708,17.7808487841007,-0.812394971429334,0.441726923321858,0.509133956476141,-7.6902136686549
"Q6NSJ0_MYORG",-0.661742840077924,17.3353869513727,-4.70752342661541,0.0018467183999732,0.00476494975903598,-2.22910368727648
"Q6NSJ2_PHLDB3",0.638233418248976,16.7871502191907,6.67471991372796,0.000214985781018746,0.000871632116433146,0.138940807437262
"Q6NSJ5_LRRC8E",0.0507944636796758,17.3184696973128,0.431038968961652,0.678628326418036,0.727812612906879,-7.9444824603156
"Q6NTE8_MRNIP",-0.469861694376759,15.9588540703386,-4.78337068973696,0.00168352303111003,0.00440787475890633,-2.12797124295891
"Q6NTF9_RHBDD2",-0.219614511996859,17.4275429802728,-1.46453611251609,0.184170565212915,0.239822174115637,-6.98066310442818
"Q6NUJ5_PWWP2B",0.520163522446278,17.2841819697575,5.47600004992244,0.000750955758157438,0.00227464382951388,-1.24216054974402
"Q6NUK1_SLC25A24",0.181910503196093,22.9433099802679,3.64501446351726,0.00738057168590304,0.0151556771714305,-3.7300374440936
"Q6NUK4_REEP3",-0.215415777478146,18.0868447489502,-2.83207968980296,0.0237202279668914,0.0406342463775172,-4.96518664022107
"Q6NUM9_RETSAT",0.795546619357889,18.0443511045395,8.9413836796071,0.0000302567357684091,0.000197268420540563,2.31408596229401
"Q6NUN9_ZNF746",-0.149585678389439,15.1465431729668,-2.30466504794449,0.0576830771081249,0.0877152382807954,-5.75428103235531
"Q6NUQ1_RINT1",0.205426057440295,17.6909756577235,3.135803501662,0.015189006204654,0.0278782773148162,-4.49794372577315
"Q6NUQ4_TMEM214",-0.668514330534819,19.6996768064241,-11.9968737097229,0.00000384549103634342,0.0000485054806342091,4.60067519643239
"Q6NUS6_TCTN3",-0.305191696508345,17.7204408312537,-3.13205750650269,0.015271772381718,0.0279896628277946,-4.50367624253059
"Q6NVY1_HIBCH",-0.243458601304091,21.0190529489544,-3.47672076983638,0.00933238642594916,0.0184773591672105,-3.98101573991309
"Q6NW29_RWDD4",-0.989215181027173,18.8366938159094,-14.6214582626313,0.000000928508877512159,0.0000185872150934012,6.16639749170894
"Q6NW34_NEPRO",-0.346278396582349,16.9618341492704,-2.93836478783057,0.0202713919680113,0.0355919222780919,-4.80121685917463
"Q6NWY9_PRPF40B",0.0462911894101943,15.4118935400756,0.481153477875607,0.649087802778062,0.701970969419869,-7.57247937002611
"Q6NXE6_ARMC6",-1.36811072137296,18.2370422939,-17.9611406313938,0.000000208047997585569,0.00000739445359642914,7.79809798420464
"Q6NXG1_ESRP1",0.509377748179283,20.6613225678346,8.59178946564149,0.0000397867344777795,0.000243261979451761,2.0101033629227
"Q6NXR4_TTI2",-0.00493964818840809,18.4692440468079,-0.0852368269721011,0.934316966389717,0.944561333106999,-8.04432799593632
"Q6NXT1_ANKRD54",-0.192719131768637,17.3531174157742,-2.18641814530214,0.0626831669224029,0.0942415828447908,-5.9565992754291
"Q6NXT4_SLC30A6",0.156443307964899,17.0091961868775,0.726074869722974,0.494921097289087,0.560257458845184,-7.69469957504158
"Q6NXT6_TAPT1",1.98296355700982,17.3945147451279,25.8093542687093,0.0000000144932241215649,0.00000167023428285792,10.6313424203192
"Q6NYC1_JMJD6",-0.646186948206797,20.0709985050537,-9.701230006431,0.0000171964783001314,0.000133465728521224,2.94122357951043
"Q6NYC8_PPP1R18",0.59147421476974,17.1856226664274,4.47371365758023,0.00246924208625283,0.00606623233463792,-2.54602574034883
"Q6NZ67_MZT2B",0.0333497925076749,17.3763800118103,0.284781211620527,0.783559961750457,0.818760416138752,-8.00274762585309
"Q6NZY4_ZCCHC8",0.121593408689016,19.205286775962,1.98907932476988,0.0845014922092502,0.121873432230995,-6.25088483434826
"Q6P087_RPUSD3",-0.048024846261395,18.1664714337121,-0.80901291835587,0.443552853348942,0.510696791185597,-7.69306822631301
"Q6P0N0_MIS18BP1",0.51189041331606,16.7770238031297,6.12889038968939,0.000371915269085615,0.00130713644382174,-0.467259900505052
"Q6P0Q8_MAST2",-0.00533664919114862,15.2333706194203,-0.0820903833721472,0.936735313344406,0.946310835421439,-8.04462596369388
"Q6P158_DHX57",-0.79976945700357,18.4523308864702,-11.9988051992252,0.00000384108095856623,0.0000485054806342091,4.60194371665002
"Q6P161_MRPL54",-0.544204160987324,19.2827835401363,-6.19889921871932,0.000346001466915524,0.00124263993269588,-0.387456842116528
"Q6P1A2_LPCAT3",0.952656740285256,19.0850950115209,10.0997359912005,0.0000129817652778095,0.00010874372984914,3.25315093655612
"Q6P1J9_CDC73",0.000384952277617145,20.5996404602951,0.0075214193031203,0.994196139153226,0.994981030842031,-8.04840965850811
"Q6P1K2_PMF1",-0.258229166886945,18.2445521291585,-3.74780755443648,0.00640784310806708,0.0134619705729654,-3.57833145949187
"Q6P1K8_GTF2H2C_2",-0.0439411874060607,15.5454225395948,-0.451845435619022,0.672510197131444,0.722269494405784,-7.69618812412577
"Q6P1L5_FAM117B",-0.196702180550812,15.3627549519482,-2.90148541719493,0.0214044586473478,0.0372034534898829,-4.85807165459609
"Q6P1L8_MRPL14",-0.385277534924732,19.7461714809521,-5.0298739024378,0.0012534539933254,0.003434345976906,-1.80495940224826
"Q6P1M0_SLC27A4",0.532153068491652,20.5843076750488,10.4779357736708,0.0000100300574254359,0.0000916763841069214,3.53920853375747
"Q6P1M3_LLGL2",0.944228161558243,19.941184912435,10.1425523313665,0.0000126027919100669,0.000106744805420901,3.28601245851642
"Q6P1N0_CC2D1A",-0.0651799969397153,21.4025187577506,-1.30392677464455,0.231068764822036,0.291509209692554,-7.18091382061004
"Q6P1N9_TATDN1",-0.230450818414432,21.8243565270797,-2.63141321992033,0.0321429288155083,0.0527804655809059,-5.27729792290859
"Q6P1Q0_LETMD1",-0.0237994881460413,15.5559413004078,-0.192567327083196,0.854262436056118,0.879112446034749,-7.68452869407447
"Q6P1Q9_METTL2B",-0.364494968131314,19.2931362346592,-4.38042810889155,0.00277893169157158,0.0066930191406249,-2.67463977260515
"Q6P1R4_DUS1L",-0.484278216938119,18.6073517161615,-6.67512484697513,0.000214901053681297,0.000871632116433146,0.139377220978488
"Q6P1X5_TAF2",-0.260422147649525,18.0257826849801,-3.7429769833502,0.00645032106245052,0.0135415793544021,-3.58543228819545
"Q6P1X6_C8orf82",0.575776373642899,19.9981773716047,11.9030850875636,0.000004066666982896,0.0000500956278436404,4.53884697452006
"Q6P2C8_MED27",0.00507277624962654,18.9086160852756,0.0888691886196015,0.931526059725194,0.942931489256032,-8.04397010404514
"Q6P2D0_ZFP1",-0.148713301831876,16.3320344427627,-1.52297082429987,0.168985691743778,0.22256366604384,-6.9045868563468
"Q6P2E9_EDC4",-0.183373049070351,21.9022698795733,-3.27522006005805,0.0124230709070083,0.0236342864729128,-4.28533163253847
"Q6P2H3_CEP85",-0.258582427878107,17.7819445114356,-3.59791136550215,0.00787836175909336,0.016026429403494,-3.79996636994687
"Q6P2P2_PRMT9",0.308308241622537,17.352252991345,3.56437193296702,0.00825473204492645,0.0166583953127383,-3.84991149692297
"Q6P2Q9_PRPF8",-0.293664585393692,22.3700208596816,-7.14434867591126,0.000137700156443509,0.000617175833770965,0.632484479830332
"Q6P2S7_TTC41P",-0.247250907258765,15.2370652314055,-2.36256633430955,0.0876831113411859,0.126023761311614,-5.61961344915281
"Q6P3S6_FBXO42",-0.0457634853794353,15.9986852584619,-0.619594725735172,0.553979531586024,0.614939917869716,-7.8363869829572
"Q6P3W7_SCYL2",-0.292327964932213,20.2962231607736,-5.98570222710554,0.000431909316633911,0.00147904413536789,-0.632420888421565
"Q6P3X3_TTC27",-0.464438640949918,18.8473968549295,-7.27263954374749,0.000122400983525954,0.000566980438914985,0.76305830741266
"Q6P444_MTFR2",-0.220362987631892,15.6629814857343,-2.6907662981554,0.029278711815748,0.0487401799235236,-5.18352113392137
"Q6P4A7_SFXN4",-0.722909841381231,18.5862715776662,-8.6008770526505,0.0000394999025502815,0.000242092069941532,2.01813590330678
"Q6P4E1_GOLM2",0.679952863925763,18.3776932647124,9.8873335084029,0.0000150619298220724,0.000120972585244649,3.08827780971957
"Q6P4F2_FDX2",-0.035571681786891,17.4252270901917,-0.442195532856824,0.670890960901495,0.7208288761484,-7.93910130450757
"Q6P4F7_ARHGAP11A",-0.147095724123236,15.3559504240425,-1.9934550372423,0.0898943046651722,0.128642724606453,-6.20326568164049
"Q6P4H8_ATPSCKMT",0.107057217666593,16.1363348437822,0.439843898792318,0.679780026331956,0.728636820783661,-7.84232439133704
"Q6P4I2_WDR73",0.0294837055851715,19.2502160923493,0.476816249887384,0.647151830734799,0.700076351097835,-7.92157492516864
"Q6P4Q7_CNNM4",-0.427641114399073,19.2806127765694,-8.32136255316264,0.0000494924149903647,0.000286599729320709,1.76777341754796
"Q6P4R8_NFRKB",0.207702018181866,20.5084410563507,3.62873744148224,0.00754865713306558,0.015467426226858,-3.75417350638991
"Q6P582_MZT2A",-0.286596880741094,17.2052967084462,-3.29719524569532,0.0120383299080936,0.0230059138896883,-4.25196171006837
"Q6P587_FAHD1",0.206075526845261,20.3265603278854,3.39433697797514,0.0104833614320804,0.0204033897268177,-4.10496783926432
"Q6P597_KLC3",-1.01757384049773,17.4915763833089,-10.392821089793,0.0000106218651101146,0.0000949352597268296,3.47564831396933
"Q6P5R6_RPL22L1",-0.226510894457036,19.5303386564546,-1.47008436954543,0.185315500921637,0.241065452370441,-6.97341903211592
"Q6P5X5_C22orf39",-0.0800036848274974,15.2785458340678,-1.06171017922422,0.333082436771131,0.400921825301665,-7.30442180666014
"Q6P5Z2_PKN3",0.501471144335987,15.8616388445487,5.7921346448049,0.000530799934300581,0.00173645776356569,-0.859911286521573
"Q6P6B7_ANKRD16",-0.103900726372768,17.738262508654,-1.32566831479456,0.224121113993108,0.283827038466797,-7.1546286068549
"Q6P6C2_ALKBH5",-0.146126810137694,19.7071105726386,-2.32651069804945,0.0506925363903858,0.0785589714313925,-5.7439593156789
"Q6P996_PDXDC1",-0.430544481297929,20.8712142048228,-9.46067374454769,0.0000204775740546788,0.000151069280562451,2.7474298679925
"Q6P9B6_MEAK7",-0.795013343711553,19.6898896191583,-12.9405069968947,0.00000223781776663389,0.0000337715117718599,5.19851554976517
"Q6P9B9_INTS5",-0.230928911495386,19.0589535209484,-3.26527912563642,0.0126013913272613,0.023897353560929,-4.30044073102334
"Q6PCB0_VWA1",0.199767558453665,16.1900513663576,1.16266342689183,0.282098545726512,0.347584892077734,-7.3437303714965
"Q6PCB5_RSBN1L",-0.738577328938899,17.4517087311397,-7.13092321459342,0.000139421023891245,0.00062378606336283,0.61871721836928
"Q6PCB6_ABHD17C",0.514594975530454,17.1790352395556,3.11039737578244,0.0189398058723976,0.0335716997122946,-4.35677492371314
"Q6PCB7_SLC27A1",0.0523734811110526,15.6710373693943,0.74129224732042,0.484597598446982,0.550208886966375,-7.68470097801031
"Q6PCB8_EMB",-0.274855113388583,16.8679267801914,-2.53402495511939,0.0370471041986572,0.0597245177055927,-5.42548473226892
"Q6PCD5_RFWD3",-0.451241226757213,15.6524592108657,-4.60447225064927,0.00467520169956282,0.0103071258338768,-2.73743713850722
"Q6PD62_CTR9",0.0891705708757833,19.4563223719143,1.79719128185405,0.112748674523906,0.15646167094122,-6.52858944709512
"Q6PD74_AAGAB",-0.133461407672396,19.5667351942098,-1.72643466823371,0.125287135718108,0.17148537921096,-6.62826441660258
"Q6PFW1_PPIP5K1",0.0911000839312202,16.4032553351965,0.77592678138372,0.461690200309257,0.529098979055288,-7.72046384374749
"Q6PGN9_PSRC1",-0.939979902188661,16.489775312717,-5.71247359652982,0.000622993632380088,0.00197684170541633,-1.01282597580471
"Q6PGP7_SKIC3",-0.0391255453746631,18.6204449202488,-0.568081248514168,0.586673006546994,0.644831631184456,-7.86947615642815
"Q6PH81_C16orf87",0.0722246238437929,15.8843805812145,0.935434589469643,0.378863605153525,0.445728782799336,-7.57976358363435
"Q6PHR2_ULK3",0.807097426880425,18.6243108374636,10.5993426363385,0.00000924908338831596,0.0000861059097325963,3.62906889285302
"Q6PI26_SHQ1",-0.151752949725545,17.2009917203984,-1.20774674022984,0.264053138695983,0.32816800211138,-7.29382429865071
"Q6PI47_KCTD18",0.0730249998866093,17.192533081879,0.816703810944244,0.439408193786052,0.507137043372257,-7.68656244018737
"Q6PI48_DARS2",-0.5823805810709,22.0336137768087,-11.4548448783346,0.0000053428123968392,0.0000602929244664079,4.23691767980654
"Q6PI78_TMEM65",0.0643931602233643,17.9895772952739,1.02206103951824,0.3387626249769,0.406664855677763,-7.49466676553235
"Q6PI98_INO80C",-0.136239690136996,17.1092199004676,-0.954819437582006,0.369592915405512,0.437460895514212,-7.56122921830093
"Q6PID6_TTC33",0.13090070268618,18.0002743053421,1.54974051354846,0.16252818623238,0.215364004265415,-6.86920556138906
"Q6PID8_KLHDC10",0.14130982355629,15.8792773378673,1.79693660077002,0.112791592337707,0.156492676271543,-6.52895111892959
"Q6PII3_CCDC174",0.227663130416548,16.7697485384079,1.90227120448334,0.0963123870295773,0.136314107879971,-6.37773054175879
"Q6PII5_HAGHL",0.261855335695977,16.2368728649016,2.32163000949721,0.0563109317365723,0.0858346531878963,-5.69828604858555
"Q6PIJ6_FBXO38",0.183988944389693,17.3423550326582,2.28376473942613,0.0540841950556075,0.0829865619513719,-5.80909728554341
"Q6PIU2_NCEH1",0.592789590203477,18.9686920673935,10.434208785833,0.0000103293208528856,0.0000935224661646828,3.50661330316307
"Q6PIW4_FIGNL1",-0.281851007833467,17.1843329903557,-3.23600973778108,0.0131423946396634,0.0246939361732412,-4.34497452389526
"Q6PJ69_TRIM65",-0.266822000022945,18.2265351440209,-3.72596362311991,0.00660236255996467,0.0138036200195413,-3.61046405419411
"Q6PJF5_RHBDF2",-0.911294901622496,16.121334094603,-6.76456460962878,0.00019706766878922,0.000815948115846928,0.23530190607412
"Q6PJG2_MIDEAS",0.477478782279949,19.2228290746305,8.03291476380935,0.0000628792206549975,0.000343824120993466,1.50203868902503
"Q6PJG6_BRAT1",-0.740926612085875,20.6440549023544,-12.1600161902377,0.00000349233166727777,0.0000461035423259232,4.70714903433944
"Q6PJI9_WDR59",0.787813801088696,18.1071085219963,7.68728010656295,0.0000845619034667791,0.000430512731767374,1.17325821388343
"Q6PJT7_ZC3H14",-0.183598585131207,20.0994166909395,-3.33613869668481,0.0113873080387551,0.0219159577284341,-4.19292901321738
"Q6PJW8_CNST",0.488495959518396,16.8212496510141,1.90838401273961,0.111520105239493,0.155011315872,-5.9271344574317
"Q6PK04_CCDC137",-0.726484577715571,19.7645381435502,-9.34217604016974,0.0000223486474178372,0.000159643325427208,2.65038404924113
"Q6PK18_OGFOD3",-0.222202307678341,16.8712058298822,-1.71538186197251,0.127360822004659,0.174102518362227,-6.64368237507787
"Q6PKC3_TXNDC11",-0.112600496668167,15.3617927267733,-1.01965687879237,0.350952191678643,0.418851776229053,-7.0073077489107
"Q6PKG0_LARP1",-0.52618813125132,21.284798059251,-9.80030126711389,0.0000160206339171223,0.000127062504247792,3.01981355138357
"Q6PL18_ATAD2",-0.0818860504698655,19.8373902082637,-0.876205448875304,0.408257509431002,0.475747911250528,-7.63451202192408
"Q6PL24_TMED8",0.239068328257602,19.2123985981661,3.59179916243868,0.00794555455102957,0.0161415298918619,-3.80905896964859
"Q6PML9_SLC30A9",0.763501315009755,17.6903360376785,10.6760995355841,0.00000879074643793579,0.0000831110666613776,3.6854018541723
"Q6Q0C0_TRAF7",0.136114354208939,18.5173003592658,1.25399166225066,0.247728246811348,0.309912670778696,-7.24023770017853
"Q6QHC5_DEGS2",-0.0428447354425145,16.707801290823,-0.262634902331484,0.800003712956708,0.83273959774856,-8.00950726114464
"Q6QNY0_BLOC1S3",0.476312247687307,17.9826087259601,5.55039701509667,0.000691266655847264,0.00213991623295657,-1.15098910688745
"Q6QNY1_BLOC1S2",-0.118175651485764,19.2665801387645,-1.30351803458091,0.23120113623916,0.291627834533176,-7.18140537764217
"Q6R327_RICTOR",0.601073762337453,17.9598806176632,8.93015866494002,0.0000305195964076727,0.00019806488931464,2.30448298533994
"Q6RFH5_WDR74",-0.151880064670152,18.6794103413286,-1.39162539437217,0.204141353019905,0.261882127014572,-7.07327392568222
"Q6RW13_AGTRAP",0.240083219958638,17.6499039145282,1.45188202223834,0.188730783403177,0.244629573715843,-6.9968026059272
"Q6SJ93_FAM111B",0.288940305248271,18.5442822562536,3.08524232430698,0.0163472900233112,0.0296253247360746,-4.57539588296411
"Q6SPF0_SAMD1",-0.298282915035983,19.2649670153966,-4.22466216485603,0.00339479979577138,0.00791322318315571,-2.8921224196408
"Q6STE5_SMARCD3",-0.346892283322155,15.1908044049928,-3.7776945108218,0.0159811431061274,0.029072608099786,-3.99359603777011
"Q6U841_SLC4A10",0.453777365383452,16.529091237855,3.35131570435013,0.0111438372642351,0.0215345595101048,-4.16995990998375
"Q6UB35_MTHFD1L",0.099102862794151,20.5002692665594,1.89319546943546,0.0976357992971034,0.137956137739879,-6.39088247646653
"Q6UB99_ANKRD11",-0.502561472227804,17.3257884627153,-5.5003732303636,0.000730795216031811,0.00223218654036924,-1.21220862920644
"Q6ULP2_AFTPH",-0.00417759340475499,18.3936736080602,-0.0623239384327388,0.951942850276832,0.959511969149958,-8.04624188448086
"Q6UN15_FIP1L1",0.0771366571169452,20.7674732080526,1.30830896699044,0.229653670597372,0.289916318433794,-7.17563765502463
"Q6UUV7_CRTC3",0.153127797553413,15.9991070972003,1.42081183361746,0.195810923984733,0.252644255780811,-7.03653101747502
"Q6UUV9_CRTC1",0.343706170281976,17.2655902358966,4.51006824315076,0.00235894317262209,0.00582914937328253,-2.4962370171273
"Q6UVJ0_SASS6",-0.228695377009839,16.7292284216309,-1.44723269910643,0.194582231591749,0.251311211897277,-6.94275159375947
"Q6UW02_CYP20A1",0.359943311008831,18.1219403051067,5.90713988445939,0.000469341766427873,0.00157886487193737,-0.724160966320976
"Q6UW56_ATRAID",-0.673455020005562,17.9550048412577,-4.12544028193427,0.00580637695051043,0.0123845493790192,-3.25221204671838
"Q6UW63_POGLUT2",0.13441635989577,16.7418234192086,1.26713454339167,0.243247286828375,0.304850694285158,-7.22476796019704
"Q6UW68_TMEM205",0.601396398631259,21.0712696450348,4.58245948672546,0.00255618930263419,0.00624554315317561,-2.52102302264857
"Q6UW78_UQCC3",-0.497504609885297,18.9388748050715,-5.3977562990675,0.000819949091546303,0.00244378244134059,-1.33886441726299
"Q6UWE0_LRSAM1",0.570584807728046,19.5664089681361,7.6469974937499,0.000087593548908346,0.000440341396561057,1.13417757974647
"Q6UWH6_TEX261",-0.11341561595745,16.8728014544371,-0.520428600275737,0.618738577309999,0.674906872080863,-7.8968257076112
"Q6UWI4_SHISA2",0.662428136806966,16.2719311154888,4.03102782868567,0.00902372597016705,0.0179846378045344,-3.56102410403334
"Q6UWP2_DHRS11",-0.748744108558654,18.3437852989995,-9.98332376007673,0.0000140786567470653,0.000115390369847176,3.16317366302528
"Q6UWP7_LCLAT1",-0.624507927456474,19.0922444044066,-8.7340961671965,0.0000355507449126338,0.000221425281627775,2.13507948173506
"Q6UWS5_PET117",-0.352731938214607,16.3003358161227,-2.72492040367102,0.0278218150738949,0.0466415528878212,-5.13074287713348
"Q6UWU4_C6orf89",0.037915173766347,18.2132917814099,0.453076548078029,0.663385212474644,0.714487103664987,-7.93372745861337
"Q6UWZ7_ABRAXAS1",0.47344586607678,16.4844424076515,3.98501555127699,0.0046519599205204,0.0102618350218904,-3.2332401686532
"Q6UX04_CWC27",-0.231816402169368,19.0216816001493,-3.07273026144375,0.0166480805041996,0.0300591282669013,-4.59458749208946
"Q6UX07_DHRS13",0.31312265653844,19.1924812261525,4.13342805699889,0.00382352477631478,0.00876219627859303,-3.02106775063213
"Q6UX53_METTL7B",-1.16085632649004,17.9515900468786,-12.6184393153562,0.00000268071398403417,0.0000381826040497451,4.99926559139882
"Q6UX71_PLXDC2",-0.0708551749645281,16.5806873232832,-0.761242221060229,0.469899013008891,0.536161400081852,-7.73231130308932
"Q6UXD5_SEZ6L2",-0.158209498438357,18.1562334814955,-1.9751477739049,0.08629721832793,0.1241908021463,-6.27136388599926
"Q6UXG2_ELAPOR1",-0.355519770351584,19.0745688765781,-2.82825803066826,0.0245977506496165,0.0419485406818347,-4.98686468467092
"Q6UXH1_CRELD2",-0.913327557662214,18.9859077457916,-11.2982843237219,0.00000589063102684884,0.0000638898145283587,4.12886818557885
"Q6UXN9_WDR82",0.0225156667254467,20.5393012907271,0.401384495313115,0.699392988701299,0.745981620531977,-7.9581480626288
"Q6UXT9_ABHD15",0.63106855124397,16.9170406713777,2.66342926812038,0.0376684720180241,0.0606234443861809,-5.26608786492333
"Q6UXV4_APOOL",0.677296282378599,19.0939321325522,6.90951761582299,0.000171564858661018,0.000730230730260605,0.388808476254217
"Q6V1P9_DCHS2",0.689117134479186,18.23300710039,6.64858629535372,0.00022053349842737,0.000886094975720324,0.110734854289054
"Q6V1X1_DPP8",-0.04698095120483,19.7022373325529,-0.509598633081224,0.625066769757113,0.680151337735708,-7.90383628294638
"Q6VMQ6_ATF7IP",-1.15648625972134,18.727976869352,-11.9015715277074,0.00000407035209142384,0.0000500956278436404,4.53784544938143
"Q6VN20_RANBP10",-0.368051237504428,18.4840979193695,-5.49129764380277,0.000738231368251041,0.00224599511476697,-1.22335201386356
"Q6VY07_PACS1",0.858933837919928,19.9321102504313,15.3335266398498,0.000000658015615097847,0.0000149006423616616,6.54381357649012
"Q6W2J9_BCOR",-0.105701676185795,15.9104810269804,-1.04464324457,0.328867396151566,0.396287296439926,-7.47154382350671
"Q6WCQ1_MPRIP",-0.445998642396681,18.8578233420873,-7.65763882193844,0.0000867810317849971,0.000437413205935512,1.14451716905421
"Q6WKZ4_RAB11FIP1",-0.268677414197224,19.9948245669532,-2.59917033919308,0.0338555189177531,0.0552467446660437,-5.32866980233174
"Q6XUX3_DSTYK",-0.388510147581332,17.55647254713,-3.77895560799423,0.0061410797804151,0.012953148311103,-3.53261295771961
"Q6Y1H2_HACD2",0.181563965714027,18.7074835336149,1.91218152318655,0.0948870649717726,0.134547169309341,-6.36334441080755
"Q6Y288_B3GLCT",0.555632140237954,17.472059596553,6.12849360512226,0.000372068156833299,0.00130713644382174,-0.467713959817178
"Q6Y2X3_DNAJC14",0.508128448428149,16.3402308881801,5.24880675739125,0.0009715010360674,0.00279155152260244,-1.52529614924564
"Q6Y7W6_GIGYF2",-0.258026273961651,20.6099590856991,-5.8957409816586,0.000475066185296352,0.00159389210646848,-0.737538588858305
"Q6YHU6_THADA",-0.0233059866349947,18.021092926212,-0.212856047337648,0.837142431747645,0.864770519607848,-8.02285317535265
"Q6YN16_HSDL2",-1.03262006218219,20.539729126639,-13.2579921440806,0.00000188044415204951,0.0000302331057782344,5.39033093876778
"Q6YP21_KYAT3",0.0676965295786403,19.8270177817789,1.0639916233666,0.320570815698989,0.387271541328861,-7.45143349823633
"Q6ZMB5_TMEM184A",-0.411710204778036,17.2478407901378,-2.99246694030673,0.0187216855290412,0.0332392950826068,-4.71791036237608
"Q6ZMG9_CERS6",-0.482923748752615,18.917802866722,-2.9022921827816,0.0231012954799916,0.0397440518934214,-4.89772945063612
"Q6ZMI0_PPP1R21",0.387628694670756,18.1568265629393,6.55420115831887,0.000241940131693627,0.000948066275972039,0.00819428452209436
"Q6ZN04_MEX3B",-0.212414216699937,16.1039039024751,-1.25686748607524,0.248091838908996,0.310308588512058,-7.23602143693955
"Q6ZN18_AEBP2",-0.858795494875942,16.7578728107893,-9.00281577713697,0.000028862438014577,0.000190985779650062,2.36645994568202
"Q6ZN54_DEF8",-0.248916684407307,15.4194274455572,-3.43648783600531,0.00987662102103392,0.0194012343713802,-4.04146397627445
"Q6ZN55_ZNF574",0.0322050198789512,17.6841265152745,0.315750335718578,0.7608475430061,0.800305132361278,-7.99233843564289
"Q6ZNB6_NFXL1",-0.341274362742954,18.4922175185954,-2.37397313162471,0.0484604508884062,0.0755153020809706,-5.68218672396883
"Q6ZNE5_ATG14",0.0827813447043653,16.3514396220786,0.819612175183614,0.437847898930709,0.505582377298767,-7.68408882572914
"Q6ZNJ1_NBEAL2",0.375676426095023,18.5698406229485,5.90492493987196,0.000470448070762292,0.00158147376169028,-0.726759072154898
"Q6ZNW5_GDPGP1",0.666609527623372,17.6938166609455,7.25749743176521,0.000124103869315221,0.000570352888224514,0.747738771077774
"Q6ZP82_CCDC141",-0.257558056479668,15.5488115267,-2.71193122809042,0.0325655867685612,0.0533707935707124,-4.93330565394077
"Q6ZQN7_SLCO4C1",-0.392579295650457,16.1164650591722,-3.6430431115982,0.0181626092270193,0.0324740963283284,-4.14236687838543
"Q6ZR08_DNAH12",-1.00158754115225,16.7454566912512,-4.86050449092043,0.0118854573920349,0.0227366169325496,-2.83848070556266
"Q6ZRI6_C15orf39",-0.407461375065537,17.0873174990222,-3.5942830003929,0.00791817525872285,0.0160945058839781,-3.80536347060177
"Q6ZRP7_QSOX2",-0.939045512803158,19.4371936607226,-17.1622893430315,0.000000289987798647056,0.00000885802086951609,7.43774585202094
"Q6ZRQ5_MMS22L",0.241648602075152,16.9596533882218,0.796190507636248,0.45362419931207,0.521188166158248,-7.70027779049798
"Q6ZRS2_SRCAP",0.0547264171161643,21.3612052713639,0.853987421598932,0.419699313367454,0.48743823140523,-7.65430009344216
"Q6ZRV2_FAM83H",-0.0891852015386156,19.5237366961327,-1.27454835173613,0.24075013008673,0.302019707972896,-7.21599567548774
"Q6ZS17_RIPOR1",0.597623408493025,17.3828427494715,5.27592690576696,0.000941748107116632,0.00271838182266759,-1.49112155851464
"Q6ZSJ8_C1orf122",-0.750300656362345,18.9011138741861,-4.52970948066221,0.00275216666699273,0.00664750068883667,-2.5979388633283
"Q6ZSS7_MFSD6",-0.177844940507249,17.07564821207,-1.58873456406704,0.159728658381108,0.212208938977591,-6.76027995135062
"Q6ZT07_TBC1D9",0.461621715769862,17.0410189110272,5.15518013249395,0.00108246948145845,0.00304484573815568,-1.64406817959596
"Q6ZT12_UBR3",-0.429688325280473,17.8461622469892,-6.80161390878597,0.000190169046784127,0.000792996584342142,0.27476615897549
"Q6ZT21_TMPPE",0.25319658634511,15.9466884797197,3.53008083313064,0.00865955444202064,0.0173693489150868,-3.90110423137751
"Q6ZTU2_EP400P1",-0.264505723394565,15.6756543925689,-4.13496157434721,0.00381584995689662,0.00874988084780093,-3.01889093429736
"Q6ZU65_UBN2",-0.203243480264568,16.3250108333454,-1.82808173465522,0.107656999498092,0.150190597612342,-6.48457432692813
"Q6ZUM4_ARHGAP27",0.104259548427986,17.5341243840651,1.47005936334622,0.182436836634172,0.237808839664012,-6.97355346908798
"Q6ZUS6_CCDC149",0.0222998668796048,15.4408912787744,0.313574423877707,0.762435503935633,0.801089161891757,-7.99310398315769
"Q6ZUT1_NKAPD1",-0.0712461998663656,15.3148346056233,-1.03133651376727,0.334670506338095,0.402642181462757,-7.48521502624614
"Q6ZVD8_PHLPP2",-0.284174727915147,17.462573780374,-2.47153997864607,0.0407079772823008,0.0647479872875741,-5.52169231882435
"Q6ZVK8_NUDT18",0.139854412181492,16.3655391963228,0.996472440477069,0.35025302029272,0.418411256847248,-7.52040601391338
"Q6ZVM7_TOM1L2",0.518613565684056,18.8195784559657,7.49494729891664,0.000100184140425696,0.000486404362963499,0.985187985267601
"Q6ZW49_PAXIP1",-0.410047765339076,17.5868453722606,-4.95936595184283,0.00136260004104713,0.0036939365267429,-1.89646803205979
"Q6ZWJ1_STXBP4",-0.0321572223614588,17.5866117210875,-0.426134585597508,0.682042752607883,0.730642696018048,-7.94680660923381
"Q6ZWT7_MBOAT2",0.675631881416582,15.7800699877636,7.79615752489368,0.0000769392354485264,0.000401922956608167,1.27808027645135
"Q6ZXV5_TMTC3",-0.373831693062101,19.7136859544204,-5.83346212524032,0.000507742581577785,0.00167181388548945,-0.810928780265606
"Q6ZYL4_GTF2H5",-0.184325489952219,16.9610992054431,-1.8818882284301,0.0993091577596177,0.139982478487704,-6.40723729190926
"Q709C8_VPS13C",0.665743087803921,19.000429975752,6.19111558426265,0.000348780952541585,0.00125034443183257,-0.396298900024497
"Q709F0_ACAD11",-0.329024002488424,16.5518053706475,-2.81710397146316,0.033794194506723,0.0551719096609055,-5.01736222667702
"Q70CQ2_USP34",-0.189249759130568,18.2273230911389,-2.57094064327617,0.03504451741799,0.0569183428317813,-5.36856052593278
"Q70CQ3_USP30",0.549709384565762,16.4278829319111,6.3868532149196,0.000285828069356337,0.00108105832696385,-0.176234311956363
"Q70E73_RAPH1",1.63122629740739,18.5156327428376,24.8616325245717,0.0000000191015700014554,0.00000198256852808422,10.3437078716864
"Q70EK8_USP53",-0.0297302459364026,18.1535454170799,-0.260193227588608,0.801754409025187,0.834010139188669,-8.01026340018189
"Q70EL2_USP45",-0.183022316581376,15.1605570868878,-3.13132472653558,0.0152880185337875,0.0280126882601753,-4.50479773130694
"Q70EL4_USP43",0.241593073294073,17.1993494703771,2.39494888167082,0.0457035968759765,0.0717929694008008,-5.63928765491552
"Q70HW3_SLC25A26",-0.275323918605771,17.420180132241,-2.32993691105597,0.0504301500349045,0.0782001470266022,-5.73872982493568
"Q70IA6_MOB2",0.20929328695463,18.9516634775774,2.7377013942654,0.0272961298553332,0.0458917691599612,-5.11099197274748
"Q70J99_UNC13D",-0.894282105822764,19.1186666629791,-6.88801513054549,0.000858605194475137,0.00253479386130034,-0.830207210132182
"Q70UQ0_IKBIP",-0.669869860094373,17.8464939408597,-4.2482188822129,0.00356055705555324,0.00821650393341564,-2.91369210295088
"Q70Z53_FRA10AC1",-0.400242573649791,17.4519294767993,-3.26746215105436,0.0125620004636165,0.023844915279827,-4.29712206622878
"Q712K3_UBE2R2",-0.417430991678792,19.9577837005246,-8.3347555190714,0.0000489535087181818,0.000285134611434771,1.77992729215583
"Q71DI3_H3C13",0.00372654540296224,18.3612499353202,0.017568025952453,0.986499928862858,0.988709771897602,-8.04826431467587
"Q71F23_CENPU",-0.478954058367794,17.1686020474232,-5.10737127070231,0.0011444700389974,0.00317926921717102,-1.70519238001181
"Q71F56_MED13L",-0.111634527526608,15.4230624917571,-1.50931983929501,0.186778638095045,0.242512516447748,-6.83269761328422
"Q71RC2_LARP4",-0.040737854385501,20.288415127956,-0.65387750274974,0.532831908014472,0.595375274329084,-7.81293264816359
"Q71SY5_MED25",-0.498235057779645,18.2730776368883,-6.19539317311311,0.000347250393069588,0.00124643062278777,-0.391438700251233
"Q71UM5_RPS27L",0.818564992350925,19.4646240163803,5.60940032697122,0.000794260438422599,0.00237791590927264,-1.23775600537909
"Q75N03_CBLL1",-0.219448788650162,18.0625746881551,-2.89299945562128,0.0216744437155888,0.0375782582404304,-4.87116071161004
"Q75QN2_INTS8",-0.237042393258523,18.6763957607799,-3.53294105943783,0.0086249878737416,0.0173182834655963,-3.89682934955251
"Q765P7_MTSS2",-0.495926447727001,17.1514166216792,-4.96754467091336,0.00134941856565517,0.00366330276022479,-1.88581708912347
"Q76FK4_NOL8",-0.618737923946593,18.1737066649055,-8.25318238355966,0.0000523410903154964,0.000300004772373523,1.70565034791637
"Q76L83_ASXL2",-0.0676335408665238,17.2214912464894,-0.661312035869983,0.528311743306816,0.591541162901758,-7.80769756335917
"Q7KYR7_BTN2A1",-0.128946377719533,17.4573091655502,-1.3362219424379,0.220814203614823,0.280105542477375,-7.14177249495376
"Q7KZ85_SUPT6H",-0.472451887170802,20.6640937508817,-10.4051127509903,0.0000105340202470786,0.00009448320518783,3.48485612119138
"Q7KZF4_SND1",-0.418592586096263,23.2127266089162,-8.22772103543013,0.0000534516918063268,0.000304111841104697,1.68234283527413
"Q7KZI7_MARK2",-0.159429946032283,18.8382986678688,-2.2207941688725,0.0595005731805766,0.0900619621117345,-5.90465772611885
"Q7KZN9_COX15",-0.388651059953443,19.2508468776329,-3.81073123989545,0.00588124131391967,0.0124951735848249,-3.48609653917487
"Q7L014_DDX46",-0.249629159068576,22.0977896079946,-4.52600062517803,0.0023123130002005,0.00573592516680187,-2.47447631131665
"Q7L0Y3_TRMT10C",-0.652261944239669,21.6356792224868,-12.3076508417943,0.00000320402593549515,0.0000432089029527945,4.80234728705086
"Q7L1Q6_BZW1",0.396832361174933,22.4434439664008,6.35131624769438,0.000296248713817182,0.00110616971884805,-0.215836179884821
"Q7L1T6_CYB5R4",-0.219502240290236,18.8949053712785,-2.32091428537165,0.0511240878053634,0.0790827357835253,-5.7524986094156
"Q7L1V2_MON1B",0.942486772787603,17.6784736702819,7.85863062051667,0.000072914664165506,0.000386135461626718,1.33770082724984
"Q7L1W4_LRRC8D",0.115531661942597,16.0828488157733,1.12885572234149,0.299149304345509,0.365456088797292,-7.31814394400485
"Q7L266_ASRGL1",-1.26272219994727,16.4619073185507,-8.89641590293925,0.000188942946870118,0.000790484078049571,0.835988802902889
"Q7L273_KCTD9",-0.179142427325157,17.8325286958601,-2.63717511391789,0.031725810213108,0.0521518289347091,-5.2663148102957
"Q7L2E3_DHX30",-0.35187355724085,20.0177410159938,-5.40737363108099,0.000811102555117907,0.00242121115942967,-1.32693263066336
"Q7L2H7_EIF3M",-0.288357677615558,21.3376036169562,-5.61895222470046,0.000640885408321684,0.00202180606208823,-1.06764306088975
"Q7L2J0_MEPCE",0.472004773691921,20.0199328319526,9.07402891189042,0.0000273356877285038,0.000182863008674582,2.4267925334282
"Q7L2K0_TEDC2",0.27358291211562,15.6730242003892,2.26649707871974,0.0792344969206299,0.115385330955066,-5.8109992329134
"Q7L2Z9_CENPQ",0.262494608771011,16.7822931535565,2.65940754106282,0.0306859321773844,0.0506724272994324,-5.23197239732463
"Q7L311_ARMCX2",-0.1232568911919,16.8548150715842,-1.46104000459346,0.184823427137883,0.240507611088236,-6.98517701196789
"Q7L3B6_CDC37L1",0.0263334291185338,17.949768335074,0.313894088938134,0.762202139042088,0.800954610328008,-7.99299183896999
"Q7L3S4_ZNF771",0.0323194507401521,15.5616264327642,0.348251351902776,0.737277822638772,0.779285035990898,-7.98029188552099
"Q7L3T8_PARS2",-0.0744795786286936,17.7125577300348,-0.954935306808694,0.369538018581972,0.437460895514212,-7.56111753674523
"Q7L4I2_RSRC2",0.0535724296662181,19.497013178472,0.710923149534501,0.498761413448461,0.563514454944889,-7.77142720990799
"Q7L523_RRAGA",0.28962741793735,16.8804208008637,3.31141041799812,0.011796216382467,0.0225829402982743,-4.23039791523591
"Q7L576_CYFIP1",0.157283493452322,20.8162012500972,3.67977826491754,0.00703490484695006,0.0145757249430406,-3.67859161561486
"Q7L590_MCM10",-0.577026267185865,16.8882760442241,-6.87719071988333,0.000176916196505125,0.000749651582516982,0.354781469084223
"Q7L592_NDUFAF7",-0.336344323257801,18.0820306138243,-5.52982987780998,0.000707224883153759,0.00217219063423696,-1.17611804538416
"Q7L5A8_FA2H",-0.6320125329381,16.3516792292396,-3.99759967304037,0.004747376887788,0.0104359967076635,-3.24027634041443
"Q7L5D6_GET4",0.075749836826045,19.5340660619684,1.05938331684628,0.322531710909258,0.389516702631918,-7.45624803177739
"Q7L5L3_GDPD3",0.11890142474633,17.4364128625782,0.676930545844776,0.527522199156845,0.591092198996312,-7.69575478051521
"Q7L5N1_COPS6",0.244432692321631,21.2310888789517,4.51809450894261,0.00233532496118946,0.00578017626254704,-2.48527010163497
"Q7L5N7_LPCAT2",-0.092745979157586,15.1543258618962,-0.888033317478072,0.411953463256724,0.479381327607535,-7.13417654343618
"Q7L5Y1_ENOSF1",-0.00978649588948954,18.3670992269601,-0.112818917904713,0.913151873160232,0.927294145161111,-8.04123753680813
"Q7L5Y9_MAEA",-0.424521163803181,19.0953433118595,-8.4792546106093,0.0000435393741662013,0.000259410705882251,1.91004129556684
"Q7L775_EPM2AIP1",1.06242913440142,19.108921485258,10.9520871082931,0.00000734196585369837,0.000073671493777348,3.88495619686855
"Q7L7V1_DHX32",-0.788464572657496,17.4891647444891,-8.89521033625948,0.0000313545630011118,0.00020210407303937,2.27451892964278
"Q7L7X3_TAOK1",-0.135492493022316,18.7348557643443,-2.0515180750099,0.0768922482292232,0.112383251351167,-6.15857813164672
"Q7L8J4_SH3BP5L",-0.0482893795109085,16.6454221038613,-0.388350148673681,0.708608215578124,0.753589777361188,-7.96385971863457
"Q7L8L6_FASTKD5",-0.0834187081102264,17.951991989991,-0.897403840465569,0.397552168698244,0.465054105678075,-7.61524767381422
"Q7L8W6_DPH6",-0.37027977630094,17.3199130898324,-4.49502320352708,0.00240392196663394,0.0059210590926871,-2.51681889807399
"Q7L9B9_EEPD1",-0.360230992255241,15.9889018577457,-3.39617062999139,0.0104561551380969,0.0203660732344085,-4.10220166764998
"Q7L9L4_MOB1B",0.315985006760375,16.7714136808333,4.19859817436671,0.00351167670764847,0.00813084110757208,-2.92884304034353
"Q7LBC6_KDM3B",-0.365397103149299,20.8718884292053,-5.15355212019216,0.00108451879283131,0.00304948241710719,-1.64614431717886
"Q7LBR1_CHMP1B",0.43670767722584,19.7401652362476,4.64375573847097,0.00199739581182514,0.00507760446014104,-2.31476558411942
"Q7LFL8_CXXC5",-1.79845010168503,18.2360345249925,-11.1184806968031,0.000794241693874977,0.00237791590927264,0.373162179695686
"Q7LG56_RRM2B",0.578004196491264,19.2315006039968,5.29861530949008,0.000935311717444515,0.00270288028984916,-1.47721729557778
"Q7LGA3_HS2ST1",0.0259934274313451,18.995897354064,0.462445386894575,0.656955172888005,0.708766105671796,-7.92900143904224
"Q7RTN6_STRADA",-0.0862833711429083,17.9941115678136,-0.865855741349038,0.417578633030408,0.485123427956207,-7.57979282867508
"Q7RTP6_MICAL3",-0.0365358052101641,18.0243305887834,-0.510201803339723,0.624664123915123,0.679972590601224,-7.90349958112944
"Q7RTS9_DYM",-0.130832513390249,18.7025105203812,-1.84609112554159,0.104790679623741,0.14664910933177,-6.45878135899376
"Q7RTV0_PHF5A",-0.149426055642103,20.7672524095704,-1.59777027369244,0.151742043654488,0.20305242505912,-6.80505864914391
"Q7RTV3_ZNF367",-0.112605083337446,15.5454528243972,-1.62661476133056,0.145218333240021,0.19542297286334,-6.76588969374653
"Q7Z2E3_APTX",-0.490251389351222,18.3178481698676,-5.64996137826664,0.00061944371856197,0.00197050979647944,-1.03015234425688
"Q7Z2H8_SLC36A1",-0.157279772994517,15.2474415205061,-2.17528136344728,0.0770403154650727,0.112578028708423,-5.89764344594497
"Q7Z2K6_ERMP1",-0.0601357218644374,20.7559548187679,-1.32453350081021,0.224479239287409,0.284233243552527,-7.15600725798495
"Q7Z2K8_GPRIN1",-0.0424192050871781,16.7150696755384,-0.462028608033155,0.657240569409706,0.708872911362765,-7.9292136213203
"Q7Z2T5_TRMT1L",-0.0886671670973449,18.6180130571153,-1.39169379186642,0.20412147120464,0.261882127014572,-7.07318833992251
"Q7Z2W4_ZC3HAV1",-0.0231233160942672,20.6774602365455,-0.41860141826378,0.68730271662508,0.734939471763019,-7.95032715641098
"Q7Z2W9_MRPL21",-0.57502670938814,20.4120894804083,-10.2820954600397,0.0000114514683726071,0.000100114791312701,3.39225865861463
"Q7Z2Z1_TICRR",-0.19134399620709,15.4377093862837,-2.38509541968111,0.0463900377722469,0.072691105746953,-5.65438392423785
"Q7Z2Z2_EFL1",0.302633896023579,19.4022715285747,5.5774523767677,0.000670877919960806,0.00208784675090912,-1.11802044172876
"Q7Z309_PABIR2",0.915328331547389,17.2069708253446,6.84295598062222,0.000182787325542987,0.000769385942490293,0.318616956914823
"Q7Z333_SETX",-0.172547885895192,17.5872471698871,-2.45416520913592,0.0417901757164421,0.0662062229742259,-5.54840470362543
"Q7Z388_DPY19L4",0.388623829448282,17.3382345472639,2.45582024696936,0.0422579327262651,0.0669054613480375,-5.55166379771419
"Q7Z392_TRAPPC11",-0.201487176087831,18.1603163709746,-3.13339251904299,0.0152422212887828,0.027955711387143,-4.50163315598169
"Q7Z3B3_KANSL1",0.230354801142493,16.0091838650288,2.03798705744131,0.0923864621006029,0.13154088931808,-6.08588896407697
"Q7Z3B4_NUP54",0.134695531853389,20.1669621996944,2.38589727604647,0.0463337876823953,0.0726532500077476,-5.65315572403249
"Q7Z3C6_ATG9A",-0.421922903238574,18.6914637679996,-6.65295339046825,0.000219595436043554,0.000883832659199026,0.115453828417595
"Q7Z3E2_CCDC186",0.412800298300493,16.9096107863985,5.25739859005678,0.000961964314956417,0.00276833166082426,-1.51445830926025
"Q7Z3E5_ARMC9",0.417006332630955,17.8797892696674,2.47589739204113,0.0418298667329126,0.0662415087175792,-5.52952090138597
"Q7Z3J2_VPS35L",-0.498779204230765,16.612004115278,-5.56456161412707,0.000680508066108932,0.00211349299747837,-1.13371625156725
"Q7Z3K3_POGZ",-0.00359301940186896,19.4888180045855,-0.0561064070803835,0.956731088016059,0.963955047748065,-8.04665881801574
"Q7Z3T8_ZFYVE16",0.0987894428629801,18.3594148560041,1.52522441309471,0.168433219826033,0.222028261697887,-6.90162068344119
"Q7Z3U7_MON2",0.472604988522754,19.8272474051131,3.50939718631923,0.00975958480815045,0.0192159984599514,-3.98858774707602
"Q7Z3V4_UBE3B",0.299916852685481,20.8386786573308,0.930815694025978,0.397534822090455,0.465054105678075,-7.47551153343171
"Q7Z401_DENND4A",0.500598783143591,16.2526404777932,6.2849193969323,0.000316870949573311,0.00116543541704768,-0.29024416063011
"Q7Z406_MYH14",-0.702408221713455,21.6313329724048,-14.3088131409177,0.0000010854879064207,0.0000209018253575592,5.99489961397722
"Q7Z410_TMPRSS9",-0.0296032394660148,15.3956945582381,-0.456363742244058,0.663080505588543,0.714403734253769,-7.87064460582226
"Q7Z417_NUFIP2",-0.883791445249056,19.8466507475105,-11.2695832910319,0.0000059977814993169,0.0000645249308116044,4.10891032372204
"Q7Z422_SZRD1",-0.460375735558674,17.174525279017,-2.23140425436667,0.0605900815451039,0.0914744264057286,-5.90077093354725
"Q7Z434_MAVS",-0.396588329360451,21.289624208131,-3.26936121278845,0.0135559488195336,0.0253519908338757,-4.34084740233271
"Q7Z460_CLASP1",0.200667018426731,18.7852479416913,2.66830555028156,0.0302796691371655,0.0501539990107319,-5.21822553627816
"Q7Z478_DHX29",-0.600055938257679,19.472821542894,-11.597215228519,0.00000489409793491812,0.0000571574661237374,4.33399197163743
"Q7Z4F1_LRP10",-0.306599707531159,17.6377214213018,-2.69167849134987,0.0292387910685049,0.0486843793491787,-5.1821115971007
"Q7Z4G1_COMMD6",-0.371958767798684,18.9836346824175,-3.68973911173552,0.00693910160270544,0.0144125632960616,-3.66387701506537
"Q7Z4G4_TRMT11",-0.2100273388915,17.4422387189076,-2.05491792433683,0.076497800755762,0.111950055805189,-6.15352859650952
"Q7Z4H3_HDDC2",0.261708200790221,20.5190476324362,3.49311070817935,0.00911995448198926,0.0181444869971254,-3.9564383646764
"Q7Z4H7_HAUS6",-0.331451875356464,17.4474794543861,-3.36776209205334,0.0108862529996858,0.0211065104041831,-4.1450937819955
"Q7Z4H8_POGLUT3",0.140384953213051,18.3538580918861,1.81335128555582,0.110057035239014,0.153257746251912,-6.50559964873418
"Q7Z4L5_TTC21B",0.266447259771891,17.824483304638,1.22702819980864,0.260600256770707,0.324459903911933,-7.26927291074373
"Q7Z4Q2_HEATR3",-0.709239178263672,18.4060396846641,-10.2753480829859,0.0000115043334005394,0.000100231340028067,3.38715107100653
"Q7Z4R8_C6orf120",-0.0256678949504376,16.8732337405057,-0.168707480862728,0.870512633901609,0.892574695801515,-8.03234892512674
"Q7Z4S6_KIF21A",0.248256701975471,18.013293754539,3.85059563603081,0.00557191819102881,0.0119380309185817,-3.42791736363733
"Q7Z4V5_HDGFL2",0.118970381219171,21.0426381640738,0.936319365848645,0.380131124781386,0.447012574998024,-7.57710844498052
"Q7Z4W1_DCXR",-0.326068198902011,23.3056960398937,-6.10294817743187,0.000382059831586772,0.00133729732123745,-0.49698884288772
"Q7Z569_BRAP",-0.126168134047155,17.971222777304,-1.31501566535413,0.227502392570328,0.287678004636728,-7.1675413486998
"Q7Z589_EMSY",-0.221925325114487,18.4140268111692,-2.66620163642929,0.0303752245791022,0.0502794250595541,-5.22147604351688
"Q7Z5G4_GOLGA7",0.338619139335375,18.1242192153929,5.0511259967793,0.00122247176916897,0.00336509164978684,-1.77751572945619
"Q7Z5J4_RAI1",-0.37627976513237,18.9180954361634,-4.56163109672339,0.00221163949206468,0.00553346380810656,-2.42594233936563
"Q7Z5K2_WAPL",0.155161420793384,19.0301688340226,2.17395175041892,0.0638788161973535,0.0958119258523114,-5.97539272774356
"Q7Z5L2_R3HCC1L",-0.00420763536516766,15.6225309148811,-0.050617840666061,0.960959516808401,0.967446470528749,-8.04699051872336
"Q7Z5L9_IRF2BP2",0.811661660794169,19.0624217897807,11.8318388372835,0.00000424428761605774,0.0000510173860966227,4.49157333832485
"Q7Z5N4_SDK1",1.27715083189192,16.6625983175278,12.3598421693325,0.0000338530867226972,0.000214611104331311,2.80596277400199
"Q7Z628_NET1",0.0884669309745973,15.9874196944391,0.546567477456467,0.603628257000549,0.661096300520438,-7.81981383190854
"Q7Z6B7_SRGAP1",0.245971113309178,16.9361401366553,1.75729891919289,0.125874008334376,0.172224807949499,-6.50219375856189
"Q7Z6E9_RBBP6",-0.124432541543079,18.5335871473997,-1.62810650328916,0.144899901008227,0.19506347735727,-6.76386084001652
"Q7Z6I8_C5orf24",-0.0529766457556207,18.2914741334556,-0.751581485418996,0.475352458295663,0.541409223988741,-7.73999989362821
"Q7Z6J0_SH3RF1",-0.630525172723818,16.2025721579113,-4.97354799109842,0.00203974182392478,0.00516803704312552,-2.13260225687856
"Q7Z6J8_UBE3D",-0.103930282064672,15.8586597354933,-1.0992977384353,0.310930125437383,0.377543827279173,-7.38514411643612
"Q7Z6J9_TSEN54",-0.378389179673729,21.9146185987197,-7.42920798826715,0.000106244845231843,0.000508954528023657,0.92003898250718
"Q7Z6K3_PTAR1",0.0761376950489847,17.7103497249099,1.05639154192055,0.32380981364118,0.390812034680231,-7.45936543406629
"Q7Z6K5_ARPIN",-0.537775942475385,17.4130456763111,-3.81764175974669,0.00764560709083977,0.0156576433852793,-3.59564745698921
"Q7Z6M1_RABEPK",-0.558173579997625,18.3446590341512,-7.6333577964745,0.0000886474855440407,0.000443004451411283,1.12090802003168
"Q7Z6M2_FBXO33",0.0161284339121561,15.3467306515458,0.261706501598483,0.800630720836675,0.833164217086297,-8.00982005363787
"Q7Z6M4_MTERF4",-0.392379395265969,18.2747330980939,-5.53456239873019,0.000703517086568562,0.00216550018633771,-1.17033074711993
"Q7Z6V5_ADAT2",-0.142491667494458,16.4707845611805,-1.5247602988453,0.168546864247822,0.222139568440293,-6.90223173845775
"Q7Z6Z7_HUWE1",0.135293192680535,23.2293326794313,2.62522062974577,0.0322999261142568,0.0530153729013892,-5.28477710824218
"Q7Z736_PLEKHH3",0.367450723029751,16.9375857845071,3.07803955577227,0.0165197378529171,0.0298595832008764,-4.58644267731991
"Q7Z739_YTHDF3",-0.481904990625935,19.4921798343672,-9.3227149673985,0.0000226739491524774,0.000159967195131155,2.63434414654119
"Q7Z7A3_CTU1",-0.19576389403138,19.7203680565171,-3.35133789049929,0.0111434854395585,0.0215345595101048,-4.16992634866349
"Q7Z7A4_PXK",-0.263315712109961,17.0628158965679,-2.38374654082205,0.0464848176665689,0.0728096217405113,-5.65644987269248
"Q7Z7C8_TAF8",-0.221841092400322,17.8433816643833,-3.33402556364879,0.0114216539917454,0.021970940885487,-4.19612873053496
"Q7Z7E8_UBE2Q1",-0.316049516346382,19.3447956592054,-5.18760990352819,0.0010425244975695,0.00295368799499208,-1.60278947630768
"Q7Z7F0_KHDC4",-0.152156117089241,17.2556285597866,-1.47522424168129,0.181082641129834,0.23616504945705,-6.96687960269001
"Q7Z7F7_MRPL55",-0.508049706903261,19.3750645721503,-7.65523124706598,0.0000869641207369509,0.000437755858587193,1.142178855574
"Q7Z7G8_VPS13B",0.340295504654993,16.4907865636839,4.01755449842031,0.00445492393468948,0.00991344395765014,-3.18646973624739
"Q7Z7H5_TMED4",-0.400236251651442,21.0503790809882,-7.4195182056054,0.000107172378057972,0.00051203084642521,0.910398331885899
"Q7Z7H8_MRPL10",-0.666294696111052,20.2343032752029,-14.3001444370829,0.00000109024901367578,0.0000209404898939849,5.99009208395733
"Q7Z7K0_CMC1",0.757903237335498,20.596385895419,9.47597312631603,0.0000202491004509686,0.000150111752465952,2.75988249608685
"Q7Z7K2_ZNF467",0.303356050312731,15.7249215359507,1.50031703814534,0.218718542673443,0.277771453593957,-6.09773319146284
"Q7Z7K6_CENPV",0.73808836259072,16.8077840054889,7.24698257342914,0.000249999651649117,0.000969301243257965,0.224071480699974
"Q7Z7L7_ZER1",0.489685679437212,17.6215736040506,7.03938154123051,0.000151815700654753,0.000664390229677819,0.524318870684551
"Q7Z7N9_TMEM179B",-0.15581579451527,17.5450410722346,-1.37358542595874,0.215359308363858,0.274283807671719,-7.03431235045861
"Q86SE9_PCGF5",0.0236995109574529,15.599389632937,0.295885559205843,0.775389055157773,0.812230981067349,-7.99913583900677
"Q86SF2_GALNT7",-0.39043219483284,20.3026493383051,-5.64688179523816,0.000621537193578622,0.00197430000743037,-1.03386983131753
"Q86SK9_SCD5",-0.754808130682882,16.3028861077961,-3.79871466655515,0.00664100755650001,0.0138729754119031,-3.57278866432396
"Q86SQ4_ADGRG6",0.507701786307251,17.2121988784755,5.3426188028911,0.000872771584898883,0.00255712660814364,-1.40751776750265
"Q86SR1_GALNT10",0.928264491332492,17.6873181709872,7.33012832478606,0.000116169520034226,0.000544414891793174,0.820998625507912
"Q86SX3_TEDC1",0.230904414549347,17.3437785603695,2.51687547547278,0.03801698092276,0.0610164922765377,-5.45190955343444
"Q86SX6_GLRX5",-0.00549727360132479,19.3541503380677,-0.08035846169871,0.938066766836952,0.947408820682758,-8.04478520332151
"Q86SZ2_TRAPPC6B",1.02351206078108,19.0118415630994,16.9038660814211,0.000000323899471951006,0.00000956808180121926,7.31746840393692
"Q86T03_PIP4P1",0.65333161534187,18.5992437113024,5.27375552251415,0.00100075619477915,0.00285941082550347,-1.5383644400232
"Q86T24_ZBTB33",1.39166917239448,17.2390540321242,3.22967441341555,0.0182407569938329,0.0325831840523939,-4.53879513885795
"Q86T82_USP37",0.0504865998658683,15.8176920312303,0.471378980963144,0.655621196634187,0.707640343157931,-7.7106257968652
"Q86TB9_PATL1",-0.166693554561405,18.4289757886841,-1.75798282909933,0.119541818103768,0.164627026706003,-6.58402628844492
"Q86TE4_LUZP2",0.0777278368116718,17.8187596393291,0.714020560895158,0.496952233178348,0.561971258631358,-7.769086459933
"Q86TI0_TBC1D1",0.52863106525129,17.7423041324055,6.57756831611777,0.00023643265359769,0.000933215756753519,0.0336788586518573
"Q86TI2_DPP9",-0.271481325883613,19.4632826844428,-4.33768343590715,0.00293479847500564,0.00699751636391628,-2.73398251439239
"Q86TJ2_TADA2B",0.476350227156331,17.3938067647195,6.16679852920637,0.000357625608757517,0.00127105834759423,-0.423971683915637
"Q86TM6_SYVN1",0.518992164000373,18.2214992408686,4.70605986551584,0.00185003351110521,0.00476833442408209,-2.23106323895894
"Q86TN4_TRPT1",0.481163498519454,17.2106213246202,6.29109869648029,0.000314885822074335,0.0011592553546454,-0.283296302479189
"Q86TP1_PRUNE1",0.766654234552323,19.3318697308977,12.7010658624756,0.0000025583259949761,0.0000368534612079323,5.05084242590134
"Q86TS9_MRPL52",-0.809540539288335,17.8021251376867,-4.93173655118666,0.00157416827550184,0.00416854025778452,-2.01554796920283
"Q86TU7_SETD3",-0.139089882033723,20.8747642767992,-1.83975191428565,0.105791174650678,0.14785881558123,-6.46787117414843
"Q86TW2_ADCK1",0.288680819339262,16.6311865145819,2.05894527417726,0.0760331257479082,0.111353086273319,-6.14754410281136
"Q86U06_RBM23",0.168096115394611,17.9956107823044,2.39000576272712,0.0460466613698725,0.0722572532245204,-5.64686191575673
"Q86U28_ISCA2",0.345518364101753,19.8384902999125,4.97038562888321,0.0013448727391688,0.00365325073361353,-1.88211960542304
"Q86U38_NOP9",-0.491573241063733,20.5782524370728,-4.91253896120732,0.00151824897983682,0.00403628162902442,-1.99660777608218
"Q86U42_PABPN1",-0.00368998625244288,23.0366100601693,-0.0835297983582645,0.935628893911577,0.945323242174742,-8.0444910393181
"Q86U44_METTL3",-0.298664437127172,18.7665756852427,-5.36830090860831,0.000847714038034248,0.00251274862559957,-1.37548786331401
"Q86U70_LDB1",0.0138753089834118,17.7132499621082,0.161675131656491,0.875855980211094,0.89684445146548,-8.03366027818206
"Q86U86_PBRM1",0.145434338318228,19.5389768654716,1.73869306932701,0.12302445177203,0.168781381705999,-6.61111527469151
"Q86U90_YRDC",-0.521185520344499,20.1660690132298,-7.87380017777145,0.0000719733724169405,0.000382442947926676,1.35212048933552
"Q86UA1_PRPF39",0.0508392482003543,18.4426883005882,0.754812723169924,0.473523767035921,0.539623883088159,-7.73743765451001
"Q86UA6_RPAIN",-0.403134961753558,16.5331847490662,-5.2914334066616,0.000925189247737129,0.00268075787363375,-1.47162764902812
"Q86UD0_SAPCD2",0.0719673414841502,18.5438411854285,0.569353394883552,0.586189869187963,0.644393719474439,-7.86832868530044
"Q86UE4_MTDH",0.324617876892098,20.862212552946,6.51546247548365,0.000251388301128948,0.000973553675349684,-0.0341982523581663
"Q86UE8_TLK2",-0.290709080444579,18.706589087937,-4.2195722899632,0.00341728695471349,0.00795345305310611,-2.89928598734006
"Q86UK0_ABCA12",0.478826748918532,16.9020897214815,2.33039656567145,0.0905431783893832,0.129395414489566,-5.27605175389013
"Q86UK7_ZNF598",-0.239513893291061,19.2655396272321,-3.93679120930868,0.00496155451281413,0.0108472502513551,-3.30281283034468
"Q86UL3_GPAT4",0.226103408062418,17.4826437336755,3.0242460123945,0.0178698976433313,0.032018478557168,-4.66904108258228
"Q86UP2_KTN1",0.187551458034832,20.961280177047,4.07988339021932,0.00410230619818731,0.00928635147125378,-3.09727435562943
"Q86US8_SMG6",-0.399081564473551,17.5957713747155,-4.92160405999868,0.00142532520013144,0.0038348155189953,-1.94576780210787
"Q86UT6_NLRX1",0.139748336009017,17.5189796676328,1.78566763806807,0.114706223568363,0.1587148510935,-6.5449337687587
"Q86UU0_BCL9L",0.0978349945233461,18.8804041147777,1.1327062829522,0.29244294610319,0.358299137896402,-7.37785261939926
"Q86UU1_PHLDB1",-0.0424676016688181,15.8316888824807,-0.154969044373401,0.883577534574017,0.903291764512094,-7.94275154909857
"Q86UV5_USP48",-0.13979980558064,18.9221075207254,-1.92691237241947,0.0928060764143149,0.131990092970695,-6.34191375343233
"Q86UW6_N4BP2",0.432726423171658,16.6084389138477,4.77197326089566,0.00170700173652752,0.00446013576366484,-2.14311575362508
"Q86UW7_CADPS2",0.27258126384006,15.672156185085,3.29534168198342,0.0120702874371154,0.0230475405468518,-4.25477478867056
"Q86UX6_STK32C",0.497349622672459,17.0445141817336,4.87674630838625,0.00150399729800822,0.00400679630425588,-2.00459541964851
"Q86UY6_NAA40",0.169905217996032,18.162102528132,1.88331942316761,0.0990958375725746,0.13973049205666,-6.40516912193706
"Q86UY8_NT5DC3",-1.37720145677109,17.9991811319793,-10.7423738483438,0.00000841551484499889,0.0000806151207947879,3.73374667678016
"Q86V15_CASZ1",-0.308625785996963,18.3313668877375,-3.78823900916505,0.0060639090587105,0.0128081344905726,-3.51901002634421
"Q86V21_AACS",0.697311121065653,21.1100462967963,11.2256709558169,0.00000616599986793983,0.0000656843067164571,4.07828402972034
"Q86V48_LUZP1",0.207496573249163,17.3799350837845,2.12268298869329,0.0690390968979934,0.102520767474841,-6.05242187326217
"Q86V81_ALYREF",0.151623054052124,23.3484209987957,3.60997443849443,0.00774753331682702,0.0158152813762175,-3.78203353484898
"Q86V85_GPR180",-0.0773542115493839,16.8239116476764,-0.828774513180365,0.432957712666553,0.501305581145045,-7.67624820344723
"Q86V87_FHIP2B",-0.0105087667369688,16.9018200111392,-0.134172515607413,0.896816401104607,0.913985722183236,-8.03825594039754
"Q86V88_MDP1",0.521423842415217,17.1956058110435,3.32467420284389,0.0116974805172279,0.0224051968808953,-4.21662041530794
"Q86V97_KBTBD6",-0.820432506858356,17.92347818283,-8.91392700080619,0.0000309042479691319,0.000200219514525738,2.2905786666398
"Q86VE9_SERINC5",-0.208870943799859,16.5971297407518,-1.3874934008026,0.205345606882676,0.263146032131093,-7.07843969963468
"Q86VI3_IQGAP3",0.446678140838319,19.5884877275112,5.92099142732662,0.00046248844271443,0.0015592584642225,-0.70792776991986
"Q86VM9_ZC3H18",-0.258877453001688,19.7214122315621,-4.34713697101223,0.00289952236685934,0.00693514689381513,-2.72083598757542
"Q86VN1_VPS36",-0.625675275121342,19.3789341914287,-9.12053060027231,0.000026387755432294,0.000178254912164421,2.46597105533603
"Q86VP1_TAX1BP1",1.21315208482833,16.5237494920752,5.13007032216526,0.00142020835191862,0.00382510790534455,-1.85889989443988
"Q86VP3_PACS2",0.735133826931079,17.830979674161,10.7257512685959,0.0000085079040513889,0.0000811933729170187,3.72164658784297
"Q86VP6_CAND1",0.0125325799725751,23.1429902293989,0.237932892520047,0.818339995779544,0.848690211057979,-8.0164928980584
"Q86VQ1_GLCCI1",2.03120501456842,17.0564507552158,10.6405697616747,0.0000118898711990365,0.000102123476591539,3.41543052830079
"Q86VR2_RETREG3",0.212038981722092,19.567234652404,2.43141921193325,0.0432513921242648,0.0683645237940894,-5.58334478373913
"Q86VS8_HOOK3",0.669728335310893,18.3981670068036,11.3038791169508,0.00000586999605986695,0.0000638898145283587,4.13275319016986
"Q86VU5_COMTD1",-0.671864338227589,19.2139045210338,-9.14912208406558,0.0000258232805468177,0.000176154145147171,2.48997496588845
"Q86VW0_SESTD1",-0.356165876476343,15.8455997007353,-5.23896253363449,0.000982556365532049,0.00281587178456547,-1.53772645508993
"Q86VX2_COMMD7",0.428765837353208,18.9513586535759,8.14691097493053,0.0000571554084486448,0.000318013194338254,1.60797546928351
"Q86VX9_MON1A",-0.436437040186474,15.6609215197274,-5.55566759321168,0.0011255214088513,0.00313809231514771,-1.46773555852508
"Q86VY4_TSPYL5",0.182849942569746,20.1429408608796,4.0668562677051,0.00417342161372685,0.00940534660563152,-3.11587365643106
"Q86VZ4_LRP11",-0.030841593319451,15.7738923165672,-0.371803179339261,0.720381577169831,0.763907582241604,-7.97084952055631
"Q86VZ5_SGMS1",-0.0889979883754215,15.8899676940115,-0.935666330153053,0.378751760225825,0.445666133706316,-7.57954377858265
"Q86W34_AMZ2",0.112745886298342,18.6571964546242,1.52915519537581,0.167473501139952,0.221048966235377,-6.89644149664361
"Q86W42_THOC6",0.129146471616338,19.5242507168516,2.22389816876771,0.0592212718713576,0.0898000386470387,-5.89995940230671
"Q86W50_METTL16",-0.481717359431965,18.3852566569256,-5.59859510313503,0.000655408038037132,0.00205483657762177,-1.09232580396181
"Q86W56_PARG",-0.451836200554538,18.7891366454689,-7.49852275586151,0.0000998657738782132,0.000485354042247725,0.988718547231821
"Q86W92_PPFIBP1",0.361138766778431,17.5215031988113,5.01001898426383,0.00128318213604485,0.00350444643689662,-1.83065669226837
"Q86WA6_BPHL",-0.666081871938335,19.258311787282,-10.0367248954151,0.0000135630392925053,0.000112252967202171,3.2045635916832
"Q86WA8_LONP2",-0.178153223465127,18.2044383518208,-2.12004782272088,0.0693152295321235,0.102815541405044,-6.05636922120896
"Q86WB0_ZC3HC1",-0.292135939586469,19.1711552824757,-3.81033233172074,0.00588442876644288,0.0124958749670292,-3.48667972384846
"Q86WC4_OSTM1",-0.0542700947595591,18.2336557441948,-0.616306409244493,0.558783734462008,0.61954942920088,-7.7759974595535
"Q86WJ1_CHD1L",-0.458988873171528,20.2593962951355,-7.09303783037953,0.000144408117845938,0.000639489914195172,0.579761174218492
"Q86WK6_AMIGO1",0.452852594217678,15.4291647821767,5.70126386297984,0.000585693155313169,0.00188531403209543,-0.968410420979067
"Q86WN1_FCHSD1",0.352102882899793,16.5700385085962,4.17936364076211,0.00360073574001013,0.00830166597105699,-2.95600194846452
"Q86WP2_GPBP1",-0.243624755515579,16.3475250416174,-2.54210139824496,0.0412591145413401,0.0654876513358583,-5.40718564340367
"Q86WQ0_NR2C2AP",-0.924199329712831,20.7790190830691,-15.4929694207075,0.000000610448919504828,0.000014199004531357,6.62592642674345
"Q86WR0_CCDC25",0.222313470752734,20.1788816931791,3.47210661525921,0.00939314169181144,0.0185859093933189,-3.98793988965292
"Q86WR7_PROSER2",0.388454445108025,16.7265019924202,3.95830178320428,0.0048207865041711,0.0105764834430042,-3.27174213991873
"Q86WU2_LDHD",-0.521106078356095,20.786310952854,-4.65075240050536,0.00219189825289836,0.00549672868827726,-2.37929809584626
"Q86WV5_TEN1",0.0204723644479987,16.0262655183926,0.174895448668108,0.865816779098588,0.888598356743201,-8.0311492111849
"Q86WW8_COA5",0.098058393807392,16.7716539309443,0.496022293729881,0.634775940878613,0.689433929219296,-7.91070167262888
"Q86WX3_RPS19BP1",-0.173875366684108,18.8140782724588,-2.93863333220226,0.0202633757671553,0.0355860623608827,-4.80080304722832
"Q86X02_CDR2L",0.664615019773457,16.51786459869,6.01597364151436,0.000418380816231342,0.00144121580084039,-0.597285099723163
"Q86X10_RALGAPB",0.44041531776071,18.7125920963691,6.61205279130218,0.000228558327976472,0.000911118785424027,0.071169689615262
"Q86X27_RALGPS2",0.0740877414645809,16.2348027775252,0.995883255791981,0.35052108095642,0.41850025813927,-7.52099281036831
"Q86X29_LSR",0.405568999579234,19.2297760277708,6.58111260333317,0.00023560955651478,0.000930933136026712,0.037538639361788
"Q86X52_CHSY1",0.244912142123788,17.4111652125929,1.99357430085957,0.0839299255010896,0.121179007851421,-6.24426790741283
"Q86X55_CARM1",-0.443015264681119,20.45526659492,-8.78656721173381,0.0000341185954903694,0.000215895205740225,2.18072856940513
"Q86X76_NIT1",0.428737575153683,17.8695157497998,5.23835284308814,0.000983245616346179,0.00281678574686593,-1.53849675731329
"Q86X83_COMMD2",0.265036964519187,20.3079834329614,5.06134356607873,0.0012078772050509,0.00333708095043516,-1.76434414609398
"Q86X95_CIR1",-0.18289717595921,15.3067016176818,-2.17740372181019,0.0635454821454334,0.0953683775055577,-5.97019115402218
"Q86XA9_HEATR5A",1.03471279764192,17.7519075014301,13.5483250462257,0.00000160921239861217,0.0000274432051655698,5.56190239738035
"Q86XI2_NCAPG2",-0.847339934435634,18.2648258045342,-8.49432363599322,0.0000430145668220437,0.000257816229510216,1.92350406613248
"Q86XJ1_GAS2L3",-0.363948853074207,15.3590738771279,-5.64541549966499,0.00103088986292693,0.00293010026062117,-1.36929438195079
"Q86XK2_FBXO11",-0.1962348852863,16.0089044570559,-2.56173013511963,0.0355335228735989,0.0576264338969282,-5.38276814404008
"Q86XL3_ANKLE2",0.0853998262139051,17.9984383735255,0.950937365519799,0.371435722003415,0.439044718461223,-7.56496485673695
"Q86XN6_ZNF761",-0.201426172005576,15.5109821096229,-1.75838491221961,0.134094438783337,0.182226603785253,-6.26069208174526
"Q86XN7_PROSER1",-0.247315017649903,17.0201885123367,-3.00860341986182,0.0182839600083179,0.0326373620800907,-4.6930895906833
"Q86XP1_DGKH",-0.533280837798223,17.8916178087656,-5.46268020894107,0.000762232825697747,0.00230335433939494,-1.25856353246349
"Q86XP3_DDX42",-0.343570716849186,21.6493126354044,-7.21935097734665,0.000128512431386316,0.000587288161935932,0.709036588095541
"Q86XZ4_SPATS2",0.248185015128232,18.5754813708989,2.35066084313747,0.0488720523909165,0.0760631942879703,-5.70707339749507
"Q86Y07_VRK2",0.20306213626958,17.7543598111441,3.03095790743282,0.017695269008815,0.031742975490813,-4.65872633295702
"Q86Y37_CACUL1",-0.704667494688838,18.8616069194608,-12.1575119394761,0.00000349746830424109,0.0000461035423259232,4.70552484394216
"Q86Y39_NDUFA11",0.586827082719228,20.2659981381226,6.54537296051287,0.000244057960382251,0.000953418000342783,-0.00145081387147883
"Q86Y56_DNAAF5",-0.641761897062267,21.3710964236746,-12.4253316667566,0.00000299338149496836,0.0000413957448195079,4.87746016823863
"Q86Y79_PTRH1",-0.6604420178049,18.512714556685,-9.00690035489231,0.0000287723229253228,0.000190629170879796,2.36993144525936
"Q86Y82_STX12",1.08629756939186,20.4869739302885,13.4362942360666,0.00000170826525767093,0.0000283898815914892,5.4961234908883
"Q86Y97_KMT5C",0.0533158348474654,15.2508300631247,0.453549942293869,0.667626384849174,0.717835211077583,-7.41488353920505
"Q86YD1_PTOV1",0.273709823671361,16.1067220017342,3.16275534119999,0.014607326240664,0.026927611097065,-4.45672786941355
"Q86YH6_PDSS2",-0.147958575869513,18.1714815605093,-2.37207715133708,0.0473130142167243,0.0739241549162706,-5.67431616450875
"Q86YJ7_ANKRD13B",-0.487892499394592,15.4409740396766,-4.44262765606472,0.015654130033237,0.0285733892567316,-3.53602464139845
"Q86YM7_HOMER1",-0.705491037860313,17.9941976102884,-7.74148361097631,0.0000806662688054991,0.00041681225579798,1.22558923734576
"Q86YN1_DOLPP1",0.544554606980064,16.6756847265204,5.80904928353612,0.000521225447189697,0.00171028505234031,-0.839836313841626
"Q86YP4_GATAD2A",-1.03058548347402,18.6592466589692,-15.6124769676664,0.000000577340191060906,0.0000138110562073561,6.68691940805623
"Q86YR5_GPSM1",0.467671974079142,16.6846183044921,5.19178803338073,0.00103749745760436,0.00294228399050661,-1.59748202837842
"Q86YS6_RAB43",0.220067728532761,22.6750905262508,1.93242789078128,0.0943017642532914,0.133841988973789,-6.33973500583672
"Q86YS7_C2CD5",-0.153032188046037,17.4405653691178,-1.95110422709777,0.0894841625372509,0.128152238798405,-6.30660079584726
"Q86YT6_MIB1",-0.192091327874916,18.0927836567911,-2.48542068918613,0.0398639856705134,0.0635603313984599,-5.5003385211113
"Q86YV9_HPS6",-0.184117818934929,18.0464427321592,-2.86178459523702,0.022698603554499,0.0391575365469537,-4.91932663405126
"Q86Z02_HIPK1",0.251225774884304,15.8096286227723,3.42840015237808,0.00999006479600024,0.019578570687549,-4.05363514618529
"Q8IU60_DCP2",0.119468144083811,18.4161316575909,1.53999754343113,0.164851982004779,0.217873879257749,-6.88211971328223
"Q8IU81_IRF2BP1",-0.29846391454636,19.947468261192,-5.19179922613577,0.0010374840266754,0.00294228399050661,-1.59746781359448
"Q8IU85_CAMK1D",0.53619060027323,16.7803521947443,7.14834834121374,0.000137192079452697,0.000615261177073829,0.636582179046481
"Q8IUC4_RHPN2",-0.54776160160305,18.7627427398668,-8.17053022627017,0.0000560439466292493,0.000313203716430617,1.62977377170696
"Q8IUD2_ERC1",-0.499378170672166,18.1931298947529,-4.90781702860447,0.00144901241722257,0.00388754442518338,-1.96381795216287
"Q8IUE6_H2AC21",0.999969138183349,23.4757820565425,3.34597824669307,0.0170529018008471,0.0306774766076734,-4.42569547243448
"Q8IUF1_ZNG1B",0.121564856578939,16.3148653493487,1.41135410184486,0.198476846172464,0.25565027806736,-7.04848576008678
"Q8IUF8_RIOX2",-0.881894747421708,18.7098083992085,-11.1593978645642,0.0000064300426428061,0.0000674577990912872,4.0318527613909
"Q8IUH3_RBM45",0.191067814216641,18.4097744537119,2.89994582776819,0.0214531788505973,0.0372625892527159,-4.86044619792948
"Q8IUH4_ZDHHC13",0.385015646231157,18.4110743606509,6.8658508835991,0.000178837300144502,0.000755686947166158,0.342817187307395
"Q8IUH5_ZDHHC17",0.439932660143391,17.9260297599069,5.54481525189964,0.000695557828993548,0.00214621210844825,-1.15780321526489
"Q8IUI8_CRLF3",0.334903077352397,17.3012232381505,3.1531014321529,0.0148129222829619,0.0272603645981632,-4.47148515720486
"Q8IUR0_TRAPPC5",-0.234443368373622,19.4695680688056,-2.96071446425,0.0196154851760177,0.0346000418016675,-4.76678732269891
"Q8IUR7_ARMC8",-0.11685288484388,19.7434747864441,-2.09844195944036,0.0716208649451258,0.105817462854046,-6.0886874816676
"Q8IUW5_RELL1",0.669149186740388,17.084205719198,4.28994182083035,0.00316304644737541,0.00745064455829587,-2.81015418112415
"Q8IUX1_TMEM126B",-0.554406279442418,18.3580151310279,-6.54926497006322,0.000243121756784404,0.000951208176139588,0.00280248158125396
"Q8IUZ5_PHYKPL",0.991235181738439,19.8771269863231,4.25718866050318,0.00483444095369284,0.0105967601999388,-3.12114385347574
"Q8IV08_PLD3",0.747266119221681,19.9968155143315,7.62113219707748,0.000089604228666364,0.000447198007372942,1.10899828267365
"Q8IV36_HID1",0.216656291687432,21.2200750785558,2.93512072450892,0.0203684921948513,0.0357376589697899,-4.80621600504244
"Q8IV38_ANKMY2",1.78894517236838,17.3489024756711,9.38626564004906,0.0000792282184501003,0.000411337767598268,1.59616070213929
"Q8IV48_ERI1",-0.318759900911548,17.9884920486583,-3.7478414967705,0.0064075457027268,0.0134619705729654,-3.57828157507545
"Q8IV50_LYSMD2",3.34404875055098,20.0648451720558,59.2810943349628,0.0000000000302963422259301,0.000000057608494742606,16.3532051164682
"Q8IV63_VRK3",0.459108865845344,17.7669112871791,4.7732447879604,0.00170436465965495,0.00445477580801909,-2.14142527260338
"Q8IVD9_NUDCD3",0.188445908911451,20.1230711348688,2.76004032462986,0.0264019401727955,0.0445954157126988,-5.0764721258124
"Q8IVF2_AHNAK2",0.0805016214991596,16.6593099011595,0.579689235721793,0.597778816131019,0.655900991848317,-7.54860282755523
"Q8IVH2_FOXP4",0.200194074983798,17.4107565456905,1.543778196656,0.163946689284625,0.216828120100654,-6.87711349443514
"Q8IVH4_MMAA",0.372381523065169,16.5633998346819,4.69824875213626,0.0018678372057323,0.00479796345383311,-2.2415266593285
"Q8IVH8_MAP4K3",-0.428236666369358,17.6207229367104,-5.84869994223356,0.00049952326572808,0.00165285013402423,-0.792925297919242
"Q8IVL6_P3H3",-1.62843578458986,16.8601198855018,-11.1774571659664,0.0000575469319277839,0.000319723859928944,2.29579691025626
"Q8IVM0_CCDC50",-0.0456245214875892,17.4284458335094,-0.487297093338922,0.640048492260573,0.693971323183737,-7.91602391452447
"Q8IVP5_FUNDC1",0.0531156153190366,16.0295877298201,0.816148358070398,0.439706625501979,0.507266584797217,-7.68703402707194
"Q8IVQ6_ZDHHC21",0.856806731476343,17.3362787827923,5.68008294290266,0.000612158607396476,0.00195305300665168,-1.01035940177453
"Q8IVS2_MCAT",-0.353387349770859,19.1494442825555,-4.82694132706931,0.00159698228322936,0.00421758584938976,-2.07024711931376
"Q8IVT2_MISP",0.546550183597301,18.9929320117676,6.51221893314483,0.000252197846591029,0.000975199197341824,-0.0377558783760126
"Q8IVV7_GID4",-0.211531938120629,16.4463091367465,-1.86244133917687,0.108380073101383,0.151088496335982,-6.38802695653723
"Q8IW35_CEP97",-0.367124047145957,18.1769852728601,-4.97836149839636,0.00133220034627057,0.0036240042323798,-1.87174520714886
"Q8IW41_MAPKAPK5",-0.044199292440247,15.6804879735331,-0.502058913803659,0.63228823551241,0.68722268066696,-7.88144223468776
"Q8IW45_NAXD",1.20948812222339,17.6743964387361,15.683759297647,0.000000558560559351569,0.0000136604875061995,6.72307698781524
"Q8IW92_GLB1L2",-0.440244656532222,17.4722795399452,-3.44685420044989,0.00973322387106017,0.0191839597728126,-4.02587321566963
"Q8IW93_ARHGEF19",0.0694979211186357,16.0342355966678,0.432887777592766,0.679684277219825,0.728636820783661,-7.91705228831899
"Q8IWA0_WDR75",-1.17691727448913,18.9698126397442,-8.8996126965832,0.0000394585583389161,0.000242033705424029,2.07852550180997
"Q8IWA4_MFN1",-0.32481289045085,18.5099112604494,-4.355433254169,0.00286894552444993,0.00687281879022558,-2.70930912858952
"Q8IWA5_SLC44A2",1.19620079988444,20.4701553358718,10.3601189603025,0.0000142519780607878,0.000116471816604119,3.21371566536675
"Q8IWB7_WDFY1",0.482207341839235,18.9846812301309,6.60132474859987,0.000230976245535217,0.000918350927099246,0.0595214736421781
"Q8IWB9_TEX2",-0.558557996084769,17.8651455061397,-6.16457372502806,0.000358447189748888,0.0012728054739636,-0.426507227530727
"Q8IWC1_MAP7D3",-0.0559018138305305,17.5000565114591,-0.644416763184708,0.538618150868103,0.600429379378982,-7.81951814027963
"Q8IWD4_CCDC117",-0.0380690009858391,18.65178773628,-0.355216555903852,0.73226436640552,0.774847352654478,-7.97756156013477
"Q8IWE2_FAM114A1",0.0548255709115235,15.7580680655209,0.455604233686964,0.663598591085044,0.714615727565177,-7.90622152958195
"Q8IWE4_DCUN1D3",0.050178590126734,16.0728140869298,0.655852007048976,0.531629108400101,0.594290982841208,-7.81154742568039
"Q8IWE5_PLEKHM2",-0.127312404729258,16.1104314034513,-0.594301634121855,0.571186629480245,0.63002203796444,-7.8515525044688
"Q8IWF2_FOXRED2",0.750660131764281,16.3856406818355,3.28332252852682,0.0160609647698944,0.0291759488989293,-4.14785883828059
"Q8IWF6_DENND6A",0.416284859528506,16.9560280985673,5.12491897813739,0.00112126993509523,0.00313082934153243,-1.68272000145725
"Q8IWI9_MGA",-0.119768225181183,18.8826677385663,-1.41471942846118,0.19752457753638,0.254553022152102,-7.04423719657232
"Q8IWJ2_GCC2",-0.152713093191437,17.5827727393193,-2.09416845401689,0.0720858075168265,0.106463039218055,-6.09506986695819
"Q8IWL3_HSCB",-0.312922820016023,19.6468105998265,-5.57670481057853,0.000671432255658092,0.00208871727465662,-1.11893006351876
"Q8IWQ3_BRSK2",0.435116871290706,16.8740830050665,3.47424566412697,0.00936492406658529,0.0185348978533562,-3.98472968977567
"Q8IWR0_ZC3H7A",0.0495692687655236,18.596535146508,0.885392683944717,0.403592540199115,0.470961163049167,-7.62620874355785
"Q8IWR1_TRIM59",-0.752409563835545,17.2153883541171,-6.51835376664242,0.000250669112630431,0.000971263000849241,-0.0310280508770635
"Q8IWS0_PHF6",0.621932853491547,20.1329234268589,8.20230829014461,0.0000545865881537977,0.000307999260640858,1.65902079495639
"Q8IWT0_ZBTB8OS",0.104393459080001,17.725089602631,0.955120818062508,0.369450139357714,0.43742804482484,-7.56093870805938
"Q8IWT3_CUL9",0.489980191247437,16.5461541837837,5.88059366396694,0.000482793263820277,0.00161341193524474,-0.755341584402988
"Q8IWT6_LRRC8A",0.0983620254900615,17.3650172797838,1.19200740991384,0.269810614068137,0.334340099479025,-7.31175459681031
"Q8IWU2_LMTK2",0.207984776020846,15.9004645956039,2.44163702765998,0.0544080542293334,0.0834498206227687,-5.57790360332826
"Q8IWU5_SULF2",-0.579845103866198,17.0167668101411,-5.58993110987706,0.000661699101545132,0.00206774172816445,-1.10284778494721
"Q8IWV7_UBR1",0.203407089696096,17.9591778723192,2.79799669628018,0.0249517630993395,0.0424475755163445,-5.01782833835529
"Q8IWV8_UBR2",-0.533346894574837,18.465394402794,-9.34188799526108,0.0000223534238206648,0.000159643325427208,2.65014685228599
"Q8IWW6_ARHGAP12",0.0571509501650667,18.0076002590168,0.745322242792865,0.478908154113731,0.545050938229693,-7.74493633154726
"Q8IWX8_CHERP",-0.100167174120418,20.5579796134961,-1.63683750196624,0.143049082912174,0.19291335543085,-6.75196853973966
"Q8IWY9_CDAN1",-0.290241595703062,16.8693503288581,-3.28519334419626,0.0122468630071257,0.0233457744441598,-4.27018178512033
"Q8IWZ3_ANKHD1",-0.453092317107167,18.7700767879063,-7.54189667375356,0.0000960924816294291,0.000470018916574558,1.03144339534503
"Q8IWZ8_SUGP1",-0.564490139214115,18.3301643959754,-6.92654154333915,0.000168819540508847,0.000720561966953024,0.406680238382966
"Q8IX01_SUGP2",-0.981803333208486,18.2491883269541,-16.5905330500089,0.000000371189190538224,0.0000104179519676521,7.16908633948683
"Q8IX03_WWC1",-0.0904344713696439,16.2703614801343,-1.02317991096389,0.338266951089616,0.406262186955254,-7.49353004073213
"Q8IX04_UEVLD",0.333147888135159,19.3606753955328,6.14681368245569,0.000365081402755035,0.00128751167280477,-0.446770221001884
"Q8IX12_CCAR1",-0.121508910241811,20.8282283376627,-1.9382447902591,0.0912353297223092,0.130194356072774,-6.32538980473846
"Q8IX15_HOMEZ",-0.150987342550415,17.1770134043499,-1.1906283647013,0.270320004641431,0.334807678766118,-7.31331801268471
"Q8IX18_DHX40",0.200897901100724,19.9819018794194,3.1884104963157,0.014075502421574,0.0261245171836241,-4.41754334878908
"Q8IX19_MCEMP1",-0.486112258894956,16.0643361567229,-2.07315033574889,0.0858129312202688,0.123545931262799,-6.14375940171186
"Q8IX90_SKA3",-0.490395258141298,17.8340036071796,-5.53084883878529,0.000706424732923274,0.00217093596711694,-1.17487172208506
"Q8IXB1_DNAJC10",-0.00875640907759134,19.8865438411877,-0.164405583339936,0.87378048632569,0.895321888588603,-8.03315770043827
"Q8IXH7_NELFCD",0.00761148182183291,20.1388112196006,0.154286212682344,0.88147765300831,0.901508542259138,-8.03497838980505
"Q8IXI1_RHOT2",-0.306455545798809,20.8410979272736,-5.18222798203627,0.00104903955218447,0.00296727215839163,-1.60962970427139
"Q8IXI2_RHOT1",0.268797103085625,18.6949548424734,4.76997325474248,0.0017111587074905,0.0044694619262269,-2.14577520683941
"Q8IXJ6_SIRT2",0.346095740281758,18.0996823727892,3.48667201655312,0.00920278342007714,0.018271044294729,-3.96609009963769
"Q8IXK0_PHC2",0.0777366005295619,18.290397466545,0.822500007118705,0.436302443240993,0.504398931857884,-7.68162541585838
"Q8IXK2_GALNT12",0.975554585301055,17.662963472723,8.47885351534494,0.0000435534408903016,0.000259410705882251,1.90968268261404
"Q8IXM2_BAP18",-0.148161144520554,19.5777380582172,-2.25939233555818,0.0561192933898427,0.0856083725477625,-5.84614291928507
"Q8IXM3_MRPL41",-0.632100570953458,20.812063435074,-11.0825891389076,0.00000675213670409502,0.000069389292581853,3.97772179020629
"Q8IXM6_NRM",-0.195448737644227,17.4831450122325,-1.89551539282297,0.0972958510458231,0.137552461534299,-6.38752268511722
"Q8IXQ3_C9orf40",-1.31535984214607,16.7683979908345,-7.91273137484395,0.000387352898055511,0.00135023196269946,0.0486913189402038
"Q8IXQ4_GPALPP1",0.0473849380779825,18.7513678710749,0.79493555062286,0.451209057773944,0.518805153957463,-7.70484240899679
"Q8IXQ5_KLHL7",1.34707504966267,16.4905610466551,5.09427270747284,0.00257130954934685,0.00627442426446332,-2.25570625090793
"Q8IXS8_HYCC2",0.0740773193042976,16.1932945426053,0.704380296867948,0.502596974203367,0.567342324991215,-7.7763424932647
"Q8IXT5_RBM12B",0.408585931635908,19.9559929367634,7.77716902208029,0.0000782113431035253,0.000406981055989023,1.25988321599906
"Q8IXU6_SLC35F2",0.317068303372213,16.4436761370615,1.17477239855994,0.280587104713722,0.346115069486307,-7.32779938479969
"Q8IXW5_RPAP2",-0.341279543406239,16.0554100115437,-5.23478386381889,0.00098729104152628,0.00282518271702366,-1.54300696127279
"Q8IXX5_TMEM183A",0.105299825023225,15.9111756184213,1.02843642821681,0.356291144797292,0.42415878029867,-7.23822002065688
"Q8IXZ2_ZC3H3",-0.15821259690961,16.3458723471612,-1.83406306314393,0.106696807875364,0.148987685092715,-6.47601845470869
"Q8IY17_PNPLA6",-0.521410493224895,17.6741935762844,-7.08534083754305,0.000145445495577207,0.000643173511255951,0.571827445501681
"Q8IY18_SMC5",-0.0696002109774625,18.1352958628895,-1.05671160987155,0.323672888276426,0.390708774516823,-7.45903223736489
"Q8IY22_CMIP",-0.434490980566025,17.30995080217,-4.43180479835854,0.00260343893649269,0.0063467168432575,-2.60365380373804
"Q8IY26_PLPP6",0.775072222626822,17.3889849523438,6.48293927754369,0.000259638535818404,0.000999904153637865,-0.0699279891255182
"Q8IY31_IFT20",0.275877744410035,16.9451170308957,2.84806839444542,0.0231645066031457,0.0398246715018538,-4.94049981661738
"Q8IY33_MICALL2",0.627926120117088,17.184488903938,5.42681777374751,0.000793537295174778,0.00237791590927264,-1.30284812175542
"Q8IY37_DHX37",-0.836759887739973,20.227556853193,-13.0886120426445,0.00000206235451843122,0.0000316081201109948,5.28855300574848
"Q8IY45_AMN1",-0.265534455999406,15.6522585223914,-3.00572503856253,0.0345962414404617,0.0562984622156935,-4.88408263382
"Q8IY47_KBTBD2",0.708168390699399,17.8367226959707,6.5482404604523,0.000243367808890261,0.000951210459619387,0.00168304452133405
"Q8IY57_YAF2",-0.223954059181313,16.0535845082787,-2.7237297152891,0.0278713201972929,0.0466936699164338,-5.13258289501604
"Q8IY63_AMOTL1",0.0270255832485002,15.6451553850958,0.280973394697029,0.787519663306096,0.822671962519731,-7.94361370309918
"Q8IY67_RAVER1",-0.171283801050834,20.8856519732246,-3.30562680482369,0.0118940920948253,0.0227474137473576,-4.23916926072626
"Q8IY81_FTSJ3",-0.688623999358157,21.9562786525267,-13.1801142820654,0.00000196173208085461,0.0000310597455661177,5.34369179930887
"Q8IY82_DRC7",-0.233338205873189,15.482436155632,-3.56050719953841,0.00829932524812465,0.0167235209224789,-3.85567467471299
"Q8IY95_TMEM192",-0.573589931580329,19.7072441142379,-10.4589557214292,0.0000101587392240737,0.0000924552015446896,3.5250753976056
"Q8IYA6_CKAP2L",-0.0260536152327262,16.5136466519349,-0.220914763104631,0.831980849249187,0.860373397605617,-7.96082925333195
"Q8IYB1_MB21D2",1.48246032282909,19.3128637505823,21.311561966764,0.0000000594014888287132,0.00000364361067767091,9.14572674053945
"Q8IYB3_SRRM1",-0.18810103113605,20.3970245851737,-2.06000520689642,0.0759112932019591,0.111227373549239,-6.14596854755943
"Q8IYB5_SMAP1",0.100791097186619,17.8051111553844,1.35768990892618,0.214217826653012,0.273058620667472,-7.11542900411215
"Q8IYB7_DIS3L2",0.255726348295706,18.2008749355393,3.26838796497568,0.0125453344577199,0.0238311223490054,-4.29571475210832
"Q8IYB8_SUPV3L1",-0.908680582971161,19.2349113129104,-14.7961137544646,0.000000852078576695625,0.0000175159720387755,6.26063270569587
"Q8IYB9_ZNF595",0.811799528899625,16.342547178457,4.60000206535338,0.00231751263744439,0.00574543713181293,-2.44238305478045
"Q8IYD1_GSPT2",0.0249357750283643,22.0078791932855,0.163951637370881,0.874650381365746,0.896059960627168,-8.03302299305793
"Q8IYH5_ZZZ3",0.0145415115694725,16.2525291694839,0.113817232470315,0.912840223875307,0.927225259454538,-7.98140811491199
"Q8IYI6_EXOC8",0.545599022343026,19.4273169259908,7.98930798922601,0.0000652364071458034,0.000354420080536415,1.46119225235871
"Q8IYJ3_SYTL1",0.791973465820249,22.0931114679331,11.8700643305135,0.0000041479253992995,0.0000506153967246318,4.51696993524943
"Q8IYL2_TRMT44",0.111908290020452,15.3237610443977,1.04704537298927,0.36270057146066,0.430845001800684,-7.14236697832188
"Q8IYL3_C1orf174",-0.218390965171476,16.4437252803257,-3.02328362717695,0.0178950850917377,0.0320409645027676,-4.67052025982063
"Q8IYQ7_THNSL1",-0.459137236605454,19.6012469357701,-7.60401114177012,0.0000909635615501896,0.00045190649846554,1.09229424404258
"Q8IYR2_SMYD4",-0.0534968569847898,16.3089226985009,-0.574480986673219,0.582552791596575,0.640858624946999,-7.86550781594297
"Q8IYS1_PM20D2",-0.19285239992977,18.8406640663709,-2.68790174396227,0.0294044418231634,0.048895973875597,-5.18794745254066
"Q8IYS2_KIAA2013",-0.069929228725222,18.4280914235899,-0.662752287060131,0.527438818737629,0.591085848728216,-7.80667731220411
"Q8IYT2_CMTR2",-0.546927350003514,17.3754833026286,-5.64933116329278,0.000619871497029118,0.00197104624013523,-1.03091299794146
"Q8IYT4_KATNAL2",0.44600264002332,23.8702773329964,2.09719847682801,0.0794196588942669,0.115610703454506,-6.12136599212435
"Q8IYU8_MICU2",-0.469442758879026,18.497256305623,-4.74435121420616,0.00176540826022212,0.00458126756303291,-2.17989596925811
"Q8IYW5_RNF168",0.352430057219236,15.965017419923,4.06207943705295,0.00419983287696672,0.00945926232224131,-3.12269943655205
"Q8IZ07_ANKRD13A",-0.398309738075863,16.6615433146369,-3.98455864377746,0.00465479305326475,0.0102651075567213,-3.23389790997514
"Q8IZ21_PHACTR4",-0.00626874557209334,19.2340428434483,-0.0979338861069488,0.924565785874934,0.937258079083666,-8.0430119868955
"Q8IZ41_RASEF",0.980762048551796,16.0146767554545,12.268481878641,0.00000327780838457468,0.0000439700362840829,4.77719581272067
"Q8IZ52_CHPF",0.512571368893671,16.6049556560402,2.71907216934899,0.0291069804262706,0.04849675643422,-5.15765808967694
"Q8IZ69_TRMT2A",0.0972092668970781,19.0249172031025,1.23631057641199,0.253866541582057,0.316958127917453,-7.260882842415
"Q8IZ73_RPUSD2",-0.436749117777524,17.8672735716739,-6.79330464590698,0.000191692484644792,0.000798473733958538,0.26592902402836
"Q8IZ81_ELMOD2",0.45055010872095,18.5637094244774,5.05256926910375,0.0012203984980104,0.00336358188522205,-1.77565429449664
"Q8IZ83_ALDH16A1",0.651795593297685,19.0436620560666,12.2391739322472,0.00000333427014123948,0.0000444920327969605,4.7583266739516
"Q8IZA0_KIAA0319L",0.243386579750641,18.4829801905939,3.87106865001852,0.00541993094309642,0.011658369556898,-3.39811653807319
"Q8IZD4_DCP1B",0.0420872538432775,16.4601974279839,0.447525438588299,0.667209335473635,0.717625696200423,-7.93648447150509
"Q8IZE3_SCYL3",0.21587939277256,17.2990432478821,2.92909119539305,0.0205502635847403,0.0360150471948236,-4.81550867946012
"Q8IZH2_XRN1",0.203797330231115,18.8321295924399,2.81695679455695,0.0242586607356571,0.0414446032244851,-4.98854160326594
"Q8IZL8_PELP1",-0.506670616588661,21.5120956685832,-9.77232589596339,0.0000163432341437009,0.000128388786904113,2.99769270698455
"Q8IZM8_ZNF654",-0.079596758232185,16.5032668426718,-0.784466809391011,0.456961084643867,0.52438835392294,-7.71348526031102
"Q8IZP0_ABI1",0.0847063989926653,20.1318214558641,1.70608647896269,0.12912971294584,0.176140709588604,-6.65661559225934
"Q8IZQ1_WDFY3",0.954781215778976,19.2953145996843,9.09171109107066,0.0000269708015316363,0.000181219007464334,2.44171031356052
"Q8IZT6_ASPM",-0.658412083846983,19.118822350119,-4.40443623859922,0.00310287752621171,0.00733389883914428,-2.74145079321243
"Q8IZV5_RDH10",-0.254134619842503,16.054475892134,-2.02058916027413,0.0864766846922901,0.124407350817015,-6.16460674518297
"Q8N0S6_CENPL",0.279042263712615,16.8730212180756,2.66646451470815,0.0303632681679707,0.0502705741588126,-5.22106990457071
"Q8N0T1_RBIS",-0.564761686838132,18.30810222231,-9.48383995028972,0.0000201327378319873,0.000149540628857515,2.76627873031657
"Q8N0U4_FAM185A",-0.235548593556899,16.5102089005513,-2.39177657965754,0.0459234630318995,0.0720936759175701,-5.64414875563901
"Q8N0U8_VKORC1L1",-0.336687880639417,19.6293187067619,-5.35041768971681,0.000865076896057347,0.00254602173064502,-1.39778158030485
"Q8N0V3_RBFA",-0.813777411888093,17.922647704104,-11.0802166981876,0.00000676237097813163,0.000069389292581853,3.97604433135739
"Q8N0W3_FCSK",0.721883026845124,18.3595357124072,8.38813004147844,0.0000468702478362567,0.000274957934032665,1.82820417840026
"Q8N0X2_SPAG16",-0.431440755780145,15.3100364813427,-3.4905106848459,0.011651496718645,0.0223283658458085,-4.050709130138
"Q8N0X7_SPART",-1.69020359916637,18.0517576040417,-22.28487272468,0.0000000427740259929565,0.00000295811602214211,9.49489628647834
"Q8N0Z3_SPICE1",0.262311923085871,17.6566746463788,2.91233716467422,0.0210643244250352,0.0367220784744448,-4.84133704314861
"Q8N0Z6_TTC5",0.399078680277807,18.5226558098075,6.70915219852957,0.000207912484543433,0.00084883647742209,0.175981452213836
"Q8N0Z8_PUSL1",-0.113793773943101,15.3217471386041,-1.47655622899111,0.186829575550241,0.242537250663105,-6.90561254608628
"Q8N108_MIER1",0.0316112782935249,16.6475256490747,0.290708119478867,0.779195090815596,0.814983204172638,-8.00083665053763
"Q8N122_RPTOR",0.308813667525875,18.4114745184861,2.49999607889041,0.0392203169588309,0.0626701115102664,-5.48040633892455
"Q8N128_FAM177A1",0.757950254428984,19.2631598145406,8.62845785319676,0.0000386434805883411,0.000237801224397187,2.0424712304638
"Q8N129_CNPY4",1.51886205965733,17.7685170115915,7.57703980305851,0.000133682840235545,0.000602737165938014,0.764956973063796
"Q8N131_TMEM123",-0.339638908507258,16.4867177728668,-2.57788906599853,0.0346801903230954,0.056410934045651,-5.35784029651197
"Q8N138_ORMDL3",0.503217427653023,17.1047847863243,6.48728768559798,0.000258518196911991,0.000996970550674371,-0.0651434927219423
"Q8N139_ABCA6",-0.797183435138273,17.8980430794871,-5.34567707357958,0.00259270537218183,0.0063225768069301,-2.09366020864281
"Q8N142_ADSS1",0.370268513263014,16.6412101997331,3.17163429327947,0.0144208996914387,0.0266554175772895,-4.44316110937173
"Q8N163_CCAR2",-0.129027546082863,21.7224531312241,-2.65840865342161,0.0307318894607309,0.0507262915013714,-5.23351554796963
"Q8N183_NDUFAF2",-0.990846739297602,20.6243684806988,-20.6146799733089,0.0000000758318233331852,0.00000433666803212186,8.88493520701532
"Q8N1B3_CCNQ",-0.0604222416237512,15.6274876434932,-0.671934488878647,0.524929163804932,0.588509932044862,-7.73716587886777
"Q8N1B4_VPS52",0.842880706733013,18.5606417909698,6.9833357492858,0.0001655964728857,0.000710392990845255,0.437843868811212
"Q8N1F7_NUP93",-0.0393729650333761,21.9539971102164,-0.750596635411739,0.475910758115105,0.541801710256471,-7.7407789620553
"Q8N1F8_STK11IP",-0.259922688727148,17.8756246249595,-2.02670731874187,0.079831894696888,0.116166326968535,-6.19535640957647
"Q8N1G0_ZNF687",0.270402897707793,19.0473456977419,3.61859954858382,0.00765542225661813,0.0156735240064166,-3.76922165344635
"Q8N1G1_REXO1",-0.229696615471266,15.5361789044258,-1.88607122160431,0.0986869205052244,0.139286085983065,-6.40119102933633
"Q8N1G2_CMTR1",0.196767124734343,19.9922616200646,4.21335956249866,0.00344495492011482,0.00800315428295458,-2.90803472902798
"Q8N1G4_LRRC47",-0.192054239629716,21.1849319809219,-4.21785684560379,0.00342490231510961,0.00796630183753017,-2.90170113712403
"Q8N1S5_SLC39A11",0.457490716741876,18.0233327608857,3.02361732355304,0.0186093971571327,0.0331138523148265,-4.69187814662025
"Q8N1W1_ARHGEF28",-0.350145949983368,15.9024964509946,-3.50253779621899,0.00900011845531618,0.017943617554688,-3.94231481619018
"Q8N201_INTS1",-0.196711729271527,18.9206092806904,-2.72476300426982,0.0278283540178715,0.0466422346099451,-5.13098611267058
"Q8N2A8_PLD6",-0.368402470161442,15.2921668219265,-3.53953761530445,0.014321338920013,0.026522547802683,-4.00013777907174
"Q8N2F6_ARMC10",0.00847806842263665,19.3788498894581,0.0882086392202546,0.932033514804059,0.943194107716827,-8.04403629573637
"Q8N2H3_PYROXD2",-0.198467030061451,18.3024708755105,-1.50857909254724,0.179041687139024,0.234105393223211,-6.83326666288589
"Q8N2K0_ABHD12",0.120140340132625,19.5206238131768,1.57917736207893,0.15568767773411,0.207572735376537,-6.82993655803736
"Q8N2K1_UBE2J2",0.388218973265978,17.3676881980837,3.81821147358118,0.00582181483835755,0.0124139959799685,-3.47516447681833
"Q8N2M8_CLASRP",-0.32774339937454,17.2006656154917,-3.87218966462249,0.00541173919210436,0.0116557641751083,-3.39648631280841
"Q8N2U0_TMEM256",-0.234961179559651,17.3643512210984,-0.965690915622546,0.367484933924339,0.435643766743847,-7.54754269468638
"Q8N2U9_SLC66A2",-0.113227264507069,15.1474392981138,-1.89355225455781,0.103676268475577,0.145410602623131,-6.34446554283386
"Q8N2W9_PIAS4",-0.196069999594137,18.4729916527329,-2.06944223109897,0.0748350050324449,0.109777251355212,-6.13193100053364
"Q8N2Z9_CENPS",0.0538559472534317,16.6569235719216,0.410905551190103,0.692695294393568,0.739458303039646,-7.95386185365697
"Q8N302_AGGF1",-0.253862105022225,16.9409237786898,-2.68162622630399,0.0296818413033608,0.0492771957924617,-5.19764416788489
"Q8N335_GPD1L",0.661882376700156,22.0432462927863,10.4295247805293,0.0000103619696268837,0.0000935224661646828,3.50311442982484
"Q8N350_CBARP",0.0776162890706971,15.3102631004334,0.717365803316577,0.498271107234794,0.563285070342745,-7.70329696788399
"Q8N357_SLC35F6",-0.409888053023987,17.9446881583325,-2.92593957976906,0.0210647420962402,0.0367220784744448,-4.83109896407072
"Q8N370_SLC43A2",-0.0141899287256226,15.0997764242937,-0.216138710314485,0.835548039596355,0.863475324615472,-7.96202438942053
"Q8N392_ARHGAP18",1.0767445773059,18.4911063316401,13.7880717778854,0.00000141827912123269,0.0000252633044405055,5.70091350982717
"Q8N3C0_ASCC3",0.55757746283173,19.454531691006,11.3883644352679,0.00000556809350612304,0.0000616561621624856,4.19120449566189
"Q8N3D4_EHBP1L1",0.555557203745245,17.7259232227502,5.39654719922258,0.000821068812917378,0.0024461611402466,-1.34036539572036
"Q8N3E9_PLCD3",-1.9894260903022,17.3952259409808,-22.0268336791809,0.0000000466005252731303,0.00000308211821936895,9.40396987189703
"Q8N3F8_MICALL1",0.39122175090526,17.686755944587,5.38900819682055,0.000828088758488172,0.00246225296992222,-1.34972887855452
"Q8N3J3_HROB",-0.389199631958316,16.6592152510068,-2.04751562064471,0.0850945178107604,0.122622694823891,-6.13239144636955
"Q8N3J9_ZNF664",0.0740035278940692,16.0193401484326,0.678938363823837,0.517690094730722,0.581703480650298,-7.79507608182264
"Q8N3P4_VPS8",0.232112022137152,18.6082198709822,2.97925185832919,0.0190883652063267,0.033819265259567,-4.73824687765233
"Q8N3R9_PALS1",0.0575683918299248,19.3384910143432,1.0645193965476,0.320346844267689,0.387123943040998,-7.45088112433182
"Q8N3U4_STAG2",1.10278839019904,22.1048698975354,20.4346145463949,0.0000000808760147452877,0.00000442548897951553,8.81600680148103
"Q8N3X1_FNBP4",-0.432806868030355,19.1513750357782,-7.58597860475016,0.0000924202695736846,0.00045824548264501,1.07466889150535
"Q8N3Y1_FBXW8",-0.117622356522999,15.1744009634985,-1.48346676773512,0.204964321529457,0.262760598272889,-6.8054519373702
"Q8N3Z3_GTPBP8",-0.22385740829133,17.3684476155139,-1.48914746497797,0.177711251080916,0.232485685538605,-6.94883429657234
"Q8N442_GUF1",-0.134512858623211,17.2922266934825,-1.39421939159197,0.203388520831225,0.261180666797619,-7.0700263302863
"Q8N465_D2HGDH",0.365944287610709,19.1385165907966,4.71863149799362,0.00182176890268455,0.00470984849551961,-2.21424114511355
"Q8N488_RYBP",0.146565648455887,16.5374425037241,1.67871110213446,0.13447389406237,0.182644363971141,-6.69452409064662
"Q8N490_PNKD",-1.06448953576296,17.4141275084812,-13.5718048301964,0.00000158928458951484,0.0000272254472699322,5.57562169513401
"Q8N4A0_GALNT4",-0.265053113265854,16.7011939420444,-3.43144153891944,0.00994724159005618,0.0195197934814157,-4.04905739118408
"Q8N4C8_MINK1",-0.870343380893321,17.3182804399416,-10.7140006255942,0.00000857390412510365,0.0000816954161185655,3.71308264679507
"Q8N4H5_TOMM5",0.171682671079342,21.5517957106877,0.773686390612595,0.467658476119749,0.534299079848493,-7.71690506346065
"Q8N4J0_CARNMT1",-1.1394400424359,17.2761213320412,-10.7125675256565,0.00000858199283180829,0.0000816954161185655,3.71203761101275
"Q8N4P3_HDDC3",0.260012040679786,18.2714744415683,3.82117782209597,0.00579842858076383,0.0123710652974165,-3.47083121542939
"Q8N4Q0_PTGR3",0.123618038855351,19.3675300762127,2.08076085978683,0.0735639351377397,0.108183930908285,-6.11507185596366
"Q8N4Q1_CHCHD4",0.108924706784684,20.382676224696,2.12608455392199,0.0686842658315447,0.102125583394556,-6.04732471950221
"Q8N4S9_MARVELD2",-0.132956722499554,17.7074560184373,-0.87981125741702,0.407033878352593,0.474394679551,-7.63058438508173
"Q8N4T8_CBR4",-0.690468000304524,18.3287429347685,-5.3925108545734,0.000868525853727554,0.00255156726282417,-1.38509695740287
"Q8N4V1_MMGT1",0.60588379302661,19.9109610728719,7.08188228802013,0.000145914336835985,0.000644497355385891,0.568260403088109
"Q8N511_TMEM199",0.279526910206148,19.1988010998032,2.66008364503172,0.0306548659746602,0.0506541191838509,-5.23092789711503
"Q8N531_FBXL6",-0.258453563537532,18.1083310787023,-1.99211815014008,0.0843731756261988,0.121771901569391,-6.24723429458276
"Q8N543_OGFOD1",-0.875016433448256,19.5029554128881,-17.688534159738,0.000000232634372951184,0.00000782501614653325,7.67702236937586
"Q8N554_ZNF276",0.0283214568061823,16.3733248779538,0.236174829425927,0.819654219006092,0.849705600348962,-8.01696153685838
"Q8N556_AFAP1",0.565417293907814,17.4411633643539,5.51461543280958,0.000719292250669139,0.00220158424892936,-1.1947441504515
"Q8N565_MREG",0.34523836242931,18.1230714793186,2.42514836379866,0.0444367855203674,0.0700157149261073,-5.60029117532746
"Q8N573_OXR1",0.251275210152752,18.13464462394,3.08438122650174,0.0163678059826116,0.0296413172151771,-4.57671637037588
"Q8N584_TTC39C",-0.29157904588217,18.104764936006,-3.08140896862753,0.0164388300649274,0.029741613100342,-4.58127465685955
"Q8N5A5_ZGPAT",-0.222046155708508,17.6271190315207,-2.80260378732647,0.0247814715214791,0.0422334466485257,-5.01071145775966
"Q8N5B7_CERS5",0.792886463450412,17.0147790466668,7.77315328937987,0.0000784833783647992,0.00040802773468398,1.25603032467915
"Q8N5C6_SRBD1",0.187366692432395,18.214450346525,0.711823962224553,0.501585991514376,0.566537429678993,-7.76693517033092
"Q8N5C7_DTWD1",3.15417114493688,16.9898883937477,5.98937480196364,0.00235225907457618,0.00581641174292146,-1.8872442838857
"Q8N5F7_NKAP",0.723607050763331,18.7867547293046,7.49264904280334,0.000100389381633375,0.00048696532953026,0.982917892815067
"Q8N5G0_SMIM20",1.3095852700274,17.513732422709,7.39016689122808,0.00027534800753136,0.00104872155497422,0.180103111677695
"Q8N5G2_MACO1",0.276729276832043,17.6940556878395,3.73621651399495,0.00651028005577508,0.0136448581163475,-3.5953747780041
"Q8N5H3_FAM89B",0.235685182175288,17.6400008729593,2.00115312535011,0.0829747668107461,0.120073454406875,-6.23310109505938
"Q8N5I2_ARRDC1",0.479057339660262,19.0911571736186,8.24748968398284,0.0000525871367763836,0.000300058336324961,1.70044433198814
"Q8N5I4_DHRSX",0.614183652064799,17.3682054359311,7.18491932436114,0.00013264237333779,0.000600165313270215,0.673968998910651
"Q8N5I9_NOPCHAP1",-1.01569518053738,18.1139197139546,-11.9931964785163,0.0000038539028793999,0.0000485311014912511,4.59825961684755
"Q8N5J2_MINDY1",0.795986354660251,16.3328298090956,5.18003087462031,0.00164352451513571,0.00432710253095754,-1.86107765977267
"Q8N5K1_CISD2",0.431542565864902,20.8244489840228,6.92926844811661,0.000168384366383217,0.000719108080129559,0.409539914723929
"Q8N5L8_RPP25L",0.0356309314082175,18.6508224739354,0.32657668973311,0.752964853335092,0.793266792297718,-7.98845286247825
"Q8N5M1_ATPAF2",0.179501405664691,19.0502260550075,1.73163227019768,0.124323003694671,0.170347823113253,-6.62099942663846
"Q8N5M4_TTC9C",0.547447116744685,19.3743367785455,6.60162659365163,0.000230907826316343,0.000918350927099246,0.0598493949623506
"Q8N5M9_JAGN1",-0.0699320916989024,19.5893094453948,-0.451043003870256,0.6656988972414,0.716471743656161,-7.9338687822523
"Q8N5N7_MRPL50",-0.481371458198439,20.1111156532634,-7.26382422586296,0.000123389156416067,0.000567754339806781,0.754142674823031
"Q8N5P1_ZC3H8",-0.458681541058333,17.8124683367727,-4.75558585262142,0.00174139219147988,0.00453131337954018,-2.16492330182435
"Q8N5Q1_GARIN5B",0.0155553226151355,18.0943663684724,0.102195104238491,0.921398576477622,0.934421009691839,-8.0425025048306
"Q8N5S9_CAMKK1",-1.35366854168908,16.2440368079141,-13.7113285967649,0.00000514948619412452,0.0000590148262415559,4.58579099438615
"Q8N5U6_RNF10",-0.170965586596921,15.8854343039682,-1.09615253431461,0.30808377411397,0.374386513166777,-7.41656275432676
"Q8N5X7_EIF4E3",-0.0996185113207613,15.2666889771427,-1.13269025393725,0.297648443266699,0.363797856256871,-7.2825325644934
"Q8N5Y2_MSL3",-0.170888206102518,17.1464328771544,-1.48016915269556,0.179794579443152,0.234847599389424,-6.96047796890824
"Q8N5Y8_PARP16",0.727458716711627,17.763190768831,9.14162142702951,0.0000259700400223407,0.00017652200572826,2.48368404332266
"Q8N668_COMMD1",-0.29035055298198,18.1627850493774,-3.98838628438777,0.00463111677291475,0.0102243323779973,-3.22838868013717
"Q8N680_ZBTB2",0.0220414866701617,17.9592388576525,0.292148276806473,0.778135753634609,0.814323134582393,-8.00036649820024
"Q8N684_CPSF7",-0.0916140966808179,21.2819526682439,-1.33922113211854,0.21988217812263,0.279062881161476,-7.13810755415155
"Q8N697_SLC15A4",-0.244624812195816,16.5238472172164,-0.891127963298376,0.409330474070059,0.476925181644741,-7.55198456975768
"Q8N6H7_ARFGAP2",0.0363358770608109,21.1886444171202,0.741623888632721,0.481017334336831,0.54704214189084,-7.74783637892566
"Q8N6L1_KRTCAP2",0.483594024475501,17.0225226351675,5.03801061076692,0.00124149093705386,0.00340525786773591,-1.79444458797131
"Q8N6M0_OTUD6B",0.602095752809909,20.0956405566681,12.4628367872636,0.00000292956715452027,0.0000408849317014333,4.90125713438782
"Q8N6N3_C1orf52",-0.0168244336950671,16.7858739743592,-0.154964445060969,0.880961329717416,0.901222847858866,-8.0348599525809
"Q8N6N7_ACBD7",0.033405316544119,18.6700611012873,0.256651395547397,0.804550979216096,0.83632837883253,-8.01118841398216
"Q8N6R0_METTL13",-0.0971284877186953,20.1358469681677,-2.01634377000847,0.0810921864900915,0.117707475275503,-6.2106807984219
"Q8N6T3_ARFGAP1",-0.569928116203407,20.6749026457963,-12.438569219953,0.00000297068059646627,0.0000412317456509533,4.88586715701375
"Q8N6T7_SIRT6",0.11128177299911,17.7683645554807,1.29747087012296,0.233167147685019,0.293718006838731,-7.18866645282134
"Q8N755_SLC66A3",-0.308996792525154,18.4401602651991,-3.10730007880417,0.0158309040534738,0.0288614228740944,-4.54158629864709
"Q8N766_EMC1",-0.104039354021133,21.1614627492828,-1.89479401089243,0.0974014356932244,0.13765056110789,-6.38856756867707
"Q8N7H5_PAF1",0.225150463640137,19.5506263476949,4.44226029720078,0.00256922885570436,0.00627337228779691,-2.58925336173173
"Q8N806_UBR7",0.68969054833007,20.3228785666242,12.568706978407,0.00000275755826439295,0.0000389127795157195,4.96806653849325
"Q8N8A2_ANKRD44",0.348061189851213,15.471695210551,5.32277196170285,0.000892696506871987,0.00260247207024467,-1.43233277742885
"Q8N8A6_DDX51",-0.515826584723406,18.7464097241792,-8.74974798447687,0.000035116599701694,0.000219769197581047,2.14872049238084
"Q8N8D1_PDCD7",-0.200948029623264,15.8764000566842,-2.05786872625041,0.0899810799600779,0.128718467966213,-5.98870665677126
"Q8N8J7_FAM241A",1.52276144799398,18.0866293936805,19.9386650579779,0.0000000968509493146608,0.00000482671519175142,8.62274742217052
"Q8N8N7_PTGR2",0.909761946874401,20.2960288576027,11.4669427535801,0.00000530293142013431,0.0000601104267981246,4.24520995371003
"Q8N8Q8_COX18",0.325734666134334,16.276694937542,4.07466927562072,0.00413061102775964,0.00932821480912702,-3.10471599418738
"Q8N8R3_SLC25A29",-0.119460657683469,19.0102304418966,-0.958775093129763,0.368426066928636,0.436487331006107,-7.55666849916611
"Q8N8R5_C2orf69",-0.461470931133707,17.7375479040598,-7.21860744963659,0.000128600082032857,0.000587288161935932,0.708280676961772
"Q8N8R7_ARL14EP",-0.458505968528279,18.5033203648248,-6.56404807584378,0.00023960204137765,0.000941329094379344,0.0189414050906667
"Q8N8S7_ENAH",-0.180240515319355,18.8485843022745,-2.65077585206062,0.0310854187049411,0.0512320031787177,-5.2453067336069
"Q8N8U2_CDYL2",0.13847053434359,18.9826471037628,2.08081683795462,0.0735577020477739,0.108183930908285,-6.11498841554291
"Q8N954_GPATCH11",0.0694114618551396,16.4727245415709,0.765765888764999,0.467359865194545,0.534109983576612,-7.72868221250771
"Q8N983_MRPL43",-0.428495632814101,20.1590392689801,-7.53683613212911,0.000096524393037614,0.000471525069649385,1.02646850448606
"Q8N999_C12orf29",-0.60380634724449,18.2895746195791,-7.33599993429317,0.000115553294291921,0.000541860885563718,0.826896649072935
"Q8N9A8_CNEP1R1",-0.120596010438087,15.4204521720145,-1.54765617897199,0.169197391729937,0.222803906076507,-6.81406994677632
"Q8N9B5_JMY",-0.778425485881119,17.1009232836866,-10.8285063219319,0.00000795452413798099,0.0000772105795526455,3.79617366812904
"Q8N9F7_GDPD1",-0.275134439713465,15.4935280630577,-3.24476197621623,0.0269616451116827,0.0453896132623857,-4.59875574863623
"Q8N9I9_DTX3",0.304785106256364,16.5720017145392,2.67722083013292,0.0298781913213744,0.0495645634002997,-5.20445101920698
"Q8N9M1_C19orf47",0.274634099097522,17.1833483071463,2.05887673025383,0.076041011057536,0.111353086273319,-6.14764598346403
"Q8N9M5_TMEM102",0.11414519828519,17.4396310245293,1.37288333108321,0.209653834032102,0.267869487930147,-7.09663216699085
"Q8N9N2_ASCC1",0.345601230072194,18.5315759375592,5.65760824715311,0.000614279136329129,0.00195817565419923,-1.02092702182922
"Q8N9N5_BANP",0.0212337816203352,19.6556115357254,0.33875777066705,0.744133009151246,0.785439309964526,-7.9839289962283
"Q8N9N7_LRRC57",0.562146448955801,18.9413446346796,6.56835753889227,0.000238586714832007,0.000937824575200125,0.0236412055398034
"Q8N9N8_EIF1AD",-0.225090472362496,20.0304084056974,-3.81410006292258,0.00585439714836582,0.0124520538899526,-3.48117227346765
"Q8N9Q2_SREK1IP1",-0.278253095135462,16.0682402825681,-2.52180179709316,0.0377357429631517,0.0606675250428517,-5.44432022793917
"Q8N9R8_SCAI",-0.164279518328211,16.8226582228226,-2.03013501961436,0.0794192989223895,0.115610703454506,-6.19028293039048
"Q8N9T8_KRI1",0.191485152472346,19.323375187847,3.79855522500347,0.00597937831384237,0.0126541879396453,-3.50390622556209
"Q8N9U0_TC2N",0.459288297466827,16.333406533686,2.42991305039912,0.0500167947444404,0.077654162242542,-5.55426524388209
"Q8N9V3_WDSUB1",0.228696011632625,16.2395735439593,2.15165957645875,0.0660737189117455,0.0986759682000268,-6.00893853397436
"Q8NA61_CBY2",-0.0560099126138685,15.8447452610487,-0.59831983861393,0.567350386215545,0.627036768026073,-7.85036896522453
"Q8NAA5_LRRC75A",-0.0542808101727204,15.1524116613353,-0.52976430878789,0.628447231174926,0.683438610282598,-7.58132176614288
"Q8NAF0_ZNF579",0.438350726637154,18.3985843319138,5.55293127779887,0.000689328032292284,0.00213478380033189,-1.14789672677573
"Q8NAV1_PRPF38A",0.0129980152378089,19.952928302562,0.214276090250889,0.836074545419074,0.863902050327058,-8.02251166538456
"Q8NAX2_KDF1",0.239006578715802,16.9677726653727,2.4142742572401,0.0443870837327995,0.0699706028749581,-5.60965668346591
"Q8NB14_USP38",-0.0201833504879225,17.0125133621662,-0.18457112001804,0.858485786070816,0.882264949176412,-8.02918743379537
"Q8NB15_ZNF511",0.280611547893287,16.8997365570138,1.51665512625255,0.17192932249579,0.225932001883721,-6.91307953409704
"Q8NB16_MLKL",-1.63627576421562,18.0689336337826,-17.4658876070877,0.000000255169330080142,0.00000822380476520999,7.57669540737214
"Q8NB37_GATD1",0.0605800731495663,19.506691959893,0.941776030389509,0.37581191362824,0.442823457018806,-7.57373326841417
"Q8NB46_ANKRD52",-0.351892833411068,18.4054371852687,-4.36895122810105,0.0028198746548553,0.00677446829590315,-2.69054797605543
"Q8NB49_ATP11C",0.864166419296996,18.1213200041085,12.3375781246428,0.00000314891401598581,0.0000427690000099787,4.82151344602369
"Q8NB50_ZFP62",0.349326327670649,16.7979051814374,4.59119975165628,0.00213173239416309,0.00537063815501969,-2.38580276307331
"Q8NB78_KDM1B",-0.218989738267428,18.0272518869267,-3.16228980779029,0.0146171709190902,0.0269392299516841,-4.4574393467221
"Q8NB90_SPATA5",0.242613235758089,18.9821431151484,4.0981144984909,0.00400498229154334,0.0090931030774563,-3.07128358370826
"Q8NBA8_DTWD2",-0.500721795734524,19.3535627686497,-6.66190007145757,0.000217687526079595,0.000878372054833633,0.125114393895172
"Q8NBF2_NHLRC2",0.14091182665657,20.8189259282284,3.14205307263152,0.0150519785916501,0.0276534659826306,-4.48838211205795
"Q8NBF6_AVL9",0.270556428028637,20.1348103071878,4.75448314578162,0.00174373348209255,0.00453430320163964,-2.16639210704285
"Q8NBI6_XXYLT1",-0.410500817841946,17.859736031035,-6.19096789275914,0.000348833931678768,0.00125034443183257,-0.396466748280496
"Q8NBJ4_GOLM1",-1.58132296974939,17.6941168379025,-15.9807074527669,0.00000196420426206976,0.0000310597455661177,5.65277290355143
"Q8NBJ5_COLGALT1",-0.398135365897062,20.7031567878003,-7.42698134895509,0.000106457188113325,0.00050957418048455,0.917824497717184
"Q8NBJ7_SUMF2",0.461137854115758,18.6794787032332,5.43239455347093,0.000788577312344764,0.00236627183644407,-1.29595004631527
"Q8NBJ9_SIDT2",1.14050673846993,16.6608287954718,8.91014845993828,0.0000309945697028882,0.000200633784817164,2.28733881781351
"Q8NBK3_SUMF1",-0.26184416950564,17.7612696392719,-2.75599096663862,0.0265617424802761,0.0448155752672981,-5.0827293093278
"Q8NBL1_POGLUT1",0.767261584712795,18.7384659673736,11.1116264504387,0.00000662827903823351,0.0000689667446850944,3.99822625219761
"Q8NBM4_UBAC2",0.488441109296019,18.0881742703922,4.219693965789,0.00341674750062177,0.00795345305310611,-2.89911469712252
"Q8NBM8_PCYOX1L",0.0342314157907175,19.000341134054,0.597811565244471,0.567672108009042,0.627210060069258,-7.85069758794954
"Q8NBN3_TMEM87A",0.259077286192667,19.461203321088,2.54463265297245,0.0364599224997936,0.0589653775320923,-5.40913322507636
"Q8NBN7_RDH13",-0.396598194704687,20.0666135461411,-8.12140181755247,0.0000583836442229363,0.00032272238223812,1.58437499063398
"Q8NBP0_TTC13",-0.148395215994704,16.550559904842,-1.40928862098199,0.205048901973447,0.262824730099433,-6.99024054961674
"Q8NBS9_TXNDC5",0.0961521269274357,22.5547921121593,1.85020283134365,0.104146598688631,0.145891719716824,-6.45287935635486
"Q8NBT0_POC1A",0.0315122762429141,16.2646652713917,0.132366505005084,0.898526454821201,0.915375330212973,-8.03841569354563
"Q8NBT2_SPC24",-0.0206503184750524,19.6483683842083,-0.183488923355186,0.859414762626306,0.882981046134767,-8.02936134588413
"Q8NBU5_ATAD1",0.189736129771127,20.9166678506563,3.90281601081791,0.00519303850666948,0.0112402535235424,-3.35201045848466
"Q8NBW4_SLC38A9",-0.0543660492676601,17.5567755233692,-0.205379719997802,0.843470502324246,0.869889713990266,-8.02425467614616
"Q8NBX0_SCCPDH",0.335429428854187,21.2540596788869,3.50775044128644,0.0091979148050716,0.0182661462160247,-3.95267009577542
"Q8NBZ0_INO80E",0.0711307754007446,15.4521108799059,0.499860299670508,0.637508271948147,0.691808805312827,-7.81217294311797
"Q8NBZ7_UXS1",-0.281151366118952,17.8019591583192,-2.91332038958325,0.0210337873761843,0.0367017634281389,-4.83982100200108
"Q8NC42_RNF149",-0.390448761924834,16.7413010492214,-4.83792730604432,0.00157594123803977,0.00417070600435994,-2.05573524423459
"Q8NC44_RETREG2",0.254564102206466,16.4223976600111,1.58843980852401,0.154326479215708,0.206075702407773,-6.81782635213977
"Q8NC51_SERBP1",-0.135327273288876,22.9341944834949,-2.30705457137823,0.0522088611150471,0.0805151252313562,-5.77363220034458
"Q8NC54_KCT2",0.0286337926809459,18.4486072429634,0.219184474245239,0.832518358290176,0.860812212228804,-8.02124216479454
"Q8NC56_LEMD2",0.0853352793361708,20.1373419274332,1.51856319530877,0.170070982588548,0.223799289544722,-6.91038151422449
"Q8NC60_NOA1",-0.646305329778727,18.6742854908317,-9.73686700112912,0.0000167626825689654,0.000130766116532873,2.96957419221479
"Q8NC67_NETO2",0.0994029160148813,16.494768452248,1.10319355210669,0.316204841279823,0.382970385792091,-7.30659913649303
"Q8NC74_RBBP8NL",0.0879461317924388,16.9152615645974,0.719263010285298,0.493899818353247,0.559351104585288,-7.76510447711044
"Q8NC96_NECAP1",-0.372928139697859,19.038261746739,-4.27993486298982,0.00316071615324392,0.00744746191498552,-2.81456213576139
"Q8NCA5_FAM98A",-0.489370831306928,21.2396559651715,-9.90801696995057,0.0000148436960332677,0.000119598677996858,3.10447021031682
"Q8NCC3_PLA2G15",-0.366786933563894,17.9418969690038,-5.14228967738595,0.00109881346066627,0.00307943079654668,-1.66051706849317
"Q8NCC5_SLC37A3",-0.182004061988835,16.2136632960147,-1.33399152754012,0.227333993475991,0.287512862384169,-7.08245782911792
"Q8NCD3_HJURP",0.0408079201421749,16.8914477838221,0.328818422108981,0.752698874198712,0.793266792297718,-7.92702610035125
"Q8NCE0_TSEN2",-0.054971497897025,16.8233920636566,-0.645813332242276,0.53776160313996,0.599738233648465,-7.81855140224743
"Q8NCE2_MTMR14",0.409427278955643,18.8220967825985,6.25354535750879,0.000327167218627054,0.00119052134733609,-0.325593531243679
"Q8NCF5_NFATC2IP",0.0867020614700849,19.0002067691058,1.0697667379934,0.31812675984944,0.384624405565862,-7.4453782426464
"Q8NCG7_DAGLB",-0.14230275939811,18.7459164070353,-2.1026072593818,0.0711705467569524,0.10531579350844,-6.0824634926213
"Q8NCH0_CHST14",0.290544602308621,18.0797877691835,2.23893746577703,0.0580930699911982,0.0882652597589,-5.87845923430842
"Q8NCL4_GALNT6",0.0804591568377226,18.9241296288097,1.48907917024665,0.177494445821614,0.232242001534353,-6.94891373212857
"Q8NCM8_DYNC2H1",0.373151115904736,16.2130165001541,4.94010854875673,0.00139419984854056,0.003765725869318,-1.92158404248676
"Q8NCN4_RNF169",-0.478206317963242,18.2101569672628,-4.39385523431268,0.00273185322385929,0.00660682849623967,-2.65605187215619
"Q8NCN5_PDPR",0.469589063038999,19.6510003495009,5.02472693508834,0.00126108688051563,0.00344945984567656,-1.81161551318955
"Q8NCW0_KREMEN2",-0.444852430244092,15.6977961785069,-5.9828783826471,0.000433195879180868,0.00148084847507851,-0.635704531064573
"Q8NCW5_NAXE",-0.163037902238678,21.9802725548154,-4.10563354818016,0.00396557596478781,0.00901804262844471,-3.06057731698395
"Q8ND04_SMG8",0.180065944610622,20.0007485932146,3.32454627392639,0.011577089434123,0.0222081569321412,-4.21048729948112
"Q8ND24_RNF214",0.198370852818197,17.5721472023092,2.96946748029771,0.0193647095479739,0.0342310213915563,-4.75330913832377
"Q8ND25_ZNRF1",-0.917753071410186,17.3335047747613,-6.93805017682159,0.000321959067330424,0.00117731762794,-0.0314916388662372
"Q8ND30_PPFIBP2",1.12459877158659,17.1489769803161,13.2833648895314,0.0000018547870813042,0.000030015979873191,5.40546900495151
"Q8ND56_LSM14A",0.0190527844094035,19.9172526010961,0.236967028790437,0.819061941655012,0.849323125866125,-8.01675078768091
"Q8ND76_CCNY",0.0613162410666668,17.0663402046449,0.389409275933372,0.707920199650503,0.753174015742304,-7.96334799131775
"Q8ND82_ZNF280C",-0.200805394742584,19.0026619348042,-2.522823971693,0.0376776556155312,0.06062539636381,-5.44274535477511
"Q8ND90_PNMA1",0.333730098801915,18.1607549166759,4.5897102026842,0.00213568127827161,0.005378121550143,-2.38782185106499
"Q8NDA8_MROH1",1.17585519965538,18.4553264253533,6.32624100341861,0.000425902124012574,0.00146116894688301,-0.51452231265106
"Q8NDC0_MAPK1IP1L",0.0308623735075457,18.9088264830555,0.0871120469040551,0.933577640446159,0.944157559299656,-8.04398552831623
"Q8NDD1_C1orf131",-0.281085719185125,17.1895670690614,-3.3776304219768,0.0107347479362489,0.0208437875615706,-4.13018554525933
"Q8NDF8_TENT4B",-0.760594727306174,17.1820430646895,-8.94031675613527,0.000030281610665219,0.000197268420540563,2.31317365254053
"Q8NDH3_NPEPL1",0.400295771845435,20.4494887847569,4.69389233062095,0.00187784826682454,0.00481717164164164,-2.24736611470486
"Q8NDI1_EHBP1",-0.0850435178350892,18.0934820687135,-0.916361900232719,0.388153069309026,0.455109024998374,-7.59770587322297
"Q8NDT2_RBM15B",-0.117752651769251,17.1479784153117,-0.966385157363108,0.364143531730754,0.432423997243422,-7.5500293949075
"Q8NDV7_TNRC6A",-0.3501976003331,16.6590496201657,-2.96554086458719,0.0194767890108581,0.034379312419723,-4.75935505517756
"Q8NDX5_PHC3",0.125339975484891,18.9207304455958,1.95583949223312,0.0888475867103162,0.127384494725479,-6.2996719324566
"Q8NDX6_ZNF740",1.10531703570294,17.672318766894,6.04343911830231,0.00050589675449405,0.00166645765036022,-0.739025100464115
"Q8NDZ4_DIPK2A",-0.350635654099577,17.9956211637747,-3.97900993313252,0.00468934841213487,0.0103263416394609,-3.24188775493514
"Q8NE01_CNNM3",0.104146419586414,18.4204002475769,1.36202285783075,0.212907477861658,0.27152486194094,-7.11008120966555
"Q8NE62_CHDH",-0.389013201116736,18.8177155283748,-5.12200465108836,0.00112508684550244,0.00313803100362726,-1.68644921119858
"Q8NE71_ABCF1",-0.254498278977113,21.7903603813756,-4.99113701930645,0.00131217503584432,0.00357464302386528,-1.8551466248871
"Q8NE86_MCU",-0.154580391507274,19.5933290846711,-1.85679135770353,0.103122443739125,0.144767313968214,-6.44341198578331
"Q8NEB9_PIK3C3",-0.384970124063742,17.9085292390987,-5.19367986727293,0.00103523004184909,0.00293914135808293,-1.59507965156343
"Q8NEC7_GSTCD",0.723629243301765,17.0431033406214,9.36096388428723,0.0000220395683358334,0.000158743330267376,2.66584165399227
"Q8NEF9_SRFBP1",-0.609852934850583,18.4300631169725,-7.66329896561421,0.0000863522917391216,0.000436119210469959,1.15001219403558
"Q8NEJ9_NGDN",-0.562806592982927,18.9981597675268,-8.75763069105682,0.0000349002077355914,0.000219199818362435,2.15558271411399
"Q8NEL9_DDHD1",-0.314610066454499,18.090383682847,-4.56758577898455,0.00219528738251578,0.00549978782325924,-2.41784881262401
"Q8NEM2_SHCBP1",-0.291585813171928,17.4719667863327,-3.09755791974579,0.0160568180839569,0.0291753842203956,-4.55651504885106
"Q8NEM7_SUPT20H",-0.200814207422461,16.1787971541106,-2.01382596668273,0.0814013024138476,0.118088557344979,-6.21440036097478
"Q8NEN9_PDZD8",0.697412882795952,16.8369686651569,7.79466454905576,0.000077038411489177,0.000402164830327165,1.27665080867035
"Q8NEU8_APPL2",0.426900852916326,17.320949789677,5.20204655547274,0.00102526766866339,0.00291629988326618,-1.58446109527989
"Q8NEW0_SLC30A7",0.136508599496558,18.0311581007523,1.07875108489048,0.314353953520909,0.380971346475467,-7.43591035714821
"Q8NEY8_PPHLN1",0.290508891496625,19.1876767502606,4.34685445768585,0.00290056984124799,0.00693547130227357,-2.72122868191908
"Q8NEZ2_VPS37A",-0.127299923432943,17.7676877280446,-1.85700592318813,0.103089253586417,0.144747436362985,-6.44310345833681
"Q8NEZ4_KMT2C",-0.240103174617534,18.0282149992326,-3.68011647204093,0.00703162873586865,0.0145729068569528,-3.67809180912677
"Q8NEZ5_FBXO22",-0.274708369171677,20.3931472582987,-4.88156498530633,0.00149532156722679,0.00398927247994631,-1.99826233230577
"Q8NF37_LPCAT1",0.356044531521857,21.8036579972362,3.14975613363805,0.0159940222634507,0.0290821260664131,-4.51774172536735
"Q8NF64_ZMIZ2",-0.114636648201472,17.0523277432472,-0.723610674262735,0.491504099095545,0.557052626690614,-7.76163895063614
"Q8NF91_SYNE1",-0.228246612236742,22.210798959208,-2.22384785494595,0.0605318480419626,0.0914046528106348,-5.90775520441748
"Q8NFA0_USP32",-0.31293920046474,20.2729124898323,-2.73286822634126,0.0284638554213974,0.0475293269671019,-5.13559099561712
"Q8NFC6_BOD1L1",0.0913131980089439,17.9212274621844,1.30084687856603,0.232067801447958,0.292478491766888,-7.18461536429473
"Q8NFD5_ARID1B",-0.124257259621299,18.1528215213016,-1.38994206298775,0.20463120176783,0.262422006515952,-7.0753794988237
"Q8NFF5_FLAD1",-0.47438189887713,19.8493553192965,-9.67545019513497,0.0000175181594549124,0.000135272203872146,2.92065766858896
"Q8NFG4_FLCN",-0.0148839961260094,18.2966781960679,-0.211694817635781,0.838015958558821,0.865555320586419,-8.02313077530784
"Q8NFH3_NUP43",0.151121488747549,20.0601386978875,2.91494039617113,0.0209835742137839,0.0366225482950987,-4.83732317764776
"Q8NFH4_NUP37",-0.314575122594295,20.3531809240804,-5.84931873280053,0.000499192621444101,0.00165285013402423,-0.792194842023497
"Q8NFH5_NUP35",-0.341060750684331,19.6529086261031,-4.52194388784161,0.0023240896101196,0.00575611383085955,-2.48001364363742
"Q8NFH8_REPS2",0.302873538608985,16.1720447953785,2.54890773895204,0.040867465445116,0.0649609074557058,-5.39722155831525
"Q8NFI3_ENGASE",-0.221134893007932,17.5298428348796,-2.60297357351494,0.0333970276800611,0.0546157369457202,-5.31912637554255
"Q8NFJ5_GPRC5A",1.52374818404858,17.2609547464994,4.54646716900563,0.00884720117792753,0.0176944023558551,-3.31367633860018
"Q8NFP9_NBEA",0.791799290048138,16.1989737581469,9.03506668838659,0.0000281594453245737,0.00018742597203005,2.39383361628785
"Q8NFQ8_TOR1AIP2",-0.344226129333229,21.00073113511,-3.42180506437921,0.0104527358631362,0.0203646283235179,-4.08563307281348
"Q8NFR3_SPTSSB",0.98498934175397,16.5620639988211,4.48408294125357,0.00411586163714402,0.00930319275248659,-2.84566737740772
"Q8NFU3_TSTD1",-0.493668545285601,19.583296328067,-3.57615780285063,0.0089202370816748,0.0178098890936492,-3.89173908689186
"Q8NFV4_ABHD11",-1.24342899431748,20.6648524435652,-24.0355345624016,0.0000000245071452976586,0.00000221906365635704,10.0826927152796
"Q8NFW8_CMAS",-0.0818132224903465,20.2049388376279,-1.30266082265598,0.231478957946412,0.291881457914524,-7.18243595919619
"Q8NFY4_SEMA6D",0.00073730490398205,17.0921348784643,0.00486661871317466,0.996244677733084,0.996743827228267,-8.04842828893863
"Q8NFZ0_FBH1",0.460533419584685,16.3631901679575,6.16731466728802,0.000357435307367829,0.00127099249548373,-0.423383545776621
"Q8NG08_HELB",-0.0380293818878688,15.732825732743,-0.469202708094637,0.652336469253695,0.704882964219861,-7.92553609848078
"Q8NG11_TSPAN14",0.602080686088456,18.5679838931694,7.72410981089588,0.0000818926126506779,0.000421041743154705,1.20884736348246
"Q8NG31_KNL1",-0.59096213929929,17.0028179267222,-7.22998187902054,0.000127266483151661,0.000583477318174521,0.71983804941083
"Q8NG68_TTL",-0.266833315993765,16.5217630848114,-1.33028471229539,0.264394528387979,0.328484936772128,-6.44991822031856
"Q8NGA1_OR1M1",-0.00379999674676057,17.2423507250618,-0.0216755541837346,0.983292947787642,0.985885336260586,-8.04817457228657
"Q8NH48_OR5B3",-0.395251528705062,16.0819848413651,-3.52429547733118,0.0110378720601964,0.021362354933805,-3.99704603261792
"Q8NHG7_SVIP",1.30461476288525,19.0202838153601,16.0535445068889,0.000000471571214652642,0.0000120766688843367,6.90803287242716
"Q8NHG8_ZNRF2",0.136997650278243,17.4104566370344,1.44426308126722,0.189337092182548,0.245325700605185,-7.00669204479853
"Q8NHH9_ATL2",-0.658057814793928,19.6527310578291,-8.41251465069027,0.0000459517348329136,0.000270308503587889,1.85017542665817
"Q8NHM5_KDM2B",0.411661460883217,17.6736396407223,3.43566942274649,0.00988803783804825,0.0194186459582223,-4.04269531028144
"Q8NHP6_MOSPD2",0.773862418897401,18.5102817841199,11.9239539531893,0.00000401623867845942,0.0000497833865331624,4.55264378053147
"Q8NHP8_PLBD2",-0.788759064098457,19.7642653815496,-8.48862197796498,0.0000432122985914081,0.000258593818321204,1.91841250314574
"Q8NHQ9_DDX55",-0.305247216180604,18.8811692525644,-4.95335914177267,0.00137237133111908,0.0037133604925264,-1.90429661021401
"Q8NHU6_TDRD7",0.5831810353239,17.78173294905,6.59834035848714,0.000231653934608669,0.000919123540236585,0.0562786826452548
"Q8NHV4_NEDD1",-0.117231722746894,18.002431409994,-1.39315530624562,0.203697044519728,0.261476602360267,-7.07135895764605
"Q8NHY2_COP1",-0.0501717531536308,15.4707687018298,-0.770552977582817,0.4646829118577,0.531645341093512,-7.72482180500323
"Q8NHZ8_CDC26",0.0297723697484216,16.139782796848,0.248003282946588,0.810824020121967,0.84215860945619,-8.01374255644946
"Q8NI08_NCOA7",-0.3272194774055,16.7864816982779,-2.6848577099133,0.0295386620271772,0.049054817331596,-5.1926510323524
"Q8NI22_MCFD2",-0.52495174168816,18.9636806333986,-7.69055598802668,0.0000843205740616381,0.000430142378479423,1.17642921976719
"Q8NI27_THOC2",0.614545779451387,21.2605229893195,13.9427175060202,0.00000130873043154649,0.0000239283741883236,5.78933758841983
"Q8NI32_LYPD6B",-0.329951660761669,15.3415944560094,-2.89145136885048,0.0308235236489581,0.0508444417423499,-4.96397934233592
"Q8NI35_PATJ",-0.0220565601511744,18.2148045137239,-0.365605711648776,0.724812135250622,0.768030245293429,-7.973392005756
"Q8NI36_WDR36",-0.483824003929175,19.4797533944361,-3.79981772716012,0.00641258038431617,0.013466064716485,-3.54921624300096
"Q8NI37_PPTC7",-0.484053868705651,16.3915707957558,-3.30770826390841,0.0186988767345967,0.0332220641072979,-4.03351393728498
"Q8NI60_COQ8A",-0.264423892988095,19.0888575860831,-2.30979983657801,0.0524816747557122,0.0808866500895536,-5.77303365949649
"Q8TA86_RP9",0.296725024544866,17.8480030460859,3.42986642983906,0.00996939483947825,0.0195582195380633,-4.0514280576842
"Q8TAA5_GRPEL2",-0.601141907414821,24.0254937311189,-4.15791567825169,0.00464039247653039,0.0102392878376821,-3.14187033382069
"Q8TAA9_VANGL1",-0.414005583021467,18.900249391973,-4.54522290292307,0.00225739186890667,0.00562572822899874,-2.44827027589399
"Q8TAC2_JOSD2",0.603128728499122,16.8967948093292,3.43878990564417,0.0102085442866755,0.0199450777920509,-4.06036628824057
"Q8TAD4_SLC30A5",-0.0141843341027048,17.6216993891371,-0.153319179183201,0.882213939770012,0.902140256236987,-8.03514636659222
"Q8TAD8_SNIP1",-0.0838223988150801,18.5255729213618,-1.2703304206022,0.242168145402808,0.30364835376422,-7.22099052220987
"Q8TAE8_GADD45GIP1",-0.460826344529242,19.4996555674118,-5.26927972349304,0.000948946376760188,0.00273397202334772,-1.49948829384202
"Q8TAF3_WDR48",0.571041233284149,18.093888230561,8.02131022526381,0.0000634970513591896,0.0003459588629212,1.49118627813563
"Q8TAG9_EXOC6",0.503091161180944,18.4077544503978,5.05677531690013,0.00121437853792705,0.00335143801141987,-1.77023130079416
"Q8TAP6_CEP76",0.211658352342475,16.6934682377095,2.16350631704428,0.0648981016295408,0.0970536690905008,-5.99112106951672
"Q8TAP9_MPLKIP",0.283139832176374,17.2857717695714,3.20596633388349,0.0137234222404959,0.0256078052362143,-4.39075764703763
"Q8TAQ2_SMARCC2",-0.026972564535015,19.7312110206547,-0.473175311886827,0.649628656651583,0.702356156715272,-7.92347672292997
"Q8TAT6_NPLOC4",0.162346902591455,21.0686800019696,3.21115841889568,0.0136210936247183,0.0254613020667503,-4.38284037639785
"Q8TAV0_FAM76A",0.170848015507111,16.9267690345439,1.73110006219915,0.124421403824852,0.170428870921331,-6.62174375258625
"Q8TB03_CXorf38",0.957726531817919,19.7602545227291,11.6114787939088,0.00000485153545621434,0.0000567765074196618,4.34365636257967
"Q8TB22_SPATA20",1.14482983660941,17.9378755660892,13.4735260404195,0.00000167460215096275,0.0000281170506848182,5.51804291566784
"Q8TB36_GDAP1",2.50376228718138,18.1852460001349,32.9513696849467,0.00000000237831625283008,0.000000639005178833208,12.465878853681
"Q8TB37_NUBPL",0.769465593417113,18.0355918128262,11.0720916691584,0.00000679755354505879,0.0000693910675415888,3.97029694626566
"Q8TB40_ABHD4",0.636878458982675,16.524470761181,6.27171503767086,0.000573495385693026,0.00184909109944093,-0.710776394365168
"Q8TB45_DEPTOR",0.00186087197628559,15.2828982077757,0.0333585377064338,0.974264210090362,0.978509650329763,-8.04781136923662
"Q8TB52_FBXO30",-0.258120442757694,17.653805391403,-3.48743433134676,0.00919293492587877,0.0182610245615654,-3.96494714721573
"Q8TB61_SLC35B2",0.196728289604653,21.0954889352966,3.36117309912362,0.0109886798975114,0.0212833968170288,-4.15505298224174
"Q8TB68_PRR7",-0.312710734677848,15.7224104731877,-2.27949557523429,0.0804937897595709,0.116928144559071,-5.80459063570553
"Q8TB72_PUM2",-0.54760279435208,18.0945424649284,-7.09686883366505,0.000143894869084852,0.000637799751899407,0.58370758431421
"Q8TB96_ITFG1",0.323932369229865,17.8586840017165,3.11168595618119,0.0157302966607251,0.0286917593288909,-4.53486743569681
"Q8TBA6_GOLGA5",0.472545221812108,19.471155975486,7.30637857774747,0.000118699818812369,0.0005532051604699,0.797104845697119
"Q8TBB1_LNX1",0.729747087481245,15.7532142268348,2.86947293138896,0.054772271296572,0.0838393832726356,-5.19595584825719
"Q8TBB5_KLHDC4",-0.595886671646905,19.7349549910253,-4.66343108172118,0.00218119587411667,0.00547530555067043,-2.37012430561128
"Q8TBC3_SHKBP1",0.307359030344724,17.0185820883061,3.17338731649416,0.0143843911130958,0.0266180168610434,-4.44048322130525
"Q8TBC4_UBA3",0.262165561147743,19.4119451267128,3.93231653427784,0.00499139294642357,0.0108999525554113,-3.30928380233773
"Q8TBE0_BAHD1",-0.0253998836057292,16.7762244139678,-0.277560898704886,0.788888524145408,0.823762508875614,-8.00502357057703
"Q8TBE9_NANP",0.513737108053057,17.8952310868345,6.33416797732946,0.000301427882533364,0.00112001000222216,-0.235001399937304
"Q8TBF2_PRXL2B",-0.156178198325552,18.5413777869411,-2.21034622676285,0.0604504039148905,0.0912997959048167,-5.92046227253698
"Q8TBF4_ZCRB1",0.0894889862108421,18.0082661187394,1.1250373488333,0.295479849394619,0.361495855637039,-7.3862279848138
"Q8TBF5_PIGX",0.136799297708681,17.431890080301,0.9918731163631,0.352349754186429,0.420190064337093,-7.52497963548511
"Q8TBK6_ZCCHC10",0.601159561662261,16.4490939375218,2.0839802260133,0.0925225875347053,0.131660767219639,-5.83873713886044
"Q8TBM8_DNAJB14",0.195250505265644,18.146673372367,2.35453977268986,0.0485858723168979,0.0756952365510704,-5.70114356499605
"Q8TBP6_SLC25A40",0.886897234957971,18.0318951292669,6.14848905338992,0.000401047686914552,0.00139032302036102,-0.521228815726746
"Q8TBQ9_TMEM167A",0.44222103739116,19.8208846977505,1.97415767059395,0.0931442386195749,0.132396763023825,-6.29196741658142
"Q8TBX8_PIP4K2C",0.892651619751597,20.9948135667366,19.8529024909761,0.0000000999613339631895,0.00000489974225367413,8.58880846052971
"Q8TBZ3_WDR20",0.116822624394029,17.9496805544183,1.77563369216374,0.1164369743187,0.16087549984887,-6.55913090994705
"Q8TBZ6_TRMT10A",-0.866932776981994,16.6279800815006,-10.2348219220863,0.0000118276921015109,0.000101909593184807,3.35641047142613
"Q8TC07_TBC1D15",0.459443778727614,19.8618300785908,9.62206614092846,0.0000182060366372128,0.000139451273577685,2.87791716089227
"Q8TC12_RDH11",0.662313610257961,21.4798584569606,8.93982318514785,0.0000302931258468811,0.000197268420540563,2.31275157629561
"Q8TCA0_LRRC20",0.325794568235036,18.8416989016744,5.24618310703267,0.000974433985615254,0.0027987056987058,-1.52860770929955
"Q8TCB7_METTL6",0.0393546221788892,15.36386691155,0.552334654511649,0.602586240326174,0.66031853391743,-7.78030567270368
"Q8TCC3_MRPL30",-0.52627373162343,19.2403839066111,-6.99106411046687,0.000158850748001752,0.000688051702335608,0.474120631196971
"Q8TCD1_C18orf32",0.408376623839558,17.6182240471787,5.51298300358212,0.000720600490769737,0.00220461273640279,-1.19674450870201
"Q8TCD5_NT5C",0.421997089058298,18.3425829423651,2.89706852000514,0.022457523138477,0.0388032532919709,-4.88680254091289
"Q8TCE6_DENND10",0.227407406539502,17.0746065359605,2.51480128747666,0.0381360350736507,0.0611817512698138,-5.45510462563001
"Q8TCF1_ZFAND1",-0.0027515269217453,18.6409917911683,-0.0390246214481208,0.969895214326623,0.975409625832116,-8.04757907710933
"Q8TCG1_CIP2A",0.251944230631583,18.7241589804419,2.32884376498692,0.0505137161145138,0.0782978041098415,-5.74039844437739
"Q8TCG2_PI4K2B",0.876526070615714,17.7263741699126,11.4278239842809,0.000005433114468001,0.0000608604840112159,4.21836733336017
"Q8TCJ2_STT3B",0.403778578050414,20.2009235628883,5.42981839668,0.000790864271148552,0.00237103415307682,-1.29913603504306
"Q8TCN5_ZNF507",-0.289760761200149,15.4620030548366,-3.80292998195201,0.0106859288132995,0.0207604532704868,-3.78589824598607
"Q8TCS8_PNPT1",-0.990418147807496,21.4005390854298,-18.7304991865184,0.000000153100288195271,0.0000060699750492501,8.12975952590685
"Q8TCT7_SPPL2B",0.202035225247492,16.3994526914572,1.7933801797211,0.139988039490475,0.189322373464536,-6.41894778311738
"Q8TCT8_SPPL2A",4.28857761576744,20.6018953589231,44.4202411878603,0.000000000292749880177538,0.000000247406176514484,14.4449951285663
"Q8TCT9_HM13",0.285814499022429,21.712097329352,1.29159257106787,0.242678774303366,0.304238463384111,-7.19152989978391
"Q8TCU6_PREX1",2.85283011251448,22.7589777860246,38.4445742233526,0.000000000757870972183336,0.000000333862731121553,13.5720967770277
"Q8TCX1_DYNC2LI1",-0.121430681356166,15.9621856278027,-0.54188493943443,0.612373139289467,0.669307385750206,-7.78510086041312
"Q8TCY9_URGCP",-0.331787655199946,17.6034684879265,-4.05237135662534,0.00425406992455594,0.00954979245156865,-3.13658109683521
"Q8TD16_BICD2",0.0940216176098367,18.7134470177143,1.15095416460272,0.285318800301588,0.351040892121301,-7.35776296438796
"Q8TD22_SFXN5",0.207894092443073,17.7629039198316,2.73554952941694,0.0273839098278591,0.0459885224444019,-5.11431730567187
"Q8TD26_CHD6",0.229305632908162,17.6286758452216,3.40355477490336,0.0103473553474195,0.0202007147773287,-4.09106555006318
"Q8TD30_GPT2",0.174652649097865,19.1486951856501,1.69709787335166,0.13086212537445,0.178216172891328,-6.66909267880514
"Q8TD43_TRPM4",0.591444509189792,18.7175548222216,10.5443850982016,0.00000959379208846945,0.000088663891403279,3.58850742717457
"Q8TD55_PLEKHO2",0.0332348300107697,15.444206379949,0.281391246767429,0.791000426890766,0.825575140004234,-7.51306952643416
"Q8TDB6_DTX3L",-0.161225549326627,17.7921032089978,-0.677036203653646,0.521298634119902,0.585153100814046,-7.79366303473248
"Q8TDD1_DDX54",-0.507156509835148,21.1857412735228,-11.3744652821294,0.00000561653538752823,0.0000618042541090999,4.1816159593656
"Q8TDH9_BLOC1S5",0.276121883463205,17.6000429533023,3.22384305556294,0.0133744857101445,0.0250680971688909,-4.36350674742615
"Q8TDJ6_DMXL2",2.84095040498954,18.2404939289754,32.7805496477628,0.00000000247170970811146,0.000000639005178833208,12.4277945826888
"Q8TDM6_DLG5",-0.430596165529916,17.4486690935318,-5.53476573472844,0.000703358261245453,0.00216550018633771,-1.17008216025745
"Q8TDN4_CABLES1",-0.156564366799845,15.9598792891309,-0.987140085441733,0.355416386411407,0.42338246437669,-7.52874379500788
"Q8TDN6_BRIX1",-0.306630335026139,21.6858113913961,-4.67784441553511,0.00191523720413929,0.00489821592961783,-2.26890052841089
"Q8TDP1_RNASEH2C",-0.771368601777002,19.1457340962341,-11.5953679988984,0.0000048996407984061,0.0000571574661237374,4.33273955781701
"Q8TDQ7_GNPDA2",0.271003714329066,19.0003888886428,2.90539077011411,0.0212813927810315,0.0370233928390955,-4.85204869784174
"Q8TDX7_NEK7",0.280972947977919,18.5549515127668,2.86057141800948,0.0227394146429788,0.0392101536555195,-4.92119917612999
"Q8TDY2_RB1CC1",-0.0157262381464349,16.619123357004,-0.185112545565803,0.858075992033491,0.882082172645862,-8.02907456539771
"Q8TDY4_ASAP3",-0.148555076102101,15.3996299430529,-1.70099459342175,0.136336815135334,0.184877485455403,-6.61027345353833
"Q8TDZ2_MICAL1",1.46186406991706,17.1133176116099,8.08092174564224,0.000796614116471691,0.00238357473244834,-0.0413361372509078
"Q8TE02_ELP5",-0.0832082300272905,15.5285733625938,-1.22099991076487,0.264791822149112,0.328871097202179,-7.25043236316147
"Q8TE04_PANK1",0.415175745328575,16.4974040974249,2.14280354357977,0.0686019797025574,0.1020310241724,-6.03009260421898
"Q8TE68_EPS8L1",-0.957584486032335,18.6369771643989,-11.8410938782872,0.00000422072712603804,0.0000509569055883259,4.49772932505489
"Q8TE77_SSH3",0.204491384729337,19.8493187038122,4.07652671445196,0.00412050367818016,0.00931091829359428,-3.10206461790462
"Q8TEA1_NSUN6",0.0284359498807092,16.7733163940938,0.274594657990193,0.792204416866695,0.826544141932521,-7.94563357475046
"Q8TEA7_TBCK",0.229038179480447,16.2605125437797,2.91621228663518,0.020944239122499,0.0365622866113672,-4.8353621654553
"Q8TEA8_DTD1",0.442537886757723,21.3356274448241,6.73445541180413,0.000202879920917905,0.000833620599988858,0.203113399526831
"Q8TEB1_DCAF11",0.35621977175564,18.8985089363133,4.32809077222485,0.00297107288074925,0.00706849556802591,-2.74733533616241
"Q8TED0_UTP15",-0.994195511955986,19.00256412952,-7.8277452570454,0.0000877572077879743,0.000440581730980418,1.17499657611994
"Q8TEL6_TRPC4AP",-0.241206747362202,17.093674202048,-2.15606442098069,0.0656341500041043,0.0980580131469686,-6.00231629153593
"Q8TEM1_NUP210",0.477927676495792,21.3489071580801,9.93342115346492,0.0000145805063381991,0.000118355743018509,3.12431742825459
"Q8TEQ6_GEMIN5",-1.58935336035853,21.5407847276391,-35.1533214134825,0.0000000014722943723018,0.000000509012317987612,12.9357404554719
"Q8TEQ8_PIGO",-0.791642029617464,17.9887259570059,-9.36725126071463,0.0000219372099744109,0.00015841279298075,2.6710085599315
"Q8TEU7_RAPGEF6",-0.124594344547354,17.2411732761747,-1.403578862555,0.200692497504386,0.258023518596748,-7.0582792201735
"Q8TEV9_SMCR8",-0.0376772316306493,17.8617889195093,-0.422228372419412,0.684767915883147,0.732847160293685,-7.9486396087595
"Q8TEW0_PARD3",-0.140050621314003,18.9866291912938,-2.41191484771974,0.0445457283599968,0.0701386009053736,-5.61327586971477
"Q8TEX9_IPO4",-0.570976346720556,22.6457171524092,-11.0248439483936,0.00000700627634778341,0.0000707699042513155,3.93679855580147
"Q8TEY5_CREB3L4",-0.0421970802027758,16.2324243466818,-0.3792329227388,0.715085044096114,0.759253528445382,-7.9677472481378
"Q8TEY7_USP33",-0.177185365517616,17.2973659613388,-1.93761688915952,0.0913216821353464,0.130285505935863,-6.32630619387151
"Q8TF05_PPP4R1",0.21112847914598,19.934955806882,3.90528042366624,0.00517586055170224,0.0112126446471795,-3.34843685474136
"Q8TF40_FNIP1",0.316925264249836,16.4698705398391,4.1275276325816,0.00385321157659551,0.00881694562322064,-3.02944634759951
"Q8TF46_DIS3L",-0.265094872841942,16.2418140846148,-3.02559370979364,0.0178346885406603,0.0319779917586662,-4.66696976653923
"Q8TF47_ZFP90",-0.0628531809935673,15.4320214096613,-0.573502086877473,0.601524660257587,0.659440266059269,-7.55279054202343
"Q8TF50_ZNF526",-0.0746325031750992,15.1697479017842,-0.830375206687647,0.441134887580615,0.50860572304656,-7.32300513597558
"Q8TF68_ZNF384",-0.240578230914807,17.6181669294566,-2.12591867746656,0.0687015270915515,0.102125583394556,-6.04757332716686
"Q8TF72_SHROOM3",-0.658769946777365,18.5569681815759,-10.6154163554303,0.00000915091744705815,0.0000855059927546981,3.64089614821626
"Q8TF74_WIPF2",-0.0492753194893787,18.9519342209238,-0.586229286462312,0.575031927870785,0.633776676334617,-7.85811719227051
"Q8TF76_HASPIN",-0.186639164414004,16.5097882793778,-1.78636110826975,0.114587514233117,0.158608304505384,-6.54395138407377
"Q8WTS1_ABHD5",0.164282554409795,16.9956047398911,1.88578883765864,0.0987288077648473,0.139319352849616,-6.40159934762882
"Q8WTS6_SETD7",0.27195234768352,19.9733265505253,4.99828711097453,0.00130111222318627,0.00354577555340551,-1.84586699288878
"Q8WTT2_NOC3L",-0.474115861774578,19.666487823706,-6.32784918576231,0.000303361643112316,0.00112499690761203,-0.242072522232027
"Q8WTV0_SCARB1",-1.13698250507361,20.6580416478282,-16.8111850127847,0.000000337137384415499,0.00000978920035481906,7.2738728135772
"Q8WTW3_COG1",0.155021172826721,18.9906139339422,1.65805518502847,0.138642329778159,0.187669257927154,-6.72294451226275
"Q8WU10_PYROXD1",-0.81937708427396,16.8389279831085,-2.08897947479455,0.126313115700093,0.172763452259469,-6.10367683137987
"Q8WU17_RNF139",0.17426531703104,17.717259122483,1.54582262131937,0.163459031585802,0.216446621560169,-6.87440369975761
"Q8WU76_SCFD2",-0.4861973912179,17.8121289718001,-7.24805899662501,0.000125178708485326,0.00057494520334504,0.738177349762907
"Q8WU79_SMAP2",0.386291764339219,19.5782297662759,4.91983152029105,0.00142834657002778,0.00384022764638789,-1.94808691617657
"Q8WU90_ZC3H15",-0.503921730272605,20.1787306346832,-7.74279624544639,0.000080574454158502,0.000416723836761951,1.22685291508988
"Q8WUA2_PPIL4",-0.054055387902725,19.1028964648623,-1.00127656789953,0.348073166704721,0.416330320169226,-7.51561146691348
"Q8WUA4_GTF3C2",-0.447005298280107,20.1355460859743,-7.78240367915873,0.0000778583189091694,0.000405887850324292,1.26490322453442
"Q8WUA7_TBC1D22A",0.283537023069403,17.7817714768161,2.81612662916549,0.0242885842377487,0.041467782651474,-4.98982379136938
"Q8WUA8_TSKU",-0.16180924053333,16.7903725255213,-0.783332603352214,0.483598890546019,0.549238937060328,-7.0040812787681
"Q8WUB8_PHF10",0.00351772460874145,17.7589744435599,0.0455627123430158,0.964855203704622,0.970982889570965,-8.04726586237285
"Q8WUD1_RAB2B",0.525162399627074,17.4975094866215,5.12278456815356,0.00112406398209071,0.00313632819067569,-1.68545110209306
"Q8WUD4_CCDC12",-0.191244593944049,19.3612455038494,-3.25200138735641,0.0128438208690449,0.0242648041554783,-4.32063427877341
"Q8WUF5_PPP1R13L",0.187595271796717,19.8702443246911,2.91649232705463,0.0209355888376731,0.0365555759181225,-4.83493040440226
"Q8WUF8_FAM172A",0.448553234266782,17.2082682762469,4.68942278892157,0.00188818047156947,0.00483715078031572,-2.25336001716246
"Q8WUH1_CHURC1",-1.23159903561619,18.645436734952,-14.7686425765046,0.000000863614538185995,0.0000177052619338078,6.24588388675646
"Q8WUH2_TGFBRAP1",0.179778765909258,17.9595636750769,2.07853629696629,0.0738120591797201,0.108479466032633,-6.11838728332636
"Q8WUH6_TMEM263",0.00911368003886537,17.5045341074873,0.109475298919252,0.915713987923245,0.929399598631466,-8.04165789152815
"Q8WUI4_HDAC7",0.00430198017096117,17.3096427448433,0.0546333183774105,0.957865826612983,0.964842733044411,-8.04675119087735
"Q8WUJ0_STYX",-0.372901150985705,17.1955828065656,-3.09848746548908,0.0160351163688848,0.0291498793264192,-4.55509036443446
"Q8WUK0_PTPMT1",0.040924362755419,18.9314688176496,0.49828629599912,0.632643327558557,0.68751037997005,-7.91008214451847
"Q8WUM0_NUP133",0.108846245148214,19.4313612626243,2.07675583764449,0.0740112430630971,0.108715626639227,-6.12104015349553
"Q8WUM4_PDCD6IP",0.531201621654784,22.3789608346026,12.4808881455549,0.00000289940135514652,0.0000405383211530228,4.91268648595709
"Q8WUM9_SLC20A1",0.0865826811830672,16.4619444685695,0.533335311800984,0.609601251358026,0.666778978973815,-7.89001812602481
"Q8WUN7_UBTD2",-0.106421313418444,16.6296791115581,-1.11729775873243,0.298570596508252,0.364807703942452,-7.39463954866059
"Q8WUQ7_CACTIN",0.192208485665496,17.5601564225622,2.56869845285878,0.0351629198446163,0.0570862685887197,-5.37201948552031
"Q8WUR7_C15orf40",0.508708824610874,18.3903079319256,5.27239655756785,0.000945563604924507,0.00272525834750125,-1.49556440139676
"Q8WUU5_GATAD1",0.374032887985745,16.7092273248091,4.51660539708382,0.00233968722552506,0.00578784809177463,-2.48730409980284
"Q8WUW1_BRK1",0.605271047726379,19.9737515511386,10.0485839516668,0.0000134514386604086,0.000111572129172375,3.21372870441996
"Q8WUX2_CHAC2",-0.540301037495823,18.0943110794375,-6.36572801907145,0.000291972561361237,0.00109558130326274,-0.199757261245382
"Q8WUX9_CHMP7",-0.0259231782766598,18.043205241207,-0.388942975760731,0.70818795021132,0.753248154007453,-7.96360386873613
"Q8WUY1_THEM6",0.653361786151592,22.3204081149567,10.3470673039543,0.0000109561801923935,0.0000968574556513171,3.44128741203829
"Q8WUY8_NAT14",1.08017974602628,17.7894437346696,7.48602705043493,0.000110744685474203,0.000523833381664669,0.899495157096768
"Q8WUZ0_BCL7C",-0.093669896615534,18.0054984017367,-0.662739566140323,0.527891422262191,0.591331687441271,-7.80618600439873
"Q8WV07_LTO1",-0.447673408652516,16.4065224375322,-5.34715408646994,0.000868287738415359,0.00255156726282417,-1.40185486017022
"Q8WV16_DCAF4",0.361388138511987,16.6599795670274,4.30044060211268,0.00307839563144289,0.00728962552078289,-2.78589601170402
"Q8WV22_NSMCE1",-0.0831507426107336,19.7768254059354,-1.15411908451033,0.284097737463685,0.349708268514127,-7.35425575545456
"Q8WV41_SNX33",0.612130129663633,17.3072496322282,7.01966359936802,0.000154643743590305,0.000674438253295791,0.503864695969529
"Q8WV44_TRIM41",0.508410009001764,16.7372336327781,5.2984162223398,0.000917837738210552,0.00266453199878987,-1.46286018320326
"Q8WV74_NUDT8",-0.778108334963182,18.8850595624513,-9.37943266593403,0.0000217404139768081,0.000158085648860041,2.68101057509745
"Q8WV93_AFG1L",-0.232452559044836,15.4776691771875,-2.02388451375261,0.0941327974841064,0.133652054818763,-5.90331429460418
"Q8WV99_ZFAND2B",-0.166512463611172,15.555203089215,-1.81365064857004,0.110007755443372,0.153232867178416,-6.50517300865325
"Q8WVB6_CHTF18",0.164373011710417,18.1193832463649,2.39038138191573,0.046020501003064,0.0722311041331623,-5.64628643212678
"Q8WVC0_LEO1",1.82603203220506,20.2349894974651,27.4658919266701,0.00000000915362871901045,0.00000126586363703261,11.1061845743644
"Q8WVC6_DCAKD",1.18373975214244,18.8339599724375,19.2303681858425,0.00000012625093150332,0.00000557052589914317,8.33768965479239
"Q8WVD3_RNF138",-0.102970596165736,16.6977979734806,-0.441160026414109,0.67466379070365,0.724275623442761,-7.87716537599059
"Q8WVE0_EEF1AKMT1",0.20739571613101,18.3994910540712,3.19024609326875,0.014038245608287,0.0260808246450002,-4.41474160703862
"Q8WVF1_OSCP1",0.372959680622102,16.5681385765777,2.73439938820214,0.027430947057009,0.0460502687373416,-5.11609465312045
"Q8WVI0_SMIM4",0.335248796669234,17.3517034644382,3.06450708047998,0.0168489410010341,0.0303554828267841,-4.60720573155888
"Q8WVJ2_NUDCD2",-0.107884061174463,21.4680731862589,-2.17053512040405,0.0642104518174384,0.0962334377386082,-5.98053923547213
"Q8WVK2_SNRNP27",-0.122974541003785,19.5714314271689,-1.62455370998412,0.145659357608972,0.19591247992464,-6.76869138494852
"Q8WVK7_SKA2",-0.473547155463404,17.0705556041324,-5.58401763007413,0.000666031354068587,0.00207616167174003,-1.11003524319032
"Q8WVM0_TFB1M",0.422666204769499,18.5864833149864,5.92652641027622,0.000459781021076777,0.00155233074638562,-0.701448085251468
"Q8WVM7_STAG1",0.076704158327864,19.5914300788945,1.49641742140355,0.175619993176755,0.230066425784085,-6.93936130365099
"Q8WVM8_SCFD1",0.703105846423348,20.8375855189271,13.0965691252647,0.00000205337679957616,0.000031583633335068,5.2933626046264
"Q8WVN8_UBE2Q2",0.111393991493037,15.6653862825176,0.63521995981762,0.550971341937119,0.612315608821409,-7.33905084169094
"Q8WVQ1_CANT1",-0.135584250232444,19.2673954060094,-2.44501172660902,0.0423720579338183,0.0670582340084524,-5.56246961415002
"Q8WVR3_TRAPPC14",0.113198325728327,16.121821046645,1.6022366120013,0.150514668582933,0.201658370484726,-6.7989187556453
"Q8WVS4_DYNC2I1",-0.377245845763785,15.7246353393001,-5.36713598565291,0.000848833262763892,0.00251508601347182,-1.37693874008677
"Q8WVT3_TRAPPC12",0.116843811039633,18.0140348224706,1.98184472144622,0.085429408678166,0.12304034887448,-6.26152507948919
"Q8WVV4_POF1B",-2.01546258557164,16.2881012062193,-14.8158386525687,0.000000843902896531029,0.0000174897150708856,6.27120594433271
"Q8WVV9_HNRNPLL",0.0853217150640049,19.74227509185,1.54453004981584,0.163767195508074,0.216666079150185,-6.87611716075985
"Q8WVX9_FAR1",1.64385710269436,19.5385138366828,12.0309384745437,0.00000592284514038914,0.000064051670129416,4.22219514105917
"Q8WVY7_UBLCP1",-0.1682053310446,19.423442531617,-1.89250302446189,0.0977374880394554,0.138050018058496,-6.3918850199077
"Q8WVZ9_KBTBD7",-0.121421314493059,17.0209776071909,-0.661449577645992,0.528903875902976,0.591998643499328,-7.80684077431038
"Q8WW01_TSEN15",-0.263303333052367,17.7490129844197,-1.62490089276223,0.147078398420141,0.197646342470599,-6.76911825039595
"Q8WW12_PCNP",-0.0530187545421654,21.299417605393,-0.764529840701905,0.468052746535984,0.534535914437342,-7.72967565070888
"Q8WW22_DNAJA4",-0.181675488716724,19.7882260358796,-1.61970024203125,0.147663127302372,0.198291974975608,-6.77583947335968
"Q8WW35_DYNLT2B",0.31597889040788,16.6160417821102,2.2196032499328,0.0596080827267292,0.0901887959457932,-5.90645999077027
"Q8WW59_SPRYD4",0.0345859008832292,21.6784210437947,0.737563464733423,0.48334005039889,0.549026944942347,-7.7510060070127
"Q8WWC4_MAIP1",-0.178575874786329,20.4853103453828,-2.76360243303119,0.0262621924550926,0.0444116791128942,-5.07096795056354
"Q8WWH5_TRUB1",-0.128790070696219,19.9252177376313,-2.23987065813503,0.0578046620279644,0.0878621621472217,-5.87576224497643
"Q8WWI1_LMO7",0.00361401959368735,16.7664919597691,0.0243329749470109,0.981225497294662,0.984331460356529,-8.04810630491734
"Q8WWI5_SLC44A1",0.863259244482101,19.2172369745107,8.94195535978171,0.000030243416716209,0.000197268420540563,2.31457475906621
"Q8WWK9_CKAP2",-0.503771934640412,18.4002556460081,-7.54306609270041,0.0000959929809324981,0.000469834371282227,1.03259264968383
"Q8WWM7_ATXN2L",-0.418387917377181,21.4803430960928,-7.90631465854901,0.0000700013094234149,0.000374686811734338,1.38295273317161
"Q8WWQ0_PHIP",0.285274424401145,18.6572604440054,3.50053607702259,0.00902542236391109,0.0179846378045344,-3.9453129841145
"Q8WWV3_RTN4IP1",-0.652035604329605,17.8365048960982,-7.14224853845569,0.000137967778105784,0.000618011142681148,0.630332169953505
"Q8WWY3_PRPF31",-0.0428467321213866,20.9526231517669,-0.76803712271936,0.466088495101316,0.5330930968031,-7.72685320148403
"Q8WX92_NELFB",-0.0432783066337841,20.1389394093039,-0.66320188841209,0.527166501645398,0.590867729371485,-7.80635841774466
"Q8WX93_PALLD",-0.41049121213204,19.5947671138846,-5.11802007644005,0.00113032866292795,0.00314803361780665,-1.69154986162338
"Q8WXA3_RUFY2",0.1469552376712,18.2095249296913,1.75904455991042,0.119352861541691,0.164396570968146,-6.58253167334909
"Q8WXA9_SREK1",-0.00999801982443671,19.4110869705364,-0.178718683901153,0.862918300455933,0.885982261510236,-8.03038654857852
"Q8WXD5_GEMIN6",0.20040585902187,18.354939873098,1.7389411169044,0.122979066686939,0.16874955461318,-6.61076773260155
"Q8WXE0_CASKIN2",-0.010391931617761,20.6770130560898,-0.139152343893025,0.893014139600423,0.910979821056977,-8.03748681631712
"Q8WXE1_ATRIP",-0.242233803144558,18.5507578737171,-2.81245268026152,0.0244214751290324,0.0416759568838727,-4.99549834306648
"Q8WXE9_STON2",-0.487223435045188,15.7571977994696,-3.82923859418264,0.0103840504706684,0.0202567550345996,-3.63995759914038
"Q8WXF1_PSPC1",0.194348575061497,21.8480960323835,3.48355746627633,0.00924313837208436,0.0183347858932511,-3.9707604317351
"Q8WXG6_MADD",0.145943190805948,18.8744555947675,2.6039271909279,0.0333492220004976,0.0545610201195493,-5.31765425687887
"Q8WXH0_SYNE2",0.256436501631807,18.8728338940237,3.8459168039969,0.00560729550684744,0.0120104448395048,-3.43473540745176
"Q8WXI9_GATAD2B",-0.574238373153239,20.0146724680311,-7.68010684582998,0.0000850930520837405,0.000431556453709796,1.16631086385269
"Q8WXX5_DNAJC9",-0.0940399847625208,21.0846601411836,-1.66814058838211,0.136592238539775,0.18510543653418,-6.70908806275498
"Q8WY22_BRI3BP",0.2999611490735,21.1304423334237,3.52823249904035,0.00868197097848656,0.0174005457871854,-3.90386721275218
"Q8WY54_PPM1E",-1.08956773805679,18.0629309685978,-7.43959935688104,0.000121299777624124,0.000563251592557438,0.812383863905135
"Q8WY91_THAP4",-0.334207078041452,17.6580128725874,-3.56549510932094,0.00824182053266877,0.016641169888898,-3.8482368998041
"Q8WYA0_IFT81",-0.0830489622829447,16.3944708129214,-1.18656785017013,0.271824508458635,0.33650670757428,-7.3179142402797
"Q8WYA6_CTNNBL1",-0.361863854952105,21.281711246747,-7.11063378279938,0.000142067488622689,0.000632279296936323,0.597873923547031
"Q8WYH8_ING5",0.153964967575249,19.0746795707002,1.87937566081424,0.0996847271963202,0.140485831953902,-6.41086676510892
"Q8WYL5_SSH1",0.337379088580118,16.1974528573491,3.16278661448118,0.0146066651532927,0.026927611097065,-4.45668007484078
"Q8WYN0_ATG4A",0.674125407709397,18.0926197044248,7.93600049693942,0.0000682535479900583,0.000367696862131047,1.41101384453683
"Q8WYP5_AHCTF1",-0.301024877955971,20.9816982118906,-4.74962571492777,0.00175408809372932,0.00455499967255213,-2.17286427192652
"Q8WYQ5_DGCR8",-0.277982291199219,18.3133283275274,-4.59548647222509,0.00212041259066196,0.00534920668808452,-2.37999386631971
"Q8WYQ9_ZCCHC14",-0.085055258216002,15.7179604769666,-0.90751914484325,0.402431852971035,0.469895098817577,-7.50414864522639
"Q8WZ42_TTN",0.036427976002237,20.7760111423668,0.702129278880953,0.503920928890024,0.568513225617088,-7.7780243657473
"Q8WZ73_RFFL",-0.219745631287465,15.5277878648728,-1.84963942689796,0.110375968011189,0.153617495460769,-6.37454292561877
"Q8WZ82_OVCA2",-0.497310770983635,21.127847703391,-6.69000595922814,0.000211813035993034,0.000861524038375946,0.155401912863454
"Q8WZA0_LZIC",0.496172377806303,19.4585521290009,6.85868499880879,0.000180063284963274,0.000760022944190157,0.335249165059427
"Q8WZA1_POMGNT1",0.262297817611099,17.0047191297374,2.79228877143264,0.0251644361183644,0.0427711063946994,-5.02664617821738
"Q8WZA9_IRGQ",0.162140097687381,20.1019632722941,2.34916617631426,0.0489827805683003,0.0762199322836522,-5.70935795461852
"Q92187_ST8SIA4",1.53752205095719,18.0513331797039,13.2764269271708,0.00000186176330804959,0.0000300649081125801,5.40133240260319
"Q92466_DDB2",0.503217485867683,19.55434738441,8.50552749999589,0.0000426289706313277,0.000256110545514912,1.93350080472579
"Q92484_SMPDL3A",0.354971551274719,16.5547109514589,4.54114050044697,0.00226893544705267,0.00564894370222015,-2.45383148166188
"Q92485_SMPDL3B",-1.74364692190636,16.3157220920761,-16.3177413017314,0.000000418790217063464,0.0000109461113092258,7.03755959033126
"Q92499_DDX1",-0.167615768610933,22.7727757910443,-3.88185958226015,0.00534163000702989,0.0115159971183303,-3.38243058652075
"Q92503_SEC14L1",0.215463168056836,18.2645714564948,2.57757656722239,0.0346964916906638,0.0564253828948448,-5.3583224639432
"Q92504_SLC39A7",-0.0228564404216165,18.3142820821299,-0.299890519124649,0.772449406173483,0.809709231443703,-7.9978000780844
"Q92506_HSD17B8",-0.646705579358656,19.4371341164601,-8.98561620549277,0.000029245394039178,0.000193090683213531,2.35182720504647
"Q92508_PIEZO1",-1.17796163303146,18.5860766523021,-11.2188039790441,0.0000061927835396097,0.0000658773588842957,4.07348473115318
"Q92520_FAM3C",-0.240383632551811,19.8338677145021,-3.34728022259598,0.0112080286514545,0.0216366157164881,-4.17606520025868
"Q92522_H1-10",0.646571868148584,22.6657381332422,4.82833515643845,0.00200709033692291,0.00510054430425516,-2.23820867045184
"Q92530_PSMF1",0.0383038144496588,20.4436536203711,0.76515026495123,0.467704874261276,0.534299079848493,-7.72917717386447
"Q92536_SLC7A6",0.0334002787011656,16.7300287668361,0.263344774535165,0.799414777885065,0.832354387487174,-8.00933724059077
"Q92538_GBF1",-0.404597167668321,19.5324470132816,-5.20217701566481,0.00102511316707379,0.00291629988326618,-1.5842955998947
"Q92539_LPIN2",0.212546063438808,16.2427946964303,1.73905872759021,0.129175811263317,0.176171995780668,-6.55850779070731
"Q92540_SMG7",-0.573606404178385,18.3248474522398,-9.05073463816513,0.0000278248792933322,0.000185645642022004,2.4071020259386
"Q92541_RTF1",-0.126518052322805,20.2928295322908,-2.36031002902275,0.0481632872598501,0.0751291966567718,-5.69231977888679
"Q92542_NCSTN",-0.255859680026255,20.1315058847854,-2.40834766945736,0.0454577132040193,0.071436232774746,-5.62487653045382
"Q92543_SNX19",0.555597047805012,16.2318909990162,5.06654414734417,0.00184936015552523,0.00476833442408209,-2.02324786853924
"Q92544_TM9SF4",0.129411080273943,19.5872063479471,2.02146902157199,0.0804664965689618,0.116910825769536,-6.20310503918782
"Q92545_TMEM131",-0.131106169004401,18.1853414141623,-1.43065899033603,0.193068998733125,0.249572196526877,-7.02403546585644
"Q92547_TOPBP1",-0.365120348311205,17.8039990270306,-4.18074927359144,0.00359423857965533,0.00829171326565314,-2.95404375210744
"Q92551_IP6K1",0.36717040240308,17.7403195024293,4.87446465592369,0.0015081245636055,0.0040149791497317,-2.00759530331098
"Q92552_MRPS27",-0.528201083134498,22.3154907286662,-9.6326410027959,0.0000180673967811494,0.000138528850723208,2.8864001136695
"Q92558_WASF1",-0.309332716084736,16.5629585951858,-3.76192636116358,0.00628540781625338,0.0132355514536055,-3.55759343272502
"Q92560_BAP1",-0.0206469796857895,16.8338225952807,-0.225710887730432,0.827489005431009,0.856543464249899,-8.0196799821705
"Q92562_FIG4",0.442702136976795,16.4243463077346,5.01884707051283,0.00126986933877479,0.0034713222140614,-1.8192240109479
"Q92564_DCUN1D4",-0.214586997601728,16.9164097025432,-2.62492017071115,0.032314492957045,0.053023299217086,-5.28524109300118
"Q92567_FAM168A",-0.618349199628966,17.4475506960802,-7.38105986056017,0.00011094407225075,0.000524450350241892,0.872038438176675
"Q92569_PIK3R3",0.321431118181508,16.4000230844034,3.57896633997974,0.00808863861012307,0.0163753487539516,-3.82816288123682
"Q92572_AP3S1",-0.0953629596269749,19.2606227361385,-1.43797093887851,0.191055113559978,0.247178974951045,-7.01472523079762
"Q92574_TSC1",0.0969750782984171,17.3199683822989,1.30870126412882,0.229527354634052,0.289804956730843,-7.175164787787
"Q92575_UBXN4",0.174614453949275,20.0471753251434,3.886850260071,0.00530583116487719,0.0114518024517752,-3.3751810580201
"Q92576_PHF3",-0.117979113149314,17.7328654988633,-1.45526587183456,0.186365935090899,0.242224761158814,-6.99259750555068
"Q92581_SLC9A6",0.657688141063922,17.8156924255001,6.3567424583011,0.000294630561313753,0.00110317836194471,-0.20977927577512
"Q92585_MAML1",-0.334924931516341,17.3672318627077,-4.37589966035581,0.0027950085855105,0.00672109873581816,-2.68091447895965
"Q92597_NDRG1",1.14424935023215,18.5639513738206,10.3425610037854,0.0000109897428644605,0.0000968574556513171,3.43789581825907
"Q92598_HSPH1",-0.591118573128828,23.4405981252727,-11.4880820997929,0.00000523404793318081,0.000059506978445102,4.25968008732542
"Q92599_SEPTIN8",0.474408574911553,19.6602163678459,8.32884919520991,0.0000491903519862547,0.000285880857794083,1.77456939576644
"Q92600_CNOT9",0.22355583068963,20.0099410683555,2.86030596683069,0.0227483545943853,0.0392166783873289,-4.92160890584894
"Q92604_LPGAT1",0.160191549524029,16.7779722123569,1.13898037259854,0.289977310963612,0.355621965041798,-7.37097072661265
"Q92609_TBC1D5",0.699523582091455,20.2042808024202,13.094711122259,0.00000205546916918994,0.000031583633335068,5.2922398001735
"Q92610_ZNF592",0.0441405658117731,18.0012674572788,0.466409483819822,0.654243725702465,0.706442046804791,-7.92697429034308
"Q92611_EDEM1",-0.0617591352965725,15.3316440263872,-0.757517739312963,0.480159451161265,0.54622985126123,-7.58742643494408
"Q92613_JADE3",-0.265979148379078,17.6647225489422,-2.48455970046584,0.039915812906732,0.0636210546874693,-5.50166337558298
"Q92614_MYO18A",0.145251204420354,19.127577763472,2.25185530884941,0.0567640693382584,0.0864878828899827,-5.85758427376048
"Q92615_LARP4B",0.0737303481503666,20.2480753281232,1.07265279372595,0.316910915843844,0.38370334700864,-7.44234317783444
"Q92616_GCN1",-0.0515214017327494,21.96923130912,-0.570408379597711,0.585327081769562,0.643538274637076,-7.86787226733903
"Q92620_DHX38",-0.250253217044346,19.7912203787043,-5.02535168378973,0.00126015766257203,0.00344899574721946,-1.81080738148765
"Q92621_NUP205",0.00662820055770652,19.9961033808247,0.0819344367848732,0.936855192048835,0.946310835421439,-8.04464044088388
"Q92622_RUBCN",-0.17723910366716,15.2552499846425,-2.41503515487777,0.0563127687887986,0.0858346531878963,-5.61289573772122
"Q92623_TTC9",1.54990267933203,17.6212568752122,19.9879911123401,0.0000000951117166001768,0.00000479085904941023,8.64219699380329
"Q92624_APPBP2",-0.279216193626482,18.8841976657684,-4.29772869580529,0.00308914724604604,0.00731053327735724,-2.78968376953292
"Q92625_ANKS1A",-0.1381159109119,17.9886594455064,-1.73476269411459,0.123745701013203,0.169648486284503,-6.61661936614197
"Q92626_PXDN",-0.232575158739731,18.1405583412395,-3.18474281912556,0.014150258820128,0.0262440547636901,-4.42314221986685
"Q92636_NSMAF",-0.209832891881874,19.2420823294485,-3.84031017976714,0.00565000794307779,0.0120951197340416,-3.44290908529803
"Q92643_PIGK",0.2981322356598,19.6511184154901,4.19445887803052,0.00353063795669241,0.00815983965317607,-2.93468337154539
"Q92664_GTF3A",-0.271409025880832,17.0538899346847,-2.91737244573214,0.0209084268397463,0.0365197802806325,-4.83357347235131
"Q92665_MRPS31",-0.544131157642536,19.8119376567242,-8.48481808361611,0.0000433447836221437,0.000259182723451278,1.91501405533381
"Q92667_AKAP1",-0.593699488454622,20.5802380803046,-10.7328358621025,0.00000846838849798355,0.0000809177926076167,3.72680576478845
"Q92673_SORL1",-0.388982494076078,17.8843827023109,-4.07929798921183,0.00410547352868823,0.00928799276002459,-3.09810966334618
"Q92674_CENPI",0.233722567106483,16.8427337837731,2.74557675903209,0.0269773564368252,0.0454060130689296,-5.09882208371919
"Q92685_ALG3",-0.214577465704274,17.0976590360402,-1.46704476301071,0.183231433643992,0.238803681339309,-6.97744287530465
"Q92688_ANP32B",0.246741811540868,23.6994199260298,5.34288030375533,0.000872512356062958,0.00255712660814364,-1.40719117124064
"Q92692_NECTIN2",0.960554579885034,19.9379383483512,7.28820193273637,0.000159084241240327,0.000688670881544637,0.550107993318573
"Q92696_RABGGTA",-0.12334516507957,20.7756734505638,-2.51867481578851,0.0379140107165764,0.0608897731229476,-5.44913768572189
"Q92733_PRCC",-0.374750373528254,18.7327448500711,-5.68737772926084,0.000594622781589754,0.00190391731175048,-0.985087379719394
"Q92734_TFG",0.282098259366776,21.9066649889608,4.04299423651577,0.00430718032219089,0.00963825052385523,-3.15000151383534
"Q92747_ARPC1A",0.856788635634647,21.2311507903553,17.1175016245422,0.000000295565847427132,0.000008956469464266,7.41703397250667
"Q92754_TFAP2C",-1.3900565653715,19.0872361457932,-18.7151114218871,0.000000154023821260225,0.0000060699750492501,8.12326653591358
"Q92759_GTF2H4",-0.267021121870616,18.3122367502395,-2.67842869872545,0.0298242228867942,0.0494858288125996,-5.20258474032295
"Q92766_RREB1",-0.241054381621385,17.852187894286,-3.11804835931874,0.0155855487746781,0.0284550369611621,-4.52512290390993
"Q92769_HDAC2",-0.965780098123581,20.1311580873031,-14.5160681863051,0.000000978364211145029,0.0000195313338319399,6.10899443407978
"Q92783_STAM",-0.234071629318855,19.6462479442433,-3.23872312405331,0.0130912194836299,0.0246282006906973,-4.34084312594034
"Q92785_DPF2",-0.223549722051288,19.0330785700458,-4.2701708702575,0.00320075442492647,0.00752315765018256,-2.82823237658789
"Q92791_P3H4",-0.302346209217728,17.4064482399899,-3.73600176211511,0.00651219451827543,0.0136451106077143,-3.59569070012207
"Q92793_CREBBP",-0.126401475057477,17.7548298792129,-1.55378682242536,0.161571906319446,0.214134155683169,-6.86382997529934
"Q92794_KAT6A",-0.150720430066073,16.5733223169966,-1.87515775695221,0.100318280505041,0.141300155837285,-6.41695575478193
"Q92796_DLG3",0.135982895639195,18.5322707201525,1.99897331427494,0.0832483946299762,0.120354930537084,-6.23631418717186
"Q92797_SYMPK",-0.0100449550257729,19.5161483612176,-0.1703383287034,0.86927448880844,0.89154554502117,-8.03203689946853
"Q92800_EZH1",0.0860419723403414,15.5227211698869,0.891152319711714,0.410417838837922,0.477957584314502,-7.51929604851712
"Q92804_TAF15",0.310476889221047,21.3347170650213,4.9655661432526,0.00135259440230698,0.00367029362252832,-1.88839280454977
"Q92805_GOLGA1",0.507994097236161,18.5250267902522,8.53177769794717,0.0000417406317452558,0.000251868623544042,1.95687989105599
"Q92817_EVPL",-0.553938191959134,19.0061918717823,-8.19658099454897,0.0000548460757542546,0.000308549742741761,1.65375651690312
"Q92820_GGH",-0.949760705215429,19.5735076680497,-16.5510943452142,0.000000377676731444749,0.0000104460275791631,7.15020753036048
"Q92823_NRCAM",0.702623722701691,17.4693879257341,4.73709709674714,0.00424727623098359,0.00953787511451466,-2.72837039520437
"Q92828_CORO2A",0.832419465877045,15.9585472012905,10.8426630766956,0.00000788151175944909,0.0000770524144503468,3.806390882054
"Q92830_KAT2A",-0.0179512841045835,18.138454422114,-0.188741748084063,0.855330325419555,0.879854267668533,-8.02830954722258
"Q92833_JARID2",-0.774353369869729,16.3561301384724,-6.23437132029209,0.000333642659228954,0.00120440724541786,-0.347257395945934
"Q92841_DDX17",0.0263044398311152,22.354094653813,0.573098665574696,0.583441356963196,0.641743306010422,-7.86636841073074
"Q92843_BCL2L2",0.0447615716077117,16.7292774056987,0.470560547957826,0.653433624374119,0.705767700509734,-7.86329912387442
"Q92844_TANK",0.505732419982628,16.4953207191329,5.84801093109198,0.000499891717546374,0.00165312017550336,-0.793738705430499
"Q92845_KIFAP3",0.0439087293269829,17.9016152726932,0.530670802293302,0.611081204689661,0.668087342657692,-7.89185382374028
"Q92854_SEMA4D",0.0331957815872226,15.9974883226068,0.313284467658491,0.762647203150372,0.80120091535383,-7.99320560870124
"Q92859_NEO1",0.733785295219107,18.4140143865078,10.3538652730796,0.0000109057674360458,0.000096790276684439,3.44640128399038
"Q92870_APBB2",-0.375007802154933,17.5044077318394,-3.83555127787685,0.0056865380747114,0.0121562137707293,-3.4498500146678
"Q92871_PMM1",0.28770823215195,17.7079161776127,3.93181487278294,0.00499475026201336,0.0109041534135688,-3.31000943357446
"Q92878_RAD50",0.106596325754715,20.2581951512082,1.56850849390095,0.15813586624046,0.210423617674062,-6.84421196488723
"Q92879_CELF1",-0.357519168196376,21.91927927235,-5.59714215089719,0.000656458412071658,0.00205708628696778,-1.09408963181543
"Q92882_OSTF1",-0.324120021885758,20.059637170281,-5.36934143104058,0.000846715712455992,0.00251076791771551,-1.3741920824879
"Q92888_ARHGEF1",0.557981641014379,19.7307612480038,11.2325486233471,0.00000613930529587754,0.0000655672253871125,4.08308808895522
"Q92889_ERCC4",0.0656291953941093,18.0149076378877,1.10340489745223,0.304184073931538,0.370357622270415,-7.40963450168488
"Q92890_UFD1",0.127976023340665,22.3682864285215,2.48986826022298,0.0395973568116507,0.0631929282227057,-5.49349410961355
"Q92896_GLG1",-1.10806720037355,21.389634533284,-11.6695562029552,0.00000540335113517975,0.0000606163550651581,4.25616001450245
"Q92900_UPF1",-0.518372568332737,21.7423919027268,-11.5840530189993,0.00000493374780093875,0.000057467206391945,4.32506399657928
"Q92903_CDS1",0.475529873819205,18.0572810836716,5.67476700420979,0.000602863085599919,0.00192743868393148,-1.00025498196301
"Q92905_COPS5",0.206583476134508,20.8356411793055,3.92171926365415,0.00506283622990516,0.0110207624909681,-3.3246192346979
"Q92917_GPKOW",-0.376119316029595,20.3214509317652,-7.29703765755416,0.000119711834711281,0.000557238809555694,0.787690901318953
"Q92922_SMARCC1",-0.271039852682343,19.5350058464253,-3.53850294206149,0.00855819373193532,0.0171932439316165,-3.8885191156661
"Q92925_SMARCD2",-0.253080749050586,19.1863403474393,-5.05096342445039,0.00122270554851023,0.00336509164978684,-1.77772542272551
"Q92930_RAB8B",0.822715467470548,20.3320597563586,9.48886658579596,0.000020058779784281,0.00014928285620278,2.77036328993818
"Q92934_BAD",0.792474533172914,18.2668909804308,7.34704855027916,0.000114403625133384,0.000537796027666574,0.837985106694198
"Q92945_KHSRP",-0.00437863349651479,23.8244306316028,-0.0771573162087815,0.940528268393219,0.949516592699605,-8.04507060638769
"Q92947_GCDH",-0.0937058122040639,20.1385669934173,-1.42273357053518,0.195273122842195,0.252099434430652,-7.0340963037145
"Q92963_RIT1",0.117892117409001,15.3545356524402,1.99672526191291,0.0835315123442261,0.120695418482178,-6.23962676361915
"Q92966_SNAPC3",-0.256054919673769,16.0449891349112,-3.23237934945732,0.0132111970332088,0.0248109542307621,-4.35050307395695
"Q92968_PEX13",-0.410010095107339,16.7716994719164,-2.7781366264178,0.0256999119605311,0.0435450056519936,-5.04851082147688
"Q92973_TNPO1",-0.372712026549671,21.9747340323166,-6.80257459766344,0.000189993784800884,0.000792700344045816,0.275787367112915
"Q92974_ARHGEF2",-0.46700204249542,20.1503836932255,-9.20087427863384,0.0000248357181901114,0.000170508117977672,2.53326000950238
"Q92979_EMG1",-0.980632131448967,21.5850574182618,-13.085944494562,0.000002065374138202,0.0000316081201109948,5.2869399970321
"Q92982_NINJ1",0.388858699979616,16.0766184940701,5.45181876774364,0.000771567215422716,0.00232601674217407,-1.27195708544811
"Q92989_CLP1",-0.220082008244386,19.4571377418562,-3.19319541391857,0.0139786023964492,0.0260017730074328,-4.41024047672024
"Q92990_GLMN",0.0803542537171253,18.3134222271217,0.918474104992976,0.387116089878497,0.453963148260229,-7.59573332219201
"Q92993_KAT5",-0.16649868362521,17.376081442368,-2.07496212416504,0.0742124455410022,0.108948052651006,-6.12371216070116
"Q92994_BRF1",0.264029220517017,17.2969403823379,3.31375730767415,0.0117567449131574,0.0225130417445809,-4.22683949961013
"Q92995_USP13",-0.655685461351311,19.3873991193999,-9.91834305972575,0.0000147360772789496,0.000119236812535841,3.11254297674611
"Q92997_DVL3",0.444920897780705,16.3594212539411,3.25356481545472,0.0128150196785846,0.0242344703320026,-4.31825576926738
"Q93008_USP9X",0.304908230132678,20.3996394326623,4.4863946381265,0.00243014062770132,0.00597789444188105,-2.52863743556446
"Q93009_USP7",-0.118227754272414,21.2213354933019,-2.77496608204004,0.025821493248417,0.0437315247489334,-5.05340953286406
"Q93034_CUL5",0.156548134739833,19.0409771995666,2.66333598759883,0.0305058780890534,0.0504517740259492,-5.22590332586181
"Q93050_ATP6V0A1",0.374193938455065,19.9642244620838,8.25089714210272,0.0000524397062315702,0.000300058336324961,1.70356083183374
"Q93052_LPP",0.932135575542166,19.9155588767312,10.3441863791251,0.0000109776238311167,0.0000968574556513171,3.43911928364177
"Q93062_RBPMS",0.281116759148563,16.4165922484867,1.58319260597387,0.156180901471806,0.208186459269989,-6.82512985424593
"Q93063_EXT2",0.0536531598163776,17.3223197908974,0.702857701600049,0.503492257155859,0.56818428901001,-7.77748063265276
"Q93073_SECISBP2L",0.00593036052856455,15.594967021961,0.0861910935851438,0.933583663957361,0.944157559299656,-8.04423541662629
"Q93074_MED12",-0.0817763258773283,18.9702554361637,-1.43769635330809,0.191130402050644,0.24723432619,-7.01507534368273
"Q93075_TATDN2",0.157485878413993,18.3416689230917,0.983546920401956,0.357890142849868,0.425662615561548,-7.53144135668354
"Q93084_ATP2A3",2.22178658014273,18.9154752794498,19.3188853890103,0.000000132716746847935,0.00000564884053540577,8.29711193216458
"Q93096_PTP4A1",-0.639561692658084,17.2302453102967,-5.93355390456128,0.000456368856545415,0.00154478928477278,-0.693226895142951
"Q93100_PHKB",0.760842709488127,18.573901153078,9.48595034963014,0.0000201016497630116,0.000149455667739459,2.76799383493766
"Q969E2_SCAMP4",0.615412500982274,19.3777927371946,3.39601236182189,0.0122428682485073,0.0233440100020422,-4.19807759755951
"Q969E4_TCEAL3",0.221284000853396,16.0630070325021,2.07649263964512,0.0740407325239392,0.108737943922974,-6.12143226515656
"Q969E8_TSR2",0.247718178156539,19.9131604960885,1.75729619918041,0.122074412200014,0.167720010692433,-6.58815706173428
"Q969F1_GTF3C6",-0.209855251326946,17.4997525320275,-2.62275199658131,0.0324198112757722,0.0531662536790693,-5.28858924273696
"Q969F9_HPS3",-0.0454983821505444,17.9464878468594,-0.728355205471672,0.488634791608768,0.554048334075177,-7.75813833536149
"Q969G3_SMARCE1",0.0981487645779708,19.2967722444129,1.08219491063703,0.312917255888941,0.37953255434401,-7.43226585912444
"Q969G6_RFK",-0.698132851908746,18.475974741532,-7.58374088908966,0.0000926028509618414,0.000458552919541514,1.07247940792558
"Q969H4_CNKSR1",0.460450201507474,16.5037848563425,6.35571236935868,0.000294936986554316,0.00110343862259327,-0.210928814905065
"Q969H6_POP5",0.0740244920130451,17.6917041121229,0.95027537727512,0.371750653500134,0.439224434771565,-7.56560068492701
"Q969H8_MYDGF",-0.285128021005189,21.7219523524639,-6.17117121432538,0.000356016946918328,0.00126772701229438,-0.418990082255368
"Q969J3_BORCS5",-0.483184338467012,23.1397804205122,-9.39416621488435,0.0000215050338486764,0.000156974364158381,2.69309308715079
"Q969K3_RNF34",0.117828250850327,17.2427671689478,1.25642746469528,0.246892535306193,0.308960944971851,-7.23737855907773
"Q969L2_MAL2",1.16782405611845,19.4525337568152,3.4385532133844,0.0151267172739171,0.0277773567323547,-4.29829876523016
"Q969M3_YIPF5",0.417063813482212,18.2175839865544,5.77038798425347,0.000543397311068941,0.0017708140308442,-0.885776743103372
"Q969M7_UBE2F",0.37760796084266,17.4932793820765,4.93750019799771,0.00139854158359391,0.00377611192219215,-1.9249899793571
"Q969N2_PIGT",0.179902349437093,19.3710499164367,2.80976097657705,0.0245193178486443,0.0418283677079765,-4.99965592957348
"Q969P0_IGSF8",-1.22726581029199,17.012073121005,-12.3931804866831,0.00000304933671169095,0.0000417879085658907,4.85700597356884
"Q969Q0_RPL36AL",1.04824961543432,19.4514227615079,8.96369465117184,0.000034397152244488,0.000216935936958189,2.20841810694455
"Q969Q5_RAB24",1.00025128111956,18.1652430802235,17.5187930808551,0.000000249598907213067,0.00000811595624495992,7.60065428063521
"Q969Q6_PPP2R3C",0.11510230852873,16.1896341395817,1.04520780156082,0.328622945993897,0.396055478882836,-7.47096091307201
"Q969R2_OSBP2",-0.135370598162142,15.7834752135709,-1.2251667773958,0.263320926830771,0.327418500813282,-7.21052730471169
"Q969R5_L3MBTL2",0.051144143872957,16.7721538417398,0.632990639691504,0.545657099758301,0.60747480983045,-7.82735714072879
"Q969R8_ITFG2",-0.32593259958621,17.3129213191579,-3.26373746231816,0.0126292884080828,0.0239427636171181,-4.30278462886552
"Q969S2_NEIL2",-1.06362112994942,16.8834096087229,-7.06959205679015,0.000288770553381726,0.00108814073917762,0.0616038202793607
"Q969S3_ZNF622",-0.5617211918868,19.842450078118,-8.53881824081756,0.0000415059174893328,0.000250749808120624,1.96314018108417
"Q969S9_GFM2",-0.320228006007646,19.5089032160161,-3.65648808411275,0.00726450850510533,0.014969886667524,-3.71304241577284
"Q969T3_SNX21",0.991455451893998,17.7646282264101,12.4352172143633,0.00000297641048207589,0.000041236025731638,4.88373914693328
"Q969T7_NT5C3B",-0.0511972131920544,18.6893290207445,-0.622240460122766,0.552329869997382,0.613455853013178,-7.83461734507384
"Q969T9_WBP2",0.62276741433266,20.6490623037596,11.0994610011261,0.00000667985600808975,0.0000692193253372352,3.98964171536538
"Q969U6_FBXW5",0.0902516460077063,15.4726600328293,1.36367963513362,0.21240829595266,0.271024576248269,-7.10803368113005
"Q969U7_PSMG2",-0.0855929162550773,20.8347023637866,-1.54566097547319,0.16349754089443,0.216459929685472,-6.87461802134031
"Q969V3_NCLN",-0.072006002292671,20.7526287304898,-1.44768920523672,0.188407414739245,0.244335344672924,-7.00230961440663
"Q969V5_MUL1",-0.281568664308217,16.3660315142587,-3.01422020851805,0.0181341328783228,0.032430805236897,-4.68445303282269
"Q969V6_MRTFA",-0.117208865822064,16.7671317851571,-1.35859880603644,0.213942380813547,0.272753226360684,-7.11430807951857
"Q969X5_ERGIC1",0.515438444703975,22.3260887195487,6.9976671608248,0.000157868207109178,0.00068535706807786,0.480996022993809
"Q969X6_UTP4",-1.05876722369922,19.2641277860712,-7.94724014556803,0.000084756413754086,0.000430920643725654,1.23141493060089
"Q969Y2_GTPBP3",-0.33855754962919,18.0054183535252,-4.71934490500733,0.00182017922554132,0.00470733872474235,-2.21328721272867
"Q969Z0_TBRG4",-0.43233206391152,21.1834717527528,-7.39524417160558,0.000109535973317622,0.000519408112876455,0.886204424055292
"Q969Z3_MTARC2",0.338177727096383,18.0533451934397,3.88731407175803,0.00530251737775645,0.0114485602679965,-3.37450748076203
"Q96A22_C11orf52",0.751848467573843,16.3646801292938,7.89057004619768,0.0000709485866446408,0.000378454373678088,1.36803545171066
"Q96A26_FAM162A",0.378662553701734,21.3901968790788,5.15142383103891,0.00108720429813811,0.00305590387717608,-1.64885899995897
"Q96A33_CCDC47",-0.022771334903215,22.2878100803952,-0.518711038512056,0.618998306286674,0.675051046971053,-7.89871002104464
"Q96A35_MRPL24",-0.560754157325729,19.9007959026691,-10.525720656725,0.0000097141338093936,0.0000896671137794268,3.57468863386451
"Q96A37_RNF166",-0.125965645066804,15.9841155716927,-1.46054354577838,0.184955601657155,0.240638437599097,-6.98581566556135
"Q96A46_SLC25A28",0.402752553473622,16.0209030152238,3.00756592130237,0.0183117773365572,0.0326793473537902,-4.69468505795499
"Q96A49_SYAP1",-0.855592150830699,21.0794826364399,-11.1562711867014,0.00000644281104670653,0.0000674986512689392,4.02965593087991
"Q96A57_TMEM230",0.882311302913035,17.6652360745137,7.73264055822511,0.0000812878739926766,0.000419122205661091,1.21707156033282
"Q96A59_MARVELD3",-0.392136863395805,17.945918824435,-4.04371176291235,0.00430309106087549,0.00963193366951707,-3.14897418299278
"Q96A65_EXOC4",0.4897909914982,19.5894586301865,9.4658490287047,0.0000203999660270154,0.000150688887295455,2.75164414780112
"Q96A72_MAGOHB",-0.717092485464601,20.0298086077715,-13.9113266699915,0.00000133017073437757,0.0000242040158030521,5.77146647148313
"Q96A73_KIAA1191",0.24825382959617,17.980979322797,3.07960930445231,0.0164819922288638,0.0298055237500566,-4.58403490379236
"Q96AA3_RFT1",0.53614575840291,18.282393227118,6.72884454078432,0.000203984036575821,0.00083611907672151,0.19710343525605
"Q96AB3_ISOC2",-0.00871220643533022,20.0016415981332,-0.115062000936237,0.911433677208401,0.92592020152893,-8.04094847694855
"Q96AB6_NTAN1",-0.461088100630228,18.6942792766314,-6.52983510793872,0.000247835745572026,0.000962736813493785,-0.0184490409337936
"Q96AC1_FERMT2",0.921631266944768,19.8633944779427,11.0798171078384,0.00000676409645716913,0.000069389292581853,3.97576176441008
"Q96AD5_PNPLA2",0.543109276421777,16.8596487380788,3.06118967787769,0.0210738612176266,0.0367295573834253,-4.70920814980159
"Q96AE4_FUBP1",0.155831632549425,23.4487263058019,2.8370496508094,0.0235460116198302,0.0403812771996456,-4.95751232682837
"Q96AE7_TTC17",-0.0447263217498168,17.3345769773167,-0.483980906666632,0.642291748384359,0.695808437289764,-7.91779253899937
"Q96AG3_SLC25A46",0.0234913675376873,16.7147991525369,0.166986321946663,0.873395025939461,0.89504750300398,-7.68992739343035
"Q96AG4_LRRC59",-0.527138486467102,24.5942083397831,-10.4103230299161,0.0000104970310282306,0.0000943706934901333,3.48875624050923
"Q96AJ9_VTI1A",0.287030488038091,17.9543839153353,2.86083249091356,0.0227306257241488,0.0392038864530331,-4.92079620617798
"Q96AQ6_PBXIP1",0.628790676602989,18.1280331346366,8.56076044653659,0.00004078386625154,0.000247567507349731,1.98262311183516
"Q96AQ8_MCUR1",0.152018752602235,17.9909889370362,1.92927641382324,0.0924762562063221,0.131619461958324,-6.33846937015089
"Q96AT1_KIAA1143",-0.0281615383977218,17.7197703247824,-0.226301762374812,0.827046028691879,0.856201455591457,-8.01952971335403
"Q96AT9_RPE",-0.0777299204363437,20.4918428279806,-0.891965141416257,0.400279061304202,0.467812314117971,-7.62022565686898
"Q96AX1_VPS33A",-0.11810466547108,19.005288678555,-1.81168968541434,0.110330943436661,0.153582934805864,-6.50796719825276
"Q96AY2_EME1",0.0587100619124463,15.819743278079,0.740997071145938,0.481375416513161,0.547285712705396,-7.74832666222252
"Q96AY3_FKBP10",2.24997859908875,19.4670556771704,18.5545941613241,0.000000227937253340079,0.00000780941778785876,7.75381278667096
"Q96AZ6_ISG20",-0.840811017490633,16.1302352234606,-4.91171427204327,0.00348868558877338,0.00808992152079583,-2.14899188319211
"Q96B01_RAD51AP1",-0.318928742190153,17.917317048018,-4.05687590866788,0.00422880997728299,0.00950321244440493,-3.13013842933707
"Q96B23_C18orf25",-0.793254895246669,18.3276222442511,-7.61942848677111,0.0000897384716872905,0.00044732237474411,1.10733739447963
"Q96B26_EXOSC8",-0.152782772060583,20.4196206035972,-2.29701075486268,0.053009441168091,0.0815348452021233,-5.78893414736564
"Q96B36_AKT1S1",-0.318400087599308,20.440627151038,-4.04550132063493,0.0042929105191632,0.00961197450949523,-3.1464122529903
"Q96B45_BORCS7",-0.278516127156674,17.6527639616764,-2.26607973180438,0.0555533575330768,0.0848471561037313,-5.83598537544598
"Q96B49_TOMM6",-0.041296944985401,21.5410932185469,-0.532884922927777,0.609621485640798,0.666778978973815,-7.8905686265912
"Q96B54_ZNF428",0.623925585265241,19.6775767339352,5.61252574306468,0.000693699606936339,0.002143799772156,-1.13157745191786
"Q96B70_LENG9",-0.790605561680373,17.9235311596561,-10.9145123395223,0.00000752240191861424,0.0000748892526086125,3.85805905634583
"Q96B77_TMEM186",-0.292203846683716,15.8539544596635,-3.29581879226376,0.0120620529026366,0.0230433869143601,-4.25405066915049
"Q96B96_LDAF1",-1.03457203436268,16.9560637751485,-3.15966931986229,0.0252516286802855,0.0429001312803778,-4.29498475967045
"Q96B97_SH3KBP1",0.902195857331044,16.7740730956202,10.1020341154069,0.0000129611015427611,0.000108690339949549,3.25491789616686
"Q96BD0_SLCO4A1",0.673784802195698,17.5970993171928,6.33423476281492,0.000301407517346081,0.00112001000222216,-0.23492668907548
"Q96BD8_SKA1",-0.370144754336678,17.8042783854866,-3.06595922389877,0.0168132858125525,0.0303037563721028,-4.60497716724104
"Q96BF6_NACC2",-0.239013779089529,16.6951554117456,-2.65128351184724,0.0310617754975016,0.0512041318669262,-5.24452252668699
"Q96BH1_RNF25",0.0705098347235378,18.2349971788055,0.843981596107385,0.424926084981336,0.492831320885642,-7.6630752849007
"Q96BI1_SLC22A18",1.06062539306442,17.881385648252,9.23087471697746,0.0000242827057006915,0.000167751371080345,2.55825627911888
"Q96BJ3_AIDA",0.608336857856148,18.1538913538593,7.82262481772345,0.000075204576610061,0.000395782765204218,1.30338551130743
"Q96BJ8_ELMO3",-0.431340140770605,18.5433540659749,-4.53530707472907,0.00228554255191685,0.00567913644229975,-2.46178211530319
"Q96BK5_PINX1",-0.483946559151121,17.6752830018536,-6.38089857147479,0.000287545346584588,0.00108485610422737,-0.182859292461748
"Q96BM9_ARL8A",-0.205536886235812,20.3853537789434,-1.55947813328328,0.162638393276835,0.215434973748451,-6.85699108884316
"Q96BN2_TADA1",-0.0120519644037138,17.5724102708603,-0.139893426491039,0.892448550992268,0.910524973688423,-8.03736997421113
"Q96BN8_OTULIN",0.305424894015314,19.7485429041376,4.75417487830929,0.0017443886199445,0.00453445654248048,-2.16680275030773
"Q96BP2_CHCHD1",-0.47284788400702,19.5765290490796,-6.36862941758054,0.000291120013452663,0.00109346114682516,-0.196523310884295
"Q96BP3_PPWD1",-0.268098993619109,19.4084749151019,-4.05725249879419,0.00422670557726485,0.00950290352369981,-3.12959993197169
"Q96BQ5_CCDC127",0.0478307372260929,17.9431909062321,0.458800264395154,0.65945328316027,0.71085624599164,-7.93085105075097
"Q96BR5_COA7",-0.395642404871754,19.0330316728705,-6.65830648054244,0.000218451642035929,0.000880521033028761,0.121235187918586
"Q96BT3_CENPT",0.134794572919095,16.4218910315191,1.47725790669411,0.180551907757369,0.235513258515271,-6.96424825698507
"Q96BW1_UPRT",0.655015140543817,17.8431339233607,8.7785795545318,0.0000343323703080613,0.00021688705030159,2.17379428110593
"Q96BW5_PTER",-0.29064054076189,15.4008898405866,-2.38571994284256,0.0689361323188075,0.102407855940791,-5.32506752218248
"Q96BW9_TAMM41",-0.216336520306665,20.5849384233797,-4.30650097039552,0.00305451587578125,0.00724048580668442,-2.77743512444983
"Q96BY7_ATG2B",0.615499525266177,17.586483339484,9.03234756267795,0.0000282179672591858,0.000187610016585111,2.39152892180654
"Q96BY9_SARAF",-0.152064318245504,16.7329200998955,-1.13518556399633,0.291466590718006,0.357333154255505,-7.37513635944387
"Q96BZ8_LENG1",0.20292525307033,17.6570808865618,1.86332974524476,0.102115643356483,0.143539379665387,-6.43400447481456
"Q96BZ9_TBC1D20",0.0401043097259404,16.1277352771845,0.341885870850357,0.741871496961491,0.783595973599375,-7.98274134081017
"Q96C00_ZBTB9",0.0733929314468149,16.4676514512949,0.834267481161818,0.430044380886752,0.498311633306617,-7.67151289601665
"Q96C01_FAM136A",-0.502883981404409,21.9285029184583,-10.6092402433109,0.00000918849690835142,0.0000856467003491678,3.63635360270376
"Q96C11_FGGY",-0.0741022482930642,15.4192439717083,-1.14126269012852,0.289084600271177,0.354927759428987,-7.36846067567176
"Q96C12_ARMC5",-0.0123767550997584,16.1692269366162,-0.0886419706615956,0.931700611999482,0.942982681951838,-8.04399292848198
"Q96C19_EFHD2",-0.0660454642974777,19.4895756950965,-0.821053786013109,0.437075928301358,0.504767614737341,-7.68285999039653
"Q96C23_GALM",1.43201565754712,20.098999040217,23.4777766251716,0.0000000291365466489915,0.00000243530300892559,9.90071672542899
"Q96C34_RUNDC1",0.0623549171439244,17.8715964221816,0.773705355436505,0.462925745922018,0.530193227448106,-7.72226846627704
"Q96C36_PYCR2",0.472213488209039,20.7040088466423,7.70638615862701,0.0000831652010117737,0.000425777072078694,1.19173753658604
"Q96C45_ULK4",-0.205850248576743,15.3816740046498,-1.92849242262597,0.0925855089914426,0.131723265922889,-6.33961179312659
"Q96C57_CUSTOS",-0.122189788804643,19.0139404132417,-1.76476756030899,0.118339196312576,0.163235307659556,-6.57446891904948
"Q96C86_DCPS",0.00370111513607441,19.3026751188911,0.0640374003452241,0.950623641790105,0.958436296322314,-8.04611929682005
"Q96C90_PPP1R14B",0.0127632672818336,20.6171981772677,0.22217480450117,0.830141380429718,0.858821455324869,-8.02057116371191
"Q96C92_ENTR1",0.278043931630403,17.0142425190283,3.44875792965115,0.00970713243638697,0.0191424550975264,-4.02301123214985
"Q96CB8_INTS12",-0.0758132577878925,18.8295942072237,-1.17939281978851,0.274499958492912,0.339542475898047,-7.32600967169502
"Q96CB9_NSUN4",-0.180450599974964,19.2379220867234,-3.33292014867449,0.0114396648705406,0.0220000230101977,-4.19780271744829
"Q96CC6_RHBDF1",0.170167785415609,15.5687396335406,1.50629893755913,0.217270027747629,0.276393348561375,-6.63306697139822
"Q96CD2_PPCDC",0.843442925825656,19.2343199941875,15.8777184097741,0.000000510861889811494,0.0000129520517796874,6.82063125334209
"Q96CF2_CHMP4C",0.738126320327073,16.6018194069838,9.09459380674873,0.0000269118346992375,0.000180982683220513,2.44413999517199
"Q96CM3_RPUSD4",-0.263161641165659,17.0576245001982,-2.03691076337685,0.0786098409504583,0.114629304116025,-6.18024665896079
"Q96CM8_ACSF2",1.77501352973476,19.2601318897032,23.6180321063142,0.0000000278855370605876,0.00000238311679643628,9.94692681990822
"Q96CN7_ISOC1",-0.633104532196491,23.2653719672582,-12.6274859694619,0.00000266699684047307,0.0000381300337756357,5.00492832545324
"Q96CN9_GCC1",-0.224685185732127,19.0712752550026,-3.3946384828514,0.010478882753888,0.0203998930704049,-4.1045129791531
"Q96CP2_FLYWCH2",0.291516483602905,21.0785517955185,5.11663949688469,0.00113215112805303,0.00315195515372304,-1.69331766264556
"Q96CP6_GRAMD1A",0.283967898881233,17.3042333744937,2.24440299307562,0.057408903045447,0.0873653694605183,-5.86888991920642
"Q96CP7_TLCD1",-0.633833600327023,16.6990833634254,-1.90416809509714,0.102327873378498,0.143784556607584,-6.38931387212839
"Q96CQ1_SLC25A36",0.0500586115094563,16.8874507573706,0.579470539680831,0.579351853084025,0.637890879351056,-7.86238568462019
"Q96CS2_HAUS1",-0.454629116409357,17.6940651528837,-6.61620440908063,0.000227630205838737,0.000908775526727077,0.0756737506081802
"Q96CS3_FAF2",0.0512478733053463,21.4642083960574,0.696256797921425,0.507385357597949,0.571644649665235,-7.78238983900468
"Q96CS7_PLEKHB2",-0.0814339801061585,16.7526217967805,-0.477687538513669,0.648617693591999,0.701562311925589,-7.63139590229242
"Q96CT7_CCDC124",-0.247870615060179,20.2562379241059,-3.09791087922854,0.0160485740371309,0.0291673725511152,-4.55597407292418
"Q96CU9_FOXRED1",0.45712754563441,18.6600938756399,7.67314900784629,0.0000856118201236674,0.000433242517538666,1.15956724501731
"Q96CV9_OPTN",0.787317852503893,17.013370720974,8.20142002974074,0.0000546267423881827,0.000307999260640858,1.6582045421903
"Q96CW1_AP2M1",0.234175037231541,21.5093969180278,5.59072591529316,0.000661119204266942,0.00206677873721922,-1.10188211065912
"Q96CW5_TUBGCP3",0.338088998834031,18.3700125016819,5.74743835586715,0.000557052144112366,0.00180448833395173,-0.913141066392028
"Q96CW6_SLC7A6OS",0.309808611258156,17.1938405354985,2.96782085855457,0.0194116272751231,0.0342961293971165,-4.7558444033822
"Q96CX2_KCTD12",-1.22915770843652,19.0311222298889,-15.1824978961005,0.000000706968605910274,0.000015451733380901,6.46524286254695
"Q96CX6_LRRC58",-0.261655472192324,19.7595413627925,-0.354623690265456,0.736706078352784,0.778991763584003,-7.97451704957663
"Q96D05_FAM241B",1.18541339183565,19.1579830740287,10.531650440701,0.0000103476235686875,0.0000935224661646828,3.52028091429802
"Q96D09_GPRASP2",0.0231934036160588,16.6729895044496,0.229904974100636,0.8243461627369,0.853638790167033,-8.01860497455851
"Q96D31_ORAI1",-0.339632190661716,16.2410913933968,-1.18141224649298,0.278368101066384,0.343823932561046,-7.32017035340333
"Q96D46_NMD3",0.648942207006648,21.5699646443025,6.00944118771219,0.000488578284120125,0.00162560211243118,-0.722396819093736
"Q96D53_COQ8B",0.497824771243547,17.8133739782372,4.48529337766422,0.00243350934559935,0.00598424574284794,-2.53014659156073
"Q96D71_REPS1",0.41544218467466,18.4099083528758,6.66001717100613,0.000218087520563123,0.00087951944931236,0.123082031369874
"Q96DA2_RAB39B",2.3798900036604,17.9331340388224,18.3987389898695,0.000000174482303278413,0.00000666890652630958,7.98851778648715
"Q96DA6_DNAJC19",-0.182839747438322,19.3251554571779,-2.66597999939187,0.0303853090087181,0.0502851741340969,-5.2218184653157
"Q96DB5_RMDN1",1.14711894388319,21.9180907604791,23.8492194658619,0.0000000259539407846386,0.00000229156753941411,10.0224334405892
"Q96DE0_NUDT16",0.8267959909093,19.6780862228647,12.1488624582444,0.00000351527550631732,0.0000462581064031999,4.69991259338891
"Q96DE5_ANAPC16",-0.641076709293213,17.2863643009344,-5.81983815820444,0.000515218546519739,0.00169276555716161,-0.827051387165292
"Q96DF8_ESS2",-0.226848629741248,17.6587068814488,-3.2429181964318,0.0130125152624037,0.0245104485106098,-4.33445688607983
"Q96DG6_CMBL",-0.421669929858741,21.3147229253672,-4.76831433286336,0.00171797847440956,0.00448419501590911,-2.14942599759781
"Q96DH6_MSI2",0.413858004599128,20.9725953444433,7.21005344342154,0.00012961328986779,0.000590283412137458,0.699579926019416
"Q96DI7_SNRNP40",-0.216546346344813,20.8326234736893,-3.88727117042683,0.00530282380017773,0.0114485602679965,-3.3745697836856
"Q96DM3_RMC1",0.248371684564454,18.4987902650636,2.83543535601984,0.0236024520477124,0.0404689473117449,-4.96000496486794
"Q96DP5_MTFMT",-0.37412473896973,17.7455465549308,-4.32497176407798,0.00298297245835987,0.00709236902728515,-2.75167972058277
"Q96DR4_STARD4",0.626438231188192,16.3263575869867,5.31417352458017,0.000901484326986532,0.00262306418938774,-1.44310060920188
"Q96DR7_ARHGEF26",-0.287525850239312,16.8756656757602,-2.26353009750709,0.0557684471093477,0.0851243846505515,-5.83985868948386
"Q96DT6_ATG4C",0.507239506621559,16.4565433871232,5.25301145931136,0.000966820946041709,0.00278020420249272,-1.51999099937141
"Q96DU7_ITPKC",0.399323173344069,17.364331897787,5.33862329991222,0.000876742973278969,0.00256617883617947,-1.41250905068191
"Q96DV4_MRPL38",-0.439534955572434,20.5586360324938,-6.80671670047532,0.000189240186345402,0.000790857613924796,0.280189191349526
"Q96DX4_RSPRY1",0.154251422354173,16.0484208123665,2.20848028646277,0.0606216258800693,0.0915016542474496,-5.92328325526867
"Q96DX5_ASB9",1.56107731090197,16.8196421024066,11.1804930000042,0.000198734630603617,0.000820171242740701,1.1914271863225
"Q96DZ1_ERLEC1",0.130427122943143,18.1206968602098,1.87377213080456,0.100527253767954,0.141568282199419,-6.41895498412014
"Q96E11_MRRF",-0.122326821481511,20.1644001070101,-1.52403859889045,0.168723720060384,0.222302866855328,-6.90318173841606
"Q96E14_RMI2",0.561218269304547,18.471783770679,4.71618460588793,0.00185233522593911,0.00477103343328577,-2.22752477650035
"Q96E22_NUS1",-0.0840368999658541,15.4785895309125,-1.02058923868111,0.350547613016736,0.41850025813927,-7.2762330123293
"Q96E29_MTERF3",-0.0732974637787045,20.1793634622789,-1.57105711998039,0.157547847794739,0.209680798721446,-6.84080620237223
"Q96E39_RBMXL1",0.367929066853055,18.4136769427142,5.87288213793054,0.000486780628261761,0.00162166147777576,-0.764416656203299
"Q96E52_OMA1",0.527345504359278,17.1305117574741,3.63797942284569,0.00745272048654876,0.0152955725905801,-3.74046547033753
"Q96EA4_SPDL1",-0.613957068985588,18.0101885095656,-9.11563316422535,0.0000264858284982142,0.00017859149960764,2.46185295091927
"Q96EB1_ELP4",-0.18898146969072,18.4184706333903,-2.82147919435466,0.024096323269032,0.041213545038061,-4.98155699289222
"Q96EB6_SIRT1",-0.42722112458323,18.2937572719723,-5.92299104255247,0.000461508300118316,0.00155664396039907,-0.705586403414091
"Q96EC8_YIPF6",0.357260535267958,18.7327293122629,2.10331602316501,0.0738071515142345,0.108479466032633,-6.09300881816178
"Q96ED9_HOOK2",0.215252894066047,17.913234204339,3.44546506659601,0.00975230985784548,0.0192116210253232,-4.02796181042769
"Q96EE3_SEH1L",0.0970766448285687,20.9199647499348,1.69457741783214,0.131351799555156,0.178787005622139,-6.67258610285858
"Q96EE4_CCDC126",2.39552850121492,17.1173245788417,20.6380919109847,0.000000075202538012242,0.00000433326139485691,8.89384973792855
"Q96EH3_MALSU1",0.43683352481148,17.7339837488835,2.58864281174895,0.035257110270215,0.0572269698496063,-5.35627142765445
"Q96EI5_TCEAL4",0.266656715041936,20.1344583568642,2.22844985740073,0.0601919055085886,0.0909454972781733,-5.90129717423205
"Q96EK4_THAP11",0.447776807934495,18.9263258012821,4.69346044904296,0.00187884393279903,0.00481810079328031,-2.24794516720486
"Q96EK5_KIFBP",-0.0474006203849591,20.8904953328143,-0.860493114871115,0.416325556511642,0.483815459561123,-7.64854897327921
"Q96EK6_GNPNAT1",0.964183484095404,22.413154605936,19.0500208370726,0.00000013527048722341,0.00000568434986641577,8.26333335242377
"Q96EK7_FAM120B",0.505649837780524,18.4831963310731,6.65283017749291,0.000219621841426,0.000883832659199026,0.115320718269157
"Q96EK9_KTI12",-0.189037305635026,18.8485573180843,-3.36237267891952,0.0109699560193068,0.0212525434240569,-4.15323952578789
"Q96EL2_MRPS24",-0.428295771958432,18.3659272868849,-4.38591595399797,0.00275958391092687,0.00666118540987299,-2.66703957946441
"Q96EL3_MRPL53",-0.595617349396402,20.5998950232958,-12.7113962205124,0.00000254347290087056,0.0000368488664457553,5.05726828834126
"Q96EM0_L3HYPDH",-0.427267056292301,17.6019619794037,-3.27245459487793,0.0124724069559069,0.0237044296118511,-4.28953399089584
"Q96EN8_MOCOS",0.61842945664149,16.5984803652533,3.04279965437661,0.0463532234261674,0.0726633588993054,-4.48753021786329
"Q96EP0_RNF31",0.229803463089027,18.8423407364528,2.0880334982037,0.0727584851847603,0.107289848451975,-6.10422640298677
"Q96EP1_CHFR",0.213168334720958,16.4057048239252,1.51455580111573,0.171063199948889,0.224949290942471,-6.91564230304067
"Q96EP5_DAZAP1",-0.184595707410644,21.7357565113109,-3.20184404926801,0.0138052470027201,0.0257296517281768,-4.39704508689729
"Q96ER3_SAAL1",-0.197283346518109,19.5921696434599,-3.73089306293431,0.0065579166991125,0.0137220122182805,-3.60320776681983
"Q96ER9_CCDC51",-0.181742446876349,20.3423817979685,-3.50719131822693,0.00894158597460381,0.0178456318349086,-3.93534642540872
"Q96ES6_MFSD3",-0.213194818891415,15.8356379127375,-2.29995342309249,0.0527736125122903,0.0812324713797558,-5.78445209774003
"Q96ES7_SGF29",0.421971701334257,18.6924645322086,5.94498279920036,0.000450879481252104,0.00152961165673662,-0.679870392576144
"Q96EU6_RRP36",-0.513036487619246,17.2844155161855,-6.90198084818709,0.000172796139274184,0.000735060086867698,0.380885911988656
"Q96EU7_C1GALT1C1",0.109419682315037,15.8495532757383,0.782885727339423,0.458005616855364,0.52534922663277,-7.71458705895392
"Q96EV2_RBM33",-0.389771963330968,19.0699697053867,-6.15586541813966,0.000361683254462357,0.00128011299834373,-0.436437833235528
"Q96EV8_DTNBP1",0.256489590774901,18.3799643149172,4.19715003317154,0.00351829770630108,0.00813873855052495,-2.93088602353686
"Q96EX1_SMIM12",0.679806792410183,16.7792414443524,3.71117011991215,0.00712033796682247,0.0147166550477314,-3.66809479834821
"Q96EX3_DYNC2I2",0.261363491805326,18.517750939581,3.51396494940148,0.00885711395031677,0.0177095711635408,-3.9252073961482
"Q96EY1_DNAJA3",-0.00371607645680072,20.5237103684886,-0.034513697085531,0.973396180548388,0.977896096849958,-8.04776491031067
"Q96EY4_TMA16",-1.25678137235415,19.2424680956008,-19.651984713809,0.00000010770084368974,0.00000506266583052171,8.50868491667441
"Q96EY5_MVB12A",0.206605203264019,19.207659841991,3.49254797119464,0.0091271617495161,0.0181540774756327,-3.95728174607951
"Q96EY7_PTCD3",-0.538647947960239,20.601561043852,-9.79764125922304,0.0000160509977869069,0.000127152178656868,3.01771260995739
"Q96EY8_MMAB",0.032929787841006,20.9652099272763,0.37199185111903,0.720246873360215,0.763907582241604,-7.97077147266716
"Q96EY9_ADAT3",-0.229494951973084,15.4323492648351,-3.33582214115881,0.0140707510752502,0.0261220729017216,-4.26072965007988
"Q96EZ8_MCRS1",1.07301585266444,18.4252895816069,3.60443570229617,0.0107388526441462,0.0208437875615706,-3.99115972821286
"Q96F07_CYFIP2",0.132414597981953,17.8272864774285,1.19371081434718,0.269182512162205,0.333779293691838,-7.30982175954364
"Q96F24_NRBF2",-0.337579134433593,17.598290430374,-3.39940920189013,0.0104082876481176,0.0202884253848239,-4.09731688692016
"Q96F44_TRIM11",0.657909686490402,19.8793701592157,4.48357901178751,0.00289128935057061,0.00691980704859662,-2.65432565689816
"Q96F46_IL17RA",-0.18709611931417,16.0465984818889,-1.96464986560814,0.087674880696945,0.126023761311614,-6.28676588449989
"Q96F63_CCDC97",-0.272310285672049,19.5713286957476,-3.60488190086203,0.00780247694984962,0.0158975077429179,-3.7896020399308
"Q96F86_EDC3",-0.20210585996384,19.742020440164,-3.05744586821829,0.017023458231922,0.0306390022035018,-4.6180441371998
"Q96FC9_DDX11",-0.152026629196151,16.3501297560936,-0.99669796633767,0.350360718514472,0.418474187346274,-7.51996674984909
"Q96FF7_MISP3",0.769177769865188,16.8069726522367,5.7394431372377,0.000561898225890492,0.00181863740686089,-0.922690731143614
"Q96FF9_CDCA5",-0.0285432989461185,18.5549621472527,-0.447842481184728,0.66699064310414,0.717557401902417,-7.93632787607659
"Q96FJ2_DYNLL2",0.658182245135997,19.9900880054602,6.03750278051257,0.000446896718302909,0.00151948879723376,-0.642674382376563
"Q96FK6_WDR89",0.0310291756893797,17.7351092363468,0.435873250415655,0.675270512226724,0.724722381260966,-7.9421667775745
"Q96FL9_GALNT14",-0.235846464371438,17.0346673684444,-2.50640651994504,0.0386217884930652,0.0618263901188398,-5.46803370729686
"Q96FN4_CPNE2",0.740633625458035,17.1218383990469,7.02723456582483,0.000153550979315005,0.000670441302336352,0.51172344508471
"Q96FN9_DTD2",0.555883304815769,18.6956667130571,5.32939417241615,0.000885992930843894,0.00258689529059449,-1.42404677919862
"Q96FQ6_S100A16",-0.842236564752405,23.1105532464052,-9.7133606364873,0.0000177349302213093,0.000136392193390575,2.91658448089112
"Q96FT9_IFT43",-0.0409194821428684,16.2984229731481,-0.519709800323941,0.620599003198595,0.676354208099801,-7.87144369741339
"Q96FV2_SCRN2",0.0325486780353543,18.0759402921769,0.340588923168237,0.742808820566435,0.784368164546481,-7.98323504108836
"Q96FV9_THOC1",0.228783079870567,20.2506541928874,4.05493757003167,0.00423965949192293,0.00952358242633367,-3.13291041823001
"Q96FW1_OTUB1",-0.140777936422783,22.5207970848418,-3.26523473494293,0.0126021936803689,0.023897353560929,-4.30050821849864
"Q96FX7_TRMT61A",-0.147744497995458,18.7940110639423,-2.06815666266897,0.0749807345984779,0.109969816304671,-6.13384430187272
"Q96FZ2_HMCES",-0.20289030312675,19.9710820757758,-2.90777473968697,0.0212066331842761,0.036901773507116,-4.84837232067169
"Q96FZ7_CHMP6",-0.265324715967875,19.6713567659403,-1.57331451264893,0.161044183252002,0.213695404364049,-6.83921849064187
"Q96G03_PGM2",0.542285839954907,20.8260775168488,12.3506495580435,0.00000312517884606885,0.0000425225586819314,4.82987090528962
"Q96G04_EEF2KMT",0.115902900848564,16.2114907046057,1.59131795088616,0.15294408944701,0.204552970693504,-6.81363342921765
"Q96G21_IMP4",-0.80733841505841,19.6582607140952,-10.8282678805859,0.00000795576038916973,0.0000772105795526455,3.79600147598246
"Q96G23_CERS2",0.339693881578693,21.9633214960862,5.68901143045101,0.000593564423571329,0.00190250779843385,-0.983123998341793
"Q96G25_MED8",-0.139619894260278,17.7630409457843,-1.42510045052544,0.194612547735336,0.251311211897277,-7.0310950353213
"Q96G28_CFAP36",-0.577151486424409,17.5120487851795,-7.36472291974903,0.000112591007318088,0.000530586865961199,0.855696479939255
"Q96G46_DUS3L",-1.29001656968416,18.2113956196048,-18.7238061209613,0.000000153501216140183,0.0000060699750492501,8.12693602089958
"Q96G74_OTUD5",-0.387453430959734,17.0508713144493,-3.09275526583014,0.0161694386740311,0.0293449655344025,-4.5638767890084
"Q96G75_RMND5B",-0.0192388906071059,16.1508899995775,-0.27238548996786,0.792715355283643,0.826963789917349,-8.00661970459938
"Q96GA3_LTV1",-0.875063596135945,18.8392740139542,-12.8139708077381,0.00000240115472446681,0.0000358101624201855,5.12080425826134
"Q96GA7_SDSL",0.751318575924554,18.8051648205088,5.36084764576624,0.000980545654087173,0.00281222859916555,-1.48991813748423
"Q96GC5_MRPL48",-0.419717812337929,19.8830238613457,-6.25952879102386,0.000325175210116844,0.00118565802883448,-0.31884250534631
"Q96GC9_VMP1",-0.205375386444675,20.3576819467547,-2.73687804463567,0.0273296818138374,0.045926192993836,-5.11226431511928
"Q96GD0_PDXP",-0.136166979653652,19.5100058480485,-2.70043956989166,0.0288582334050907,0.0481139244364577,-5.16857354740557
"Q96GD4_AURKB",-0.567776465467034,18.9834845913669,-9.28785160057896,0.0000232701038610805,0.000162926130999761,2.60553705921596
"Q96GE9_DMAC1",0.678124253972825,18.0673828825791,4.83906405938982,0.00167797474515468,0.00439788970077413,-2.10170314211664
"Q96GF1_RNF185",0.217040211339896,18.2212500753001,1.82905896859254,0.107499559930124,0.150025991344683,-6.48317718630153
"Q96GG9_DCUN1D1",0.234832499384748,20.8077169187623,3.53109666660647,0.00864726086403543,0.0173538433065576,-3.89958586998218
"Q96GI7_FAM89A",0.675426321324172,15.5673960004975,10.2802572973963,0.0000114658430394917,0.00010012537561237,3.39086751540869
"Q96GJ1_TRMT2B",0.310299160324455,16.72362051185,2.56284568891028,0.0354739246194736,0.057554323945332,-5.38104751747266
"Q96GK7_FAHD2A",0.202052644856963,19.523256167644,3.22228770381737,0.0134044675940662,0.0251181031092554,-4.36587669881786
"Q96GM5_SMARCD1",0.377095565291693,18.5645434004892,6.20503238148124,0.000343828700051114,0.00123648278609398,-0.380495045307607
"Q96GM8_TOE1",0.111822067745049,18.0959221111069,0.909375590750698,0.391597563661687,0.458652767048166,-7.60420443283998
"Q96GQ5_RUSF1",-0.483062702681295,17.8929147615996,-3.91039337400034,0.00514041697577215,0.0111517431596472,-3.34102515005712
"Q96GQ7_DDX27",-0.454588423705793,21.5547088362813,-7.32907514275017,0.000116280439711582,0.000544599152984169,0.819940320526104
"Q96GR4_ZDHHC12",0.404676113763429,16.4914122461809,3.26524847261623,0.0126019453688094,0.023897353560929,-4.30048733300221
"Q96GS4_BORCS6",-0.361438893546154,17.7407828170474,-4.29367018641861,0.00310531414893335,0.0073373778865446,-2.79535426591138
"Q96GV9_MACIR",0.477560852552939,16.2510159525511,3.09318968643967,0.0196374476199512,0.0346307504283212,-4.61334786724227
"Q96GW9_MARS2",-0.0752285278612028,18.4234159874491,-1.3678716718404,0.211149812612717,0.269509225496279,-7.102846286347
"Q96GX2_ATXN7L3B",-0.0228326915665562,19.9860660004415,-0.358870717174163,0.729639663000235,0.772284897965459,-7.97610824435032
"Q96GX5_MASTL",-0.484189649563227,17.4680986521388,-6.16985091699682,0.000356501820110667,0.00126857395635847,-0.420493983101681
"Q96GX9_APIP",0.0522564443374733,19.9337742737511,0.430741848138529,0.679299754586137,0.728327309470279,-7.94419301328587
"Q96GY0_ZC2HC1A",0.559462967837788,17.6122070849557,7.73002269837695,0.0000814729188332161,0.000419555193395695,1.21454853913554
"Q96GY3_LIN37",0.348240630291873,17.1908392094425,3.36664780927963,0.0109035029282365,0.021134567602489,-4.14677772352061
"Q96GZ6_SLC41A3",0.39907913486449,16.8757827877418,2.96943003895639,0.0193657750523096,0.0342310213915563,-4.75336678454219
"Q96H20_SNF8",-0.345784737699709,19.2590543257383,-4.87058131609872,0.00151517776774842,0.00402952521031277,-2.01270276943974
"Q96H22_CENPN",0.290787196371241,17.1047880408295,3.55480681946444,0.00836557129060115,0.0168374001683811,-3.86417820903478
"Q96H55_MYO19",0.137726328274759,17.6713042718092,1.7251788385435,0.125521140214181,0.171772902567301,-6.63001836189118
"Q96H78_SLC25A44",0.526123916971223,16.8000148845886,1.36937367339945,0.218515318853083,0.277559705276644,-7.09820692862337
"Q96H79_ZC3HAV1L",0.639370956457732,19.0827185635525,10.3294515103672,0.0000110880417215032,0.0000973852717479834,3.42802162034981
"Q96HA1_POM121",-0.543249673783173,17.3508979451871,-4.37863985109413,0.00278526827003387,0.00670247699418003,-2.67711727230705
"Q96HA7_TONSL",-0.00650509920562925,18.2016056702781,-0.0972657836679752,0.92507855336984,0.937652915369271,-8.04308577016701
"Q96HA8_NTAQ1",-0.123462411666846,18.4205982926384,-1.01511585562845,0.342033045408028,0.41013768616955,-7.50152040296165
"Q96HB5_CCDC120",0.194619232576947,16.4284941953779,2.02257814842191,0.0803317183575363,0.116759612044223,-6.20146487426372
"Q96HC4_PDLIM5",-0.0756902512316451,20.3067516398769,-0.719086854293898,0.494490272718181,0.559853083401977,-7.76468327182931
"Q96HD1_CRELD1",0.471886403365449,16.1775977281206,3.7745210012394,0.00617831695297424,0.0130208586157722,-3.5391147213324
"Q96HE7_ERO1A",-0.00536943109743504,20.4972819268917,-0.106685184532539,0.917852783038142,0.931321807335661,-8.04199901254546
"Q96HE9_PRR11",-0.861488834197313,18.3830657514795,-8.94083240567675,0.0000302695856342132,0.000197268420540563,2.31361458804779
"Q96HJ9_FMC1",0.509972926007684,19.9143124914114,6.53606112552954,0.000246314219872578,0.000958785033956412,-0.0116343860154586
"Q96HN2_AHCYL2",0.103844345432215,18.4901853677853,1.15974828796995,0.281936507404152,0.347497824552905,-7.34800119131638
"Q96HP0_DOCK6",0.69973411562508,17.2799789664048,7.68503180096383,0.0000847279802824526,0.000430920643725654,1.17108126745321
"Q96HP4_OXNAD1",0.361462686171024,18.3464876906927,4.02969838054189,0.00438372279151363,0.00978042646639941,-3.16905053982298
"Q96HQ2_CDKN2AIPNL",-0.167434060696149,18.4682123625422,-2.08417929248633,0.0731842514048465,0.107750564495792,-6.10997529411011
"Q96HR3_MED30",-0.0692353982864091,17.8627215994455,-0.960428543783815,0.366942459786115,0.435136318854566,-7.55581069130659
"Q96HR8_NAF1",-0.797206170384246,18.2893091539325,-9.07509262151455,0.0000273135810929895,0.000182863008674582,2.42769064781515
"Q96HR9_REEP6",0.232120776186989,19.8566003503733,2.57354440787874,0.034907535431182,0.056707969775645,-5.36454355575985
"Q96HS1_PGAM5",0.0264755317558958,21.8695676178355,0.434498619913284,0.676224516041315,0.725449352529401,-7.94282774137631
"Q96HU1_SGSM3",1.05448752178437,16.41235616721,5.54989175950701,0.000804807453655356,0.00240430694913693,-1.26903594439202
"Q96HV5_TMEM41A",0.596438439594539,16.9864867239942,3.4716884127621,0.00975029599233622,0.0192116210253232,-4.01135399323561
"Q96HW7_INTS4",-0.197117992549011,18.8815778724326,-3.16559505756991,0.0145474262778974,0.0268562437547785,-4.45238825233547
"Q96HY6_DDRGK1",0.451584701162133,20.571055041417,9.59477409568757,0.0000185694060509732,0.000141948645651962,2.85598623546645
"Q96HY7_DHTKD1",-0.277861366854676,21.2023960133093,-4.67862813294417,0.00191339243489018,0.00489514391516134,-2.26784801737419
"Q96I15_SCLY",0.368522412078708,18.1261488245788,3.16281015471739,0.0146061675560168,0.026927611097065,-4.4566440986323
"Q96I23_PYURF",-0.104872691408968,18.307222464119,-1.60009356829198,0.150988679327625,0.202186601226394,-6.80181073673609
"Q96I24_FUBP3",-0.134881983440859,21.3203667828997,-2.97799695709211,0.0191235751602822,0.0338658702372773,-4.74017845306916
"Q96I25_RBM17",0.0139877081517206,20.595776345561,0.186034184831324,0.857378528633526,0.881484332087943,-8.02888168227545
"Q96I34_PPP1R16A",-0.165339255287092,16.0528763074512,-1.81314761516484,0.116264739665646,0.160666716914408,-6.4565967443504
"Q96I45_TMEM141",0.0238189000321967,15.5784214498321,0.314433222758492,0.76486339771468,0.803044097206371,-7.89948106610059
"Q96I51_RCC1L",-0.504839051396225,18.363201762547,-5.73629416131505,0.000563819703003958,0.00182347622660413,-0.926454273471698
"Q96I59_NARS2",-0.789860411433899,19.4155356851082,-6.85167328223582,0.000201132641219039,0.000828270096974559,0.24274218339264
"Q96I99_SUCLG2",-0.0248450628566843,21.6687480043651,-0.432926702257017,0.677316211215795,0.726507841278711,-7.94358113428184
"Q96IF1_AJUBA",0.246934431281939,16.8800376282951,2.09830786528018,0.0773916845606632,0.113026335016975,-6.02195539166984
"Q96II8_LRCH3",0.121958431404174,16.2870312033766,1.48172104472387,0.179392039129756,0.234442585845519,-6.9584664952296
"Q96IJ6_GMPPA",0.528271340253628,20.1178763857005,10.1786237082812,0.0000122931668646266,0.000104822676202186,3.31360132661292
"Q96IK0_TMEM101",0.127131380302604,15.4658678550324,1.57491374307257,0.156661855090584,0.208681273173201,-6.83564727365504
"Q96IK1_BOD1",0.0394666688064795,18.5143512422967,0.596501082342598,0.568502092365578,0.627762327893813,-7.85154370645007
"Q96IL0_COA8",-0.552261549317571,16.0569591357548,-5.55892385559138,0.000684767810495931,0.00212412070417294,-1.14058788440816
"Q96IQ9_ZNF414",-0.327346392272398,16.0549219999409,-2.90159250807231,0.0214010740743771,0.0372034534898829,-4.85790648887112
"Q96IR7_HPDL",-1.52718309047173,20.2718631127612,-19.6487820005252,0.000000107829590395019,0.00000506266583052171,8.50740068285596
"Q96IT1_ZNF496",-0.222374370831552,16.8483747703629,-1.30883164642631,0.230259886474911,0.290585149581579,-7.17461806657539
"Q96IU4_ABHD14B",0.213501204680053,20.2434945374132,2.66164539389579,0.0305832295709148,0.0505604719333961,-5.22851515636416
"Q96IV0_NGLY1",0.299904118817789,17.5820150236134,3.79165922539737,0.00603574189775082,0.0127663662053094,-3.51400108265405
"Q96IW7_SEC22A",0.558722854242713,19.1558008308692,7.63549818480409,0.0000884811632978737,0.000442463989509288,1.12299156183091
"Q96IX5_ATP5MK",0.218274860892965,20.8021364283203,2.90989908730515,0.021140246818669,0.0368115195290285,-4.84509647788145
"Q96IY1_NSL1",0.042061135956299,17.9522582049288,0.253794903025169,0.806810998459442,0.838448483984494,-8.01192443620513
"Q96IZ0_PAWR",1.06999321598828,20.6193171008611,21.5469348809513,0.000000054794467372652,0.00000344435304823464,9.23173299564001
"Q96IZ5_RBM41",-0.0740574832889056,15.9500315457234,-0.924670281380011,0.38408591171577,0.450896348898001,-7.58992597705767
"Q96IZ6_METTL2A",-0.0305862827023304,19.3278139486425,-0.132033064017605,0.899018647972155,0.915754096220197,-8.03838495849416
"Q96IZ7_RSRC1",-0.487792183177401,18.3469849667148,-3.38378362140353,0.0112364192436842,0.0216749187845453,-4.15398105161175
"Q96J01_THOC3",0.166094990735317,20.6326124377254,3.61171967608303,0.00772879958828513,0.0157855128003482,-3.7794404475665
"Q96J02_ITCH",-0.06738584409214,18.2387695770242,-1.03449965822178,0.333283849635904,0.40110078486245,-7.48197711927977
"Q96J42_TXNDC15",-0.122954847429586,17.7643601740876,-1.07127564424173,0.317490623616958,0.384160624121951,-7.44379217811689
"Q96JB2_COG3",0.323469602449372,20.1994044077622,5.13975225747406,0.00110206263480412,0.00308533066866424,-1.66375770394391
"Q96JB5_CDK5RAP3",0.623708492394183,19.8282793378155,9.32221675611714,0.0000226823465958025,0.000159967195131155,2.63393313838509
"Q96JC1_VPS39",0.498140626932386,19.2764354593257,8.71564404503438,0.0000360703222939861,0.000224142868764754,2.11897145849223
"Q96JC9_EAF1",0.143754710973479,17.5933358599847,1.31347893106013,0.227993784600623,0.288205089067579,-7.16939877186501
"Q96JG6_VPS50",1.01855059728505,17.9306749887231,13.3569545208789,0.00000178258048468749,0.0000292204895830454,5.4492171823201
"Q96JG8_MAGED4B",-0.619242541433453,16.0633213329119,-6.47209848306587,0.000479789531475761,0.00160549017879658,-0.510103199840637
"Q96JH7_VCPIP1",-0.0173863514238768,18.3833583999242,-0.295396847197336,0.77574803922587,0.812495123430456,-7.99929763677726
"Q96JI7_SPG11",0.39713279527356,17.8329118147899,4.23488466310128,0.00335012179958401,0.00783308527747801,-2.877745951201
"Q96JJ3_ELMO2",0.21384542071435,16.6342536456437,2.88013694618643,0.0220904834874144,0.0382037784004716,-4.89100466854675
"Q96JJ7_TMX3",-0.909443613274245,20.4979621131408,-13.239532018418,0.00000189936302729867,0.0000303499058521715,5.37929955316067
"Q96JK2_DCAF5",0.828863515469823,18.7077900375711,9.44139238076903,0.000020769651645652,0.000152631855475197,2.73171121027637
"Q96JM3_CHAMP1",0.34482812975893,19.6322991655088,6.48691256130483,0.000258614632721606,0.000996970550674371,-0.0655561472973485
"Q96JM4_LRRIQ1",0.112306382420822,17.8353149303466,0.805792415543246,0.454034396031944,0.52142316415808,-7.20678508323875
"Q96JN0_LCOR",0.0780457299569974,15.9290654100778,0.677942213442167,0.518286792766715,0.582115969548676,-7.79579721716249
"Q96JN8_NEURL4",-0.0662769592354806,18.2594250076247,-0.698614771302662,0.505992468918582,0.570244290797856,-7.78064083654633
"Q96JP5_ZFP91",0.0962266428886416,17.9311730221315,1.12051649040726,0.297282058445224,0.363408443673155,-7.39114637385347
"Q96JQ2_CLMN",1.78590816132507,16.9377455414277,23.0472345954468,0.000000033392238443357,0.00000260100490320272,9.75692861036668
"Q96JY6_PDLIM2",-0.13711006436364,16.319638899859,-1.29821085575753,0.238659363039849,0.29979242201174,-7.16040049897189
"Q96K17_BTF3L4",0.228943406815301,21.8317221446518,1.60159742261965,0.154682010522414,0.20651419554739,-6.80171305957222
"Q96K19_RNF170",-0.0852199161922726,15.2453059907934,-1.1473603968237,0.291964201117986,0.357885530008606,-7.29791347841732
"Q96K21_ZFYVE19",0.435999095453329,19.0011406477099,6.37356913543652,0.000289674892221806,0.00108945150713077,-0.19101978639085
"Q96K37_SLC35E1",0.773860890041242,18.2060523724013,8.49619508961529,0.0000429498868336257,0.000257631576700755,1.92517464875232
"Q96K49_TMEM87B",-0.3319264501067,17.870349568972,-5.29595341331041,0.000920423194879415,0.00267101824504114,-1.46595165549208
"Q96K58_ZNF668",0.0653265196692985,16.99556610905,0.863007879636645,0.415026642556181,0.482591881492319,-7.6463163044415
"Q96K76_USP47",0.276629880782775,18.6334332516082,4.38186113222585,0.00277386522218262,0.00668716921709065,-2.67265474927009
"Q96KA5_CLPTM1L",-0.0330290447915864,20.3240632069739,-0.68843197510376,0.51202503968324,0.57630769259342,-7.78815658413544
"Q96KB5_PBK",-0.263814514953904,20.4604296824861,-2.18988830356737,0.0639586881055954,0.0958939053284365,-5.96005234378821
"Q96KC8_DNAJC1",-0.359491322054289,19.0225881909197,-4.28697809693196,0.00313217359191166,0.0073893648697519,-2.80470938788666
"Q96KF7_SMIM8",0.0658089210200501,15.7135610934433,0.947428623068115,0.373107241295433,0.440455327843096,-7.56833098564129
"Q96KG9_SCYL1",0.308157028155435,20.8304331200034,6.57072192232962,0.000238031694045493,0.000937359425166242,0.0262188084236161
"Q96KM6_ZNF512B",-0.0134834113620812,19.1989821011663,-0.244979045406044,0.813078962238883,0.843816981195766,-8.01458029776708
"Q96KN1_LRATD2",0.432760341975012,20.5308886465537,7.06785521170359,0.000147833231657805,0.000650705763882678,0.553779819007525
"Q96KP1_EXOC2",0.598566063675456,19.7927917433412,9.7711753647993,0.0000163566571798692,0.000128388786904113,2.99678175891536
"Q96KP4_CNDP2",-0.0723501401784148,22.7194667939232,-1.58620534535866,0.1540940030355,0.205801402473751,-6.82050648316253
"Q96KQ4_PPP1R13B",-0.225175973745461,16.9710176246444,-2.52835767238145,0.0373647770204798,0.0602111216139342,-5.43421868554576
"Q96KQ7_EHMT2",0.138797790530937,19.2852222773884,1.94777069566871,0.0899349551720577,0.12867668717808,-6.31147532239691
"Q96KR1_ZFR",-0.318297030913431,20.9324352691523,-6.47514117311885,0.000261661236216998,0.00100514917306388,-0.0785138493727047
"Q96KR6_FAM210B",0.647567333264046,17.702484110506,4.04994189804715,0.00455324893062606,0.0100938535022856,-3.18426046176875
"Q96L50_LRR1",-0.014872694318619,17.1751618850154,-0.187678272907644,0.856134677575056,0.880562590620132,-8.02853524666996
"Q96L58_B3GALT6",0.419728915085219,16.9672996106577,3.51117860529502,0.00889175771819162,0.0177694979518039,-3.92937751141912
"Q96L73_NSD1",-0.381244003750535,18.1799128608388,-4.45897414545117,0.00251555753343662,0.00615813665893753,-2.56626539072846
"Q96L91_EP400",-0.299473855566418,18.2365994634657,-4.56646926408791,0.00219834332567867,0.00550381808265699,-2.41936598034053
"Q96L92_SNX27",-0.306361021137963,20.3599131686603,-6.36884387799166,0.000291057106393388,0.00109346114682516,-0.196284310443489
"Q96L93_KIF16B",-0.0573272591112399,16.4350264757709,-0.764916406163501,0.467835978648812,0.534368591921139,-7.72936510713564
"Q96LA8_PRMT6",0.486190088383019,20.8708456953811,6.73394578448649,0.000202979930473227,0.000833620599988858,0.202567674011808
"Q96LB3_IFT74",-0.22471450075728,16.7344206710502,-2.59858161313323,0.0336181129574815,0.0549300466497539,-5.32590601074682
"Q96LD8_SENP8",0.336316748023869,16.108417854025,1.898407281604,0.0985732761981981,0.13915151053517,-6.38727264276463
"Q96LI5_CNOT6L",0.147020281745771,17.4558564471288,1.59729820085706,0.151609040585771,0.202910146523908,-6.80558017024828
"Q96LJ7_DHRS1",1.58120980083754,18.711878366028,11.6174987116802,0.00000642693427823787,0.0000674577990912872,4.09585766712993
"Q96LL9_DNAJC30",0.329807894497652,16.5803715546259,2.92265124431624,0.0207462867296394,0.0362750015783075,-4.82543542116152
"Q96LT4_SAMD8",-0.347927090039388,15.4700554066048,-2.12122313412265,0.0827395296601956,0.119824231263413,-5.47743639744695
"Q96LT9_RNPC3",-0.305153696411004,17.4352294316543,-4.24844760007061,0.00329182977197689,0.00771814341727997,-2.85869399183897
"Q96LW7_CARD19",-0.180777604743518,18.2768970469698,-1.08948202356336,0.311785337488381,0.378461423066809,-7.42279983984382
"Q96M27_PRRC1",0.0347813251593365,20.9309323959712,0.348711459887323,0.737162329075241,0.779271254335828,-7.97994019876605
"Q96M96_FGD4",-0.0800684817673911,16.164712149192,-0.797449340137479,0.449835276219029,0.517476518536979,-7.70275265849396
"Q96ME1_FBXL18",-0.36623009686366,19.8345512205944,-6.28017325585249,0.000318405123334933,0.00116712740630626,-0.295583824380515
"Q96ME7_ZNF512",0.60761668657284,17.526180784101,4.19653963081602,0.00718016323689393,0.0148282165571043,-3.32946121911831
"Q96MF7_NSMCE2",0.114291351335297,18.6379888799599,1.55408504618269,0.161501629449614,0.214078318855657,-6.86343349704904
"Q96MG7_NSMCE3",-0.208711263006222,17.1175579323526,-2.67706572589432,0.0298851288043652,0.0495652615974709,-5.20469066983014
"Q96MG8_PCMTD1",0.0877418803929668,15.2809390033177,0.829518659989311,0.460231264303966,0.527663400104909,-7.35120794109632
"Q96MH2_HEXIM2",0.015604723218857,18.9803408025754,0.192264198425393,0.852667450893718,0.877946207052608,-8.0275529643447
"Q96MH6_TMEM68",-0.397543185988518,17.0752164167519,-2.55525324231346,0.0360303273769714,0.0583574680641492,-5.39462989850475
"Q96MM7_HS6ST2",0.365041326947928,16.6616777918877,2.31596727682287,0.0644385227515272,0.0965181969373997,-5.75161450032523
"Q96MR6_CFAP57",-0.137237684460892,15.5254966907487,-1.7006770878471,0.130169693639263,0.177463826818468,-6.66412784480059
"Q96MT8_CEP63",-0.0549251615191917,15.9666601151331,-0.491465269726057,0.639359563301969,0.693422050260199,-7.85210129411304
"Q96MU7_YTHDC1",0.0179509841970571,20.2195267015878,0.208791610159793,0.840200932403305,0.867694269091587,-8.02381824133905
"Q96MW1_CCDC43",-0.114010961232442,19.6141169599288,-1.66051487104421,0.138139716494275,0.187055489345817,-6.71956867536611
"Q96MW5_COG8",0.121354129839514,19.0034894609535,1.40024637176467,0.201648797428933,0.259121600480565,-7.06246709957262
"Q96MW7_TIGD1",0.113574758702418,15.4385297074478,1.18682787894565,0.294683379122858,0.360695491086009,-7.07025617839893
"Q96MX3_ZNF48",-0.149291562978004,17.1768784424845,-1.33035387323613,0.222647670015718,0.282148980029915,-7.14892854794936
"Q96MX6_DNAAF10",-0.68252995902019,19.4292361836525,-9.81061348847488,0.0000159035296957471,0.000126265393388155,3.02795365569147
"Q96N06_SPATA33",0.381925603727293,17.0721140917663,3.85526178694283,0.0055368768337819,0.011872987087044,-3.42112056021123
"Q96N11_INTS15",-0.392361684560179,18.4703006752357,-5.96404610226537,0.000441885599228394,0.0015058162489835,-0.657629584821695
"Q96N21_TEPSIN",0.223695897812181,18.2825098179146,3.10317646120347,0.0159261155046532,0.0289933064931527,-4.54790453182297
"Q96N46_TTC14",-0.320951436849938,16.051504789572,-1.05215977905587,0.347609213625682,0.416037085576229,-7.35170939322716
"Q96N64_PWWP2A",-0.533923611698231,18.5014850563716,-4.88414832499088,0.0014906930884444,0.0039783198704239,-1.99486846565275
"Q96N66_MBOAT7",1.30618360142856,20.8365211024818,5.23804756397654,0.00188995779822604,0.0048400737418543,-2.03149542667995
"Q96N67_DOCK7",0.220856132465869,18.7746131769697,3.64677325018579,0.00736265177744764,0.0151329356995556,-3.72743129219519
"Q96NB2_SFXN2",-0.354468152445776,19.0979133573848,-2.69768957423491,0.0300332550277806,0.0497783695230549,-5.19022011182184
"Q96NB3_ZNF830",-0.126230662045348,17.3889078370726,-1.52698640297296,0.168002406327867,0.221652973008533,-6.89929995289772
"Q96NC0_ZMAT2",-0.337901834342492,17.4981340422088,-3.09120397933809,0.0162059937358595,0.0293972784056635,-4.56625498557385
"Q96ND0_FAM210A",0.0943852848258366,18.3198926172099,1.27868439646224,0.239366520412648,0.300531818134467,-7.21108748523021
"Q96NE9_FRMD6",0.697442274899387,16.3807665805019,2.46727802511748,0.06107513285195,0.0920970381585907,-5.60181453241221
"Q96NJ6_ZFP3",-0.130818764530956,15.158474223558,-2.13023631942653,0.0682536265919214,0.101592384316664,-6.04110071585518
"Q96NL8_CFAP418",0.232128139746198,16.5577004772613,1.70784299608993,0.15547684455698,0.207356983990951,-6.52732447390755
"Q96NT0_CCDC115",0.534077426997417,18.1152212559384,5.73403103930841,0.000565205137900813,0.00182700819331644,-0.929159891040634
"Q96NU1_SAMD11",-0.468884440874621,15.68260467973,-4.02494313943755,0.00441145526967821,0.00983109545302445,-3.17586912195072
"Q96NW4_ANKRD27",0.0837638095870119,17.6544075584143,1.00338545394233,0.347119571608592,0.415593379987256,-7.51350123094274
"Q96NY8_NECTIN4",-0.260795235757374,17.4249338359862,-2.21466957020722,0.0600555408433195,0.0907574893014679,-5.9139242258466
"Q96NY9_MUS81",0.0277672368480282,16.1688134931083,0.234878398937632,0.820623747029281,0.850362972739061,-8.01730492695335
"Q96P11_NSUN5",-0.704878547266986,19.1964435798546,-13.9179960637937,0.00000132558247356672,0.0000241783700094688,5.77526671679709
"Q96P16_RPRD1A",0.0664328395468949,19.944131993727,0.995568194648717,0.350664488576726,0.418574089785716,-7.52130648548929
"Q96P47_AGAP3",-0.263259220539219,17.9946402009691,-4.07848004346514,0.00410990349755677,0.00929525007505702,-3.0992768661719
"Q96P48_ARAP1",-0.121902870111164,19.4590489432632,-1.83075452965271,0.107226914799047,0.149672951727208,-6.48075238897308
"Q96P53_WDFY2",-0.215403663321712,15.8913588830724,-2.37501926154871,0.0593130556494392,0.0899212878751514,-5.66969619902864
"Q96P70_IPO9",0.395525892719569,21.305993717618,9.11852645579253,0.0000264278397989013,0.00017835860648664,2.46428606070232
"Q96PC3_AP1S3",-0.127648100961721,16.8446430827911,-1.28094034833516,0.238614711350654,0.299785843167009,-7.20840608786901
"Q96PC5_MIA2",0.684808679185419,18.8164216718024,8.30875449766499,0.0000500058247140719,0.000289015427640753,1.75631709671314
"Q96PE2_ARHGEF17",-0.117680245616118,17.3889454469515,-1.06054740340053,0.322035484385383,0.388979179646692,-7.45503330547933
"Q96PE3_INPP4A",0.27285297059171,16.3293251411852,3.17174260073981,0.0144186412316765,0.0266554175772895,-4.4429956542636
"Q96PE7_MCEE",0.508899808906541,17.9632350505168,4.70460440246764,0.00185333675414115,0.00477142985061632,-2.23301225173501
"Q96PK6_RBM14",-0.534973333658403,22.0920351883785,-10.9094859944475,0.0000075469154176005,0.0000750281810455249,3.8544546330822
"Q96PM5_RCHY1",-0.138840081335715,16.9360931222786,-1.43269308207897,0.192506875545375,0.2488878625528,-7.02144817941113
"Q96PM9_ZNF385A",0.243412863756014,16.6592320090476,2.46663768944429,0.0410103921615328,0.0651472520427356,-5.52923113645338
"Q96PU4_UHRF2",-0.285504558796152,17.5233953292594,-2.95273007665482,0.019847212907233,0.0349520494031985,-4.77908483713461
"Q96PU5_NEDD4L",1.17872615738093,17.9509766046411,12.4477039373775,0.00000295512887467308,0.0000410908779173007,4.89166354276919
"Q96PU8_QKI",0.120503127667636,19.2604367656122,1.45564327471974,0.186264764951687,0.242134644030512,-6.99211299414739
"Q96PV6_LENG8",-0.155225652331104,17.1601183086669,-1.61470969475063,0.147782916416184,0.198417804459222,-6.78204941771167
"Q96PV7_FAM193B",-0.115554893573931,16.0705899815186,-1.07087046658021,0.317661342314237,0.38424493792018,-7.44421823560797
"Q96PX1_RNF157",-0.347701789660618,18.5809444842331,-5.32999923968961,0.00140990372885292,0.00380139232954814,-1.71998773551268
"Q96PZ0_PUS7",-0.638125743077875,20.1025364787919,-13.3984833596186,0.00000174323612576241,0.0000286372655994577,5.47380289380829
"Q96PZ2_FAM111A",0.525736666266369,16.643328590367,6.57452998456013,0.000237140802794609,0.000935525386958402,0.0303688828779229
"Q96Q05_TRAPPC9",0.27935865803591,18.5023768428349,4.08130209094504,0.0040946412746421,0.00927452100504104,-3.09525020572155
"Q96Q07_BTBD9",0.311075390679964,16.3886985375737,3.12389843909344,0.0154536981750892,0.0282558567671673,-4.51616539540557
"Q96Q11_TRNT1",0.091486399806179,20.6256811667276,1.81305735329408,0.110105441537856,0.153297087376338,-6.50601852260295
"Q96Q15_SMG1",0.00349286143909922,18.0448118255946,0.0589823458930865,0.954516025417325,0.961850674261284,-8.04647140049661
"Q96Q42_ALS2",0.596555821867153,16.4735618385275,5.3012324673458,0.000914891068818984,0.00265780095653436,-1.45932609090604
"Q96Q45_TMEM237",0.600760803063853,16.3106145058486,6.76490821396441,0.000197002420520243,0.000815948115846928,0.235668634195514
"Q96Q83_ALKBH3",0.0398997850268312,15.9749728905345,0.399511532357835,0.700713913940353,0.747179311570212,-7.95897991416778
"Q96Q89_KIF20B",-0.143304081613607,18.1226415109548,-1.2846301466271,0.23738941011019,0.298344985673844,-7.20401393495196
"Q96QC0_PPP1R10",-0.328450135563568,21.2140678017796,-5.36939078900307,0.00084666838841841,0.00251076791771551,-1.3741306198744
"Q96QD8_SLC38A2",0.840710979972588,18.7654436913528,12.8008092915068,0.00000241890319016392,0.0000358638940826253,5.11267908559344
"Q96QD9_FYTTD1",0.77400529800801,18.6064878902623,11.7771808736839,0.00000438649175237737,0.0000524585790386513,4.4551255030233
"Q96QE5_TEFM",-0.055472135289353,17.0814814505531,-0.682756327915192,0.515407111716173,0.579480634399588,-7.79230351502495
"Q96QF0_RAB3IP",0.482606818849824,17.1702313953658,6.77578829988938,0.000194948770824491,0.000809377920792075,0.247273877570688
"Q96QG7_MTMR9",0.328211545158091,17.1946057269433,3.27887751163232,0.0123581401266477,0.0235225259767974,-4.27977482154115
"Q96QK1_VPS35",-0.12339081772371,22.6333147471466,-2.69400684032012,0.0291371496724216,0.048536390803425,-5.17851376515756
"Q96QR8_PURB",0.231218617105231,20.8677380112903,3.9539987040456,0.00484859653869272,0.0106216662653505,-3.27795283318827
"Q96QT4_TRPM7",1.08974275674485,16.4843680753857,1.84346701684876,0.148905787442722,0.199713881024395,-6.43304929127075
"Q96QT6_PHF12",-0.268081904745838,16.6062452524553,-3.15339781703518,0.014806564916403,0.0272552596210458,-4.47103199494077
"Q96QU8_XPO6",-0.215908342982438,17.4005135514512,-2.02296434535155,0.0802848406563925,0.116722471669436,-6.20089370904053
"Q96QZ7_MAGI1",0.568986094726384,17.0673486082449,6.44195183427895,0.000270468520880658,0.001033241371079,-0.11513810008852
"Q96R06_SPAG5",-1.20955977749238,18.8439787311615,-12.6081551905041,0.00000269640425949436,0.000038334300556475,4.99282356720996
"Q96RD7_PANX1",0.0718028435792011,15.8645001300005,0.971699013191486,0.366184262211653,0.434398387806947,-7.51578663129731
"Q96RE7_NACC1",-0.291032106545526,19.9492878769492,-4.23417616751801,0.00335319757849497,0.00783786748064928,-2.87874188121681
"Q96RF0_SNX18",-0.722189758428463,16.523458103671,-10.3591396105161,0.0000108668336129531,0.0000967035956373152,3.45036690421711
"Q96RG2_PASK",0.0515006480222553,16.99617305162,0.593741621517235,0.57025207221808,0.629420586459254,-7.85331984365493
"Q96RK0_CIC",0.290201148947318,18.3892505818018,3.78794021965861,0.00606637646479724,0.0128097888371038,-3.5194476755805
"Q96RL1_UIMC1",0.183587609765862,18.1865925449764,2.6894900218795,0.0293346608161553,0.0488046288332347,-5.18549324798429
"Q96RL7_VPS13A",-0.489506549547482,18.6559525004995,-8.76962659674382,0.0000345737690481843,0.000217869169329321,2.16601565832296
"Q96RN5_MED15",-0.173116631050743,18.739488453594,-1.88409579624037,0.0989803035676394,0.139648337773227,-6.40404697896828
"Q96RP9_GFM1",-0.286260721700653,21.4887253427965,-5.82986816606552,0.000509702964524608,0.00167754251327312,-0.815179497561437
"Q96RQ1_ERGIC2",-0.680021249455553,18.4833586315486,-10.6451826152484,0.00000897221093547236,0.0000842501683644479,3.66275578512871
"Q96RQ3_MCCC1",0.0444035666927363,20.2380057712907,0.48106062078044,0.644270476459903,0.697455343574441,-7.91934062530279
"Q96RR1_TWNK",-0.976548993238657,16.3793287624784,-8.24545395605387,0.000116751602349672,0.000545764838017528,1.08251920810973
"Q96RR4_CAMKK2",-0.124365708114912,17.0597631113238,-1.18224421451359,0.273434123797956,0.338389187375082,-7.32279652454838
"Q96RS0_TGS1",-0.60226686076583,17.2866810844256,-3.28028086835518,0.0161301205667398,0.0292875858273151,-4.37646614498489
"Q96RS6_NUDCD1",0.058755279518099,22.1035412384744,1.14048045670481,0.289390312103842,0.355188432122289,-7.36932135931714
"Q96RT1_ERBIN",0.0526343031066006,18.8433953105591,0.762164808997746,0.469380412996702,0.535891237053875,-7.73157265381914
"Q96RT7_TUBGCP6",0.284729580771344,16.8423514967608,3.07677039576255,0.0165503222954068,0.0299006535341721,-4.58838949943964
"Q96RT8_TUBGCP5",0.0398936620070849,16.0049070964552,0.398798994489197,0.701216726677864,0.747296402285531,-7.95929539962742
"Q96RU2_USP28",-0.824970482083064,17.6345882197396,-8.11865819844886,0.0000585174991376964,0.000322992814543773,1.58183306213891
"Q96RU3_FNBP1",0.569924000549815,18.6131948611917,5.86572259678155,0.000490515311484566,0.0016304704160492,-0.772849117682027
"Q96RU7_TRIB3",0.00825975932889378,15.3717477942149,0.1170668501012,0.909898392335599,0.924662935062509,-8.04068531876238
"Q96RY5_CRAMP1",0.106553760413666,15.4260940952794,1.32986574794905,0.236445273384484,0.297453316136683,-7.00485081399941
"Q96RY7_IFT140",0.163067862796471,16.9501311032504,1.77316324429753,0.116866886983813,0.161410848447227,-6.56262141625255
"Q96S06_LMF1",0.573200605185608,17.9644214297352,2.57167628994151,0.0382347339359999,0.0612883848929854,-5.40742347253502
"Q96S15_WDR24",0.874057101348207,17.7318811691669,10.8373787465276,0.00000790867660898873,0.000077119736266626,3.8025784982295
"Q96S19_METTL26",0.372656668733388,18.9649597419832,2.78248372042503,0.0265312175930122,0.0447938825776805,-5.06112629430647
"Q96S21_RAB40C",0.408111664990944,16.5737775696421,1.79765247886255,0.122782045076272,0.168600872874188,-6.5186063608895
"Q96S44_TP53RK",-0.261068150171674,19.4588713452905,-3.78146728603477,0.00612009678991683,0.0129124705087677,-3.52893155580859
"Q96S52_PIGS",0.0295179970052466,20.4252691670936,0.630889981545873,0.546957188871942,0.608743982815333,-7.82878462306819
"Q96S55_WRNIP1",-0.273227975710217,20.337209742913,-6.18748652238876,0.000350085345949914,0.00125188017926424,-0.400424045657617
"Q96S59_RANBP9",-0.284938063006081,19.3203748503179,-3.77611997570422,0.00616486244348301,0.0129997071652708,-3.53677011840675
"Q96S66_CLCC1",-0.0726372662124248,19.0836030141762,-0.922956207050443,0.384922400064137,0.451529885084488,-7.59153559315866
"Q96S82_UBL7",0.427174792450518,18.5062171208911,6.59959306775244,0.000231369202519702,0.000918841545310956,0.057639985128521
"Q96S94_CCNL2",-0.249538452448739,15.7014233814606,-2.94570509869532,0.0236374402545243,0.0405198040513662,-4.81866646584786
"Q96S97_MYADM",-0.311258465753969,19.4567997389067,-1.27127552152112,0.248822494663507,0.311069016175318,-7.21572191353038
"Q96S99_PLEKHF1",1.26143601746803,17.8736742757802,16.6681545815555,0.000000358785421160308,0.0000102591049373883,7.20610961469981
"Q96SB3_PPP1R9B",0.359607683199894,19.7050940688951,3.9248517747955,0.00504160333749273,0.0109875171876704,-3.32008462429234
"Q96SB4_SRPK1",-0.713565983027586,19.5892486216515,-11.0278753306705,0.00000699267009612933,0.0000707263946159039,3.93895173835217
"Q96SB8_SMC6",-0.227465481242334,18.1446949568523,-3.50266279768879,0.00899854082262048,0.017943617554688,-3.94212760347603
"Q96SI1_KCTD15",-0.736382820372491,17.7472926883499,-6.78423725211641,0.000193370472594417,0.000804142052790124,0.256276536858431
"Q96SI9_STRBP",-0.245961100180033,19.690830385635,-4.65154383911918,0.00197829046948174,0.00503408407858082,-2.30427235614002
"Q96SK2_TMEM209",0.0408945659067825,18.141582908974,0.516711142026238,0.620327479794307,0.676155175023717,-7.89984232572259
"Q96SL8_FIZ1",-0.0786675194306454,15.1421682827738,-1.39353979519553,0.203585517285568,0.261389507845042,-7.07087750447477
"Q96SN8_CDK5RAP2",0.659842786669802,17.0656262404283,6.76901012788978,0.000196225351235426,0.000813346060761117,0.240045544798832
"Q96SQ7_ATOH8",0.623070812906334,18.0583732596947,6.27038555587007,0.00109690753192638,0.00307569286889767,-1.19031006515167
"Q96ST2_IWS1",-0.259571938265282,19.969732866347,-5.17123440902093,0.00106248777249144,0.00299528613697921,-1.62361478392049
"Q96ST3_SIN3A",-0.102764618417016,19.765382889672,-1.86803197777918,0.101397424005259,0.142661636512024,-6.42723141239987
"Q96SU4_OSBPL9",0.374957569088906,19.9468445576124,4.60952819551826,0.00208379167361712,0.00526031180535408,-2.36098440648916
"Q96SW2_CRBN",1.24407923934156,19.6272859578164,17.2850288499271,0.000000275301758437069,0.00000858174251914896,7.4942229068351
"Q96SY0_INTS14",-0.141880030518521,18.666850690478,-2.41343695550382,0.0444433173367402,0.0700157149261073,-5.61094110099538
"Q96SZ5_ADO",-0.180087838909714,18.6810068333947,-3.23725713064468,0.0131188421712336,0.0246618669190317,-4.34307517164729
"Q96SZ6_CDK5RAP1",-0.587867719501457,18.013677436292,-6.59991427673064,0.000231296256796104,0.000918841545310956,0.0579890087118642
"Q96T21_SECISBP2",0.0204582488534157,18.3633945145412,0.314100812854086,0.76205123845821,0.800906690578022,-7.99291925729319
"Q96T23_RSF1",0.0430715701506621,19.1858148922565,0.638486624168857,0.542264459348931,0.604139955735751,-7.82360225538509
"Q96T37_RBM15",-0.0586698201972595,20.1667326782991,-0.780685537304667,0.459050921481308,0.526468834256156,-7.71658316946599
"Q96T51_RUFY1",-0.0431359849022499,20.5299044094477,-0.962491710444545,0.365971173233845,0.434255342217882,-7.55381139867396
"Q96T52_IMMP2L",-0.1672229892164,15.9619996069977,-2.19948345091478,0.0614540135737673,0.0925765948191868,-5.93687794153885
"Q96T58_SPEN",-0.188176749928459,18.6680346039911,-3.10493970470758,0.0158853296433667,0.0289259797144954,-4.54520274498631
"Q96T60_PNKP",-0.177927659536131,19.1584072940424,-2.72243735354091,0.0279251559799091,0.0467638245608122,-5.13458003226414
"Q96T66_NMNAT3",-0.161369800501147,15.7059834512762,-2.2245485989614,0.0646422680978768,0.0967612591799006,-5.87081471780138
"Q96T76_MMS19",0.0458671006395228,20.5702204856548,0.528851453547355,0.612282063643396,0.669304020705902,-7.89290616006443
"Q96T88_UHRF1",0.29976937761295,20.3914953124856,5.35640336039836,0.000859222029849741,0.00253479386130034,-1.39031474454116
"Q96TA1_NIBAN2",0.523539318866423,21.2467856485339,10.5744689555765,0.00000940333946104543,0.0000874147658915473,3.61073447028483
"Q96TA2_YME1L1",-0.0277683454702142,20.6501670632394,-0.436870096082971,0.674579089118241,0.724275623442761,-7.94168622314993
"Q96TC7_RMDN3",0.18046509756984,21.1691139934751,4.15700296533392,0.00370736968468909,0.00852683816805118,-2.98763881662869
"Q99417_MYCBP",-0.785285787532178,20.3901233403073,-6.93048759093754,0.000199006649365374,0.000820848468043945,0.272863247060769
"Q99418_CYTH2",0.275923710083184,16.796026015686,2.70122408068262,0.028824407520543,0.0480891519195548,-5.16736126093539
"Q99426_TBCB",0.538761885727066,21.6671564815997,5.52657356108865,0.000769674414479642,0.00232215136712898,-1.24286316357354
"Q99436_PSMB7",0.255234921424567,23.0985163189001,3.4532284687706,0.00964615525812616,0.0190419561103835,-4.01629186350013
"Q99439_CNN2",0.940583397248226,22.3249453942397,20.3239035108318,0.0000000841655644980917,0.00000451360265568421,8.77330318856747
"Q99442_SEC62",-0.594394661133443,20.1480965678413,-4.47838003453116,0.00282379433692811,0.00677745463900485,-2.63987995507861
"Q99447_PCYT2",0.415661393959123,20.9040549821826,8.49204277695274,0.000043093544237354,0.000258086218479775,1.92146760728379
"Q99459_CDC5L",-0.228395759078765,21.4318334364064,-5.03267949654606,0.0012493147677002,0.00342548238036328,-1.80133276062361
"Q99460_PSMD1",0.184666731906109,21.6282389436039,4.44352316586745,0.00256513014676393,0.00626537568923778,-2.58751504985455
"Q99470_SDF2",-0.244997021195228,18.6184001564174,-3.32905178882816,0.0115029318043043,0.0220846846010511,-4.2036616462876
"Q99471_PFDN5",0.11156413505104,21.7679004200029,2.20297370724875,0.0611297485569505,0.0921611233942845,-5.93160536582319
"Q99487_PAFAH2",1.29628460542965,17.0024898985897,10.6253846129152,0.00000909062871939839,0.0000850471365802511,3.64822277884466
"Q99496_RNF2",0.365800828802012,18.6157106840248,6.27246798549915,0.000320913454391753,0.00117462354865432,-0.304258621427609
"Q99497_PARK7",0.22221392020726,24.7014779393211,5.40563109232908,0.000812697577841082,0.0024250207050056,-1.32909357268485
"Q99501_GAS2L1",0.562391167258905,17.1281598144592,4.24742643990563,0.00329617992711309,0.00772596133301146,-2.86012753480406
"Q99504_EYA3",0.221394531553667,18.3097298760438,2.8938239836471,0.0216480553411526,0.0375410645063399,-4.8698888268471
"Q99519_NEU1",0.521002593759285,19.5363284006598,4.90745626140488,0.00147446649140775,0.00393916126928254,-1.97694374086035
"Q99523_SORT1",0.155898197673089,20.3389348366216,2.34256464426753,0.0494748786471221,0.0769227160650063,-5.71944562972271
"Q99536_VAT1",0.227460985911264,22.3793632974183,2.0674167051241,0.0768400317164701,0.112328518400052,-6.14188679042646
"Q99538_LGMN",0.441358053411669,18.6190978488103,7.67647606953985,0.0000853633180200415,0.000432560557535267,1.1627924757908
"Q99543_DNAJC2",-0.530863477522203,20.8503984856688,-9.25594564678506,0.0000238311629163821,0.000165534086887673,2.57909166557304
"Q99547_MPHOSPH6",-0.107264198825941,19.0516802603706,-1.86312973241107,0.102146301463981,0.143555944001301,-6.43429243446028
"Q99549_MPHOSPH8",0.15721219362036,21.1605151393964,3.1238040889028,0.0154558152858071,0.0282558567671673,-4.51630984418789
"Q99567_NUP88",-0.0586186350756677,20.6198212099748,-0.86149353552193,0.415808476399863,0.483288397233704,-7.64766141460982
"Q99569_PKP4",1.11622106911927,18.9724472444694,12.7647108527387,0.00000246834724321922,0.0000363060624712818,5.09035290561694
"Q99570_PIK3R4",-0.221878690021668,18.4212747143738,-3.52558054323498,0.00871424248989273,0.0174560253827032,-3.90783213009686
"Q99571_P2RX4",0.738926502779346,16.4777184903862,7.00393451838958,0.000156941890819821,0.000682504300500605,0.487517384379606
"Q99575_POP1",0.0636722853950538,20.5548817523064,1.11026585478916,0.301401338622424,0.367616834759807,-7.40224606640901
"Q99583_MNT",-0.26920979393215,15.5793642573547,-1.95494747004564,0.103170713126424,0.144808349149212,-5.99704384855509
"Q99584_S100A13",0.281548558503545,24.6371035074241,4.21125596799265,0.00345437832353626,0.00802188820590504,-2.91099821218854
"Q99590_SCAF11",-0.0627185302214635,18.991226360408,-0.859348114340743,0.416917928389723,0.484429844688701,-7.64956376426051
"Q99594_TEAD3",0.288162337618157,17.3536647169031,3.60026825387254,0.00785261516772601,0.0159834644252065,-3.79646135283385
"Q99595_TIMM17A",-0.785330845155094,18.2502978126617,-6.70755312352986,0.000208235170780788,0.00084969780523534,0.174264305263339
"Q99598_TSNAX",0.116455954009286,20.4860539294175,2.16681775513283,0.0645732251807324,0.0967009156772298,-5.98613667941495
"Q99611_SEPHS2",-0.260048003194239,19.050047284036,-3.68014743522893,0.00703132888678093,0.0145729068569528,-3.67804605203476
"Q99613_EIF3C",-0.231437372554332,18.9636259356605,-2.51877360441885,0.0379083656513679,0.0608897731229476,-5.44898549817752
"Q99614_TTC1",0.00509516992595138,21.2134897123594,0.0835684826759821,0.935599160926802,0.945323242174742,-8.04448738092025
"Q99615_DNAJC7",-0.23790301520479,21.8877688335147,-3.67671929953928,0.00706461084364616,0.0146293030429547,-3.68311280279596
"Q99618_CDCA3",-0.350152614836443,17.8679826778233,-3.87205450544227,0.00541272615021479,0.0116557641751083,-3.39668285831422
"Q99622_C12orf57",-0.325641658731371,20.5417920114766,-4.33032133841441,0.00296259462583191,0.00705053026410436,-2.74422927536739
"Q99623_PHB2",-0.762588137501247,24.5292767286031,-18.8849789605845,0.000000144167992800958,0.00000589538577012951,8.19463514162832
"Q99627_COPS8",0.195458749546766,21.2643140765668,3.21776935549983,0.0134919710904266,0.0252559804448353,-4.37276256710288
"Q99633_PRPF18",-0.674325202928038,20.4023485466035,-7.19645107671875,0.00013124289173979,0.000595604674566134,0.685727978096393
"Q99638_RAD9A",-0.28320645508208,18.2833396173291,-3.68857423967916,0.00695023247078582,0.0144278024489075,-3.6655972097001
"Q99640_PKMYT1",-0.680693585555289,17.0683586962813,-6.81343503438541,0.000188024958309405,0.000787076407760779,0.287324598049635
"Q99643_SDHC",-0.832358122476752,18.9811170077574,-3.99667961280268,0.00588968201059657,0.0125026294648612,-3.38594506346317
"Q99653_CHP1",1.01781126342229,19.2150812425909,12.3510941493061,0.00000312437511227353,0.0000425225586819314,4.83015501552385
"Q99661_KIF2C",-0.280724763902885,19.608891665614,-3.33859695995499,0.0113474908640667,0.0218560212158128,-4.1892072095295
"Q99674_CGREF1",-1.32239777902987,17.8607452872239,-12.0589683442564,0.00000370652845639498,0.0000473812696459499,4.6413605290223
"Q99675_CGRRF1",0.698234337356237,15.699736313347,5.79254400245436,0.00314376014265657,0.00741439988993671,-1.94372887907857
"Q99683_MAP3K5",0.0585974361476147,15.2730404197475,0.701166384136327,0.511973455000517,0.57630769259342,-7.67922895480639
"Q99685_MGLL",-0.689761665484902,16.1285307988457,-5.46308985397855,0.00824527675128116,0.0166437300876445,-2.74155685636998
"Q99700_ATXN2",0.164254314849391,19.1750189637181,2.91064345348534,0.0211170367119817,0.036779523982444,-4.84394866774955
"Q99704_DOK1",-0.0867816805942834,15.1447828841119,-1.56594876132262,0.158728468248365,0.211027570266923,-6.8476297675992
"Q99707_MTR",0.337440826675785,18.6720165744084,6.18816040651019,0.000349842722323105,0.00125160100940242,-0.399657918091174
"Q99708_RBBP8",-0.0913562525277278,17.8447144201711,-1.17135045987259,0.277524651113707,0.342999852644011,-7.33504365371143
"Q99714_HSD17B10",0.199130355036012,23.4628406078866,4.12441471272786,0.00386897447595036,0.00883706302224578,-3.03386860143824
"Q99715_COL12A1",0.573668642698436,16.8528813078415,1.09559091637983,0.331194917813923,0.398902382405812,-6.91790002377629
"Q99717_SMAD5",-0.357350970081772,17.7113741560458,-4.40498469415869,0.00269349067995634,0.00652858193491012,-2.64066402615164
"Q99719_SEPTIN5",-0.0719238752344715,17.2298472470029,-0.597004086909506,0.57441841828228,0.633192244848553,-7.75336855449723
"Q99720_SIGMAR1",-0.410747816142287,17.0623240340159,-1.36353880133786,0.217429704778519,0.27650398504354,-7.10637940644528
"Q99728_BARD1",0.0433265713058759,17.3835089952627,0.604425716543893,0.563493836272816,0.623680750682631,-7.84640141798129
"Q99729_HNRNPAB",-0.215053264818945,24.7716978686607,-4.54821081562116,0.00224898385749414,0.00561028901938354,-2.44420152996869
"Q99733_NAP1L4",0.365278978088792,21.8660088037397,9.25799985964494,0.000023794585592251,0.000165431095077387,2.58079667684309
"Q99735_MGST2",0.709399791852857,19.7034316348089,6.15350300356129,0.000399016860916563,0.001384544819403,-0.515603703417407
"Q99741_CDC6",-0.268740715158854,15.938601498676,-3.2760028799669,0.0124091430569023,0.0236136957945456,-4.2841421890895
"Q99747_NAPG",0.232331210517003,20.6039023074132,5.36481776306488,0.000851065405957541,0.00251875621700897,-1.37982657599872
"Q99755_PIP5K1A",0.20638717171143,18.5303402113278,2.85582325240977,0.0228998806343692,0.0394421404223307,-4.92852835004061
"Q99757_TXN2",0.164633819949508,20.1008850614609,1.64618601803551,0.14133018661686,0.190933818722528,-6.73937224305982
"Q99758_ABCA3",0.598406962030847,17.7931220872913,7.66098814864425,0.0000865270426046675,0.000436481906243478,1.14776917612767
"Q99759_MAP3K3",-0.104966509925385,15.7922437286539,-0.572421043861083,0.594689810870584,0.652888380698854,-7.12683888064405
"Q99766_DMAC2L",0.158115870410985,17.5222046560458,1.92949317201041,0.092446072006275,0.131601127396543,-6.33815348531237
"Q99797_MIPEP",-0.266416215930402,18.9130717034397,-4.33088994950888,0.00296043759089189,0.00704760197694013,-2.74343759664657
"Q99798_ACO2",0.438283653219511,22.8505465358607,8.76078591471245,0.0000348140120522837,0.000218842842334708,2.15832800733203
"Q99805_TM9SF2",-0.244961077223092,20.3168015685137,-1.84343327612846,0.10759326968556,0.150129225688566,-6.46709376633505
"Q99807_COQ7",-0.50755889570803,19.2291506539345,-8.93277702169245,0.0000304580527070883,0.000197834285986433,2.30672390166752
"Q99808_SLC29A1",-0.19634022189372,18.5988996096885,-0.988271544389675,0.357260498116141,0.424980192160051,-7.52519525074828
"Q99816_TSG101",0.622520967981774,20.5728176388683,13.1290505694431,0.00000201718387608559,0.0000314257110565534,5.31296665943368
"Q99828_CIB1",1.44566413819413,18.7236505811498,12.6190482688502,0.00000279646418395122,0.0000393887158946907,4.96163225996488
"Q99829_CPNE1",0.0950459198269051,20.8890752182395,1.38039924837662,0.20742773462628,0.265515878419301,-7.08728759262165
"Q99832_CCT7",-0.400138388612604,24.1643456692286,-7.65369458046149,0.0000870812057305732,0.000438055324594404,1.14068609225996
"Q99836_MYD88",0.230386055861274,19.0217783591695,4.47137516194997,0.00247652761965402,0.0060800652911422,-2.54923480373557
"Q99848_EBNA1BP2",-0.30469767554095,20.2909379220795,-5.5893217590203,0.000662144070868188,0.0020678675421157,-1.10358819321716
"Q99856_ARID3A",0.426843068663839,18.542918037217,4.41084925963242,0.00267351288957789,0.00648429178511781,-2.63256257694584
"Q99871_HAUS7",-0.197335991678017,16.9290396728082,-2.59082316028766,0.0340123510918746,0.0554550787577273,-5.33788097209957
"Q99873_PRMT1",-0.375561340146781,23.3896969446472,-8.53010882828012,0.0000417964858535451,0.000251904969415264,1.95539533888898
"Q99933_BAG1",0.0896011001099879,18.4811802960175,1.11092896359695,0.30113347857369,0.367349035770888,-7.40153023779779
"Q99942_RNF5",-0.109107781393455,17.7190601285354,-0.760922927230998,0.470342981916526,0.536346135001064,-7.73226546106703
"Q99943_AGPAT1",0.0613548793184826,17.5604698659678,0.514523532260867,0.621783134601525,0.677353555110169,-7.90107624700196
"Q99952_PTPN18",-0.137139862599868,15.3717745692531,-2.00734453813505,0.0822023567648129,0.119149989110661,-6.22396909368568
"Q99959_PKP2",-0.209984504857552,18.5121213217791,-2.24715027126555,0.0571703364449073,0.0870720022026361,-5.86472295264928
"Q99961_SH3GL1",0.17142710273593,20.5959045551256,2.22187669066528,0.0594030173816576,0.0900000135076445,-5.90301933335641
"Q99985_SEMA3C",0.647482256191417,16.4056336248281,8.22668463540403,0.0000534974550878365,0.000304111841104697,1.68139285476692
"Q99986_VRK1",0.343119907895733,21.173972103225,6.18932869080077,0.000349422538937002,0.00125127487342506,-0.398329850525449
"Q99996_AKAP9",1.22681859383074,19.7009211232074,24.2362393627607,0.0000000230498693691026,0.00000219146633026743,10.147024202361
"Q9BPU6_DPYSL5",0.912177658613501,16.0459785677656,3.50573847888238,0.0197417516231793,0.0347743776854798,-4.32564155058215
"Q9BPW8_NIPSNAP1",0.363714284726679,22.7024922011848,3.23708877838938,0.0141768496630074,0.0262869621006422,-4.38864990236717
"Q9BPX3_NCAPG",-0.156154848412921,20.2784646974808,-2.13234104627408,0.0680363386039728,0.101288782818911,-6.03794434945935
"Q9BPX5_ARPC5L",0.207907479992286,21.468928482261,3.44976675548572,0.00969333635831072,0.0191251663660989,-4.02149475620858
"Q9BPX6_MICU1",-0.458021148200604,19.0638591186948,-4.93555828679021,0.00140178365432148,0.00378218037416431,-1.92752632040464
"Q9BPX7_C7orf25",0.0913236686811274,17.3130035205901,1.02393633910483,0.337932163620828,0.405924200331652,-7.49276101167017
"Q9BPY3_FAM118B",-0.314745137410888,15.7725505171881,-2.34495948856257,0.0722808748800975,0.106668283728759,-5.35060567970208
"Q9BPZ3_PAIP2",-0.107050992613114,17.3132116532137,-0.312001043478828,0.765159245079814,0.80317433315996,-7.99249435047179
"Q9BPZ7_MAPKAP1",0.699774821061439,17.6992344857762,7.12333002395866,0.000140404943381068,0.000626331762234922,0.610922012366629
"Q9BQ04_RBM4B",0.211880100132571,17.7256669558128,2.47835967858352,0.0402910613522114,0.0641788089308732,-5.51120245283523
"Q9BQ15_NABP2",-0.0524769743981466,18.277316699917,-0.399597642725544,0.700853027367801,0.747204329059906,-7.95876541130269
"Q9BQ24_ZFYVE21",0.0665349810637004,18.6828976184896,0.567313368087699,0.587264295552972,0.645388272211517,-7.8698468862436
"Q9BQ39_DDX50",-0.493436353487901,20.3520906494059,-6.85787659315766,0.000180202179778645,0.000760175044918594,0.334395026278685
"Q9BQ48_MRPL34",-0.300555886883302,18.8427848000216,-3.11861753817346,0.015572668426535,0.0284383471914106,-4.52425129055175
"Q9BQ52_ELAC2",-0.960271795100535,21.4992075298265,-19.5150961416294,0.000000113362314806314,0.00000519417931576401,8.45359604246923
"Q9BQ61_TRIR",0.18907207343722,20.3444549935204,2.87431564021161,0.0222815114308578,0.0385253866658568,-4.8999872717586
"Q9BQ67_GRWD1",-0.377908782502313,20.4978741828197,-4.76189596876154,0.00172806061129894,0.00450587213216995,-2.15652157041604
"Q9BQ69_MACROD1",0.0874859188280794,21.0443676774846,0.743287538706657,0.481332819003785,0.547285712705396,-7.74509144132115
"Q9BQ70_TCF25",-0.927269437412086,19.8107906100085,-9.45723838816167,0.0000205292736046841,0.000151303929299639,2.74463131916344
"Q9BQ75_CMSS1",-0.608126567645478,20.0900873373051,-9.83279858135706,0.0000156548486709003,0.000124551024049025,3.04544024075319
"Q9BQ90_KLHDC3",0.183239362345052,16.7603702898881,1.67787679672499,0.134639968816517,0.182804641702682,-6.69567510259485
"Q9BQ95_ECSIT",-1.04885041120129,18.1508160084915,-14.9116240248486,0.000000805440855892252,0.0000169700364263614,6.32235253387813
"Q9BQA1_WDR77",-0.328446079414828,22.4406354640978,-7.10479840091888,0.000142838986613964,0.000634598908987037,0.591870913956743
"Q9BQA9_CYBC1",0.30047264080401,19.6105389398675,4.49989552505542,0.00238925376212222,0.00589256294251026,-2.51014995493474
"Q9BQB6_VKORC1",-0.0351395617286876,17.4598586510906,-0.31059394332731,0.764612599554898,0.802932960405157,-7.99414423144851
"Q9BQC3_DPH2",-0.414432516331669,19.3162950059273,-6.58241724248341,0.000235307381901611,0.000930933136026712,0.0389590348340576
"Q9BQC6_MRPL57",-0.544361495611302,18.650545317885,-4.4047425671753,0.0028224353214604,0.00677745463900485,-2.67407611257061
"Q9BQD3_KXD1",-0.226547551304186,16.5036470764486,-2.84793461539315,0.0231690995787146,0.0398246715018538,-4.9407063492838
"Q9BQE3_TUBA1C",0.460324346763098,22.3926019945707,2.55921116986038,0.0401404130132829,0.0639656361573496,-5.43966737301639
"Q9BQE4_SELENOS",-0.707004370829814,18.1517050783443,-8.79653707941032,0.0000338538644707905,0.000214611104331311,2.1893762007363
"Q9BQE5_APOL2",-0.726175218402076,18.1484954967523,-9.29955646342185,0.0000230680110828714,0.000161894109926197,2.61521902161686
"Q9BQE9_BCL7B",-0.408907735124945,17.6149106881613,-4.31267598656392,0.00303039195368629,0.00719538643269099,-2.7688194593397
"Q9BQF6_SENP7",0.528193241296844,16.4205103366638,6.7300292890806,0.000203750343100375,0.000835881936149652,0.198372757377788
"Q9BQG0_MYBBP1A",-1.02176412172266,22.1260326871984,-17.7478685638534,0.000000227015012560258,0.00000780941778785876,7.70353893904863
"Q9BQG2_NUDT12",-0.419300552937479,18.3483388249527,-6.14669052189247,0.000365127883018654,0.00128751167280477,-0.446910877892134
"Q9BQI0_AIF1L",0.708792442042739,19.1573308076116,11.2966306130555,0.00000589674596356926,0.0000638898145283587,4.12771951462416
"Q9BQI3_EIF2AK1",0.239370245704304,16.7859280805189,1.80000745649336,0.11227513934525,0.155918333003463,-6.52458885935911
"Q9BQK8_LPIN3",0.698321670564631,17.7308055739118,8.34766522272019,0.0000484402702267708,0.000283195000265041,1.79162738123277
"Q9BQL6_FERMT1",-0.387545526767965,17.3510040374278,-4.89573507552368,0.0014701263755374,0.0039317092870385,-1.97965805645665
"Q9BQP7_MGME1",0.245502058472457,18.9644194435571,3.66794977960553,0.00715052329599096,0.0147710158037228,-3.6960803533948
"Q9BQP9_BPIFA3",-0.267273710995319,17.780816444846,-2.42814790483589,0.0484318379902398,0.0754861802774106,-5.6088982611997
"Q9BQQ3_GORASP1",0.728324589727833,17.0347218532799,2.524966581695,0.0478107151279374,0.0746251383671439,-5.48518051627514
"Q9BQS8_FYCO1",-0.0914255638742567,17.6922199451686,-1.37851953816288,0.207982523814061,0.266136452915503,-7.0896274856668
"Q9BQT8_SLC25A21",-0.390144043003907,16.671022914514,-3.34772539189184,0.0112009281601095,0.0216285343114772,-4.17539162878281
"Q9BR61_ACBD6",0.294816538598095,19.4021573554101,4.75703519496323,0.00173832016341526,0.00452951804143078,-2.16299304244973
"Q9BR76_CORO1B",-0.14133319493941,23.7349453348645,-1.62301933441054,0.146226798355228,0.196606156671357,-6.77091910601512
"Q9BRA0_NAA38",0.0275052876749093,17.0897118128188,0.126832774830918,0.902622072631106,0.918932336291286,-8.03927470985542
"Q9BRA2_TXNDC17",-0.857005228563246,23.3553754454013,-14.8049297064469,0.000000848413482682894,0.0000175159720387755,6.265360091806
"Q9BRB3_PIGQ",0.543973311592062,16.9698838074812,2.43712664739117,0.0448485469592459,0.0705372308048023,-5.59338977592705
"Q9BRD0_BUD13",-0.159758548660637,16.4391963528902,-1.69738960072591,0.130805559116027,0.178202952290256,-6.6686881879868
"Q9BRF8_CPPED1",-0.66907611151759,16.2514004129243,-6.36472333574885,0.000292268425297002,0.00109615071144428,-0.200877339655651
"Q9BRG1_VPS25",-0.373284195944073,21.092566718488,-5.95862732105981,0.00044442169813037,0.00151242569842488,-0.663946784051451
"Q9BRG2_SH2D3A",0.226998201135187,16.0601851026511,2.68670664010776,0.0337240422965857,0.0550794643993624,-5.23049679935134
"Q9BRJ2_MRPL45",-0.491539703436288,20.6346656292268,-8.19810754595392,0.0000547767770908653,0.000308417889870922,1.65515994988383
"Q9BRJ6_C7orf50",0.376562429229825,22.0620402418328,7.39891060259912,0.000109175259381427,0.000518343959335288,0.88986269561539
"Q9BRJ7_NUDT16L1",-0.372137755710479,20.7274897235993,-1.66909952314046,0.144458834901272,0.194538579720091,-6.71401886158577
"Q9BRK4_LZTS2",-0.322852986368888,15.6581539563463,-2.66356975486446,0.0304951982150909,0.050445079953019,-5.22554217131581
"Q9BRK5_SDF4",-0.254484528775837,19.0329467356757,-4.12362357235157,0.00387299173432103,0.00884358304750697,-3.03499271579673
"Q9BRL6_SRSF8",0.338866491168613,16.272347485215,2.44279760141489,0.042514044390267,0.0672409693558684,-5.56587090958116
"Q9BRN9_TM2D3",-0.467332044059859,16.1268843420714,-3.23978816449197,0.0131768736073275,0.0247526057439696,-4.34396060791043
"Q9BRP0_OVOL2",0.0837996413065234,15.9595389697499,0.649775033310585,0.538257222102002,0.60011498553325,-7.75298736404401
"Q9BRP1_PDCD2L",-0.818810551942409,20.5939840946335,-11.275874798707,0.00000597410649862103,0.0000643612663293365,4.11328926599915
"Q9BRP4_PAAF1",0.146721197229272,20.6625259318024,3.07265547641921,0.0166498957912773,0.0300591282669013,-4.59470222946218
"Q9BRP8_PYM1",0.216856721884479,20.7790674480669,4.3805644527291,0.0027784492118787,0.0066930191406249,-2.67445089672422
"Q9BRQ0_PYGO2",-0.00541335660470921,18.6062853974795,-0.0635890193823548,0.950968838327376,0.958657254382772,-8.04615169653541
"Q9BRQ6_CHCHD6",0.436663606246771,18.2521689251815,7.06898326958607,0.000147677876363014,0.000650571342185493,0.554945148732031
"Q9BRQ8_AIFM2",1.15021993544535,18.9972446148729,15.2423790585393,0.00000068708284399308,0.0000151476872794532,6.49648821776019
"Q9BRR6_ADPGK",-0.0338188382148132,19.5080657822257,-0.263958720524334,0.799232466158753,0.832354387487174,-8.0089807820334
"Q9BRR8_GPATCH1",0.00302233593025747,17.9776853079486,0.0347699017386145,0.973175843759769,0.977803892686499,-8.0477569076103
"Q9BRS2_RIOK1",-0.914440764187436,17.676428107865,-13.3027347262583,0.00000183546613197394,0.000029894122911764,5.41700680026205
"Q9BRT2_UQCC2",-0.110542115252681,20.2188859105969,-2.29652676803161,0.0530483298917997,0.0815616731669756,-5.78967122634775
"Q9BRT3_MIEN1",0.185238944534397,19.2312782022867,3.64590217916494,0.00737152108389062,0.0151411799524904,-3.7287219914685
"Q9BRT6_LLPH",-0.440623947174458,20.040047510433,-6.94425899038658,0.000166014343892891,0.000710982601153903,0.425245398256894
"Q9BRT9_GINS4",0.163173279800219,18.8776033156444,2.37959322914782,0.0467778877278102,0.073208356802001,-5.66281011874857
"Q9BRU9_UTP23",-0.0711642343039962,18.8533518233052,-1.15259551972419,0.284685011243797,0.35037446529455,-7.35594493337884
"Q9BRV8_SIKE1",-0.187672161956886,18.3731306738936,-3.24301502974535,0.0130107045040994,0.0245104485106098,-4.33430949170231
"Q9BRX2_PELO",-0.00541131543849005,19.7358790159685,-0.0752601483975616,0.941987411173859,0.950863470389963,-8.04523428530714
"Q9BRX5_GINS3",0.162821486512122,19.238796232866,2.07173417215636,0.0745758868335188,0.109418247541617,-6.12851912946052
"Q9BRX8_PRXL2A",-0.0407477238870406,22.1621239745596,-0.688382244052561,0.512054613008984,0.57630769259342,-7.78819305161581
"Q9BRX9_WDR83",-0.178216594936089,16.998494742064,-1.69052396485211,0.132142904412052,0.17976729224791,-6.67819947444387
"Q9BRZ2_TRIM56",-0.158481815358126,18.412147094979,-2.14574178285453,0.0666688754931546,0.0994476303198537,-6.01783037426742
"Q9BS16_CENPK",0.0155767900365866,17.4186622683489,0.148251970260748,0.886074047348911,0.905114048366346,-8.03600939574138
"Q9BS26_ERP44",-0.232443919652439,21.4184193502052,-4.74966076387891,0.00175401313840758,0.00455499967255213,-2.17281755973424
"Q9BS40_LXN",3.87428650081028,19.5482894581829,62.0254369778302,0.0000000000216326009540669,0.0000000548458542855443,16.60862912799
"Q9BSB4_ATG101",0.121848108116069,17.3425794266293,1.19757906706447,0.267760668773184,0.332178706033084,-7.30542553764891
"Q9BSC4_NOL10",-0.75276242684652,19.0382752711635,-7.28806507209992,0.000120693034854969,0.000560776556571103,0.778639446338314
"Q9BSD7_NTPCR",0.306510624835632,20.076021972299,4.30859413240806,0.00304631514552265,0.00722715938766229,-2.77451405151289
"Q9BSE4_HERPUD2",0.208289766724331,15.826561396922,2.80419267311571,0.024723022720546,0.0421527260283507,-5.00825707529378
"Q9BSE5_AGMAT",-0.171811706202398,18.7270055607699,-2.42739413458442,0.0435153326432568,0.0687065827594997,-5.5895239145038
"Q9BSF4_TIMM29",0.310762516386205,18.2818711204682,3.14449197768257,0.0149988585574979,0.0275625315748561,-4.48465140815934
"Q9BSG0_PRADC1",-0.585817513810799,17.6357163986353,-4.47052913009895,0.00533306998525362,0.0115040641825976,-2.62928641713305
"Q9BSH4_TACO1",-0.401809429959052,22.0179397505625,-6.3322324803698,0.000302018747759766,0.00112165751731484,-0.237166819304116
"Q9BSH5_HDHD3",0.0375687776578175,19.0389427831302,0.443746477181651,0.669818653880391,0.71988705403621,-7.93834290192731
"Q9BSI4_TINF2",0.419253819742181,16.5152419769434,5.45623546638442,0.000767756312217872,0.00231728353600362,-1.26650877464829
"Q9BSJ2_TUBGCP2",-0.0551866438302078,19.3290260704951,-0.94157364483838,0.375909023051587,0.442869273440268,-7.57392622033458
"Q9BSJ5_C17orf80",0.505229405159984,16.5649959161145,2.97170554616419,0.0228194469092873,0.0393214121413773,-4.55615262097208
"Q9BSJ6_PIMREG",-0.744854645171834,16.44388453982,-7.55768468092508,0.000195525374713882,0.000811328968943692,0.501109633832728
"Q9BSJ8_ESYT1",0.345190064199059,22.6369439795922,6.28302525035571,0.000317482237643943,0.00116599222574593,-0.292374842240006
"Q9BSL1_UBAC1",-0.267164486906626,19.3235451197931,-3.61312960762839,0.00771370063214414,0.0157631399806793,-3.77734581313516
"Q9BSM1_PCGF1",-0.115811177047421,15.9702495671574,-1.00425604029143,0.346726497686843,0.415241968415387,-7.51262910088559
"Q9BSQ5_CCM2",0.123940491231167,17.3465815292078,1.21715680179695,0.26066012460999,0.324481326969491,-7.28302879611754
"Q9BSR8_YIPF4",-0.0280460938454787,19.9541249104493,-0.489810130132459,0.638351182485498,0.692525901295778,-7.914676088614
"Q9BST9_RTKN",-1.1542087893166,19.8933445774175,-16.1130153346995,0.000000459063992559353,0.0000118360702623947,6.93737661812518
"Q9BSU1_PHAF1",0.313715610654082,18.0936941637405,3.12316353058353,0.0154701967918909,0.0282715802016151,-4.51729054546476
"Q9BSV6_TSEN34",-0.361948401924696,20.0017957324087,-6.45557124991143,0.000266815078067173,0.00102030944383053,-0.100093031241895
"Q9BSY9_DESI2",-0.713581895423772,15.8556486276144,-4.55738198633415,0.00802205837282146,0.016275213652622,-2.73447853337654
"Q9BT09_CNPY3",0.358908653506898,20.4377759113189,5.48441795785146,0.000743924071858433,0.00225969907769778,-1.23180668812528
"Q9BT17_MTG1",0.0781511052762376,18.6759963439423,1.16491516193722,0.279964675934228,0.345459332439283,-7.34224173952654
"Q9BT22_ALG1",-0.479745501323663,18.2695905116732,-5.04528500192316,0.00123090211115281,0.00338231266525589,-1.78505206183717
"Q9BT25_HAUS8",-0.202241142041149,17.5788857171377,-2.01637533386281,0.0810883186347875,0.117707475275503,-6.21063416033512
"Q9BT30_ALKBH7",-0.303728024597977,16.2938647150479,-3.43415749562166,0.00990916623992886,0.0194551157513936,-4.0449702389294
"Q9BT40_INPP5K",0.41225585847662,16.8855000662853,2.32371710197636,0.0517238182029671,0.0798643838881186,-5.75437381433831
"Q9BT43_POLR3GL",0.187564516035689,15.538532970223,1.22166807570588,0.260445884252701,0.32437389808843,-7.27686120405429
"Q9BT73_PSMG3",0.400835126817956,19.4918649978245,7.29488693109067,0.000119946212974949,0.000557647246874977,0.785522049364381
"Q9BT78_COPS4",0.254276876951277,21.2172698922488,5.73620740614901,0.000563872743225469,0.00182347622660413,-0.926557978810814
"Q9BTA9_WAC",-0.566954420222398,18.5075575133916,-7.52039209610677,0.0000979429400690473,0.000477534616772547,1.01028471198843
"Q9BTC0_DIDO1",0.177880240738361,20.1152393190011,3.1697311301937,0.0144606462001492,0.0267139123550079,-4.44606860203213
"Q9BTC8_MTA3",-0.619178610801402,18.8088797240877,-8.21975483268853,0.0000538045787946011,0.000305401213665475,1.67503836766127
"Q9BTD8_RBM42",-0.0823525586649758,20.2618784824802,-0.961992626795126,0.366205950909564,0.434398387806947,-7.5542953375469
"Q9BTE1_DCTN5",-0.320375505771057,19.4570817320038,-3.90188496178815,0.00519954433869352,0.0112479335153876,-3.35336076079132
"Q9BTE3_MCMBP",-0.180280522443695,20.1003787144779,-2.49983553980118,0.0390064244723543,0.0623676402221414,-5.47815138511085
"Q9BTE6_AARSD1",0.0293116733040364,19.1705118276269,0.259051589277481,0.802690235935678,0.834850531181015,-8.0105409796806
"Q9BTE7_DCUN1D5",-0.431996386989962,18.6431536958439,-7.7050630450041,0.0000832610873064108,0.000425880181608985,1.19045899521656
"Q9BTL3_RAMAC",0.231951710281482,17.078836712394,2.06167852542668,0.0757193467935068,0.110967505146708,-6.14348076330841
"Q9BTM9_URM1",0.0623706707974812,18.3939047644836,0.314275620478664,0.762800354228299,0.801251138552747,-7.99220942259353
"Q9BTT0_ANP32E",-0.355775889716835,21.8695943843023,-6.20407268500266,0.000344167683675529,0.00123711691967678,-0.381584092189229
"Q9BTT4_MED10",-0.15755087441476,18.4605323945895,-2.02220543700996,0.0803769845821432,0.116803084587654,-6.20201606507872
"Q9BTT6_LRRC1",0.486323630536095,19.1791178321824,6.1884820948111,0.00034972696836707,0.00125160100940242,-0.399292216181991
"Q9BTU6_PI4K2A",0.624410116290392,19.2405227739101,9.95290686449635,0.0000143821892271066,0.000117282005898267,3.13951035448268
"Q9BTV4_TMEM43",0.431582521414885,21.9888469188363,9.64232214820855,0.0000179415142150935,0.000137702479434915,2.89415899562433
"Q9BTV5_FSD1",0.383754776662677,17.0414868790141,3.2212949790606,0.0134236412192783,0.025141643711852,-4.36738945287544
"Q9BTV6_DPH7",-0.0322328131597658,17.5323061543471,-0.435340070464237,0.675640468147363,0.725017127642332,-7.94242338212982
"Q9BTW9_TBCD",-0.144857255395021,21.0128353022567,-2.78114539142598,0.0255850850399393,0.0433697697378602,-5.04386217017653
"Q9BTX1_NDC1",-0.258546931126954,18.1265074977626,-4.25456514664539,0.00326589954465246,0.00766207030741103,-2.85010898236639
"Q9BTX7_TTPAL",0.674612152656447,17.8271615507956,6.41354725723682,0.000278268727114419,0.00105614368185243,-0.146588421308369
"Q9BTY2_FUCA2",-0.0124610841232773,18.9185055918433,-0.180271820568104,0.861741469407994,0.885012910655847,-8.03007205699716
"Q9BTY7_HGH1",0.0197522330529871,20.6297562930522,0.31016023219458,0.764929592987136,0.803044097206371,-7.99429479867989
"Q9BTZ2_DHRS4",0.209645153123294,20.0737638155205,2.74880249969213,0.0268479052425409,0.0452281655093612,-5.09383738030203
"Q9BU02_THTPA",0.399731501259531,18.3743091674779,5.80283511514881,0.000524720523876481,0.00172026909681229,-0.847207143194334
"Q9BU23_LMF2",1.05481678823068,19.1266863817129,12.0329981259323,0.00000376394664904481,0.0000480025366943455,4.62436846990963
"Q9BU61_NDUFAF3",0.255964606155427,19.4355305821161,3.6317660745096,0.00751707293289812,0.015415167626752,-3.74968024854051
"Q9BU64_CENPO",0.138174187232234,17.0222185521034,1.61581948632394,0.147542088734275,0.198209401224201,-6.78054541138805
"Q9BU68_PRR15L",0.146559592964859,16.6414905379438,0.320479588212209,0.76667101361248,0.804428159682235,-7.35479758933498
"Q9BU76_MMTAG2",0.17771844153453,18.6492614969058,1.38064518361665,0.208271758217913,0.266416917760754,-7.08669438752989
"Q9BU89_DOHH",-1.35313147333929,18.6539114612331,-7.51626571713812,0.000148980195847343,0.000654239820793818,0.660515858715067
"Q9BUA3_SPINDOC",0.404826829090482,17.043408578688,1.63329035381239,0.147630210702145,0.198282779904736,-6.75920880639925
"Q9BUB4_ADAT1",-0.363496916185387,16.824097144245,-3.92350432802079,0.00505072481118213,0.011001544141175,-3.32203502681773
"Q9BUB5_MKNK1",0.222617991808484,16.6718259029889,2.1298893039201,0.0682895178208378,0.101625919104929,-6.04162104736223
"Q9BUB7_TMEM70",-0.159011843082435,19.2102876357054,-2.16624771317087,0.0646290349791003,0.0967612591799006,-5.98699483194413
"Q9BUE0_MED18",0.365010719554423,18.8689972245895,5.11216478902375,0.00113808036438755,0.00316383013579374,-1.69904927342332
"Q9BUE6_ISCA1",-0.380728272749032,18.5019352591076,-2.81834505317156,0.0249155075439419,0.0424143577393066,-5.00114988162746
"Q9BUF5_TUBB6",-0.106141598710543,20.7321128905304,-2.12313965278889,0.068991355077896,0.10246987828988,-6.05173769059789
"Q9BUF7_CRB3",0.00603740875887127,15.241333618473,0.0866092999260471,0.933606232381372,0.944157559299656,-7.98454848324623
"Q9BUH6_PAXX",0.509157673000487,19.5002690186573,4.81073797550374,0.00165560651844975,0.00435577418862981,-2.10385230628906
"Q9BUI4_POLR3C",-0.412242727833153,19.3036606219498,-7.22375117858991,0.000127995079054796,0.000586111120584452,0.713508857911947
"Q9BUJ0_ABHD14A",-0.116463631315858,15.3021877680333,-1.64638771951812,0.155693196860787,0.207572735376537,-6.65733603847203
"Q9BUJ2_HNRNPUL1",0.130534968206533,21.7964869102199,2.47666660715677,0.0403941571871719,0.0643026286240329,-5.51380694576911
"Q9BUK0_CHCHD7",-0.373932028328369,15.9163195781721,-2.97197331540754,0.0279254918689468,0.0467638245608122,-4.4745603894122
"Q9BUK6_MSTO1",-0.631767601466237,20.4304000444887,-9.4895095805285,0.0000200493413112289,0.00014928285620278,2.77088564071654
"Q9BUL5_PHF23",-0.654341047352176,19.0938454777725,-11.6160652946079,0.00000483793814063627,0.0000567765074196618,4.34676163471251
"Q9BUL8_PDCD10",0.19800096499927,21.7415431062852,4.5721746923428,0.00218277610448158,0.00547746454988021,-2.41161506822602
"Q9BUL9_RPP25",-0.201949017617551,19.2035622561956,-3.70645651193334,0.00678145568890754,0.0141275683291785,-3.63920777236042
"Q9BUM1_G6PC3",0.0834048214668428,18.0394193370323,0.614592270814486,0.557403915530802,0.618289949180003,-7.83938652276557
"Q9BUN8_DERL1",0.252353187758633,21.3274152747021,1.23587615809576,0.260808920713276,0.324613426762425,-7.25684253233214
"Q9BUP0_EFHD1",-1.96020647694562,19.8214323939244,-24.7030756724744,0.000000020024673387402,0.00000200404823400763,10.2943738652675
"Q9BUP3_HTATIP2",0.455262592639073,21.2005906020534,6.9852970702217,0.000159714477615407,0.000690220634512946,0.468111753928644
"Q9BUQ8_DDX23",0.00137632679037125,21.1715486264227,0.0301183724383684,0.976763063182497,0.98037211118581,-8.04792786626779
"Q9BUR4_WRAP53",-0.0700985231444413,18.5767835133458,-0.707437713998034,0.500802301666955,0.565736270084489,-7.77405056880084
"Q9BUR5_APOO",0.225015928014408,20.7385150174867,2.75679852167244,0.0265297934056593,0.0447938825776805,-5.08148144354547
"Q9BUT9_MCRIP2",-0.643398690460575,17.5044779335596,-7.82328745630982,0.0000751617130962365,0.000395782765204218,1.30401817855438
"Q9BUZ4_TRAF4",0.222838450330794,16.8148500074597,2.86595257138612,0.0225589755566206,0.0389520018351093,-4.91289365120789
"Q9BV10_ALG12",-0.663786187680376,17.7308048162053,-3.45312777062995,0.0105645127959267,0.0205403078542482,-4.07242875831658
"Q9BV19_C1orf50",0.256458640027407,18.3553991173972,3.70389028370867,0.00680540272207658,0.0141735742344235,-3.64299249847731
"Q9BV20_MRI1",0.500087691068281,19.8194287575286,8.1979904546967,0.0000547820890370254,0.000308417889870922,1.65505230976505
"Q9BV29_CCDC32",0.273004668377787,17.379408507755,3.10604740293759,0.015859763730313,0.028900182782166,-4.54350554080324
"Q9BV36_MLPH",0.0321047345490726,19.8139874824194,0.387101760798615,0.709493570928796,0.754214968621163,-7.96439726709791
"Q9BV38_WDR18",-0.756241071674697,20.5814815836602,-16.4444207717699,0.000000395876260309506,0.0000106669646654459,7.09891396610766
"Q9BV40_VAMP8",-1.14152906628929,19.9041274689053,-22.1478467752447,0.0000000447597352614518,0.00000303966559284466,9.44675607259427
"Q9BV44_THUMPD3",0.78724623994594,20.5149706125187,15.3502292768575,0.000000652841168885113,0.0000148871965561856,6.55245538005703
"Q9BV57_ADI1",-0.21887325009623,21.1849247447302,-3.5913635489651,0.00795036677516804,0.0161469932421704,-3.80970715464757
"Q9BV68_RNF126",-0.125593224111135,18.7274948738814,-1.86663859351767,0.101609741911622,0.142907488346856,-6.42923907816362
"Q9BV79_MECR",-0.0676053392315268,19.4509743692903,-0.956311744498433,0.368886355853091,0.436964588478214,-7.55979003514314
"Q9BV81_EMC6",1.13871590397314,19.6181037469063,3.30864981426442,0.0176530201404125,0.031674657038919,-4.46918249820333
"Q9BV86_NTMT1",-0.396358962786124,20.3210101050522,-6.02105924948187,0.000416154530047453,0.00143419635502534,-0.591393855810509
"Q9BVA0_KATNB1",-0.0353693408570201,17.0182173147138,-0.379167269910148,0.715131774623024,0.759253528445382,-7.96777492003698
"Q9BVC3_DSCC1",0.334350703178092,18.428670389351,3.2508591537765,0.012864906345982,0.0242986038409584,-4.32237213430622
"Q9BVC4_MLST8",-0.0213994760078222,18.038838927624,-0.257988748537437,0.803392243839827,0.835352208700714,-8.01090473198884
"Q9BVC5_C2orf49",0.0120464650087904,18.5448820504856,0.206228968145719,0.842130836258382,0.868979397718254,-8.02441726636139
"Q9BVC6_TMEM109",0.427241281334584,19.9804422960225,3.20205037185676,0.014885560897436,0.0273807923061423,-4.44065662079606
"Q9BVG4_PBDC1",-0.279645840535292,21.9252736536977,-6.15658502159568,0.000361414617687995,0.00128011299834373,-0.435616863384237
"Q9BVG9_PTDSS2",0.143379984689137,18.5302898906514,2.08501384555493,0.0730918519831468,0.107666943384621,-6.10873071987301
"Q9BVI4_NOC4L",-0.423929698918307,19.5124186127421,-6.37418795394972,0.000289494419499608,0.00108945150713077,-0.190330548169018
"Q9BVJ6_UTP14A",-0.563118133089244,19.8309269721626,-9.33285514248108,0.0000225037917090653,0.0001596677609507,2.64270533566626
"Q9BVJ7_DUSP23",-0.899508387088272,20.1552664337399,-16.1374666633886,0.000000454030818091795,0.0000117461170149871,6.94940948647532
"Q9BVK2_ALG8",-0.795917074777559,18.9536132344818,-6.05113808418106,0.000464657254994483,0.00156575688422158,-0.669207672306321
"Q9BVK6_TMED9",-0.234960184455684,23.4172907754103,-4.94494142936593,0.00138619440491647,0.00374543326600165,-1.91527591393425
"Q9BVL2_NUP58",0.136312080577881,19.4198464059124,2.22594880958056,0.0590374727631359,0.0895927808931387,-5.89685475578663
"Q9BVL4_SELENOO",-1.04033510289163,17.5503280108846,-14.1972645100435,0.00000114859288742266,0.0000216779094335899,5.9328167841539
"Q9BVM2_DPCD",-0.840288986901136,18.8958448911536,-9.36878228374795,0.0000219123659304325,0.00015841279298075,2.67226628501717
"Q9BVM4_GGACT",0.421240816197411,17.5910321260985,3.24667961280984,0.0129423739966386,0.0244146072962385,-4.32873202453557
"Q9BVN2_RUSC1",-0.0553419125855044,17.8021509172572,-0.544989159808767,0.60167480377717,0.65950980797365,-7.88345515837871
"Q9BVP2_GNL3",-0.3762515741514,20.4329542875558,-4.50860520769838,0.00236327641305929,0.00583796050592041,-2.49823706378799
"Q9BVQ7_SPATA5L1",0.0983684425351896,18.4471116309348,1.49362351824442,0.176331543283766,0.230919028618513,-6.94300119792314
"Q9BVS4_RIOK2",-0.794148235115358,18.1191861697041,-9.73778326176486,0.000016751692744029,0.000130766116532873,2.97030190979787
"Q9BVS5_TRMT61B",-0.352504047200689,17.4108684863298,-4.97643536902808,0.00133524857944387,0.00363034374846829,-1.87424974025571
"Q9BVT8_TMUB1",0.64899050829851,17.6071662504989,4.50709661941826,0.00240800942372155,0.00592920675844159,-2.51243572346812
"Q9BVV7_TIMM21",-0.693347336660278,18.4937223566955,-5.2503778561578,0.00104544497940881,0.00295930573627963,-1.58060943171159
"Q9BVW5_TIPIN",-0.356349926370058,17.3348909174416,-2.23064572754729,0.0593460683219408,0.0899534068666165,-5.89414094442383
"Q9BW19_KIFC1",-0.0842676778310789,19.2110940618456,-1.31198368575674,0.228472787613329,0.288617176978406,-7.17120474745234
"Q9BW27_NUP85",-0.161874990787087,20.3586215817931,-2.46554267047613,0.0410782548617002,0.0652414296258282,-5.5309148709387
"Q9BW60_ELOVL1",0.162915041640709,17.7535464298149,1.52686542454312,0.168031954031975,0.221652973008533,-6.89945933934901
"Q9BW61_DDA1",0.366900091195753,17.4712593218136,1.13788938347045,0.296418817175401,0.362469698301624,-7.36709817053125
"Q9BW62_KATNAL1",0.368311264610654,16.2409581162109,4.04209725920536,0.00431229822496504,0.0096462854036677,-3.1512858735217
"Q9BW66_CINP",0.132001967625303,16.8961621250136,1.14359947997973,0.288172906186481,0.353979832760719,-7.36588706234044
"Q9BW71_HIRIP3",0.609182855707061,16.9939994346183,7.34408280286653,0.00011471096662349,0.000538907728312703,0.835009928321957
"Q9BW72_HIGD2A",0.244330320130398,19.3061860895871,1.50512598219638,0.176508540500792,0.231077449417217,-6.92826848209247
"Q9BW83_IFT27",0.234078488206457,20.1046328006568,2.82097118214626,0.0241145024365385,0.0412212510767439,-4.98234157209836
"Q9BW85_YJU2",-0.337618122164816,19.4831722908149,-5.95421748711586,0.000446497518158099,0.0015188104307292,-0.669090564653592
"Q9BW91_NUDT9",0.303666081122515,19.0558513018848,5.35556478684235,0.000860039634614857,0.00253545017863589,-1.39136052558004
"Q9BW92_TARS2",-0.205859986190294,20.1841395904074,-3.69973513715699,0.00684437019034643,0.0142391355765249,-3.64912225856597
"Q9BWD1_ACAT2",0.918465873291346,22.1075901254473,13.1173992132955,0.00000203008308198286,0.0000314476821213067,5.30593989885566
"Q9BWD3_RTL8A",0.924433510395648,17.293883484182,7.65563138925172,0.0000869336611704386,0.000437755858587193,1.14256752666964
"Q9BWE0_REPIN1",-0.517316651894362,17.9479359645162,-7.19204121533607,0.000131776110249402,0.000597667915657097,0.681232918952075
"Q9BWF3_RBM4",-0.771793275497917,20.6911767994762,-14.6436869686424,0.000000918363906698771,0.0000184790367046319,6.17845264090918
"Q9BWG4_SSBP4",-0.0271822274370663,15.4441617278487,-0.417923161956776,0.687777209996266,0.735343471918977,-7.95064119386217
"Q9BWG6_SCNM1",-0.543985344641747,16.2368689165663,-3.79302777257625,0.00788087444536464,0.0160272542864822,-3.62888321864158
"Q9BWH2_FUNDC2",1.83763357348111,20.877904382206,31.920517630525,0.00000000300986727241028,0.000000693728802240988,12.2322553031893
"Q9BWH6_RPAP1",-0.298714254865338,18.2876563434806,-4.02950253888873,0.00438486119516461,0.00978042646639941,-3.16933129936041
"Q9BWJ5_SF3B5",-0.475441849122369,20.4123301591023,-3.17599404827592,0.0159777648301642,0.029072608099786,-4.49914034940991
"Q9BWL3_C1orf43",0.42512613402932,16.4389560130853,5.52882149421363,0.00070801771484196,0.00217319723127036,-1.17735157045996
"Q9BWM5_ZNF416",-0.174262024885019,15.7128581436344,-1.91726674356951,0.0941636364270013,0.133670888141801,-6.35595263956839
"Q9BWM7_SFXN3",-2.27676649545293,18.7921562458272,-12.1119081749105,0.0000982838723489004,0.000478889899478371,1.85645470925198
"Q9BWN1_PRR14",-0.418624147547657,17.1924348320126,-3.26767891614513,0.0125580962663971,0.0238434548682517,-4.29679255881775
"Q9BWQ6_YIPF2",0.365359095879541,18.1343020387639,3.60871848365987,0.00776104516163814,0.0158386126910168,-3.78389985592849
"Q9BWS9_CHID1",-0.0673087517869746,18.4444239347401,-0.711004396066187,0.498713903684252,0.563514454944889,-7.7713659243632
"Q9BWT1_CDCA7",-0.34935381255579,15.3757744711945,-4.17224102558793,0.00721597000108079,0.0148859961562844,-3.22960537090496
"Q9BWT3_PAPOLG",-0.1789975633586,17.1218098388109,-1.47130596524683,0.188196527755885,0.244103477167677,-6.91228950915806
"Q9BWT6_MND1",0.398627133564123,16.8664967517713,3.8047475375863,0.00592925008874628,0.0125690847756422,-3.49484650964698
"Q9BWU0_SLC4A1AP",-0.0902051350997262,20.2713915047371,-1.20982544492142,0.263300456469558,0.327418500813282,-7.29144438323854
"Q9BWU1_CDK19",0.422818792772977,15.7426666363928,5.30842147914282,0.000907416384366618,0.00263830620011181,-1.45030964023253
"Q9BWW4_SSBP3",0.176164901686974,16.0659966926412,2.35750928538192,0.0483679333869529,0.0754174869498081,-5.69660302199828
"Q9BX40_LSM14B",-0.290485319638698,20.3241891213509,-4.96221695941172,0.00135798911190265,0.00368361811167317,-1.89275415579824
"Q9BX63_BRIP1",0.297600437624521,20.5402522967347,4.01465947960281,0.00447208230507352,0.00994506967284108,-3.19062525181545
"Q9BX68_HINT2",0.09305190362209,21.0359018002868,0.946322639718256,0.374232573582883,0.441372763943465,-7.56875435386185
"Q9BX95_SGPP1",-0.0998999120562019,17.8406399666507,-1.55689690642589,0.160840380763389,0.213499465285574,-6.85969331943667
"Q9BXB4_OSBPL11",0.325946213306437,19.0253247206233,6.31576137745535,0.000307099499115496,0.00113623748671092,-0.255613250277597
"Q9BXB5_OSBPL10",0.389089213045768,18.0013600107132,5.12864925450131,0.0011164051849918,0.003119536310451,-1.67794843999962
"Q9BXC9_BBS2",-0.00197063020173616,15.3498854236835,-0.0216318865483826,0.98351064932347,0.985973638955359,-7.70607374291438
"Q9BXI6_TBC1D10A",-0.335672785327663,18.5061983113796,-5.62554895246487,0.000636256078513219,0.00201171772316226,-1.05965662312701
"Q9BXJ4_C1QTNF3",-0.774085514666101,16.7898783334893,-1.13177523008616,0.312492546928134,0.379138349327706,-7.07485422070485
"Q9BXJ8_TMEM120A",-0.82953217933397,17.2969463326931,-9.66696229928633,0.0000176255484342567,0.000135825654904718,2.91387590562476
"Q9BXJ9_NAA15",-0.596539793516584,22.1055697134382,-12.9756848574996,0.00000219466422621677,0.0000332522233159458,5.21999045052235
"Q9BXK1_KLF16",-0.493551667125207,17.1871108995418,-5.39041955400337,0.000826769541826572,0.00246025396523197,-1.34797536788482
"Q9BXK5_BCL2L13",-0.247708307131266,19.1500049345265,-2.17900600236605,0.0639072085433665,0.0958356128116809,-5.97052487087697
"Q9BXP2_SLC12A9",0.806489848053189,18.0212676430302,7.97126965329102,0.0000662402992581712,0.000358338347196052,1.44424305515583
"Q9BXP5_SRRT",0.0289772421118037,21.7901014240276,0.509761836066077,0.624957810338554,0.680130076611109,-7.90374521639851
"Q9BXP8_PAPPA2",-0.765424350755605,18.1081692410567,-7.26796309836146,0.000122924094015421,0.000567754339806781,0.75832967849013
"Q9BXR0_QTRT1",-0.88488602439109,19.9249536692672,-13.2983395325767,0.00000183983022018749,0.0000299011723392009,5.41439019186372
"Q9BXS4_TMEM59",0.18979358647886,16.773012157173,1.95207555742687,0.089353223353438,0.128012924623517,-6.30517994063903
"Q9BXS5_AP1M1",0.576399351768693,19.9616966762089,10.2264136959367,0.0000118960557796613,0.000102123476591539,3.35001887381185
"Q9BXS6_NUSAP1",0.126247432900836,19.3892415102096,1.58637633253835,0.154055417037115,0.205786003158465,-6.82027679573301
"Q9BXV9_GON7",0.883741990809071,18.5603016772393,7.74764049003687,0.0000802366258073093,0.000416005300538783,1.23151501291554
"Q9BXW6_OSBPL1A",-0.488387026851207,17.0090079964833,-6.56954595782941,0.00023830756260832,0.000937696493118924,0.024936878897293
"Q9BXW7_HDHD5",-0.288903957647168,20.8828430216329,-4.55078526788861,0.00224176681282593,0.00559779329558569,-2.44069682712763
"Q9BXW9_FANCD2",0.957450552084133,19.5143197873859,10.8018073814754,0.00000809430513370903,0.0000782278079377267,3.77687133588206
"Q9BXY0_MAK16",-0.627252625193247,19.0619457925779,-4.23234334419538,0.00381773016315318,0.00875155383391896,-2.97012301325834
"Q9BY11_PACSIN1",0.241667594591636,18.0388975065177,1.96676309362104,0.0873958466964347,0.125658376176386,-6.28366754189651
"Q9BY12_SCAPER",0.991941574086866,17.5672025275258,5.88105740230593,0.000553060386877502,0.00179384959598732,-0.862304377298321
"Q9BY32_ITPA",-0.0595909864576001,20.4213679402106,-1.03625108015108,0.332517995538635,0.400369142641579,-7.48018110840538
"Q9BY41_HDAC8",-0.0589386538978296,15.4438799461772,-0.593543030903564,0.581645562985399,0.639953153777946,-7.69128375511359
"Q9BY42_RTF2",-0.030864303986526,21.2275595924251,-0.492871290857418,0.636286768662995,0.690778926984119,-7.9130255058694
"Q9BY43_CHMP4A",0.678444597681921,21.0739391579973,11.4408664716898,0.00000538931426905318,0.0000606163550651581,4.22732631281633
"Q9BY44_EIF2A",-0.268237963930027,21.6539953177282,-5.86272831260569,0.000492086660523172,0.00163441534495164,-0.776377759867649
"Q9BY50_SEC11C",-1.53703552441583,17.5226904491653,-4.99994612377119,0.00422583742085417,0.00950290352369981,-2.25324820046489
"Q9BY77_POLDIP3",-0.0862509779320391,20.9150154296771,-1.58042811820133,0.155402953013983,0.207294784395712,-6.82825982844393
"Q9BY89_KIAA1671",-0.0311790175102029,16.1163029277391,-0.346406101564016,0.738608294221443,0.780474393699402,-7.9810064469251
"Q9BYB4_GNB1L",-0.264865651583232,19.3494746731256,-4.33393067491214,0.00294893158962484,0.0070224087885681,-2.73920475608038
"Q9BYC5_FUT8",3.23987315846905,18.6778131296311,38.8284084312515,0.000000000703990918381195,0.000000333862731121553,13.6416644163404
"Q9BYC8_MRPL32",-0.424657485524268,18.9938316363252,-4.70332611905908,0.00185624321596822,0.0047762469217369,-2.23472425263454
"Q9BYC9_MRPL20",-0.537065374063648,20.0366882068842,-4.98622743020284,0.00140828921455773,0.0037983857325979,-1.91010044739748
"Q9BYD1_MRPL13",-0.510192527779509,20.6374132869755,-8.11302869735745,0.0000587932280698678,0.000324044414999576,1.5766152096632
"Q9BYD2_MRPL9",-0.606518135514349,20.5907861072854,-7.53709051887844,0.0000965026296433157,0.000471525069649385,1.02671864812231
"Q9BYD3_MRPL4",-0.538889290768633,20.0030394349605,-6.73968836606957,0.000201856175952489,0.000830350499888931,0.208715274312381
"Q9BYD6_MRPL1",-0.462473987824595,21.2732814536336,-7.83932966772305,0.0000741323082662692,0.000391562733800864,1.31932173997349
"Q9BYE7_PCGF6",-0.346162757552158,17.2215943184009,-2.79415131795019,0.0250948323697685,0.0426623368360436,-5.02376878873132
"Q9BYG3_NIFK",-0.357927329930448,19.2022061247755,-2.84746413044348,0.0239486909493952,0.0409979165791357,-4.9582305757954
"Q9BYG5_PARD6B",-0.741752542018673,21.2943866670386,-15.8603530313404,0.000000514939233046754,0.0000130120525134672,6.81194615429202
"Q9BYJ9_YTHDF1",-0.441719433462286,19.3937390740024,-6.39518209022602,0.000283445201027575,0.00107405482870043,-0.166975091936155
"Q9BYK8_HELZ2",-0.611522274521278,18.3561283210811,-4.61726399701394,0.00219037792569032,0.00549472773839069,-2.39374018402309
"Q9BYM8_RBCK1",0.508331371599816,16.7606015885188,6.53120973208552,0.000247498913826918,0.000962145383860594,-0.0169440543954558
"Q9BYN0_SRXN1",0.721105423457029,20.1570314041785,9.2938250977877,0.0000231667196347294,0.000162401907411753,2.61047949928027
"Q9BYN8_MRPS26",-0.502526851421987,20.3007776700441,-6.27037545155885,0.000321598436263773,0.00117656455325746,-0.306615724636081
"Q9BYT8_NLN",-0.78316836587571,20.950578232611,-13.6031470493385,0.00000156311660492344,0.0000269392322211451,5.59389918121209
"Q9BYV8_CEP41",-0.717597334530048,17.7661077109877,-9.57874136591658,0.000018786667077808,0.000143034424218026,2.84307744383249
"Q9BYW2_SETD2",-0.0595569347682421,17.3364417414973,-0.657711890370142,0.530497658351403,0.593289985211111,-7.81023921370429
"Q9BYX2_TBC1D2",0.695329330001908,16.4767059305221,3.81898675721764,0.00624893345285529,0.013162389322187,-3.52145783817337
"Q9BYX4_IFIH1",-0.123547882676302,17.2629187303592,-0.690573621417376,0.514741171667998,0.578817467727201,-7.72252759054559
"Q9BZ23_PANK2",0.225708931875868,16.9807718411815,2.64096313532748,0.0315460946178625,0.0518900509652816,-5.26046406159079
"Q9BZ29_DOCK9",0.488754110398155,17.1569256759376,6.26507001590533,0.000323342448506085,0.00118025718276369,-0.312594391503046
"Q9BZ67_FRMD8",-0.344487250453266,17.2989132201201,-3.14738664873814,0.0149360690404487,0.0274604160313398,-4.48022407215075
"Q9BZ95_NSD3",-0.015343156326761,18.0068037177687,-0.20747249793685,0.841194200054234,0.868248484952165,-8.02412750093931
"Q9BZC7_ABCA2",-0.505573803536105,16.640071472922,-4.01449512610949,0.00447305855256236,0.00994506967284108,-3.19086119856029
"Q9BZD2_SLC29A3",-0.161731077667927,15.9561954038396,-2.24812341989115,0.0570860692769335,0.0869610740877941,-5.86324668412729
"Q9BZD4_NUF2",0.0759565108577576,17.896593287004,0.924205168641548,0.384312758925577,0.451023429160305,-7.59036297965024
"Q9BZE1_MRPL37",-0.433448339592953,20.4282535210193,-9.33375210805949,0.0000224888093898355,0.0001596677609507,2.64344455968992
"Q9BZE4_GTPBP4",-0.278551403558495,21.5675093280927,-3.44524327418218,0.00975536087363662,0.0192126553093941,-4.02829529849389
"Q9BZE9_ASPSCR1",0.460105947239466,20.4519151440107,3.87801278930467,0.00582768677217586,0.012417802867061,-3.44256027320621
"Q9BZF1_OSBPL8",0.353668337483704,19.6708817964049,5.63801229276579,0.000627610524142736,0.00198811764074194,-1.04458369376789
"Q9BZF3_OSBPL6",-0.6313385333961,16.1831832025775,-4.75093955346638,0.00405980944529147,0.00919836480217067,-2.69070007392791
"Q9BZF9_UACA",0.159518866233611,17.336983331653,2.26719886019727,0.055459210035839,0.084754420641469,-5.83428498308814
"Q9BZG8_DPH1",-0.666405741272499,19.2016527511051,-12.0312932119038,0.00000376775103951147,0.0000480025366943455,4.62325175543548
"Q9BZH6_WDR11",0.363260955856489,19.6033234069267,5.34803749325202,0.000867417315531312,0.00255028067334022,-1.40075214072144
"Q9BZI1_IRX2",-0.774860347844445,16.4162424363955,-7.03521000507683,0.000621673483801702,0.00197430000743037,-0.427472705557984
"Q9BZI7_UPF3B",0.569522358908664,19.5065495442381,9.91268985234846,0.000014794885977705,0.000119402901860068,3.10812431447298
"Q9BZJ0_CRNKL1",-0.521810919790084,19.8502212119302,-11.0392547969898,0.00000694185879233263,0.000070399703965976,3.94702970410519
"Q9BZJ4_SLC25A39",0.0309567476788928,16.282677230247,0.198030406212526,0.848407332656768,0.874269905458255,-8.02623768994192
"Q9BZK7_TBL1XR1",-0.033472728542904,19.7009926624545,-0.518635838854688,0.619048258299119,0.675051046971053,-7.8987526713466
"Q9BZL1_UBL5",-0.00126600391980247,20.724656327755,-0.0137792924596372,0.989367554461554,0.990800476528582,-8.04833414850587
"Q9BZL4_PPP1R12C",0.628210674018181,17.5737286948986,8.64082036788869,0.0000382663876174061,0.000236053644945653,2.05335789046361
"Q9BZL6_PRKD2",-0.243122390987772,18.7181365446319,-4.34649080045345,0.00290191878063801,0.00693651610481857,-2.72173418302662
"Q9BZM1_PLA2G12A",-0.156213841714393,16.0728862669213,-1.04394545351762,0.334012942743472,0.401914640485184,-7.18026401850352
"Q9BZQ6_EDEM3",-0.349736091944738,17.5964928478992,-5.28202712514484,0.00093519516492041,0.00270288028984916,-1.4834487028101
"Q9BZV1_UBXN6",0.4197915486833,17.75158803779,4.86326394520558,0.00152856684698507,0.00405945511109234,-2.0223326043109
"Q9BZX2_UCK2",-0.803801959989801,20.0115308844199,-11.082704046962,0.00000675164145519339,0.000069389292581853,3.97780302876982
"Q9BZZ5_API5",-0.0611460159731649,22.4201052708716,-1.37710928124897,0.208399609615123,0.26649082561073,-7.09138175365034
"Q9C005_DPY30",-0.0716638008631207,20.8114894734986,-0.481427785883847,0.645320554998947,0.698492691236942,-7.91785864776136
"Q9C010_PKIB",-3.29470545713486,18.3204991760876,-30.5250539921041,0.0000250351321814952,0.000171238503032781,3.84275309331327
"Q9C037_TRIM4",0.267810248071935,16.8750361462042,2.07355095861148,0.0743711161178488,0.10913885957792,-6.12581387210194
"Q9C086_INO80B",-0.282315611062728,17.6243873065881,-3.00633074644114,0.0183449527990854,0.0327231967612203,-4.69658458305437
"Q9C0A6_SETD5",0.224917627444754,15.5442386980938,2.74805767124761,0.0268777383352573,0.0452683963193019,-5.09498835168936
"Q9C0B0_UNK",-0.167380891283898,17.177536422523,-2.05353352622291,0.0766581766476123,0.112127325304181,-6.15558501571556
"Q9C0B1_FTO",-0.144807970410991,19.0746378614142,-2.18565246445576,0.0627559561361793,0.0943323720102331,-5.95775424046974
"Q9C0B2_CFAP74",1.45832448508335,22.6823542104247,2.25638204830712,0.139102606201588,0.18825879408706,-5.62373127785866
"Q9C0B5_ZDHHC5",0.407262920675489,17.415780998115,4.47120843660071,0.00247704794568112,0.0060800652911422,-2.5494636266914
"Q9C0B7_TANGO6",-0.173336720160876,16.1862004393741,-1.65327738480101,0.139623493709089,0.188862936715514,-6.72949528815926
"Q9C0C2_TNKS1BP1",-0.800215803369721,20.0129899717824,-11.2486204014554,0.00000607743159880924,0.0000650139869768538,4.09430368301252
"Q9C0C4_SEMA4C",-1.45024677982698,18.9136088224175,-17.679159765046,0.000000233536506082441,0.00000782501614653325,7.67282453426535
"Q9C0C7_AMBRA1",-0.405529611759953,17.1046206825161,-5.35516227992962,0.00086043238200727,0.00253562522183157,-1.39186252461851
"Q9C0C9_UBE2O",-0.672911315294066,20.6987049220049,-14.9539645964161,0.000000789073703243966,0.0000168114694310185,6.34485728779945
"Q9C0D3_ZYG11B",0.661543260783553,18.4804911706417,11.884999159283,0.00000411094867223556,0.00005035084637846,4.52687166927392
"Q9C0D5_TANC1",-0.144953465960644,17.715135921059,-1.85287951889094,0.103729348976429,0.145458227934129,-6.44903459037616
"Q9C0D9_SELENOI",-0.277010324703465,20.5677068490903,-2.16544825252537,0.0668045491709276,0.0995914153261613,-5.99882002379149
"Q9C0E2_XPO4",-0.420022716765725,19.6375324505219,-6.65665076284126,0.000218804708034972,0.000881477017645124,0.119447365351274
"Q9C0E8_LNPK",0.291087813036292,20.1079860537121,4.90085202952473,0.00146114316442335,0.00391043452097256,-1.97294690936794
"Q9C0F1_CEP44",-0.610744145907194,20.4710129117719,-3.9473725710991,0.0058848572353272,0.0124958749670292,-3.41147856506442
"Q9C0H2_TTYH3",-0.195630231073299,16.2279481190302,-2.37497747448491,0.0471057871036294,0.0736306240670376,-5.6698767729498
"Q9C0H5_ARHGAP39",0.365804715535621,16.907737141223,3.73342137418042,0.00653524556674941,0.0136821023343507,-3.5994871526257
"Q9C0H9_SRCIN1",0.496399784965043,16.3660582191148,2.98459752287326,0.0194616824035857,0.0343606212538702,-4.74485876943487
"Q9C0I1_MTMR12",0.645521945380953,18.3193909650232,10.0924376034316,0.0000130476354763695,0.000109094392386461,3.24753704681427
"Q9C0J8_WDR33",-0.353913542647973,18.5530090103575,-3.94719166563388,0.00489294466120748,0.0107095646311206,-3.28778247124069
"Q9C0K0_BCL11B",-0.609910395639815,17.4556975034248,-8.7490681289444,0.0000351353331920265,0.000219769197581047,2.14812840597552
"Q9C0K1_SLC39A8",1.34122531895121,15.9643295165158,10.9586277132494,0.00083406701536734,0.00247712367000546,0.0788703930722354
"Q9GZL7_WDR12",-0.0461638869892518,20.091902528226,-0.372613903412564,0.720250542048094,0.763907582241604,-7.97013756010552
"Q9GZM5_YIPF3",0.0881903443670495,20.2601581495388,1.31688290490584,0.226906545917363,0.287067729249412,-7.16528262942434
"Q9GZN1_ACTR6",-0.10838447839026,18.0340976632043,-1.36481597932286,0.212066510294264,0.270633872029895,-7.10662846615724
"Q9GZN7_ROGDI",1.02589435461159,19.3819217115457,5.55800930474213,0.00102107208807575,0.0029087169670053,-1.44956968466443
"Q9GZN8_C20orf27",-0.171927328241157,21.3404573399489,-2.62248139939096,0.0324329802573951,0.0531763845306633,-5.28900709839189
"Q9GZP4_PITHD1",0.182494393192865,20.0650148809937,2.73564435461843,0.02738003550618,0.0459885224444019,-5.11417076958827
"Q9GZP8_IMUP",0.275865137391552,17.0237994647405,1.21449446400181,0.279334008539245,0.344904103370286,-7.182514064437
"Q9GZQ3_COMMD5",0.123103650547538,19.460291466442,2.09046115127341,0.0724915632209734,0.106937709437301,-6.10060391939408
"Q9GZR2_REXO4",-0.414742358111408,18.3877538122281,-6.36048701510666,0.000293519632485013,0.00110030080072992,-0.205601593401022
"Q9GZR7_DDX24",-0.172099464820814,20.45465204352,-1.89249585407299,0.0977385415783591,0.138050018058496,-6.39189540074902
"Q9GZS1_POLR1E",-0.603730475173887,20.14028389656,-11.5245601844743,0.00000511754161023052,0.0000589757901324444,4.28459176153289
"Q9GZS3_SKIC8",0.0724929651205919,21.2108832193518,1.26432414306938,0.244199641495402,0.305893029185446,-7.22808470041721
"Q9GZT3_SLIRP",-0.502816487570911,22.5411131582405,-9.6913982755323,0.0000173183685863556,0.000134001537607142,2.9333859559278
"Q9GZT4_SRR",1.28584065243646,18.4197359176893,18.9557498147757,0.000000140274001003974,0.00000579850028063166,8.22417031571312
"Q9GZT6_CCDC90B",0.0025400250922516,17.9496510299391,0.0218832410457796,0.983115268054115,0.98586540091158,-8.04817043663519
"Q9GZT8_NIF3L1",0.450361964942982,20.5875789367827,7.54838628656979,0.0000955417619777277,0.000468530394327915,1.03781934447315
"Q9GZT9_EGLN1",0.147854601760841,17.7274211111639,2.14640591921286,0.0666018185040284,0.0993670913184857,-6.0168327554058
"Q9GZU7_CTDSP1",0.432987628628521,17.6821775768732,1.50506714934897,0.179379909381864,0.234442585845519,-6.92854363655793
"Q9GZU8_PSME3IP1",0.0638250042674322,18.301337683926,0.605195985936908,0.563008413564913,0.62323417167439,-7.84589830864543
"Q9GZV4_EIF5A2",-0.172715147908264,16.9513251913147,-1.5436137363061,0.163985975624298,0.216842373191657,-6.87733139915577
"Q9GZV5_WWTR1",-0.451931075329053,15.5508856971563,-5.47360093402072,0.000752973237466339,0.00227808848216745,-1.24511319279688
"Q9GZX9_TWSG1",-0.336293310233883,15.8132854597048,-3.84988676391405,0.00734902234747545,0.0151112906123002,-3.55223439553721
"Q9GZY4_COA1",-0.579375028819577,17.0159345296954,-7.58521923940445,0.000092482183088473,0.000458253735876825,1.07392595054256
"Q9GZY8_MFF",-0.0116601293369385,18.2007985728831,-0.123420410673552,0.905035653377784,0.920896478875108,-8.03982143102197
"Q9GZZ1_NAA50",-0.408714891506193,21.816273788762,-8.95076575164433,0.0000300389820354486,0.00019724394563683,2.32210444156739
"Q9GZZ9_UBA5",0.537219551873417,21.0153925344885,12.4072171179895,0.00000302476377581824,0.0000416781762298434,4.86594209019331
"Q9H000_MKRN2",0.0748950790333183,18.7326027401883,1.38469881060186,0.206163615264409,0.264120002981488,-7.08192833609972
"Q9H008_LHPP",0.848310059432887,18.8876232340687,13.1417148053149,0.00000200326815107743,0.0000313872222199504,5.32059746996208
"Q9H019_MTFR1L",0.430313243547634,17.2385656617861,4.34195359712302,0.00291880661430978,0.00696375254342541,-2.72804267567856
"Q9H061_TMEM126A",-0.356635018956595,19.572103861281,-4.98241744877773,0.00132580653699466,0.00360919274172563,-1.86647300580312
"Q9H063_MAF1",-0.13316967858735,17.1061956659374,-0.579483376089962,0.580558027344225,0.639033915481935,-7.86106468381818
"Q9H074_PAIP1",0.558919001605812,21.217848155803,3.71590095216282,0.00805288500741056,0.0163290438193454,-3.74474530208176
"Q9H078_CLPB",-0.546248839491881,20.6563521049324,-8.80103227454078,0.0000337352580511674,0.000214361213648437,2.19327252075922
"Q9H081_MIS12",-0.00931384576632865,17.0667620238181,-0.112944679717443,0.913055526810495,0.927294145161111,-8.04122148029533
"Q9H082_RAB33B",0.668394316075553,18.3110432661961,7.54977005291176,0.0000954247905397324,0.000468258681835616,1.03917831888546
"Q9H089_LSG1",-0.328864599030101,20.1271912732478,-6.50039615079478,0.00025517333619427,0.000984702382087072,-0.0507341933184433
"Q9H095_IQCG",0.273482222507585,16.7579624609371,1.8057692639451,0.111312195281148,0.154750604516252,-6.5163961170276
"Q9H098_FAM107B",1.71522963199821,18.0045161940813,24.0964253481984,0.0000000240542842957179,0.00000220429983558108,10.1022732758974
"Q9H0A0_NAT10",-0.493573201978975,21.5381356710415,-11.3878877454256,0.00000556974706417959,0.0000616561621624856,4.19087582350371
"Q9H0A8_COMMD4",-0.109540181863242,19.7171692638011,-2.02341537087045,0.0802301278102696,0.11667884361853,-6.20022662564191
"Q9H0B6_KLC2",0.395634546006029,20.5033710344563,5.12494003387736,0.00112124241026528,0.00313082934153243,-1.68269306262364
"Q9H0C5_BTBD1",-0.10255073739174,15.7661948404042,-0.946929706432511,0.377754747143351,0.444699366471495,-7.53977570238622
"Q9H0C8_ILKAP",-0.075222827780717,20.0157592707348,-0.944808627492774,0.37435904723426,0.441376192395104,-7.5708381209043
"Q9H0D6_XRN2",-0.305246088113993,20.7055502174634,-6.28163049361672,0.000317933198934788,0.0011666797187041,-0.293944056297151
"Q9H0E2_TOLLIP",0.0781996704462493,19.9980172240498,0.793674541929264,0.451916166840693,0.51946114024336,-7.70586942348626
"Q9H0E3_SAP130",-0.201103118376139,18.6649258267871,-3.00042046837137,0.0185045736109049,0.0329384008622848,-4.70567481583542
"Q9H0E9_BRD8",-0.305620249242047,18.7250569653427,-5.05267544940601,0.00122024612225767,0.00336358188522205,-1.7755173619767
"Q9H0F6_SHARPIN",0.655045438217389,17.684412397406,5.14504638891268,0.00109529544860353,0.00307296834455126,-1.65699739511604
"Q9H0F7_ARL6",0.285296450726431,18.1308581929446,3.79011369887346,0.00604845254560744,0.0127861395391579,-3.51626434361009
"Q9H0G5_NSRP1",-0.108801093105335,16.3688071177687,-0.910506537853224,0.391038447027827,0.458139006175855,-7.60315513923495
"Q9H0H0_INTS2",-0.445929643235981,20.116028058914,-5.35340799764827,0.000862146443945403,0.00253870919576025,-1.39405069457956
"Q9H0H3_KLHL25",-0.354022112356681,16.3863280930573,-3.78268703150079,0.00610993473755512,0.0128981858489715,-3.52714403842764
"Q9H0H5_RACGAP1",0.179657816792197,19.453945655262,3.52415339374212,0.00873166257279118,0.0174863153050684,-3.90996616250985
"Q9H0J9_PARP12",-1.09433321463941,17.7128136287885,-5.96450760360789,0.000547553386257647,0.00177978250251097,-0.826984679537184
"Q9H0K6_PUS7L",-0.328310360450317,17.2069786689021,-3.42963987262462,0.009972585605516,0.0195594342742534,-4.05176906496952
"Q9H0L4_CSTF2T",-0.166301092544504,18.9893534162968,-2.70068868572692,0.0288474877830593,0.0481065538430057,-5.16818859478363
"Q9H0M0_WWP1",0.574716130885523,16.7379981870384,6.35927490505681,0.000293878728118391,0.0011011042394426,-0.206953717517537
"Q9H0N5_PCBD2",0.502661452798147,17.4902146358756,3.42549556279613,0.010121850138255,0.0198062238619931,-4.06354372446981
"Q9H0P0_NT5C3A",-0.0134904819190922,20.48104396977,-0.148558023882157,0.885840807094444,0.905114048366346,-8.03595808778969
"Q9H0R1_AP5M1",0.46658301287291,17.516217029603,5.81405499876023,0.000518428820478927,0.00170184273136069,-0.833902579649234
"Q9H0R3_TMEM222",-0.0318550947105614,16.5984274977057,-0.328537321329183,0.752901728366375,0.793266792297718,-7.92713092559378
"Q9H0R4_HDHD2",-0.0511250485432519,19.2140055279802,-0.611520012311083,0.559032281517578,0.619734664512855,-7.84174577233834
"Q9H0R6_QRSL1",-0.599035696816671,18.5071281198828,-5.48449632586044,0.00074385895223936,0.00225969907769778,-1.23171034260233
"Q9H0S4_DDX47",-0.983717794931557,20.4422032056606,-20.2451015415398,0.0000000865993112925391,0.00000458961609305227,8.74275570559423
"Q9H0T7_RAB17",-0.302620858811153,24.574775435077,-2.8139337521507,0.0253432193559505,0.0430269032190534,-5.01327938590492
"Q9H0U3_MAGT1",0.520752179703408,19.8295330936631,5.49355216183684,0.000736376328758879,0.00224304299420906,-1.22058277078593
"Q9H0U4_RAB1B",0.108191886650538,22.8644842206728,1.54491345440289,0.163675732281328,0.216583627231202,-6.87560898817533
"Q9H0U6_MRPL18",-0.311022225565633,19.687682689697,-5.4777459255259,0.000749491364330725,0.00227116785541812,-1.24001235923182
"Q9H0U9_TSPYL1",0.345525069933768,19.891911956147,4.19406519863175,0.00353244711309852,0.00816154093020271,-2.9352389555641
"Q9H0V1_TMEM168",-0.28011302652002,17.1642867271307,-3.1526088953078,0.014823493438956,0.027273219907281,-4.47223824276453
"Q9H0V9_LMAN2L",-0.756853042796198,18.9094714428393,-9.08352799365006,0.0000271389817466802,0.000182027420780643,2.43480963695576
"Q9H0W8_SMG9",0.632620225243386,18.3427300962896,4.7888992853421,0.00177868399663725,0.00460942776096181,-2.16613316592528
"Q9H0W9_C11orf54",0.676603905298194,19.1518027531435,6.06630166242211,0.000407903973559224,0.00141151848175226,-0.560862398863748
"Q9H0X4_FAM234A",0.438027302023524,18.2735606304154,5.62436032051502,0.000637087472210163,0.00201232861861732,-1.06109522636612
"Q9H0X9_OSBPL5",-0.0580549615453663,16.6890696995712,-0.671303096921854,0.522274637082962,0.585989215172299,-7.8005794935213
"Q9H0Z9_RBM38",-1.0182354987425,17.847715843176,-4.28949684182539,0.00410506484795307,0.00928799276002459,-2.99259904304584
"Q9H115_NAPB",-0.323956002895253,15.7593427360875,-2.85192503613478,0.0323655780891346,0.0530887614720634,-4.90073474066758
"Q9H116_GZF1",-0.186530318938633,16.6134858117563,-2.09093066000481,0.0724400521200837,0.106882451294929,-6.09990320381283
"Q9H147_DNTTIP1",0.667269312249203,19.1891988018269,11.9764065716446,0.00000389257526742908,0.0000488563159803063,4.58722145108944
"Q9H160_ING2",-1.07255054955872,16.8951142397397,-11.077891090858,0.00000677242019164826,0.000069389292581853,3.97439966652319
"Q9H173_SIL1",-0.858668314820477,18.9195515140041,-12.761649387906,0.00000247259273732895,0.0000363060624712818,5.08845667510318
"Q9H1A3_METTL9",0.162547950238029,17.9210445248525,1.41282581879065,0.198059903792706,0.255156441098801,-7.04662850641789
"Q9H1A4_ANAPC1",-0.286918961497772,19.1348294172743,-5.49996377241483,0.000731128917933053,0.00223218654036924,-1.21271113620671
"Q9H1B5_XYLT2",-0.355056070689734,18.1750084705226,-5.33980312914252,0.000875568191639611,0.00256433256280743,-1.41103494777086
"Q9H1B7_IRF2BPL",0.356407939125869,19.9407440123531,4.22675837135934,0.00338558559959708,0.00789658511822612,-2.88917322855478
"Q9H1C4_UNC93B1",-0.427101474689888,17.8828565080734,-5.09564529021097,0.00116026785939998,0.00321727937972887,-1.72023341726868
"Q9H1D9_POLR3F",-0.149192126308655,19.4247096081963,-2.69903436283225,0.0289189247613681,0.0482045456355392,-5.17074497339271
"Q9H1E3_NUCKS1",-0.313942128071989,22.3790095826832,-2.55320897774952,0.0378324215298991,0.0607844102569524,-5.41836046310464
"Q9H1E5_TMX4",-0.331499830377151,18.51642215749,-3.45978949720133,0.00955740468877013,0.0188912734050898,-4.00643410342356
"Q9H1H9_KIF13A",0.33691140036618,16.4945735712824,4.5059446177879,0.00237117891962553,0.00585558015021811,-2.50187501020897
"Q9H1I8_ASCC2",0.397677998187522,19.7022460881156,5.84856996194228,0.000499592750213213,0.00165285013402423,-0.7930787405103
"Q9H1J1_UPF3A",-0.146651920630795,15.830322052901,-1.83382828339283,0.112890765048501,0.156601706904779,-6.42789904553468
"Q9H1K0_RBSN",0.469881812448815,18.1936478577206,5.27827824769944,0.000939216276970832,0.00271210288634782,-1.48816342608081
"Q9H1K1_ISCU",-0.640313383604013,19.5068721899984,-10.0706047185905,0.0000132469407209049,0.0001101160995882,3.23072167434458
"Q9H1K4_SLC25A18",0.954803658408061,16.8901919070736,7.74367709027537,0.0000805129074426079,0.000416723836761951,1.22770081199787
"Q9H1P3_OSBPL2",-0.0152676421625948,19.0167349006095,-0.140536269541776,0.891957991764861,0.910146563638789,-8.03726812093155
"Q9H1U4_MEGF9",0.418242743847006,15.9136257689599,4.48689816666097,0.0024286020502959,0.00597604244404743,-2.52794746259912
"Q9H1Y0_ATG5",0.407672815921824,18.7597608972329,5.94569149518904,0.000450541511152774,0.00152914713691566,-0.67904272603166
"Q9H1Z4_WDR13",-0.121379445116034,18.4138053522899,-1.82175085528613,0.108682301668413,0.151482057264056,-6.49361861950935
"Q9H201_EPN3",-0.0602427105247401,18.7525992297132,-0.672315040433199,0.521665571595113,0.585435990995468,-7.79985326323106
"Q9H204_MED28",0.0244082751739683,17.2122406192305,0.263887728152659,0.799011922008179,0.832354387487174,-8.00917657502213
"Q9H211_CDT1",-0.434935456354232,17.2989888892692,-4.35804177845084,0.00285940437243002,0.00685644062317235,-2.705686842514
"Q9H223_EHD4",1.01728768027679,20.914467286602,15.3194258912307,0.000000662420108230145,0.0000149150450259569,6.53651063875927
"Q9H267_VPS33B",0.436719829084623,20.5651223377527,9.12046636820407,0.0000263890390608911,0.000178254912164421,2.46591705682418
"Q9H269_VPS16",-0.0950148075772965,18.9552233777562,-1.58878430092666,0.153512962066967,0.205169493846661,-6.8170408675096
"Q9H270_VPS11",0.391322909399626,19.3135293443129,6.73414359953324,0.000202941104608685,0.000833620599988858,0.20277950437927
"Q9H293_IL25",-0.475478199039653,17.0753405501872,-3.81376607838256,0.00585705255812378,0.0124542191101732,-3.48166040102111
"Q9H299_SH3BGRL3",0.779836545310406,21.2457051435681,4.75283313342643,0.00244246980672747,0.00600239914377031,-2.41354174083997
"Q9H2C0_GAN",0.0193255917572408,20.0929687348413,0.315351933057413,0.761138202627751,0.800389488343243,-7.99247899049644
"Q9H2C2_ARV1",0.38732054949293,16.8760287999842,3.16885066303222,0.0144790734982873,0.0267365460131034,-4.44741379485115
"Q9H2D1_SLC25A32",0.163190849959456,18.3234187081163,1.48279572802334,0.179113755311582,0.234159371416275,-6.95707287967697
"Q9H2D6_TRIOBP",1.00037627321097,17.5055622277857,12.3099312095783,0.00000319978848591958,0.0000432089029527945,4.80380924124317
"Q9H2F3_HSD3B7",0.738681142360662,17.2449413869334,7.9562272056069,0.0000670907068029395,0.000362400487413843,1.4300851751244
"Q9H2F5_EPC1",-0.563233966773669,18.4228680959663,-9.08731140330851,0.0000270610785515711,0.000181665104557149,2.43800078782843
"Q9H2G2_SLK",-0.351199673697142,19.5168517884971,-6.67192677670287,0.000215571226259237,0.000872610296395825,0.135930003511199
"Q9H2G4_TSPYL2",0.144025163586031,15.3751164260436,1.30908476368914,0.242925140736751,0.304497135867457,-7.07687817112653
"Q9H2H8_PPIL3",0.643243886510827,21.0911238573507,11.2110223781887,0.00000622329319120928,0.0000660172496685324,4.06804293352218
"Q9H2H9_SLC38A1",1.309878650507,19.5692646173458,10.1810430588269,0.0000162583151528266,0.000128013193636024,3.07038785026271
"Q9H2J4_PDCL3",-0.33818328014577,20.8919507144868,-4.57664959115432,0.00217065082389991,0.00545423527141815,-2.40553909538251
"Q9H2K0_MTIF3",-0.306859376746274,17.1397035004889,-3.85466767595649,0.00554132516492329,0.0118791767768902,-3.42198580012281
"Q9H2K8_TAOK3",1.03881835843372,19.239440127652,16.4249580119368,0.000000399302696465177,0.0000106940010891343,7.08951888875939
"Q9H2M9_RAB3GAP2",0.496810364092124,20.1723235947389,10.7703721165475,0.00000826244252972926,0.0000795495416216719,3.75408904748269
"Q9H2P0_ADNP",-0.128613975755997,19.9645219298118,-2.37855767250877,0.0468512509687063,0.0732779384881719,-5.66439570346098
"Q9H2P9_DPH5",-0.90360751877185,19.5616467634284,-13.4129672266228,0.00000172974550349254,0.0000284864414794301,5.48236023447523
"Q9H2U1_DHX36",0.0408692542402491,20.5208441485739,0.648542803400618,0.536089951159767,0.598290506483837,-7.81665659845636
"Q9H2U2_PPA2",0.444535760453846,22.0994596585036,7.35182777809083,0.000113910287419234,0.000535808068095667,0.842777582759688
"Q9H2V7_SPNS1",-0.0866750484427961,18.43596821658,-0.724596972801605,0.490914966772604,0.556467844600957,-7.76090363372397
"Q9H2W6_MRPL46",-0.407710939074448,20.8550531819989,-8.30708133822696,0.0000500744048759788,0.000289192045168333,1.75479570302869
"Q9H2Y7_ZNF106",-0.738697669580034,17.2050650303855,-9.24316805839505,0.0000240601047744482,0.000166437838620126,2.56847884180996
"Q9H300_PARL",0.411505975760488,18.6600175562045,6.9745644779654,0.000161335892773308,0.000695252578149453,0.456919214339205
"Q9H307_PNN",-0.148879242143721,21.4717962991623,-1.92838029857442,0.0926011442137378,0.131723265922889,-6.33977516635652
"Q9H329_EPB41L4B",0.4735416467073,17.095357941779,5.96915964868684,0.000439507084760369,0.00149905420927685,-0.651671715795724
"Q9H330_TMEM245",0.457247231775561,18.7639615089163,5.61650520993811,0.000642612103459877,0.00202557300410933,-1.07060707344224
"Q9H334_FOXP1",0.663950169626098,16.4865390115966,5.85064741049157,0.000498483476440867,0.0016513350704744,-0.790626564663787
"Q9H3C7_GGNBP2",0.0465715035495009,16.6885937397446,0.623058398041636,0.551820463138684,0.61308011139831,-7.83406888017503
"Q9H3F6_KCTD10",0.10664328639303,16.8808062305365,0.77135556416628,0.464235116165728,0.53129285187429,-7.72417257478349
"Q9H3H1_TRIT1",-0.601927111397551,17.022622410077,-7.21779501928739,0.000128695931647115,0.000587288161935932,0.707454647647982
"Q9H3H3_C11orf68",0.284551141197866,19.2097508742756,3.24768721300989,0.012923652955274,0.02439139066447,-4.32719865678005
"Q9H3H5_DPAGT1",0.514882954686353,18.9863292305425,3.64492073150726,0.00801132366219454,0.0162577715514012,-3.78262912144896
"Q9H3K2_GHITM",-0.277332036713339,21.3187554000819,-2.22831536275104,0.0609382631796456,0.0919088696697174,-5.90578354551177
"Q9H3K6_BOLA2B",0.14115957485307,22.2388596227992,2.51446637203315,0.0381552942951409,0.0611997402802281,-5.45562050842779
"Q9H3L0_MMADHC",0.0144716039204091,18.0484439465027,0.19206239091654,0.852819957157869,0.877984379282993,-8.02759668442445
"Q9H3M7_TXNIP",-0.443668031706117,18.7534739160671,-4.79149640521112,0.00166700061768237,0.00437796211945666,-2.11718540309643
"Q9H3N1_TMX1",0.354889705258326,22.813916804518,7.2074279621799,0.000129926060680678,0.00059103924493854,0.69690782454998
"Q9H3P2_NELFA",0.168645516306576,20.3377967794788,3.56778167539519,0.00821560212938013,0.0165970437705353,-3.8448281800094
"Q9H3P7_ACBD3",0.394127059488259,20.0440649073764,7.08592922710749,0.000145365901039621,0.000643173511255951,0.572434161740718
"Q9H3Q1_CDC42EP4",-0.116987867921143,19.5136898359154,-1.57605389535128,0.156400800385538,0.208406532538963,-6.83412090228655
"Q9H3R5_CENPH",-0.337048015135149,17.6019665658974,-5.04939134256653,0.00122496874768392,0.00336966086614247,-1.77975335934334
"Q9H3S4_TPK1",0.455140001893501,15.925617987506,2.53813217704239,0.0738219453306483,0.108479466032633,-5.0384325474151
"Q9H3S7_PTPN23",0.126606425024985,19.7602565269829,2.63967444357803,0.0316071159881186,0.0519791836120282,-5.26245452721139
"Q9H3U1_UNC45A",0.416811822833509,20.9272358381692,8.42889139821006,0.0000453461976704351,0.00026736680579948,1.86490177273389
"Q9H3Y8_PPDPF",-0.0912275870536305,19.3313503329835,-1.12707794271477,0.294669285640946,0.360695491086009,-7.38400335364304
"Q9H3Z4_DNAJC5",0.458395936437238,18.7551967736809,5.48889294734918,0.000740215675399354,0.00225113171814774,-1.22630648875567
"Q9H410_DSN1",-0.0218630118062144,17.9011335652401,-0.319459204165752,0.758143661248357,0.797902405902173,-7.99102167353741
"Q9H425_C1orf198",0.130383188853873,17.8298276849961,1.10140868225597,0.304997587479009,0.371169864058455,-7.41177800756331
"Q9H444_CHMP4B",0.433957557623543,21.4208321726004,8.18358178320679,0.0000554401808486078,0.000311201487479344,1.64179704034474
"Q9H446_RWDD1",0.256696040336266,19.3249942659177,4.02854871781479,0.00439041022685051,0.00978993262545441,-3.17069877498117
"Q9H467_CUEDC2",-0.218173105806773,17.4242622742466,-3.12251611964627,0.0154847465212,0.0282913720971048,-4.51828176598947
"Q9H469_FBXL15",0.0495083210292329,17.0287777029962,0.550068506555573,0.598357032784646,0.656440731481324,-7.88042616113031
"Q9H477_RBKS",1.07128193749797,18.4125791629519,9.73980340743286,0.0000167274913087696,0.000130759813868964,2.9719061483494
"Q9H479_FN3K",0.432793469471761,18.2282419759354,6.39173657843974,0.000284428260160588,0.00107683491626751,-0.170804443751875
"Q9H488_POFUT1",-0.10101411190065,19.366379097037,-1.74349147250567,0.12214928904803,0.167792575853227,-6.6043884756063
"Q9H490_PIGU",0.0731697830007967,18.5879937124512,0.809663190997909,0.443201373770437,0.510446645805261,-7.69252015095294
"Q9H497_TOR3A",-0.820824214118076,18.8191579722017,-8.58978019309335,0.0000398504683429157,0.000243455953587323,2.00832640296668
"Q9H4A3_WNK1",-0.566900149743475,19.1446801845212,-10.1633825146825,0.0000124229355651804,0.000105810579965019,3.3019549012885
"Q9H4A4_RNPEP",0.3406142557807,22.179728066437,5.61482410655324,0.000643801331181501,0.00202764096271905,-1.07264382376182
"Q9H4A5_GOLPH3L",0.0468747476206488,19.2785865911942,0.699095896743765,0.505708560880539,0.570093273166945,-7.78028332959485
"Q9H4A6_GOLPH3",0.543100709858724,20.8723455064721,6.53097254521662,0.000247556996609937,0.000962145383860594,-0.0172037187248879
"Q9H4B0_OSGEPL1",0.096987569249805,15.2808487397162,1.15156486976296,0.307509807019782,0.373748736368243,-7.18897912213839
"Q9H4G0_EPB41L1",-0.0573934021100833,17.9724116822956,-0.841295403309774,0.426337095282721,0.494317065048838,-7.66541657171025
"Q9H4H8_FAM83D",-0.700767050551711,18.8044467238463,-11.2623253924131,0.00000602522450587482,0.0000646373167724738,4.10385596260253
"Q9H4I2_ZHX3",0.0326072589467934,17.6453133230599,0.430340148625959,0.679114358547138,0.728231187242286,-7.94481517209195
"Q9H4I3_TRABD",-0.488666248584849,18.0661737868554,-5.09062599250796,0.00116710342732599,0.00323387565327558,-1.72667765774302
"Q9H4I9_SMDT1",0.24594925137243,17.6128278790062,2.80338832059427,0.0247525936906775,0.0421936861522397,-5.00949956918195
"Q9H4K7_MTG2",-0.0114738361610609,15.7167099018201,-0.124773989877259,0.904000232760419,0.920089090107821,-8.03963151155383
"Q9H4L4_SENP3",-0.474964179984685,19.3961333571143,-6.81439378790153,0.000187852247641793,0.000786786451301473,0.288342448818655
"Q9H4L7_SMARCAD1",0.10747280113668,18.1581821210025,0.504780050081071,0.629841134686798,0.684758672159489,-7.90493375614466
"Q9H4M3_FBXO44",-0.225645108769434,15.9668431370556,-2.19430520779446,0.0619382678334836,0.0932506858949874,-5.94469721678963
"Q9H4M9_EHD1",-0.115058528928181,21.116325048313,-1.71055358419779,0.128276773110701,0.175115502633585,-6.65040406401323
"Q9H4Z2_ZNF335",0.550748708562832,16.1315314997146,4.73485394012438,0.00178599406303872,0.00462643429453584,-2.19256727713182
"Q9H4Z3_PCIF1",1.14953351816326,18.4896685301146,15.3500393565707,0.00000065289974672036,0.0000148871965561856,6.55235716975875
"Q9H501_ESF1",-0.695284879669909,19.0386006440245,-10.0009870846298,0.0000139057051232094,0.000114466226371353,3.17688579108163
"Q9H553_ALG2",-0.104964158079596,18.6212155421056,-1.33158181807945,0.222262913796009,0.281708335666129,-7.1474326834252
"Q9H582_ZNF644",-0.0891579072232744,16.476912229356,-0.883416942135789,0.404592482545727,0.471983193595521,-7.62800031495319
"Q9H583_HEATR1",-0.78371576830439,21.4589124259457,-4.71592260533279,0.00254475205476982,0.00621959644234551,-2.45908909976713
"Q9H5H4_ZNF768",0.457458481290903,17.7615928748822,4.52138041863192,0.00232573053134244,0.00575830287154641,-2.48078294838563
"Q9H5I1_SUV39H2",-0.177024873656691,16.9669033627854,-1.21198579203302,0.267997893235336,0.33241878277038,-6.99791828217094
"Q9H5J4_ELOVL6",0.36401597958521,15.3381462237706,4.00141207156697,0.0129985525704965,0.0245023521316471,-3.75259427434495
"Q9H5K3_POMK",-0.399178636293861,16.993771302837,-4.90645092667253,0.00145138296104147,0.00389237340597914,-1.96560794391282
"Q9H5N1_RABEP2",0.621924132061501,18.9296339694517,10.8322112932328,0.00000793534268702984,0.0000772105795526455,3.79884879606662
"Q9H5Q4_TFB2M",-1.34972995616668,20.2298896657417,-12.8845707311955,0.00000275129335062173,0.0000388965375926188,5.00749703087067
"Q9H5U6_ZCCHC4",-0.744017498983681,17.9130410382804,-0.997720716577962,0.371925224225582,0.439332700024814,-7.43700725037765
"Q9H5V9_STEEP1",0.524654170689249,18.5129339963458,5.28808121859977,0.000928741511275172,0.00269002587005292,-1.47583899372103
"Q9H5X1_CIAO2A",-0.0813801264973648,20.0504625701457,-1.60182181889557,0.150606307803711,0.201745610629628,-6.79947865528338
"Q9H5Z1_DHX35",-0.390122267527421,17.3166778102133,-4.95850839061384,0.00136399034138701,0.00369462625946924,-1.89758536370138
"Q9H633_RPP21",0.0889290380903347,18.4122119091579,1.16078159934157,0.28154125550352,0.347066902651503,-7.34685079134022
"Q9H668_STN1",-0.108977828318903,15.53970440053,-1.64148588822938,0.142072668637672,0.191800624362466,-6.74562486034525
"Q9H6A0_DENND2D",0.543912251880833,17.5789843770414,5.35661806271394,0.000859012834343484,0.00253479386130034,-1.39004700598473
"Q9H6D7_HAUS4",-0.218822026833827,18.5308989818037,-3.63626529330347,0.00747041459389214,0.0153277511198121,-3.74300718617927
"Q9H6E4_CCDC134",0.280610179096399,18.248449230434,2.47019775693878,0.040790549989826,0.0648657585663008,-5.52375655518585
"Q9H6E5_TUT1",0.019216080447876,17.8783631698261,0.238064487833982,0.818241647796639,0.848690211057979,-8.01645768158891
"Q9H6F5_CCDC86",-0.246166108237706,20.3917447793433,-2.73264832618955,0.0275027211413393,0.0461574794794852,-5.11880062610278
"Q9H6H4_REEP4",0.398700148586585,18.6553481577414,6.81483276026322,0.000187773229864011,0.000786786451301473,0.288808444132606
"Q9H6K1_ILRUN",-0.642574951169689,17.7736328890001,-5.52960172370746,0.000707404181041934,0.00217219063423696,-1.17639712724897
"Q9H6K4_OPA3",-0.0173219186836242,18.9734987886388,-0.245811719645555,0.812457912396664,0.843510084860637,-8.01435064827552
"Q9H6K5_PRR36",0.22457842004912,17.6053335804375,1.90051154125789,0.0965676183017908,0.136599089604505,-6.38028223160672
"Q9H6L4_ARMC7",0.212228079119832,16.4745992215521,1.78355162033906,0.11506916941851,0.159159138497397,-6.54793042060486
"Q9H6L5_RETREG1",0.662449609279594,15.7963447185963,8.18193123085996,0.0000555161312005475,0.000311398004359413,1.64027739540569
"Q9H6P5_TASP1",0.184819297885408,16.5297535603514,2.05595747077867,0.076377591252403,0.111824438703711,-6.15198417728996
"Q9H6Q4_CIAO3",-0.0127242500239824,18.4086155107168,-0.167447673771041,0.871469347342999,0.893314805376125,-8.03258792114379
"Q9H6R0_DHX33",-0.92872222696527,18.611984533506,-8.38769747954494,0.0000468867263266325,0.000274957934032665,1.82781395059536
"Q9H6R3_ACSS3",0.22078669361548,19.623456580772,2.98787400077803,0.0188482796671295,0.0334328393535883,-4.7249774406064
"Q9H6R4_NOL6",-0.785813705559022,20.0988143507648,-12.7367803902026,0.000002507386925199,0.0000366049615221951,5.07303703029595
"Q9H6R6_ZDHHC6",0.487518590691984,16.9449924960609,3.42866673306668,0.00998630343384939,0.0195762432777986,-4.05323386433091
"Q9H6S0_YTHDC2",-0.306169696966773,19.4401554799513,-6.0692341871331,0.000395705907496789,0.00137493793166769,-0.535751935437126
"Q9H6S1_AZI2",0.0676270130621965,15.4283238763799,0.768239876399918,0.469503778190411,0.535951633936104,-7.66314310227934
"Q9H6S3_EPS8L2",0.0865229274297477,20.3635340616277,1.24233463001385,0.251760928562299,0.314432450352191,-7.25387051328007
"Q9H6T0_ESRP2",0.0148707273509352,20.2979644459934,0.217252500025264,0.833837446661477,0.862004618312025,-8.02178858400344
"Q9H6T3_RPAP3",-0.560561482137782,19.300005230003,-9.79287677554854,0.0000161055461245377,0.000127207515951359,3.01394824355233
"Q9H6U6_BCAS3",0.316470398100059,18.6707284356607,4.21518782903511,0.00343678762088811,0.00798661981193859,-2.90545961644313
"Q9H6U8_ALG9",-0.119345904887727,17.9214144521318,-1.7602104899966,0.119145686199604,0.16414093266332,-6.58088994644099
"Q9H6V9_LDAH",-0.537668399460053,18.416624670383,-5.84287500613635,0.00050264769514912,0.00166078990847272,-0.799803854032438
"Q9H6W3_RIOX1",0.0548762802371741,18.6999810217421,0.930308474896208,0.381343914614975,0.448230847560114,-7.58461467328517
"Q9H6X2_ANTXR1",0.355428512159246,16.3879983260935,4.15319167209066,0.00372588523888961,0.0085668328678943,-2.99303803674991
"Q9H6X4_TMEM134",-0.133640195911456,15.8157973563078,-1.33394820245825,0.221523070435248,0.280817412288416,-7.14454759481009
"Q9H6Y2_WDR55",-0.548112209795686,19.397898596506,-7.40477840675319,0.000108600729047628,0.000516583580447944,0.895714519366598
"Q9H6Y7_RNF167",-0.427234362190102,16.9646887067916,-3.47150470413113,0.00940109829266917,0.0185968149841461,-3.98884329928402
"Q9H6Z4_RANBP3",0.066910096368801,20.0421050291275,1.33719738289504,0.220510701285648,0.279767205000607,-7.14058108143699
"Q9H6Z9_EGLN3",0.260270078523124,16.721851047071,2.22339194282449,0.0833646392840087,0.120477189130566,-5.78678829785118
"Q9H773_DCTPP1",0.182847723055062,21.8270678435969,2.69816580926556,0.0289565039629538,0.0482566102415046,-5.17208711875596
"Q9H788_SH2D4A",0.153860365100211,16.9058313082085,1.52529572811481,0.168415763576601,0.222028261697887,-6.90152678111397
"Q9H792_PEAK1",0.0331246435922452,16.221196192167,0.175719684813335,0.865453889965158,0.888345787729418,-8.03086972403773
"Q9H7B2_RPF2",-0.335400603358952,19.8205768673185,-2.9306955973772,0.0210566521124701,0.0367220784744448,-4.82732784649725
"Q9H7B4_SMYD3",0.838985709050132,18.8820445552648,10.4380331291079,0.0000103027500385616,0.0000934117168040016,3.50946897459073
"Q9H7C9_AAMDC",0.490153152283998,19.624609409184,7.89805453598851,0.000070496502233348,0.000376807024586679,1.37512963249357
"Q9H7D0_DOCK5",0.624836763048364,17.4870512380718,7.42488799744852,0.00010665725300933,0.000510210733577964,0.915742102919889
"Q9H7D7_WDR26",-0.0756906972471185,20.1235070883643,-1.405075032291,0.200264456020891,0.257603830964806,-7.05639712815906
"Q9H7E9_C8orf33",-0.337684797281661,19.9923361945597,-6.66835109456462,0.000216323289699114,0.000874537663370541,0.13207433751055
"Q9H7F0_ATP13A3",-0.0813938910140735,16.2615290507638,-1.04725035343771,0.327739723386584,0.395178873823455,-7.46885000209954
"Q9H7H0_METTL17",-0.304334463013831,17.7399655306677,-2.58605536569006,0.0342569787141682,0.0557821837079776,-5.34523903861237
"Q9H7L9_SUDS3",0.113584400400672,19.5463346790862,2.19275341492279,0.0620841270455951,0.0934517851392828,-5.94703969597975
"Q9H7N4_SCAF1",-0.188971630526687,18.0473245872903,-2.1652166641234,0.0647301014745887,0.0968595616399216,-5.98854686391477
"Q9H7P9_PLEKHG2",0.271887509582989,15.643778792236,4.64717361308967,0.00198898648188856,0.00505791747952002,-2.31015947480384
"Q9H7S9_ZNF703",-1.24092372653229,16.8685447729115,-10.6207798052791,0.0000752434760038521,0.000395782765204218,1.89369834160599
"Q9H7U1_CCSER2",-0.252358344829592,15.9494158034753,-1.66264559469875,0.145043905289463,0.195222782451187,-6.662766686741
"Q9H7X0_NAA60",0.0770246769064169,15.2483978610446,0.929331198454008,0.40026195509429,0.467812314117971,-7.41599905391198
"Q9H7X7_IFT22",0.328788109715198,17.7300045720964,4.5383974044264,0.00227672822521055,0.00566463685997756,-2.45756956518025
"Q9H7Z3_NRDE2",0.382199928923878,18.1824537858736,5.98004800897166,0.000434489688132483,0.00148460402872222,-0.638996800079113
"Q9H7Z6_KAT8",0.209989717262491,18.7179957283901,2.92522521210181,0.020667704709077,0.036162632499378,-4.82146764028604
"Q9H7Z7_PTGES2",-0.252376408281787,20.8041672518015,-4.69985173805937,0.00186416828661221,0.00479339553345924,-2.23937865969343
"Q9H814_PHAX",-0.303860077060651,20.2241867498578,-4.23147578674467,0.00336494891897384,0.00785809072082132,-2.88253843563091
"Q9H816_DCLRE1B",0.337416685610744,17.0301800702791,3.45082329575132,0.00967891023622993,0.0191016583437376,-4.01990666618279
"Q9H832_UBE2Z",-0.255389155366348,21.8119383463604,-4.11137044640259,0.0039357929624209,0.00895740313350489,-3.05241378562558
"Q9H840_GEMIN7",0.210520651572303,18.30177694747,1.93622142820167,0.0915138775944972,0.130493916944834,-6.32834244664468
"Q9H845_ACAD9",0.259564408807204,21.3453196539156,5.60415926473822,0.000651402746197065,0.00204565205927947,-1.08557376782373
"Q9H857_NT5DC2",0.255438289540681,18.9928874763537,3.20642650039806,0.0137143201778014,0.0256078052362143,-4.39005586743741
"Q9H867_VCPKMT",0.53160455032021,16.4199673058285,5.62546895528772,0.00105111965329054,0.00297052762130098,-1.39108184262245
"Q9H871_RMND5A",-0.586553889902408,17.8586524782672,-9.07614708935878,0.0000272916863484291,0.000182863008674582,2.4285808702379
"Q9H875_PRKRIP1",0.0944314809826459,17.5338549940475,1.02935493723835,0.335541479057508,0.40337102729752,-7.4872396492738
"Q9H892_TTC12",0.0432307225752773,16.5411387161772,0.525644136154378,0.614402125427006,0.670850210450446,-7.89475314960209
"Q9H8G2_CAAP1",0.287216612377591,17.9710039621061,4.36797391528595,0.00282339145139244,0.00677745463900485,-2.69190349447094
"Q9H8H0_NOL11",-1.25602307192218,19.9014248763723,-14.029848288391,0.00000125123602713744,0.0000232687071452502,5.83873672962075
"Q9H8H2_DDX31",-0.474949348390673,18.8777063440504,-5.76770996800197,0.000544971419990287,0.0017740354177756,-0.888966309346796
"Q9H8H3_METTL7A",1.53011570623315,19.392109155582,19.8385098690423,0.000000100494319165549,0.00000489974225367413,8.58309756533107
"Q9H8K7_PAAT",0.201867382704474,16.302167727244,1.32736752053823,0.223862472486915,0.283546705368106,-7.15243670082082
"Q9H8M1_COQ10B",0.0301263669845593,15.7538247289937,0.339580246661351,0.743538126048804,0.785029287441311,-7.98361774971158
"Q9H8M2_BRD9",0.0440688669714788,17.8344396618308,0.512304757264116,0.62326136113778,0.678672285299063,-7.90232276580037
"Q9H8M7_MINDY3",-0.0571340676068495,18.5390272938711,-0.67852092078505,0.517940092334909,0.581898425745837,-7.7953783919723
"Q9H8S9_MOB1A",-0.437661861180395,18.36342054628,-6.95397044194435,0.0001644988356799,0.000706880307447072,0.435406541072888
"Q9H8T0_AKTIP",0.412661338285069,17.953804516911,5.2195333885197,0.00100478554848265,0.00286876834900865,-1.56229943586193
"Q9H8U3_ZFAND3",0.297853375515064,16.4192020811836,2.44570570519321,0.042327654273525,0.0670019018531594,-5.56140346904632
"Q9H8V3_ECT2",-0.146040429772935,18.9930716112126,-2.29986336339691,0.0527808142990735,0.0812324713797558,-5.7845892842377
"Q9H8W3_FAM204A",-0.0658880841990452,18.2584018707393,-0.728075502534754,0.492119249161814,0.557583645035716,-7.69503717342771
"Q9H8W4_PLEKHF2",1.66019916421376,20.4990853153804,27.882133465015,0.00000000819040712311991,0.000001245924731569,11.2202942764066
"Q9H8Y5_ANKZF1",-0.26964958430441,18.3901223813357,-4.13897625885364,0.00379583678870188,0.00870661478132283,-3.01319363871615
"Q9H8Y8_GORASP2",0.0835651239429929,20.5757597693092,0.735548595154641,0.485348490982206,0.550896973945778,-7.75160114657351
"Q9H900_ZWILCH",0.463444417542416,18.8481797527581,5.97704128515487,0.000435868811453005,0.00148797943443068,-0.642495332630551
"Q9H910_JPT2",-0.407716400789585,22.4731614005666,-8.93751804789828,0.0000303469706598653,0.000197281246870885,2.31078008029849
"Q9H920_RNF121",-0.314459309320178,16.4649904913482,-1.46175020899868,0.186995043582799,0.242710631653715,-6.98411560400615
"Q9H936_SLC25A22",0.222133201376199,19.8410152707021,1.29513071129002,0.237993018053479,0.299054170711178,-7.18928228516732
"Q9H939_PSTPIP2",-1.25055055809313,17.2457334916043,-14.6472239193174,0.000000916761254603336,0.0000184790367046319,6.18036914376638
"Q9H944_MED20",0.313815655056803,19.1004791654125,3.29346885453637,0.0121026687597467,0.023099849080711,-4.25761740632344
"Q9H967_WDR76",0.300075551320226,18.0680943237615,4.29667477649492,0.00309333665124174,0.00731589507753254,-2.79115607072789
"Q9H972_C14orf93",-0.230138279279245,16.396575911473,-1.38063471265832,0.221274028168979,0.280595241456027,-6.56994088598415
"Q9H974_QTRT2",-0.426449331835947,19.2540494923776,-3.70112292990588,0.00708448435826041,0.0146611410403767,-3.67065747089035
"Q9H977_WDR54",-0.0324307185473245,17.7845982941375,-0.397764694725205,0.70194687767436,0.747969732640961,-7.95975238913119
"Q9H981_ACTR8",0.0536672520065977,17.8205200225325,0.722154885526327,0.492221236318665,0.557616133964814,-7.76289706236031
"Q9H993_ARMT1",0.822666373464902,23.7053598854971,15.2442337825895,0.000000686477088063068,0.0000151476872794532,6.49745403599658
"Q9H999_PANK3",1.53596436732915,17.1318904661319,13.3489204690096,0.00000179030714348597,0.0000292840346953856,5.44445237013711
"Q9H9A5_CNOT10",0.0152060726949657,18.6616253263417,0.274625088498957,0.791058588003005,0.825575140004234,-8.0059326092225
"Q9H9A6_LRRC40",0.381794191694933,20.1254036624631,7.56927935652353,0.0000937925865196726,0.000462337273537673,1.05831733038275
"Q9H9A7_RMI1",-0.159076138928793,16.5538225593176,-1.8832107662373,0.0991120174396106,0.13973049205666,-6.40532615786111
"Q9H9B1_EHMT1",0.2558217010234,19.1337084562456,3.21731336640756,0.0135008354928881,0.0252613418841099,-4.37345757400225
"Q9H9B4_SFXN1",0.512965773300898,23.3722267577502,8.43069551618405,0.0000452800388401484,0.00026736680579948,1.86652262659798
"Q9H9C1_VIPAS39",0.570479425373225,20.3108099012686,7.10974649411866,0.000142184496728211,0.000632429989540801,0.596961386779371
"Q9H9E3_COG4",0.249964758214016,19.9232402211204,3.90470721040067,0.00517985058664586,0.0112148999607254,-3.34926799180574
"Q9H9F9_ACTR5",-0.332350188939035,20.0897627527287,-4.45506635062701,0.00252799552858104,0.00618310034524051,-2.57163656750567
"Q9H9G7_AGO3",0.229606517207923,16.2377984350478,1.20704785006119,0.303475821028944,0.369554450007388,-6.58660682538856
"Q9H9H4_VPS37B",0.610003071136564,17.2422264384656,7.28165295499866,0.000121399742128561,0.000563371835649684,0.772165721506781
"Q9H9H5_MAP6D1",-0.883777155185282,16.44014929273,-8.54185531554417,0.0000414051264769189,0.000250339739255521,1.96583935000806
"Q9H9J2_MRPL44",-0.517954813456477,20.1423516867583,-9.21974188179529,0.000024486291506904,0.000168851072712159,2.54898861127875
"Q9H9J4_USP42",-0.310975863484273,15.9901089448882,-3.970424499668,0.00474336436150261,0.010433206863386,-3.25425830746309
"Q9H9L3_ISG20L2",-0.477214086688097,17.5212158858879,-4.08981490522497,0.00404897382443129,0.00917928313222785,-3.0831101429415
"Q9H9L4_KANSL2",-0.191427266620197,15.2774379164494,-2.27569793470799,0.0675178662578168,0.10053658785375,-5.80496518837653
"Q9H9P8_L2HGDH",0.400028278732304,20.3475745362978,7.90052700431049,0.0000703478679216819,0.000376276992554369,1.37747197776426
"Q9H9Q2_COPS7B",0.0898723016326315,19.3927987175052,1.40900875583527,0.19914289436642,0.256421339859657,-7.0514431893851
"Q9H9Q4_NHEJ1",-0.670194319572886,18.0425422305003,-8.29496006065984,0.0000505743987080985,0.000291195213152004,1.74376635984098
"Q9H9S4_CAB39L",2.1204791624133,18.4104894427268,26.2687182897977,0.000000012723051587192,0.00000151819079912541,10.7664596024814
"Q9H9T3_ELP3",0.0907861098506899,19.1976618871263,1.56270044279808,0.159483408643916,0.211929439823891,-6.85196292671724
"Q9H9V9_JMJD4",0.0690741433706918,15.4397945533543,0.557557394126226,0.599251437860778,0.657232362850624,-7.66068639317792
"Q9H9Y2_RPF1",-0.788743326700072,18.7062800164231,-5.06392678623601,0.00142746112649141,0.00383920414713354,-1.88884475646747
"Q9H9Y6_POLR1B",0.227160650747972,19.5296642162149,3.99928720791399,0.00456440023120926,0.0101112285872822,-3.21270928381121
"Q9HA47_UCK1",0.282855490326551,19.2114889539649,3.50880889993938,0.00892133545185426,0.0178098890936492,-3.93292472422324
"Q9HA64_FN3KRP",0.356326344411332,19.3674974474117,3.17810263766279,0.0146020742812435,0.026927611097065,-4.44591348481731
"Q9HA65_TBC1D17",0.44852920014004,18.5059234803061,8.33738578923816,0.0000488484468593764,0.000285134611434771,1.78231232297802
"Q9HA77_CARS2",0.529410954018012,18.8328959555542,9.31327828587645,0.0000228336017295407,0.000160807754402673,2.62655596021074
"Q9HA82_CERS4",0.656189667745629,15.9568486154605,6.24530435082546,0.000329933077649629,0.00119783818071746,-0.334899047691556
"Q9HAB8_PPCS",0.223625387880674,20.891159460427,4.83207306349897,0.00158711548862344,0.00419298381607152,-2.06346623303219
"Q9HAC8_UBTD1",-0.0882610081988098,15.1080001128581,-1.50067746863406,0.174540028970624,0.22876985358445,-6.933804287958
"Q9HAD4_WDR41",-0.818584013558254,17.8229790225896,-11.5326951197869,0.0000050919601767784,0.0000588593451437333,4.29013729970866
"Q9HAF1_MEAF6",0.0258897600687042,18.1762234692435,0.383317608821994,0.712180189463779,0.756647928629907,-7.96601653969657
"Q9HAH7_FBRS",-0.334757438557091,17.6442690878628,-2.99060706378168,0.0187728408767769,0.0333145654943455,-4.72077200126579
"Q9HAJ7_SAP30L",0.655265507183135,17.4766089164874,8.21681514507328,0.0000539354603634967,0.000305915817691839,1.67234140845159
"Q9HAN9_NMNAT1",0.526104365213541,18.2399001443977,7.64057070593595,0.0000880883879844373,0.000441079841349329,1.12792752291339
"Q9HAP2_MLXIP",-0.231607311735621,15.5553391815331,-3.43707355918693,0.00986845886551854,0.0193941509985031,-4.04058277461997
"Q9HAS0_C17orf75",0.470570467560044,18.7449689676561,6.61233240870166,0.000228495685329848,0.000911118785424027,0.071473108545149
"Q9HAT2_SIAE",-0.634543008481518,17.6670968753019,-7.86035295973794,0.0000728070998193726,0.000385902997370138,1.33933914579208
"Q9HAU0_PLEKHA5",0.334154794679506,17.6104578171372,3.81270279540982,0.00586551506149042,0.0124687276572655,-3.48321451102921
"Q9HAU4_SMURF2",-0.149701592367087,16.552983894688,-1.80666344322489,0.111163462365719,0.154572083135952,-6.51512376095765
"Q9HAU5_UPF2",-0.299729453427243,25.7636746530689,-6.24662806159634,0.000329487063944674,0.00119679016636256,-0.333403779466077
"Q9HAV4_XPO5",-0.295194928789186,21.5310434141053,-5.18747794385791,0.00104268370583141,0.00295368799499208,-1.60295714364221
"Q9HAV7_GRPEL1",0.279885520604026,21.4252377472222,4.83864630149697,0.0015745748304779,0.00416854025778452,-2.05478609134676
"Q9HAW0_BRF2",-0.0122760059268305,15.4868184327952,-0.123447908563253,0.905014616907407,0.920896478875108,-8.03981759334749
"Q9HAW4_CLSPN",-0.204979469004641,16.304875516041,-2.51792242788697,0.0379570325674321,0.060933134172201,-5.4502967516772
"Q9HAY2_MAGEF1",0.0296490749172769,16.093048882385,0.294900353225912,0.777324766853477,0.813810347789063,-7.93904649457644
"Q9HAZ1_CLK4",-0.552696366326725,16.3689521402521,-5.93122054899147,0.000457498678594341,0.00154792479955007,-0.695955883868715
"Q9HB07_MYG1",0.608281401494601,21.5552761850315,10.664538664193,0.00000885811376110153,0.0000833846698848245,3.67694070160551
"Q9HB09_BCL2L12",-0.355065549072041,17.441086467726,-3.47934048035748,0.00929807953493467,0.018430157862683,-3.97708549917762
"Q9HB20_PLEKHA3",0.0568899107597769,15.5534703219025,0.556114425673369,0.604884299738302,0.662105941999867,-7.63545096846618
"Q9HB21_PLEKHA1",0.367536184609335,16.9975259318854,3.22056077777269,0.0134378404011594,0.0251620418737613,-4.36850830838631
"Q9HB40_SCPEP1",0.340996153253254,19.4289975508926,3.18000753150258,0.0143582825920178,0.0265780232160836,-4.43486269098248
"Q9HB58_SP110",-0.623281380114017,15.8407924012224,-4.17928836042672,0.00522692410955409,0.0113039479036873,-3.15424315804381
"Q9HB66_MKKS",0.165871795300131,19.5455347070268,1.35553006262629,0.216170612805278,0.275132811411804,-7.11759333575569
"Q9HB71_CACYBP",-0.24952752980337,23.8846729750144,-2.00848314054406,0.084678327647713,0.122097319448058,-6.23085792221031
"Q9HB90_RRAGC",0.454171964179835,18.1546575153473,4.71040778397815,0.00184020410329712,0.0047510496977861,-2.22524273739192
"Q9HBD1_RC3H2",-0.0671586525097929,16.1759074246966,-0.735795555627016,0.484353663195511,0.550014028406249,-7.75238136638109
"Q9HBE1_PATZ1",0.0113376866869501,18.5505885336529,0.0989590352247188,0.923779059632316,0.936585380906878,-8.04289779290655
"Q9HBE4_IL21",0.243251163370076,18.9443807686395,3.38285550114263,0.0106554411041771,0.0207065112515,-4.12229568007927
"Q9HBF4_ZFYVE1",0.750335195915547,17.100303901465,9.25975711270513,0.0000237633460051581,0.000165365059208813,2.58225495038159
"Q9HBG6_IFT122",0.150090139749434,16.420919815744,1.72908580690476,0.131016245162458,0.178362190926374,-6.60717817124809
"Q9HBH0_RHOF",0.281246113286127,18.4816192501119,4.43130451901375,0.00260508826578629,0.00634870277140998,-2.60434323021346
"Q9HBH1_PDF",-0.32261134433174,19.0872723858689,-4.50129457027163,0.00238506002340216,0.00588412797210407,-2.50823564844922
"Q9HBH5_RDH14",-0.220874440946346,19.6936055302921,-3.02448838540903,0.017863560165229,0.032018478557168,-4.66866856521339
"Q9HBI1_PARVB",-0.195807573813404,17.2816745022448,-1.87149650339206,0.100871361558223,0.142026578306524,-6.42223718672709
"Q9HBI6_CYP4F11",-0.0784536746945026,15.5940754537077,-0.466784239438397,0.665208601281127,0.716045375225623,-7.76588423438307
"Q9HBL7_PLGRKT",1.51288739657767,18.830351355425,17.6887873386802,0.00000023261006332566,0.00000782501614653325,7.67713571049156
"Q9HBL8_NMRAL1",0.917352428363191,18.7147697935641,12.7823641047065,0.00000244402647413387,0.0000360956608975965,5.10127862559126
"Q9HBM0_VEZT",-0.0596381688856447,17.4163901003542,-0.782768714684698,0.457898787390082,0.52534922663277,-7.71487804042205
"Q9HBM1_SPC25",-0.0999375260822966,19.4294584503991,-0.973692788446721,0.360731894643896,0.428640335988357,-7.54289893961886
"Q9HBM6_TAF9B",0.69806506570654,18.2253974245519,5.46226241591205,0.00078170735419496,0.00234913715369691,-1.27821029923073
"Q9HBR0_SLC38A10",-0.62745214044147,16.2354052215679,-5.93384005197023,0.000456230515910804,0.00154478928477278,-0.692892278624773
"Q9HBU6_ETNK1",-0.292980553963442,18.2304106622373,-3.76023621684854,0.00629993059324545,0.0132587913924253,-3.56007467280425
"Q9HBZ2_ARNT2",0.856921510893223,17.0969960940375,4.24985570723741,0.0178950419764861,0.0320409645027676,-3.3371569410779
"Q9HC07_TMEM165",0.812337298294551,18.8849584967307,8.6073593005384,0.0000392967211679731,0.000241235561907671,2.02386124102537
"Q9HC21_SLC25A19",0.021908061934127,19.0767959159503,0.414207533228197,0.690379223377058,0.737503423174987,-7.95235293070253
"Q9HC35_EML4",-0.297266628238738,19.4266039304237,-5.83953214688791,0.000504450553517648,0.00166313433465766,-0.803753388187938
"Q9HC36_MRM3",-1.13034741269632,19.535932689823,-17.1789720736631,0.00000028794057536185,0.0000088309516782348,7.44544652597176
"Q9HC38_GLOD4",-0.347586659522335,22.5212777387136,-5.10560762444579,0.00114683088955573,0.0031842048665374,-1.70745338710797
"Q9HC52_CBX8",0.235967393987714,19.4913669111758,4.62074043474672,0.00205504742338568,0.00519810133098486,-2.34582565545757
"Q9HC62_SENP2",-0.0800132225538857,15.550017981396,-1.09870222095626,0.306103335665592,0.372217741178655,-7.41467970111354
"Q9HC98_NEK6",-0.11103938175156,16.4313000569281,-0.647563224626161,0.537147811982889,0.599141554178304,-7.81682472832484
"Q9HCC0_MCCC2",-0.320399405645052,22.2660583720445,-6.77623220658958,0.000194865490545248,0.000809377920792075,0.247747080709994
"Q9HCD5_NCOA5",0.452370954938772,19.5457293291982,6.15674134393487,0.000361356289976053,0.00128011299834373,-0.435438529461395
"Q9HCD6_TANC2",-0.318058678011589,20.1553856690112,-6.09226680532468,0.000386325787070518,0.00134850570741549,-0.509254211471559
"Q9HCE0_EPG5",-0.0191900896627608,15.7495630222094,-0.293460985720085,0.777170598958446,0.813760954801479,-7.99993597444814
"Q9HCE1_MOV10",0.13116924916913,20.4505667970907,2.45445712113859,0.0417717535963243,0.0661908245528423,-5.54795607063794
"Q9HCE5_METTL14",-0.215479593841952,17.759800903045,-2.86275278622302,0.0226660886647142,0.0391103154228259,-4.91783225677763
"Q9HCE6_ARHGEF10L",-1.34026538451462,16.464945962454,-5.99615281222888,0.00194012986081282,0.00494951402315679,-1.70968636909804
"Q9HCE7_SMURF1",1.2711196456398,17.7445643718626,7.57900468080257,0.000113306380957734,0.000533297236116659,0.90297987265045
"Q9HCG8_CWC22",-0.342940438974853,18.6886578469629,-4.85806609801384,0.00153815667689842,0.00407780400295899,-2.02917773505961
"Q9HCH5_SYTL2",0.943001236766825,20.3120279250853,15.2633990599571,0.000000680252896846224,0.0000151476872794532,6.5074271871051
"Q9HCI6_KIAA1586",-0.114256124868861,15.262261688415,-0.98842184341044,0.373528118408619,0.440883747457473,-7.02179422197756
"Q9HCI7_MSL2",-0.0837975753248354,16.0961092763155,-1.00184761552025,0.347814751752944,0.416162940131476,-7.51504038793176
"Q9HCJ0_TNRC6C",-0.343502967654363,16.5557088794533,-4.4033058375444,0.0026992397217712,0.00653834946617571,-2.6429841322795
"Q9HCJ3_RAVER2",-0.424222717956948,17.0929032706392,-5.22455550618032,0.000998986960069043,0.00285542834208385,-1.55594265547926
"Q9HCK8_CHD8",-0.217039536464156,18.478295159792,-2.93404840208429,0.0204006957217385,0.0357859067480495,-4.80786855920846
"Q9HCL2_GPAM",0.620318982648577,16.2609538744634,2.67576154854847,0.037549800681802,0.0604580406405135,-5.25477386197773
"Q9HCM1_RESF1",-0.516875987683541,15.8804878852571,-1.08036173513022,0.354378881916822,0.422411185685527,-6.76940298048081
"Q9HCM4_EPB41L5",0.420702488205468,19.8473656671014,5.26732297514664,0.000951076906311909,0.00273907268057871,-1.50195240614456
"Q9HCN4_GPN1",-0.288091684031574,19.0045535529158,-5.29389940105812,0.000922585648039235,0.00267525216888541,-1.46853062643618
"Q9HCN8_SDF2L1",0.0656686795204848,20.1557902811282,1.34065595096001,0.219437503656737,0.278591496046259,-7.13635246077643
"Q9HCP0_CSNK1G1",-0.500616919011886,17.5917637669365,-6.16961546225897,0.000356588366906968,0.00126857395635847,-0.420762203786298
"Q9HCS7_XAB2",-0.244016130867521,19.4845515428299,-4.20705921493988,0.00347326231726933,0.00805907052628142,-2.91691230209328
"Q9HCU4_CELSR2",-2.31894690271497,17.7483516002453,-15.3781339429417,0.000000810952269465673,0.0000170389584573368,6.35855613652902
"Q9HCU5_PREB",-0.394986596461496,20.7627675031591,-7.41467953091687,0.000107638937151467,0.00051329263697433,0.905580532798201
"Q9HCU9_BRMS1",-0.541743431108742,17.3530819498451,-6.15017442535652,0.000363815607863661,0.00128467108329202,-0.442932787230619
"Q9HCY8_S100A14",-1.42168215272885,20.5354659828924,-15.1537451740341,0.000000721726794880296,0.0000157290945612021,6.44392951730429
"Q9HD15_SRA1",-0.293329539450195,18.530814903915,-5.30096574449682,0.000915169695656521,0.00265780095653436,-1.4596607527915
"Q9HD20_ATP13A1",-1.67786175154876,19.6091648969328,-26.4781559420169,0.0000000119982792666498,0.00000147191793713127,10.8271668376446
"Q9HD26_GOPC",-0.24548764798546,18.850642218529,-3.262360481216,0.0126542609722369,0.0239781537007557,-4.30487831677196
"Q9HD33_MRPL47",-0.595706860686775,20.0502389423572,-9.30421660487388,0.0000229881000917372,0.000161661423118853,2.61907084049684
"Q9HD34_LYRM4",-0.502768740796132,18.5570242725993,-5.6945433433834,0.000589996163566668,0.00189506369091557,-0.976478402316619
"Q9HD40_SEPSECS",1.13524642396735,16.687016266465,13.8110984854273,0.00000140132965138642,0.0000250788548904591,5.71414093924699
"Q9HD42_CHMP1A",-0.128966300151678,20.3775936961025,-1.69717423449791,0.130847316650446,0.178216172891328,-6.66898680421374
"Q9HD45_TM9SF3",0.23813195054294,21.9069801344075,2.19519388262536,0.0633974188145862,0.0951876490706101,-5.95182668359984
"Q9HD67_MYO10",-0.0547555857360269,15.6165550218811,-0.490852103490675,0.637648104035391,0.691861837274348,-7.91411533694331
"Q9HDC5_JPH1",1.31771862784931,16.4065137405431,15.5952888968955,0.000000581974600093314,0.0000138110562073561,6.67817604343402
"Q9HDC9_APMAP",0.862703364582579,21.7890407373651,14.0503204598968,0.00000123814468287542,0.0000231383991595833,5.85029996850415
"Q9NNW5_WDR6",-0.388532295452006,18.3590062884193,-4.1148137165563,0.00391803405317624,0.00893223897875042,-3.04751620235424
"Q9NNW7_TXNRD2",0.464059038354542,19.6745327108954,8.16041794308352,0.0000565168112529952,0.000315382880697198,1.62044740984285
"Q9NNX1_TUFT1",1.24765654241346,17.3828353843983,10.9260814608238,0.00000746631943104869,0.0000744836177945933,3.86634958537565
"Q9NP50_SINHCAF",-0.510620427145529,16.77630583805,-4.01082780662177,0.0044949023750617,0.00998331445816545,-3.19612695542395
"Q9NP58_ABCB6",-0.141115747463829,24.6934396436965,-1.76085307719751,0.119031649725684,0.16401930322898,-6.57998493839352
"Q9NP61_ARFGAP3",-0.33372269693837,17.6693402703407,-4.78777655607791,0.00167454216445421,0.00439486978413052,-2.12212185278933
"Q9NP64_ZCCHC17",0.224226180258681,16.1444100717596,2.2430050411063,0.0575306803846886,0.0875156710011883,-5.87100990332056
"Q9NP66_HMG20A",0.00759505855025822,19.0649241193785,0.0950194111953813,0.92680291577846,0.939275546623713,-8.04333015810107
"Q9NP72_RAB18",0.323827797941618,22.0277536694007,7.46008341160485,0.000103348723108974,0.000499409395150481,0.950692822516324
"Q9NP73_ALG13",0.0340465442922202,19.6582882757476,0.616332760444948,0.556017441716427,0.616931971071502,-7.83855943104097
"Q9NP77_SSU72",-0.0190031092009946,19.053757918363,-0.232491137598809,0.822409914968516,0.851981723406501,-8.01793237658526
"Q9NP79_VTA1",0.435422275801237,21.9130516756817,8.89264718043114,0.0000314168031923585,0.00020233378923038,2.27231739414327
"Q9NP80_PNPLA8",0.450363303994411,16.5865495335494,3.20418565799635,0.0167223940300122,0.0301828497845925,-4.44732044259547
"Q9NP81_SARS2",-0.550901346123489,21.6507839540004,-8.56932717699239,0.0000405057960330077,0.000246277619679108,1.99021837505984
"Q9NP92_MRPS30",-0.359083830072677,19.4515375468345,-4.71783050800325,0.0018235555553891,0.00471286563176673,-2.21531227576224
"Q9NP97_DYNLRB1",0.58966346665181,20.2395414090827,8.52092738632157,0.000042105276373682,0.000253565108549664,1.94722360539996
"Q9NPA0_EMC7",0.0836533107912167,19.7343061640838,0.624203612239875,0.552155362266711,0.613362594625471,-7.8321388724913
"Q9NPA3_MID1IP1",1.78476944840447,18.1759371434545,13.5163619430693,0.00000189390126648636,0.0000303263432271479,5.41233257315702
"Q9NPA8_ENY2",0.0954279920142227,21.0413401120533,1.1456696891812,0.287367179412508,0.353161216127247,-7.36360396348154
"Q9NPD3_EXOSC4",0.0711688250016138,20.1275941173171,0.780156054189186,0.459344073882728,0.526725618265043,-7.71701594908843
"Q9NPD8_UBE2T",-0.881802424938464,20.701168783793,-7.51874684445591,0.00012230942265751,0.000566901565346142,0.82482566137381
"Q9NPE2_NGRN",-0.150863838538394,15.8926360395467,-1.01420987502229,0.342959473192533,0.4111837567942,-7.50191191803784
"Q9NPE3_NOP10",0.159982859965453,19.6480025119386,1.40074302387711,0.202428708731245,0.259992022730472,-7.06160882964308
"Q9NPF0_CD320",-1.07241265262746,19.2644188897436,-7.43129418303784,0.000140677839607717,0.000626828147660396,0.687370048002402
"Q9NPF4_OSGEP",-0.269233373610966,20.0252495331377,-3.49214151072256,0.00913237129399154,0.0181566365723034,-3.95789093446274
"Q9NPF5_DMAP1",0.0980585457939043,18.8867610682531,1.08176205084639,0.313097548650597,0.3796301538397,-7.43272440682073
"Q9NPG3_UBN1",-0.0168837668933577,20.8120165383064,-0.127947141108336,0.901779612129107,0.918197554197321,-8.03911053072473
"Q9NPH0_ACP6",0.114162858442402,17.6260152868797,1.07214098266334,0.317126263291947,0.383841877561832,-7.44288185113904
"Q9NPH2_ISYNA1",-0.529527028062468,19.5432795592367,-7.4381783953738,0.000105394170153136,0.000506172791218678,0.928955203877001
"Q9NPI1_BRD7",0.122378929777312,17.7433419713405,1.802689246485,0.111825961342002,0.155351280724615,-6.52077688584799
"Q9NPI6_DCP1A",-0.270758774290048,18.1710741957034,-3.69606445488853,0.00687899416565102,0.0142994341688827,-3.65453903597153
"Q9NPJ3_ACOT13",-0.283877969757491,21.1866400117395,-6.15186439890665,0.000363180937851887,0.0012834975047209,-0.441003645623664
"Q9NPJ6_MED4",-0.0817108547840917,18.378529636488,-0.951254134228741,0.37128509470485,0.438985610185775,-7.56466048319195
"Q9NPJ8_NXT2",0.652845715546416,16.6690275702355,4.24599898139288,0.00330227141594121,0.00773309002144361,-2.86213169721674
"Q9NPL8_TIMMDC1",0.538801788620876,19.3207579363123,7.36281909527963,0.000112784704920398,0.000531170566950183,0.853790248184653
"Q9NPQ8_RIC8A",0.365031058128668,19.986645627718,5.52819687658284,0.000708509307578889,0.00217382887996976,-1.1781157157769
"Q9NPR2_SEMA4B",0.466156643206173,19.7648145706301,2.31484901731271,0.0561113771647458,0.0856083725477625,-5.79366888963372
"Q9NPR9_GPR108",-0.122638667075151,18.5174982398137,-1.54025383518102,0.164790468438743,0.217830431516351,-6.88178054023927
"Q9NQ29_LUC7L",0.120193944871872,20.836708158325,1.61411742226528,0.14791158959096,0.198555515430434,-6.78285187087627
"Q9NQ48_LZTFL1",0.358449033156159,18.0206277425093,4.92998074207476,0.00141114157375348,0.00380338157688483,-1.93481416750355
"Q9NQ50_MRPL40",-0.425392629910569,19.8285038425726,-6.57156520930331,0.000237834087118152,0.000937359425166242,0.027137981902472
"Q9NQ55_PPAN",-1.00720491349328,20.0793366481028,-11.0962661203386,0.00000669347599418117,0.0000692660930772,3.98738581824916
"Q9NQ66_PLCB1",-0.564799089975999,16.4192627236947,-6.74994154080594,0.000199866963925674,0.000823503861115209,0.219682090724358
"Q9NQ84_GPRC5C",0.391044420656362,15.4917880177452,4.16224982206407,0.00729106024734065,0.0150083367364744,-3.30977453887596
"Q9NQ86_TRIM36",0.465683543555919,16.8752149232615,4.558633999976,0.00221992020483053,0.00555053026888264,-2.43001786540421
"Q9NQ88_TIGAR",-1.30737606629224,20.347420439004,-27.6236090639881,0.00000000877430208178123,0.00000125919512517034,11.1496576081708
"Q9NQ89_C12orf4",0.0894002222281536,16.3784344875942,0.678980181393076,0.517665055262581,0.581703480650298,-7.79504578869746
"Q9NQ92_COPRS",-0.820286439661743,17.3172772221689,-3.0256900804867,0.020675259554572,0.0361674388620228,-4.74800236341643
"Q9NQC1_JADE2",-0.185377886110782,16.7707357501105,-1.03901533192989,0.332072386255514,0.399895910364066,-7.4765998586921
"Q9NQC3_RTN4",0.385831326159302,20.6267550660608,1.93888737181741,0.0973888409706049,0.13765056110789,-6.34042786951082
"Q9NQC8_IFT46",0.0814648117381935,16.3726650610638,0.77302851344997,0.463302645512552,0.530465139510533,-7.72281743796102
"Q9NQE9_HINT3",0.637118240536239,19.0201128353008,5.37173364337811,0.000903577168323943,0.00262814835268524,-1.42321942820521
"Q9NQG1_MANBAL",0.00277559084530843,15.5007855525587,0.0378990839012316,0.970763010084441,0.976153285920446,-8.04762811420285
"Q9NQG5_RPRD1B",0.217689706372536,20.9189452516765,2.7855823824088,0.0254167241017604,0.0431324416595246,-5.03700704651786
"Q9NQG6_MIEF1",0.143942388391149,16.3108725188026,1.38741414142975,0.205368767647932,0.263146032131093,-7.07853870047661
"Q9NQH7_XPNPEP3",-0.661620127573734,19.1610142530238,-9.19095404123342,0.0000250216856690246,0.000171238503032781,2.52497906293893
"Q9NQP4_PFDN4",-0.295671480045698,21.1026305977622,-3.1779526292561,0.0144211206061722,0.0266554175772895,-4.43880662811573
"Q9NQQ7_SLC35C2",-0.255550251605104,15.1777158377306,-2.47801010402063,0.0782563290105997,0.114157583132839,-5.48658355378492
"Q9NQR4_NIT2",-0.0185267260994557,21.6774275780793,-0.310652859910464,0.76456954193091,0.802932960405157,-7.99412376214042
"Q9NQS1_AVEN",-0.179090467990221,18.0780760678408,-2.7101469527341,0.0284425560213399,0.0475055961683187,-5.15357275726763
"Q9NQS7_INCENP",-0.169533952167015,18.3355210294978,-2.63210965622,0.0319677835860381,0.0525155425389646,-5.27413817484152
"Q9NQT4_EXOSC5",-0.112782079370255,19.7968197864859,-1.64751384215823,0.140815679134667,0.190272527180366,-6.73738594567441
"Q9NQT5_EXOSC3",-0.149691166298012,20.6059564491932,-2.3372631198721,0.0498736857106368,0.0774794226950784,-5.72754369248642
"Q9NQT8_KIF13B",0.811958749988502,16.8205125245586,9.44327289895816,0.0000207409600542566,0.000152597521109897,2.73324548425854
"Q9NQV6_PRDM10",-0.0358038382217138,16.9737390338175,-0.252945204153299,0.807143310494004,0.838679237652649,-8.01235184544235
"Q9NQW6_ANLN",-0.22529841884246,20.1008476226372,-2.88439230737273,0.0219519263720203,0.0380133787127151,-4.88443904156508
"Q9NQW7_XPNPEP1",0.788380377573141,20.0532307945734,9.26153995917771,0.000023731698530942,0.000165296061379437,2.58373421888246
"Q9NQX3_GPHN",0.491159085195402,20.5582277486566,9.71628270310009,0.0000170117254479,0.000132437240283242,2.95320972883732
"Q9NQX4_MYO5C",2.98594001680235,20.0336979190607,30.0367391639751,0.00000000508427472347919,0.000000909082307615492,11.7113770422037
"Q9NQX5_NPDC1",0.0232263934402415,15.460752789878,0.265398733269033,0.797891141664951,0.831506361684409,-8.00872774358946
"Q9NQX6_ZNF331",-0.378899972896043,16.3251165837541,-2.36349305314026,0.0538859573919811,0.0827157602267222,-5.67441189616519
"Q9NQY0_BIN3",-0.00950267521152171,15.4412595148078,-0.113658211779423,0.913573774442567,0.927557234904758,-7.94975639850826
"Q9NQZ2_UTP3",-0.584468229917359,19.4694307419476,-10.0830620694227,0.0000131328052421417,0.000109526443719002,3.24032011722261
"Q9NQZ5_STARD7",-0.733355911486452,18.8479549622229,-11.5412199925771,0.00000506530712687179,0.0000586403744398583,4.29594475826318
"Q9NR09_BIRC6",-0.493537992576975,19.053311003521,-9.50644138597588,0.0000198025886676358,0.000148538944187414,2.78462947803555
"Q9NR12_PDLIM7",0.18424079037651,20.7439683130572,2.63891556034125,0.0316431071526962,0.0520271234335078,-5.26362665567783
"Q9NR19_ACSS2",1.58881118022421,19.2299096917657,14.8708592880856,0.000000827191825018329,0.000017284673134861,6.29445201683386
"Q9NR28_DIABLO",0.593974937155252,21.8224760967752,10.1464070393501,0.0000125692889443855,0.000106698673784593,3.28896487241091
"Q9NR30_DDX21",-1.1421646623521,22.2519670956772,-13.4673924392349,0.00000168009593499677,0.0000281471578889547,5.51443592857432
"Q9NR31_SAR1A",0.187179213632913,22.1693098819833,1.90768857058189,0.0964847952108589,0.136507320010006,-6.37216744222235
"Q9NR33_POLE4",-0.07307852524184,19.7387518952172,-1.07101600777348,0.317600011197093,0.384231857032781,-7.44406520790603
"Q9NR45_NANS",-0.129294291765799,22.3035886454012,-1.47950346976672,0.180201352351472,0.235176987986496,-6.96134165512357
"Q9NR46_SH3GLB2",0.531145653910848,19.7825249129116,8.74998904733408,0.0000351099598827475,0.000219769197581047,2.14893042479005
"Q9NR48_ASH1L",-0.378662608371666,16.2262830855382,-4.53481669696993,0.00228694465112074,0.0056807645383489,-2.46245069348147
"Q9NR50_EIF2B3",-0.135663961438027,20.9090998946858,-3.01896225962303,0.0180086449124738,0.0322345255479685,-4.67716276322015
"Q9NR56_MBNL1",-0.0226618087744264,21.2199230283113,-0.411560272374954,0.692235783008354,0.739071499938453,-7.95356357962623
"Q9NR77_PXMP2",1.72314691396785,18.8816700026789,24.8106976671852,0.0000000193927477100644,0.00000198256852808422,10.3278986002516
"Q9NRA0_SPHK2",0.163235301299766,15.548851832139,1.83737054783078,0.112322532248469,0.155955673654957,-6.42297327165137
"Q9NRA8_EIF4ENIF1",-0.140935520512063,18.0795515705081,-2.29214644517043,0.0534016011145845,0.0820550662782888,-5.79634095414361
"Q9NRB3_CHST12",-0.128664576376361,15.2176885145362,-1.29603108971125,0.239365079131212,0.300531818134467,-6.90027270940309
"Q9NRC1_ST7",-1.11847724448574,16.2149048596107,-6.29279930055525,0.000670459152854012,0.00208784675090912,-0.827956259455954
"Q9NRC6_SPTBN5",0.300631371522257,18.1199639863268,0.367119808567462,0.731134449556356,0.773759374332217,-7.94216497528318
"Q9NRD5_PICK1",1.22957304497807,18.3332213638289,19.9318869632816,0.0000000970927457714919,0.00000482671519175142,8.62007077414999
"Q9NRF8_CTPS2",0.164014822310076,21.0312714924032,2.84941896975195,0.0231181911143282,0.039764125195744,-4.93841477648473
"Q9NRF9_POLE3",0.0526587752261953,20.7929969803767,0.759373830008552,0.470950437001425,0.536958330659997,-7.73380484281223
"Q9NRG0_CHRAC1",0.0795319901052451,20.2182006785751,1.30198469973576,0.231698291130898,0.292109597603449,-7.1832485260819
"Q9NRG4_SMYD2",-0.108107723825373,17.2218030849921,-1.03032963106755,0.335112846150937,0.402919428995262,-7.4862441469892
"Q9NRG7_SDR39U1",1.05510636743468,17.9751646334716,7.30354641907226,0.000133686247559483,0.000602737165938014,0.697804871467707
"Q9NRG9_AAAS",-0.267422364092248,20.2068839964841,-2.01305316030484,0.0837107106695641,0.12090840587784,-6.22291650046789
"Q9NRH1_YAE1",-0.6392041712934,16.8665848853799,-8.57548805181994,0.0000403071334857977,0.000245457211603665,1.99567668770636
"Q9NRK6_ABCB10",0.555480880807028,18.3382134714156,6.23590991612129,0.000333117819377398,0.00120308363446557,-0.345517314254519
"Q9NRL2_BAZ1A",-0.0523088039421928,26.0900507570231,-0.731779154710213,0.486661609377903,0.552140244768545,-7.75549534762066
"Q9NRL3_STRN4",0.00230657603363937,18.8259414248778,0.031922551870493,0.975371623023132,0.979233971055167,-8.04786446577461
"Q9NRN7_AASDHPPT",-0.139015943697316,20.423545916938,-1.14399901360588,0.289608550228426,0.355286414675603,-7.36412144830552
"Q9NRN9_METTL5",-0.641455403236641,18.6323576163665,-8.6727594444673,0.0000373111272717948,0.000231071433626255,2.08142369507565
"Q9NRP0_OSTC",0.45761025210745,19.424148181451,3.24736751254218,0.0139758545382771,0.0260017730074328,-4.37341440734035
"Q9NRP2_CMC2",-0.349333658346385,20.073427820268,-5.00484635970174,0.00129105382540126,0.00352467889303734,-1.83736056008056
"Q9NRR3_CDC42SE2",0.17858223497181,17.6120058357941,1.1088227313292,0.302929988935796,0.369007926945173,-7.40296554964932
"Q9NRR4_DROSHA",-0.134958580010107,17.0145415745818,-1.7826408158621,0.115225728964906,0.159346708092195,-6.54921984073153
"Q9NRR5_UBQLN4",-0.604247215017658,19.6469534771261,-10.8796293314964,0.00000769439494018718,0.0000757096609509233,3.83301291964854
"Q9NRR6_INPP5E",-0.0313511733777805,15.1742062269741,-0.494573316736105,0.635140418430588,0.689731299626364,-7.91210360348284
"Q9NRR8_CDC42SE1",0.199922308557927,17.5952405067842,1.25400179545967,0.248609285002222,0.31085356267087,-7.23967014885484
"Q9NRS6_SNX15",0.584147236088921,17.8931186324092,4.88565627449749,0.00148799863007801,0.0039725228432339,-1.99288783436271
"Q9NRV9_HEBP1",1.71479863866739,21.118458028587,16.8392121921582,0.000000427588007371883,0.0000110997760548483,7.05949993279222
"Q9NRW1_RAB6B",0.328995502123821,17.8317978663314,3.25379909169343,0.0128107097967969,0.0242323448680521,-4.31789937223069
"Q9NRW7_VPS45",0.151997435996538,21.0071109753147,2.5133305810748,0.0382206818108685,0.061278774421051,-5.45736996847284
"Q9NRX1_PNO1",-0.674974944286838,19.1741995339603,-6.4811763848665,0.00026009427326197,0.00100109665307829,-0.0718683258967863
"Q9NRX2_MRPL17",-0.501705425442427,21.1191295446183,-7.6414584429023,0.000088019849611764,0.000441026993509273,1.12879109479837
"Q9NRX4_PHPT1",0.132266110811759,21.0183058128424,1.28913469671676,0.236801152124025,0.297802507118937,-7.19814592073449
"Q9NRX5_SERINC1",-0.0185473714174123,16.586910662995,-0.0879983130803426,0.932326265171324,0.943364849393786,-8.04402733695177
"Q9NRX6_TMEM167B",0.834256740295015,17.4711934932458,2.19078397643092,0.0703618911199778,0.104240853887525,-5.99117560822848
"Q9NRY2_INIP",-0.379906814895811,18.6871993556169,-6.64979864938879,0.000220272634778769,0.000885514619517609,0.112045118582243
"Q9NRY4_ARHGAP35",0.869754662787283,19.2075338609895,15.1043419710268,0.000000733909115659582,0.000015924611393651,6.42427653473402
"Q9NRY5_FAM114A2",0.533757822285278,18.9063837156214,10.0207343485889,0.0000137151731368438,0.000113142740649495,3.19219026085127
"Q9NRY6_PLSCR3",0.171358686550224,17.2470319542363,1.38332668948681,0.206566297413793,0.264546768501315,-7.08363970846788
"Q9NRZ7_AGPAT3",0.0114110289467853,18.9985218229722,0.148993926798576,0.885508630761656,0.905022661323993,-8.03588482983314
"Q9NRZ9_HELLS",-0.109704219868167,19.2864101601414,-2.04158180554868,0.0780565401579066,0.113931691506628,-6.17332235491811
"Q9NS18_GLRX2",-0.480307173531358,17.6189646708161,-5.84037000913734,0.000503998008114595,0.0016623629010059,-0.802763329419379
"Q9NS69_TOMM22",-0.110945900588746,20.8612714143674,-0.448625101731573,0.66931471050061,0.71944710119667,-7.93320981049753
"Q9NS86_LANCL2",-0.666425323270477,19.1719270885753,-11.3722476129927,0.00000562430835961802,0.0000618042541090999,4.18008506475464
"Q9NS87_KIF15",0.131366360900724,17.884130677196,0.984681641157814,0.35579780406639,0.423640886890893,-7.53194322411969
"Q9NS91_RAD18",0.0832782254642339,18.8797327029934,1.35913058206822,0.213781366723365,0.272593642128736,-7.11365204116553
"Q9NS93_TM7SF3",0.0197585386210388,15.2988124491964,0.241948331959319,0.819552867927818,0.849705600348962,-7.86300897091089
"Q9NSA3_CTNNBIP1",0.117691729566719,16.821771936476,0.396158496913103,0.706652789749452,0.752246482691999,-7.93294485709247
"Q9NSB8_HOMER2",-0.721092171813698,16.92828966876,-7.88846741523181,0.0000710761751871255,0.000378454373678088,1.36604149902466
"Q9NSC5_HOMER3",-0.605542861647564,16.3215357558737,-4.30706347660476,0.00305230968872793,0.00723912300981124,-2.77665006927219
"Q9NSD4_ZNF275",0.274932398938507,15.3249820530416,3.37551823101902,0.0133635260841267,0.0250537292077563,-3.98089952353153
"Q9NSD9_FARSB",0.417053272057931,22.2481408219131,8.15352368506735,0.0000568417604449737,0.00031696365831706,1.61408355947622
"Q9NSE4_IARS2",0.392985879245348,21.1669900656824,6.50136450941288,0.000254928160706288,0.000984255629610166,-0.0496705581841574
"Q9NSG2_C1orf112",-0.202615609607857,16.2454946532451,-2.71611139294116,0.0281902357804818,0.0471656254611405,-5.14435576453132
"Q9NSI2_SLX9",-0.617036361464425,20.0886649793757,-10.687539041316,0.00000872465384917141,0.0000827583751330341,3.69376600288028
"Q9NSI6_BRWD1",-0.397647075327651,17.9527691146263,-6.24017281834704,0.000331668464849324,0.00120012861258038,-0.340697710254909
"Q9NSK0_KLC4",0.786764512122264,17.509464460556,10.1440419531141,0.0000125898330490586,0.000106744805420901,3.28715351442727
"Q9NSK7_C19orf12",0.34467112986477,15.6990529532828,2.95813750661387,0.0284013673674905,0.0474581090500872,-4.75792969243849
"Q9NSP4_CENPM",0.308736292105262,18.7601550471866,2.0237491505458,0.0823967025399198,0.119373203717834,-6.20731932502508
"Q9NSV4_DIAPH3",-0.181488235969649,16.5947209089019,-1.52377221561571,0.168789040993894,0.222343166920603,-6.90353232884736
"Q9NSY0_NRBP2",-0.193587834996917,15.1937737009286,-2.72707001676831,0.0378174286448827,0.0607830355695508,-5.13959456608164
"Q9NSY1_BMP2K",-0.0608555190520796,16.7444470483905,-0.627131906799213,0.549287675899613,0.610622926467767,-7.8313277454484
"Q9NT62_ATG3",-0.0118599167986062,20.3654775160733,-0.157489971532336,0.879039243910467,0.899498518657745,-8.03441439007432
"Q9NTG7_SIRT3",0.504217086849089,17.6465723364869,6.28333029964675,0.000317383702105694,0.00116599222574593,-0.292031669295474
"Q9NTI5_PDS5B",0.532581713836713,20.8592973610742,8.59531534754499,0.0000396751702764316,0.000242775016188687,2.01322074178332
"Q9NTJ3_SMC4",-0.225106789233688,20.7631407526887,-2.31928815710402,0.0517238962704276,0.0798643838881186,-5.75852742951434
"Q9NTJ4_MAN2C1",0.179835370604,16.7820571544598,1.42590157306505,0.19438941097544,0.25110833218057,-7.03007854430858
"Q9NTJ5_SACM1L",0.00236970701297423,19.3161886203908,0.0393170152060596,0.969669784122084,0.975311872260324,-8.04756610346211
"Q9NTK5_OLA1",-0.280549538149522,23.1589616395658,-6.82751062619395,0.000185507057341303,0.000779109154134703,0.302257231519627
"Q9NTM9_CUTC",-0.889609447210454,18.9007098524126,-11.9626289400753,0.00000392463658733731,0.0000491775714716435,4.57815278222142
"Q9NTW7_ZFP64",-0.247674306164539,15.5931692179261,-2.61459686023286,0.0328191227826855,0.0537515606987738,-5.30118163949751
"Q9NTX5_ECHDC1",0.571849790161927,19.7563108039302,6.27856153985056,0.000318927983100155,0.00116848084752398,-0.297397727209019
"Q9NTZ6_RBM12",-0.123842864141317,20.6945842963485,-2.61806977553087,0.0326484574197365,0.0534835595809855,-5.29581928158117
"Q9NU22_MDN1",-0.424010260467327,21.0019732268541,-8.26444189487662,0.0000518582307700146,0.000297910651991489,1.71593857962182
"Q9NU23_LYRM2",0.212138348654904,18.3745157308225,2.56078791827769,0.0355839407283121,0.0576958970751527,-5.38422138007614
"Q9NUA8_ZBTB40",-0.05221142339499,16.2808119835564,-0.492089085710108,0.636813954836694,0.691153958402952,-7.91344818875509
"Q9NUB1_ACSS1",-0.297663088459171,17.056758756603,-3.13421143630393,0.0152241241156306,0.0279292542266006,-4.50037995521689
"Q9NUD5_ZCCHC3",0.0763110256368549,17.0106559929021,0.455704317065341,0.661840580197222,0.713328532376374,-7.93215978291108
"Q9NUG6_PDRG1",-0.901454742379464,17.9475667748826,-9.24887500023273,0.0000239575468315121,0.000166108569918397,2.57322048244285
"Q9NUI1_DECR2",-0.708007085518506,21.1734137488655,-9.26909201983364,0.0000235981654896903,0.000164516633102277,2.58999761275094
"Q9NUJ1_ABHD10",-0.221649589272648,20.1422966267925,-3.11344274028323,0.0156901875404151,0.0286299717253136,-4.53217651435595
"Q9NUJ3_TCP11L1",0.549731407219035,17.2803030071283,5.60279462917305,0.000652382547512991,0.00204788347353851,-1.08722934738584
"Q9NUL3_STAU2",0.643415404500274,18.1238944317838,8.18932996216727,0.0000551765855997701,0.00030995059828054,1.6470873688646
"Q9NUL7_DDX28",-0.585891325440507,18.3355051394764,-6.52090920878525,0.000250035371978981,0.000969301243257965,-0.0282269305883389
"Q9NUM3_SLC39A9",-0.00305556777968086,15.3526650826751,-0.0442478371002204,0.965868671183254,0.971874204659324,-8.04733274065702
"Q9NUM4_TMEM106B",1.14121914376432,17.7653978284344,10.046482801008,0.0000134711361546921,0.000111613792584519,3.21210555950773
"Q9NUN5_LMBRD1",0.28077830686925,15.6557542175624,1.97048491196082,0.0877958932170477,0.126162018478909,-6.28083996715157
"Q9NUP1_BLOC1S4",0.675102596507529,17.6922729200808,3.92011526326905,0.00551570015947388,0.0118375889991417,-3.38290380103764
"Q9NUP7_TRMT13",-0.238964790870007,15.295695429397,-3.99023440343793,0.00461973178590857,0.0102055416682023,-3.22572932329813
"Q9NUP9_LIN7C",0.248642005237159,20.5170258932998,5.7076593451231,0.000581630534956537,0.00187373225280789,-0.960738257398843
"Q9NUQ2_AGPAT5",-0.297025948410887,18.4855923544828,-2.24454168580784,0.0582283216176731,0.0884354261629436,-5.87387548331866
"Q9NUQ3_TXLNG",-1.18956741056856,19.2301192414433,-19.6891931731285,0.000000106217773542648,0.00000506137144969779,8.52358862594995
"Q9NUQ6_SPATS2L",1.07889593689847,18.0369706163822,6.25851254351031,0.00040929370739194,0.0014150399720105,-0.503311873910295
"Q9NUQ7_UFSP2",-1.70148656187021,18.4948489857177,-29.6952802695124,0.00000000513943455528085,0.000000909082307615492,11.6949855712798
"Q9NUQ8_ABCF3",0.329305162750259,20.4394288889516,2.95926961046426,0.0203608722632853,0.0357325321722539,-4.78801403442918
"Q9NUQ9_CYRIB",0.272185051747805,21.3268250100735,3.3477209634166,0.0112009987710898,0.0216285343114772,-4.17539832927762
"Q9NUS5_AP5S1",0.0223953453939494,19.7640049084064,0.18916314277622,0.855166551423641,0.879804786977981,-8.02814614100853
"Q9NUT2_ABCB8",-0.764829452918491,17.7825743141965,-9.86907288375731,0.0000152576038051565,0.000122138634990453,3.07395725558904
"Q9NUU7_DDX19A",-0.391001071567555,18.8068012161347,-3.07660674974195,0.0170512365304115,0.0306774766076734,-4.6052483672129
"Q9NUW8_TDP1",0.714464648972033,19.04838373839,11.6462453336663,0.00000474952956578739,0.0000560187981319895,4.36716648638739
"Q9NUX5_POT1",-0.0423827949757172,15.4174989489789,-0.410580214660605,0.692923680518122,0.739575537438939,-7.9540098997769
"Q9NUY8_TBC1D23",0.165538766222046,19.0610506235185,2.27897727064615,0.0544780103478559,0.0835038503816842,-5.8163797840851
"Q9NV06_DCAF13",-0.507521024856921,19.5020961247469,-5.57053511553492,0.00067602662071557,0.00210043238446186,-1.12644010466093
"Q9NV31_IMP3",-0.645383242888617,20.673523009156,-4.77707234556874,0.00203598082794879,0.0051620644789837,-2.27043717914356
"Q9NV35_NUDT15",-0.654505227854397,17.758796086363,-7.64296097243412,0.0000879039816997755,0.000440936899028707,1.13025254361435
"Q9NV56_MRGBP",-0.14081539253209,20.207512644429,-1.91530387670574,0.0944422413667207,0.133980053650259,-6.35880661248138
"Q9NV66_TYW1",-0.448896179693072,16.8229292684173,-4.77577892637631,0.00169912232607809,0.00444260034793741,-2.13805685278708
"Q9NV70_EXOC1",0.651118117941433,19.4154174119237,9.74361722468293,0.0000166819087463658,0.000130537652186069,2.97493398028405
"Q9NV79_PCMTD2",0.372495726764949,15.8738037309089,3.02988408776711,0.0210969642325462,0.036752979833428,-4.69708765032907
"Q9NV88_INTS9",-0.336878155364605,18.4151667952108,-4.75610925902179,0.00174028209165473,0.00452997453426623,-2.16422618544144
"Q9NV92_NDFIP2",-0.131261427305915,16.7444108851109,-1.6321831614351,0.144032977943151,0.194068171875218,-6.75831185621015
"Q9NV96_TMEM30A",0.5264595556615,18.218976142821,7.16670668111241,0.000134886734570709,0.000607429545970879,0.655368190011684
"Q9NVA1_UQCC1",-0.139742489755911,19.0616540354838,-0.93724016951673,0.379632488839916,0.446515477051121,-7.57629392189322
"Q9NVA2_SEPTIN11",0.28872818163741,21.2738682594067,6.59918435857852,0.000231462056378621,0.000918841545310956,0.0571958667373771
"Q9NVA4_TMEM184C",0.111401654633774,17.33486297876,1.0311394939659,0.334757024452686,0.402682575990374,-7.48541645677472
"Q9NVC6_MED17",-0.0359886139787022,18.39526151683,-0.613326837335372,0.557899308625146,0.618749218635588,-7.84055218744264
"Q9NVD7_PARVA",0.729638723972162,19.200517271843,12.902227531815,0.00000228586791642896,0.0000342925273616542,5.17508354456258
"Q9NVE7_PANK4",0.4183382754055,18.5351830181497,5.53321915154862,0.000704567291756022,0.00216697890056462,-1.17197306513685
"Q9NVF7_FBXO28",0.223393060791068,18.1295664107639,2.17946657771954,0.0633471133326313,0.0951645554035145,-5.96708188474577
"Q9NVG8_TBC1D13",-0.0148409712934701,17.7193094734684,-0.208343607689215,0.840538235670083,0.867806952695351,-8.02392349064688
"Q9NVH0_EXD2",-0.151387484715176,18.9323098567853,-2.33663716931416,0.0499209867087335,0.0775370685943694,-5.72849964570998
"Q9NVH1_DNAJC11",-0.175455395726189,19.9506001425444,-3.24685186220303,0.012939171592545,0.0244146072962385,-4.32846988922821
"Q9NVH2_INTS7",-0.292269760581444,18.6056267456451,-3.90964799885439,0.00514556761290608,0.0111597340358607,-3.3421054316467
"Q9NVH6_TMLHE",1.43159234193124,17.9949877961723,11.8525414633664,0.00000419178889516904,0.000050768704357732,4.50533745437496
"Q9NVI1_FANCI",0.626486166396909,20.3885992251705,6.58756328840958,0.000234848731685002,0.000930343465206315,0.0420341931610206
"Q9NVI7_ATAD3A",0.0646546312847569,21.0381858582905,1.11344132894487,0.300120359773646,0.366348171471409,-7.39881535629832
"Q9NVJ2_ARL8B",0.506489714375927,21.2737319691728,9.34273020216968,0.0000223394614488421,0.000159643325427208,2.65084036839735
"Q9NVK5_FGFR1OP2",0.0482834776514167,17.1030028033273,0.524098762728702,0.615425026897787,0.671774218510988,-7.89563935578393
"Q9NVM4_PRMT7",-0.0510610253711299,18.2745044935932,-0.577111790696994,0.580863809999917,0.639277982760725,-7.86386471020189
"Q9NVM6_DNAJC17",-0.161555452797419,19.3881309983422,-1.79040442553197,0.11389769421178,0.157739596171667,-6.5382205037821
"Q9NVM9_INTS13",-0.260670303213725,18.5202100549163,-4.2577999573939,0.00325227826854432,0.00763702316343622,-2.84557153826024
"Q9NVN8_GNL3L",-0.85274699792372,19.5485703491976,-13.2082343051113,0.00000193193164483655,0.0000306769772246906,5.36056275833023
"Q9NVP1_DDX18",-0.475681625073467,21.2592545857956,-7.45862944400083,0.00010348310722601,0.000499741278451448,0.949251505987398
"Q9NVP2_ASF1B",0.495108214373676,17.9952240525305,1.94581876031413,0.0952850950845521,0.13501088547189,-6.32776407766066
"Q9NVQ4_FAIM",0.193034151607197,18.4424252950027,2.33766559224845,0.0498432961311143,0.0774480307197662,-5.72692901501341
"Q9NVR0_KLHL11",-0.166669205988281,17.8313481498162,-2.01665924551446,0.081053536035908,0.117696295358747,-6.2102146488349
"Q9NVR2_INTS10",-0.171573810577982,19.0227080155807,-2.68549414209562,0.0295105475795871,0.049018830506735,-5.1916676366228
"Q9NVR5_DNAAF2",0.299753067566421,17.8023219778266,3.7557950094833,0.00633826494655622,0.0133284056354732,-3.56659631415643
"Q9NVS2_MRPS18A",-0.506376715141723,19.9439012100743,-6.17840833083903,0.000353372138445716,0.00126067002111544,-0.410750456712517
"Q9NVS9_PNPO",-0.0568598944991159,21.2201764049621,-1.24317200254629,0.251469407515245,0.314223149919657,-7.25289399244457
"Q9NVT9_ARMC1",-0.184644629451206,19.6561865056724,-2.95733121248395,0.0197133273903105,0.0347323530532087,-4.77199785882849
"Q9NVU0_POLR3E",-0.673430025889918,18.2290124681991,-9.94516098429167,0.0000144606576898274,0.000117759916904526,3.13347408291341
"Q9NVU7_SDAD1",-0.788085017969443,19.1197908629057,-14.3964333705596,0.00000103866049938471,0.0000203609581400002,6.04333225088983
"Q9NVV0_TMEM38B",-0.233092698182592,17.8408833156976,-2.47617235443701,0.0404243043729477,0.0643371540198034,-5.51456723468055
"Q9NVV4_MTPAP",-0.186808405465221,18.8838596039542,-2.52872939871286,0.0373438550521167,0.0601901592554354,-5.43364585583002
"Q9NVV5_AIG1",1.64778260505499,17.3943689882325,8.22800681661719,0.000166997822611333,0.00071398844226071,0.780042751392102
"Q9NVW2_RLIM",0.141272871909889,15.8642552086091,0.745915517863387,0.47989696829327,0.54601291560787,-7.74295777918915
"Q9NVX0_HAUS2",-0.129613554016874,16.7273086161255,-1.2866306979865,0.236727321496359,0.29775888991257,-7.20162921249285
"Q9NVX2_NLE1",-0.532265987431071,18.9336205420473,-8.00647447495684,0.0000642968439789635,0.000349815304223173,1.47729355806843
"Q9NVX7_KBTBD4",-0.0268011113452644,17.8087648540247,-0.332426005107237,0.748718840067286,0.789293901254578,-7.98630058531329
"Q9NVZ3_NECAP2",0.630022674543159,18.937715533541,8.63823287567277,0.0000383449706828009,0.00023626080539693,2.05108037736632
"Q9NW08_POLR3B",-0.480135998628224,18.2441965397813,-6.61918462809752,0.00022696654776147,0.000907627530112379,0.0789057138134304
"Q9NW13_RBM28",-0.498698400473707,20.5944117992005,-8.97291998284431,0.0000295317434027071,0.000194812177208144,2.34101041765548
"Q9NW15_ANO10",0.334966679254478,18.7301647277213,4.31251184277971,0.0030310305193718,0.00719538643269099,-2.76904841124736
"Q9NW64_RBM22",-0.0991993833297862,21.8737304413498,-1.27678740246583,0.240000267946202,0.301248476864294,-7.21333988824531
"Q9NW68_BSDC1",0.255315291339048,18.1009114263412,2.45833033640069,0.0415281030943272,0.0658596230474255,-5.54200288753569
"Q9NW75_GPATCH2",0.171592793673195,17.8130761558037,2.5054166535923,0.038679481735041,0.0618969362669307,-5.46955799973936
"Q9NW81_DMAC2",0.020793599136713,17.7576106511561,0.256274787988949,0.804666368285584,0.836334025304749,-8.0113996571417
"Q9NW82_WDR70",-0.0870957290808327,19.22004591087,-1.51283188011405,0.171491646780653,0.225473719172626,-6.91790315473504
"Q9NWA0_MED9",-0.0844845508156311,16.8420196584111,-0.658664998940793,0.52991841432226,0.592816511153862,-7.80956753443155
"Q9NWB6_ARGLU1",0.692234770625078,19.0311837112443,4.53641774802917,0.0026459663564021,0.00642772919412149,-2.56667602498501
"Q9NWF9_RNF216",-0.673736001959043,20.4508428873273,-8.940804568211,0.0000302702346714574,0.000197268420540563,2.31359078458969
"Q9NWH9_SLTM",0.343784032768617,21.1013219941263,7.44669480863129,0.000104593591994189,0.000504143764707099,0.937412443597093
"Q9NWK9_ZNHIT6",-0.430995162110911,17.5249655540954,-5.45139946849142,0.000771930089299633,0.0023261886922397,-1.27247446002024
"Q9NWL6_ASNSD1",0.398690852632956,16.3518861874787,0.784155348910931,0.464539606188657,0.53156134266149,-7.70531195116354
"Q9NWM3_CUEDC1",-0.594379753859002,15.9173745071655,-8.89687836997948,0.0000313141331249893,0.000202048498274568,2.27595134126172
"Q9NWQ9_C14orf119",-0.0550850416949729,17.3709846190984,-0.652274244488085,0.533809783695946,0.596205171041316,-7.81405468210604
"Q9NWR8_MCUB",0.0590654425278352,17.4094334425077,0.596618085102912,0.568427960982825,0.627762327893813,-7.8514682317506
"Q9NWS0_PIH1D1",-0.400483923868173,19.4123259364579,-7.48959801337849,0.000100662574860755,0.000487979314462015,0.979903412063907
"Q9NWS6_FAM118A",0.24133205108814,16.9177709053107,2.77248390707057,0.0259170949312539,0.0438738980741414,-5.05724473693854
"Q9NWS8_RMND1",0.833659046280502,21.5894109184211,12.111339576773,0.00000359371965012987,0.0000466909093096641,4.6755220351451
"Q9NWT1_PAK1IP1",-0.203291635410611,18.7652429421002,-1.83151456718463,0.107104916011586,0.149530101171829,-6.4796651939267
"Q9NWT6_HIF1AN",0.0511655406974398,17.8531115432836,0.690385030787904,0.510864479484586,0.575223572310846,-7.78672258677472
"Q9NWT8_AURKAIP1",-0.482519469065501,18.3860661088363,-5.72349596292119,0.00057170434737505,0.00184409807724115,-0.941763818485619
"Q9NWU1_OXSM",0.119410872468489,19.7295778889682,2.05483372539242,0.0765075453688364,0.111950055805189,-6.15365367862704
"Q9NWU2_GID8",-0.434141438366279,20.087624814395,-9.12975495409975,0.0000262041401885453,0.000177478798106924,2.47372238559836
"Q9NWU5_MRPL22",-0.592743452536784,20.7263192988371,-8.29586312985492,0.0000505369553558213,0.000291195213152004,1.74458853397908
"Q9NWV4_CZIB",0.718649806400595,21.1547103748621,11.3703052071949,0.00000563112649192825,0.0000618042541090999,4.17874396219143
"Q9NWV8_BABAM1",0.196492297150083,19.7933828975148,2.71302756694903,0.028320403286238,0.0473566465871211,-5.14912128624628
"Q9NWW5_CLN6",-0.134661102006529,18.7728977436379,-1.04888636391642,0.327800596300234,0.395189623626499,-7.46641735017009
"Q9NWW6_NMRK1",-0.278972724990187,17.8687845344253,-2.20050867720827,0.0613585864175305,0.0924694686530091,-5.93532936060702
"Q9NWX5_ASB6",0.122930099521767,17.1658810011285,1.46328914291635,0.184225686708673,0.239852888241384,-6.98228217374644
"Q9NWX6_THG1L",-0.53762373136535,19.2994147907371,-7.9125811338576,0.0000696282344238928,0.000372978697423508,1.38888328583587
"Q9NWY4_HPF1",-0.307756881128523,17.9140927610074,-4.35478677137885,0.00287131552111868,0.00687582910859473,-2.71020700459675
"Q9NWZ3_IRAK4",0.691018279863581,17.6669026369316,6.5123136224189,0.000252174172284182,0.000975199197341824,-0.0376520021199926
"Q9NWZ5_UCKL1",0.157291269781108,18.8340242121277,2.68567776674111,0.0295024410927713,0.049018830506735,-5.1913839047418
"Q9NWZ8_GEMIN8",0.493594026823342,18.4267734666761,7.80008918608673,0.0000766787447051165,0.000400908647505844,1.28184364861543
"Q9NX00_TMEM160",-0.207888730709463,18.3120972424961,-2.46822797788826,0.0409120392563364,0.0650045896351984,-5.52678572793637
"Q9NX01_TXNL4B",-0.32842159677708,18.667952564842,-3.68468443508992,0.006987540712873,0.0144973362417109,-3.67134254081119
"Q9NX04_C1orf109",0.410521917333508,17.0422804104917,3.25244822809803,0.0128355822397344,0.0242648041554783,-4.31995446045549
"Q9NX05_FAM120C",0.788382391587945,19.5508831104783,9.19099856826109,0.0000250208474647047,0.000171238503032781,2.52501624917923
"Q9NX07_TRNAU1AP",-0.0227645564163375,17.4351035905105,-0.154593598675398,0.881267320809446,0.901414637180829,-8.03491546214278
"Q9NX08_COMMD8",-0.173655065161412,18.9422289869063,-3.06059599625382,0.0169453688336945,0.0305056746388356,-4.61320857947232
"Q9NX14_NDUFB11",-0.0521925503555991,21.947211339708,-0.923564523993912,0.384625379969467,0.451320678810207,-7.59096461954296
"Q9NX18_SDHAF2",-0.0177181316055979,19.6737974602859,-0.119683090916644,0.908099061455307,0.923395917303351,-8.04027237604735
"Q9NX20_MRPL16",-0.48486820631134,19.7927690606461,-6.48594536195831,0.000258863462266349,0.00099742426241026,-0.0666201907921931
"Q9NX24_NHP2",-0.00390678504033914,20.2957012490413,-0.0456339505110447,0.964800297350871,0.970982889570965,-8.04726218310607
"Q9NX38_ABITRAM",0.197271116611077,16.7302674205969,2.18019215672034,0.0632774867867358,0.0950787365665572,-5.96598809094733
"Q9NX40_OCIAD1",0.204387636431751,20.124277258972,3.75399673934977,0.00635385820690438,0.0133575029081577,-3.56923764895017
"Q9NX46_ADPRS",0.254666407201757,19.3137528268174,3.18658171283812,0.0141127251427745,0.0261872133290907,-4.42033494187737
"Q9NX47_MARCHF5",0.0938041366541356,19.1553314222186,0.926915536111271,0.382992240161519,0.449820719374384,-7.58781396504385
"Q9NX55_HYPK",-0.539663440367747,20.5594949913946,-4.40506911181091,0.00308242534951402,0.00729689611217044,-2.73646830960379
"Q9NX57_RAB20",0.622641091706644,16.7359731311894,3.93019786489569,0.00666397838964141,0.0139133185922626,-3.44473789176652
"Q9NX58_LYAR",-0.163931673976215,20.6685028898729,-2.54337536189051,0.0365290174983249,0.059019597735047,-5.41107155913966
"Q9NX61_TMEM161A",-0.90520670347194,16.0856347392823,-7.33729693131409,0.00050373858873866,0.0016623629010059,-0.0674060096696598
"Q9NX62_BPNT2",-0.0883248777399714,21.0163983519993,-0.939531024837273,0.377098472666229,0.444133010699804,-7.57564904972989
"Q9NX63_CHCHD3",-0.241975172729965,21.9026968090016,-4.86858675836267,0.00151881451657735,0.00403637428829047,-2.0153268979186
"Q9NX70_MED29",0.00280481378080921,18.6421599891847,0.0375680502171332,0.971018246954274,0.976280870632413,-8.04764226359669
"Q9NX74_DUS2",-0.258983372776779,18.8218685773383,-4.14711085006921,0.00375563485407684,0.00863001773417173,-3.00165646988072
"Q9NX78_TMEM260",0.224698178987001,15.8854562072568,2.77365518821715,0.0258719369198606,0.0438072021844301,-5.05543498497758
"Q9NXA8_SIRT5",0.633884435901642,18.9316775498609,11.0765171564327,0.00000677836502607373,0.000069389292581853,3.97342787393189
"Q9NXB0_MKS1",-0.264436827853444,15.1610533603748,-2.57512784031716,0.0712410139464898,0.105379064970245,-5.37602649131249
"Q9NXC5_MIOS",1.45327172714893,18.5135395386315,22.5334195174841,0.0000000394214677458686,0.00000289834351602996,9.58139398929855
"Q9NXD2_MTMR10",0.776656046699278,16.306517276696,10.0919208498854,0.0000130523135776597,0.000109094392386461,3.24713942506852
"Q9NXE4_SMPD4",0.218765384185279,19.5428023743194,2.31777209486386,0.051368011744229,0.0794116051476842,-5.75729168717073
"Q9NXE8_CWC25",0.251866118631085,16.9775735905628,1.86081427803646,0.102501860192391,0.144002428633788,-6.43762518814321
"Q9NXF1_TEX10",-0.327466852975778,19.1642327773926,-5.77505899189432,0.000540663793353242,0.00176341715790942,-0.880215765019945
"Q9NXF7_DCAF16",0.224621674252653,16.450498813104,1.96987308213524,0.086986770775528,0.125093851109598,-6.27910587174183
"Q9NXF8_ZDHHC7",-0.00110837259227736,16.0014848193069,-0.0151060014716366,0.988343917145718,0.990166469153099,-8.04831243994273
"Q9NXG2_THUMPD1",0.0238580004602156,20.6934549933386,0.460633506971173,0.658196329650022,0.709702478497033,-7.92992255316486
"Q9NXG6_P4HTM",-0.836803731640579,17.7908562237253,-10.502155133106,0.00000986851137603265,0.0000905426990664709,3.55720952843607
"Q9NXH9_TRMT1",-0.693029669855918,18.907443790842,-11.3965366264302,0.00000553983142314992,0.0000616561621624856,4.19683714794916
"Q9NXK8_FBXL12",0.251959638478699,16.7613222403917,1.30732410223458,0.231433547499683,0.291872585356092,-7.1760824361412
"Q9NXN4_GDAP2",0.353693207496171,18.6852989979602,4.85824213686791,0.00153783081224167,0.00407780400295899,-2.02894584352952
"Q9NXR1_NDE1",0.369452875825086,16.7377986377026,2.38614385667508,0.0463165040016472,0.0726507175575436,-5.65277802645139
"Q9NXR7_BABAM2",0.362014821808565,19.7985511109185,5.15000035637644,0.00108900455050251,0.0030587033275931,-1.65067503112501
"Q9NXR8_ING3",-0.55589192345338,17.5147822452672,-6.95188625007082,0.000164822775465918,0.000707472929003259,0.433226732055946
"Q9NXS2_QPCTL",1.16947509518809,18.0673035359257,10.5093092999714,0.00000982135433871738,0.0000902188660631454,3.56251968299114
"Q9NXU5_ARL15",-0.223717396931946,17.4947682056179,-3.13997890436777,0.0150973111266803,0.0277300527480151,-4.49155521523404
"Q9NXV2_KCTD5",-0.346133097003953,17.4653103040368,-3.68117840643449,0.00702135276102204,0.0145595444657398,-3.67652255754082
"Q9NXV6_CDKN2AIP",-1.28996636368521,18.3326078036279,-20.1306973906681,0.0000000902757089444901,0.00000472256282508824,8.69818023795681
"Q9NXW2_DNAJB12",-0.155998253141252,19.4534466797328,-1.83934226938638,0.105856141185258,0.147922434292683,-6.46845816312588
"Q9NXW9_ALKBH4",0.477945032825211,21.0131453794253,6.43281377143443,0.0002729510471442,0.00104167870776657,-0.125245320310063
"Q9NXX6_NSMCE4A",0.0476072714152309,18.0509495382212,0.418849183921918,0.68712942236525,0.734857478418179,-7.95021231801042
"Q9NXZ2_DDX43",-0.270819966257676,16.7714676601937,-2.50488739667131,0.0387103650421926,0.0619333269900961,-5.47037298021409
"Q9NY12_GAR1",0.322362000751305,20.4236902521539,2.52356587717186,0.0393844299698167,0.0629059164952595,-5.4617095036449
"Q9NY26_SLC39A1",0.121853597208833,16.8692052238141,0.402408047808381,0.700106813063003,0.74663662649428,-7.95641719305721
"Q9NY27_PPP4R2",0.0958798111016286,19.7490460048345,1.31558365526691,0.22732100117337,0.287512862384169,-7.16685448695695
"Q9NY33_DPP3",0.0943238610324535,22.8666136605869,1.56658057494688,0.158582008934497,0.210943469736933,-6.84678641972558
"Q9NY61_AATF",-0.741550949293995,19.4159237410671,-5.72686446598825,0.000654425084018117,0.00205344768524827,-1.04632667905636
"Q9NY65_TUBA8",0.147150989646139,16.4058323718094,1.44748947016034,0.188461500847468,0.244363821248865,-7.00256525986394
"Q9NY93_DDX56",-0.969470993607796,19.892680789241,-11.4483619907495,0.00000536432249140125,0.0000604459805475525,4.23247075766757
"Q9NYA4_MTMR4",-0.454960329464125,17.8565965149733,-4.66965591233752,0.00193462894857932,0.0049395058015758,-2.2799027115492
"Q9NYB0_TERF2IP",0.157341811879938,19.5222192183071,1.90324306901923,0.0961717018061684,0.136165667151474,-6.37632088992187
"Q9NYB9_ABI2",0.244269461804169,19.2261823023445,4.39150973050286,0.00274001390883687,0.00662024961582378,-2.65929704868453
"Q9NYF3_FAM53C",0.467768368995504,18.5609524364335,1.86424417906048,0.108345854634866,0.151068482191162,-6.4452827318752
"Q9NYF8_BCLAF1",0.061711584585737,21.3945164520195,1.120818330037,0.297161455602441,0.363319407058698,-7.39081843126349
"Q9NYG5_ANAPC11",0.113241822004557,15.5308767093016,1.30976473110509,0.229185229053609,0.28946908870504,-7.17388245942782
"Q9NYG8_KCNK4",-0.151894403641206,15.3800963954656,-1.90356712498934,0.11048039160671,0.153734697870588,-6.26855314130541
"Q9NYH9_UTP6",-0.497078731057368,18.22081945096,-4.13278948933694,0.00382672557295214,0.0087668899722512,-3.02197428716661
"Q9NYJ1_COA4",-0.316505685966462,16.7918988298,-2.13793724076221,0.0674619293550839,0.100472965473814,-6.029548336357
"Q9NYJ8_TAB2",0.396805695177015,17.9743166576928,4.57442742954135,0.00217666279633454,0.00546635125867656,-2.40855596746153
"Q9NYK5_MRPL39",-0.530775909402148,20.4106246602884,-6.88230431698948,0.000176057434922056,0.000747087200668328,0.360171878154313
"Q9NYL2_MAP3K20",0.507777480803909,17.5099586402096,4.59270900796755,0.00212773941898793,0.00536235454632942,-2.38375728442679
"Q9NYL4_FKBP11",-2.8813577039919,18.4067398772126,-27.6796690787854,0.00000000864378696648293,0.00000125919512517034,11.1650402750769
"Q9NYL9_TMOD3",2.90314097870263,21.2267679734813,63.7846505484318,0.0000000000175667796812257,0.0000000548458542855443,16.7626459008908
"Q9NYM9_BET1L",-0.075609589002859,16.4797119413453,-0.993193258678161,0.3517469470079,0.419577840317633,-7.52366852863987
"Q9NYP7_ELOVL5",-0.672096101666508,19.2425084855417,-3.76554098125159,0.00752496202555343,0.0154271862982101,-3.67284532321326
"Q9NYP9_MIS18A",-0.436415452382171,17.6932725157262,-3.70802694822024,0.00676684575853835,0.014100994202587,-3.63689204836135
"Q9NYR9_NKIRAS2",0.509384887680621,18.3575185448563,6.07638578812061,0.00039276657703093,0.00136597283260048,-0.527517177777469
"Q9NYS0_NKIRAS1",0.0603025358232756,17.1803523208867,0.43628269762022,0.674986474897465,0.724519775341535,-7.94196951952039
"Q9NYU2_UGGT1",-0.146516822711934,21.345908061683,-2.60928116834979,0.0330821277477748,0.0541589891626292,-5.30938876140447
"Q9NYV4_CDK12",-0.559319576667566,18.3420488213169,-7.39675401371592,0.000109387269574613,0.000519026557944173,0.887711076233803
"Q9NYV6_RRN3",-0.165176713210176,17.7011469588755,-1.35327967771252,0.21555876434276,0.274491873696807,-7.12086162161884
"Q9NYY8_FASTKD2",-1.13639434614482,18.9467227834075,-11.2782210195188,0.00000596530462847819,0.000064357598587525,4.11492167830087
"Q9NYZ1_TVP23B",-0.0446138676208818,16.6211569372012,-0.290251473166726,0.779531090331078,0.815222531700561,-8.00098525259344
"Q9NYZ3_GTSE1",-0.287065027893032,18.2269506438538,-4.65380763570784,0.00197277468760285,0.00502172833798772,-2.3012238746716
"Q9NZ01_TECR",0.2049792799451,20.7475609307129,1.87429186409494,0.101831489574471,0.143166415841669,-6.42115566399921
"Q9NZ08_ERAP1",-1.12114079217359,19.2983669028281,-16.6331297746368,0.000000364323332413973,0.0000103397136803757,7.18942557414761
"Q9NZ09_UBAP1",-0.648511508061834,17.9652618641261,-8.95003092689721,0.0000300559733096353,0.00019724394563683,2.32147667462318
"Q9NZ32_ACTR10",-0.166009256062697,19.7598981644599,-2.39369883393329,0.045790107477234,0.0718991654566148,-5.64120327453058
"Q9NZ43_USE1",-0.439620327111992,18.1618344244493,-5.68717365762305,0.000594755131832649,0.00190391731175048,-0.985332658046633
"Q9NZ45_CISD1",0.228159540376339,19.3453529180346,3.12233980632999,0.0154887114416026,0.0282918201788736,-4.51855171588047
"Q9NZ52_GGA3",-0.390715958603767,17.6664247074382,-4.52646728601585,0.0023109624878664,0.00573480609550142,-2.47383948252689
"Q9NZ53_PODXL2",-0.506501626175684,17.5022241674018,-3.30000925488929,0.0123027943217455,0.0234406446921834,-4.26306681157905
"Q9NZ63_C9orf78",0.0537232522779156,19.1652943086259,0.687077935191646,0.512830625485658,0.57692497225912,-7.78914866516715
"Q9NZ71_RTEL1",-0.585227638873839,17.0783340581995,-4.33926699242209,0.00292885689264941,0.00698553951881197,-2.73177947229387
"Q9NZB2_FAM120A",0.412979848661873,20.5880989826282,6.65151944463769,0.00021990295963864,0.00088449598678556,0.113904589421399
"Q9NZC3_GDE1",-0.15914231177274,17.9681941708337,-2.14453595017011,0.0667907982552771,0.0995904355086527,-6.01964150544974
"Q9NZC7_WWOX",-0.763775087074723,17.9345289635256,-10.1879020557176,0.0000122149153426129,0.000104272330073977,3.32068367053265
"Q9NZC9_SMARCAL1",0.141164156897638,16.7912072392996,1.93176596752931,0.0921301531078213,0.131200513862215,-6.3348405969117
"Q9NZD2_GLTP",0.886522730737642,20.3484724491415,18.5977248943968,0.000000161280230696644,0.00000619544158928623,8.07354950713983
"Q9NZD8_SPG21",-0.172037604171532,19.8596918167369,-2.99378645130365,0.0186854816340733,0.0332091141907098,-4.71588024043717
"Q9NZE8_MRPL35",-0.528001751952097,19.0767832651612,-6.72211269479983,0.00020531759151614,0.000839594409178366,0.189887937953472
"Q9NZI5_GRHL1",-0.118235158558925,16.8016107818832,-1.45798349001329,0.185638519936335,0.241444354075883,-6.98910705530842
"Q9NZI7_UBP1",0.762934508592917,18.5518087370886,8.01141820885809,0.0000640290808173759,0.000348607865924811,1.48192535686798
"Q9NZJ0_DTL",-0.173705732697556,17.4103499432365,-1.97717272599785,0.086033916802342,0.123840645571274,-6.26839002318728
"Q9NZJ5_EIF2AK3",0.128889886999293,15.9284775607617,0.689800182056775,0.524572854924976,0.588220718643575,-7.14378698386871
"Q9NZJ6_COQ3",-0.0931420334791007,17.757309921003,-1.10837399555641,0.302166602754155,0.368254956024371,-7.40428665342696
"Q9NZJ7_MTCH1",0.34441004669414,20.1510367848808,5.98531677908212,0.00043208467904121,0.00147904413536789,-0.632869037085532
"Q9NZJ9_NUDT4",-0.166516649691179,16.5191886945667,-1.46300670704358,0.184300652949936,0.239909424326068,-6.98264582881755
"Q9NZL4_HSPBP1",-0.310159195883848,21.597012551539,-5.31580277453485,0.000899811882310646,0.00261919983806153,-1.44105950857506
"Q9NZL9_MAT2B",-0.210330942985653,21.9428050752035,-4.24666166149432,0.0032994419935126,0.0077308042600876,-2.86120125423525
"Q9NZM1_MYOF",-0.608600736387558,20.382323977193,-5.99348687456933,0.000459389295284908,0.00155225010214883,-0.678790799083514
"Q9NZM3_ITSN2",-0.0569629976496593,18.1824037789569,-0.811351911574223,0.442289502374538,0.509627928353392,-7.6910951073952
"Q9NZM4_BICRA",0.151885456647602,16.6278167388608,1.60393908853462,0.150139082466441,0.201190602755418,-6.79661996474271
"Q9NZM5_NOP53",-0.832245465969464,19.9840613657671,-11.2160282020472,0.0000062036472615246,0.0000659007556859723,4.07154398510698
"Q9NZN3_EHD3",0.433798010455877,17.2643340243517,3.55733862619054,0.00833607857286913,0.0167824811077932,-3.8604009492133
"Q9NZN5_ARHGEF12",0.283341405317273,17.6972013570677,4.22149534392968,0.00340877186372889,0.0079384932013233,-2.89657903065262
"Q9NZN8_CNOT2",0.130591407066632,19.3681815884433,0.948178884675612,0.374392287715145,0.441376192395104,-7.56586613471114
"Q9NZQ3_NCKIPSD",0.605571109977909,18.2831648967917,7.06704724411209,0.000147944616544927,0.000650819406269933,0.552945069438895
"Q9NZR1_TMOD2",1.6837160144498,16.6980599780322,2.71865735758635,0.046626894659851,0.0730020915567779,-5.32044823318323
"Q9NZT2_OGFR",-0.523568901970954,21.188509024176,-8.76076440334044,0.0000348145988988952,0.000218842842334708,2.1583092935662
"Q9NZU5_LMCD1",3.17650074425266,19.5372239901592,24.7369003888623,0.0000000327640992648717,0.00000259587228133973,9.83809505888028
"Q9NZW5_PALS2",1.52025844892577,18.8620677787082,25.6621475213896,0.0000000151183192162786,0.00000169102846998552,10.5874603829978
"Q9NZZ3_CHMP5",0.0881817884362839,20.5054439898208,0.938151280543794,0.37757417186524,0.444624423472212,-7.57716251694945
"Q9P000_COMMD9",0.317750294075193,19.2622857560238,6.34316827798003,0.000298697132597104,0.00111258099438471,-0.224937989873722
"Q9P003_CNIH4",0.410116128343414,18.3401631936292,1.21671918682605,0.269419918906648,0.334019218126156,-7.27744268165189
"Q9P013_CWC15",-0.098369020091237,19.3833423911337,-1.4393718710323,0.190671403274238,0.246766495372444,-7.01293837121939
"Q9P015_MRPL15",-0.525370950528071,20.3026412104387,-9.50206289355256,0.0000198660688883242,0.000148778420856297,2.78107742637367
"Q9P016_THYN1",0.350256941680875,19.2927054561817,3.37712023547457,0.0107425252749615,0.0208437875615706,-4.13095606570521
"Q9P021_CRIPT",0.0932931224717173,17.2400767265899,1.07224299569023,0.31708333145692,0.383841877561832,-7.44277449901683
"Q9P031_CCDC59",-0.445777475426393,18.9166737729565,-7.81650685212406,0.0000756016198173199,0.000396845606458905,1.29754223953652
"Q9P032_NDUFAF4",0.0886189835913953,18.8589827645444,1.32284122380423,0.225014207867647,0.284863193249222,-7.15806179692602
"Q9P035_HACD3",0.610456562981533,21.6790415576159,8.32661719813387,0.0000492801893314093,0.000285907795617619,1.77254383365285
"Q9P086_MED11",-0.0498534826256538,16.9582343350959,-0.411878103963097,0.692012764667139,0.738937117514847,-7.95341862017344
"Q9P0B6_CCDC167",0.262397347160615,16.1697477794402,1.20528834261666,0.278323391847553,0.343823932561046,-6.80853670550012
"Q9P0I2_EMC3",0.0545384902517796,20.3280877271537,1.07834824721334,0.314522352176191,0.381114706173667,-7.43633611473536
"Q9P0J0_NDUFA13",-0.222378291378671,21.7686300720168,-4.74110592219218,0.00177241315355825,0.00459731820193532,-2.18422440361118
"Q9P0J1_PDP1",1.99500517964318,18.4734466856397,27.8979621937635,0.00000000815611287880125,0.000001245924731569,11.2245942688198
"Q9P0J7_KCMF1",-0.194459528980818,17.1498398716856,-2.50922585459258,0.0384579487818509,0.0616072364015918,-5.46369194612181
"Q9P0K7_RAI14",0.25560092682678,20.5124453195187,4.20972608439379,0.00346124931560108,0.00803364732818487,-2.91315385182468
"Q9P0L0_VAPA",0.177303450987591,22.2567082510726,4.09690865809667,0.00401134142137299,0.00910482329184213,-3.07300127506339
"Q9P0M6_MACROH2A2",0.706820753368707,19.9480494822114,4.80624708567299,0.00198768695506278,0.00505630333786203,-2.24041228767678
"Q9P0M9_MRPL27",-0.501617802937357,18.7520500172846,-6.45578275468187,0.000266758776419661,0.00102030944383053,-0.0998595636616697
"Q9P0N9_TBC1D7",-0.0054586373729073,15.3844961829754,-0.0659796058565316,0.950249812574386,0.958186407853742,-7.89590439575248
"Q9P0P0_RNF181",-0.293579980789406,19.0044776379195,-2.46645320110946,0.0416656429237743,0.0660502042680757,-5.53618895277155
"Q9P0P8_MTRES1",0.362467807806929,16.9283422604357,3.12390918278207,0.0154534571184029,0.0282558567671673,-4.51614894701083
"Q9P0R6_GSKIP",0.445181287592344,19.1687658565839,3.80397476496729,0.00616716813491207,0.0130009647544737,-3.52121879566756
"Q9P0S2_COX16",0.0934937942989755,18.8100479780089,1.56635272403713,0.158634812289679,0.21097033892095,-6.84709057599466
"Q9P0S9_TMEM14C",0.549562717029893,18.9488282053136,1.99577780232604,0.0915587629683619,0.1305334491354,-6.26485978481274
"Q9P0T4_ZNF581",0.0154851360021304,16.0989893250556,0.165130224933428,0.873229841713014,0.894998810951245,-8.03302291694281
"Q9P0T7_TMEM9",0.432939415186095,17.9481396677573,1.95131865998113,0.0937151511021555,0.133133627060701,-6.31782046982125
"Q9P0U1_TOMM7",1.07586926652816,17.2556895812885,3.99186990317029,0.0123375097300517,0.0235009013290191,-3.78157166503268
"Q9P0U3_SENP1",0.151270130227303,16.7842414439689,1.09926145192957,0.305874593683412,0.371999066126644,-7.414080551324
"Q9P0U4_CXXC1",0.0552150615533087,17.9775419807331,0.821505535825685,0.436834215462326,0.504565078634238,-7.68247454625686
"Q9P0V3_SH3BP4",0.605424680495194,20.856175696411,4.66917473551714,0.00226005263749682,0.00562867071408016,-2.39340140068711
"Q9P0V9_SEPTIN10",1.17113944131444,18.1131314369716,12.1957340016574,0.00000341998715679316,0.000045511575899938,4.73028038204503
"Q9P0W2_HMG20B",-0.0654950604059081,18.8412641046241,-0.940639333518845,0.376357571146839,0.443329051594062,-7.57481655805272
"Q9P107_GMIP",-1.12798792371233,17.9152845177654,-9.3872628131875,0.0000216149625778368,0.000157474526213627,2.68743387623519
"Q9P1F3_ABRACL",0.0576428884623503,21.8869684026527,0.904064210372837,0.394231256238342,0.461453206363316,-7.60911836243511
"Q9P1Q0_VPS54",-0.167243758261074,16.052641477026,-1.76543896231398,0.124426968212747,0.170428870921331,-6.52238916559389
"Q9P1U0_POLR1H",0.203967387135322,17.6480393528862,1.11911353989718,0.299777767035895,0.365988715260838,-7.390984582032
"Q9P1U1_ACTR3B",-0.737719129281018,16.1245999686297,-3.86143375195267,0.0111022276449291,0.0214650593460424,-3.66550351006775
"Q9P1Y5_CAMSAP3",-0.253821274197744,19.1799279695901,-3.91430622191807,0.00511347004701078,0.0111027842356734,-3.33535538780813
"Q9P1Y6_PHRF1",-0.0378113434531748,17.3690389377237,-0.541849529589804,0.603730594716666,0.661096300520438,-7.8853144571938
"Q9P206_KIAA1522",0.565207544546833,19.2841454307702,9.32157217316542,0.000022693216348477,0.000159967195131155,2.63340135015078
"Q9P215_POGK",-0.216245943222308,17.7549191395513,-1.85985926980957,0.102648856223364,0.1441823084829,-6.43899934077786
"Q9P219_CCDC88C",0.590537675640917,18.5054461163052,9.13595207113085,0.0000260815898490172,0.000176806214252785,2.47892612191598
"Q9P246_STIM2",0.138895031696514,19.1134706748846,2.34330878375173,0.0494191592603096,0.0768517941799049,-5.71830873683657
"Q9P253_VPS18",0.0389689753080731,19.5886209494124,0.496167725477165,0.63406751135755,0.68886123287895,-7.91123729247582
"Q9P258_RCC2",0.091918628291829,23.0315858743499,2.03249155199891,0.0791368547129182,0.115287285375686,-6.18679350400819
"Q9P260_RELCH",-0.266208803543492,17.953262339541,-3.80296400298103,0.00594364154988144,0.0125897908787225,-3.49745543611076
"Q9P265_DIP2B",1.03443489748118,19.3077586503198,19.0952838762701,0.000000132940107262376,0.00000564884053540577,8.28206457470811
"Q9P270_SLAIN2",-0.370132232861867,18.6155541697646,-6.03846573663095,0.000408633641514038,0.00141340039897943,-0.571255078637527
"Q9P275_USP36",-0.972100772958679,18.5987923320003,-13.563832286826,0.00000159601964537313,0.0000272793829723776,5.57096590165238
"Q9P287_BCCIP",-0.249704796400305,21.1738977831451,-4.28811597061115,0.00312758879844529,0.00738312861606918,-2.80311827076778
"Q9P289_STK26",0.084072033224885,20.7280700826715,1.31221246600819,0.22839944154895,0.288572450568324,-7.17092850706417
"Q9P291_ARMCX1",-0.781895375077951,16.1561512035525,-6.64524530107871,0.000412638395312687,0.00142337525568463,-0.34040844376328
"Q9P2B2_PTGFRN",0.932144139034907,19.1403979486392,12.1096609068266,0.00000359727489553815,0.0000466909093096641,4.67442920604295
"Q9P2B4_CTTNBP2NL",0.661893392960572,18.3750451334203,9.01608386537177,0.0000285708656235746,0.00018962478528177,2.37773164629684
"Q9P2C4_TMEM181",1.80886326600421,17.3781352418937,22.7365459034003,0.000000036901576768735,0.00000275169993042155,9.65131009206147
"Q9P2D0_IBTK",-0.0682856335489035,21.0333202913058,-0.397244986451714,0.703728766888463,0.749448473950385,-7.95873591836816
"Q9P2D1_CHD7",-0.452554385759978,16.9255559709383,-4.71654305464708,0.00182643132105089,0.00471869450676395,-2.21703412576257
"Q9P2D3_HEATR5B",0.0843344899764311,18.6043634698135,0.811167325635711,0.442389111331292,0.509665492394094,-7.69125099315071
"Q9P2D7_DNAH1",0.461856360084131,16.5020937277515,2.93620627548932,0.0241170874693019,0.0412212510767439,-4.83620490479157
"Q9P2E3_ZNFX1",-0.213485470009932,17.6191609562765,-2.54396033508573,0.0364968533406119,0.0589874769461738,-5.41016972888293
"Q9P2E5_CHPF2",-0.148339268420294,16.4612699693554,-1.10064826676175,0.305307937360101,0.371428690268862,-7.41259379551548
"Q9P2E9_RRBP1",0.103705916053023,20.6086985507507,1.54059433390278,0.164708776344332,0.217760290783068,-6.8813298837257
"Q9P2F8_SIPA1L2",0.808702737745822,16.7518379071489,1.56361604402714,0.199273061040843,0.256545514941884,-6.76714881306612
"Q9P2G1_ANKIB1",1.13465903966186,19.3468397043229,11.1797686597593,0.00000634754933035014,0.0000668690584579545,4.04615160739729
"Q9P2G4_MAP10",-0.0333314837794561,15.3085309579805,-0.269482631231727,0.799583212721199,0.832415811108327,-7.49003290775259
"Q9P2I0_CPSF2",-0.163656097484893,20.2439588826379,-3.51498472911425,0.00884447077097745,0.0176935940778681,-3.92368137400864
"Q9P2J5_LARS1",-0.327217453772388,21.959190918771,-4.41282599170703,0.00266681561537896,0.00647011150576472,-2.6298329670069
"Q9P2J9_PDP2",-0.754213644140892,15.7439598703287,-5.76752968824265,0.00164311916476525,0.00432710253095754,-1.54310023156212
"Q9P2K2_TXNDC16",0.588726946643991,17.0310334204132,5.87889267134776,0.000824076834821792,0.00245416147441447,-1.11808357617529
"Q9P2K3_RCOR3",-0.0164783829670156,18.1899280060439,-0.265783201898583,0.797606044486461,0.83138160536714,-8.00861313906704
"Q9P2K5_MYEF2",-0.0103095474865924,20.8930149210244,-0.204982703949004,0.843069803841025,0.869712319003775,-8.02470594099551
"Q9P2K8_EIF2AK4",-0.222424466889212,17.1445180279495,-2.74890663098238,0.0268437371456724,0.0452281655093612,-5.09367646811102
"Q9P2L0_WDR35",-0.514995799822721,16.2634894909036,-3.3173070016771,0.0187139813525798,0.0332392950826068,-4.36067578363797
"Q9P2M7_CGN",1.06976166176553,20.4112471170423,16.8107319087065,0.000000337203588346383,0.00000978920035481906,7.27365907824336
"Q9P2N5_RBM27",-0.516052513281561,19.1973739874891,-8.45325500495463,0.0000444618377828554,0.000263377521944235,1.88676625109839
"Q9P2N6_KANSL3",-0.0618291957517201,17.2948739300808,-0.732245842326373,0.486393067126946,0.551917897742436,-7.75513427448559
"Q9P2P5_HECW2",-0.257048008527256,16.064832448393,-3.09679905630977,0.0240082696599461,0.0410721770205916,-4.68962020502203
"Q9P2R3_ANKFY1",-0.75106582252057,21.2977284964747,-12.9515275135121,0.00000222419644075926,0.0000336326801757752,5.20524922054336
"Q9P2R6_RERE",0.109718055085196,16.0759490496862,0.549287462743114,0.604536912172997,0.661883943283117,-7.39546062134657
"Q9P2R7_SUCLA2",-0.571425725285085,21.3213959891021,-13.1081730382537,0.00000204036345630126,0.0000315426919687549,5.30037146768485
"Q9P2T1_GMPR2",-0.0891487494685386,19.8659757459059,-1.08333670435255,0.312442078285164,0.379137595315404,-7.43105566531211
"Q9P2W1_PSMC3IP",0.317856709540536,17.1277536665173,3.42300737246748,0.010066480959771,0.0197080190939559,-4.06175437388275
"Q9P2W9_STX18",0.945094564483899,18.9230670883858,11.918888559156,0.00000402841374653813,0.0000497833865331624,4.54929703366055
"Q9P2X0_DPM3",0.548034697998631,18.4606220630003,1.38637958847764,0.217696017108835,0.276796373475393,-7.07604086712435
"Q9P2X3_IMPACT",0.272958218517775,17.2578856344211,3.7561586240238,0.0063351169691151,0.0133254700406774,-3.56606227788686
"Q9P2Y5_UVRAG",-0.269599418141354,16.7550866952377,-2.2531066271977,0.056656509632488,0.0863412967871576,-5.85568524519074
"Q9P2Z0_THAP10",0.0646218475767881,15.3774899816027,1.03594976884257,0.332649653556578,0.400464271122401,-7.48049025260373
"Q9UBB4_ATXN10",-0.251355326751501,20.7389306053399,-5.16202962900884,0.00107389411735863,0.00302407947302102,-1.63533738163911
"Q9UBB5_MBD2",-0.577898810488371,18.9554873361514,-9.59061634609281,0.0000186254754795508,0.000142234303712313,2.85264042552527
"Q9UBB6_NCDN",-0.221532609662102,20.5611386716014,-3.87077001049654,0.00542211549504659,0.0116597711210982,-3.39855085891414
"Q9UBB9_TFIP11",-0.199051482772376,19.0325404923477,-3.04052181008156,0.017449535303605,0.0313539252348734,-4.64403286655523
"Q9UBC1_NFKBIL1",0.0610948643648186,15.7614191738034,0.772932471028781,0.466908742230729,0.533710233454603,-7.65932342954156
"Q9UBC2_EPS15L1",-0.229387394315193,20.5031867452208,-4.66368146247932,0.00194891325610731,0.00496930413206577,-2.28793610599039
"Q9UBC3_DNMT3B",0.490396933446544,17.8715245617824,2.80485750106593,0.0261563424767722,0.0442592082043001,-5.0364048322435
"Q9UBD5_ORC3",0.26834910679467,18.8397537038229,4.70568038671634,0.00185089413357314,0.00476893657857632,-2.23157137042503
"Q9UBE0_SAE1",0.0978803088274312,21.835927265772,2.01809602906669,0.080877736696167,0.117463445734399,-6.2080913737813
"Q9UBF2_COPG2",-1.06418154051073,19.4067286655987,-18.8042207701239,0.000000148761743432381,0.00000601852032205688,8.16078954114602
"Q9UBF6_RNF7",0.273613358276734,18.3871959348126,3.19689001704183,0.0139042662243037,0.0258888247006251,-4.40460285415436
"Q9UBF8_PI4KB",-0.412755902472153,18.896409237876,-7.89089225594642,0.0000709290574992592,0.000378454373678088,1.36834096978131
"Q9UBG0_MRC2",-0.96600655331642,16.3876995714053,-7.28746151814894,0.00325321523133491,0.00763702316343622,-1.5875710953414
"Q9UBI1_COMMD3",0.222294590520221,19.5310709851381,4.11409104785266,0.00392175403657482,0.00893223897875042,-3.04854396674709
"Q9UBI6_GNG12",1.39622638028653,19.3716296856706,7.11719582514483,0.000252021330481269,0.000975199197341824,0.128868608940712
"Q9UBK8_MTRR",-0.749166160346839,17.4760896969335,-7.37133680012475,0.000111920987554658,0.000528128793486743,0.862315765053653
"Q9UBK9_UXT",-1.25914722895952,17.9122857700934,-15.3054523805063,0.000000666817760009724,0.0000149611087983303,6.5292669679703
"Q9UBL3_ASH2L",0.0597390321130575,19.5178140971244,0.951656768948862,0.371093703339502,0.438861124162155,-7.56427348896876
"Q9UBM1_PEMT",-0.133406309104064,15.7810321280279,-0.91594998807511,0.406530167293956,0.47395285904933,-6.9507536193242
"Q9UBM7_DHCR7",1.45390167279951,22.8158020661414,10.9806628884121,0.0000129023287576319,0.000108444886491758,3.39437543553656
"Q9UBN7_HDAC6",0.606999073273737,18.3118369608091,7.27103022435728,0.000122580721793612,0.000567122244502562,0.761431293149863
"Q9UBP0_SPAST",-0.303959352449009,17.7477442739313,-3.08173399803205,0.0164310474592791,0.0297346055139844,-4.58077616192485
"Q9UBP6_METTL1",-0.63493517940805,20.071608130511,-9.3401436437958,0.0000223823734391856,0.0001596677609507,2.64871029218043
"Q9UBQ0_VPS29",-0.182357380730064,21.3338369744773,-3.65947845821991,0.00723458238574401,0.0149163007931605,-3.70861550906179
"Q9UBQ5_EIF3K",-0.376739688805568,21.9112665773127,-7.99370643938381,0.0000649942118936803,0.000353356665949487,1.46532044094168
"Q9UBQ7_GRHPR",-0.677038426278191,21.2963162224415,-9.9118448227902,0.0000148036992445495,0.000119402901860068,3.10746363053084
"Q9UBR2_CTSZ",1.31481533288035,17.3309026918837,6.16825217386352,0.000457834136218302,0.00154837102715714,-0.62045814889696
"Q9UBS0_RPS6KB2",0.121392085107633,20.4660613146656,1.55744226031416,0.160712419629783,0.213366846518437,-6.85896752209528
"Q9UBS4_DNAJB11",0.0180015968311267,21.1257034557361,0.386413645568904,0.709981785005059,0.754628487527736,-7.96469285470771
"Q9UBS8_RNF14",0.00448699034280153,19.0029259887092,0.0557979117959656,0.956968717072401,0.964066763185786,-8.0466783660768
"Q9UBS9_SUCO",-0.0553522096595902,15.2705317740454,-0.978210442396441,0.358634960694401,0.426415118186902,-7.53847002044586
"Q9UBT2_UBA2",0.0664592343222203,22.0694122234386,1.65827352651109,0.138597645044223,0.187642165932068,-6.72264493899951
"Q9UBT7_CTNNAL1",-0.0622194962233209,17.8165958267392,-0.886216360207601,0.403176199242078,0.470547517482775,-7.62546088998328
"Q9UBU6_FAM8A1",0.131528913485308,17.9815445374768,1.62227903005397,0.146147532280612,0.196534322936057,-6.77178150672453
"Q9UBU7_DBF4",0.16104452296597,15.4398856859542,0.99375230672956,0.384720412764208,0.451362557378461,-6.80917267833668
"Q9UBU8_MORF4L1",0.35850128735958,19.412898398405,4.91943022893535,0.0014290315658019,0.00384025430732802,-1.948612010495
"Q9UBU9_NXF1",-0.166400602702542,20.462785647926,-2.75608705662633,0.0265579388046277,0.0448155752672981,-5.08258082708349
"Q9UBV2_SEL1L",0.389549142013113,19.1147274320312,6.63510513777981,0.000223457577962506,0.000895100797459727,0.0961533021301637
"Q9UBV7_B4GALT7",0.200902889979989,17.691652391269,1.85205921025724,0.103857050335771,0.145583620503848,-6.45021309111122
"Q9UBV8_PEF1",0.336049725701855,21.1362865895227,5.32661577317627,0.000888798673110305,0.0025930965507008,-1.42752249148037
"Q9UBW7_ZMYM2",-0.708583445433288,19.4491624967847,-9.76256570887633,0.0000164574990176508,0.000128914250801495,2.98996195263438
"Q9UBW8_COPS7A",0.254032430528245,20.3499017381587,4.05088703626956,0.00426242930309094,0.00956091336399978,-3.1387046527002
"Q9UBX3_SLC25A10",-0.122831798653454,21.6945562218656,-0.60538073487361,0.56618706617203,0.625907840800618,-7.84215628725363
"Q9UBZ4_APEX2",-0.153181764282934,15.249805669493,-2.40598039787314,0.0499718702606582,0.0776002542267388,-5.60637490533004
"Q9UDW1_UQCR10",0.550937645320161,19.7885325812638,1.27866379678479,0.253634905465651,0.316720914623501,-7.20277292165123
"Q9UDX5_MTFP1",0.25268005870625,18.5655892904507,3.55784641873744,0.0083301767934903,0.0167750396323239,-3.85964344671761
"Q9UDY2_TJP2",0.437102636240034,20.5912935516098,6.75708037528627,0.000198494874464575,0.000819626501182172,0.227310615576846
"Q9UDY8_MALT1",-0.458004997429526,17.2539273601146,-5.70067330010468,0.000586069883303182,0.00188563770406261,-0.969119149304677
"Q9UEE9_CFDP1",-0.0482864684099127,20.1937978746782,-0.512654457940441,0.623028255743261,0.67851559467114,-7.90212663542552
"Q9UEG4_ZNF629",0.16822889282729,17.9357902723701,2.17839853156486,0.0634497418984327,0.0952434846811681,-5.96869179389043
"Q9UER7_DAXX",-0.689777207884376,18.6857220776357,-9.33884318489243,0.0000224039835473793,0.0001596677609507,2.64763914852949
"Q9UET6_FTSJ1",-0.259638432970686,18.1879843582432,-2.41895274535373,0.0440742024397745,0.0695206104846381,-5.60247891439917
"Q9UEU0_VTI1B",0.314252807098182,19.4030993374876,3.27375472093109,0.0124491867488932,0.0236706584315071,-4.28755825872712
"Q9UEW8_STK39",0.591615006677731,20.980002779576,9.79285323298296,0.0000161058161794845,0.000127207515951359,3.01392963882233
"Q9UEY8_ADD3",0.354717128860869,17.3508401950973,3.33859360727735,0.011347545067216,0.0218560212158128,-4.18921228509867
"Q9UF56_FBXL17",0.0667972157102703,17.0316633422534,0.714974787248724,0.496395729544436,0.561592431788633,-7.76836355201259
"Q9UFC0_LRWD1",-0.068629144901049,19.3273186702235,-1.27344420053782,0.241120646763555,0.302434637085026,-7.21730423214429
"Q9UFF9_CNOT8",0.0241617696030048,18.0811364823186,0.260208026401157,0.801743417690159,0.834010139188669,-8.01025907677134
"Q9UFG5_C19orf25",0.191902226147864,17.5763216724977,1.72642739575399,0.125288489649659,0.17148537921096,-6.62827457523115
"Q9UFN0_NIPSNAP3A",0.268738434592017,20.1616734996784,2.05964691949783,0.0781339850755186,0.11402046819897,-6.15481598510032
"Q9UFW8_CGGBP1",0.356644533927245,19.7297046505759,4.42102673902227,0.00263922610017263,0.00641545340936818,-2.61851469693917
"Q9UG56_PISD",-0.461821173746781,17.5407191732959,-4.72925558726875,0.00179825207025277,0.00465436846614501,-2.20004266371072
"Q9UG63_ABCF2",-0.943818304734133,20.8555204680406,-13.8966115955983,0.0000013403576752115,0.0000242910652429763,5.76307547126552
"Q9UGC7_MTRF1L",0.358132236103188,16.9656114662285,3.55935772514323,0.00831263825236049,0.0167441542763384,-3.85738911420559
"Q9UGI8_TES",0.131459879537577,19.3696231632648,1.57355379379301,0.156973757699281,0.209023529597467,-6.83746717417969
"Q9UGJ1_TUBGCP4",0.0311234891301311,17.7749707157854,0.44707845063481,0.667517720887519,0.717819848023536,-7.93670507172732
"Q9UGK3_STAP2",0.0557752016466075,19.3460770876092,0.611961711239036,0.558755188407031,0.61954942920088,-7.84145428097829
"Q9UGK8_SERGEF",0.525836365210527,16.4579256432772,1.44297075402845,0.197505355624059,0.254553022152102,-7.00726577823314
"Q9UGL1_KDM5B",-0.433037976839653,17.3462002050682,-5.46476595436388,0.000760454655407423,0.00229980839325203,-1.25599339327763
"Q9UGM6_WARS2",-0.420226154302913,18.4463133622833,-6.24343085594446,0.000330565484938343,0.00119898954622844,-0.337015727443063
"Q9UGN5_PARP2",-0.138643166112047,17.6524345577957,-2.0229150784486,0.0802908193234932,0.116722471669436,-6.20096657399541
"Q9UGP4_LIMD1",-0.579313480983931,17.7764510593274,-6.19881630075231,0.00034603094628581,0.00124263993269588,-0.387550995231551
"Q9UGP8_SEC63",0.15871603722368,20.1727270162935,2.96629034755109,0.0194553436495895,0.0343606212538702,-4.75820100325298
"Q9UGQ2_CACFD1",0.240533285262634,15.4623680666965,1.74140084830925,0.149199065241533,0.20007194820647,-5.9950323321975
"Q9UGR2_ZC3H7B",0.242645215869278,18.5667605557279,2.5753247665508,0.0348141890308775,0.056580496104456,-5.36179676440422
"Q9UGU0_TCF20",-0.228680015610053,17.5689848794904,-2.00727253197209,0.0822112993495596,0.119149989110661,-6.22407534724675
"Q9UGU5_HMGXB4",0.0352509325684949,17.1151737584348,0.453085820088131,0.663378833889597,0.714487103664987,-7.93372282666288
"Q9UGV2_NDRG3",-0.101042699317507,20.2776884110524,-1.50377357345325,0.173758900197037,0.227981748300615,-6.92976026924809
"Q9UH03_SEPTIN3",0.117252550011148,17.5846225236652,0.51426225314673,0.630119457203518,0.68496335450764,-7.80176542908912
"Q9UH17_APOBEC3B",1.91754915712401,17.3079846912976,11.1610317987847,0.0000777205770872313,0.000405447674434487,1.94031142924961
"Q9UH62_ARMCX3",0.146034944060975,19.3097001188787,1.68748188060593,0.132739548898114,0.18051439458592,-6.68240833418608
"Q9UH65_SWAP70",-0.192854438801902,18.5343280104609,-2.97445454772637,0.0192233364738864,0.034018775528241,-4.74563140759492
"Q9UH92_MLX",-0.0743895349731112,15.6165841153755,-0.979675837777458,0.357956772988487,0.425675299460668,-7.53703000642439
"Q9UH99_SUN2",-0.378957162034713,17.9853767002009,-4.12045603863893,0.00388912132583913,0.00887508454975471,-3.03949424936511
"Q9UHA3_RSL24D1",-0.295917121531794,18.791289689331,-2.6532208868305,0.0309717167903527,0.0510778139435002,-5.24152973088841
"Q9UHA4_LAMTOR3",0.441239661180877,20.4729046987578,5.86992944464398,0.000488317026789711,0.00162544389748908,-0.767893505110803
"Q9UHB4_NDOR1",0.828171057058686,18.2632250384367,10.753122266589,0.00000835637635336246,0.0000802507557369632,3.74156172405206
"Q9UHB6_LIMA1",1.4863772614818,19.4566489629024,22.1110633411661,0.0000000453104098573982,0.00000304983165818912,9.43377775768148
"Q9UHB7_AFF4",-0.371124815315554,19.7688030035929,-4.34854308385914,0.00289431505903178,0.00692486956243967,-2.71888165336209
"Q9UHB9_SRP68",0.00898271700544839,21.7804652118525,0.180459185509002,0.861599525737541,0.885012910655847,-8.03003393549124
"Q9UHC7_MKRN1",-0.230976328715752,16.3763445663974,-2.67634938207245,0.0342122419561018,0.055725113710584,-5.21075548946737
"Q9UHD1_CHORDC1",-0.517753227967198,19.9171452609441,-10.3099861394196,0.000011235830374973,0.0000984559053364568,3.4133393441356
"Q9UHD2_TBK1",0.343417004179777,18.9632258663868,6.18268475147179,0.000351819589886578,0.0012563097655762,-0.405884751628656
"Q9UHD8_SEPTIN9",0.035126388618302,22.9068266807686,0.754478063318356,0.473712947127796,0.539703516455066,-7.73770346398442
"Q9UHD9_UBQLN2",0.0925999272659617,20.2753770816226,1.90166853328564,0.0963997283576405,0.136412341188505,-6.37860456799323
"Q9UHF7_TRPS1",-0.037587537270749,19.3290764224865,-0.610192800481966,0.559865373972634,0.620477347287753,-7.84262049674737
"Q9UHG0_DCDC2",-0.549908029775672,16.9675399636613,-6.06695259316501,0.000396648785665031,0.00137758477797636,-0.538380466286238
"Q9UHG2_PCSK1N",0.557494100180538,16.0088999126611,2.23945764242099,0.0622591404531933,0.0936410959634148,-5.9026228923256
"Q9UHG3_PCYOX1",-0.657753004992049,20.8331654093127,-7.69660186565937,0.0000838772049331179,0.00042821100210014,1.18227873426391
"Q9UHI6_DDX20",-0.415997403203686,20.6923762145225,-2.68750320535186,0.0323186977610322,0.053023299217086,-5.23376250744084
"Q9UHJ6_SHPK",-1.12695372050031,19.2782901550496,-20.3230150097958,0.0000000841925701019558,0.00000451360265568421,8.77295946864753
"Q9UHK0_NUFIP1",-0.673000668173163,17.1074969403158,-6.59740890476197,0.000231865900681916,0.000919373720156934,0.0552663637922386
"Q9UHK6_AMACR",0.264288838681523,16.5560490607696,0.605842424497416,0.57690908418413,0.635477262028167,-7.6910626272594
"Q9UHL4_DPP7",0.644736287093028,19.7386826172587,6.81986230339417,0.000186870522007965,0.000783537591175624,0.29414602819279
"Q9UHL9_GTF2IRD1",-0.553632691055672,16.8520976548829,-5.20398993790521,0.00102296881330216,0.0029119389199013,-1.5819960629618
"Q9UHN1_POLG2",-0.667719007048444,19.0231979854108,-10.516120764903,0.00000977669194451167,0.0000899171933856781,3.56757243661075
"Q9UHN6_CEMIP2",-0.507750207973029,16.9853569525126,-4.05086325137867,0.00426256339959549,0.00956091336399978,-3.13873868316632
"Q9UHP3_USP25",0.591493676871922,15.9689673783233,6.82677490169497,0.000185637731111629,0.000779227694721329,0.301477271554768
"Q9UHQ1_NARF",-0.699934245167157,17.1794482187465,-5.41693133299354,0.0008024152805531,0.00239904505655931,-1.31508746240942
"Q9UHQ4_BCAP29",0.468854302654989,17.0136928440368,4.34238823191988,0.00291718423432132,0.00696206566873171,-2.72743823763826
"Q9UHQ9_CYB5R1",0.0232435237008666,20.8863785369378,0.287153508259662,0.781811882472314,0.817270640198519,-8.00198736207519
"Q9UHR4_BAIAP2L1",0.115763534630641,17.0734549924001,1.362097976039,0.212884822824104,0.27152486194094,-7.1099884071803
"Q9UHR5_SAP30BP",-0.152284823896274,21.0132778498687,-3.24631837312812,0.012949092779609,0.0244212248156971,-4.32928177991335
"Q9UHR6_ZNHIT2",0.097660825371868,18.3276258228974,1.62471538668996,0.145624717244302,0.195900530484641,-6.76847167077121
"Q9UHV7_MED13",-0.252173557630535,19.4397036172829,-3.64956627485889,0.00733429028923378,0.0150891565972172,-3.72329335347283
"Q9UHV9_PFDN2",-0.0053363281112766,22.0331362828289,-0.122273713227028,0.905912973039852,0.92154260705378,-8.03998070888405
"Q9UHW5_GPN3",-0.177388589415759,18.1631416634705,-2.36757337556287,0.0476366395039538,0.0743839622391856,-5.68120839645583
"Q9UHX1_PUF60",-0.232046758044309,23.2901635494512,-4.75126792489215,0.00175057985415452,0.00454899568524063,-2.1706757722295
"Q9UHY1_NRBP1",0.253676271553992,19.6879819335938,4.78204251648666,0.00168624072867832,0.00441347108820624,-2.12973511855377
"Q9UHY7_ENOPH1",0.113371998403089,21.066940411682,2.22177344370281,0.0594123149910443,0.0900000135076445,-5.90317560421838
"Q9UHY8_FEZ2",0.27637909611602,17.1994367843484,2.49940370817946,0.0390318387616016,0.0623820478295317,-5.47881621893327
"Q9UI08_EVL",-0.260927949233459,16.3664572348892,-2.37896428002587,0.0468224312658199,0.0732629936654651,-5.66377314058544
"Q9UI09_NDUFA12",-0.201195150486313,20.2901384168407,-3.97763689806634,0.00469794201368753,0.0103422711884537,-3.24386547776397
"Q9UI10_EIF2B4",-0.117215235162135,20.7828426922837,-2.3231236263707,0.0509532796413088,0.0788826877573365,-5.74912787325842
"Q9UI12_ATP6V1H",0.276728833929248,19.5406598167025,1.97969387574025,0.0879430439885001,0.126278042774501,-6.27141669648511
"Q9UI14_RABAC1",0.284569517515674,19.252300652691,3.58217636216781,0.00805258985274579,0.0163290438193454,-3.82338247368003
"Q9UI26_IPO11",-0.596799979025587,19.1727891853653,-9.5572078406532,0.000019082981971224,0.00014456689329993,2.8257099280893
"Q9UI30_TRMT112",0.163195752364601,21.6931063237435,4.01841665846647,0.00444982783944613,0.00990500162330326,-3.18523240546322
"Q9UI43_MRM2",-0.523288266528709,15.7388223163447,-4.11444293460378,0.00766288682422561,0.0156845848183692,-3.41242930829957
"Q9UI95_MAD2L2",-0.234056260856775,16.5145360392912,-2.66338829374459,0.0348337061246707,0.0566001215091317,-5.22970442897123
"Q9UIA9_XPO7",-0.0750349344628489,20.1449391813296,-0.935857491124214,0.378659518795127,0.445626535657703,-7.57936243085693
"Q9UIC8_LCMT1",0.075991500316178,19.755649203786,1.15023583465175,0.285596537567428,0.351325774662439,-7.35855804675229
"Q9UID3_VPS51",0.66592733837804,19.3349134347678,5.37112573818816,0.000935838883359993,0.00270337658444212,-1.45035045909211
"Q9UIF7_MUTYH",0.0330452076944017,15.3612808575217,0.422099493053515,0.68907273025684,0.73652152702832,-7.85378174978622
"Q9UIF9_BAZ2A",-0.235191864055825,19.6673812414172,-2.84842490031409,0.0231522714896522,0.0398137411146948,-4.93994943278817
"Q9UIG0_BAZ1B",-0.4680245615811,20.3894270744361,-7.26458085048961,0.000123303991959581,0.000567754339806781,0.754908234850204
"Q9UII2_ATP5IF1",-0.0587055850188953,19.6476794237786,-0.415662992616695,0.690020572051089,0.737223833546928,-7.9510849050265
"Q9UIJ7_AK3",0.0948119532829956,21.0837566005224,1.14552384053099,0.287423883506138,0.353173838117558,-7.36376490517747
"Q9UIL1_SCOC",-0.204900145737728,15.7061228657896,-1.70317511865409,0.144344329871128,0.194432331521549,-6.58148769731446
"Q9UIQ6_LNPEP",-0.345468192854717,20.30562546739,-5.69793923853583,0.000587817480574345,0.00188966177398498,-0.972400876016302
"Q9UIS9_MBD1",-0.732579782991071,18.3169729210426,-10.1406610284839,0.0000126192668059112,0.000106765454199956,3.28456349791004
"Q9UIU6_SIX4",0.278342531535387,17.4611670896377,1.35978122034379,0.215871995381504,0.274844726627339,-7.11199476820605
"Q9UIV1_CNOT7",0.2188575576765,18.9134405316095,2.42216222496259,0.0438608609192786,0.0692128025211687,-5.59755395077507
"Q9UIW2_PLXNA1",0.149249364382065,17.5701795888707,1.7447632946139,0.12191831315149,0.167546033777572,-6.6026042235065
"Q9UJ04_TSPYL4",0.00347779231386625,15.0744467497214,0.0271619837598045,0.979504115185426,0.982791360193842,-7.40400094987963
"Q9UJ14_GGT7",0.563415181144437,16.131512011593,2.54401150320918,0.0693924141252531,0.102884737200132,-5.53148057908317
"Q9UJ41_RABGEF1",-0.047419159129916,18.2432038913401,-0.70044345565315,0.50491391879079,0.569281836098837,-7.77928085870754
"Q9UJ68_MSRA",0.48170095398925,18.493496211324,8.21045305789684,0.0000542199389955989,0.000307183123952925,1.66650192851121
"Q9UJ70_NAGK",0.657480916717752,21.2800823930289,15.0253941729023,0.00000076230664583164,0.0000164252247824234,6.38268019813483
"Q9UJ83_HACL1",0.0988588484348973,18.0779122471501,1.16659179918293,0.279327263324067,0.344904103370286,-7.3403690052566
"Q9UJA3_MCM8",-0.111202235300185,15.193741923361,-1.79038994612772,0.120091169645676,0.165353627140661,-6.48805407211329
"Q9UJA5_TRMT6",-0.076031237486017,19.455003523181,-1.23262261672133,0.255162915548997,0.31831542326811,-7.26516473793402
"Q9UJA9_ENPP5",-0.324018558765374,15.9930303369713,-3.4471351380369,0.0121834758209681,0.0232365890406928,-3.88072033167868
"Q9UJC3_HOOK1",0.109115845961114,19.3149071954724,2.08783051406702,0.0727808473183815,0.107302020683003,-6.10452924117851
"Q9UJC5_SH3BGRL2",2.63634145071465,17.3391811513266,21.0675172319216,0.0000000646470965168101,0.00000387169933942408,9.05545903073057
"Q9UJF2_RASAL2",-0.223689204293345,15.4581802620097,-2.4956312409219,0.0440401976913327,0.0694813822112169,-5.24933384612
"Q9UJJ7_RPUSD1",-0.467858680049414,16.7659662487921,-4.78498575151982,0.00168022478242153,0.00440075402723765,-2.12582670562033
"Q9UJJ9_GNPTG",0.206561147137748,17.3976778241705,2.54107712334333,0.0366556655529109,0.0591812762036597,-5.41461452402706
"Q9UJK0_TSR3",-0.0863136625148506,18.8921960942759,-0.844432974154393,0.424689308530726,0.492706967767648,-7.66268125889155
"Q9UJS0_SLC25A13",0.745074313879943,21.1476926257107,17.4049223221989,0.000000261763528380088,0.00000836915908273792,7.54899359491611
"Q9UJT1_TUBD1",-0.176928784370528,16.7952870373253,-1.69056397507476,0.132135073944974,0.17976729224791,-6.67814409601001
"Q9UJU2_LEF1",0.129850563225181,15.8907796637226,2.09937528683909,0.0715197170469533,0.105729634180588,-6.0872931336803
"Q9UJU6_DBNL",-0.127810206444554,21.4118047571544,-2.5483191036298,0.0362581037376272,0.0586764121337005,-5.40344953931682
"Q9UJV3_MID2",0.466728418882184,15.7620826960504,3.60937296585796,0.0187612943375747,0.0333018447448292,-3.8527610942868
"Q9UJV9_DDX41",0.213596117660519,21.8416683891087,4.19998838516445,0.00350533332570264,0.0081186252360823,-2.92688205510384
"Q9UJW0_DCTN4",-0.245022431281591,19.7681369104305,-4.42470458047055,0.00262695425559483,0.00639994044460418,-2.61344180722041
"Q9UJX2_CDC23",-0.162663719832164,19.6805798458079,-3.25228302731302,0.0128386274762488,0.0242648041554783,-4.32020579309831
"Q9UJX3_ANAPC7",-0.868506604616702,19.927237978365,-13.0250429060623,0.00000213569015562613,0.0000324881186473847,5.25002789268839
"Q9UJX4_ANAPC5",-0.0385993218284106,19.1705761667697,-0.767489904171282,0.466394599101816,0.533202663575592,-7.7272942960522
"Q9UJX5_ANAPC4",-0.0593688373331318,18.3143397040773,-0.958981747746651,0.367624734470071,0.435741581795132,-7.55721070047982
"Q9UJX6_ANAPC2",-0.140344616461253,18.8850948332078,-2.33784232418383,0.0498299575013195,0.0774432110061696,-5.72665909538377
"Q9UJY1_HSPB8",-2.47393610499204,20.9581525205115,-29.8299397172133,0.00000000497019174396608,0.000000909082307615492,11.7288604546392
"Q9UJY4_GGA2",-0.356953740862441,19.0157737921291,-5.49201397299106,0.000737641405869526,0.00224509825251845,-1.2224720654536
"Q9UJY5_GGA1",-0.674179766094849,19.0803126378298,-8.23746826364284,0.0000530234342839579,0.000302094562669501,1.6912725013508
"Q9UJZ1_STOML2",-0.974142547569741,22.1221837614097,-18.3124294048245,0.000000180585666249344,0.00000683350536065925,7.95133643461262
"Q9UK22_FBXO2",0.902998724242519,18.3813953535565,7.12165798295652,0.000151517351665644,0.000663466307869249,0.547619666106129
"Q9UK32_RPS6KA6",-0.203958386899107,15.2907239904934,-2.59144370717312,0.0448941315401064,0.0705943279913272,-5.37200599585879
"Q9UK33_ZNF580",0.375890834084178,15.6169997061587,2.42585476685516,0.0498300124459892,0.0774432110061696,-5.55632636128043
"Q9UK41_VPS28",0.570715773722149,20.3070504202545,9.32434135521827,0.0000226465603992553,0.000159967195131155,2.63568573152707
"Q9UK45_LSM7",0.0183608507363395,21.442681442138,0.142683060418755,0.890572558721631,0.909220789481439,-8.03683248392214
"Q9UK53_ING1",0.650236793597035,16.9224253701914,7.72537807568106,0.0000818023883326251,0.000420966823855174,1.21007050964431
"Q9UK55_SERPINA10",0.778600296396652,16.1181121575206,3.62220089496334,0.00862932741782468,0.0173224239482646,-3.84333228251516
"Q9UK58_CCNL1",0.343761625782985,17.788189242041,2.84276433129539,0.0233473388841367,0.0401038526541879,-4.94868873468807
"Q9UK59_DBR1",0.100099894041499,20.3774704451736,2.27307413597472,0.054967570797542,0.0840959178579101,-5.82535564613493
"Q9UK61_TASOR",0.351160975565421,18.4932109360309,5.68379813733648,0.000596949060409568,0.00190933328573388,-0.989390581934972
"Q9UK73_FEM1B",-0.273609464781757,17.7052812002024,-3.98015918087076,0.00468216855375519,0.0103135169475418,-3.24023256679303
"Q9UK76_JPT1",-0.679180996177291,21.6101786620104,-6.21112345869611,0.000404242259053018,0.00140012141273099,-0.50799493390579
"Q9UK97_FBXO9",0.00506921075081479,19.4709716860864,0.0797242686638783,0.938554369668389,0.947775429593437,-8.04484266567118
"Q9UK99_FBXO3",0.199188414443935,17.6437367515587,2.12902314350572,0.0683791849853451,0.101719554273134,-6.04291971972214
"Q9UKA4_AKAP11",-0.186613030992138,18.6526506758343,-2.54900642652605,0.0362206024419249,0.0586406773463774,-5.40238977896719
"Q9UKA9_PTBP2",0.285834975216581,18.0172911631503,2.27840875243699,0.0545249675367609,0.0835280771570198,-5.81724441073528
"Q9UKB1_FBXW11",0.501528911079447,17.4930333505913,7.19776088995595,0.000131084980374533,0.000595598781797311,0.687062692382217
"Q9UKB3_DNAJC12",0.352061504821343,17.7736821900601,1.2422129074729,0.265144390397161,0.329201474593667,-7.22087688301157
"Q9UKD1_GMEB2",-0.249115921737896,17.7517993035152,-3.01167338883789,0.0182019082930543,0.0325367131555748,-4.68836890638443
"Q9UKD2_MRTO4",-0.435382599599635,21.5335375727856,-6.5821502471365,0.000235369186991304,0.000930933136026712,0.0386683663207599
"Q9UKF6_CPSF3",-0.303718848379546,20.6055396755156,-6.12466975799077,0.000373545134988092,0.0013111141193906,-0.472090791518063
"Q9UKF7_PITPNC1",0.130635662633466,18.4260096158726,1.48351260770084,0.178928338766289,0.23399741139209,-6.95614294702731
"Q9UKG1_APPL1",-0.00570888762063149,19.251344943569,-0.10978936576126,0.915473282246397,0.929279298647551,-8.04161894387036
"Q9UKG9_CROT",0.308182606494132,17.4156299173509,3.2261297619516,0.0133305349293918,0.0250042043583116,-4.36002274932924
"Q9UKI8_TLK1",0.0793000963813206,18.0142035853059,1.02632750662606,0.33687555178302,0.404846807846682,-7.49032719726223
"Q9UKJ3_GPATCH8",0.17247654514313,19.0571832591106,2.45990156191483,0.0414296763435206,0.0657309383122272,-5.53958761661598
"Q9UKK3_PARP4",0.625287648108749,17.9354703659845,7.52967159732476,0.0000971395971915226,0.000474225787059513,1.01942075623176
"Q9UKK6_NXT1",-0.581733367360719,18.0185162187752,-5.87746420789747,0.000484407011793155,0.00161809386548034,-0.7590234492689
"Q9UKK9_NUDT5",-0.156334573651431,21.2349396037819,-0.901644523813962,0.39897898707397,0.466579670308213,-7.60747130139084
"Q9UKL0_RCOR1",-0.253016569672905,19.6551384833269,-4.20158978599105,0.00349804175785861,0.00810914526372222,-2.92462350243731
"Q9UKL6_PCTP",0.723033660089701,17.7083500080676,6.54001845747657,0.000245352530361807,0.000956848650440565,-0.0073053184234535
"Q9UKM7_MAN1B1",-0.031868143436192,18.9080817366756,-0.467395085533368,0.653570428271882,0.705815231781334,-7.92646774242119
"Q9UKM9_RALY",0.186370316719046,21.9398618129333,3.33589241961596,0.0113913052506255,0.0219181046638647,-4.19330190635565
"Q9UKN8_GTF3C4",-0.307233762703323,24.4692572966045,-7.61315821237735,0.0000902344771193871,0.000448870786769168,1.10122220028289
"Q9UKR5_ERG28",0.94887043948879,17.5636204617352,6.0103875281503,0.000460947559242442,0.00155544238491482,-0.675986007393534
"Q9UKS6_PACSIN3",0.598783134921153,19.6233121465963,6.01072809990576,0.000420690982581351,0.00144524643790142,-0.603365099535493
"Q9UKT4_FBXO5",-0.0485992101881294,16.0669737441943,-0.384833520446512,0.711103421334301,0.755609475086434,-7.96536970276908
"Q9UKT5_FBXO4",1.21131811156812,18.8710438532814,17.5243969331358,0.000000249016977511427,0.00000811595624495992,7.60318767934591
"Q9UKT8_FBXW2",0.325239411261492,16.8672552466929,2.59301204633963,0.0384222427865764,0.0615630037149147,-5.33266200532799
"Q9UKU0_ACSL6",0.170091516277303,16.3170790467243,0.299020796388095,0.780577613139256,0.816092553338444,-7.65063064532847
"Q9UKU7_ACAD8",0.54030186533145,18.1411449566585,5.80092481893569,0.000525800161602869,0.00172232387129691,-0.849474033836325
"Q9UKV3_ACIN1",0.111086076918614,20.9198286107638,1.58103254804945,0.155265530603886,0.207184144872484,-6.82744930954948
"Q9UKV5_AMFR",0.143842861581827,18.7968997668474,1.00376961949487,0.348303057177685,0.416474304809538,-7.51174115297251
"Q9UKV8_AGO2",-0.024515895840775,19.6940348822051,-0.477185132958573,0.646901153484916,0.699904718834462,-7.92138147852149
"Q9UKX7_NUP50",-0.199304131546182,20.5142119353785,-2.31239875658478,0.051787859605626,0.0799469170205787,-5.76548571388641
"Q9UKY1_ZHX1",0.16570034301412,18.1848397542894,2.40497676375156,0.0450155850458546,0.0707560528743066,-5.62391594032733
"Q9UKY7_CDV3",-0.733288173783567,22.8977980808422,-7.71348548739438,0.0000935509959143312,0.000462044723976885,1.09486228779924
"Q9UKZ1_CNOT11",0.119049858333167,18.3591858953748,0.880522410539447,0.406692869144623,0.474069879343142,-7.62991979802008
"Q9UL03_INTS6",-0.399981827716534,18.4769682060387,-7.18796736669296,0.000132270851673542,0.000599197199421654,0.677078498053735
"Q9UL15_BAG5",0.304979084215407,19.1929950777366,5.8589596987334,0.000494072307838976,0.00164029418307431,-0.780820590257158
"Q9UL18_AGO1",0.268510731344819,17.475666798272,2.55270809383409,0.0360193175769256,0.0583520616592324,-5.39668197396815
"Q9UL25_RAB21",0.368908857840214,22.2074492850332,8.43026420516845,0.0000452958455960702,0.00026736680579948,1.86613515474245
"Q9UL26_RAB22A",0.218807399011986,19.4535305534869,4.02609053377814,0.00440474631228487,0.00981902123424346,-3.17422358716073
"Q9UL33_TRAPPC2L",-0.712759707648942,20.2785174995691,-9.52711974308417,0.0000195058556775354,0.000146686008022128,2.80138554611781
"Q9UL40_ZNF346",-0.341658536114952,18.683958428047,-3.40385859852094,0.0103429046995711,0.0201972100500483,-4.09060746353377
"Q9UL45_BLOC1S6",0.447046862676846,19.0277404451257,6.86802701564686,0.00017846683968662,0.000754540735217584,0.345114284248698
"Q9UL46_PSME2",-0.542338863215921,22.9567240444658,-7.64587564273036,0.0000876797027010341,0.000440483367730558,1.13308687739134
"Q9UL54_TAOK2",0.283681193334452,18.7892878489102,4.5283330481621,0.0023055716052639,0.00572329557103042,-2.47129367942479
"Q9UL63_MKLN1",-0.867603910576271,18.2212278838552,-11.6307363804848,0.00000479473139906201,0.0000563658841132391,4.35668697600399
"Q9ULA0_DNPEP",-0.146308421777054,22.2079057800204,-2.96951369319818,0.0193633945078004,0.0342310213915563,-4.7532379871408
"Q9ULC3_RAB23",0.12493679096664,18.509501213213,2.10785746292247,0.0706069234859494,0.104542779839231,-6.07461392302424
"Q9ULC4_MCTS1",0.565206893268403,21.893877701069,6.94236486415692,0.000166311742163944,0.000711855436634191,0.42326233006898
"Q9ULD2_MTUS1",0.0499181130354742,15.3074038121388,0.34400152963219,0.746472846285314,0.787362705428664,-7.24835142160079
"Q9ULD4_BRPF3",0.681005225409123,16.9130319217568,4.29505603298914,0.00432536920387111,0.0096624106369972,-2.96795364180178
"Q9ULE0_WWC3",0.284410886792131,17.9631901878015,4.11507380162432,0.00391669618700656,0.00893223897875042,-3.04714633214275
"Q9ULF5_SLC39A10",-0.157094576780061,17.7903018732259,-1.92676490342791,0.0928266883322867,0.131994726389114,-6.3421285674703
"Q9ULG1_INO80",0.036378437071285,17.5437313739908,0.492307928756951,0.636666437773346,0.69109246834652,-7.91332999515943
"Q9ULH0_KIDINS220",0.227284257177889,17.2948896040795,2.51373204631911,0.0381975563497646,0.0612546096555576,-5.45675159842336
"Q9ULH1_ASAP1",1.38696338959981,17.7629470618455,20.1193058217406,0.0000000906513505736108,0.00000472256282508824,8.69372692605773
"Q9ULH7_MRTFB",-0.249770594948426,18.1797341534709,-3.00145187958644,0.0184766131012615,0.0329040316666342,-4.70408834094211
"Q9ULI0_ATAD2B",-0.327481730706928,17.7562533326536,-4.5743361769612,0.00217691006607038,0.00546635125867656,-2.408679869697
"Q9ULJ3_ZBTB21",-0.19966161295898,17.6109591147909,-1.67971076769936,0.134275155082229,0.182407006528922,-6.69314460745569
"Q9ULJ6_ZMIZ1",-0.185791064130466,18.2545866126354,-2.08622836058692,0.0729575898427185,0.107520912292912,-6.10691927262758
"Q9ULJ7_ANKRD50",-0.202825372458292,19.4410300051727,-2.26441748025134,0.0556934919588318,0.0850270373020623,-5.83851069990072
"Q9ULJ8_PPP1R9A",0.919977885571935,18.3439012425346,6.75753303652666,0.000221039887729562,0.000887660710702773,0.139650595733428
"Q9ULK4_MED23",0.0799822178901124,18.9127348942538,1.3930371810962,0.203731319425415,0.261476602360267,-7.07150685711873
"Q9ULL5_PRR12",-0.0488770410480406,17.2302711413748,-0.521928922552746,0.616862800268919,0.673150424511535,-7.896879575831
"Q9ULM3_YEATS2",0.066581210773748,17.5436825022119,0.687369837718175,0.512656890487921,0.576814838617031,-7.78893493879597
"Q9ULM6_CNOT6",-0.130278521398921,18.2018207804194,-1.99382182154782,0.0838985614783144,0.12115672272718,-6.24390340726863
"Q9ULP0_NDRG4",1.47850645479301,16.9975581817199,7.22598516014271,0.000543870718526173,0.00177159772381588,-0.0364215150206713
"Q9ULP9_TBC1D24",0.284731539725758,19.2222977182369,3.64997004509115,0.00733019997215727,0.0150848216959492,-3.72269523219652
"Q9ULR0_ISY1",-0.150049585762758,19.1901698967701,-1.82436916117247,0.108257133916337,0.150972453349406,-6.48987956084684
"Q9ULR3_PPM1H",0.381774039498914,19.552467119488,5.82206746348269,0.000513986935726867,0.00168944884751018,-0.82441155233951
"Q9ULT0_TTC7A",-0.77380491939919,16.7612552102127,-8.83289790157377,0.000032907732413612,0.000209980044243232,2.22084470149104
"Q9ULT8_HECTD1",0.393803000752062,20.1626156325846,4.87888090492743,0.00150014728042934,0.00399934111985475,-2.00178955511672
"Q9ULU4_ZMYND8",0.454305758680761,19.965178594042,7.10480148468887,0.000142838577673614,0.000634598908987037,0.591874087295832
"Q9ULV0_MYO5B",0.587325751495065,18.0648046060124,3.62263638526628,0.00820444512216505,0.0165825533654476,-3.81100047548176
"Q9ULV3_CIZ1",0.314257463543946,17.8458816780805,4.12830663374392,0.0038492778743315,0.00881324729445074,-3.02833989495696
"Q9ULV4_CORO1C",-0.805573925077073,21.2525362448833,-13.628583198886,0.00000154223705908497,0.0000267814042726034,5.60870245863854
"Q9ULW0_TPX2",-0.294803075922047,20.251305520397,-4.42331780775555,0.00263157416055672,0.00640709125006223,-2.61535437447767
"Q9ULW3_ABT1",-0.474722247061571,18.6882394698898,-4.97055237824221,0.00134460644704432,0.00365325073361353,-1.88190261813344
"Q9ULX3_NOB1",-0.840155513092,20.0506845896288,-14.3133806457913,0.00000108298875026553,0.0000209018253575592,5.99743153024382
"Q9ULX6_AKAP8L",-0.282760056945921,18.6220874154585,-1.45676815914955,0.190219004179724,0.24634867117163,-6.99031004506299
"Q9ULZ3_PYCARD",-0.229084349005451,21.5318609557505,-4.05678075997657,0.00422934185173688,0.00950321244440493,-3.1302744882789
"Q9UM00_TMCO1",0.562018397723872,21.5130124181686,9.546128553098,0.0000192374851793901,0.000145159039954803,2.81676078822148
"Q9UM13_ANAPC10",-0.31537024259687,17.5295835540259,-3.56308197722485,0.00826958754935437,0.0166839477189362,-3.85183492506763
"Q9UM21_MGAT4A",0.1915629077745,15.4980344175789,1.67745855617849,0.134723294790452,0.182865053724893,-6.69625201224014
"Q9UM47_NOTCH3",-0.156534257412165,17.4110244679484,-1.71792479634127,0.126880887221216,0.173508814851595,-6.64013892666878
"Q9UM54_MYO6",1.11087928918512,20.4563360526316,18.0845821943961,0.000000197892364222977,0.00000725059731945359,7.85229786822751
"Q9UM82_SPATA2",-0.136055864100875,15.1585390436059,-2.08926354285405,0.0783975198776019,0.114341617677668,-6.06626157659659
"Q9UMN6_KMT2B",-0.230900920675399,17.293067117999,-2.71296418592203,0.0283230851071278,0.0473566465871211,-5.1492192304682
"Q9UMR2_DDX19B",0.769969370615481,18.4828632587381,6.91340474147421,0.000170933649371689,0.000728359292504799,0.392892070683182
"Q9UMR5_PPT2",-0.29830756604624,18.1620205599508,-3.88211636411036,0.00533978171472125,0.0115152763601275,-3.38205750376594
"Q9UMS0_NFU1",-0.63706547108298,20.720445359824,-8.61532344212184,0.0000390486949975637,0.000240100544989062,2.03089049895091
"Q9UMS4_PRPF19",0.0424584349035833,22.7659162058943,0.894116411300679,0.399198818148244,0.466764982449738,-7.61825953829002
"Q9UMX0_UBQLN1",0.255907357566223,20.9841029078935,4.19027900936081,0.00354989816713632,0.00819439315910132,-2.94058334297302
"Q9UMX1_SUFU",-0.249821303972318,16.6692388849749,-1.85049976253865,0.118583076428836,0.163484299314434,-6.26991315919158
"Q9UMX3_BOK",0.641484860621325,15.7152648019408,3.12487293525145,0.0196942243046233,0.0347147786931552,-4.3686087199843
"Q9UMX5_NENF",-0.965039673609581,20.0793317101774,-16.5417401969257,0.00000037923421020557,0.0000104460275791631,7.14572309833084
"Q9UMY1_NOL7",-0.317625286550498,19.3478376901129,-3.7707963226321,0.00620978109062639,0.0130835443144887,-3.54457749918633
"Q9UMY4_SNX12",-0.0344667282299014,21.2955378535096,-0.740217536603195,0.481820986561046,0.547628574982563,-7.74893589855936
"Q9UMZ2_SYNRG",0.334274564810727,18.2430574033865,3.60022948576206,0.00785303793807478,0.0159834644252065,-3.79651900127911
"Q9UN36_NDRG2",2.48045983241988,17.2863852784425,26.7986490804033,0.0000000109779191114885,0.00000139250392137696,10.9190019790625
"Q9UN37_VPS4A",0.374517546615845,19.4109121824178,6.6680236494515,0.000216392306398022,0.000874537663370541,0.131721177832848
"Q9UN79_SOX13",-0.327299342016694,16.4276285630316,-3.98819927633866,0.0046322704936338,0.0102243323779973,-3.22865780110077
"Q9UN81_L1RE1",0.20411382804944,20.9212409861377,4.0204268476774,0.00443797045788927,0.00988149979587405,-3.18234786236118
"Q9UN86_G3BP2",0.0386216177557124,21.083560638487,0.618989548851632,0.554357280411346,0.615269440363155,-7.8367908086584
"Q9UNA4_POLI",0.188089708218602,16.2885276666068,2.21793213872375,0.0597592689607322,0.0903636182336638,-5.90898861828419
"Q9UNE7_STUB1",0.295673841522447,21.9614174450035,3.33740702042385,0.0114643316914371,0.0220328534249587,-4.19616212476494
"Q9UNF0_PACSIN2",0.456455483687485,20.4230582950676,7.87365036781251,0.000071982601526817,0.000382442947926676,1.35197819402196
"Q9UNF1_MAGED2",0.927248652895692,21.458999159,9.02922756845764,0.0000342810139553838,0.00021674263686172,2.22387358073034
"Q9UNH6_SNX7",0.0205439183307448,17.4505833035945,0.208628624504051,0.840323640993434,0.867703178576712,-8.02385655744973
"Q9UNH7_SNX6",0.451504318595678,20.7975494417489,10.0246891670032,0.0000136773690880465,0.000112953386844388,3.19525209327041
"Q9UNI6_DUSP12",0.109544151829041,18.9381987829306,1.55950834154083,0.160228479879429,0.212761490566156,-6.85621665675072
"Q9UNK0_STX8",-0.978322171534892,16.9383545691084,-4.70811402675712,0.00214804442139552,0.00540278633238568,-2.33935873588013
"Q9UNK9_ANGEL1",-0.85805544981176,15.9399073298546,-12.7142444012205,0.00000253939489124929,0.0000368488664457553,5.05903908512121
"Q9UNL2_SSR3",0.0870694111296153,18.9935684360612,1.00176664419375,0.347851384544007,0.416162940131476,-7.51512137881177
"Q9UNL4_ING4",0.131262128743472,16.6160667066637,1.45570977675534,0.186246942881325,0.242134644030512,-6.99202761130531
"Q9UNM6_PSMD13",0.208890561147051,22.7132389698976,3.99340925075462,0.00460024449552977,0.0101740813595864,-3.22116192006846
"Q9UNN5_FAF1",0.288382665037265,21.417497734755,5.38618550705194,0.000830734153702477,0.00246818905197697,-1.35323669490449
"Q9UNP9_PPIE",-0.122315022468104,19.5670333341618,-1.93665241808759,0.0914544759454466,0.130433666611863,-6.32771359900084
"Q9UNQ0_ABCG2",1.02780134223143,17.4328741821745,5.02216298937989,0.0015046315922242,0.00400708259469793,-1.9449793301994
"Q9UNQ2_DIMT1",-0.742920941009402,20.2216045292627,-9.2027368098291,0.0000248009761349339,0.000170508117977672,2.53481390605869
"Q9UNS1_TIMELESS",-0.0828653530935384,18.7165617795391,-1.10004894860503,0.305552716903718,0.371667034186739,-7.4132364693055
"Q9UNS2_COPS3",0.0905327931740949,21.8268838773723,1.39295046274378,0.203756484642296,0.261476602360267,-7.07161542879587
"Q9UNW1_MINPP1",0.00934499799006261,23.5084796995783,0.225284199548515,0.827808933521195,0.856758028080312,-8.01978825479215
"Q9UNX3_RPL26L1",0.468134054956096,19.5147762962092,5.04213537386607,0.00123547454623068,0.00339149917408023,-1.78911786872983
"Q9UNX4_WDR3",-0.526927115857013,20.9175763353932,-4.66180903515831,0.00216335492133108,0.00543949670467577,-2.36486814463414
"Q9UNY4_TTF2",0.173534131353236,19.1481527914164,1.00941991487109,0.347183846494744,0.415593379987256,-7.50464096430885
"Q9UNZ2_NSFL1C",0.761817425663402,20.5910314563922,10.8925424781456,0.00000763021449084698,0.0000753706641784184,3.84229314687815
"Q9UNZ5_C19orf53",0.0345333279318289,16.0444753031544,0.336542559070416,0.74573615441864,0.786913039748637,-7.98476364980274
"Q9UP83_COG5",0.152823584356447,21.1003785360446,2.42648699133161,0.0435750436109509,0.0687760493266016,-5.59091636008795
"Q9UPM8_AP4E1",2.56161367876371,18.6509021085912,39.5389399740576,0.000000000615315600587936,0.000000333862731121553,13.7680642306874
"Q9UPM9_B9D1",-0.363760112919124,15.5580735047647,-3.22740384427014,0.0395138666382357,0.0630861607158734,-4.67049744656406
"Q9UPN3_MACF1",0.790412743269663,18.4982335325095,13.1231931400303,0.00000202365702764029,0.0000314257110565534,5.30943488071483
"Q9UPN4_CEP131",-0.177936153121287,20.6095455519675,-2.24061192621332,0.0577397487523141,0.0877810371797124,-5.87463845284423
"Q9UPN6_SCAF8",-0.198963305266499,18.2609967937257,-2.32444930395541,0.050851065630981,0.0787404733691453,-5.74710507563012
"Q9UPN7_PPP6R1",-0.0370392054766242,19.5285988015966,-0.65828590424384,0.5301487594102,0.59298698001088,-7.80983479556339
"Q9UPN9_TRIM33",-0.0688077205021322,21.8454260341303,-1.1992916938157,0.267133160447828,0.331454293371318,-7.30347608259704
"Q9UPP1_PHF8",-0.357492453150432,17.3058431822137,-4.9883285013446,0.00131654873836882,0.00358527379306596,-1.85879360081526
"Q9UPQ9_TNRC6B",0.0602227742850161,16.1990315146321,0.661569005574114,0.528155930714655,0.59145377046756,-7.80751567469499
"Q9UPR3_SMG5",-0.661324846012629,18.3698460710732,-10.5563747479822,0.0000095173730075603,0.0000881719112003699,3.59737267770868
"Q9UPS6_SETD1B",0.367719033964967,16.2333587607856,3.1628361286544,0.0146056185356061,0.026927611097065,-4.45660440307962
"Q9UPT5_EXOC7",0.491880531424552,19.3481413364549,8.57972638758445,0.0000401710997138093,0.000245021158318551,1.99942979842849
"Q9UPT8_ZC3H4",0.0686820583432706,19.9674173471013,0.822285679865507,0.436417011934868,0.504398931857884,-7.68180849180825
"Q9UPT9_USP22",-0.661533664344752,18.6660371636339,-8.0780047341234,0.0000605417451857283,0.000332717134308273,1.54408598894401
"Q9UPU5_USP24",0.610054535375355,19.7637848605786,11.8573021565576,0.00000417982032079583,0.0000507554652308396,4.5084994127019
"Q9UPU7_TBC1D2B",0.041862106465242,19.6128233002254,0.489092989184994,0.638835307263656,0.692952274250908,-7.91506137834135
"Q9UPW0_FOXJ3",-0.325849450733919,17.4065568295454,-3.33687514113146,0.0113753640524599,0.0219040554387367,-4.19181398059842
"Q9UPW5_AGTPBP1",0.148966226302436,15.6387357281937,1.9987308950706,0.083278879523338,0.120376122701351,-6.23667145360725
"Q9UPX8_SHANK2",0.898534553149606,15.8779438433354,10.8757797736948,0.00000771364539500396,0.0000758010166335919,3.83024443145556
"Q9UPY3_DICER1",0.247642166487118,19.7041901240727,2.84028342675739,0.0234333726123543,0.0402062332708249,-4.95251921544189
"Q9UPY5_SLC7A11",-0.46039270143817,17.0302627444108,-2.79153289013321,0.0295103274016609,0.049018830506735,-5.04824916662955
"Q9UPY8_MAPRE3",0.122299997899123,18.3422236255793,1.20682743272095,0.264386584729037,0.328484936772128,-7.29487593912592
"Q9UPZ3_HPS5",0.105579385118325,16.9625044662099,0.927490318949744,0.382712633144055,0.449561743273155,-7.58727263898406
"Q9UQ13_SHOC2",-0.142287283266317,19.2229052307644,-2.04258937166858,0.0779376928997679,0.113780056083615,-6.17182816256418
"Q9UQ16_DNM3",-0.290081485999561,16.7007250065338,-2.43433072295074,0.0480111507179215,0.0749072435611305,-5.56491654118661
"Q9UQ35_SRRM2",-0.44334490539881,21.7465697048426,-8.73387927351011,0.0000355568032225674,0.000221425281627775,2.13489030801465
"Q9UQ53_MGAT4B",-0.0866688081452516,17.2672351095794,-0.767893815115318,0.466168645677613,0.533104603672218,-7.7269687428782
"Q9UQ80_PA2G4",-0.21234461511855,23.8987460413676,-5.07595727602749,0.00118733578332107,0.00328514949724994,-1.74553112365125
"Q9UQ88_CDK11A",-0.0810621193329659,17.7799109184564,-0.83696507278412,0.428618704091714,0.496735313625107,-7.66917789484247
"Q9UQ90_SPG7",-0.481688854674847,18.4320224909564,-7.15250325108278,0.000136666498661233,0.000613990188315026,0.640837085661552
"Q9UQB3_CTNND2",0.846782649003945,17.7776545441833,9.10999704951947,0.0000265992011096835,0.000179197097998453,2.45711136586969
"Q9UQB8_BAIAP2",-0.768313897392201,20.4472839428975,-14.8422362115219,0.000000833099839691571,0.0000173604311799838,6.28533414508833
"Q9UQE7_SMC3",0.375468126863584,20.0681856780951,6.80280173374109,0.00018995237387807,0.000792700344045816,0.276028796295501
"Q9UQM7_CAMK2A",0.542568466080827,16.9115366630778,4.39494718923502,0.00385606435456228,0.00881995403971454,-2.84077892464156
"Q9UQN3_CHMP2B",-0.292089945383239,19.2519576377523,-3.83771946901001,0.00566986313329561,0.0121273844184045,-3.44668732146381
"Q9UQR0_SCML2",-0.0383059717916545,18.6640513764216,-0.650639948697048,0.534807719965836,0.597113849912278,-7.81519590855717
"Q9UQR1_ZNF148",0.118277292376952,17.9457916027195,1.62012404634344,0.146611413706648,0.197061760148995,-6.77470711490556
"Q9Y217_MTMR6",-0.127294396778804,18.7143456040527,-1.95908120762744,0.0884143342541311,0.126835048347213,-6.29492539407781
"Q9Y221_NIP7",-0.938972142280829,20.9416519464594,-13.890612924602,0.0000013445356912034,0.0000242910652429763,5.75965235056062
"Q9Y223_GNE",-0.522053499815645,17.3842898682599,-6.58235603957045,0.000235321547784868,0.000930933136026712,0.0388924061070757
"Q9Y224_RTRAF",-0.0462065357038348,22.473933282795,-1.18130597748186,0.273784452863672,0.338767618103318,-7.32385438061197
"Q9Y230_RUVBL2",-0.183263466410928,23.8192078845427,-4.17964037808057,0.00359943711273484,0.00830118819874505,-2.95561083819809
"Q9Y231_FUT9",-0.196278465665337,15.6764205436201,-0.619885737601704,0.564025898438529,0.623997233967048,-7.34550332087985
"Q9Y232_CDYL",0.206446528979075,18.3415173778235,2.85537681137191,0.0229150289770289,0.0394592959925926,-4.92921749728291
"Q9Y237_PIN4",-0.289714938754468,20.8659582276441,-2.56541676446141,0.0364865072265405,0.0589832888342332,-5.39161977747693
"Q9Y241_HIGD1A",0.695958574167143,18.8705652214807,6.01843541155765,0.000429306885035053,0.0014721858284836,-0.616962881484674
"Q9Y244_POMP",1.08012580063263,19.5088469195435,15.622677763153,0.000000574609490486225,0.0000138110562073561,6.69210386140635
"Q9Y247_FAM50B",-0.143436538803634,16.0343990667306,-1.5146644722486,0.171036224352851,0.224949290942471,-6.91549973966343
"Q9Y248_GINS2",0.0195396772444454,19.3377622555105,0.217171592887889,0.833898235805927,0.862004618312025,-8.02180836961277
"Q9Y252_RNF6",-0.259697230664399,15.2826020638993,-1.83257862109145,0.133434550790849,0.181427099269788,-6.00740879618176
"Q9Y255_PRELID1",-0.205172739577804,17.7537041861331,-1.45368315406555,0.187085368321789,0.24278643771635,-6.99460377582221
"Q9Y256_RCE1",-0.380705035358762,18.3587299413048,-2.0289376264931,0.0827953454496174,0.119882238242869,-6.20323386405607
"Q9Y262_EIF3L",-0.31713578857287,21.5495929493088,-5.43230851186555,0.000788653576832201,0.00236627183644407,-1.29605644108508
"Q9Y263_PLAA",0.377892551734796,19.9921710157062,7.2124096026128,0.00012933331935421,0.00058940037567892,0.701977291142599
"Q9Y265_RUVBL1",-0.196499217939504,23.547263862062,-4.79514265138782,0.00165964447485563,0.00436488792384229,-2.11234854686341
"Q9Y266_NUDC",-0.29247014357415,22.3471520071338,-6.01128752284141,0.000420443935929264,0.00144505041874287,-0.60271651514788
"Q9Y276_BCS1L",-0.136285048795919,19.1018801888426,-1.58076132751882,0.155327181167849,0.207230054369876,-6.82781302568329
"Q9Y277_VDAC3",0.357681573227552,22.7626669431972,3.83740140236172,0.00591129139589362,0.0125415013548583,-3.47449627133862
"Q9Y281_CFL2",-0.296918591353894,20.5813099950634,-4.07305749062862,0.00413940345412394,0.00934529613299695,-3.10701709191234
"Q9Y282_ERGIC3",-0.603881236848984,18.9896473770635,-7.27196365955492,0.00012247643434778,0.000566984637644074,0.762375025337565
"Q9Y284_WDR83OS",0.174986485933509,17.7742984420291,0.367724406548662,0.726502468864807,0.769499760226393,-7.96984427348492
"Q9Y285_FARSA",0.333158098490546,22.4594067413243,7.54507328545562,0.0000958224663898721,0.000469301789672484,1.03456490650133
"Q9Y287_ITM2B",-0.152206794341371,17.8366960194226,-1.76082948851071,0.119035834055215,0.16401930322898,-6.5800181626735
"Q9Y289_SLC5A6",-1.01515427804946,20.6001071363408,-11.2650347709293,0.00000601496349071582,0.0000646183789694697,4.10574311046087
"Q9Y291_MRPS33",-0.358096186132059,19.9192676862952,-5.60815715059726,0.000648541651400407,0.00203919297253059,-1.08072497120482
"Q9Y294_ASF1A",0.774345437506959,19.0823533729008,11.4918864633681,0.00000522175865986649,0.000059506978445102,4.2622815962644
"Q9Y295_DRG1",-0.483412710250001,21.35321643357,-8.4077353378753,0.0000461301579795267,0.000271148362899753,1.84587328293837
"Q9Y296_TRAPPC4",0.577499025036513,20.3040401294876,12.7391307351512,0.00000250407502327077,0.0000366049615221951,5.07449555564635
"Q9Y297_BTRC",-0.178495311530298,15.3265247368525,-2.52730898113603,0.037423865536544,0.0602807965419215,-5.43583468303635
"Q9Y2A7_NCKAP1",0.146740316165147,20.7279359667026,2.86606662897533,0.0225551672440313,0.0389520018351093,-4.91271761779491
"Q9Y2B0_CNPY2",-0.0273326142333552,21.6312542158476,-0.527609171002923,0.613102756922918,0.670008558786741,-7.89362278721339
"Q9Y2B1_RXYLT1",-0.00570501012902369,16.2903756605241,-0.0170330123191308,0.987036712742607,0.98911742254549,-8.02389923833837
"Q9Y2C4_EXOG",0.783703606431247,16.076540153328,6.34397311138975,0.000298454285097716,0.00111250291398065,-0.224038575550324
"Q9Y2D0_CA5B",1.16776691499216,17.6538899133084,3.95058822716616,0.0140259237277112,0.0260770412791423,-3.88272256277883
"Q9Y2D2_SLC35A3",0.395095596122722,16.7544872372569,3.57987252018407,0.00807844463642144,0.016359065469814,-3.82681326935032
"Q9Y2D4_EXOC6B",0.531569622340132,18.1846461509181,7.12755588234386,0.000139856406346708,0.000624998723074653,0.615261075244479
"Q9Y2E4_DIP2C",1.32485887998708,17.7718355814445,13.0168655417054,0.00000214533579454995,0.0000325697086893153,5.24505901797691
"Q9Y2E5_MAN2B2",0.86616918513705,16.9381654295221,3.31879959640257,0.0345153658219174,0.0561908973547739,-4.68683216406178
"Q9Y2E8_SLC9A8",0.173989559959921,16.210446565127,0.996130750650901,0.351585451300581,0.419541723029843,-7.51954463406296
"Q9Y2F5_ICE1",-0.260992364308262,20.5029064295471,-2.38539138191448,0.0473509151709932,0.0739681784330611,-5.66241832630833
"Q9Y2G5_POFUT2",0.577846621308055,17.3992919515769,4.20432866504324,0.00348560920435042,0.00808525270152158,-2.92076151490673
"Q9Y2G8_DNAJC16",0.848840044542964,16.2857601928279,7.42904031174269,0.000106260819156136,0.000508954528023657,0.919872239223976
"Q9Y2H0_DLGAP4",0.182353045331432,18.6110874076595,2.90789731258284,0.0212027968247836,0.036901773507116,-4.84818330332103
"Q9Y2H1_STK38L",-0.332933372773304,16.6178024573619,-2.73694174171863,0.0273270845951461,0.045926192993836,-5.11216588239508
"Q9Y2H2_INPP5F",-0.251769096824042,20.5720212214326,-1.30686779004577,0.235675132965393,0.296533508905671,-7.17452578780932
"Q9Y2H5_PLEKHA6",-0.506534289607764,18.865506172217,-8.86996731874589,0.0000319736165997831,0.000205398080961107,2.25281380567963
"Q9Y2H6_FNDC3A",-0.337677413391603,16.7275822764964,-3.6142977045387,0.0077012154805088,0.0157418556691078,-3.77561062624488
"Q9Y2I1_NISCH",0.299188404260768,18.9560713624048,4.66995235400918,0.00193392318152239,0.00493936189343832,-2.2795042414366
"Q9Y2I8_WDR37",0.876469882654241,18.5599367521375,14.9806945259585,0.000000778934642624775,0.0000166822679098012,6.35903213210873
"Q9Y2I9_TBC1D30",0.502955961888606,17.8388377599999,4.39235510755391,0.00273706953411928,0.00661523701191969,-2.65812731812128
"Q9Y2J4_AMOTL2",-0.0694089868984058,16.456610310755,-0.761697588948332,0.469642996211657,0.536030106420447,-7.73194681869013
"Q9Y2J8_PADI2",-0.347076613713696,18.1244059012959,-0.872720002386847,0.421401140734369,0.489095617281486,-7.33759399560451
"Q9Y2K1_ZBTB1",-0.0684080876430038,17.048071196738,-0.729314313782755,0.488081542287782,0.553562763963011,-7.75739907108193
"Q9Y2K2_SIK3",-0.009553214393204,16.3071292946169,-0.108078911649951,0.916784313776534,0.930361773260082,-8.04182971196881
"Q9Y2K6_USP20",0.0874384870454765,15.3639601495802,1.26883801064978,0.248323758862648,0.310547601103141,-7.15991503307171
"Q9Y2K7_KDM2A",-0.346055064176415,19.8489487858972,-5.38180234310551,0.000834860540359738,0.00247851259561911,-1.35868592789491
"Q9Y2L1_DIS3",-0.391320098325327,20.2036516227398,-7.11109744967967,0.000142006386960563,0.000632279296936323,0.598350749952941
"Q9Y2L5_TRAPPC8",0.0905947526041295,18.6431765375309,1.07736576476053,0.314933361403537,0.381551950754269,-7.43737400982431
"Q9Y2L9_LRCH1",-0.0028519501067521,18.9943851234511,-0.0337168238489085,0.973987913919229,0.978361340896679,-8.04779775735213
"Q9Y2M5_KLHL20",-0.0958817001407546,15.5270550213359,-1.5015624052752,0.174316441837252,0.228516176596714,-6.93264887113547
"Q9Y2P8_RCL1",-0.62026598955477,19.372534939617,-7.64244312445949,0.0000879438963747762,0.000440936899028707,1.12974887974697
"Q9Y2Q3_GSTK1",0.162789335680102,20.0710107669036,0.879406746734374,0.410079835834239,0.477725108187353,-7.62780630237145
"Q9Y2Q5_LAMTOR2",0.295294337340405,19.0361653570369,3.33165596270021,0.0114602997401624,0.0220328534249587,-4.19971727536994
"Q9Y2Q9_MRPS28",-0.485320302008496,21.1491016817616,-9.36752638114905,0.0000219327432383638,0.00015841279298075,2.67123458264114
"Q9Y2R0_COA3",0.77443119451382,19.5769740110048,11.0368460296257,0.00000695257954913003,0.000070414540680004,3.94532042446963
"Q9Y2R4_DDX52",-0.419843563574297,18.9656884241536,-6.77118413149607,0.000195814893108774,0.000812087282980007,0.242364508505435
"Q9Y2R5_MRPS17",-0.565056049671412,20.8287030390824,-10.8051933698249,0.00000807642565733764,0.0000781543174932698,3.7793216833325
"Q9Y2R9_MRPS7",-0.694879377269665,21.2327382235768,-15.8044596737143,0.000000528314760899645,0.0000132619210277317,6.78392652779778
"Q9Y2S2_CRYL1",0.93723235330576,19.7350445212623,9.78465289516072,0.0000162001922864665,0.000127687733192606,3.00744684743169
"Q9Y2S7_POLDIP2",-0.451556858457366,21.2690646055341,-7.72315530669972,0.0000819605895304611,0.000421041743154705,1.20792671071739
"Q9Y2T2_AP3M1",-0.12150163764861,20.1525588415744,-1.98227162581884,0.0853743786359432,0.122984379527459,-6.2608975440853
"Q9Y2T7_YBX2",-0.927839659148074,18.7183162708602,-8.9377609212464,0.0000303412924115696,0.000197281246870885,2.31098782099349
"Q9Y2U5_MAP3K2",0.192388968260257,17.012140121297,2.03632859706756,0.0786790698004072,0.114708262392543,-6.18110934123404
"Q9Y2U8_LEMD3",0.176617791919391,19.7476100092609,3.40914777710977,0.0102657512308308,0.0200516959069592,-4.08263420938421
"Q9Y2U9_KLHDC2",0.904907652191337,17.5459671827423,13.0809069734971,0.00000207109015071029,0.0000316319511773142,5.2838930544189
"Q9Y2V2_CARHSP1",0.188127352301844,21.2728827407185,3.12466164380154,0.0154365839947428,0.0282440841626206,-4.5149969618723
"Q9Y2V7_COG6",0.163116360314426,19.5870414991983,1.98447068661877,0.0850914564087693,0.122622694823891,-6.25766433663093
"Q9Y2W1_THRAP3",-0.195962062779824,21.2021705557136,-2.95779375053501,0.0196999208152342,0.0347167742633623,-4.77128547637398
"Q9Y2W2_WBP11",-0.457724745852037,20.7723708794663,-9.56453778147539,0.0000189815313332994,0.000144085356607859,2.83162560735213
"Q9Y2W6_TDRKH",-0.0176097243311268,18.8374086170158,-0.170649170993875,0.869038540282626,0.891480205876989,-8.03197708890307
"Q9Y2X0_MED16",-0.0657645798876487,18.7170085891704,-1.14004269937865,0.289561511044563,0.355286414675603,-7.36980283840361
"Q9Y2X3_NOP58",-0.240631199646963,21.944303436597,-1.7325896840154,0.127974570011286,0.174815836836538,-6.62406827271744
"Q9Y2X7_GIT1",0.200352974951823,18.9661812367498,3.42398203778478,0.0100526237724809,0.0196910266323692,-4.06028672955129
"Q9Y2X9_ZNF281",-0.331889034024396,17.5901369598783,-3.99309928676587,0.00460214313161064,0.0101740813595864,-3.22160778220207
"Q9Y2Y0_ARL2BP",0.131650924532892,18.031838110317,2.181294866435,0.0631718167440777,0.0949387153043775,-5.96432562780999
"Q9Y2Y1_POLR3K",-0.132005015521699,20.6677484803711,-0.387516853255261,0.715538990055586,0.75957984066473,-7.8991254723177
"Q9Y2Z0_SUGT1",-0.520116686630995,22.298301913987,-9.2822821809781,0.0000233669619848066,0.000163203960382405,2.60092647679511
"Q9Y2Z2_MTO1",-0.0887374174345226,17.7581832484336,-0.746056689566993,0.478490026343823,0.544656560965447,-7.7443589395948
"Q9Y2Z4_YARS2",-1.14096649273816,19.0367862493782,-20.0633836645475,0.0000000925212587776862,0.0000047548425288046,8.67182616533339
"Q9Y2Z9_COQ6",0.011744523154622,18.8440670574897,0.193040788943452,0.852080642520259,0.877460786218398,-8.02738429778878
"Q9Y303_AMDHD2",-0.770206469609423,18.2824066147279,-11.8985189321817,0.00000407779579914893,0.0000501061629213679,4.53582517848039
"Q9Y305_ACOT9",0.224266084914618,20.0536691594009,2.93241283196187,0.0204499172892524,0.0358557102125527,-4.81038921942865
"Q9Y312_AAR2",-0.0387665140501028,19.0341344545205,-0.681608603423359,0.516092736812736,0.580165733993152,-7.79313842358871
"Q9Y314_NOSIP",-0.25378485319014,19.5221862412985,-5.11407496331233,0.00113554510082961,0.00315797358558541,-1.69660220375356
"Q9Y315_DERA",0.012371276710315,18.8601743114391,0.161983750782618,0.875621337816164,0.896724908500033,-8.03360389144417
"Q9Y316_MEMO1",-0.616510658100072,19.7948348536278,-12.8790471457641,0.0000023155307214682,0.0000346691469832423,5.16086173698411
"Q9Y320_TMX2",-0.395209146558148,20.051310479379,-5.74063343167818,0.000561173810103112,0.00181706598537432,-0.921268478158016
"Q9Y324_FCF1",-0.0804402370847654,18.4761271768169,-0.627495504275269,0.549438789037155,0.610701655621307,-7.83066416017447
"Q9Y333_LSM2",0.0177999267240203,21.882324044249,0.401382282703773,0.699394548516109,0.745981620531977,-7.9581490475282
"Q9Y343_SNX24",-1.05639195203015,18.1994097278925,-9.479463271444,0.0000201973826832166,0.000149874431891264,2.7627207790312
"Q9Y365_STARD10",-0.295195216045876,23.817076835755,-4.90523504432195,0.00145349642200317,0.00389545235579849,-1.96720132786306
"Q9Y366_IFT52",0.0101437939044189,15.8085599702621,0.119507020708523,0.908030295492451,0.923395917303351,-8.04035890933989
"Q9Y371_SH3GLB1",0.439091134752875,19.2208600781633,8.91848358403992,0.0000307957209640001,0.000199686490752076,2.29448408388366
"Q9Y375_NDUFAF1",-0.745078492414979,17.9925249529754,-8.02547931491829,0.0000632743075891913,0.000345487712507817,1.49508661788502
"Q9Y376_CAB39",0.177857084995782,20.1186395799575,3.3061447924353,0.0118852910924317,0.0227366169325496,-4.23838356780954
"Q9Y383_LUC7L2",-0.203896392475198,22.0441270099511,-3.18911750988447,0.0140611398915464,0.0261106030310307,-4.41646417704316
"Q9Y385_UBE2J1",0.806305578411656,18.4548663837037,11.5136856082745,0.00000515196484675166,0.0000590148262415559,4.27717294533872
"Q9Y388_RBMX2",0.470722402244327,18.1102914421834,3.83689585278533,0.00567619110214737,0.0121375061914346,-3.44788864273781
"Q9Y394_DHRS7",0.0587231075020647,20.2243687154675,0.600203184858391,0.566246627997508,0.625907840800618,-7.84905342931403
"Q9Y397_ZDHHC9",0.0719570566912786,15.4775324359473,0.470969421634099,0.651645290939002,0.70423615840893,-7.92411958659319
"Q9Y399_MRPS2",-0.395835887833069,19.9833208220074,-2.88000131078718,0.0235255557835708,0.0403552948330716,-4.92408952805045
"Q9Y3A2_UTP11",-0.532895364614149,18.4658374377404,-4.71944377523599,0.00181995903417444,0.00470733872474235,-2.21315501411284
"Q9Y3A3_MOB4",0.19898377014756,19.1606287339849,3.92487007357849,0.00504147958756835,0.0109875171876704,-3.3200581387872
"Q9Y3A4_RRP7A",-0.648167863173331,19.1020031781394,-9.1274721842534,0.0000262494457867237,0.000177627477450018,2.47180477366475
"Q9Y3A5_SBDS",-0.389290257421472,21.4033402562025,-8.753277292271,0.0000350195292907291,0.000219586595041456,2.15179354468223
"Q9Y3A6_TMED5",0.159365937575402,19.4986139476801,0.491210245986439,0.641585887377135,0.695340874806282,-7.90972155719766
"Q9Y3B1_PRELID3B",0.00576562483243137,17.9377524088428,0.036078912599725,0.972202684544096,0.976955161665001,-8.04770096730384
"Q9Y3B2_EXOSC1",-0.147962230402985,19.8218239281674,-2.89416500749258,0.0216371509682798,0.0375307115769067,-4.86936278314229
"Q9Y3B3_TMED7",-0.110533706199202,21.1960713230503,-1.65418191410655,0.13943724636879,0.188644556364464,-6.72825577066059
"Q9Y3B4_SF3B6",-0.21979341262799,21.5396608137125,-4.96747113029416,0.00134953646254929,0.00366330276022479,-1.88591281687546
"Q9Y3B6_EMC9",0.525609353594771,17.265482286287,6.29585830382765,0.000313366208983562,0.00115589882906352,-0.27794793839518
"Q9Y3B7_MRPL11",-0.639962378088523,20.5599366273135,-8.5985956594165,0.000039571691465641,0.000242336783645463,2.01612004181296
"Q9Y3B8_REXO2",-0.0548961128389287,19.9439762812787,-0.714307994399741,0.496784559928886,0.561923673895933,-7.76886879309235
"Q9Y3B9_RRP15",-1.16169566587393,20.1536299384541,-13.7033114137311,0.00000148269482370339,0.0000261050389562223,5.65203783340785
"Q9Y3C0_WASHC3",0.126222878102393,18.6373348011795,1.95154559052124,0.0894246418983329,0.128091116060023,-6.30595520081679
"Q9Y3C1_NOP16",-0.558623672171262,21.1749226727763,-7.41694902974665,0.000107419823209174,0.000512569118776022,0.907840543957956
"Q9Y3C4_TPRKB",-0.30549787420027,19.5550575194954,-5.49783439583388,0.000732867047065763,0.00223593532289699,-1.21532478173907
"Q9Y3C5_RNF11",0.0981646199742947,16.2547766100215,0.576863304370883,0.581542453837582,0.639932277761668,-7.86346001732111
"Q9Y3C6_PPIL1",0.126379686159218,21.1354821073505,2.91731213270681,0.0209102870263153,0.0365197802806325,-4.83366645968893
"Q9Y3C7_MED31",-0.163302618371983,17.1182896676704,-1.81518815153835,0.109754990140143,0.152929941030893,-6.50298139243908
"Q9Y3C8_UFC1",-0.112773659696654,20.6331014237064,-1.94923595924297,0.0897365368459236,0.128441117660914,-6.30933304233272
"Q9Y3D0_CIAO2B",0.15155721376227,20.5754647913496,1.95885189173094,0.0884449144731619,0.126854991416721,-6.29526124236646
"Q9Y3D2_MSRB2",-0.214405263379675,18.9153091065796,-1.94267519915457,0.0906559841577274,0.129489092113366,-6.31899663955753
"Q9Y3D3_MRPS16",-0.527623501522807,20.6414631022429,-10.5729807457765,0.00000941266017159838,0.0000874147658915473,3.60963627218448
"Q9Y3D5_MRPS18C",-0.508633729699142,19.0231945659473,-9.20531392592505,0.0000247529948585719,0.000170381247868143,2.53696352942809
"Q9Y3D6_FIS1",-0.0423439516732707,22.1701743310851,-0.607738401216987,0.561407923594857,0.621824474568586,-7.84423358405554
"Q9Y3D7_PAM16",-0.493196052187216,20.3895329996105,-7.32400383847615,0.000116816202952173,0.000545764838017528,0.814842707069266
"Q9Y3D8_AK6",-0.627900206094548,19.536419032644,-4.49761448743332,0.00275904329657144,0.00666118540987299,-2.61442772642469
"Q9Y3D9_MRPS23",-0.583485318221907,20.9026532212729,-9.00218571189732,0.0000288763668942376,0.000190985779650062,2.36592433101147
"Q9Y3E0_GOLT1B",0.482688992626429,18.0084890540179,1.38548514429425,0.214794722972502,0.273656392450394,-7.07817786135162
"Q9Y3E1_HDGFL3",0.806543028293508,19.1580670772741,15.7580159375787,0.000000539728208318596,0.0000133968351186423,6.76056803521028
"Q9Y3E2_BOLA1",-0.27593655361466,19.5714405022392,-1.36355448644346,0.217425012085319,0.27650398504354,-7.10636021763802
"Q9Y3E5_PTRH2",-0.629421977958582,21.9873892146911,-14.693398448112,0.000000896126127489694,0.0000182244260045097,6.20534698550984
"Q9Y3E7_CHMP3",0.307911572143567,20.5414243677709,5.88930489827051,0.00047833252041007,0.00160202428456142,-0.74509940122917
"Q9Y3F4_STRAP",-0.564802725421057,21.2088108823515,-10.4086251287755,0.0000105090688122723,0.0000943706934901333,3.48748548098194
"Q9Y3I0_RTCB",-0.129970001197943,22.2854646227996,-3.0340631559024,0.0176150860659321,0.0316215115925135,-4.6539550487456
"Q9Y3I1_FBXO7",0.114406154866742,18.0789221618052,1.457457343064,0.185779153408103,0.241585953294928,-6.98978310986398
"Q9Y3L3_SH3BP1",-0.367193317183727,17.033766516237,-1.08345830311036,0.317816442274736,0.384371419930297,-7.42592893500787
"Q9Y3L5_RAP2C",0.925307258707324,20.3556329022365,9.85143951817764,0.0000154492746398446,0.000123173147705092,3.06010638009734
"Q9Y3M8_STARD13",-0.786256764315624,18.9273900611613,-8.75643392535896,0.0000349329641230549,0.000219224525676531,2.15454121548949
"Q9Y3P9_RABGAP1",0.188748423808324,19.9322683780901,3.10103849526639,0.0159757175148761,0.029072608099786,-4.55118076639017
"Q9Y3Q3_TMED3",-0.307363894490042,19.1778845628739,-4.78698420890954,0.00167615338832435,0.00439614574882585,-2.12317359753319
"Q9Y3Q8_TSC22D4",1.354350083738,18.6917566308533,21.6086556961338,0.0000000536542958000151,0.00000342936616684803,9.25411740002575
"Q9Y3R5_DOP1B",1.83163510070718,18.9389150522745,21.7595343972722,0.0000000509784700683425,0.00000331403626786165,9.30854556575872
"Q9Y3S2_ZNF330",-1.26677991294225,18.0083209603647,-18.6713612509066,0.000000156684221380235,0.00000611148814265676,8.10477519017368
"Q9Y3T6_R3HCC1",0.176443322098223,16.5102339427049,1.05140573765529,0.32667649754346,0.394021795165803,-7.46384631167419
"Q9Y3T9_NOC2L",-0.582962818797714,20.4993433398782,-8.12569399987039,0.0000581749263460676,0.000321802538027775,1.58835024085339
"Q9Y3U8_RPL36",-0.322753671868888,23.3379366808057,-6.11121925265349,0.000378792461215158,0.00132647120626266,-0.487501176142879
"Q9Y3V2_RWDD3",-0.0815525496194756,15.1763035618182,-1.3036588588466,0.236903511192255,0.297881981505752,-7.11879998393373
"Q9Y3X0_CCDC9",0.0130454478710611,18.8137416937728,0.198259662796618,0.848139743731157,0.874112586831867,-8.02623336091661
"Q9Y3Y2_CHTOP",0.191574566315396,20.2066257351848,3.06893949559126,0.0167403587039668,0.0302081063588069,-4.60040381675237
"Q9Y3Z3_SAMHD1",-0.94045459160052,20.2658295216038,-7.03037227025647,0.00020127839075765,0.000828421774947342,0.290193915721561
"Q9Y421_FAM32A",-0.229490774105617,18.3480962259802,-1.995895211461,0.0836362857998015,0.120823853711926,-6.24084958475281
"Q9Y446_PKP3",-0.670861252838403,20.8393101638502,-9.69850810447223,0.0000172301265971167,0.000133590563606187,2.93905444193785
"Q9Y448_KNSTRN",-0.925680223298983,18.2337491587436,-7.0445401301533,0.000164636550857865,0.000707072617631238,0.458936188074144
"Q9Y450_HBS1L",0.200871527423981,19.3260660427435,3.78194212084933,0.00611613863795096,0.0129076999112805,-3.52823567119104
"Q9Y478_PRKAB1",1.01065274136705,18.6376642727239,16.5160777029593,0.000000383544481140467,0.000010456054923134,7.13340708716647
"Q9Y483_MTF2",0.141562868424625,16.0745858346148,1.69375256043655,0.131512425207403,0.178973609970926,-6.67372887946884
"Q9Y484_WDR45",0.380869235427848,17.1168454867232,4.6117694886027,0.00207801074736257,0.00524746007451516,-2.35795278300717
"Q9Y485_DMXL1",-0.0515123708278971,17.5811751819277,-0.592816759821794,0.570839291681867,0.629885920866426,-7.85391345831127
"Q9Y487_ATP6V0A2",-0.0801112929573264,18.7883674617786,-1.47767889966203,0.180442214227658,0.235410545697352,-6.96370328934976
"Q9Y490_TLN1",-0.253920724803329,21.5903770692599,-6.28803350397205,0.000315868794009067,0.00116231158550216,-0.28674214076897
"Q9Y496_KIF3A",-0.22857850901989,18.0042250100662,-2.91160396817273,0.0210871262961689,0.0367442571841147,-4.84246758599744
"Q9Y4A5_TRRAP",0.126355597069864,19.8417316300807,1.83866791026063,0.105963172574841,0.148017610762945,-6.46942436005423
"Q9Y4B4_RAD54L2",-0.174739433619216,16.1244365056325,-2.224257650055,0.0591890102031377,0.0897790268780477,-5.89941519331815
"Q9Y4B6_DCAF1",-0.613888292773701,19.2230718009401,-11.7171890145807,0.00000454879345672687,0.000054229032965305,4.41493842627499
"Q9Y4C1_KDM3A",-0.470689637534942,16.7486641774096,-3.73066116034706,0.0065600003867569,0.0137225970686669,-3.60354906886283
"Q9Y4C2_TCAF1",-1.30535928102667,19.7825231268321,-24.8457392912229,0.0000000191918914514153,0.00000198256852808422,10.3387788237299
"Q9Y4C8_RBM19",-0.522564408023186,18.6356828772549,-7.91249829811912,0.0000696331515042574,0.000372978697423508,1.38880491524012
"Q9Y4D1_DAAM1",0.263646836058516,17.7868939246029,2.5377213796323,0.0368413983572525,0.059430684179271,-5.41978733476502
"Q9Y4D7_PLXND1",0.368679906985992,16.1164259505804,2.92668069088743,0.0513960991206624,0.0794227407378623,-4.98740692159638
"Q9Y4D8_HECTD4",-0.0301441015768518,17.8588601476264,-0.398871974763729,0.701165219785165,0.747296402285531,-7.95926311146015
"Q9Y4E1_WASHC2C",0.00827712650092494,17.2202498782861,0.084452224127795,0.934919942025117,0.944870990717393,-8.04440334450277
"Q9Y4E5_ZNF451",-0.0566666853709243,16.9778869950237,-0.727051783026794,0.489387310253532,0.554818882365236,-7.75914163886808
"Q9Y4E6_WDR7",0.455174530356061,17.1676499372976,5.6404462318421,0.000625937383221321,0.00198452677648244,-1.0416425769449
"Q9Y4E8_USP15",0.139775864299665,20.3391238882864,2.68608780993127,0.0294843472116112,0.0490074180269918,-5.19075031596827
"Q9Y4F1_FARP1",2.11948189949489,17.1134783719226,27.3852223389904,0.00000000935480705184556,0.00000127058325779174,11.0838363310038
"Q9Y4F3_MARF1",0.324767868144832,16.9233097216111,4.4055836973368,0.0026914427037322,0.00652569754688783,-2.63983632636119
"Q9Y4F5_CEP170B",1.15441844989813,18.3747626938358,16.6469396626875,0.000000362128333214739,0.0000103159104959974,7.19600817660978
"Q9Y4G2_PLEKHM1",-0.256568018706655,15.5487004327987,-3.21830382336323,0.0164136356065809,0.0297101647843061,-4.42721945127458
"Q9Y4G6_TLN2",0.762146854222873,18.2800432706123,11.5257703948857,0.00000511372677697398,0.0000589757901324444,4.28541698510762
"Q9Y4I1_MYO5A",3.58260426251046,18.7045785274283,38.6144605118154,0.000000000733466974487475,0.000000333862731121553,13.6030005558018
"Q9Y4J8_DTNA",-0.427393959315282,17.8954115121951,-5.69965846652709,0.000586717886605842,0.00188692441671207,-0.970337149435181
"Q9Y4K1_CRYBG1",1.68817147710831,18.0488248630838,18.0403306582611,0.00000020146705422462,0.00000729694483063077,7.83291251568648
"Q9Y4K3_TRAF6",-0.0873550003168759,17.3018945414837,-0.964856759313274,0.364860159324359,0.43320736369358,-7.55151546119952
"Q9Y4K4_MAP4K5",0.183294342587111,18.5013618398007,3.03687144158216,0.0175429006491238,0.0315032855299803,-4.64964050620308
"Q9Y4L1_HYOU1",0.231941936066754,23.0096993206653,5.33172697238884,0.000883644727926789,0.0025819884622733,-1.42112932908265
"Q9Y4L5_RNF115",-0.0962226647593916,17.0433827771766,-0.89128989729842,0.400618568234132,0.468137168534154,-7.62084199738508
"Q9Y4P1_ATG4B",-0.117661838353925,20.2000930748905,-2.02375554991032,0.0801888856668438,0.116641167409067,-6.19972345975025
"Q9Y4P3_TBL2",-0.758666086605796,19.3078267176449,-12.7377903176357,0.00000250596321779604,0.0000366049615221951,5.07366378032313
"Q9Y4P8_WIPI2",0.259407401805561,19.1680390157002,3.07770212225767,0.0165278635622861,0.0298671727856374,-4.58696027237318
"Q9Y4R8_TELO2",-0.0822848796740736,19.4857400478135,-1.13535116747707,0.291401469675454,0.357310910583831,-7.37495477775162
"Q9Y4U1_MMACHC",0.0393819406519711,17.9594204316784,0.543330925861369,0.60276011804968,0.660413923636685,-7.8844384061396
"Q9Y4W2_LAS1L",-0.387266034600536,20.265730533117,-4.69483146097508,0.00187568517896494,0.00481324611039384,-2.24610705184194
"Q9Y4W6_AFG3L2",-0.264014444685486,21.4055397801508,-5.77195141347325,0.000542480675225009,0.00176858466170656,-0.883915110331895
"Q9Y4X0_AMMECR1",-0.152530354615877,17.3237680779721,-2.07770856873567,0.0739045931218726,0.108579937277374,-6.11962066686381
"Q9Y4X5_ARIH1",0.180635079600588,19.1210177321082,2.85120154919552,0.0230572088045387,0.0396771787708872,-4.93566286907877
"Q9Y4Y9_LSM5",-0.197387588225702,20.1022170049444,-2.51481747555247,0.0381351044349182,0.0611817512698138,-5.45507969039057
"Q9Y4Z0_LSM4",-0.00766310632317868,21.5137862047133,-0.0913676240898388,0.929606989351572,0.94149011464821,-8.04371528662974
"Q9Y508_RNF114",-0.0718766483174846,20.8010541728558,-1.33742504982176,0.220439916216929,0.279724057848843,-7.14030292991183
"Q9Y512_SAMM50",0.0612391618290289,21.3381192039986,0.775923407411455,0.461692075202465,0.529098979055288,-7.72046658800264
"Q9Y520_PRRC2C",-0.282691304650708,20.6575933656098,-5.4534399403415,0.000770165978658147,0.00232271309820534,-1.26995694299424
"Q9Y530_OARD1",0.641903022222237,19.0128594410929,8.5131329345531,0.0000423694295397808,0.000254752475161718,1.94028057214168
"Q9Y535_POLR3H",-0.345968561939944,17.5351968088218,-3.97481572381687,0.00471565288108923,0.010378256890499,-3.24792988249319
"Q9Y546_LRRC42",-0.520872436078974,17.3751359899785,-7.36685477008927,0.000112374551408783,0.000529895125861874,0.857830574014098
"Q9Y547_HSPB11",0.596216994554769,20.7134386296048,6.75918703595531,0.000198091982584446,0.000818407180628625,0.229560656921773
"Q9Y548_YIPF1",-0.160904866437829,18.5250461310618,-1.65455000799467,0.139361520060934,0.188575648742834,-6.72775126517969
"Q9Y570_PPME1",-0.412132037561349,21.8212465179926,-6.3829857310863,0.000286942120595182,0.00108311750334837,-0.180536679795221
"Q9Y575_ASB3",0.0132800284592989,16.1898867273153,0.1781905844915,0.863318532179151,0.886273553212934,-8.03049286774255
"Q9Y580_RBM7",-0.224446574092102,17.5680968164869,-3.01062670016391,0.0182298397610239,0.0325713322110285,-4.68997834329007
"Q9Y584_TIMM22",0.330448830844993,19.0978397808093,4.28724839360309,0.00313108383224747,0.00738908582937458,-2.80433140895785
"Q9Y587_AP4S1",1.75698123744395,18.366031348446,26.6272873080294,0.0000000115106926009435,0.00000143525127742256,10.8700579630568
"Q9Y592_CEP83",-0.0174844830215797,15.4776013839614,-0.248961317040378,0.811122948693717,0.842354061682743,-7.9884891397942
"Q9Y597_KCTD3",-1.00050571426495,18.1339483495443,-12.8050935288741,0.00000241310963922207,0.0000358478748357872,5.11532480693831
"Q9Y5A7_NUB1",0.689399155722228,18.2243876330574,6.98081022867648,0.000160390099062783,0.000692353628530947,0.463434192775939
"Q9Y5A9_YTHDF2",-0.252990021413218,20.8703856318801,-5.35019124057931,0.000865299260283642,0.00254602173064502,-1.39806416217887
"Q9Y5B0_CTDP1",-0.604770115378923,18.6241196700293,-7.26534637405971,0.000123217892713933,0.000567754339806781,0.755682736718683
"Q9Y5B6_PAXBP1",-0.227821831845286,18.3066336499368,-3.87183662596989,0.00541431755736082,0.0116557641751083,-3.39699969875561
"Q9Y5B8_NME7",0.22284533094156,17.5819932761429,2.5582071327217,0.0357224145826943,0.0579080744492696,-5.38820170487392
"Q9Y5B9_SUPT16H",-0.0529069426792574,21.6892890408499,-1.24256405661004,0.251681028138663,0.314384283137243,-7.25360300524804
"Q9Y5E7_PCDHB2",-0.242835059412364,15.354702290207,-2.05747423265912,0.082038532823359,0.118967603556619,-6.1118701597395
"Q9Y5J1_UTP18",-0.913368706428273,19.8332871980356,-11.2880668540215,0.0000059285269223125,0.000064051670129416,4.12176862465072
"Q9Y5J5_PHLDA3",0.851756661721321,16.7441636039025,2.89640901922132,0.0297628726064988,0.0493948088686515,-5.00865138074148
"Q9Y5J6_TIMM10B",-0.0399030297960898,18.0831697195895,-0.40580317478442,0.696281045875126,0.742973293339816,-7.95617080640495
"Q9Y5J7_TIMM9",-0.456259879237017,18.3678503381052,-1.88836682095503,0.103783337124929,0.145507108234509,-6.40967896015995
"Q9Y5K5_UCHL5",-0.192758749343199,20.921238521102,-4.58804261963932,0.00214011164844669,0.00538639616084894,-2.39008264012424
"Q9Y5K6_CD2AP",-0.112382527706327,19.9797477322192,-2.31762500122775,0.0513794591411508,0.0794131611923578,-5.75751603732291
"Q9Y5K8_ATP6V1D",0.39202294371335,19.4795925015319,6.0989680057715,0.000383643294242125,0.00134160500965775,-0.501557557781954
"Q9Y5L0_TNPO3",-0.207574239563172,19.5385321437148,-2.33460566853227,0.0500748128674023,0.0777241142689272,-5.73160188815674
"Q9Y5L3_ENTPD2",-0.476297064636658,16.7587678814447,-2.74710004436246,0.0275318357892163,0.0461757757470296,-5.10772189262102
"Q9Y5L4_TIMM13",-0.321739119068347,20.3515005320673,-6.34372242181651,0.000298529903685841,0.00111250291398065,-0.224318716651981
"Q9Y5M8_SRPRB",0.142884357608072,21.0775344622227,1.64345824381065,0.14166023788549,0.191345723558345,-6.74293062804609
"Q9Y5N5_N6AMT1",0.440121791008504,18.0611451211123,7.02947923703032,0.000153228651343465,0.000669802943746204,0.514052217675662
"Q9Y5N6_ORC6",0.162511844923991,17.3959198139406,1.37728189314094,0.208348520011965,0.266470294805953,-7.09116709292961
"Q9Y5P4_CERT1",0.158370482968767,19.8048921163979,2.59471118182308,0.0338141938684377,0.0551911499062955,-5.33188013669742
"Q9Y5P6_GMPPB",0.424831082126151,21.0196445819026,8.03648934843347,0.0000626902675935768,0.000343037536199097,1.50537903531258
"Q9Y5Q0_FADS3",-0.499226380442556,15.9190446551248,-4.44049660300643,0.00366110917402199,0.0084280860707056,-2.81759991071424
"Q9Y5Q8_GTF3C5",-0.227146293192121,19.7045004534519,-4.11760001072426,0.00390372727322566,0.00890574374329766,-3.04355425692744
"Q9Y5Q9_GTF3C3",-0.325073139205561,19.7927549732168,-6.31062030760924,0.00030870475790214,0.00114091758435553,-0.261377728275142
"Q9Y5R8_TRAPPC1",0.540945550395435,20.2789828277115,8.433821064526,0.000045165677969134,0.000267206391563684,1.86932999812285
"Q9Y5S2_CDC42BPB",0.312315361602568,19.6167811713767,6.05215353560916,0.000402825498579224,0.00139584999644354,-0.555446015019812
"Q9Y5S9_RBM8A",-0.0587815710326254,22.8406860373273,-1.37372675510797,0.209402986453588,0.267610367439662,-7.09558504565267
"Q9Y5T4_DNAJC15",-0.790490691216924,18.4208469185553,-3.76730852672766,0.00773335254932852,0.0157905716752195,-3.68953137847651
"Q9Y5T5_USP16",-0.220983398314292,18.3098534611929,-3.16352727462313,0.0145910175569641,0.026927611097065,-4.45554815354156
"Q9Y5U2_TSSC4",-0.229285446348023,18.8470829999147,-3.69837010917872,0.00685722395406667,0.014258076925815,-3.65113642524351
"Q9Y5U8_MPC1",0.694259382510069,16.6189576074973,2.27116362356995,0.0667331974590641,0.0995240587987532,-5.83797946244771
"Q9Y5U9_IER3IP1",-0.0488163467931173,17.080416331906,-0.551977427432219,0.597112752576042,0.655264694285583,-7.87928110481041
"Q9Y5V0_ZNF706",0.293657197519437,21.095927021562,6.31653148742455,0.000306859839157299,0.00113623748671092,-0.254750037563107
"Q9Y5V3_MAGED1",-0.143948156253302,17.2747719127407,-1.2904235509893,0.235476399965459,0.296332478182873,-7.19710153284202
"Q9Y5W7_SNX14",1.28898201167114,16.5788650202546,12.0121953815541,0.00000381066418947007,0.0000483065197085155,4.61073254777782
"Q9Y5W8_SNX13",0.973696910982531,16.0745455873149,9.37303793732569,0.0000218434750520705,0.000158265945395263,2.67576134016528
"Q9Y5W9_SNX11",-0.301139551683825,17.5090643351341,-4.23292552093757,0.00335863449536084,0.00784816404660969,-2.88050008092147
"Q9Y5X1_SNX9",0.671471351177853,18.9244582116101,11.3136862993653,0.00000583402106319623,0.0000636636502247784,4.13955898035149
"Q9Y5X2_SNX8",-0.698249468187985,18.2875049716323,-7.71924201375668,0.0000822399435208799,0.000422076255344003,1.20415125820746
"Q9Y5X3_SNX5",-0.663010205969002,21.4702004181498,-14.2129379406166,0.00000113948083050892,0.0000215594308379375,5.94156875987235
"Q9Y5Y0_FLVCR1",-0.602449066458664,17.1409613621861,-6.62243094200259,0.000226246086533207,0.000905698807458722,0.0824250560282085
"Q9Y5Y2_NUBP2",0.118813010091991,20.8544414864817,2.20204729460379,0.0612156507668056,0.0922723423964176,-5.93300502820357
"Q9Y5Y5_PEX16",-0.309507750285263,18.3149907718699,-2.99256952028501,0.0187188683641055,0.0332392950826068,-4.71775253584889
"Q9Y5Y6_ST14",-0.116063438015878,18.7926345624882,-1.14596835404307,0.287251090836613,0.353075597431041,-7.36327434672157
"Q9Y5Z0_BACE2",-0.639302876153863,15.8726184311841,-4.54147247144506,0.00497230795321689,0.0108645143039838,-2.80746362405836
"Q9Y5Z4_HEBP2",0.746373870209691,20.3525830976313,10.114160006486,0.0000128526819346367,0.000108258581168158,3.26423520859639
"Q9Y5Z7_HCFC2",-0.371736334605675,16.9421941173736,-3.89642561832833,0.00523787010317166,0.0113244002287446,-3.36128070386403
"Q9Y5Z9_UBIAD1",-0.149041817322903,17.5035576449978,-1.8151496489827,0.109761313185333,0.152929941030893,-6.50303628423167
"Q9Y605_MRFAP1",0.754299543317728,20.953810841685,11.1597610337356,0.00000642856141962438,0.0000674577990912872,4.03210789044246
"Q9Y606_PUS1",-0.732274671204671,20.5985784845606,-15.5560973630677,0.000000592699904867777,0.000013871001465921,6.65820356035324
"Q9Y608_LRRFIP2",1.02044439550629,18.1790357922496,11.1508303941561,0.00000646509777847353,0.0000676389734567671,4.02583183319032
"Q9Y613_FHOD1",-0.313584374349748,19.6816963455367,-5.05568222375163,0.0012159398894672,0.0033545298510292,-1.77164042034553
"Q9Y618_NCOR2",-0.923130971504595,18.0821392849452,-9.28703127080393,0.0000232843418875547,0.000162926130999761,2.60485810826494
"Q9Y619_SLC25A15",-0.15647533040773,19.4119177352988,-1.50252655208543,0.174073135857383,0.228315273552553,-6.93138961885773
"Q9Y620_RAD54B",0.104873329008583,16.9835130209308,1.19068939839438,0.270297443201276,0.334807678766118,-7.31324884515269
"Q9Y624_F11R",0.322167522826327,21.0786005538495,4.44184160824872,0.00257058931268542,0.00627442426446332,-2.58982972800792
"Q9Y625_GPC6",-0.713444344395448,16.6442925720698,-5.33534499520623,0.002377098807267,0.0058663898533656,-2.07867691470925
"Q9Y639_NPTN",0.121608080393425,19.4783146318885,2.27886602504253,0.054487195561964,0.0835038503816842,-5.81654897414051
"Q9Y653_ADGRG1",-0.535800688603736,16.7795799418048,-5.54630602953111,0.000694408863965089,0.00214440674759175,-1.15598288798296
"Q9Y657_SPIN1",0.417290869530735,17.7720647575637,5.73119670985244,0.000566945578692857,0.00183107773738339,-0.932549363733061
"Q9Y664_KPTN",-0.505098857120636,16.7556997741903,-5.97719437293222,0.000435798475869094,0.00148797943443068,-0.642317176096718
"Q9Y666_SLC12A7",0.368444926617315,18.8422486416971,4.45320036746321,0.00253395840435554,0.00619520656493996,-2.57420208297526
"Q9Y672_ALG6",-0.416655890555841,17.9033165998487,-4.82605157730966,0.00159869985114313,0.00422065639284786,-2.07142318407684
"Q9Y673_ALG5",-0.219778353785845,20.8931595933983,-2.11045793931614,0.0712266686552002,0.105378339193047,-6.07470495132046
"Q9Y676_MRPS18B",-0.509196273736777,20.5095234595168,-7.45264969332438,0.000104037849168254,0.000501783056926913,0.943321485320615
"Q9Y678_COPG1",0.635457500939847,21.8201419136258,10.6390008278415,0.00000900899847089224,0.0000844912976197366,3.65822058779717
"Q9Y679_AUP1",-0.728536638233411,19.8047308353287,-5.7345552823044,0.000659895994612527,0.00206380301604559,-1.05018966887859
"Q9Y692_GMEB1",0.139657256387267,17.548827851061,1.47890273628381,0.180123672285546,0.235115951845523,-6.96211857375016
"Q9Y696_CLIC4",0.439075213809019,21.7821311073281,4.61300058486278,0.00220157973158382,0.00551010708734008,-2.39935641860127
"Q9Y697_NFS1",-0.846751854443028,19.194729481272,-13.598004725018,0.00000156737642490546,0.0000269392322211451,5.5909031956575
"Q9Y6A1_POMT1",-0.520693048930745,17.2950213556883,-6.8206242153639,0.000186734195964373,0.000783397845838401,0.294954351755631
"Q9Y6A4_CFAP20",-0.0625186035199405,20.6545434345214,-0.692926939355481,0.509356503246313,0.573780444859516,-7.78485088340384
"Q9Y6A5_TACC3",0.107477797173686,18.8399907966761,1.62950944460618,0.144601014316641,0.194695577074238,-6.76195195468029
"Q9Y6A9_SPCS1",-0.424453596959406,21.0473630947227,-4.76685870893362,0.00171765437196458,0.00448419501590911,-2.14991782642592
"Q9Y6B6_SAR1B",0.327762613605998,20.6646700386405,2.15608990305177,0.0691472733658906,0.102641327326496,-6.01941970851056
"Q9Y6B7_AP4B1",2.14898651315071,18.6785183646907,22.9050181038713,0.0000000349494370938604,0.00000268510523773639,9.70877839168525
"Q9Y6C9_MTCH2",0.0657616500004607,21.6536084608693,1.12578085474864,0.295184305254381,0.361250494893777,-7.3854177545166
"Q9Y6D5_ARFGEF2",-0.0820603289112718,18.8679086937728,-1.0641525600518,0.320502505772254,0.387250525639994,-7.45126508128656
"Q9Y6D6_ARFGEF1",0.851910269239077,17.961460683195,9.14376399079499,0.0000259280227589985,0.000176394043922131,2.4854814982274
"Q9Y6D9_MAD1L1",0.00758563338305507,18.8008293487759,0.136627263560915,0.894941755071357,0.912701393010558,-8.03788029474341
"Q9Y6E0_STK24",0.0913963103625122,20.246491196293,1.51075884292349,0.172008145265587,0.22599653703404,-6.92062005114021
"Q9Y6E2_BZW2",1.23079255091493,22.1633005372342,27.8020341828095,0.0000000083664734842135,0.00000124775288864564,11.1984908352837
"Q9Y6G3_MRPL42",-0.701996806030159,18.0659719212659,-10.1028091130734,0.000012954141449368,0.000108690339949549,3.25551368817005
"Q9Y6G5_COMMD10",-0.0165934482299406,19.9688175862911,-0.30882605327789,0.765905024904118,0.80373532276776,-7.99475668687476
"Q9Y6G9_DYNC1LI1",0.728697319995671,21.0012644179755,14.9471678043003,0.000000791675556225956,0.0000168197884934487,6.34124894276105
"Q9Y6H1_CHCHD2",-0.689649232947559,18.948073048148,-6.82874856338463,0.00018528741593474,0.000778616621878252,0.303569460014023
"Q9Y6I3_EPN1",0.0768785776679266,19.2530373391633,0.958750340742694,0.367733949233534,0.435803119019985,-7.55743447146176
"Q9Y6I4_USP3",-0.423713699640061,19.3359810248802,-5.59944552945233,0.000654794107871616,0.00205375834411196,-1.09129355180508
"Q9Y6I8_PXMP4",0.925238517255984,18.6749728851569,7.9595835744394,0.0000690889854659286,0.000371109338597354,1.40611338339985
"Q9Y6I9_TEX264",0.306365217462602,20.6795700930116,3.74059228609059,0.00647140286548078,0.0135783421227164,-3.58893878321326
"Q9Y6J0_CABIN1",-0.0134318536196325,17.201154509297,-0.146073799133312,0.887734352965148,0.906566526403453,-8.03637151380855
"Q9Y6J9_TAF6L",0.294420131735912,17.7387603342723,3.1996705690996,0.0138485973129692,0.0257978033706696,-4.4003606721273
"Q9Y6K0_CEPT1",-0.201155350181502,19.9266186276913,-1.24329724583159,0.254917638502377,0.318061607357133,-7.25047004336244
"Q9Y6K1_DNMT3A",-0.087297563373081,19.116356647762,-1.56625405555443,0.15865768322743,0.21097033892095,-6.84722228080397
"Q9Y6K5_OAS3",-2.31730953434839,18.709717687334,-10.5794700630971,0.0000223241024886311,0.000159643325427208,2.85705276003298
"Q9Y6K9_IKBKG",0.559127005725394,18.8638231977776,9.54755476766882,0.0000192175176254864,0.000145152372452283,2.81791330148541
"Q9Y6M4_CSNK1G3",-0.178357672588454,16.3681069740386,-1.42908427372264,0.193505173982793,0.25009351798014,-7.02603700897671
"Q9Y6M5_SLC30A1",-0.183853571372758,19.8460483559476,-2.90890442213988,0.0211713032093239,0.0368571600389375,-4.8466302783293
"Q9Y6M7_SLC4A7",0.42916571636216,19.4860311160003,6.71105759211712,0.000207528712376451,0.000847724697279962,0.178027146723707
"Q9Y6M9_NDUFB9",-0.264193705894435,21.975070738645,-4.87990295912744,0.00149830771179234,0.00399583746700301,-2.00044632487364
"Q9Y6N1_COX11",-0.341869410155986,18.5938286319434,-4.30425689911598,0.00306333459323504,0.00725622015451439,-2.78056747644226
"Q9Y6N5_SQOR",1.02244112671901,20.5928734200342,19.1430994206141,0.000000130527527224441,0.00000564884053540577,8.3018013735661
"Q9Y6N7_ROBO1",0.408783110655399,17.6913048904681,3.48972010202211,0.00916347216757476,0.0182120118386657,-3.96152041395353
"Q9Y6Q5_AP1M2",0.5470864025068,21.4928154606144,7.85122135828308,0.0000733794252176574,0.000388125110017735,1.33064972909302
"Q9Y6Q9_NCOA3",0.367812781582316,19.1896254039607,5.5409103062999,0.000698577416023896,0.00215378185094356,-1.16257281743626
"Q9Y6R0_NUMBL",-0.758782439202804,18.5142245676697,-8.24452727968013,0.0000527156889278475,0.000300566364306753,1.69773402477257
"Q9Y6R4_MAP3K4",0.0168539185792689,17.9039742606967,0.0853773367570253,0.934369560968998,0.944561333106999,-8.04427884604586
"Q9Y6U3_SCIN",-1.63247880143712,20.9162901533406,-14.271433442484,0.00000163267537004958,0.0000276573025937574,5.62376169644814
"Q9Y6V7_DDX49",-0.88350715252977,19.0468738507016,-13.7108989345957,0.00000147679580734148,0.0000260615055931307,5.65642502762774
"Q9Y6W3_CAPN7",0.556493660120768,19.3269970731542,7.82247636820901,0.0000752141829850726,0.000395782765204218,1.30324377033699
"Q9Y6W5_WASF2",0.438876297916323,19.8964858560665,6.01170544138824,0.000420259484145471,0.00144505041874287,-0.602232014569648
"Q9Y6X2_PIAS3",0.296354157283595,17.3545599576923,2.99647844905452,0.0186118483625931,0.0331138523148265,-4.71173875278339
"Q9Y6X3_MAU2",-0.108523757384273,20.4442952879315,-1.30666141567769,0.230184819802521,0.290538622538661,-7.17762261119085
"Q9Y6X4_FAM169A",0.691967085418764,19.0478049706712,9.96540945499692,0.0000142565423689764,0.000116471816604119,3.14924469509432
"Q9Y6X5_ENPP4",0.444489124340414,17.5996788665861,4.53566740753948,0.00228451287973245,0.00567843299452452,-2.46129086146091
"Q9Y6X8_ZHX2",-0.429086318310389,18.6861770265396,-5.34472991060294,0.000870681246053106,0.00255493887248454,-1.40488141265402
"Q9Y6X9_MORC2",-0.635300292558941,19.1691962413896,-11.9174448573353,0.00000403189141525481,0.0000497833865331624,4.5483429239335
"Q9Y6Y0_IVNS1ABP",0.0290206550902425,19.8783750030761,0.37160970516651,0.72051972061547,0.763907582241604,-7.97092951543028
"Q9Y6Y8_SEC23IP",-0.113245126650572,20.3637573221577,-2.24648205838079,0.0572282707265424,0.0871253457057809,-5.86573656228559
