"","logFC","AveExpr","t","P.Value","adj.P.Val","B"
"A0A024RBG1_NUDT4B",0.83354067049317,16.0932121076524,7.96894049487168,0.000143003359976592,0.00106141814273888,0.990423401800724
"A0A096LP01_SMIM26",0.287676516386814,16.1199067641246,3.66149680118055,0.00721445880883468,0.0210130521522955,-3.55728965298719
"A0A0B4J2F0_PIGBOS1",0.0170365008774134,17.4793387401567,0.237243766443054,0.818855071891696,0.872251222601647,-7.86567183608175
"A0A1B0GW15_LOC122394732",0.212770228388788,21.6644866868355,0.857356324385769,0.427966371772501,0.536273219505126,-7.20208148512913
"A0A6I8PU40_TUG1",0.227964458599359,15.6806041483581,1.98414277366209,0.0910980250228331,0.157424141342577,-6.06641397072816
"A0A8Q3SIG1_LOC400499",-0.0597122035135573,15.1854299293628,-0.832804017315074,0.43987524754324,0.547466334905764,-7.42079099270835
"A0AV96_RBM47",0.00918778023605427,20.1328701125953,0.141106381181637,0.89152297645499,0.925793691252159,-7.88616495481353
"A0AVF1_TTC26",-0.184653265683423,17.7772778575617,-2.35737708245927,0.0483776149742709,0.0953213573397682,-5.54690016316556
"A0AVI2_FER1L5",0.751925806259838,18.2450499539425,9.00889964127414,0.000502516131611443,0.00271309027271856,0.226452871661018
"A0AVK6_E2F8",0.0589884197200448,15.5069368778196,0.723543659850501,0.491416444538544,0.597278015659327,-7.61092260212076
"A0AVT1_UBA6",-0.0934480250672252,20.9807222709644,-1.84975863256641,0.104215997207683,0.174875175296912,-6.30318529802243
"A0FGR8_ESYT2",-0.010183497879801,19.9488522586143,-0.174319277210802,0.866253778344111,0.908437604312857,-7.88025237735445
"A0JLT2_MED19",0.0012249197231391,17.744620858388,0.00950929443562306,0.992662253457519,0.994499236394617,-7.89737406491196
"A0JNW5_BLTP3B",0.376316948989988,17.8406440013517,4.66644483337164,0.001942291993824,0.00760477223277995,-2.13754723464019
"A0MZ66_SHTN1",-0.590774584126933,21.0355995102349,-10.7933974652362,8.13890634863743e-06,0.00014381380072409,3.89890071964642
"A0PJW6_TMEM223",0.302853305687712,18.4899781337314,1.34573916240615,0.222813414116146,0.320287048378309,-6.97742646951818
"A1A4S6_ARHGAP10",0.174100582154676,17.6894065999638,1.75630398223939,0.119841180666371,0.195923696849581,-6.43598957567631
"A1L020_MEX3A",-0.682552946631745,17.0959130587192,-3.92979297952724,0.015746930588771,0.0388966993057041,-3.76114278428718
"A1L0T0_ILVBL",-0.204778943966463,19.4274344510742,-1.95861073083579,0.088504671014556,0.153767007224064,-6.14544467703324
"A1L188_NDUFAF8",0.0582604890585259,17.3741724273306,0.816665713744963,0.439428658011493,0.547218796273029,-7.53571184785707
"A1L390_PLEKHG3",-0.333214801081514,21.1613322605768,-4.99112190683838,0.00131219852763563,0.00564851224311623,-1.70911675321226
"A1X283_SH3PXD2B",-0.919962386536593,17.6654639111178,-10.1838180140004,1.22492899510411e-05,0.000193084168403524,3.44815828342973
"A2A3N6_PIPSL",0.0227989003331786,15.0758555530089,0.153729975844818,0.886370112087875,0.922447523402097,-7.20105465432336
"A2RRP1_NBAS",-0.519399205714095,18.9371425597484,-9.23302727051512,2.42435618740584e-05,0.000305927276919805,2.69422598456564
"A2RTX5_TARS3",-0.0765423893007018,17.2495172994686,-0.874350592601623,0.409204047694079,0.517341647861954,-7.48531644926054
"A2RU49_HYKK",0.460124127476334,15.6638673529137,5.78004369730299,0.00162615239029833,0.0066480935956314,-1.50034795563354
"A2RU67_FAM234B",0.0118210416781679,17.583118224734,0.15685035905656,0.879525948399961,0.917498371762311,-7.88351640053686
"A2RUC4_TYW5",0.306635100147805,17.9929803337073,3.7715532946439,0.00620337262199617,0.0186271734859233,-3.39529167052954
"A3KMH1_VWA8",-0.0428157405271499,20.0515473502705,-0.591999529579558,0.571358463339734,0.669944087765684,-7.7034910046079
"A3KN83_SBNO1",0.253271230860413,19.4416194246862,3.59214063448546,0.00794178449391606,0.0226602172540227,-3.66011207569676
"A4D161_FAM221A",-0.292541285919834,16.9059986419982,-2.90970086303825,0.0211464321589363,0.0488117372750809,-4.69607815250917
"A4D1E9_GTPBP10",-0.181979511834466,19.0988228545211,-2.48016122615986,0.0401816551188907,0.0819591212301741,-5.35864455677181
"A4D1P6_WDR91",-0.112096569150832,17.800371456379,-1.6664038976148,0.136943236091863,0.218292543770286,-6.56101603517813
"A4D1S0_KLRG2",-0.505133790249674,15.7691462990405,-5.27342300279835,0.00149334434119754,0.0062556808155919,-1.67319203272068
"A4D1S5_RAB19",-0.651157807526845,16.1581539247348,-9.23031300604692,2.42929320027061e-05,0.000305927276919805,2.6919775697367
"A4D1U4_DENND11",0.485669598573793,16.7148963480785,3.78095321181628,0.0061243851512259,0.0184552323536153,-3.38152364307749
"A5A3E0_POTEF",0.0515587200177201,23.9205561704419,0.0936766726015775,0.928844761965106,0.952015867467261,-7.8922113217214
"A5D8V6_VPS37C",0.194022448571353,18.8244755889156,1.49371287181501,0.177505390873045,0.267605741120968,-6.79238046915582
"A5PLL7_PEDS1",-0.0187977252475662,17.1551546255411,-0.092813210925218,0.928635245013845,0.952015867467261,-7.8925166557027
"A5PLN9_TRAPPC13",0.283167216123204,17.0298212659837,2.56010891652333,0.0356203195285288,0.074730335564106,-5.2355627756792
"A5YKK6_CNOT1",0.120312419787567,20.6881152359822,2.62543330056967,0.0322896195081865,0.0689729368930108,-5.13481050382164
"A5YM69_ARHGEF35",-0.0674090038413979,15.3113854529383,-0.808978456731686,0.447306992569885,0.55450980350199,-7.47849995547151
"A6ND36_FAM83G",0.408091684259077,18.6083134728195,4.79834448317356,0.00165321430774661,0.00672277839506532,-1.96167837892124
"A6NDB9_PALM3",-0.461575887892909,17.9067862414342,-3.8349805930988,0.00569093584997223,0.0174853632367568,-3.30260321093446
"A6NDG6_PGP",-0.334930820042125,21.6306892581519,-7.20977092752573,0.000129646905256587,0.0009872017835524,0.839988611806691
"A6NDU8_RIMOC1",0.405066901622853,20.0352402744895,7.7645439028589,7.90701767151621e-05,0.000702080721239738,1.3868271101552
"A6NED2_RCCD1",0.077374050324881,17.5684703258482,1.03103606726616,0.334802449627884,0.44244852677704,-7.33471850539913
"A6NFI3_ZNF316",-0.340363216740229,17.6222497501993,-3.90260254478123,0.00519452935126183,0.0162621526987701,-3.20434493251932
"A6NHL2_TUBAL3",0.214825524219137,18.665232030622,0.936781691490814,0.38209098181626,0.490526541727172,-7.42349460863294
"A6NHR9_SMCHD1",0.125442000144087,19.593081662123,2.19789636400951,0.0616020304386362,0.115400030066987,-5.78922469633472
"A6NHX0_CASTOR2",-0.142105190256292,17.0930113166966,-1.36708063417607,0.211386788356139,0.306825896522248,-6.95318343297469
"A6NIH7_UNC119B",-0.159232468929261,19.555897729927,-2.50946702926911,0.038443966484017,0.0792835510575426,-5.31356338580783
"A6NJ78_METTL15",0.0866117003087119,17.652598036438,0.906589795820539,0.392977307841536,0.501540812299743,-7.45593270794638
"A6NK58_LIPT2",0.169375152985076,16.970582803803,1.44251904838138,0.189811903302657,0.282043148833589,-6.8583205880177
"A6NKD9_CCDC85C",0.353525196747732,17.6739011635491,2.66837193349656,0.0302766592097353,0.0654040858034548,-5.0685301886505
"A6NKF1_SAC3D1",0.155888734484506,18.2996039660145,0.862388725798856,0.417243519799537,0.525333779457751,-7.49388500507595
"A6NNL5_C15orf61",0.951671260032569,17.1002885128199,9.36638742935988,2.19512414130901e-05,0.000286573094536705,2.80399453048683
"A7E2V4_ZSWIM8",-0.109664510979435,18.1649504883812,-1.77690306855863,0.116216658572573,0.19156454393862,-6.40695190093745
"A7KAX9_ARHGAP32",-0.2547299154722,17.3926419480448,-2.17856420048412,0.0634338119241573,0.118171967494432,-5.81837497353898
"A8CG34_POM121C",-0.469081762138231,17.4790415575713,-3.64263451256052,0.0074048951969661,0.0214840317953722,-3.58519861899078
"A8MT69_CENPX",-0.360282464103904,18.5639848397386,-1.79020592376946,0.11846891530758,0.19414680761553,-6.39492231188739
"A8MTT3_CEBPZOS",-0.0182365944879663,16.5411498942186,-0.18187667960226,0.860525838507183,0.904291413798957,-7.87873444645577
"A8MW92_PHF20L1",0.302604095492732,16.8399313014533,2.44036372798009,0.0426706819696756,0.0860504784115458,-5.41978391959285
"A8MXV4_NUDT19",0.675750414580747,19.5532564231164,9.57430388559876,1.88473038404363e-05,0.000256840709198102,2.9724305203777
"A9QM74_KPNA7",-0.547467369467828,22.4887607039081,-3.92790641218213,0.00603055373008869,0.0182406202971902,-3.29029119168865
"A9UHW6_MIF4GD",-0.0845149747102276,18.1820568352701,-1.04544168197691,0.328521718812985,0.435449237319197,-7.31992166433573
"B0I1T2_MYO1G",0.591813206535424,21.2645370232388,5.93184808371014,0.000499960119076608,0.00270310828171193,-0.621930140285714
"B0YJ81_HACD1",-0.16713227907969,15.4363489085767,-1.48396620356304,0.193146321729451,0.286002664377663,-6.59656394168667
"B1AK53_ESPN",-0.905301959130565,17.2116131964276,-8.05946410679645,0.000133730401326399,0.00101024596654182,1.03434100388483
"B2RTY4_MYO9A",-0.168994020004487,16.3232855148118,-1.81529796963369,0.10973695727843,0.182378051824695,-6.35246766925219
"B3KNS4_ERVK3-1",-0.221847489343862,16.5847691695238,-1.74355267252834,0.128354651033905,0.207237868459178,-6.43707571759242
"C9J7I0_UMAD1",-0.0272791807017114,17.875388865171,-0.269195769952015,0.795076943142558,0.854302632512278,-7.85658684070748
"C9JI98_TMEM238",0.122868586701806,16.5777465310852,1.40479825462986,0.200343578964705,0.294827076262786,-6.90612385525279
"C9JLW8_MCRIP1",0.0718995934260214,19.182712735275,0.83004779875535,0.432281164539667,0.540705088826203,-7.52427432255529
"E7ERA6_RNF223",-1.45215357029611,17.3451806357059,-14.8212176726708,1.28849474760383e-05,0.000197802055129143,3.99766339329849
"E9PAV3_NACA",-0.130078022548187,23.8273735097111,-2.38662843902182,0.0462825570134415,0.0918800696878111,-5.50215846306009
"E9PRG8_C11orf98",0.245504316485118,20.5648278737936,2.4765368214276,0.0408858548512676,0.0830646718942176,-5.36935526211053
"L0R819_ASDURF",-0.824075982096488,18.171021653241,-10.8113490075098,8.04403509096041e-06,0.000142731054694614,3.91181814821857
"O00115_DNASE2",-0.436460291843158,19.7321395387806,-6.06296179892535,0.00039830400515432,0.00229432153483242,-0.399278924674219
"O00124_UBXN8",-0.228128900293274,15.7978156643322,-2.01050345320279,0.081810980300722,0.144311246977162,-6.06909879015054
"O00139_KIF2A",-0.154800521350907,20.1262044425707,-2.58204531275691,0.0344641286834691,0.072743860791033,-5.2017438270749
"O00148_DDX39A",0.116652616548041,22.2759147651336,1.26426754562128,0.244888546023497,0.345363801448813,-7.07704982396969
"O00151_PDLIM1",-0.775560746667932,20.3021631234109,-11.5358409850386,5.08210624981888e-06,0.000106445759670864,4.4172078312386
"O00154_ACOT7",-0.520952316588659,22.7694860729113,-11.397783888254,5.53553222854368e-06,0.000112851050365911,4.32323172472353
"O00159_MYO1C",-0.0616692715238472,21.1939065675771,-1.10006882683708,0.305544595511047,0.412045939792195,-7.26244091270877
"O00160_MYO1F",0.080333716381201,16.7170546023889,0.103538078412785,0.924816989529908,0.949660965071343,-7.26164247934796
"O00161_SNAP23",-0.0310837242032065,19.8066537649078,-0.421735658594756,0.685112011507362,0.767425835600554,-7.79788884110548
"O00165_HAX1",0.411567526544648,19.4131827581114,5.78325932960398,0.000535901679481741,0.00284511690252633,-0.726103284931508
"O00170_AIP",0.33985230827497,21.2161150242812,5.50154362637974,0.000729842290180367,0.00358608266044889,-1.06578565865452
"O00178_GTPBP1",-0.11176394674958,20.056420510704,-1.85983952794996,0.10265189704901,0.172781539616839,-6.28870331976066
"O00186_STXBP3",-0.0132305693380097,20.7001817312177,-0.279286472148309,0.787613956010577,0.848191110536816,-7.85348402906767
"O00189_AP4M1",-0.338868192494807,17.9431034126597,-5.20981471601331,0.0010161125951485,0.00464362938781701,-1.42900436025575
"O00192_ARVCF",-0.50099615246156,18.6307434759587,-5.46846506249425,0.000757312309806561,0.00369500064614403,-1.1063779916194
"O00193_SMAP",0.176715295331203,20.2048192496074,2.2571291553463,0.0563121276994102,0.107355962793647,-5.69958175962855
"O00194_RAB27B",1.85125350118287,19.7825771390986,20.3734694660942,8.26744449346429e-08,7.10164192725107e-06,8.8654922954652
"O00203_AP3B1",-0.0654397451403668,21.2920979886947,-0.665966213938276,0.525954752080721,0.629942672670705,-7.65294753402486
"O00204_SULT2B1",-0.0261586997649736,21.30104090482,-0.528964880936259,0.612207159067739,0.706654150996299,-7.74188022232131
"O00212_RHOD",-2.27908151940485,18.9599584620691,-29.2654981333147,5.72488625621377e-09,1.82361480953143e-06,11.5856187447956
"O00214_LGALS8",0.387466876372095,18.4906579152919,3.82457440400853,0.00577177493228517,0.0176329823041104,-3.31777559159239
"O00217_NDUFS8",0.206790978701495,21.4295242956004,2.70679669245476,0.0285853111659801,0.062385013949163,-5.00919841113043
"O00220_TNFRSF10A",0.146602430777254,17.3599187364924,0.9796808473508,0.358129359410491,0.466581280281732,-7.38601959360182
"O00221_NFKBIE",0.409159194948259,17.9468287598375,5.11055688567041,0.00114021927778852,0.00506522651420079,-1.5552995874207
"O00231_PSMD11",-0.03461377674369,22.6188384961531,-0.756857334373014,0.47236906095277,0.578642515528979,-7.58490971054339
"O00232_PSMD12",-0.00853393431683358,22.0713610778478,-0.191596353035779,0.853172168225387,0.899035317172031,-7.87668838885059
"O00233_PSMD9",0.0366290030948058,22.2289021167189,0.602726449704428,0.564565575950823,0.664424850391632,-7.69656553679395
"O00244_ATOX1",0.646043463832886,21.3792768524761,4.30552022418346,0.00389542871877259,0.0130501983150817,-2.80114669548161
"O00255_MEN1",0.222470802133067,18.1828758190002,1.9402677722578,0.0909576565555413,0.15725266494055,-6.17217338826272
"O00257_CBX4",-0.0315339627184308,18.5893952399867,-0.504686859655218,0.628350661427978,0.719122875242049,-7.75559884637978
"O00258_GET1",0.35715428038943,18.5022289677414,3.77797645534103,0.00614928080236454,0.018501082933521,-3.38588250725692
"O00264_PGRMC1",0.913549818330488,22.1583337269283,18.8574365211553,1.45716400258469e-07,1.05094516978868e-05,8.26672842846161
"O00267_SUPT5H",-0.0578109486881146,20.1738372465725,-1.01734209637276,0.340859384752713,0.449055660250645,-7.34864138309993
"O00268_TAF4",-0.0977766433142904,17.635246368804,-1.32599908772263,0.224016821492507,0.321616638555909,-7.00356204500183
"O00273_DFFA",-0.0990694835701156,20.6112309088421,-1.09777560963128,0.306482649137045,0.412762241808378,-7.26489671862086
"O00287_RFXAP",0.462513621664392,17.0123736457195,5.95275039136798,0.000447190501563847,0.00248083144929826,-0.526839540957793
"O00291_HIP1",-0.937585071192895,17.4474748789495,-9.3411522173496,2.23656298077314e-05,0.000290297521018857,2.78332855149707
"O00299_CLIC1",0.510714868341992,23.8921834383226,11.2250392979561,6.16845809970015e-06,0.000121228437460688,4.20412949528372
"O00303_EIF3F",-0.271511856118696,22.5135570179015,-5.95437819876863,0.000446421678408918,0.00247849944185634,-0.524944044282702
"O00308_WWP2",0.665560638916915,17.9385432344232,8.33594867129771,4.89058188204591e-05,0.000491953927476855,1.91826730118205
"O00311_CDC7",-0.0300204610453534,16.7205735063384,-0.337552775561289,0.745004896157664,0.81549906699116,-7.83339005015681
"O00327_BMAL1",-0.0663772333480779,16.7801794635941,-0.656376718402926,0.531309753025918,0.634110671293941,-7.66024848601407
"O00330_PDHX",0.147624914468643,19.4909203744514,2.80743582638387,0.024604165214947,0.0551530551022243,-4.8538067186796
"O00391_QSOX1",-0.800296563723577,17.6102563668566,-4.89599653213064,0.00160611093102404,0.0065979140610848,-1.89909878814159
"O00399_DCTN6",0.147082846396785,17.8574151205082,1.85168764821332,0.103914942783,0.174408284868504,-6.30041635992772
"O00400_SLC33A1",-0.316319502884713,19.1880019182977,-3.51777956850303,0.00880991947677163,0.0245809614598245,-3.77095546683834
"O00401_WASL",0.138650242356146,19.6365095134735,1.59635381415208,0.151819152977058,0.236917212596368,-6.65634636889004
"O00410_IPO5",0.198595848775742,21.9567080311381,3.81114552283604,0.00587793298313309,0.0178836095269715,-3.33737523844138
"O00411_POLRMT",0.136983077649429,18.2008483662983,2.15090602949597,0.0661492094451977,0.122093362194239,-5.85998005513798
"O00418_EEF2K",-0.420398328460585,18.2531799897362,-5.5809366868559,0.000668300907457316,0.00335466870486617,-0.968969509483407
"O00422_SAP18",0.0592709808111529,22.0426697674511,1.08524141982888,0.311650678188217,0.418508595599669,-7.27825405233953
"O00423_EML1",0.0930745608772963,15.6219360048767,1.04462145916599,0.333722912552834,0.441250720592601,-7.25663586398729
"O00429_DNM1L",-0.30168686582283,21.1593961210744,-6.93084604203081,0.000168133177282357,0.00120128798161086,0.552667300102261
"O00442_RTCA",-1.04060360828754,19.0071312784402,-17.3132705990995,2.72042818958144e-07,1.6122227526628e-05,7.60088657218801
"O00443_PIK3C2A",0.27261955475123,19.4183503073697,3.95650552185769,0.00483237435883995,0.0153803088981396,-3.12644369309861
"O00458_IFRD1",0.259144711690453,17.3953843370597,1.3394317085475,0.222010725395956,0.319456426811986,-6.98625710934551
"O00459_PIK3R2",0.0220240911179879,17.3592994206516,0.232042530591524,0.822745691248177,0.87529791394271,-7.86704392425892
"O00461_GOLIM4",-0.00757712287273193,18.1016560991249,-0.117929284515924,0.909238077432035,0.938495736838306,-7.88955707206249
"O00462_MANBA",0.477518640600234,17.6621157322176,4.80623640497904,0.00163748166123057,0.00667299962692307,-1.95123467935299
"O00463_TRAF5",0.531138813277369,15.824945275853,4.09445643852749,0.00782469057955158,0.0224044042998771,-3.28926117912225
"O00468_AGRN",-0.419048642504347,18.0675294946502,-6.32206666509287,0.000305143390363106,0.00185882168870593,-0.105481699647341
"O00469_PLOD2",-2.01540005108219,19.5944692048093,-31.9426738106939,2.99443568655204e-09,1.18523597011529e-06,12.2124693580369
"O00471_EXOC5",0.0967598179967339,18.6334016528365,1.33538938702104,0.221073534614401,0.318407530543914,-6.99212938664778
"O00479_HMGN4",0.474477939615323,18.2584508212435,4.20880799691103,0.00346537975866769,0.0119015400965923,-2.76696710204665
"O00483_NDUFA4",0.220686581391206,22.8808101491221,3.83045482174983,0.00572594242699691,0.0175520568782644,-3.30920017564796
"O00487_PSMD14",0.051857560900519,22.9415929534966,1.24547050666327,0.250670675374339,0.351831670332651,-7.09950531491472
"O00488_ZNF593",0.0654004962315113,19.5157636863707,0.336939619632375,0.746630307258416,0.816710358991357,-7.83269791860264
"O00505_KPNA3",-0.522161872060444,20.941804756291,-8.80129610600014,3.37283113267912e-05,0.000380875834702095,2.32919927805009
"O00506_STK25",-0.224283458243487,17.8864892644056,-2.60555678489075,0.033267692044443,0.0707262251612255,-5.16547960939081
"O00515_LAD1",-0.162173606867093,21.3125055184682,-1.69373515432531,0.132345676450979,0.212247261688218,-6.52410751342265
"O00519_FAAH",0.117553970984929,18.6460733745848,1.8423558274566,0.105379105914418,0.176400977603619,-6.31380146007077
"O00522_KRIT1",0.0401790277765066,16.7976161274194,0.485784749016112,0.641071034805956,0.730618375237259,-7.76586270244405
"O00541_PES1",-0.172372594799523,20.6424126187589,-1.99111790175832,0.0842418038840858,0.147514114831982,-6.09766111870135
"O00559_EBAG9",0.476513808385246,17.8494114986607,2.95417154260043,0.0206866739190044,0.047996850412986,-4.65107351563177
"O00560_SDCBP",0.827476530040549,18.0008643066926,11.7577332689463,4.43837873100315e-06,9.63928825650374e-05,4.56605432976519
"O00566_MPHOSPH10",-0.330656905230118,18.9989860869391,-3.95053803806429,0.00487108826769582,0.015477751374287,-3.13504929831288
"O00567_NOP56",0.0447575824076942,20.2064356618943,0.287761970719777,0.782090494683065,0.843907104001699,-7.85029131261851
"O00571_DDX3X",-0.0767187950387367,22.8985493508342,-1.04698845919516,0.327852865116833,0.434993952415514,-7.31832378383428
"O00584_RNASET2",-0.355054566304887,18.7960265374387,-5.04507710144768,0.00123120335296603,0.00538167503340498,-1.63937843701668
"O00592_PODXL",-0.164920317981753,18.6562853585488,-1.42315484482142,0.195352599703069,0.289040182839165,-6.88291518676808
"O00625_PIR",0.0670484698039431,20.4200519772006,0.931196054535363,0.380913590141591,0.489343706374133,-7.43293333827056
"O00628_PEX7",0.23297277897893,16.3838972562144,2.67174780495387,0.0301239985909106,0.065129516184251,-5.06331801609957
"O00629_KPNA4",-0.0983999097465187,20.4349036891651,-1.51833030719823,0.170128501937759,0.258986936940297,-6.7601322982233
"O00712_NFIB",0.540258443455834,17.3613183990876,4.44771158890939,0.0025515874576114,0.0093693016875308,-2.43468240519839
"O00716_E2F3",-0.0799010638436712,15.4981174811269,-0.561198737832509,0.597630413226996,0.692838499051597,-7.57725646326368
"O00743_PPP6C",-0.093684014323383,21.187086621381,-1.40740034679523,0.19960080288515,0.293847128453104,-6.90284964473333
"O00746_NME4",0.00135609854143581,15.2431141282849,0.0217323090280961,0.98331771076399,0.988749690752427,-7.83760619647087
"O00748_CES2",0.194814117452715,15.5169570156389,3.13290879853131,0.0152529216658868,0.0378845309082861,-4.3533186345182
"O00750_PIK3C2B",-0.503847182647139,17.5497100743621,-7.28246054851139,0.00012131047964291,0.000944418143452184,0.913470086252774
"O00754_MAN2B1",0.170058145976686,18.447050908876,1.75547260450947,0.119989689669834,0.196050689789674,-6.43715861248084
"O00757_FBP2",2.21253597099738,23.1513462449159,27.8479977668683,8.26492243997686e-09,1.9399096381899e-06,11.2237198941805
"O00762_UBE2C",-0.175646214484239,21.4800463115579,-2.91770265635357,0.020898245488698,0.0484008093354766,-4.68374969300831
"O00763_ACACB",0.954681089491007,17.7441223549823,0.836792541853257,0.459988866264507,0.566100270861584,-7.14188313102355
"O00764_PDXK",-0.114564563402475,21.8401483828705,-2.63153212787653,0.031995492355302,0.0684785943606617,-5.12539832585535
"O00767_SCD",0.146436044653786,22.2878200643352,1.55870240602242,0.161319556784078,0.248596656241539,-6.70703970841323
"O14497_ARID1A",-0.124790746723509,19.0325019796502,-1.69653903896293,0.13097054797777,0.21035080657354,-6.51942687906242
"O14521_SDHD",0.176421093365445,18.6564871777496,0.807074835503642,0.44774942754763,0.554708747189616,-7.54024771666348
"O14523_C2CD2L",0.712397299331183,17.4476578170071,7.71693038905727,8.24054617115617e-05,0.000719988291182731,1.34112753982019
"O14524_NEMP1",-0.506720560893339,17.1024734257507,-6.23092541033969,0.000334821454335409,0.00200604233416473,-0.207863309236566
"O14529_CUX2",-0.038630110552976,17.2883447616502,-0.29248743939529,0.780713336716544,0.842658966426371,-7.75626112155903
"O14530_TXNDC9",-0.239243928033108,19.9771625225642,-4.51482052670571,0.00234492764642027,0.00881798910815688,-2.34279314338191
"O14545_TRAFD1",0.0732556046031618,18.2240080354207,0.813051243843066,0.441373214271309,0.548499904970366,-7.53877447433271
"O14548_COX7A2L",-0.175304152525669,19.92436786848,-1.89436459376505,0.0974643395596042,0.165927298829304,-6.23889098201732
"O14561_NDUFAB1",0.298978189932896,20.70621848827,3.39910049164374,0.0104128404179644,0.0279516028775765,-3.94907456390211
"O14562_UBFD1",0.230118852444257,20.6096317376724,2.19442212086997,0.0627775773463902,0.117171528030555,-5.79916456250229
"O14569_CYB561D2",-0.0371396999840243,16.3280718733768,-0.364395543797614,0.727201956896963,0.800037265862323,-7.79727578380846
"O14578_CIT",-0.159264936280568,18.4558109579468,-1.76620805487903,0.11808534117272,0.193684280897971,-6.42204549490485
"O14579_COPE",0.11213093089199,21.7096310324921,2.14620095188415,0.0666225066418683,0.122710255101327,-5.86704556325245
"O14593_RFXANK",-0.0388891577925961,16.1071475943422,-0.392757135204014,0.705486607837218,0.782906824926047,-7.81096325488969
"O14617_AP3D1",0.0132329378533989,21.0415675187785,0.232984555657238,0.822040643759163,0.874791303109521,-7.86679764020861
"O14618_CCS",-0.0115013140289832,20.3292909896257,-0.193893701090865,0.851436278285156,0.897870605057185,-7.87618937126399
"O14628_ZNF195",-0.329009360959212,16.2817734976322,-2.86874971432767,0.0224657741831771,0.0512230371698148,-4.75920548676386
"O14639_ABLIM1",-0.415445946872889,16.7663708684231,-3.6049402855962,0.00780184466816771,0.0223725065596932,-3.64109481203582
"O14641_DVL2",-0.471602564873443,17.9728463610038,-6.02087333266843,0.000416235685277971,0.0023606244910609,-0.447807753894319
"O14646_CHD1",-0.378231755053772,17.7845135554589,-3.99163437133022,0.00461112774260928,0.0148520683518412,-3.07588002596437
"O14647_CHD2",-0.0248385353894669,18.2909803674108,-0.371482765499049,0.72061036344069,0.794500465604856,-7.81999316799587
"O14653_GOSR2",0.275762793208983,19.5405163976406,3.87715977135003,0.00537558129921288,0.0166864979496697,-3.241245973646
"O14656_TOR1A",0.014753648582694,19.7774832359808,0.216935850483167,0.834075366461485,0.884152270742936,-7.87085896492049
"O14657_TOR1B",0.355164026062447,18.2597804010056,5.0379713479573,0.00124154836070786,0.0054206951556891,-1.64853911925546
"O14662_STX16",0.177532807641121,20.1408474520981,3.35969724461373,0.0110117628182733,0.0292655749386846,-4.00852325163745
"O14672_ADAM10",0.580702939958883,19.4419274092072,8.37040816307266,4.75507160570852e-05,0.00047958472857047,1.94934835909536
"O14681_EI24",0.507886006071026,18.8887125330368,7.76820402016377,7.88201123063362e-05,0.00070148982372752,1.39033080374544
"O14683_TP53I11",0.427991594012923,18.3002469778878,6.07218992644109,0.00039448813649579,0.00227956296561626,-0.388669124113656
"O14686_KMT2D",0.0842009140291076,17.8205520289561,1.22321805552058,0.258493977314608,0.360749626975206,-7.12532851309234
"O14713_ITGB1BP1",-0.0453325914964431,16.5161930145928,-0.226778465725063,0.827033442046175,0.878808959914,-7.86820886062799
"O14727_APAF1",0.19408117038434,17.168932459736,1.74835000025307,0.121269150169992,0.197887439284865,-6.447164597535
"O14730_RIOK3",0.161131921071611,17.5121530681667,1.6314832576435,0.144181473857986,0.227694147416713,-6.60878114571196
"O14732_IMPA2",-0.462797581382446,18.4635441459133,-5.99732439624753,0.000426658663694592,0.00240546127134598,-0.47505973328522
"O14733_MAP2K7",-0.102219825170184,19.2016497496338,-1.33848709719871,0.220109970127019,0.317079465163192,-6.98834707116082
"O14734_ACOT8",0.379745439124889,19.5051091626597,4.00850513493479,0.0045087968200639,0.014605826987029,-3.05165468151227
"O14735_CDIPT",0.375099675511574,18.0389993884422,2.28263312866392,0.0558338834486566,0.106579285634202,-5.67208478542761
"O14737_PDCD5",-0.0461765460276453,21.9171807681971,-0.79557296045674,0.450860442452745,0.558100401967493,-7.55342329565414
"O14744_PRMT5",-0.188207502841635,22.5576226601552,-4.77105439638667,0.00170891019886069,0.00689789781958287,-1.99786121247937
"O14745_SLC9A3R1",-0.782234379599359,24.2797937405124,-13.5726471734355,1.58857487034065e-06,4.83850792181444e-05,5.69129758345934
"O14753_OVOL1",0.131616068848135,15.3541443125779,1.58860917909074,0.168133815950082,0.256577910281423,-6.58159467541307
"O14757_CHEK1",0.12963477594144,18.2020345093949,1.3175333413748,0.226699304306661,0.324432081884018,-7.01382630040036
"O14763_TNFRSF10B",0.192967738433651,16.6235972409769,1.24437683068878,0.251076245894398,0.352133168200821,-7.10076496352727
"O14772_FPGT",-0.0591844494130633,17.0064458132645,-0.557505645650335,0.593517392541502,0.689161674662786,-7.72499020448287
"O14773_TPP1",-0.471568947294418,19.5636287458944,-5.46835501010302,0.000757405590384373,0.00369500064614403,-1.10651329317722
"O14776_TCERG1",-0.116043221473834,21.4184752859605,-2.08991859761636,0.0725511333247486,0.131092747404326,-5.95127085554761
"O14777_NDC80",-0.364682082074822,18.1916937907057,-3.90663616971798,0.00516643667259761,0.0162007417399544,-3.19850241271404
"O14786_NRP1",1.55616107786289,17.081534425957,15.8975495824581,5.06250160995259e-07,2.3707859663675e-05,6.93290626907148
"O14787_TNPO2",0.0917607665429792,20.3762662086244,1.29722745155495,0.233246585694081,0.332247092906884,-7.03827861170195
"O14795_UNC13B",0.454600894437032,16.1211980781581,5.40497232659049,0.000813301478112174,0.00389579561414008,-1.18471503220912
"O14802_POLR3A",-0.114455248353622,18.9348767376881,-2.14614756210854,0.0666278965239515,0.122710255101327,-5.86712571668983
"O14817_TSPAN4",-0.399982926224954,17.0841185097361,-3.35761406250892,0.0110444325806643,0.029307423491558,-4.01167030310777
"O14818_PSMA7",0.310601246058489,23.651831832206,7.21049980109283,0.000129560199478613,0.0009872017835524,0.840728248609976
"O14828_SCAMP3",-0.203051147841354,21.0148276976372,-3.15722116865314,0.0147248135254875,0.0368481831104261,-4.31616250817285
"O14832_PHYH",-0.237609536735537,16.7810356238114,-0.918545732017589,0.393154183796303,0.501540812299743,-7.15110496063462
"O14841_OPLAH",1.82792891859142,18.5384723552905,14.5696438625212,1.12989948122026e-06,3.891027717986e-05,6.09412947345743
"O14867_BACH1",0.092098613649064,15.3049705131317,1.16519630695209,0.292336618260844,0.397247324316416,-7.04294825619653
"O14874_BCKDK",-0.0690336958479456,18.630623334886,-0.615036459489985,0.556828534291288,0.65805443571756,-7.68847916442685
"O14880_MGST3",-0.177637177638069,18.9956754599643,-1.75806304017143,0.119527533036619,0.195462671671647,-6.43351533269072
"O14893_GEMIN2",0.185485426461334,18.3828926367882,2.27050320226505,0.0551821638306508,0.105572483104436,-5.67927814474331
"O14896_IRF6",-0.817199775535439,16.8920503388065,-8.57464952539936,4.03341080738948e-05,0.000423906102456853,2.13140194622355
"O14907_TAX1BP3",0.0955060170927062,21.0328759044358,0.710336002614992,0.500636551731745,0.606940443702695,-7.6192138854906
"O14908_GIPC1",-0.341915854710287,19.8213752136192,-3.94432797996776,0.00491173278210287,0.0155809946552599,-3.14400967263527
"O14910_LIN7A",-1.22706303219568,19.192200349069,-22.7369526139887,3.6896717754364e-08,4.41009034182133e-06,9.70679138983772
"O14920_IKBKB",-0.0318338448836393,17.6350552753043,-0.423745936706037,0.683708595817321,0.766527674882449,-7.79694890684675
"O14925_TIMM23",0.218781724011933,19.9834788585393,0.955262805569126,0.374821757547659,0.483467578277687,-7.40422440833586
"O14929_HAT1",0.351758395329846,21.8452747573923,5.60063829438175,0.000653934113018752,0.00328903045659761,-0.945077294736038
"O14933_UBE2L6",-0.663097538354407,17.5180485825801,-4.07793290432832,0.00432741355452836,0.0141591642676252,-2.98722450823875
"O14936_CASK",-0.636984889295682,19.2965712595959,-11.9713736756311,3.90425272508976e-06,8.90985435322722e-05,4.70687405968333
"O14939_PLD2",0.225970349995555,15.8882837248703,2.82115067310711,0.0241080777370685,0.0543035516499378,-4.83263905748527
"O14949_UQCRQ",-0.0181454988377574,21.3001504508038,-0.233650968426831,0.821541980195289,0.874616325195313,-7.86662281864464
"O14957_UQCR11",0.224561283685912,16.7989321485447,1.29016401630299,0.236438731111172,0.335855424654602,-7.04624908148677
"O14964_HGS",-0.134998223692037,20.0866278497733,-2.93993170423825,0.0202246654862959,0.0471251349109212,-4.64951368108066
"O14965_AURKA",-0.216825676420275,19.1451084921416,-2.76538419177709,0.0261925796087511,0.0579857741543645,-4.91872729703265
"O14966_RAB29",-0.334153008284481,17.8267617959386,-2.71863724612284,0.0280840822297502,0.0615041517486755,-4.99091377173507
"O14967_CLGN",0.0249112881903528,19.1270946863107,0.060177670330982,0.954546673569435,0.969314642969149,-7.83567732911352
"O14972_VPS26C",0.160705010295114,17.4259551030035,1.29874119513727,0.232752962197956,0.331729380313828,-7.03646399562731
"O14974_PPP1R12A",0.0240495989328871,20.6409599649967,0.421846972776217,0.685034266303773,0.767425835600554,-7.79783690599791
"O14975_SLC27A2",-0.491677630843704,19.4287677366687,-4.58415247861417,0.00218347988209266,0.0083505271128556,-2.25957836286063
"O14976_GAK",-0.184982640270274,20.186292277435,-3.61423733487792,0.00770186020672324,0.0221356095039095,-3.62729324000829
"O14979_HNRNPDL",0.133562524718975,23.2699000343936,1.88976113145983,0.0981411515617311,0.166767971480203,-6.24555156400834
"O14980_XPO1",-0.16036127153577,22.326451159446,-3.35905355461625,0.0110218465554193,0.0292678071956167,-4.00949562710268
"O14981_BTAF1",-0.187216271003663,18.8422989616618,-3.11456566569059,0.0156646066550902,0.0387559604783704,-4.38137894420318
"O15013_ARHGEF10",-0.822677823680554,17.5673488373029,-10.4454652986787,1.02513325607097e-05,0.000168903959971176,3.64456225758291
"O15014_ZNF609",0.136289553788952,18.3975813668872,1.89380635765817,0.0975461722749922,0.165978296693148,-6.23969897537956
"O15020_SPTBN2",-0.530648186633545,19.7813506823429,-10.6427712827125,8.98654050066991e-06,0.000153352906534869,3.78972895261759
"O15027_SEC16A",0.265671390805977,20.8289481221396,4.50944649036285,0.00236078362655195,0.00886018204466845,-2.35012795277791
"O15031_PLXNB2",-0.338843620978771,18.3050380945885,-4.14462252442797,0.00376788303666065,0.012684044832792,-2.85759741940941
"O15033_AREL1",0.0151632982053549,15.8853298959201,0.198074757041289,0.848279292686451,0.895236774239083,-7.87526607786154
"O15037_KHNYN",0.549954738371934,16.7834780877352,5.45284850597929,0.000770676849960295,0.00373372909882538,-1.12559409083235
"O15040_TECPR2",-0.0279605910564271,18.0677119003924,-0.280536113531558,0.786691357813492,0.847707312533449,-7.85309199184733
"O15042_U2SURP",-0.14898086550609,23.0757342293442,-3.25772591657404,0.0127386983581955,0.0327572650347813,-4.16303065849908
"O15047_SETD1A",0.00379384816829997,18.0255394220056,0.034967580603714,0.973023409468374,0.981755835473898,-7.89673291077534
"O15049_N4BP3",-1.23941615152792,18.0915615829204,-15.2936179962106,6.70568020121038e-07,2.68552374489473e-05,6.6289922722411
"O15056_SYNJ2",0.727168784875909,16.0257901675939,8.017383228469,6.37076646471964e-05,0.000597601345064806,1.62579007140135
"O15066_KIF3B",-0.0307703380478479,17.8670560074972,-0.391617834761728,0.706293037607071,0.783574266798151,-7.81145906998274
"O15067_PFAS",-0.00232919462162329,21.1508193682283,-0.0565784136186444,0.956367517850716,0.970586708345775,-7.89561290779325
"O15075_DCLK1",-0.790621563139497,17.3716222315856,-8.96300693292176,2.97575114923177e-05,0.000353804316265582,2.46769290800048
"O15078_CEP290",0.0427533552619206,15.5018716431513,0.502693184996325,0.639018104195928,0.72871321697164,-7.59741734911424
"O15084_ANKRD28",0.484360104322473,18.9599012543293,7.56952463150862,9.37722659508999e-05,0.000794376617134914,1.19820773475895
"O15085_ARHGEF11",0.0331615871831765,16.9869360823147,0.384570375978596,0.711290285619051,0.787518353882353,-7.81449533184672
"O15091_PRORP",-0.0122378691274996,20.3705589753483,-0.134122857156782,0.896854331605409,0.929688320694692,-7.88725063696128
"O15111_CHUK",-0.00428006749921295,18.1022859357328,-0.0698215506703076,0.94617161387064,0.963364281766903,-7.89466549403388
"O15116_LSM1",0.333145310645914,20.2572144791395,3.76477668288921,0.00626099777704993,0.0187492694874725,-3.40522411085452
"O15118_NPC1",-0.624582849600433,18.5467795771652,-6.45464702914289,0.000267061256903441,0.00169434299504299,0.04161810321314
"O15120_AGPAT2",0.562685037513244,17.966262613759,5.37381284616369,0.000842440391137688,0.00399284363933517,-1.22336324703141
"O15121_DEGS1",-0.0911888827225589,17.5764846838107,-0.507105720152797,0.627379044345233,0.718225935013373,-7.75360065041403
"O15126_SCAMP1",-0.437375427210366,20.7017292598688,-7.9799084717002,6.57573772078033e-05,0.000610832501523276,1.5907608879077
"O15127_SCAMP2",0.205496553356763,19.6589104368193,3.85374145493827,0.00554826783349373,0.017158781386351,-3.2752841932162
"O15131_KPNA5",0.271215146884312,16.2706141426322,3.51967090154381,0.00878661985741858,0.0245249028148832,-3.76812874441077
"O15143_ARPC1B",-0.0211959489669979,21.9965922976905,-0.435545399766652,0.675497985689492,0.760109228818982,-7.79134613573653
"O15144_ARPC2",0.370547671221559,22.5118427880355,9.15243801476031,2.57586975729586e-05,0.000319106797935819,2.627222401113
"O15145_ARPC3",0.368988067055007,22.585228585208,8.70171250124909,3.64682583320651e-05,0.000395044692600012,2.24282944670776
"O15151_MDM4",-0.0133710081722747,15.9253105883109,-0.146823471108822,0.88716284946321,0.922449556590126,-7.88523536482785
"O15155_BET1",0.270159567507534,17.2204385719436,2.27266564458408,0.0550016110206888,0.105332494051394,-5.67599321400672
"O15156_ZBTB7B",0.0245938107399262,16.6286196106568,0.255595980387177,0.805171154648658,0.861275147235062,-7.8605914176489
"O15160_POLR1C",-0.0856589284622764,20.957134098964,-1.41806976066975,0.196580569889737,0.290519709415627,-6.88938773785418
"O15162_PLSCR1",-1.35570781610665,18.3155495674704,-7.91436912389233,9.51086413911221e-05,0.000799017102675966,1.26585228448208
"O15164_TRIM24",0.24381002671737,20.2178519375263,4.57914468041579,0.00216392211614763,0.00828598099592385,-2.25531950740687
"O15169_AXIN1",-0.114513299367214,15.6579290697086,-0.954856168912713,0.374021815257973,0.482746865062163,-7.38133702009961
"O15173_PGRMC2",0.461793890482042,20.9967484811181,7.8266725009568,7.49431741683433e-05,0.000678036173392881,1.44612161987212
"O15182_CETN3",-0.314710864423969,16.3270676994181,-2.3215148957749,0.0510775964280539,0.0995127993609765,-5.60164377249132
"O15211_RGL2",0.176137871420504,18.2267815088197,2.5569038334615,0.0357925541388451,0.0749887849798495,-5.24050255252052
"O15212_PFDN6",0.331598674090049,21.9864973943157,5.34190388756535,0.000873480723124162,0.00411953123274782,-1.26308065897788
"O15213_WDR46",-0.240403778792171,18.6976230157469,-1.86739978960199,0.102455770706054,0.17252739362286,-6.27983453886377
"O15226_NKRF",0.334624562650774,20.0447664204105,6.23366129280013,0.000333885171136561,0.00200289936165009,-0.204774921069027
"O15228_GNPAT",-0.147201817877072,17.1551421144741,-1.15557311644711,0.283538191717095,0.38756471941305,-7.20189302583814
"O15230_LAMA5",0.350313865037393,17.7611904969874,4.77412813294296,0.00170253528395376,0.00687943036248759,-1.99378053710392
"O15231_ZNF185",-0.825942171000118,17.8294985536412,-7.1671316358078,0.000134833885984508,0.00101557148606066,0.796619523467644
"O15234_CASC3",-0.192989452306414,17.6892676532332,-1.84275105292195,0.105316696100356,0.176373015750873,-6.31323507819333
"O15235_MRPS12",0.142744667815705,20.156228688646,1.07630899227966,0.317246737629852,0.42453199880627,-7.28596586543827
"O15239_NDUFA1",-0.0419495472742426,17.5121992469924,-0.377084103479624,0.716615206943745,0.791963949688059,-7.81766258473358
"O15240_VGF",0.913030010506482,17.1841393298608,2.70640991520989,0.0393052510205503,0.0806318481282653,-5.10257055645451
"O15247_CLIC2",0.295177064919699,15.4170101444062,1.27178166492859,0.253758232855829,0.355438199007477,-7.00198653308238
"O15254_ACOX3",0.203029845230937,19.0591014574646,2.52724818165811,0.0374272942183757,0.0776898355415373,-5.28618912873609
"O15258_RER1",0.15840390240739,20.1691506759095,1.10132302660717,0.307406340654107,0.413608144016306,-7.25896952693291
"O15260_SURF4",0.544772813486908,20.5956284792677,5.75114429799178,0.000566866481643592,0.0029576324756454,-0.781143081130838
"O15264_MAPK13",0.316395395950675,18.38664002518,4.0711058293332,0.00415007714236022,0.0137228978171903,-2.96209638417842
"O15265_ATXN7",-0.0916570808426336,16.7935537194403,-1.00502044937364,0.346381646252227,0.454078279657564,-7.36104858022534
"O15269_SPTLC1",-0.0753622916919703,20.2512703818924,-0.802690575706079,0.44698019764713,0.554309908056939,-7.54749020047064
"O15270_SPTLC2",-0.220786369156741,20.7160348109682,-3.48956665003592,0.00916544694012293,0.025286842965442,-3.81316681247401
"O15287_FANCG",-0.169312064658893,16.8876708012291,-1.36901389562286,0.210808039956985,0.306334815713962,-6.95078981342791
"O15294_OGT",-0.0618074722414761,20.4990411157046,-1.19738669951057,0.267831228982456,0.370533793986768,-7.15491488022595
"O15297_PPM1D",0.216371276972662,18.3226356032559,3.53530427568903,0.0085965393597264,0.0241607849746483,-3.74477839495852
"O15304_SIVA1",0.598136512770211,16.7181925247892,7.34634413736108,0.000114476540243157,0.000906915181511852,0.977583363580647
"O15305_PMM2",-0.162236722373539,21.7424336711155,-3.26264012700756,0.0126491851481655,0.0325818802081286,-4.15556386352213
"O15315_RAD51B",0.0248048349014418,15.5672423231434,0.299165149518705,0.77298153713569,0.837268893652926,-7.84704478986442
"O15318_POLR3G",-0.729362293816045,16.8976840582863,-3.89818179761362,0.0106869059575962,0.0285569367514235,-3.59028784034152
"O15321_TM9SF1",0.0255821435963064,20.34671287867,0.35364261451227,0.733396067240486,0.805113861868684,-7.82719171028858
"O15327_INPP4B",-0.040404265517509,20.6669403599627,-0.84055741931858,0.42672532448725,0.535026077500038,-7.51518369681511
"O15347_HMGB3",1.12900119093564,23.8017690717484,9.4440821225982,3.01929302676324e-05,0.000356140967195687,2.54276940806006
"O15355_PPM1G",-0.59732637079432,21.6721403485948,-7.60838404708735,9.06141916456744e-05,0.000780118800823402,1.23609754122235
"O15357_INPPL1",0.1663442454558,20.2635564272202,3.20007613503215,0.013840497316535,0.0350134354682032,-4.25077205456703
"O15360_FANCA",-0.0328440650918616,18.1191737180869,-0.482540723923237,0.643267204551919,0.732248031387644,-7.76758727429513
"O15370_SOX12",-0.00752425694102321,15.0947938296718,-0.119268377568613,0.908688066374289,0.938272526693729,-7.82968598150784
"O15371_EIF3D",-0.317024574266476,21.9581633129797,-6.11473286610511,0.000377413865974698,0.00220422383909592,-0.339897337191633
"O15372_EIF3H",-0.311861301081091,21.7590587745125,-5.89925502635843,0.000473293246917165,0.00259006934336559,-0.589324366722809
"O15379_HDAC3",0.283164663315539,18.3378370196347,3.46505610958176,0.00948679541045925,0.0259954917102942,-3.84990672658476
"O15381_NVL",-0.640375841997781,18.8090639485059,-11.6492871365535,4.74072051280216e-06,0.000100395590915159,4.4936424711447
"O15382_BCAT2",0.25287305431916,19.9367773973452,4.46266944077329,0.00250385740628432,0.00923841209992453,-2.41414580706494
"O15392_BIRC5",-0.125939224752923,17.2280650094895,-1.32470969964507,0.224423601929064,0.321887291674375,-7.00512798500311
"O15394_NCAM2",2.33746186924061,19.354344117469,33.8374235694031,1.9536785381265e-09,1.122577791433e-06,12.6164486947135
"O15397_IPO8",-0.572256768165317,18.7830343486365,-8.74758418374499,3.51762624432884e-05,0.000388629801858854,2.28271820122885
"O15400_STX7",0.148700406213177,20.6687006281144,3.06190479711647,0.0169130357224399,0.0409542184964871,-4.46205712665278
"O15417_TNRC18",-0.0361892460723148,15.3741426070504,-0.412188122260334,0.695900346430309,0.775759426722035,-7.66002068893613
"O15427_SLC16A3",-1.17992885613172,16.3557129295927,-8.08071045694909,0.00030921179283129,0.00187762045766101,0.72040590362711
"O15431_SLC31A1",0.127513697734049,17.4336307481719,0.984311808546731,0.355817674078272,0.464440177279902,-7.38164086343115
"O15438_ABCC3",-0.350389341178303,16.4282126359861,-2.73040111270698,0.0275951175145166,0.0605698172260923,-4.97274741794227
"O15439_ABCC4",1.12290260131597,16.9636880542663,15.3897204747029,6.40788793335937e-07,2.63543848400264e-05,6.67816698581012
"O15440_ABCC5",1.00146382660338,18.0062698567705,11.4573861181182,5.33440715584712e-06,0.000110220385693111,4.36393366783814
"O15446_POLR1G",-0.247435401492201,20.3257875840441,-3.48566545055332,0.00921580474559337,0.0254074386152403,-3.81901029596127
"O15460_P4HA2",-0.625122673151036,18.9757858058251,-8.02336401080128,6.33872132414838e-05,0.000595325854092314,1.63136820441875
"O15498_YKT6",-0.198527375897601,20.5113591515511,-3.69801278349528,0.00686059299562993,0.0201805438443982,-3.50337875825533
"O15504_NUP42",-0.178996771700312,17.017543891655,-1.82145253509522,0.108730844820708,0.181060184851735,-6.34369182258643
"O15511_ARPC5",0.301686448982394,21.7911928749893,2.64998264914661,0.0327395247349033,0.0697585469895027,-5.12095116711215
"O15514_POLR2D",-0.105237894605061,18.1362367335406,-1.44330994339127,0.189596451671065,0.281832563294826,-6.85731059793902
"O15516_CLOCK",-0.0601356649454168,16.028386931677,-0.429003896934123,0.680103929432024,0.763381961607374,-7.79441513259123
"O15525_MAFG",0.146445975346932,16.1066899767666,1.66877176904,0.136464880352266,0.217802507368073,-6.55776035313771
"O15530_PDPK1",0.134315081580326,17.5755577796404,1.07612208071724,0.315454253664299,0.422442744162212,-7.28790217555396
"O15533_TAPBP",1.08811055709424,19.7791183884876,8.09057668799232,8.17358051087256e-05,0.000717137447307432,1.43176516984389
"O15534_PER1",0.0220333415118894,16.2811202832148,0.210551323780543,0.842520004080795,0.890387811887985,-7.72065378126182
"O15541_RNF113A",0.450450079476781,19.3437687825505,7.04577131921234,0.000150911674856228,0.00111036222791341,0.672094734868816
"O15550_KDM6A",0.102504148292496,16.836047023859,0.921205184312507,0.385778311589205,0.493945307255817,-7.4423308661403
"O15551_CLDN3",-0.747303372274565,17.7192697340243,-11.1037340389259,6.66168856271163e-06,0.000127004012623268,4.11946623051896
"O43143_DHX15",0.233654133761434,22.3688866952338,5.92784250405659,0.000459139849276684,0.00253073118076442,-0.555886516891504
"O43148_RNMT",0.241125933062477,20.0016150923256,3.90485013207027,0.00517885542316778,0.0162197254035714,-3.20108914633632
"O43149_ZZEF1",-0.147649720228365,18.5968875766071,-2.6929265581462,0.0291842625864961,0.063436567367901,-5.03061655856637
"O43150_ASAP2",-0.106236417757199,17.8785491311678,-1.47471203613441,0.181216533932317,0.271880652728896,-6.81696076997775
"O43156_TTI1",-0.284170016948394,18.6921111446882,-4.55678001841407,0.00222505957884068,0.00847842905816471,-2.28566594492452
"O43157_PLXNB1",0.157858037974997,16.0248525325069,1.90618954068699,0.0957463883852341,0.163790812084385,-6.22175610719183
"O43159_RRP8",0.123174506480552,19.0742680484417,2.09029666221666,0.0725096183231327,0.131066733533801,-5.950706972395
"O43164_PJA2",-0.192152487622016,15.5138529944663,-2.31865347998458,0.0512994728047638,0.099817884854268,-5.60600612848304
"O43166_SIPA1L1",0.316887025770896,17.7754563033826,3.84226385829421,0.0056350846445863,0.0173850775253682,-3.29199223618542
"O43169_CYB5B",0.526389408931109,21.8937875062449,9.91100122468533,1.48125034746958e-05,0.000219460443922577,3.23845854552388
"O43172_PRPF4",0.284135666025193,21.0082875214654,5.86660729820578,0.000490052101360685,0.00266461473321653,-0.62764233081126
"O43175_PHGDH",0.0826365517083048,24.2971337764309,0.58821389442685,0.575398413466994,0.673145592828629,-7.70413488177093
"O43181_NDUFS4",0.0956171400521271,20.0819565482944,1.22098124141869,0.259291598285263,0.361532786593258,-7.12790718698571
"O43189_PHF1",0.451995680107476,16.5725534624866,4.21231704157101,0.00344962156467946,0.0118740913381245,-2.76202869766437
"O43237_DYNC1LI2",0.303855074563906,21.6060155521193,6.18993191837048,0.000349205802695705,0.00207112363196948,-0.254251170988616
"O43242_PSMD3",0.0437359859812254,21.9220683340422,0.958403795337827,0.367897550430386,0.476384954783249,-7.40693690577179
"O43252_PAPSS1",-0.372803921902818,20.5134554407118,-6.2239805588162,0.000337211286562364,0.00201639250720844,-0.215707186954031
"O43255_SIAH2",-1.2570439339863,16.3689801770631,-15.6014642261744,5.80304726422863e-07,2.55964681256864e-05,6.78541565806354
"O43264_ZW10",-0.117114708792769,19.9101146083178,-2.03730963175117,0.0785624436654655,0.139871886777476,-6.02946940783973
"O43272_PRODH",0.197212156015651,15.5980763819329,1.17520299213278,0.314470091245005,0.421554242954246,-6.4718068086196
"O43278_SPINT1",0.376607617535022,20.064223859159,6.52749675156653,0.000248409899831468,0.00162094606324624,0.121534900781491
"O43290_SART1",0.0194028374717021,20.2486049462478,0.373780934334627,0.718970066062295,0.793263985430256,-7.81904101851726
"O43291_SPINT2",-0.0419526608071301,21.0504090007345,-0.772654332924817,0.46351109691054,0.569884582804934,-7.5722238073669
"O43292_GPAA1",0.0794716715980428,19.790050280986,1.15722200549421,0.282904753655784,0.386768033207881,-7.2000623102947
"O43293_DAPK3",0.220985079476097,15.3902899825777,2.38026697099386,0.0589100819011954,0.111394404188632,-5.51289870106645
"O43299_AP5Z1",-0.376136540683536,18.1106720084409,-5.43727662162204,0.000784263333970733,0.0037851598410393,-1.14478866296677
"O43301_HSPA12A",-1.3108361017852,16.3615639428307,-9.4251477660956,5.22129139278269e-05,0.000515055131584822,2.12050708169792
"O43303_CCP110",-0.426394477666427,16.7218835280704,-3.01278914491485,0.0181721832917592,0.0433332318357764,-4.53745121354781
"O43310_CTIF",-0.679036306338471,17.3702320809887,-8.44670655960007,4.46976192573365e-05,0.000457447522385994,2.01778875113376
"O43314_PPIP5K2",-0.173530372203643,18.9456761559887,-2.73272065722322,0.0274997525178061,0.0603778311311394,-4.96916547417028
"O43318_MAP3K7",-0.0696212361431172,18.4197958209762,-1.11989131261536,0.297531980027482,0.403518181179723,-7.24105997752937
"O43324_EEF1E1",-0.148719517001442,22.1097176689048,-3.57906915898664,0.00808748126514254,0.0229590769669568,-3.67955225184217
"O43325_LYRM1",-0.207495186123252,15.5231426320872,-2.59698897764185,0.0336986557879881,0.0714437669160203,-5.17869648669766
"O43353_RIPK2",0.763573336634192,18.7271624334938,9.56305464983714,1.90020096939653e-05,0.00025802906591539,2.96340009026848
"O43379_WDR62",-0.305691954098668,15.7980480539586,-3.8338704024906,0.00569950165947125,0.0174990723641196,-3.30422123454169
"O43390_HNRNPR",0.0622660177460368,22.8986688432607,1.45633487219324,0.186079496226722,0.277901494169426,-6.84063290294125
"O43395_PRPF3",0.167465930686667,21.1562991376784,3.52486844789555,0.00872292981412321,0.0244453073419985,-3.76036264790018
"O43396_TXNL1",0.25885374387444,23.0606733571103,6.64505699934771,0.000221294863771761,0.00149057201192521,0.249158350320329
"O43399_TPD52L2",0.289307212831151,23.840476409362,5.56587854473244,0.000679517258768009,0.00338651202299963,-0.98726614800809
"O43402_EMC8",0.0678311322572682,20.2983957727952,0.991919508241276,0.352328557178892,0.460514928984892,-7.37411406732619
"O43414_ERI3",0.0965505151323569,20.1762434620984,0.826168791327747,0.435308308792613,0.543744976560423,-7.52651881064303
"O43422_THAP12",-0.270019225185415,18.0646411271021,-4.03740613254735,0.00433917219660129,0.0141886105402125,-3.01024281562096
"O43426_SYNJ1",-0.339334548257607,17.0929031390876,-2.90677535904851,0.0212379395263264,0.0489490647207614,-4.70058607920312
"O43427_FIBP",-0.282882436204765,17.6180010524384,-3.01947850883218,0.0179950387691902,0.0430585512959184,-4.52717510736698
"O43432_EIF4G3",-0.0572301724881363,18.7747000797733,-0.967736422575047,0.363510845160095,0.471973595191621,-7.3978850334596
"O43439_CBFA2T2",0.158898965945589,17.0173409184671,1.91042459269918,0.101209954262396,0.171032294503983,-6.20556518800039
"O43447_PPIH",-0.0915093429057272,21.4952744477426,-1.47658632016091,0.180727019648405,0.271405791585664,-6.81453728487912
"O43462_MBTPS2",-0.0740643984090177,16.3971471213217,-0.828391702259409,0.433161260633973,0.541628694397567,-7.52569815815599
"O43463_SUV39H1",-0.260087140566441,17.318625150131,-1.72106487489565,0.12652882751656,0.204808995630765,-6.4856032546788
"O43464_HTRA2",-0.129823464626796,20.2202781204012,-2.01529662356778,0.0812206069666257,0.143435329235355,-6.062023936338
"O43482_OIP5",-0.464184393694278,17.7035816180592,-6.19787461550325,0.000346365934516045,0.00205907276001179,-0.245246778177899
"O43488_AKR7A2",-0.3348456026077,21.1338177226685,-4.30028758748537,0.0030790011855137,0.0108474488770748,-2.63878411816827
"O43491_EPB41L2",-0.931830563018892,18.9885832304583,-14.6712968416736,9.05936985843036e-07,3.29804202703334e-05,6.30274769845245
"O43493_TGOLN2",-0.366459960103231,19.2534144251202,-2.43385827004083,0.044997426108861,0.0898186220893583,-5.44786725493913
"O43502_RAD51C",-0.240115461539386,19.0836430761586,-3.05225604618743,0.0171529384798381,0.0413803138776782,-4.4768576044824
"O43504_LAMTOR5",-0.249860570203492,18.3676092582137,-3.76053446572281,0.00629736522570188,0.0188428012330688,-3.41144477805768
"O43505_B4GAT1",-0.501509746181256,19.6302622552878,-6.66344562506751,0.000217359807102146,0.00146924467311752,0.268972815398081
"O43513_MED7",-0.135828956550895,16.4395802645331,-1.4782117454619,0.18030346223452,0.271022408333249,-6.81243421659201
"O43520_ATP8B1",0.688319466639165,16.3329668096756,4.35311246707306,0.00300385260854872,0.010636615651855,-2.59575013832832
"O43521_BCL2L11",-0.304161656003483,17.6734205230718,-1.97377634026597,0.0873959514418393,0.152231043238291,-6.12589224123991
"O43524_FOXO3",-0.0519456604348321,17.1190879890582,-0.387772729472434,0.709017661441854,0.785571017641011,-7.81312222339714
"O43542_XRCC3",0.0159377943281527,17.9896868967717,0.158815902788,0.878030471154346,0.916638393004913,-7.8831662154444
"O43567_RNF13",-0.305287095410584,17.9134123228509,-1.7444074993727,0.124315254711985,0.202038716469626,-6.45558176789198
"O43570_CA12",-2.60565043014966,18.9717190952009,-27.6867496419345,8.62745947658034e-09,1.9399096381899e-06,11.1811139685696
"O43572_AKAP10",0.121313636175472,18.3038093427941,2.15895516843889,0.0653472569326115,0.12081735894796,-5.84788453126692
"O43581_SYT7",0.204851590180692,16.1612160536855,2.42737699004421,0.0435164603777307,0.0874332035710252,-5.43971213196865
"O43583_DENR",0.486991545233842,22.2080392053712,8.07720496274626,6.05823475313854e-05,0.000575344157611729,1.68143215200573
"O43592_XPOT",0.492709187554269,21.0643947400885,2.16064714746308,0.0726689480479519,0.131174503134618,-5.88091854217874
"O43598_DNPH1",-0.212900878415496,20.8304493379269,-0.963604789919483,0.371250293352798,0.480075861414436,-7.39581317767707
"O43615_TIMM44",-0.0263111276341803,21.2044990616831,-0.500641978996882,0.631061684292151,0.721685351744726,-7.75782604160003
"O43617_TRAPPC3",-0.237262533742314,21.5347613280013,-5.2438729403651,0.000977024587716274,0.00450503798135761,-1.38598845568336
"O43633_CHMP2A",-0.488290214134715,19.6520633641038,-5.73302991479494,0.000565819208378777,0.0029576324756454,-0.785885667353173
"O43639_NCK2",0.247859760826206,16.4023326122545,2.36166048912151,0.0480649245203202,0.0947540866317298,-5.5403532452028
"O43657_TSPAN6",-0.714034084983272,17.7376048129639,-6.1007443001879,0.000382935717905591,0.00222626886949676,-0.355908511714441
"O43660_PLRG1",0.0263466333736417,20.4886835353351,0.520724873949433,0.617661392914658,0.710612693579016,-7.74660355429117
"O43663_PRC1",-0.00263332708298947,19.3960856118238,-0.0511358908536914,0.960560348256553,0.973936851780019,-7.89594475745261
"O43665_RGS10",-0.335663566527014,18.6997292938448,-4.78189559316532,0.00168654165779819,0.00683648513990837,-1.98347453205094
"O43670_ZNF207",0.0201544823917459,21.0000589133144,0.431330351243168,0.67842571680033,0.762393738782672,-7.79336438621292
"O43674_NDUFB5",0.258732903906917,20.3132592894487,3.38637331992151,0.0106023994653332,0.0283807226584286,-3.96826010990378
"O43676_NDUFB3",0.34163336206759,21.0111160239022,5.10560960110156,0.00114682824056393,0.00509146451748619,-1.56163089450023
"O43677_NDUFC1",0.0955406731409774,17.2783409887424,0.893737165475803,0.399389099062552,0.508379897158377,-7.46774985618651
"O43678_NDUFA2",0.281692835738511,20.6426629127757,5.82813220254024,0.000510652879647655,0.00274925441190586,-0.672979769607121
"O43681_GET3",-0.39129975396331,21.8103222726049,-9.00589059560867,2.87945710694208e-05,0.000346123421109626,2.50406015410584
"O43683_BUB1",-0.344657426611885,16.7486129841308,-3.92857074693881,0.00501652032863975,0.0158280222502893,-3.16676811227474
"O43684_BUB3",0.0383659283498368,22.3376369764548,0.780092438524584,0.459379303731211,0.56580550620672,-7.56617329617113
"O43707_ACTN4",0.537542840551708,22.3896831336745,3.07680865141006,0.0195945985564297,0.0459793449858518,-4.53334308383727
"O43708_GSTZ1",-0.11570011652146,20.6202651931924,-1.41146249542005,0.198446111452119,0.292597979180608,-6.89773123345026
"O43709_BUD23",0.0054751332495826,18.848528530702,0.0451382551026182,0.965206341516098,0.97707732752692,-7.89626881781648
"O43716_GATC",0.173320782845806,18.6562168445882,1.75880919331939,0.119394725411239,0.195294072354681,-6.43246550509635
"O43719_HTATSF1",0.529094937025377,20.1369368385151,7.57595715253838,9.32410985506251e-05,0.000792912345294248,1.20449036601143
"O43731_KDELR3",-0.621040167876581,15.783552152754,-6.56645618663398,0.000239034088778827,0.00157400138562802,0.16401173827134
"O43734_TRAF3IP2",-0.287116885458067,15.994931448829,-1.51221087926043,0.173952569062873,0.263663195394961,-6.76843485667219
"O43741_PRKAB2",-0.0361800989612284,17.8402963091787,-0.491505595505003,0.637207357439499,0.727190662430956,-7.76279500287886
"O43747_AP1G1",-0.0484101739619867,22.3495244305882,-0.780319284120884,0.459253686833221,0.565805487827071,-7.56598799528312
"O43752_STX6",-0.0715360076496339,19.657051084682,-1.11795080755417,0.298308800430664,0.404389057516952,-7.24316508863439
"O43759_SYNGR1",1.2333417618822,18.2473640729664,6.56976656089682,0.000619549303747933,0.00315780098974782,-0.544884587297745
"O43760_SYNGR2",0.512670658096702,20.7645607596058,2.85750699147567,0.0260480137033054,0.0577208158914465,-4.84445688807982
"O43765_SGTA",-0.110876970229825,21.8108533250869,-1.99143175018747,0.0842018929330891,0.147507669906844,-6.09719936476848
"O43768_ENSA",0.195313597488383,22.2253218295364,2.67771615574342,0.0298560476105432,0.0646599104766581,-5.05410288396701
"O43772_SLC25A20",0.467374629471031,18.0168027687978,5.50645957844626,0.000725854752345973,0.00357318710990661,-1.05976586407314
"O43776_NARS1",0.0814149244632176,22.6038634817133,1.40825209393924,0.199358197669452,0.293614702845099,-6.90177712898211
"O43791_SPOP",-0.0309981342803471,15.6476116022627,-0.267876387481976,0.797148669888442,0.855969312839842,-7.83191560454109
"O43795_MYO1B",2.35607575170691,20.4786911133041,29.979587467066,4.78947600086214e-09,1.66434291029959e-06,11.7597451435501
"O43805_SSNA1",-0.122406711263679,18.9131694587777,-1.41264728291731,0.198110442290753,0.292272159651255,-6.89623676515195
"O43808_SLC25A17",0.520213916315718,17.5811158681224,2.86647533556189,0.0237366604966349,0.0535932573823904,-4.78967307426795
"O43809_NUDT21",0.0617110118042028,22.8166018574161,1.00784977237704,0.345107541597844,0.45293513399408,-7.3582097640367
"O43813_LANCL1",0.520213478761381,20.6884342508899,5.55410956887349,0.000700578572402664,0.003479079077268,-1.01517948880865
"O43815_STRN",-0.575139297199602,18.8912658934326,-9.18900830181834,2.50583443071587e-05,0.000313536893990554,2.65769090361769
"O43818_RRP9",-0.303382416662817,19.203681062365,-3.22604964394425,0.0133320722141995,0.0339804612024968,-4.21120820023915
"O43819_SCO2",-0.00581057010915487,17.9595210667711,-0.0842198415779089,0.935098539196139,0.956592546932954,-7.89341051396851
"O43823_AKAP8",0.112567241694187,18.6009234569737,1.94428019978001,0.0904093379406968,0.156552522889383,-6.16631627310016
"O43824_GTPBP6",0.104016332965681,18.6025488714913,0.769051476944337,0.466241225296383,0.57259665339612,-7.57431733060244
"O43826_SLC37A4",0.0950493371841752,17.2648295551004,0.430359959852678,0.679955432716255,0.763381961607374,-7.79303410501385
"O43829_ZBTB14",0.186903727577338,16.7259618530125,1.54076562342039,0.164667694678926,0.252483859972,-6.73056174185056
"O43837_IDH3B",0.225442906218092,20.9110733899271,3.60587053214932,0.00779177791518696,0.022360413724326,-3.63971340817184
"O43847_NRDC",-0.126377171121817,21.2169354234174,-2.46963401777483,0.0408252818518593,0.0829857165002564,-5.37482675469223
"O43852_CALU",0.0750478300658912,22.1481869115939,1.6442497645214,0.141495039075775,0.224230613240145,-6.59137349279354
"O43861_ATP9B",0.0930848322340889,15.7102449297621,0.962339319648393,0.366042848465921,0.474465509752792,-7.40312810164065
"O43865_AHCYL1",-0.517394861095482,20.4959759238541,-8.9469925580819,3.01263438784786e-05,0.000355975114298251,2.45407365943481
"O43895_XPNPEP2",-0.0794746375585884,15.4961433910315,-0.48417976817226,0.657308453121411,0.743736390486893,-7.0707342202108
"O43896_KIF1C",0.0780638929766937,18.6513117680984,0.728180665534357,0.48873551676235,0.594397554191564,-7.60736247397292
"O43900_PRICKLE3",-0.0686384798576611,16.27148187528,-0.92660047006262,0.383145570477193,0.491632743588141,-7.43726598531893
"O43913_ORC5",-0.0141920701855547,19.0279745724023,-0.267788315495397,0.796119712758447,0.855182689902814,-7.85701072648113
"O43920_NDUFS5",0.108455621735096,20.8848909946622,2.00470260512068,0.082531087347661,0.145346731806696,-6.07765433723185
"O43924_PDE6D",-0.237518765285731,18.9728500121243,-1.27979254680175,0.242984478883332,0.343494145906634,-7.05679758904364
"O43929_ORC4",0.0402910063558828,18.5357705747262,0.632655078435212,0.545864652604499,0.647700647083873,-7.67664913399951
"O43933_PEX1",0.214060041266777,17.9703816384681,2.28070971732615,0.0543351681637396,0.1042953330625,-5.66376869052658
"O60216_RAD21",0.328541700596972,20.366218838786,5.73019239721902,0.000567563708902087,0.00295775361592124,-0.789272887947686
"O60220_TIMM8A",0.281861424459358,17.8205637815579,3.30849896547235,0.0118453791314895,0.0309705620589047,-4.08598388710926
"O60229_KALRN",1.09747787880112,16.0194077467684,5.7170248414927,0.00171371146028303,0.00691153929293401,-1.20834817550413
"O60231_DHX16",0.136624574366962,19.6991685962783,2.08872667882541,0.0726821707361993,0.131174503134618,-5.95304842833679
"O60232_ZNRD2",0.240529015325354,19.4628913350924,2.33711724235316,0.0498847051409825,0.0977084833701278,-5.57784245375429
"O60237_PPP1R12B",0.132093821232267,16.254101761784,1.27108664433167,0.241913390623046,0.342169818929359,-7.06940268038522
"O60238_BNIP3L",0.101561495373378,15.4101462005007,1.17658286591552,0.275553659800086,0.378545863283316,-7.17843152748694
"O60239_SH3BP5",-0.0907234137687105,15.9477163619188,-1.32530264041946,0.224236459757992,0.321811100966744,-7.00440798540389
"O60243_HS6ST1",-0.268029715104792,15.6994703394065,-3.18469779470542,0.0141511791393209,0.0356476206236232,-4.27422145657514
"O60244_MED14",-0.0371079401308627,19.3946220552145,-0.662193039321041,0.527777668373057,0.631038516533003,-7.65614504343637
"O60256_PRPSAP2",0.356453530794582,20.266907124827,5.535961302389,0.000702425208017335,0.003482516676584,-1.02370922811071
"O60264_SMARCA5",-0.0635500416710144,21.4197579858661,-1.24704884640025,0.250123442617209,0.351387407874458,-7.0976620825914
"O60268_KIAA0513",0.581385239165012,16.9912690238524,5.28739212006893,0.000929473603226164,0.00433282054674636,-1.33125990955007
"O60271_SPAG9",0.449895568221077,19.7025909204248,8.17461960891498,5.58539821722541e-05,0.000541882860034115,1.77132256311748
"O60281_ZNF292",-0.0469662694429083,19.2926499038996,-0.398742901040846,0.701514101297569,0.779856813206327,-7.80810856591505
"O60282_KIF5C",1.11951372949591,17.3825556574493,9.8435005568409,1.55364526571133e-05,0.000226924316652086,3.18577664317305
"O60287_URB1",0.183080163905998,18.4461017424287,1.72979249687841,0.124663471701473,0.202475513311612,-6.47315427711633
"O60291_MGRN1",0.00392070955226309,15.6604670381515,0.0549630539679659,0.957611818083569,0.97144339635484,-7.89571489870842
"O60292_SIPA1L3",0.147953216893345,16.7822448144523,1.51171537257467,0.171769650720273,0.260965616008841,-6.76880752633195
"O60293_ZFC3H1",-0.596605403657207,18.4403549869317,-5.55383401184463,0.000688638926006027,0.00342527299239823,-1.00192327374839
"O60294_LCMT2",0.209028017290176,17.0190903732943,2.70325852567102,0.0287368792075424,0.0626497892501043,-5.01466210569885
"O60306_AQR",-0.274027485476093,20.2760483721567,-5.29169820412895,0.000924909285819394,0.00431944501532637,-1.32585909918236
"O60313_OPA1",0.367309448915485,20.1023995081696,7.49560714678446,0.000100125300785196,0.000823959014534791,1.12570864052217
"O60318_MCM3AP",-0.26963984931513,18.6396085134203,-4.13554410468192,0.00381293894773606,0.012813150881513,-2.87046190907456
"O60331_PIP5K1C",0.408250967130748,16.248932942355,4.77593683387975,0.00169879625165087,0.006871585896228,-1.99137994843305
"O60333_KIF1B",-0.353616178166376,17.8689313336563,-3.41825591916096,0.0101343269663475,0.0273287229833252,-3.9202285601135
"O60341_KDM1A",-0.212064108437193,20.7648144220202,-4.06944445988484,0.00415918676185677,0.0137411334461517,-2.96446638193202
"O60343_TBC1D4",0.233312493620666,18.4969744655801,3.93859207774173,0.00494960034468851,0.0156751013401589,-3.15229038027907
"O60353_FZD6",-0.22993437683423,17.4178551439866,-1.68011103931881,0.134195655840245,0.214808582265217,-6.54214049884056
"O60427_FADS1",0.0105539373170913,18.6207174163829,0.164499759321096,0.873708919168651,0.913249205228923,-7.88212920008245
"O60437_PPL",-0.0998437712623534,19.3926661874521,-1.45525764524525,0.186368140933824,0.278223869837744,-6.84201540476358
"O60476_MAN1A2",0.71539779601482,19.3767060958471,8.80750088161321,3.35654007705998e-05,0.000380875834702095,2.33455317646736
"O60493_SNX3",-0.170812470320374,21.7820207535517,-3.00570578904782,0.0183617625572456,0.0436930022956218,-4.54833508337988
"O60499_STX10",-0.24817228804616,17.934394866741,-2.89737343894783,0.0215348410523049,0.0495288387018264,-4.71507554489173
"O60502_OGA",-0.493578386982712,20.6179442898245,-5.97254625442432,0.000437939664907594,0.00244561631717937,-0.503811669333202
"O60503_ADCY9",-0.352521824682224,16.639376115117,-3.4206899844934,0.0100995101386605,0.0272636846786934,-3.91656571200867
"O60504_SORBS3",-0.390707259812189,16.9806606123942,-1.45464097967853,0.198354757679935,0.292576137847406,-6.78218923957626
"O60506_SYNCRIP",-0.224285781732149,23.9473855147701,-4.84902675851644,0.00155499178340327,0.00644331283692032,-1.89476372175193
"O60508_CDC40",-0.119681846437224,19.1303587553948,-1.66052727310117,0.138137186555798,0.219695384853389,-6.56908691187176
"O60512_B4GALT3",0.289993899656128,16.6828434781684,2.28900434745741,0.0536564675061772,0.103325867527639,-5.65115543813788
"O60518_RANBP6",0.232971801508015,18.9979848472826,2.07066123463278,0.0749183328976491,0.13466979896603,-5.98084395103548
"O60524_NEMF",-0.362079821886017,19.8174143635939,-6.02601879328372,0.000413996095670428,0.00235654874037522,-0.441862704160041
"O60547_GMDS",-0.195472986483676,20.807972351699,-4.60752615012082,0.00208897041181924,0.00804543012511743,-2.21691184846374
"O60551_NMT2",-0.216393206660694,17.5279942079174,-2.19562172821165,0.0618147908926571,0.115685208414777,-5.79265741099541
"O60563_CCNT1",-0.226153569345914,17.8195110924841,-2.94041916995333,0.0202101519800153,0.0471152651713761,-4.64876312821629
"O60566_BUB1B",-0.381683223018175,18.5114696690214,-5.81124244072198,0.000519998105217742,0.00277998987020254,-0.692943692970074
"O60568_PLOD3",0.615768144695814,20.9884417508585,9.28853991955077,2.32581646257269e-05,0.000297338910641609,2.74008525978429
"O60573_EIF4E2",-0.281196510206762,19.2181128719151,-3.13731414164133,0.0151557635728227,0.037729017425669,-4.34658298101048
"O60583_CCNT2",0.197313903592509,16.4269724206237,2.26870597252628,0.055332676239995,0.105833952928387,-5.68200785725675
"O60610_DIAPH1",-0.0303201076384667,21.3942955577027,-0.565634809481479,0.588252364565303,0.684295393655165,-7.72002997866842
"O60613_SELENOF",-0.423961644288415,18.1666513108245,-3.38481067316457,0.0107036916157452,0.0285818101300636,-3.97506250410175
"O60645_EXOC3",0.0161330388275971,19.144199420615,0.238631463271428,0.81781795741354,0.871510772850085,-7.86530069799205
"O60658_PDE8A",0.197317659010389,15.384146511005,1.85844292621747,0.117333051699329,0.192783327734898,-6.10941748659806
"O60664_PLIN3",-0.274882978839798,20.9840422872868,-5.21509029185936,0.00100994656647262,0.00462614829279998,-1.42233058817439
"O60669_SLC16A7",-0.316223232581775,15.4316388396758,-3.86492262355835,0.0072150767691008,0.0210130521522955,-3.41875966886239
"O60671_RAD1",0.196826783188744,18.465992238664,2.10086508683992,0.0713585547403291,0.129488761212869,-5.9349335388107
"O60673_REV3L",0.0844210254918281,15.176982730592,1.24970026312359,0.262336708845627,0.364804685032881,-6.99366872613765
"O60675_MAFK",-0.0246775897372853,15.7296614959782,-0.289768917822475,0.779886207940497,0.842003962675484,-7.85014241152832
"O60678_PRMT3",-0.0346673638373574,19.5360418968195,-0.470520593533453,0.65143755150674,0.738798409919748,-7.77388260778048
"O60683_PEX10",0.106080544406453,16.164148013024,0.438720400721758,0.678400767034048,0.762393738782672,-7.30583049745872
"O60684_KPNA6",0.117745306282384,22.0248917162661,1.81806841624155,0.109282965842633,0.181818544134349,-6.34851867933067
"O60701_UGDH",1.29340109925972,22.5468886582483,12.0001235259734,5.4208934363898e-06,0.000111705472563882,4.4193481351863
"O60716_CTNND1",0.128294432540017,21.0319662381494,2.62927958776646,0.032103802114651,0.0686527460605614,-5.12887470878765
"O60725_ICMT",0.177227461671531,17.3948785531605,0.881282837337587,0.407213105445947,0.515250610912656,-7.47737062150946
"O60739_EIF1B",-0.0231358054501065,17.44441797713,-0.346109523222336,0.738822223297676,0.810023791353898,-7.83012849687051
"O60749_SNX2",-0.230203363617029,21.6514768823154,-4.85567340187881,0.00154259331857824,0.00641453132752642,-1.88601557866742
"O60762_DPM1",-0.151312934107882,21.5872497876934,-2.86652273704069,0.0225399447898964,0.0513309138870295,-4.76263989435607
"O60763_USO1",-0.0859234053679216,20.8456669952746,-1.46112894804217,0.184799756240345,0.276314127998716,-6.83447334465996
"O60765_ZNF354A",0.00882555033397736,15.3007248440869,0.0754578542962984,0.943118528185056,0.961736847802422,-7.37983902515063
"O60779_SLC19A2",-0.751913644885054,16.4469984231625,-3.89513072068643,0.00574261633209571,0.0175952313572344,-3.2754313307079
"O60783_MRPS14",-0.154104862803873,19.2400574052757,-2.06922477509206,0.0748596358073487,0.134627597211757,-5.98209471233175
"O60784_TOM1",-0.134332978464364,18.817988751804,-0.976553054665223,0.360557672673223,0.469025592579001,-7.38807232782616
"O60825_PFKFB2",-1.43483145346459,17.9499558721016,-13.1477876239442,1.99663368253501e-06,5.59130567874732e-05,5.44158777831117
"O60826_CCDC22",0.0349272407987229,20.1586946353201,0.610299661318059,0.559798270298798,0.66054295052235,-7.69160825011039
"O60828_PQBP1",-0.0572949561523046,21.807008637553,-1.11263688634754,0.300444453964303,0.406674548611383,-7.24891644050844
"O60830_TIMM17B",0.140757775533071,19.5623520499974,1.90938713153587,0.0952868831156492,0.16324252563988,-6.2171163484928
"O60831_PRAF2",-0.498996060973301,19.8166562136175,-4.41665909454403,0.00281009518970598,0.0101049754117132,-2.51819389818982
"O60832_DKC1",0.661166839207347,20.8610095499672,5.44852790597118,0.000935967678389357,0.0043521596798354,-1.27687617750706
"O60841_EIF5B",0.0421186111663303,21.678550062858,0.971663925399016,0.361676646747699,0.470321136993734,-7.39405531302125
"O60869_EDF1",-0.0795631491870381,22.7177506230506,-1.87721670090402,0.100008532673205,0.169376436040463,-6.26367262211854
"O60870_KIN",-0.259364377289106,18.892708979589,-4.56908526430258,0.00219119054990519,0.0083716400569841,-2.26896020822695
"O60879_DIAPH2",0.0844290910810557,18.3346685103822,0.848703946534175,0.422453535884221,0.530912639210291,-7.50807208988742
"O60884_DNAJA2",0.61103280988614,21.9290111961279,12.3329995473258,3.15727586499708e-06,7.63840948984261e-05,4.93986824424255
"O60885_BRD4",-0.0241713913433905,18.923414803103,-0.25990493343002,0.801968539588609,0.858712407532124,-7.85934466388011
"O60888_CUTA",0.416370314344768,22.4092604063042,2.49194451588867,0.0435142354667713,0.0874332035710252,-5.38263214023713
"O60906_SMPD2",0.311584119760354,16.9898974786441,2.80815904231521,0.0245777415200316,0.0551502300911775,-4.85269041513514
"O60907_TBL1X",-0.320811414072015,18.0415403431077,-2.51217573649289,0.0383135792914719,0.0790573046378684,-5.30969761965476
"O60921_HUS1",6.84581174255072e-05,18.0890469703476,0.000648260320712617,0.999499768265103,0.999499768265103,-7.89742503416175
"O60925_PFDN1",0.293441471741957,22.0231852117179,3.32307258241856,0.0117001993662097,0.0306749054028371,-4.06900386536502
"O60927_PPP1R11",0.340951081383214,17.8390960003374,3.40772615464988,0.0102864279298,0.0276705635198175,-3.93608078638043
"O60930_RNASEH1",-0.521811902934843,17.157258756566,-5.69005787251582,0.000592887605412701,0.00306258496174331,-0.837298009136572
"O60934_NBN",-0.124682221931359,20.8671586671278,-2.71861172137355,0.028085152878303,0.0615041517486755,-4.9909531883109
"O60936_NOL3",0.709447319987095,21.0007268690326,9.78069936930645,1.62459148066492e-05,0.000235227308137941,3.1364724370539
"O60942_RNGTT",-0.169922953980276,19.4043930589342,-2.87227342174583,0.0223489359521091,0.05101750234514,-4.7537715689001
"O75027_ABCB7",0.0503162790184248,19.1956296337662,0.941879841591253,0.375762109811746,0.484271970585097,-7.42279540293905
"O75038_PLCH2",0.0530073686188146,19.7869980695208,0.888339526219914,0.402104446728783,0.510815635633358,-7.47267208616979
"O75044_SRGAP2",0.196856898858762,19.661348721444,2.67876995761072,0.0298089934702855,0.0645762978408424,-5.05247577659709
"O75052_NOS1AP",-2.05123619822608,16.3321593646389,-11.5635958479363,6.72742045541975e-06,0.000127652970308346,4.17295413979607
"O75054_IGSF3",1.48287142395348,20.022143579237,10.7756491695997,1.25950350684564e-05,0.000194608376869713,3.51342713399829
"O75061_DNAJC6",-0.364149712072685,17.3290142820647,-3.48024324436256,0.00928628851028175,0.0255556787836947,-3.82713469466433
"O75063_FAM20B",-0.00582603644780733,18.8321461877087,-0.0756302289487623,0.941702757449401,0.961062285502692,-7.89418738734713
"O75064_DENND4B",-0.100832434604847,16.3038817341347,-0.887345923693677,0.412292490149121,0.520471612812092,-7.37034266239277
"O75081_CBFA2T3",0.0154045258489806,15.0925587776947,0.103428058998506,0.923339355585832,0.948525849698157,-7.20930832469996
"O75083_WDR1",0.417788473763437,22.9576097607494,9.23623268062313,2.41854033843921e-05,0.000305927276919805,2.69688050951842
"O75093_SLIT1",-0.664572274381634,17.0758311330011,-2.9423217935308,0.0217905863197021,0.0499817078950262,-4.68767772523663
"O75110_ATP9A",-0.28228128040125,18.0583278789746,-4.11700951273241,0.00390675455523666,0.0130731366805462,-2.89676115672679
"O75113_N4BP1",0.235586363175106,17.6492675002987,3.22464762640425,0.0133590042535779,0.0340205154958703,-4.21334245253417
"O75116_ROCK2",0.0544491722746088,19.9331915207205,0.821713414117653,0.436723019629583,0.544597534558558,-7.53141582908866
"O75122_CLASP2",-0.207820586466092,18.6921963081221,-3.3125448081287,0.0117771199131559,0.0308448378677892,-4.07985407921485
"O75127_PTCD1",-0.038802171936247,18.6994286927908,-0.568801489554355,0.586208491516881,0.682437021112617,-7.71807990986557
"O75128_COBL",-0.128638374032121,16.5449313816714,-1.22253159322455,0.258738542414452,0.360948060315434,-7.12612022383944
"O75131_CPNE3",0.754845510107423,23.2564243590035,16.1983228082905,4.41772577598218e-07,2.2728131565045e-05,7.07986185695219
"O75140_DEPDC5",-0.332646554160165,15.3722720156542,-2.08473898107998,0.116347275201352,0.191697180800504,-5.41667591170033
"O75143_ATG13",-0.113878167500705,18.1158906130805,-1.90931125450145,0.0952977621884611,0.16324252563988,-6.21722647819911
"O75144_ICOSLG",-0.231380521505223,17.7180618820548,-1.09483645521167,0.310374069454431,0.417014017746771,-7.26560842208418
"O75145_PPFIA3",0.206211937524596,17.506902704299,2.64552577527682,0.0313310227703442,0.0673013962009783,-5.1037995011193
"O75146_HIP1R",0.0738117166251016,19.2309740758961,0.436558097951436,0.675854074285241,0.760286109168727,-7.78986822942926
"O75147_OBSL1",-0.250394938308045,17.7173343276143,-1.38986671949361,0.206888359920841,0.302016710252975,-6.9242012088535
"O75150_RNF40",0.036558603049766,19.4912483580754,0.499473420923212,0.63184601762779,0.722474245403,-7.75846635491082
"O75151_PHF2",0.842410417939554,18.799396763974,11.3220083354612,5.80368877221971e-06,0.000117069131038574,4.27119608794331
"O75152_ZC3H11A",0.131836908853533,20.7079490410882,2.09205200206897,0.0723171727709019,0.130824606207654,-5.94808853759491
"O75153_CLUH",-0.53527426032672,21.3213979917521,-7.45242279905947,0.000104058963571813,0.000846253158449723,1.0830923626054
"O75157_TSC22D2",-0.0743064698054567,16.6994490809247,-0.647919397297396,0.536471473896246,0.638796054571318,-7.66615758921475
"O75164_KDM4A",-0.161375044816715,19.4237046534883,-2.10844031654994,0.070544625477367,0.128424840892967,-5.92361499436541
"O75165_DNAJC13",-0.449336219032073,19.5563757314985,-9.23014349185817,2.42960190661476e-05,0.000305927276919805,2.69183713022173
"O75167_PHACTR2",0.0635405378933775,20.5928931817105,0.563657397035154,0.590156437506243,0.685884153957925,-7.72057390258199
"O75170_PPP6R2",0.00913592240875971,20.2440806106689,0.152591738426846,0.882767885111169,0.919574939593253,-7.88426026097961
"O75175_CNOT3",-0.117782628130783,20.193859472794,-2.36478273129881,0.0478382892252665,0.0943803151295902,-5.53558002917134
"O75177_SS18L1",0.0673433539278392,16.4963579455092,0.770229132284862,0.464863680722098,0.571363800501678,-7.57418591411598
"O75179_ANKRD17",-0.328046347518413,18.5425199006225,-5.09701627150717,0.00115840845796636,0.00512501890113011,-1.57263647826964
"O75182_SIN3B",0.0177784338693705,16.7072470662191,0.242090428443206,0.81523453852413,0.869606257432255,-7.86436632410731
"O75185_ATP2C2",0.126231674111189,16.4968873717488,1.24549784900845,0.250661186794715,0.351831670332651,-7.09947339671771
"O75190_DNAJB6",-0.217374605409795,18.1558615043077,-2.16162225795586,0.0650836668220534,0.12044653421801,-5.84387438032415
"O75191_XYLB",-0.529736490162733,17.1698068021963,-5.46062564768665,0.00076398890722781,0.00371781998456818,-1.11602015958845
"O75204_TMEM127",-0.110417322081112,15.6876444296064,-1.05184647623082,0.346526469095605,0.454173642420007,-7.14385086905642
"O75208_COQ9",0.802962992374802,18.3717144243247,3.89639639813834,0.00642040001478724,0.0191136908539908,-3.34876639113733
"O75223_GGCT",0.248998182630668,22.5436621616096,3.96878027219948,0.0047537858621418,0.015193433493342,-3.10875719842316
"O75251_NDUFS7",0.256450681980535,20.2058364223849,3.31939276963564,0.0116625370984772,0.0305971503492992,-4.06948214075049
"O75306_NDUFS2",0.147668038932821,20.7834265046033,2.42378366107242,0.04375347988454,0.0878171052027588,-5.44522397320908
"O75312_ZPR1",-0.29464861889732,20.2767910364383,-5.40182719667713,0.000816191510644257,0.00389986506179709,-1.18860994830676
"O75317_USP12",0.0328001698518712,16.1531517467732,0.227810556613387,0.826884859880835,0.878808959914,-7.84323210605186
"O75319_DUSP11",-0.285944250418893,17.6015740839878,-2.49074528177153,0.0395449954350298,0.0809862014735609,-5.3423684860161
"O75323_NIPSNAP2",0.256542157385987,20.4091441527935,2.38886871814031,0.0469149513687017,0.0928942769266315,-5.50562444024093
"O75325_LRRN2",1.21094618434021,17.2404528276172,3.69572744089484,0.00905973544919433,0.0250948106916995,-3.68330012825371
"O75330_HMMR",-0.374980805578211,19.0081348842931,-5.4231290961511,0.000796836949910092,0.00382651914702428,-1.16225650280655
"O75340_PDCD6",0.688103308667884,22.1487556880812,8.94864810319694,3.00879774744514e-05,0.000355975114298251,2.45548256898256
"O75347_TBCA",-0.544165001624449,23.2458001414353,-9.64921420262241,1.78524988754441e-05,0.000248149734368673,3.0323276630442
"O75348_ATP6V1G1",0.00888750497835034,21.1016838346657,0.0700524420231241,0.946101805148966,0.963364281766903,-7.89462756617738
"O75351_VPS4B",-0.0493709525839954,20.6323534141639,-1.05789971298869,0.323165016066755,0.430192677665043,-7.30700229449211
"O75352_MPDU1",-0.440889561770966,20.3449350146684,-9.68175796995977,1.74388300123032e-05,0.000245524595661249,3.05822109926476
"O75356_ENTPD5",0.199129844542755,16.4457638989139,2.24115226384296,0.0576924770979932,0.109470222470076,-5.72380740743631
"O75362_ZNF217",0.356253545089114,19.9391233402048,4.18536866174293,0.00357267047761694,0.0121987788304518,-2.79999779622611
"O75367_MACROH2A1",0.284706295113526,23.9411765849578,5.53471440343817,0.000703398352264528,0.00348379557501247,-1.02523076381492
"O75368_SH3BGRL",-0.342818062726529,21.6193418435031,-4.46427152452546,0.00249880334874755,0.00923313272168924,-2.41194808812667
"O75369_FLNB",-1.43305829413257,23.3838993264854,-29.0477378415595,6.05012898708351e-09,1.85012944425014e-06,11.5314557147442
"O75376_NCOR1",-0.195823844044085,18.034091279382,-2.7182465712539,0.0281004739188103,0.0615200810736841,-4.99151707104985
"O75379_VAMP4",0.211147253884135,16.8392608982648,1.88170747102621,0.0993361311650838,0.16846156227974,-6.25719039357455
"O75380_NDUFS6",0.312726321265664,20.8218997301957,4.87323001498287,0.00151036308726625,0.00631198754089861,-1.86293840414363
"O75381_PEX14",0.0266646546913876,18.2425668568475,0.334389171735596,0.74729583795558,0.817204503099758,-7.83457586534206
"O75382_TRIM3",-0.744076951764246,17.7795255977361,-9.6287254415178,1.81185921538859e-05,0.000251094889012683,3.0159861091402
"O75385_ULK1",-0.126495499997498,16.0371924446067,-1.82315220654657,0.108454548365305,0.180639438399294,-6.34126623984883
"O75390_CS",-0.0251307920567143,24.5730590960814,-0.520355241226095,0.617906664091316,0.71069232287947,-7.74681382007295
"O75391_SPAG7",-0.272876391609568,19.3370144269514,-4.21090627996736,0.00345594752759357,0.0118851835818317,-2.76401390810414
"O75394_MRPL33",-0.283509162580319,18.968834438938,-3.70127221117924,0.00682992739996638,0.0201368279879456,-3.49857434616976
"O75396_SEC22B",0.76167803919839,22.6368807621334,15.5113471339759,6.05220608523227e-07,2.58486678891624e-05,6.73995435948415
"O75400_PRPF40A",-0.00934382410886059,21.4552142082643,-0.204775271949452,0.843226114763851,0.890887734572918,-7.87374578109519
"O75410_TACC1",1.18803793346569,19.4273899088848,13.6697736571036,1.5090899721861e-06,4.68983448673282e-05,5.74730177065495
"O75414_NME6",0.307492419248277,16.4113812212483,3.21234005324541,0.0135979185069089,0.0344681986025592,-4.23208460593687
"O75419_CDC45",-0.0191446299460161,17.3381386735888,-0.0934075700407601,0.928184545364381,0.951905971769953,-7.89245246349634
"O75420_GIGYF1",-0.195148966945045,16.2536543602174,-1.42079299078735,0.20182278612359,0.296490238261885,-6.59830074916775
"O75427_LRCH4",-0.133425172572572,17.5497836968593,-1.70859175880659,0.128650706695871,0.207584350504418,-6.50270051272268
"O75431_MTX2",0.0925260294714931,20.4665791446974,1.25929460852443,0.245911895296654,0.346670927446602,-7.08330941086203
"O75436_VPS26A",0.23140534114145,20.930626236786,4.67836312093083,0.00191401602072032,0.00751548663503178,-2.1215535120443
"O75438_NDUFB1",0.18413946084199,20.7541965420911,0.991595710875193,0.356591223534513,0.465132213602005,-7.37022044467189
"O75439_PMPCB",-0.488769953373307,22.035945806826,-5.94597257294001,0.000450407545853354,0.00249297480143809,-0.53473566368514
"O75446_SAP30",-0.000884306650416278,18.6202982581856,-0.00921363892968382,0.992890385464962,0.994581629570183,-7.89737719958364
"O75448_MED24",-0.0652101138860992,18.3967177823991,-1.15373546477102,0.284245514105841,0.388115191166128,-7.20393117874756
"O75449_KATNA1",0.606869726632414,17.2641029573355,7.57737529833842,9.31244482124291e-05,0.000792802234503364,1.20587489895919
"O75460_ERN1",-0.20453485732032,15.7779154272146,-2.81323163119884,0.024393236434392,0.0548166644741114,-4.844860988876
"O75461_E2F6",-0.178033940273508,16.4512659308129,-1.68305154056578,0.148269808205715,0.232899667913025,-6.45925647507438
"O75467_ZNF324",0.129693024462066,15.5505805327785,0.613607395134915,0.576160473196524,0.67381777842855,-7.51920309217941
"O75475_PSIP1",-0.0342745208914828,20.4605258815111,-0.619095134124408,0.554291363538619,0.655264860655376,-7.68578066138219
"O75477_ERLIN1",-0.117265996047763,19.0505782338464,-0.772238527398843,0.465121748167885,0.571589095763299,-7.57099098331384
"O75486_SUPT3H",0.0247179037961338,16.4306172720463,0.186935757211292,0.856696381731414,0.901258268657859,-7.8776826419233
"O75487_GPC4",0.0684500660041003,16.9700183739915,0.699438133152754,0.505506671931086,0.611196980375321,-7.62911037933143
"O75489_NDUFS3",0.19008119287545,20.7421747129622,3.81872314162371,0.00581777366488432,0.0177481562921152,-3.32631281025707
"O75494_SRSF10",0.0797658236213081,21.3998081775797,0.940707205961818,0.376324973192731,0.484892253946762,-7.42391258124871
"O75496_GMNN",0.120804458876488,17.9091812823265,1.87786918866996,0.0999105645375694,0.169248009282011,-6.26273112731156
"O75503_CLN5",-0.405550694025518,17.1707411166416,-3.9185770955432,0.00508423184013047,0.015982299513897,-3.18121888466208
"O75506_HSBP1",-0.240090654719399,17.9582698236892,-1.47051287256999,0.184022176613687,0.275474748426011,-6.82233422132398
"O75521_ECI2",-1.50038415895428,19.0196860802675,-21.329073446373,5.9044022882905e-08,5.86222798623128e-06,9.21821556721364
"O75525_KHDRBS3",0.594729403940203,17.9785065914502,7.16773090878213,0.000566356221253544,0.0029576324756454,-0.290636939444953
"O75528_TADA3",-0.0328392983036636,17.9117706701235,-0.305724693911573,0.768174197133648,0.833833840279247,-7.84482514177207
"O75529_TAF5L",0.0822019321313014,17.632841785282,0.910236709332104,0.391171791266943,0.499834254426839,-7.45255497251235
"O75530_EED",-0.0184505671309516,19.1743415232087,-0.310202088890163,0.764898998428114,0.831459241146443,-7.8432831042534
"O75531_BANF1",0.279833041410164,24.1865786506163,6.48206230842927,0.000259865135834957,0.00166806797939399,0.0717681437955831
"O75533_SF3B1",0.082402075057427,22.6681488233051,1.79669124596357,0.112832953228617,0.186954470618288,-6.37892893164181
"O75534_CSDE1",-0.228294293629137,23.0136757392056,-3.14578383428826,0.0149708019264179,0.0373903236613738,-4.33363681346366
"O75554_WBP4",-0.399502225501156,17.2826668218324,-3.78997518353522,0.00604959312649617,0.0182802922735428,-3.36831947480123
"O75564_JRK",-0.0237099518403099,15.7380464312327,-0.324965625192998,0.754135924269208,0.823271332434399,-7.83804384355927
"O75569_PRKRA",0.0436042341353229,20.0952027280566,0.497995525589735,0.632838696966948,0.723501097399778,-7.75927416589747
"O75575_CRCP",-0.110335566417245,16.7628379811424,-0.888988681641694,0.401777173129497,0.510484708089581,-7.47208138052429
"O75582_RPS6KA5",0.633118495429272,18.7353680208217,6.46921029897783,0.000263211358629715,0.00168107839325327,0.057645442749271
"O75586_MED6",-0.0904158669324708,17.4689758334081,-1.21558062616671,0.26122589566107,0.363824127490899,-7.1341202183384
"O75592_MYCBP2",-0.282328853031547,17.5782508387338,-3.34482391233044,0.0112472933632618,0.0297116647415815,-4.03100117522952
"O75600_GCAT",0.971557487400595,19.4048157643524,14.522169225721,9.75396956417472e-07,3.45227302398684e-05,6.22249110119744
"O75607_NPM3",-0.519519863140957,21.9753816060903,-10.9156954767297,7.51664480742946e-06,0.000135693580354321,3.98651349954241
"O75608_LYPLA1",0.412425715525639,21.9726638086383,3.58136500026828,0.00885812940787371,0.0246884430635051,-3.73577010379767
"O75616_ERAL1",-0.231925588239672,19.9047179872781,-3.4113497276663,0.0102338126478919,0.0275426741325643,-3.93062437847879
"O75629_CREG1",-0.0478724438209923,19.7904345491713,-0.241519929435483,0.8164891886796,0.870532444521968,-7.86402960077659
"O75635_SERPINB7",0.190118052493329,18.9639931051673,3.38095774075833,0.0106841730055387,0.0285569367514235,-3.97642855137687
"O75643_SNRNP200",-0.158215801236658,21.872863058276,-3.69075810503952,0.0069293804026585,0.020335935960969,-3.51407673583915
"O75648_TRMU",0.0321842806694761,17.8333254944191,0.444170496610351,0.669525632989703,0.754833131426969,-7.78715817673692
"O75663_TIPRL",-0.0246936126359181,19.9724128851217,-0.346664077348474,0.738422230043958,0.809817522405115,-7.82991439009312
"O75665_OFD1",-0.0528388909544351,15.7174589575969,-0.753058652432686,0.474515886298756,0.580334978524074,-7.58792680353837
"O75674_TOM1L1",0.159568815923432,20.0131011553053,1.91328070880468,0.0947302397602932,0.162634781712877,-6.21146311502321
"O75676_RPS6KA4",-0.27465140820042,17.9943265651037,-2.87057136446618,0.022405292858729,0.0511156263518302,-4.75639627155227
"O75683_SURF6",0.247529430009902,18.46688801049,1.47686243862119,0.183023856436726,0.274248800952326,-6.81415863942787
"O75688_PPM1B",-0.483098692235096,19.5623034969879,-7.43931982373784,0.000105286474465982,0.000851702530234811,1.0701234788757
"O75689_ADAP1",0.0180513320163627,17.5854158675489,0.208329408863074,0.840548926617007,0.889534405313817,-7.87291907678135
"O75691_UTP20",-0.632367126957309,18.9464336022186,-7.95829688088646,6.697297758278e-05,0.000619925697534435,1.57049876865378
"O75694_NUP155",-0.119126453479392,21.4728078553827,-2.55891293645213,0.0356844893142602,0.0748444227181123,-5.23740610383695
"O75695_RP2",-0.330266203585236,19.2014464514329,-3.70677646816106,0.00677847635041415,0.0200165218230348,-3.49046392762255
"O75716_STK16",0.299356544906463,15.7474747637713,4.15524312089865,0.00371590668022004,0.0125532949934963,-2.8425619340415
"O75717_WDHD1",-0.232287337080631,20.093408115511,-2.47146178741005,0.0407127828794871,0.0827790492323614,-5.37201762214827
"O75718_CRTAP",-0.194074009787911,18.3717474579106,-1.94172603704154,0.090758004915921,0.157014018461692,-6.17004515310057
"O75746_SLC25A12",0.388216346164363,20.9605740290911,7.36841513516227,0.000112216415778702,0.000892710196283224,0.99963319313337
"O75752_B3GALNT1",-0.315025209370251,17.2940328262783,-2.34976912200847,0.0489380825410238,0.096177799749647,-5.55852421685243
"O75764_TCEA3",-0.0252593676540336,17.0018887972136,-0.269138516390249,0.797707095980274,0.856166046436782,-7.76389612258234
"O75781_PALM",0.245653515434238,17.9942015320909,1.78116257284674,0.116214172379435,0.19156454393862,-6.40201971412529
"O75787_ATP6AP2",0.675037822433843,19.8688081601394,9.67159129222154,1.75668908483813e-05,0.000245968645670101,3.05014027526576
"O75792_RNASEH2A",-0.32309266929423,19.4895955229452,-5.44198026747503,0.000780131685213842,0.00377100271051344,-1.13898722444746
"O75794_CDC123",-0.623755988755061,20.6001169848131,-8.50277082313405,4.27234843815188e-05,0.000441379781211772,2.06775027123568
"O75808_CAPN15",0.0969606731561647,17.6233290303251,1.17357285937955,0.276686081139289,0.379828531210247,-7.18181067567672
"O75817_POP7",-0.186674123475051,18.9780137811234,-1.86651529358914,0.10162855039095,0.171474347327038,-6.27909725879645
"O75818_RPP40",-0.0844312860697123,19.3898621007288,-1.50273919551051,0.17401951579299,0.26370251699453,-6.78054726459436
"O75821_EIF3G",-0.144793047800292,22.8919693050169,-2.7000853469366,0.0288735199657254,0.062870424419815,-5.0195621348626
"O75822_EIF3J",0.0414947484366799,22.0615472880961,0.512137787910173,0.623372676625688,0.715353364275501,-7.75145243275767
"O75828_CBR3",-0.231958643639906,19.6658388837878,-4.32845925547643,0.00296967047402496,0.0105546865522645,-2.59954496532059
"O75832_PSMD10",0.13361166616686,20.1667990406821,1.84367727288609,0.105170575961501,0.176236238330044,-6.31190757179075
"O75843_AP1G2",-0.231558770926778,18.4673132358651,-1.55069439737337,0.164075310088984,0.251777548299937,-6.71788845307555
"O75844_ZMPSTE24",0.166790931366574,21.582859023647,3.38302320717598,0.0106529060184728,0.0284959644895818,-3.97331282926619
"O75864_PPP1R37",-0.000962887497799159,18.4228327682432,-0.0155750930510596,0.987981989703852,0.99219276310455,-7.89728790225408
"O75865_TRAPPC6A",-0.195400521199847,18.9058070258667,-2.82719977513526,0.0238925964310079,0.0538975803231206,-4.82330393119974
"O75874_IDH1",0.447219704204144,22.7947540281538,4.23644142961075,0.00364709998058581,0.012397545287496,-2.78885700669777
"O75879_GATB",0.0744501501884187,17.6528672489342,0.747811767259101,0.477491822445209,0.583228148680879,-7.59207268298027
"O75880_SCO1",-0.126502380655715,20.5867867855155,-2.1776675264516,0.0635200796409346,0.118239836585085,-5.81972567394502
"O75882_ATRN",0.0994443120294015,16.8107983146923,1.11144358738597,0.300925730715597,0.407181807313405,-7.25020527758525
"O75884_RBBP9",0.245162304953094,20.5262070295185,2.67427673161532,0.0300101592969437,0.0649201097411246,-5.05941339953636
"O75886_STAM2",0.0282937432159223,19.6798250313673,0.519997497300975,0.618144095580294,0.710847113524571,-7.74701719069816
"O75896_TUSC2",-0.340665392979481,19.1091863310938,-5.76243229065913,0.000548088401769574,0.00289174315495403,-0.750850551667372
"O75907_DGAT1",-0.00707023379201388,16.294470002565,-0.0820106427313993,0.936796611068346,0.957461242194854,-7.8936182826103
"O75909_CCNK",0.0555313221983944,19.1006774986056,0.581258996798108,0.578206946514281,0.675694299312393,-7.71031177246122
"O75915_ARL6IP5",0.106233976952797,20.1657975771704,0.266519542319042,0.799715632948912,0.857719698918972,-7.85566617941152
"O75925_PIAS1",0.0052565743470474,16.6601246446059,0.0518121121663072,0.960039323586056,0.973537687865155,-7.89590534898198
"O75928_PIAS2",0.0580888470685359,16.2465186886029,0.474913670154407,0.648445513086621,0.736146287864386,-7.77159913688404
"O75934_BCAS2",-0.0557599059486371,20.5941411476217,-1.09060220464332,0.309431885804716,0.416113767278286,-7.27255481007575
"O75935_DCTN3",-0.0582025556977932,20.591143836549,-1.13547956514183,0.291350987400006,0.396048772879275,-7.22405557408195
"O75937_DNAJC8",-0.189013047532836,22.1454892234003,-3.87711420140366,0.00537591163506037,0.0166864979496697,-3.24131214087955
"O75940_SMNDC1",-0.212654456798713,19.7939296844754,-3.86081588103109,0.00549547742931806,0.0170161704929674,-3.26499422804633
"O75943_RAD17",-0.454425998794409,16.8828224494148,-2.56428672040049,0.0361097722979863,0.0755085364382126,-5.23818396375607
"O75947_ATP5PD",0.215077187282716,22.7003027293077,2.32773234577346,0.0512930517190687,0.099817884854268,-5.59745260974943
"O75955_FLOT1",1.54924923328218,19.666406707904,13.4042046106723,2.14790749014251e-06,5.81134032918059e-05,5.40334587054431
"O75956_CDK2AP2",-0.319056342045679,15.8478240462827,-0.701712672918307,0.524808010828062,0.629197447864173,-7.51291107550486
"O75962_TRIO",0.406142799651114,18.2302878518504,7.03565260174551,0.000152346064592109,0.00111559929483398,0.661638820542965
"O75964_ATP5MG",0.273999380729201,23.0958037026615,5.73807393678756,0.000562732806513094,0.00295068059382209,-0.779867140093298
"O75970_MPDZ",-0.604036484860242,17.0404110375062,-5.57078278945398,0.000675841517213553,0.00337699895365857,-0.98130377849665
"O75971_SNAPC5",-0.128489687142848,15.9118013023437,-1.66742949577651,0.136735853907118,0.21806150664643,-6.55960615749741
"O75976_CPD",0.42815370996972,18.7242671393895,4.72595681528164,0.00180551817897055,0.00718167870875643,-2.05788812672427
"O76003_GLRX3",0.0101368039573124,22.8204834990186,0.179116116826886,0.862617125317463,0.906068508907766,-7.87929631846965
"O76021_RSL1D1",-0.0710408456467952,22.0110527050556,-1.18117245783259,0.273834338032411,0.376793113611219,-7.17326765155372
"O76024_WFS1",-0.489229797592419,18.7983535634469,-4.54798259485054,0.00224962486213525,0.00853517720646352,-2.29762268169913
"O76027_ANXA9",-1.00886741053719,17.3824389325586,-12.8847926862429,2.30813813956245e-06,6.12698474894267e-05,5.28302268624402
"O76031_CLPX",-0.126570024722067,21.0711007504748,-1.63566798062311,0.143295723895177,0.226435677796326,-6.60308213601476
"O76041_NEBL",0.269479696422817,18.7505693342356,4.74529896501983,0.00176336829659269,0.00705439593273212,-2.03210716574914
"O76054_SEC14L2",-0.752182502375181,16.7129807245741,-5.59453569564333,0.00190000659066558,0.00746814929852872,-1.67854384802252
"O76061_STC2",0.439432861229598,16.9353147050855,4.41866682957307,0.00264713338021465,0.00963682604368619,-2.4746505394461
"O76062_TM7SF2",0.0612636671312252,18.6547921471957,0.330324062312122,0.75109893541265,0.820659048339247,-7.83542621911266
"O76070_SNCG",5.55990566844739,20.184450039992,70.2696453043963,2.79374114642084e-09,1.18523597011529e-06,10.8986156502832
"O76071_CIAO1",-0.0797409343478108,21.0166875464983,-0.812358721434403,0.442250540809033,0.549488929706656,-7.53878963430064
"O76075_DFFB",0.0955548996419111,16.4969764456977,1.31063433876704,0.228905795855777,0.327141908804031,-7.02216071933357
"O76080_ZFAND5",-0.150043368193984,16.9335886388068,-1.61526482387997,0.147662406602227,0.23208863044285,-6.63080277011365
"O76094_SRP72",-0.186044756945424,21.6967863194241,-4.63693220490763,0.002014301209166,0.00782884226948351,-2.17723920268434
"O76095_JTB",0.398888790636743,18.5999162171249,4.3003514837064,0.00307874830097821,0.0108474488770748,-2.63869499380127
"O77932_DXO",0.171338720391393,16.7948838565123,1.38999772898439,0.204614986471152,0.299589453435347,-6.92468008841199
"O94760_DDAH1",-0.939941122477791,20.2883786967642,-13.6538642271546,1.52179641908431e-06,4.69118291286273e-05,5.73815520187993
"O94761_RECQL4",0.318591777368855,18.1113144193539,4.67122682819729,0.00193089213279687,0.00757397144958035,-2.13112760210766
"O94762_RECQL5",0.0599308460388102,18.1003048655597,0.76654381205291,0.466924144469993,0.572899739005384,-7.57715744932775
"O94763_URI1",-0.484222846589446,18.1524920603683,-8.08709341552894,6.00824724477774e-05,0.000572018059605552,1.69059724693805
"O94766_B3GAT3",0.259797495003394,19.0923043654743,1.88647247213223,0.100395440610488,0.169843581205394,-6.25423865405457
"O94776_MTA2",-0.260689873717414,21.7671811595925,-3.65188492488318,0.00731083501886777,0.0212353091638466,-3.57150636916665
"O94782_USP1",-0.107451115161101,16.9937635891137,-0.756126871656487,0.472781378196798,0.578861889223978,-7.58549088962382
"O94804_STK10",-0.0218221789532329,19.3439402835782,-0.259095288324444,0.802570000089059,0.859214066752676,-7.85958048878552
"O94806_PRKD3",-0.249291432353655,15.6186107774935,-1.93799335514053,0.117359530056012,0.192783327734898,-5.72430021568537
"O94817_ATG12",0.340929085266147,18.0789635407091,5.01098514196918,0.00128171770388654,0.00554854577928234,-1.68339490871748
"O94822_LTN1",0.168890437837614,18.8448135403974,0.931745588981651,0.383363078731988,0.491732458564085,-7.42949725506633
"O94826_TOMM70",0.124639049053563,21.6338464217263,2.26666479058601,0.0555041190307976,0.106108774691285,-5.68510761948882
"O94829_IPO13",-0.0355804484150468,17.6959052136408,-0.262945844386857,0.799710813773204,0.857719698918972,-7.85845248733204
"O94830_DDHD2",-0.216660398800595,16.7359257762116,-2.38687451857228,0.0462653277895968,0.0918697223250565,-5.50178175242134
"O94832_MYO1D",-0.295067097929451,19.7465580977827,-3.5220755010227,0.0087570925034994,0.0244980028088262,-3.76453546623295
"O94842_TOX4",-0.334162237491874,18.9412718388569,-3.43699969188874,0.00986948782198768,0.0268322312941308,-3.89203766237408
"O94855_SEC24D",-1.02183780676683,19.2670273598733,-11.6272195974402,4.80504863186043e-06,0.00010147678671429,4.47882954969862
"O94864_SUPT7L",0.183706937388074,17.3554819583592,2.47618221854594,0.0404237024822201,0.0823665259798967,-5.36476177525409
"O94874_UFL1",0.370257270387359,20.4005750459396,7.15096038457989,0.000136861402561207,0.00102726755325745,0.780119824455312
"O94876_TMCC1",-0.0726638152762913,15.5741220166189,-0.755706810560367,0.476483230412827,0.582089213248012,-7.52238665071138
"O94880_PHF14",-0.137329363573283,19.6641740244549,-2.06008535204628,0.075902088841115,0.136054271791401,-5.99568191249283
"O94886_TMEM63A",0.0848990101361267,17.1991319154409,0.83329097633695,0.430561285004995,0.538906519951405,-7.52147914953353
"O94887_FARP2",-0.198702166319205,17.8250301606962,-3.04772358631997,0.017266867291714,0.0416029675673716,-4.48381191977746
"O94888_UBXN7",0.514863306314147,19.6143793420637,8.72895754267545,3.56945898638355e-05,0.000390173848279291,2.2665424481317
"O94901_SUN1",-0.473377327534219,19.0015651443662,-5.61465312306395,0.000643922422924879,0.00324667837727223,-0.928113516435593
"O94903_PLPBP",-0.203505335316855,20.8437671960699,-4.48393864530534,0.00243766043153581,0.00907849613492393,-2.38499871554649
"O94905_ERLIN2",0.168007642763222,20.5408760720308,1.32211086284381,0.227423480222947,0.325346651628822,-7.00725635070593
"O94906_PRPF6",0.0495112582121067,21.8467915135055,0.726773770664034,0.489547915852167,0.5952908886098,-7.60844472317663
"O94907_DKK1",1.28182929500167,17.1151884774888,5.09718329780766,0.00246196848371891,0.0091304175946433,-2.07773167035771
"O94913_PCF11",-0.0669766836709691,19.1575237426197,-1.10704619467503,0.302704637183118,0.409009712135903,-7.25494618604628
"O94915_FRYL",-0.026199328828536,18.7271694968684,-0.474213029454668,0.648922246830457,0.736382748555565,-7.77196466109514
"O94916_NFAT5",0.742127962787819,16.8130381660909,5.19206635528621,0.00103716353760088,0.00470570637683012,-1.45148533548156
"O94919_ENDOD1",-0.579308879494892,18.2372388514756,-7.80876883217429,7.61071675876851e-05,0.000684867948061152,1.42907355779102
"O94923_GLCE",-0.271971818010119,18.1481105710957,-2.19977052650968,0.0614272779089279,0.115129085465495,-5.78639578079318
"O94925_GLS",-0.225371601197669,20.0297734318776,-3.96801132597779,0.00475866813483458,0.0152026819435062,-3.1098645787723
"O94927_HAUS5",0.0464848223156444,17.7068627564467,0.645216545685012,0.538127524548007,0.640209294299644,-7.66803163342681
"O94952_FBXO21",0.294647980236814,17.8629641001803,3.8138009329574,0.00585677537921348,0.0178359182556363,-3.33349783390191
"O94953_KDM4B",-0.429923588791475,17.2611208582271,-4.21884896028936,0.0034204957771341,0.0118004017221075,-2.75284063704459
"O94955_RHOBTB3",-0.365711331665942,16.4446397558062,-2.62258539948543,0.0431509285164583,0.0868814454854685,-5.18008032457864
"O94964_SOGA1",-1.02608717008804,22.3817644504056,-21.9393660227576,4.79844435390912e-08,5.09501487300489e-06,9.43435521946301
"O94966_USP19",-0.14358489002554,18.7870836012997,-1.8676516793492,0.101455329895416,0.17125767212419,-6.27746081916718
"O94967_WDR47",-0.129303117781866,17.4959492785258,-1.35601344727129,0.214726698222469,0.310494724401509,-6.96684688918646
"O94972_TRIM37",-0.0341922432960438,18.5178629458639,-0.487426572081041,0.639960986148626,0.729462015671127,-7.7649857515806
"O94973_AP2A2",0.185735265731726,19.9317671661958,3.04471721140635,0.0173428757328714,0.0417594598355281,-4.48842535264975
"O94979_SEC31A",0.13330743548719,22.1024598262616,2.94894026507083,0.0199582066777265,0.0467035476128617,-4.6356447293036
"O94992_HEXIM1",0.217175986680957,19.0589737626693,2.28192553566741,0.0542351474888356,0.10415164595633,-5.6619203540611
"O95049_TJP3",-0.464705422129107,18.900805038509,-3.960011361123,0.00496235698746472,0.0156914098707464,-3.14247348537341
"O95059_RPP14",-0.0722373514257448,18.9678278840594,-0.78022611129847,0.459305278934572,0.565805487827071,-7.56606410988456
"O95067_CCNB2",-0.597663665894363,18.3186537673248,-7.27029127193077,0.000122663351171736,0.000952041948942056,0.901207758139158
"O95070_YIF1A",0.0502772548218573,18.1731627160872,0.411890610212521,0.692003989854445,0.772429625118592,-7.80243043917299
"O95071_UBR5",0.144148042209075,19.2955066318887,2.78368905307049,0.0254884247592642,0.0567968153619721,-4.89046496908643
"O95081_AGFG2",0.467299196137255,18.1015782997342,5.11891478771154,0.00112914930619559,0.00503637482255849,-1.54461139679148
"O95104_SCAF4",-0.316551746919465,19.2736518546306,-6.37256251686857,0.00028996873086274,0.00179935953526432,-0.0492016152034749
"O95139_NDUFB6",0.126664232057237,20.2494710189299,1.60502457332259,0.149900062945342,0.234833192872365,-6.64465266932117
"O95140_MFN2",0.218028413990801,19.1473431546441,4.10202553742765,0.00398443224439846,0.0133017399600115,-2.91805656959695
"O95149_SNUPN",-0.10860667589419,16.442395397063,-0.698804022328034,0.50602451063382,0.611532940846594,-7.62941855472526
"O95155_UBE4B",-0.234960398485967,19.2548103491224,-4.19570489801364,0.00352491850590351,0.0120518792386549,-2.78542262236463
"O95159_ZFPL1",-0.0155036567358984,20.670552243171,-0.167469908681433,0.871455555367657,0.911693421374722,-7.88157158665437
"O95163_ELP1",0.233070144270741,19.7323952726673,4.29346358107057,0.00310613961622005,0.0109279509277507,-2.64830573931619
"O95164_UBL3",-1.5135257996952,20.8135266553324,-19.8155206103316,1.01352339371666e-07,8.24296419677007e-06,8.65097289347581
"O95166_GABARAP",-0.0964838583657439,16.8862714844768,-0.378437345888708,0.716644874100091,0.791963949688059,-7.81624970655248
"O95167_NDUFA3",0.185863974562789,19.1409352181615,2.02641675852208,0.0798669661998344,0.141502423313496,-6.045591368697
"O95168_NDUFB4",0.0620121991033109,21.1248807213414,1.06963348253624,0.318182987251312,0.425486957763911,-7.29473077556876
"O95169_NDUFB8",0.206710737454177,20.4574845014276,2.91524024647954,0.0209742939350094,0.0485463146028298,-4.68754331225627
"O95178_NDUFB2",0.463382711335456,17.7705718555247,6.01672376651798,0.000418051609897578,0.00236565844386898,-0.45260463725407
"O95182_NDUFA7",0.0985755151261571,20.5043884880953,1.82745599090518,0.107757927152751,0.179635707170254,-6.33512049602511
"O95197_RTN3",0.164292199719881,20.9954996996622,2.55297960180875,0.0360045990999222,0.0753570381270065,-5.24655016986541
"O95202_LETM1",-0.147902419300927,20.9720614920864,-2.99467443062426,0.0186611592592157,0.0441822739351825,-4.56529025759137
"O95208_EPN2",-0.567443167920402,18.7077657967914,-5.91232397748647,0.000466763723285922,0.00256167169025188,-0.574024775412434
"O95210_STBD1",0.244321028852728,17.8821853925859,2.63110297985949,0.032016098146218,0.0684843509591038,-5.12606064517289
"O95218_ZRANB2",-0.0400709763850955,20.1372790149873,-0.623675571072857,0.55143627664088,0.652690870865386,-7.68271602959849
"O95219_SNX4",-0.62523042880612,19.5759611309081,-11.1338401146123,6.53525512319593e-06,0.000126486140295779,4.14055838377567
"O95229_ZWINT",-0.315327741576091,18.4239350428526,-4.58424878061823,0.0021502285157801,0.00824171855543317,-2.24840381137569
"O95232_LUC7L3",-0.0290966130953834,20.8735840423557,-0.398813433410639,0.701206536066458,0.77962826763061,-7.80830441507933
"O95235_KIF20A",-0.168422179611408,18.5942889554137,-2.15274954537235,0.0659646769557064,0.121782167429697,-5.85721070688938
"O95238_SPDEF",0.351598840239017,18.5292638602285,5.5374352766151,0.000701276763645518,0.003479079077268,-1.02191087636291
"O95239_KIF4A",-0.228428872437622,19.839867051156,-1.95935146322291,0.0895477786744224,0.155271664315255,-6.14761708760009
"O95243_MBD4",-0.432261837158975,17.7845185072972,-3.78676437948364,0.00607609708679533,0.0183313978802487,-3.37301751211966
"O95248_SBF1",-0.0026497433487549,17.6398335729342,-0.0356104453110453,0.972527691394635,0.981438964346704,-7.89670722138661
"O95249_GOSR1",-0.0119362491819714,19.2648087211185,-0.154766601476661,0.881111937331447,0.918100144595736,-7.8838829157138
"O95251_KAT7",0.120855124232524,19.3727873595863,2.08643186540572,0.0729351166225638,0.131568892538815,-5.95647006369834
"O95260_ATE1",-0.139039897176744,19.2228408021027,-2.39763387880657,0.045518339735386,0.0906926524047501,-5.4853058571942
"O95273_CCNDBP1",0.45518345984657,17.9766922087187,5.61420555146244,0.000644239515804051,0.00324667837727223,-0.92865485296146
"O95274_LYPD3",0.268205382222142,18.2842241760414,1.78653608399108,0.116127102194987,0.191540819046532,-6.39569458012702
"O95292_VAPB",0.462904215919135,22.772464204208,9.16332936082825,2.55478451136114e-05,0.000317582562428552,2.63630753801498
"O95295_SNAPIN",-0.253745902502033,19.5025505676853,-3.66440674726783,0.00718555153676374,0.0209510074365213,-3.5529877467031
"O95297_MPZL1",0.0297673001313008,18.088512198189,0.290440989428707,0.779391638547655,0.841624225847388,-7.84992405964063
"O95298_NDUFC2",-0.0191492633380683,19.4942432527485,-0.213398697024389,0.836734310724768,0.886269278157636,-7.87171561885526
"O95299_NDUFA10",-0.0762059596474316,21.1050634861203,-1.39850393823641,0.20215040850775,0.296743447204637,-6.91402941256391
"O95302_FKBP9",-0.0469919656645033,20.0318771626284,-0.745777276188635,0.478649070644046,0.584454902583251,-7.5936735484083
"O95319_CELF2",-0.0636432571328918,17.3108759423305,-0.481461529617883,0.646074870213584,0.734132339890436,-7.74174722380764
"O95336_PGLS",-0.0825418505979947,22.1166735504201,-1.01234269831203,0.343091720985434,0.451063836102088,-7.35368931214059
"O95340_PAPSS2",0.256831645061315,18.1775068894803,2.55537255420343,0.0358751435420145,0.0751412253092332,-5.24286247143283
"O95347_SMC2",0.229420435193894,20.5216214356372,2.47665851911342,0.0403946503365375,0.0823292726800398,-5.36402957267967
"O95352_ATG7",-0.0318990387029281,20.6719176688024,-0.668073945685804,0.524221147498868,0.628654223157466,-7.65196333982091
"O95359_TACC2",-1.0239403454167,18.3261677404705,-12.3212555048044,3.17883877901373e-06,7.66631623519241e-05,4.93240495563566
"O95361_TRIM16",1.18708282836331,19.7696650025887,10.0561121730043,1.65644262691206e-05,0.00023758919104583,3.16481193409346
"O95363_FARS2",-0.230414278861581,17.0897406654771,-1.52709526986256,0.167975820770532,0.256424750357572,-6.74860671137102
"O95365_ZBTB7A",-0.00996546777535201,18.6708536526612,-0.138133513515692,0.893791810840351,0.927519803702251,-7.88663382733082
"O95372_LYPLA2",-0.353133211363737,19.6567724211801,-6.50753410586787,0.000253372248998088,0.00163877397934889,0.0996993879809382
"O95373_IPO7",-0.251222887230377,22.3476356659213,-4.73427086392679,0.00178726646401898,0.00712390621346459,-2.04679984457428
"O95376_ARIH2",0.259567699378259,18.5852503634604,3.13128999596159,0.0152887889839087,0.0379612834628068,-4.35579407503496
"O95382_MAP3K6",-0.489325252168118,16.6565672606133,-2.15327178640255,0.0746122218501072,0.134214220245663,-5.83745437641515
"O95391_SLU7",0.0169085999027203,18.6393556660496,0.306607931803302,0.767527711801558,0.833605534411551,-7.8445226807796
"O95394_PGM3",0.303974189087363,21.2586134766385,5.17837927590031,0.00105372612026558,0.00475545229600374,-1.46885236363087
"O95396_MOCS3",0.234133386892346,19.7633027703391,2.28832265441116,0.0538845212342697,0.103671690521098,-5.65339974442511
"O95400_CD2BP2",-0.326156313734085,20.7961153521773,-5.02183267509811,0.00126540150409958,0.00550143795747693,-1.66937162574013
"O95405_ZFYVE9",0.557244100681174,17.9952245036678,4.19362468970389,0.00358758691755222,0.0122169719308181,-2.79873938484794
"O95425_SVIL",0.995400195112971,17.8227572726949,14.9513721416054,7.90064968829968e-07,3.03333908324132e-05,6.45127652622686
"O95429_BAG4",0.195011941353769,17.8018802147582,2.1778935965177,0.0634983187546293,0.118239836585085,-5.819385146007
"O95433_AHSA1",0.055266790233258,23.8483723043253,0.818211129368616,0.438599057179116,0.546461830530368,-7.53439891593649
"O95453_PARN",-0.144381001173556,19.9347132766623,-2.35676341366235,0.0484225813277176,0.0953608022283362,-5.54783797772604
"O95456_PSMG1",-0.376521524022603,21.5664599490226,-6.74016323868166,0.000201763560106896,0.00138452616028617,0.351211019153894
"O95470_SGPL1",0.148888306850992,20.8730291230274,2.95351400703526,0.0198243345587768,0.0464756325365988,-4.62860460339137
"O95471_CLDN7",-0.0408465487040921,18.2712971111232,-0.238796424909509,0.818071112753802,0.87165904627217,-7.86503563574997
"O95478_NSA2",-0.287608937471521,20.2067726149286,-2.43441769497281,0.0442973596481776,0.0887223773933241,-5.44082659635752
"O95479_H6PD",-0.17731869787405,17.2090968382339,-1.55738600271322,0.160725615539206,0.247881244865287,-6.70851128176477
"O95486_SEC24A",0.291606982162119,20.250765269802,5.38448203396046,0.000832335149082056,0.0039522995122561,-1.21011472797561
"O95487_SEC24B",-0.029731009716965,19.5146781793364,-0.413678304219918,0.690750198769408,0.771593405843385,-7.80161337193652
"O95497_VNN1",0.768928829251706,17.3733104406877,1.71567524446196,0.139143253473799,0.220970123142333,-6.50456190345057
"O95502_NPTXR",0.656811960847625,16.275565052938,1.54405560657578,0.193032314988826,0.285994582963096,-6.39051331979573
"O95503_CBX6",-0.272864777992471,17.3920495672334,-2.08927915276783,0.0726214037192117,0.131157720631555,-5.95222452691441
"O95528_SLC2A10",0.0395702166407847,16.0206457203698,0.488610097895079,0.639161400830365,0.728767920857291,-7.76435187046017
"O95544_NADK",-0.27944744801567,16.768102323039,-2.04503690192002,0.0835089073476403,0.146528711653135,-6.01457604264454
"O95551_TDP2",0.0455491087025486,17.7826510118973,0.580731757344521,0.578544332386829,0.675881940876728,-7.71064366135698
"O95562_SFT2D2",-0.151728228685887,15.57447186746,-1.09304680741263,0.31378680600655,0.420859672266679,-7.17424365456046
"O95563_MPC2",0.464741353136368,19.5802270866926,6.47583872572039,0.000261479589633754,0.00167421395540205,0.0649317251505623
"O95571_ETHE1",-1.48279684864132,19.4435511147754,-19.1904400086597,1.28187611680348e-07,9.51450768248797e-06,8.40264070771661
"O95573_ACSL3",-0.031126249440554,20.4424799271803,-0.489641702215736,0.638464867383273,0.728190946015981,-7.76379818056758
"O95602_POLR1A",-0.587076463810433,18.9175585424778,-9.6058402814593,1.84210954343256e-05,0.000253290062221976,2.99769682945864
"O95613_PCNT",-0.379297910859229,17.7839485522485,-4.82040846671603,0.00160964064496447,0.00659823202721362,-1.93250260434731
"O95619_YEATS4",0.0785906465656616,18.5578115954161,1.08239173711356,0.312835302006842,0.419804438097649,-7.28127534394118
"O95625_ZBTB11",0.0148787821016434,17.5695032295504,0.190554107190482,0.853959980424713,0.899493531323634,-7.87691283785977
"O95628_CNOT4",-0.181803438612892,17.8915851978981,-2.18886019724567,0.0624515758304345,0.116677003231591,-5.80285693430147
"O95630_STAMBP",-0.113891423780355,20.2508538806036,-2.30982401736068,0.0519902622487366,0.10095645285537,-5.6194615709589
"O95639_CPSF4",0.0935843248206893,19.1669854800733,1.15527672148468,0.283652178138443,0.387610298414978,-7.20222191236599
"O95671_ASMTL",0.317496737133204,19.7313516499676,4.55626329409889,0.00222649429668931,0.00847842905816471,-2.28636792872274
"O95674_CDS2",0.353614434284363,17.1547655446576,3.24461475555778,0.0129808287242366,0.0332281850797926,-4.1829619447018
"O95684_CEP43",-0.579910944194523,19.7298491664991,-5.01182620088355,0.00137527535160733,0.0058737318787922,-1.73591576808954
"O95685_PPP1R3D",0.507910988920454,19.0772467992176,6.57469421369973,0.000237102465259423,0.00156397614055935,0.172970276724426
"O95696_BRD1",-0.14685845886854,18.0643627551772,-1.92709433901378,0.0927806488360437,0.159662589660739,-6.19137517879459
"O95707_POP4",-0.0685197448381132,18.8432260404833,-1.1166577752491,0.298827335016901,0.404915805778839,-7.24456636011989
"O95714_HERC2",0.0402538052747268,17.8454531592317,0.553716098199014,0.595980687771219,0.691391860092712,-7.72727992768519
"O95716_RAB3D",0.0508588939116628,20.5561823261467,0.580817126084755,0.578489696456523,0.675881940876728,-7.71058994174845
"O95721_SNAP29",-0.14201597707504,20.6108382538598,-2.77494797764789,0.0258221892150443,0.0573035229460127,-4.90396057228234
"O95747_OXSR1",0.412541694187301,21.4290669492554,2.53894791515236,0.0407061961687292,0.0827790492323614,-5.31332930006081
"O95749_GGPS1",-0.325451640309659,19.2251736107155,-4.15115718434934,0.0037358100790686,0.0125982655732155,-2.8483445279505
"O95757_HSPA4L",-0.305282309480386,21.3996380388847,-5.97458487654248,0.000436999124300027,0.00244214788397201,-0.501443098468164
"O95758_PTBP3",0.312733527787117,20.8948798067378,6.34225802737807,0.000298972053333274,0.00182653154823809,-0.0829397121672315
"O95772_STARD3NL",-0.0373224781847394,15.1921243088506,-0.246374434778526,0.816331452261262,0.870532444521968,-7.23222859492678
"O95777_LSM8",0.380293211268668,21.0667635050375,3.08326081899177,0.0175836402927032,0.0422062574686707,-4.46863861346971
"O95782_AP2A1",-0.325106667457053,21.5053881704707,-6.6080030371753,0.000229467743201144,0.00152945152290562,0.209109929742224
"O95785_WIZ",0.29445756282362,18.928097643195,2.78558995720721,0.0254164376649261,0.0566993481028187,-4.88753022646527
"O95786_RIGI",-2.60217607116974,20.7400404589427,-18.278187975206,2.13678842517891e-06,5.81134032918059e-05,5.79907046053655
"O95793_STAU1",-0.129048699129598,21.6464873871132,-1.99223271058328,0.0841001214124963,0.147430733363571,-6.09602084017852
"O95801_TTC4",-0.209565872875185,19.3957308416246,-2.37480072565888,0.0471183893945187,0.0932005399537116,-5.52025878903474
"O95807_TMEM50A",0.0701027203786708,18.0427044821932,0.908595343484532,0.391983644003897,0.500704253702555,-7.45407653255975
"O95816_BAG2",-0.0351668686541977,18.9489801542375,-0.519214591930978,0.618663871608932,0.711262305317813,-7.74746180371677
"O95817_BAG3",-2.0490912793582,20.9798900462244,-25.2160383454265,1.72073671501726e-08,2.74063170548062e-06,10.4880516288542
"O95819_MAP4K4",0.202223956183531,16.0971507729142,1.71261345125498,0.127885250719829,0.206610892170983,-6.49710782681761
"O95822_MLYCD",-0.0946725354562759,19.0413854210361,-1.44875014938078,0.188120354488396,0.280189813590374,-6.85035491495247
"O95825_CRYZL1",-0.357245235216411,18.6082375336636,-5.79872928496711,0.000527044050227656,0.00280979899859862,-0.707758767421442
"O95831_AIFM1",0.978119773287531,22.284280538833,21.6319505178599,5.32309707241253e-08,5.50467900064405e-06,9.32633941266595
"O95832_CLDN1",1.59608685116396,16.7279127954071,7.9372032369911,0.00131609002405284,0.00565907452866681,-0.744166397393558
"O95833_CLIC3",-3.97530348301213,19.1901896240059,-19.8807818636979,3.92355066291439e-07,2.1273436041121e-05,7.41195771672028
"O95834_EML2",-0.319436372180128,17.9567228469149,-4.01785167339023,0.00445316666476314,0.0144870038945167,-3.03824994529688
"O95835_LATS1",-0.212815986221798,18.082785587199,-1.70787798610163,0.128787008966755,0.207685521451597,-6.50369250761829
"O95841_ANGPTL1",-0.0411590912097957,17.5698410366817,-0.476426324106813,0.64741686047596,0.735220127501294,-7.77080825362595
"O95848_NUDT14",0.187043099785512,18.5412793667416,1.90173673130741,0.0963898410127856,0.164670465819608,-6.22821275506311
"O95857_TSPAN13",-0.64779605989435,19.7562484653601,-6.27932504118266,0.000326483627800689,0.00196532860987108,-0.172796597303459
"O95858_TSPAN15",0.302653302450736,17.6246920508924,3.09352159331282,0.0161514127905497,0.0396269523303057,-4.41359830059751
"O95861_BPNT1",0.262099018622617,20.6446880105592,3.94011954065668,0.00493948548213376,0.0156495509784138,-3.15008481893749
"O95865_DDAH2",1.02692423732459,20.1646313813014,12.5451602672097,2.79480650906408e-06,7.12209858726497e-05,5.07353120509045
"O95870_ABHD16A",0.595382605147034,19.5813819165656,10.9453574998375,7.37392012252323e-06,0.000134808372623174,4.00762634297016
"O95873_C6orf47",0.388539601858511,17.9135530476912,2.62293696913448,0.0330976458780168,0.0703842844888563,-5.14849980058123
"O95881_TXNDC12",0.000745373317794673,21.0288649255751,0.0128563515846673,0.990079672552377,0.993197624545719,-7.89733167383719
"O95900_TRUB2",0.128937884356329,17.7368272611038,1.78500019980356,0.114820587051059,0.189713288957282,-6.39550016279222
"O95905_ECD",-0.548517715295077,18.8684499376642,-8.57363632093985,4.03667289193707e-05,0.000423906102456853,2.13050783396545
"O95926_SYF2",0.148426571914047,17.8305310157861,2.24409200111918,0.0574359715813609,0.109065574450945,-5.71935236694388
"O95983_MBD3",-0.259165152845181,19.2021878435753,-2.54215863070133,0.0365960113857182,0.0763165594773091,-5.26322315681778
"O95985_TOP3B",-0.178671465328108,17.1522883216046,-2.0341293400311,0.0789411369069728,0.140186989931198,-6.03417893724024
"O95989_NUDT3",0.455929682845913,17.8141699215513,3.75636235718155,0.00633335389479081,0.0189208638240234,-3.41756479395333
"O95994_AGR2",2.1445949146238,22.2285365148332,17.2997803430594,5.25694488734141e-07,2.39222283712649e-05,6.99920352012056
"O95999_BCL10",0.0217223934209798,18.7806824479336,0.31965254726319,0.758002805967242,0.825920276031862,-7.8399566395266
"O96000_NDUFB10",0.219447043054338,21.7953324077072,4.6994968544785,0.00186497986346315,0.00737598088783019,-2.09324316968565
"O96005_CLPTM1",0.0787108835330308,21.2463774687339,0.698071526909046,0.50722252354591,0.612593395340992,-7.62909409699467
"O96007_MOCS2",-2.90649068397934,20.7778395520345,-49.9978181950318,1.07563787889748e-10,2.7410838613904e-07,15.119244800095
"O96008_TOMM40",-0.0688810124844785,22.924072560524,-1.32934431889687,0.222964428996879,0.320346374681666,-6.99949493421212
"O96011_PEX11B",0.378865450055986,19.8994081843279,2.77374492122199,0.0273578468823521,0.0601007871883855,-4.93393822527966
"O96013_PAK4",-0.40114270395048,20.5874839423217,-4.05990294340842,0.00434975621673396,0.0142001826564033,-3.00012098966719
"O96017_CHEK2",-0.111632967840105,18.4762320002863,-1.06407971431614,0.320533423876685,0.427732243940872,-7.30055148620648
"O96019_ACTL6A",0.0877821693449476,21.140362377367,1.43358638895018,0.192260469280078,0.285072010792513,-6.8697060831679
"O96020_CCNE2",0.0930208871907858,16.3687744291647,0.515189866119882,0.624296186961511,0.715983250723185,-7.68717749133121
"O96028_NSD2",-0.0240293576272101,17.9720131252011,-0.216366529347349,0.834503181500103,0.884360524337162,-7.87099778641493
"P00167_CYB5A",0.15069854457775,20.4505813387401,2.11159894257724,0.0702079619806237,0.127896796361513,-5.9188924964927
"P00338_LDHA",0.0179986327486823,26.5065549805886,0.290396468638929,0.779424397514651,0.841624225847388,-7.8499385394632
"P00367_GLUD1",0.518991553016907,22.1263409212045,5.10929243511761,0.00126456832727283,0.00550143795747693,-1.63396322230665
"P00374_DHFR",0.25216516293581,19.8991837004993,4.16512727322291,0.00366823426774078,0.0124417262541607,-2.82858293336594
"P00387_CYB5R3",0.561664337500083,21.4960744204231,6.92103304046651,0.000169702451526593,0.00120911019750308,0.542401137078206
"P00390_GSR",0.852551597433195,21.7924506602531,19.9263909721844,9.72893071607313e-08,7.99759949724507e-06,8.69412462609071
"P00395_MT-CO1",0.269055210641383,18.8420865582746,1.19721526776391,0.272735504181789,0.375819985155831,-7.15151895370537
"P00403_MT-CO2",0.383433286511128,22.7589925921039,2.77848234922819,0.0281739709795733,0.0616456806350423,-4.94490194101635
"P00414_MT-CO3",0.269826559780149,16.412132807576,1.58278519416695,0.155844572641556,0.241915077734964,-6.67498677182326
"P00441_SOD1",0.440747680780902,21.1721822691484,3.14307769881073,0.0167194658329262,0.0406553168869978,-4.39855857593717
"P00450_CP",0.125406901911353,15.5140472713697,0.525469578142044,0.621513788609278,0.713541509823988,-7.25754780013853
"P00491_PNP",-0.443609495342709,22.8237540360927,-7.30611661009309,0.000118728070273335,0.000929996001270132,0.937261793503751
"P00492_HPRT1",0.830163135027497,22.8432685285408,13.9700743929672,1.2903633099295e-06,4.23383154695752e-05,5.91799871217913
"P00505_GOT2",0.791939971020227,23.4750123254388,15.8477433650232,5.17923008845325e-07,2.38525385700151e-05,6.90829468553346
"P00519_ABL1",0.280026878343211,16.8893442334964,3.50156064455954,0.00901246121262709,0.0250000965059993,-3.79521142427666
"P00558_PGK1",0.0225055515330048,25.3572745785463,0.420542891382416,0.685945329934138,0.768021682388179,-7.79844452221549
"P00568_AK1",0.61998822914866,21.9328221922926,11.3173094192626,5.82079354764636e-06,0.00011710517545199,4.26795858127322
"P00734_F2",0.806251505067433,18.1004406668828,1.73589352920423,0.136741250865008,0.21806150664643,-6.47898376189277
"P00742_F10",0.24981285230991,15.9683696444862,1.38179147985531,0.249601894786216,0.350837743269097,-6.2426784662972
"P00747_PLG",0.53571929049912,18.2726266895231,1.28415597563645,0.249126221637031,0.350297951888008,-7.04729916095464
"P00846_MT-ATP6",0.217214060597009,20.3874185453345,2.12182326820225,0.0698016283354739,0.127374089113042,-5.90667874379437
"P00918_CA2",-3.14149663263163,18.7300977180323,-47.7047966815795,1.52500883291061e-10,2.91467313190041e-07,14.8434747401925
"P00966_ASS1",-4.65147750574343,22.755269372461,-21.4966787963887,4.80049921759073e-07,2.30816456091076e-05,7.29744861908526
"P01008_SERPINC1",0.649830031949197,18.1810916838367,1.77322683024972,0.127720137826829,0.206431385557316,-6.42651774844256
"P01023_A2M",0.645961925376962,22.3723601995547,1.43610946685894,0.207900868726243,0.303089653205974,-6.8636073235386
"P01024_C3",0.610286064100922,19.8705535861151,1.48320354848195,0.193867397637154,0.287009344488002,-6.80563900465976
"P01031_C5",0.313598621621091,15.5403862791405,1.89228236421327,0.142541450975134,0.225616851491697,-5.64414083194273
"P01034_CST3",0.393070480395995,17.4311549587451,4.27452166012908,0.00318284569857239,0.0111471564218477,-2.67476978705844
"P01106_MYC",0.136976016649246,16.031667997788,1.81545442927687,0.109711270447617,0.182375008169608,-6.35224471378048
"P01111_NRAS",0.242214764857373,21.5998594884922,2.93823660105625,0.0202752195877974,0.0472285355724286,-4.65212371239318
"P01112_HRAS",-0.144174887706157,19.2280007673685,-0.888152678241797,0.404218600226208,0.512649502111705,-7.47061721985901
"P01116_KRAS",-0.348526536495076,18.2255595883115,-2.91195736513859,0.0210761326857905,0.0486846654510061,-4.69260130050115
"P01130_LDLR",0.259927418136879,19.2327235064663,3.412065640982,0.0102234514248655,0.0275302170282129,-3.92954650282926
"P01137_TGFB1",-1.39719342142908,16.3709998882662,-17.709001508583,2.30678390093179e-07,1.45342932580511e-05,7.77738258827845
"P01344_IGF2",-0.14163019119443,15.6529964182105,-1.05863503361347,0.345820838131307,0.453559840026392,-7.13486453011515
"P01893_HLA-H",0.405336188564608,16.2554811403246,2.02451515673389,0.0984112632096777,0.167152656573647,-6.01332049074622
"P02144_MB",1.23500823236897,17.1171560914136,8.69426112719899,3.66831182778091e-05,0.000396665402028077,2.23633310173743
"P02452_COL1A1",-0.213881960329207,16.6077579958902,-1.03021202503555,0.346394313533409,0.454078279657564,-6.84645173316106
"P02461_COL3A1",0.0962139675053884,15.7768286563355,0.39827575664689,0.706433094377586,0.783615932460337,-7.32503323202863
"P02533_KRT14",-0.294731075773123,16.0419296664261,-0.428954050462724,0.700689538335125,0.779441369896848,-7.26098738833183
"P02545_LMNA",-1.05208700724884,23.8656765596926,-19.5041356624097,1.13829993929266e-07,8.95319564135404e-06,8.52835097336287
"P02649_APOE",-1.49207641671644,19.5008562263274,-7.63886558325182,0.000165304637693923,0.00118551027689497,0.742788176955049
"P02656_APOC3",0.148532759468656,15.5294130754303,1.38098497723775,0.207255124524483,0.30249435414083,-6.93592328067871
"P02686_MBP",0.302118012582319,16.2963986198728,2.78347012690036,0.0254967290890268,0.0567968153619721,-4.89080296477544
"P02749_APOH",0.108296900871681,15.9120423512153,0.531853727246555,0.615930306826212,0.709475244189602,-7.25526676615748
"P02753_RBP4",-0.137925130388233,16.2965981488262,-0.962758526336537,0.376370259636375,0.484892253946762,-7.05048512944566
"P02760_AMBP",0.616007712138002,16.202275407466,1.76492522208357,0.160376685571728,0.247393010733628,-5.95709262622204
"P02765_AHSG",0.777158970516492,23.6804333337149,1.44644882069357,0.205125210920723,0.3000731415019,-6.85092415373525
"P02768_ALB",0.854440134035464,26.8190868550882,1.60864036865343,0.165960957551361,0.254059175106159,-6.64730787392982
"P02771_AFP",0.955731725609784,20.8789025084388,1.66075402080784,0.15499675280629,0.240932824923614,-6.5802687237227
"P02774_GC",0.764608336004674,20.0752577287222,1.448278009122,0.204637818945635,0.299589453435347,-6.84867624281696
"P02786_TFRC",-0.071060076839256,22.8484696906643,-0.867179302617656,0.412878442381964,0.521125258710601,-7.49173514304541
"P02787_TF",0.0365083085139446,15.3425226520229,0.553196654957788,0.596318777927929,0.69167911656183,-7.72759266552446
"P02788_LTF",0.617196828611839,23.3499477655287,1.37418557341803,0.225278184743239,0.322821316281549,-6.93871629407757
"P02792_FTL",-0.41782464346279,16.9628892233757,-5.71778441734305,0.000575262460131088,0.00298566293801912,-0.80409727641085
"P02794_FTH1",-0.296977837890225,20.5302227896035,-3.42512972406138,0.0100363327984892,0.0271506596760261,-3.90988618697813
"P03372_ESR1",1.2234561977355,17.785739065529,10.0923306374231,1.30486036705487e-05,0.000199513150122689,3.37840562485435
"P03886_MT-ND1",0.239394169621345,18.9444368153539,1.37940012994244,0.211011044129948,0.306571537889291,-6.93684559162414
"P03891_MT-ND2",-0.0522421148877115,18.0670506859242,-0.6555354341036,0.531821841383715,0.634583733007414,-7.66083934823016
"P03897_MT-ND3",-0.189799006000502,17.9396865599541,-0.761715129843614,0.472586162001995,0.578728784385166,-7.57766844737549
"P03905_MT-ND4",-0.0458087909440401,18.8740196263535,-0.240301261987105,0.817262336306606,0.871161539467931,-7.86444278631928
"P03915_MT-ND5",0.460357292535356,18.7096663315818,4.1976087243565,0.00351619907061974,0.0120274460379812,-2.78273963720857
"P03928_MT-ATP8",-0.168259951763414,18.2457511106193,-0.882947471294522,0.407010905034673,0.515080014731017,-7.47515736750164
"P04004_VTN",0.414815208476952,19.5838397833832,1.81056929015084,0.117451982756867,0.192893750413802,-6.37030561413522
"P04035_HMGCR",0.0337804080456472,19.0780690122302,0.481154570960875,0.644206769964172,0.732881299229879,-7.76832086399627
"P04040_CAT",-0.0713777022610849,20.7553546423242,-1.10713822975638,0.302667319049304,0.409009712135903,-7.25484709937471
"P04049_RAF1",0.344806810347343,18.6666837265872,3.50791989309742,0.00893245885184612,0.0248412687967856,-3.78569760748093
"P04062_GBA1",-0.377663206006222,20.5137707502619,-6.01705486904594,0.000417906390914141,0.00236565844386898,-0.45222180238045
"P04066_FUCA1",0.355266900300887,18.713160415577,4.90980724874745,0.00144556648169349,0.00610234994618816,-1.81500125234272
"P04075_ALDOA",0.0707036181480909,26.7297085337206,0.94660691043328,0.373499508653658,0.482413202172194,-7.41828079452193
"P04080_CSTB",-0.340448849169896,24.1361693347581,-4.36672694251527,0.00282788555395647,0.0101308271134008,-2.54642222158391
"P04083_ANXA1",-0.541754836580543,15.5493430094442,-6.62407853644967,0.000420245641487393,0.00237280496984573,-0.190968727835805
"P04114_APOB",0.31070991616393,18.7278843520022,1.21333544292269,0.268395660990131,0.371116515291922,-7.13216630920359
"P04150_NR3C1",-0.400599870742468,18.8446322934735,-4.20101263286527,0.00350066777227494,0.0119904144798575,-2.77794389569451
"P04156_PRNP",0.0935794348441306,16.8885733116213,0.810041844822455,0.446737669651735,0.55416347306304,-7.51274520753158
"P04179_SOD2",0.159564675336437,19.9729084866167,2.77830466375498,0.0256934848486414,0.0570841882208264,-4.89877798384158
"P04181_OAT",-0.158044133539526,23.2860650478648,-1.16689920198835,0.282366441337125,0.386170204655155,-7.18677387078347
"P04183_TK1",-0.21982379399158,21.8185706392797,-3.42937702249902,0.00997628887765891,0.0270264806767195,-3.90349802637831
"P04217_A1BG",0.563405923629475,18.6367460021178,0.761242246777731,0.518589767077417,0.623145512228223,-7.3755619302224
"P04264_KRT1",-0.137942868000696,19.0455440617972,-0.155663731892488,0.882120982109784,0.919026288938308,-7.88304924548987
"P04350_TUBB4A",0.244864891002806,22.3023188661395,0.340495112818353,0.749699834708002,0.819364579891734,-7.76730206744449
"P04406_GAPDH",1.0011460319896,28.3541538538367,12.8894628498465,2.3021488318579e-06,6.12698474894267e-05,5.28586582857449
"P04424_ASL",-0.228366043647139,19.1551886613787,-2.78294422238647,0.0255166892578382,0.0568069567199105,-4.89161490050673
"P04439_HLA-A",-0.9343614693876,17.8015969207606,-3.39737195429954,0.0128669177696649,0.0330314259063425,-4.07845929647472
"P04626_ERBB2",0.616864703808258,17.7329279563608,5.33677506150959,0.000878586806477388,0.00413850655300039,-1.26947776492202
"P04632_CAPNS1",0.447770146516397,21.9177346147281,6.93694334818065,0.000167166271086348,0.00119661623825387,0.55904069918963
"P04792_HSPB1",-0.321301177306058,27.106805741257,-4.62797965888823,0.00203671952226626,0.00789990905516262,-2.18930426487281
"P04818_TYMS",-1.1444871010758,19.4223467416944,-14.5073164666614,9.82638456054237e-07,3.46187603526942e-05,6.21445236472235
"P04843_RPN1",-0.0135676477482498,23.5211149163757,-0.266347169629861,0.797187901559146,0.855969312839842,-7.85744250050504
"P04844_RPN2",0.192610775431984,22.6200955618971,2.37001706402374,0.0474607675043605,0.0936838542656432,-5.52757590809399
"P04899_GNAI2",-0.731441811284846,19.4729603744345,-12.1464238815687,3.52031441644213e-06,8.20512308344514e-05,4.82048627270011
"P04920_SLC4A2",-0.234244889975653,19.9039588990855,-3.19538386586497,0.0139345195853859,0.0351930631748514,-4.25792507882354
"P05023_ATP1A1",0.487532406298367,23.1452430886002,9.06191092973727,2.75889547704945e-05,0.000334789776540366,2.55134398063324
"P05026_ATP1B1",-0.223855173499906,21.7417682878353,-2.85653044304006,0.0228759061090487,0.0519412836957759,-4.77805150840987
"P05067_APP",-0.176149532105288,25.1699890041009,-3.35822960565895,0.0110347685083476,0.0292919462660824,-4.01074036324866
"P05109_S100A8",-4.92354573025495,19.568931059047,-54.994611732692,1.74775885940946e-07,1.20179023957521e-05,7.84453925320238
"P05114_HMGN1",0.138031230185941,22.38514671934,1.62826761859687,0.144865547491819,0.22863276436312,-6.61315570601769
"P05141_SLC25A5",0.978407853210623,25.2678237195507,11.8253314241702,4.26094230206632e-06,9.44200113023101e-05,4.61087201150184
"P05155_SERPING1",0.68879535321582,17.8899375617098,1.13565158055153,0.305382944035457,0.411973285186354,-7.21192064936064
"P05161_ISG15",-0.4746216169865,22.2246320411224,-1.99644897759666,0.092712314052832,0.159638751207902,-6.11718323764086
"P05165_PCCA",0.332885603949499,18.9197106524266,4.98859521111381,0.00131613270267751,0.00565907452866681,-1.71239271829256
"P05166_PCCB",0.337540261185019,20.8331234988065,6.06583311235521,0.000397112328364534,0.00228953525667184,-0.395976536595581
"P05198_EIF2S1",-0.128597696154806,23.8361530187765,-2.97557814080247,0.0191916347939577,0.0451699994911696,-4.59465516481771
"P05204_HMGN2",0.116101273628928,19.9720427160776,0.416776518398112,0.691382689155707,0.771953233979362,-7.79763732123696
"P05362_ICAM1",-0.125403608159361,16.234369097249,-1.25491998967122,0.24740946021408,0.348332472069363,-7.08844717658933
"P05386_RPLP1",0.0322736459004958,24.0773983365148,0.392868173806474,0.705408032929252,0.782906824926047,-7.8109148578077
"P05387_RPLP2",-0.0685900925034346,25.1638710216593,-1.26469217133853,0.24407474850376,0.344653020375184,-7.076954282531
"P05388_RPLP0",-0.188057628374558,24.2112649023415,-1.5631019523117,0.161793820186045,0.249227031094563,-6.70167434492851
"P05423_POLR3D",-0.026154648509273,18.2752698888209,-0.354060125023422,0.733095798777927,0.805015423966856,-7.82702715436928
"P05452_CLEC3B",0.535128214125518,17.1096895348034,1.49281073514681,0.18407588211811,0.27550119788429,-6.79372996176625
"P05455_SSB",0.391104715128403,23.0726919240198,7.43568667225665,0.000105629696755711,0.000852733929986709,1.06652434244802
"P05543_SERPINA7",0.658491372138798,17.1092704394865,1.58643473516942,0.163302299972834,0.250943936340164,-6.67328929203878
"P05546_SERPIND1",0.225472299018129,16.9837606164137,0.574768853746336,0.585739926595434,0.681995391230901,-7.71074055344146
"P05549_TFAP2A",1.21975410019349,17.7747685438721,7.44869695632235,0.000126723048050205,0.000972688456168494,0.918251941231423
"P05556_ITGB1",-0.626451538508885,21.6169303797585,-11.2344157069732,6.13208100616497e-06,0.000120824121886936,4.21063807299137
"P05783_KRT18",-0.127613168427072,26.768029438825,-0.321249868689287,0.760185699043085,0.827748136901351,-7.83685284210816
"P05787_KRT8",-0.276804931108366,28.7144785328539,-0.838820457488034,0.435508971507804,0.543767408854151,-7.50785185169388
"P06132_UROD",-0.499430934163936,20.0382066091606,-4.5463001104789,0.0023937748225855,0.00895328868779779,-2.34324108490648
"P06213_INSR",-0.527354246135751,16.7651605510757,-4.20504954212934,0.00348234493791049,0.0119490695917081,-2.77225840086564
"P06280_GLA",0.168491204369996,18.5264841711898,2.54306160287963,0.0365462811967622,0.0762961004230603,-5.26183203737468
"P06396_GSN",-1.50987125442592,19.5676046838595,-9.3116190171467,3.84862548419271e-05,0.000408238268894319,2.31089504817525
"P06400_RB1",-0.211466307210401,19.9764775835518,-2.42632135305203,0.0435859554292421,0.0875498237668303,-5.44133148150018
"P06401_PGR",2.13624441696824,17.4964872765459,16.75610324673,0.000196640092413475,0.00135678114305146,1.81925123540242
"P06454_PTMA",0.325449785739206,25.4975277016846,3.46297180818185,0.00974522961464055,0.0265416032789195,-3.86787230054435
"P06493_CDK1",0.146837853121294,22.0564743689963,2.09411890646765,0.0720912155654199,0.13053524045532,-5.9450046144593
"P06576_ATP5F1B",0.184877008411309,25.0801508644436,4.15605943174994,0.00371194410571683,0.012551000746663,-2.84140693021937
"P06702_S100A9",-4.47348937905952,18.4310793948019,-55.0898107637835,1.05246282103994e-08,2.01151956671258e-06,10.5274349685652
"P06703_S100A6",-0.133140323863735,23.6890882559847,-1.83139915174225,0.10712343357536,0.178733882514978,-6.3294848849287
"P06730_EIF4E",-0.0240522744540748,22.4214808931229,-0.611822247890331,0.558842669885047,0.659887022482529,-7.6906048287293
"P06733_ENO1",0.505312210063025,24.7271493657977,4.94839058111153,0.00151091395681419,0.00631198754089861,-1.83202899216745
"P06737_PYGL",-0.589782887514652,17.747908933515,-5.69576305996931,0.000589212609641998,0.00304772016286405,-0.830457991181108
"P06744_GPI",0.0082303933915675,25.9099212307545,0.165692633566338,0.872802526866212,0.912426544221549,-7.88190696520426
"P06746_POLB",0.152422766931206,17.523902160246,1.37990943442597,0.20757217611226,0.302783683720326,-6.93726210751789
"P06748_NPM1",0.0427977016754042,25.9190228940888,0.84832916792931,0.422649390551559,0.530915969564027,-7.50840049820212
"P06753_TPM3",0.0131094060909476,23.7338725464452,0.115055839019143,0.91161033549689,0.939665202376286,-7.88988452521008
"P06756_ITGAV",0.204290442993944,19.4819004697547,3.02369150858128,0.0178844055016363,0.0428474710310277,-4.52070436323813
"P06865_HEXA",-0.28790515377273,20.9666840221888,-4.02641212900039,0.00440286789119419,0.0143539125919742,-3.02598282859155
"P07099_EPHX1",-0.743408100050953,20.1265436022532,-9.54128908091325,1.93054137503859e-05,0.000261684198797341,2.9459009477238
"P07108_DBI",0.34196076202781,21.4946879135192,5.46394403607595,0.000761154820939978,0.00370865289740217,-1.11193764213812
"P07199_CENPB",-0.147043806502616,18.8501981241395,-2.24099371752841,0.0577063435649975,0.109470222470076,-5.72404764528657
"P07205_PGK2",0.523020556804013,18.3601258312305,0.995521661166097,0.362443611024039,0.471078103753618,-7.35853835701579
"P07225_PROS1",0.54805269406021,15.7334575112657,3.17510570671086,0.041318876825747,0.083777272393124,-4.20820276179313
"P07237_P4HB",0.0336615343002791,25.2549411756766,0.653016258614387,0.533357070313287,0.63601853104743,-7.66260461087928
"P07305_H1-0",-0.584481145165476,23.2573384656078,-7.42157485983309,0.000106974754807547,0.000860865263688103,1.05253159274118
"P07311_ACYP1",0.381405349602733,17.7532107740644,4.93299960096812,0.00140606807626349,0.00596856770851437,-1.78470499332763
"P07339_CTSD",-1.64295905177825,23.2668988256312,-28.0697295749937,7.79424100196306e-09,1.9399096381899e-06,11.2818149263201
"P07355_ANXA2",0.271542446415669,24.7648177046006,1.24150285218382,0.259445441963107,0.361681328192552,-7.09927123062891
"P07384_CAPN1",0.473292277412003,22.6128655982052,7.29451857635158,0.000119986406350379,0.000936938759732938,0.925604711265207
"P07437_TUBB",0.24310244456046,26.6445450100015,3.27953175088536,0.012346563495693,0.0319295054627324,-4.1299137521134
"P07602_PSAP",-0.314638111021427,21.8864078951391,-4.11688254735746,0.00390740579660539,0.0130731366805462,-2.89694147307953
"P07686_HEXB",-0.395276094807297,21.7118598935141,-6.14037712276542,0.000367519366741336,0.00216629572763108,-0.310609864300474
"P07711_CTSL",1.12189306124084,18.7191663925189,10.4232732256105,1.0405725835777e-05,0.000171079083902183,3.62807832330534
"P07737_PFN1",0.145988965595361,26.9428050598511,1.67277287532929,0.135660118598642,0.216608522699796,-6.55225429437651
"P07741_APRT",-0.0973270676161384,23.7699181201568,-1.34887271656948,0.216906006174505,0.313231283944861,-6.97562718133339
"P07814_EPRS1",0.02089836047627,22.2507759998934,0.333741938200483,0.747764870403231,0.817366662029268,-7.83481713313991
"P07858_CTSB",-0.933240069734577,20.4606946852316,-14.0800596885289,1.21940204884237e-06,4.10675271515416e-05,5.9796058442405
"P07900_HSP90AA1",-0.0630571731424716,26.4171235080663,-0.9239627237832,0.384431044745172,0.492785938477002,-7.43974513216323
"P07902_GALT",-0.582647549760186,17.2664498756069,-3.62860570158474,0.0184165477181635,0.0437845514529765,-3.68808201017277
"P07910_HNRNPC",-0.168786142377396,25.8960825936943,-3.21611379235535,0.0135241846600044,0.0343154303769444,-4.22633663225682
"P07919_UQCRH",0.500153589855987,21.2712863781642,3.99394406589487,0.00517779056640008,0.0162197254035714,-3.15306656896172
"P07942_LAMB1",0.390119566235793,17.9599039557718,3.30925867777395,0.0118325296502502,0.0309475501800078,-4.08483274519037
"P07947_YES1",0.121522402828273,19.3921314878436,1.65274271049708,0.139733694709792,0.221769586061108,-6.57975793441887
"P07951_TPM2",0.250409675008619,21.5707793716531,0.379345151047223,0.719327807421315,0.793544168504466,-7.81300824449176
"P07954_FH",0.23737929905214,21.7315709998903,4.77701903622431,0.00169656338313042,0.00686982365679665,-1.98994382522708
"P07992_ERCC1",-0.336603949866738,16.8510798869077,-3.74244852997227,0.00645498643761805,0.0192091752882795,-3.4379902112876
"P07996_THBS1",0.189928234481201,19.0747759265923,0.681540682085922,0.52022853633159,0.624552003808889,-7.63763254190002
"P08047_SP1",-0.271689763957554,18.4088297146815,-3.45845720264213,0.00957535564133033,0.0261882598099426,-3.85980874768571
"P08133_ANXA6",-1.96167440642543,23.9964459268193,-39.6369324182232,6.04110038423646e-10,6.59774463392682e-07,13.6842355068366
"P08134_RHOC",0.450678753238432,21.3806148058105,6.57872148574307,0.00023616449951321,0.00156048193498573,0.177346834609105
"P08174_CD55",0.649877243735183,19.015823125744,6.36569371085877,0.000291982659108136,0.00180599306543827,-0.0568387759351063
"P08195_SLC3A2",-2.45175847389251,24.7690510285917,-38.0003278759368,8.26156801272958e-10,6.72968969371537e-07,13.4060094337985
"P08236_GUSB",-0.261109900990867,19.3249571672003,-4.21619199117486,0.00343231076071477,0.0118304850160795,-2.75657732370698
"P08237_PFKM",0.290247416827942,21.2487889940444,6.17269429560125,0.000355458512752779,0.00210494216111154,-0.273820307065047
"P08238_HSP90AB1",-0.0789369018668502,27.1243829168406,-0.855199975521862,0.41906902801859,0.527111339125061,-7.5023608426257
"P08240_SRPRA",-0.0230693297849989,19.854382877161,-0.306099073132478,0.767900146628646,0.833773131796051,-7.84469704112019
"P08243_ASNS",-0.171402611078346,22.4851411487213,-1.09365299782894,0.31244021007065,0.41938813374071,-7.26543510909797
"P08397_HMBS",0.061567089761688,19.9478463536705,1.29664484034608,0.23343681121361,0.332456114330858,-7.03897666710885
"P08493_MGP",-2.00873153508817,16.7564889841426,-14.3784150533415,0.000331688951356431,0.00199195760653568,1.246121529236
"P08559_PDHA1",-0.336081827973018,21.8145601975292,-5.02108892941057,0.00126651286785529,0.00550143795747693,-1.67033257780701
"P08574_CYC1",0.432570441853127,23.5642137435659,7.30865283434963,0.00011845487101684,0.000929761282262571,0.939809021906067
"P08579_SNRPB2",-0.0413267045700749,21.5098038623761,-0.704146263126065,0.502734519222293,0.608615265155096,-7.62560038078278
"P08621_SNRNP70",-0.0943126385967261,22.9680571064445,-0.739423236145407,0.483877835222122,0.589333447550282,-7.59682350198924
"P08651_NFIC",-0.22084201457297,18.0766738404646,-3.11665245252034,0.015617185411433,0.0386636601264266,-4.37818555861387
"P08697_SERPINF2",0.642254082804122,19.7601971949777,1.3481227411543,0.232989602108878,0.331942882616917,-6.96986752783703
"P08708_RPS17",-0.114343030478508,23.8238655586797,-1.9406936246879,0.0908993089023441,0.157222899673851,-6.17155194062155
"P08727_KRT19",-0.427617274334736,27.6020148193252,-1.5735848894467,0.167062349110334,0.255285160693284,-6.69025365419223
"P08754_GNAI3",-0.3158154077692,21.3706638013324,-5.71853415515795,0.000574794000795034,0.00298566293801912,-0.803200945017773
"P08758_ANXA5",-0.0479625964642345,24.9529356950405,-1.04748451777399,0.327638587313783,0.434785106754707,-7.31781096430438
"P08779_KRT16",-0.561942643421204,23.3818949247784,-1.70826536568629,0.142819815431853,0.225917129935136,-6.51631619616487
"P08865_RPSA",-0.148285055706555,23.6391507901234,-2.25776664757778,0.0562577429958643,0.107281228536638,-5.69861446226641
"P08962_CD63",0.540350805542488,19.5392395618089,3.81697031400442,0.00648432325540778,0.0192814668563176,-3.39881759530057
"P09001_MRPL3",-0.322524971056048,20.0603857597027,-4.61412422989406,0.00207195612570828,0.00798392367995957,-2.20799940125433
"P09012_SNRPA",-0.114974362264636,22.2452341017127,-2.54629136639027,0.0363689721978762,0.0760089645852279,-5.25685598542364
"P09104_ENO2",1.87287925030569,18.869071071578,18.0495654133746,2.00715068649467e-07,1.34602342089928e-05,7.92595594957593
"P09110_ACAA1",-0.000596147967350191,20.282289048651,-0.0114732826765261,0.991146831648942,0.993876905555635,-7.89735072879756
"P09132_SRP19",-0.313884799740091,19.9553545166693,-4.73200645593997,0.00179221734310114,0.00713991745075988,-2.04981885930277
"P09234_SNRPC",-0.0223446219299355,21.9098900923893,-0.317007348355493,0.759930742209209,0.827588393759174,-7.84089751620884
"P09327_VIL1",-0.110202783242542,16.3837716763596,-0.312391432203907,0.768927675813573,0.834204367950071,-7.62930035132189
"P09382_LGALS1",-2.66232013505098,22.9455831227703,-14.9418976608218,2.89486983253858e-06,7.24595550668333e-05,5.28064770893919
"P09417_QDPR",0.800544954647012,19.9571497539818,15.009016808987,7.68351914038748e-07,2.98175146336357e-05,6.48149688958729
"P09429_HMGB1",-0.0148154931136126,26.2493888162871,-0.122501901587324,0.905921596457335,0.936041438696625,-7.88887798653473
"P09467_FBP1",2.28425461048846,24.3360882509442,37.6768587503865,8.80273341231573e-10,6.72968969371537e-07,13.3490097426255
"P09493_TPM1",-0.424184714422363,20.1769541962558,-2.41401079445054,0.0486221331829575,0.0957044820246422,-5.4974473670383
"P09496_CLTA",-0.0576891818531102,22.1164096576407,-1.0978980101597,0.306432522202265,0.412762241808378,-7.26476573326247
"P09497_CLTB",0.558614388170934,22.0179497692989,8.99486103533193,2.90388491938298e-05,0.000348511777216372,2.49472084654122
"P09525_ANXA4",0.237695667910319,22.2084641539559,5.22447887344654,0.000999075163090775,0.00459286206965062,-1.41046340486598
"P09543_CNP",0.538498429216961,21.7696353784107,11.5030397082217,5.18591730133015e-06,0.000108028168307,4.39497594267544
"P09622_DLD",0.047478881468205,22.9783558502801,0.980787999144622,0.357442715157326,0.466004358352278,-7.3851120873707
"P09651_HNRNPA1",0.257610825754469,22.8422810833323,1.9193752069391,0.0972205739781422,0.165735583527583,-6.21085722756413
"P09661_SNRPA1",-0.0437853136129362,22.368250522671,-0.580362689011597,0.578780569661668,0.675951337467682,-7.71087582035944
"P09668_CTSH",0.556536808711353,18.4338614859394,7.92880696497497,6.86725365225971e-05,0.000632531977970186,1.54277806601768
"P09669_COX6C",0.214440621483195,23.0649758558474,2.5930133004859,0.0339005817112744,0.0717723475997489,-5.18482875148088
"P09758_TACSTD2",1.26140007196374,20.9176812970531,15.7920099560859,5.31347252866278e-07,2.40363890423828e-05,6.88065960902026
"P09874_PARP1",0.159585723743557,21.5608827996931,1.56537491840405,0.160122503291659,0.247150522443919,-6.69829416930681
"P09884_POLA1",-0.00768588444737262,19.5990349214985,-0.133906978538105,0.897019228997882,0.929733189491433,-7.88728332462341
"P09960_LTA4H",0.0362468241349418,22.7682410095628,0.762703196348296,0.469077954892543,0.575341082168056,-7.58024125019412
"P09972_ALDOC",-0.162479862584291,23.7520319812842,-1.18218155194391,0.276796182830649,0.379857243348614,-7.16956567165539
"P0C024_NUDT7",0.458520649546557,16.2133684975819,4.823778908889,0.00160309621657164,0.00659261461844552,-1.92805191886393
"P0C0L4_C4A",0.0847328829345155,16.1085048545638,0.297529774748788,0.777948586448218,0.840862002459583,-7.36560226974661
"P0C1Z6_TFPT",0.161761645201402,16.3713456950224,1.70652314017896,0.129046103639586,0.207958992901483,-6.50557496237684
"P0C2W1_FBXO45",0.0302841499247357,17.6301410749287,0.228748928674023,0.825212108442679,0.877555511064721,-7.86789727532083
"P0C7P0_CISD3",0.130579608626569,16.4816354530974,1.02203123696484,0.338775835589759,0.447158367245116,-7.34388964944914
"P0C7T5_ATXN1L",0.201689176792769,17.3254777385767,2.39551069762769,0.0456647699736546,0.0908896554148891,-5.48855785852515
"P0C841_FAM66E",-0.0490312773638664,16.185853079689,-0.590611569919562,0.572240832609406,0.670670115790113,-7.70437882886424
"P0CAP1_MYZAP",0.00996847690749902,17.5274274890109,0.102049686154368,0.921407764085035,0.947051625603295,-7.89153199123676
"P0CAP2_POLR2M",-0.0350555347701338,16.8132123483855,-0.38195411290492,0.713149289801853,0.789119455859772,-7.81560901283993
"P0CG12_DERPC",0.176986073892419,18.876590996373,2.57825092914504,0.0346613237203556,0.0730862800530709,-5.20759473188124
"P0CG13_CHTF8",-0.210225354888255,18.0150089264292,-2.50747307431263,0.038559724106024,0.0793723992435523,-5.31663213459457
"P0CG38_POTEI",1.22953752352149,20.9561550932055,3.83816064360417,0.00968473524223071,0.0264050645245556,-3.64744857661336
"P0CJ78_ZNF865",0.00107762857905769,16.0147769162694,0.010189397542023,0.992137478993744,0.994395142783967,-7.89736647837125
"P0DJ07_PET100",0.656252422816415,17.1788984386719,1.6780370319756,0.15207737184927,0.237145540732796,-6.46767742285596
"P0DJ93_SMIM13",0.0989402484763477,15.8532242419656,0.924022858922647,0.384401703046569,0.492785938477002,-7.4396886752647
"P0DMW3_SMIM10L1",-0.199619964414165,16.4225673503632,-1.48353658455121,0.178922140283971,0.269263732769873,-6.80553580275913
"P0DPB6_POLR1D",-0.213343477769421,20.0873493750344,-3.23925647534755,0.0130811852411425,0.0334578993538087,-4.19111154243016
"P0DPD7_EEF1AKMT4",-0.171818909048397,17.6012583301358,-1.47339301348054,0.181561741325142,0.272324801340143,-6.81866528089724
"P0DTL6_ZFTRAF1",0.104363549099354,18.5237720315685,1.61078287505873,0.1486379633184,0.233253294967774,-6.63686982331292
"P10072_ZNF875",0.0735815184252218,16.1910555506787,0.411623640154111,0.699653261064426,0.778580666788579,-7.16765145503802
"P10109_FDX1",-0.147895277457756,18.2018652599961,-1.97766559554398,0.0859699482943025,0.150020601394646,-6.11743202535226
"P10114_RAP2A",0.30702067312787,16.0202937797674,4.18732788382598,0.00356356535523973,0.0121731265151062,-2.79723395558902
"P10155_RO60",-0.185595023038644,20.9876688437222,-3.68671427910492,0.00696804507433119,0.020417354654255,-3.52004260604649
"P10176_COX8A",0.13910470982405,17.4857259566633,0.726352048531976,0.494763019150153,0.600486312335755,-7.5436122107627
"P10253_GAA",0.342509571717802,20.7885714962837,4.54428687269952,0.00226003293804572,0.00856191863793831,-2.30264890046855
"P10275_AR",1.06093943971578,17.2914270670734,11.8524754692778,4.19195507836035e-06,9.3706130333523e-05,4.6288002483342
"P10276_RARA",-0.512761927755726,16.6775437602811,-3.47936006510069,0.00929782356815506,0.0255730689410556,-3.82845830304308
"P10301_RRAS",0.383987199986613,17.6910489939516,3.77221277267981,0.00619779534382816,0.0186177388619121,-3.39432537944556
"P10321_HLA-C",-0.745045509572922,17.9318709008906,-5.76626722218457,0.00054582154529928,0.00288775481924775,-0.746289443591732
"P10398_ARAF",0.343902474119083,19.3976430220744,3.6768778600641,0.00706306773038548,0.0206490068064233,-3.53456239958414
"P10412_H1-4",0.655254543155564,23.2825289619506,4.14442906392478,0.00492596946946166,0.015613199251258,-3.04192495417046
"P10415_BCL2",-1.69436872246104,16.9787584116466,-13.1098489384364,2.03849170444141e-06,5.68768944542139e-05,5.41890586552867
"P10515_DLAT",-0.0592807521269698,21.4665747917183,-1.27346112581844,0.241114963534382,0.341356277077843,-7.06659227796969
"P10586_PTPRF",-0.161455024524997,19.8178502280501,-2.28771952115335,0.0537610364347049,0.103475106632256,-5.65310973435963
"P10588_NR2F6",-0.393735879595095,18.0201879356502,-4.66353200341259,0.00194927207694172,0.0076226010374524,-2.14145919485691
"P10599_TXN",0.400703652066394,25.4025548184555,7.56085710036785,9.44933531428528e-05,0.00079582521845278,1.18973549720802
"P10606_COX5B",0.16709221145031,19.9170751707241,2.55221290100117,0.0360461779382617,0.0754168118056952,-5.24773165946337
"P10619_CTSA",0.247500423443888,21.3448213454606,3.5493682773334,0.00842930324046391,0.0237705729521751,-3.72379476517755
"P10620_MGST1",-0.739450517778213,22.3431281142451,-5.74518522771304,0.000721002096974181,0.00355387558437628,-0.971248034153058
"P10636_MAPT",-0.145265722245998,18.8825333577423,-1.97439862776619,0.0863948275766095,0.150658863326455,-6.12222724498323
"P10644_PRKAR1A",-0.226785808710705,21.7032900221858,-3.1047861038231,0.0158888782195013,0.0391335289910077,-4.39634830340783
"P10646_TFPI",0.416851514849075,16.1904151976011,3.22035663699812,0.0163692573978955,0.0400201384096294,-4.05283695813763
"P10746_UROS",0.13573654541042,17.8789218718827,1.62750584160067,0.145028042465645,0.228794755396174,-6.61419142903794
"P10768_ESD",0.132851475167428,24.5307952995589,2.76524811479183,0.0261978893301733,0.0579857741543645,-4.91893740939592
"P10809_HSPD1",0.491325589232574,26.4464991826866,11.2615941892644,6.02799711369017e-06,0.000119698799828991,4.22947524372562
"P10909_CLU",1.88344389367306,18.1593422142875,12.9505470897253,2.90136044862344e-06,7.24595550668333e-05,5.0859393651202
"P11021_HSPA5",0.155531842508569,23.7934637429532,3.85706722270084,0.00552338252623741,0.0170887330688324,-3.27044597037273
"P11047_LAMC1",0.685484180074486,17.0569620470761,8.98173579768284,2.93325800818586e-05,0.000350386835509077,2.48359417448876
"P11117_ACP2",-0.0412033435226782,19.7659359899176,-0.594979466035477,0.569466677912194,0.6683020724973,-7.70157844922552
"P11137_MAP2",-0.409902205053271,16.866599249106,-1.2654210371006,0.261268078472862,0.363824127490899,-6.58805138304686
"P11142_HSPA8",-0.435575569054791,26.6546683399782,-8.17109235627583,5.60177910649715e-05,0.000542783286047791,1.76808314814833
"P11166_SLC2A1",-1.58369532470442,18.8832051405065,-15.5608054674691,5.91399731529619e-07,2.56889258383178e-05,6.76493796195739
"P11171_EPB41",-0.0883420480923931,18.581280231648,-1.18559547071904,0.272185823020351,0.375200255497761,-7.16827818911553
"P11172_UMPS",-0.351405986924171,21.2654036497269,-7.24951032649373,0.0001250127576892,0.000962459750789461,0.880231251058676
"P11177_PDHB",-0.375822334568095,21.9955542917654,-7.61842174474078,8.98179032297927e-05,0.00077413514114066,1.24585986605386
"P11182_DBT",-0.218616131954853,18.6987912156424,-3.1810508878908,0.0142259345235162,0.0358107571393749,-4.27978499406009
"P11216_PYGB",0.247886252797397,21.0962673137748,4.85398920672608,0.00154572466013589,0.00641715701285596,-1.88823167563902
"P11229_CHRM1",0.0300222183262999,15.270737051393,0.192772852181129,0.85792080169789,0.902298050485674,-7.19245559136705
"P11233_RALA",0.0660242389863477,20.0382257286643,1.07609778149878,0.315464437726889,0.422442744162212,-7.28792780440074
"P11234_RALB",0.135354851000702,19.7400856490656,1.95829582960117,0.0885191103718908,0.153767007224064,-6.14582631626816
"P11274_BCR",-0.291509296816731,18.3834856238105,-2.76684520723334,0.0261356412427281,0.0578815113848947,-4.91647139733298
"P11279_LAMP1",-0.208575456848401,21.7829614436342,-2.50432074897406,0.0387434581460081,0.0796862355464708,-5.32148323274016
"P11310_ACADM",-0.166310026190242,21.2041525714495,-2.17104940167449,0.0641604236834512,0.119141714612578,-5.82969103833437
"P11387_TOP1",-0.0900274938313501,23.2982313854902,-1.70686053859605,0.128981535377234,0.207914550978065,-6.50510623412867
"P11388_TOP2A",0.196517830070285,22.0159468845212,2.0704081946981,0.0755877312548138,0.135585348567951,-5.98376416570151
"P11413_G6PD",-0.194495241843221,24.4228279650149,-3.24825419243849,0.0129131312179896,0.0330834075608347,-4.17742793522394
"P11441_UBL4A",0.738268664424375,20.2557461436996,9.58437025080438,1.87100655553373e-05,0.000255882739124426,2.98050345700196
"P11473_VDR",0.264375453407125,16.0092343973502,0.590429740699035,0.582188492293779,0.679205100501441,-7.63423131920424
"P11474_ESRRA",-0.0909565733993958,16.1464505585183,-0.776750368061665,0.461232692944615,0.567539664825621,-7.56889799300936
"P11498_PC",0.282135074475971,20.219859445299,5.05120130132312,0.00122236349776613,0.00534609207117967,-1.6314889201783
"P11532_DMD",-0.676361078158127,16.8613459162408,-1.27573483235211,0.257138026301407,0.359198100847669,-6.76733190992003
"P11586_MTHFD1",-0.252141407867679,24.4029027515729,-5.00057034785071,0.00129760119770224,0.00560461082284384,-1.69687451571705
"P11717_IGF2R",-0.213862607411496,19.5626306844494,-2.56938334267437,0.0351267096148191,0.073917890174867,-5.22126660065903
"P11766_ADH5",-0.0347108360776929,23.2520335101616,-0.595145781754012,0.5693612007047,0.6683020724973,-7.70147144869283
"P11802_CDK4",-0.232566141379301,19.7834214966369,-2.99635666311745,0.018615172934434,0.044133068980284,-4.5627042801365
"P11908_PRPS2",-0.00257422996214274,20.8517175730304,-0.0367786584092635,0.97162690611041,0.981092103726291,-7.8966593411639
"P11926_ODC1",0.971195921066791,16.1033983965884,7.91480726229735,0.000148898570882017,0.00109665662272931,0.945064387164614
"P11940_PABPC1",0.0771737688658796,23.6202435564343,0.964396112639992,0.365076354123634,0.473533886541429,-7.40113269946431
"P12004_PCNA",0.108907957863774,23.8303985775924,1.49235223584006,0.176656172162209,0.266693609040302,-6.79408542055383
"P12074_COX6A1",0.145243865539289,19.3984116744148,0.667236162829973,0.527644776546455,0.630978307007297,-7.64927432351428
"P12081_HARS1",-0.0480095123708111,22.5679330074567,-1.18418727588699,0.272709781938751,0.375819985155831,-7.1698681118841
"P12109_COL6A1",0.215290951112301,16.0678179881978,1.2488802839576,0.250910589442253,0.352029997483212,-7.09461427933971
"P12235_SLC25A4",0.756863416030622,21.4577688644998,11.8130887273971,4.29247569392175e-06,9.4843863237086e-05,4.60277311797849
"P12236_SLC25A6",0.148143050785656,23.1645287552474,1.6283988961236,0.145575519707337,0.229450047115112,-6.6134381798418
"P12259_F5",1.59422714260622,19.3764200968201,4.65469981604053,0.00403830028365069,0.0134522029056686,-2.66913547684895
"P12268_IMPDH2",-0.0636005110853866,23.3129314863486,-1.40046245394925,0.201586668318509,0.296200284315779,-6.91157176530083
"P12270_TPR",-0.272658106591809,21.1532659988664,-4.34708849583564,0.00289970206888825,0.0103300197188493,-2.57365831690329
"P12429_ANXA3",0.196141076740595,21.2475712590856,2.28613481773348,0.0538902940655127,0.103671690521098,-5.655519899291
"P12532_CKMT1B",0.155936209712664,23.7928125588129,3.21373388264666,0.0135706354000028,0.0344104502928761,-4.22996146365581
"P12694_BCKDHA",-0.213181453439375,19.3752423621343,-1.64874756951146,0.142139554823103,0.225073922249923,-6.58636164297138
"P12814_ACTN1",-0.29215913552607,21.8613644596743,-2.67055908663971,0.0313944474386757,0.0673997614907823,-5.0841163356723
"P12830_CDH1",0.086265066684863,21.4681236195984,1.20918270358468,0.263532996406697,0.36604465071388,-7.14145672473811
"P12931_SRC",-1.51430387365755,19.518991000381,-17.8269655097261,2.19761242358645e-07,1.40073635589606e-05,7.82918670666994
"P12955_PEPD",-0.68358707988228,21.2578240492751,-10.8587235514822,7.79959370345212e-06,0.000139317509025447,3.94581283671266
"P12956_XRCC6",-0.0894834373777726,23.4450606963844,-2.01033672253401,0.0818315918816035,0.144314306790048,-6.06934479989033
"P13010_XRCC5",-0.0590254744822225,24.1686141486171,-1.43522288704475,0.191809791237169,0.284514135430376,-6.86762320889744
"P13051_UNG",0.671146451259844,19.565123579986,9.43746791514931,2.0829672161505e-05,0.000275030818091029,2.86194392051267
"P13073_COX4I1",0.352120586030807,23.0551588528961,7.45080224778533,0.000104209908830504,0.000846253158449723,1.08148936344657
"P13196_ALAS1",0.404392973048378,16.2260269690332,2.28926136387767,0.0549748523179301,0.105307628657122,-5.66002666969743
"P13284_IFI30",-1.31131054039067,19.4955814260804,-8.52925144923031,6.2713416346777e-05,0.000593371371251374,1.74688620334272
"P13473_LAMP2",-0.698657884692441,22.7110476091309,-13.1675842235691,1.97517780434072e-06,5.57204218235603e-05,5.45339791294631
"P13489_RNH1",-0.0854772599496165,22.7447543707834,-1.51807925149962,0.170190528105778,0.259029780483511,-6.76046191291398
"P13498_CYBA",-1.18855083238558,18.0855710605558,-6.77781844124968,0.00103448323464759,0.00469912319006586,-0.865899571515603
"P13631_RARG",0.326833374545295,16.1133458448227,1.75877907941074,0.164602108199052,0.252433925211986,-5.80243051378932
"P13639_EEF2",-0.0324256073046492,26.7394036084278,-0.514932803468332,0.621510665247435,0.713541509823988,-7.74988240867164
"P13645_KRT10",-0.091950949676523,18.660413146876,-0.0769426615036114,0.941522573531044,0.961062285502692,-7.89390677833375
"P13667_PDIA4",-0.390039276369503,23.1842243651193,-8.64432842143814,3.81601352853231e-05,0.000406881777205433,2.19267810159927
"P13674_P4HA1",-0.513032444524658,20.4269219825116,-8.13666672133867,5.76451427521647e-05,0.000554335995396603,1.73640623628359
"P13682_ZNF35",-0.876480090349615,15.7343167061089,-5.76230239645047,0.0032104591300683,0.0112072876937772,-1.65947277086547
"P13693_TPT1",-0.486865290888861,24.2360026892702,-3.56142870526711,0.00957330996393411,0.0261882598099426,-3.79649613387289
"P13716_ALAD",1.34530384652047,20.2030150941391,23.1310086696714,3.25117964929193e-08,4.11700032994972e-06,9.83739588285643
"P13747_HLA-E",0.327756359492355,16.4569379267486,2.4924591669093,0.0509579905204914,0.0993551562554233,-5.35852347235744
"P13796_LCP1",0.561093043350267,15.7906714989536,6.68224055656549,0.000213418236786285,0.00145029548464991,0.289183972586516
"P13797_PLS3",-0.784225140827871,20.7756141161755,-15.5321921443894,5.99351542637888e-07,2.57418120419475e-05,6.75049403188514
"P13798_APEH",-0.349420579923134,22.0733676998673,-8.27222741770453,5.15272731056742e-05,0.000510928667824746,1.86051109486458
"P13804_ETFA",0.538457713831612,22.7190478503534,11.1245737825392,6.57387959496357e-06,0.000126592719152384,4.13407209913606
"P13807_GYS1",-0.00975778121338777,20.0206571210633,-0.191270838976454,0.853418198587428,0.899052805782195,-7.87675861891966
"P13861_PRKAR2A",0.158435024512166,21.3784435984109,3.13088440810987,0.0152977894331755,0.0379712987716321,-4.3564143198791
"P13984_GTF2F2",-0.420766859585214,22.6265882660472,-9.56357243144578,1.89948575957862e-05,0.00025802906591539,2.96381594999457
"P13987_CD59",-0.160860947098261,19.6590393563904,-2.55794725280322,0.0357363892484232,0.0749031692769357,-5.23889444377093
"P13995_MTHFD2",-0.134646177660308,21.8892963270351,-2.16508452389542,0.0647430656146472,0.119961400054284,-5.83866694672439
"P14174_MIF",-0.0576979318866648,27.6373154115776,-0.69561307819047,0.507766035703416,0.613152952606636,-7.63194682630761
"P14209_CD99",-0.794051977426623,17.6010721717116,-6.49113186133406,0.000257532252882547,0.00165587390520359,0.0817223913975944
"P14314_PRKCSH",-0.023210269987743,23.318087846575,-0.304991388786167,0.768711087889218,0.834179739803133,-7.84507561241627
"P14316_IRF2",0.280129375206112,17.1589681121871,3.22691598538193,0.013315459041008,0.0339548646993015,-4.20988947108803
"P14324_FDPS",-0.527578881433218,22.6278018630116,-6.01776319001177,0.000427251438075066,0.00240546975735158,-0.469565757445821
"P14373_TRIM27",0.207055750786044,18.113373480157,2.03740322282708,0.0785513263591356,0.139871886777476,-6.0293307820409
"P14406_COX7A2",0.41851616441302,22.3690661828757,6.21899389943985,0.000338938974918292,0.00201963247330502,-0.221343112514173
"P14550_AKR1A1",-0.413884726971212,21.1905536729268,-6.02968328116828,0.000412409268083927,0.00235288720485196,-0.437630846425662
"P14598_NCF1",0.0914010050349283,16.0127970867433,0.0983253799667075,0.929421782142668,0.95221516007514,-7.26212115337027
"P14618_PKM",-0.344623033670057,26.9348866479469,-5.12403354357981,0.00112242808191095,0.00500931855587227,-1.5380703459829
"P14621_ACYP2",0.226101346841862,19.0574120660111,3.93548439299872,0.00497024873125153,0.015707958474749,-3.15677862440318
"P14625_HSP90B1",-0.210227772650931,25.2381159597427,-5.14820657907248,0.00109127780280133,0.0048931488577221,-1.50723064145047
"P14635_CCNB1",-0.851356056532413,19.5276292882885,-14.5823302871095,9.46675684929591e-07,3.3662026099008e-05,6.25496762102854
"P14649_MYL6B",0.518454653721435,17.1822594239379,2.70369349424011,0.0299086652188425,0.0647371873154164,-5.03378510205172
"P14678_SNRPB",0.5140683691201,18.224854206207,2.86964621445557,0.0240815796494664,0.0542598515827205,-4.79475837619606
"P14735_IDE",-0.306173025199339,22.8985467982109,-7.72459255919871,8.18582568245716e-05,0.000717137447307432,1.34849690929004
"P14854_COX6B1",0.340791105790757,19.6935780742761,3.25353441975783,0.0129200920738743,0.0330901520618993,-4.17419907313425
"P14859_POU2F1",-0.0893564114188408,17.6063210136536,-0.646445706397432,0.537374026350509,0.639511897797267,-7.6671802528114
"P14866_HNRNPL",0.00805816733753062,23.8229009988885,0.155499924766248,0.880553724197599,0.917985343634834,-7.88375448575448
"P14868_DARS1",0.02397992719958,22.9001108191157,0.595309241057601,0.569257546045213,0.6683020724973,-7.70136625936437
"P14923_JUP",0.260910609664652,20.3434044479772,5.07819724758308,0.00118422137547387,0.0052060795948808,-1.59677477321261
"P14927_UQCRB",-0.0449219323728656,22.2407069256499,-0.624006711783864,0.551230209227881,0.65254799466509,-7.68249368443331
"P15056_BRAF",0.167807145576806,17.4457906164281,1.91133004826992,0.0950087208344252,0.162856876856319,-6.21429584441473
"P15104_GLUL",-1.21055657415718,18.1283539592089,-15.8541018586261,5.1641598737743e-07,2.38525385700151e-05,6.91144114726137
"P15121_AKR1B1",-0.507969617005529,20.1295038549224,-2.84249298471937,0.0265952645974139,0.0587462576848394,-4.86647109034334
"P15151_PVR",0.286869289662523,19.2626161939717,3.6574121312021,0.00725524693164173,0.0210978937970335,-3.56332988010375
"P15170_GSPT1",0.153742620817678,22.1844485195115,3.34089928924471,0.0113103338710911,0.029826665210242,-4.03693583805052
"P15291_B4GALT1",-0.443461682237523,18.509962042219,-5.73261779926522,0.000566072206929646,0.0029576324756454,-0.786377553869444
"P15311_EZR",0.416692337638665,22.6207841128219,8.80599687980055,3.36048080684245e-05,0.000380875834702095,2.33325571761382
"P15336_ATF2",-0.630811387429901,19.4199264558052,-2.92004271471578,0.0243451589739083,0.0547569109607323,-4.76270625934634
"P15374_UCHL3",-0.183141275516718,20.4510899304385,-3.25450654483944,0.0127977044188824,0.0328758233475658,-4.16792335712753
"P15408_FOSL2",-0.619089578894389,16.1070145387983,-4.45656168129409,0.00872870458564715,0.0244525271371464,-3.00414854046669
"P15428_HPGD",0.0195055597269587,17.3649729411788,0.172979990597526,0.870244324917243,0.91112268748183,-7.64906916215303
"P15529_CD46",1.08164814430121,20.1806740779666,7.41098563200517,0.000153597162437657,0.00112202841541128,0.749676067693525
"P15531_NME1",0.109474903057233,25.57725850938,1.54573815738585,0.163479152616519,0.251165217394149,-6.72397734183655
"P15559_NQO1",1.22288737097195,22.0953047547485,22.5524334971382,3.91775026423779e-08,4.55057704758311e-06,9.64474163988592
"P15586_GNS",0.441135413611562,19.8772947647526,4.81014856132124,0.00162974374867435,0.00664855440694525,-1.94606087100611
"P15735_PHKG2",0.126369193490188,18.1715617456229,1.78200197450484,0.115335661041182,0.190481989341074,-6.39974297888314
"P15822_HIVEP1",0.0714486571346811,15.2647991054049,0.459434258703877,0.673304822942576,0.757976052333381,-7.0847961699373
"P15848_ARSB",-0.459774833554881,16.127768731723,-3.77256338885903,0.00808254968657114,0.0229536004286168,-3.47817635420712
"P15880_RPS2",-0.107210284983712,24.7662418226375,-2.247364396624,0.0571517841456685,0.10866087783975,-5.71439188055283
"P15882_CHN1",0.617670787490756,16.0882978010964,6.89376816732304,0.000174149084657765,0.00123389226340001,0.513819958217161
"P15923_TCF3",-0.26959625479585,17.3104757137515,-2.09513726579669,0.0719801434927818,0.130400046683013,-5.94348488344432
"P15924_DSP",-0.643735752585162,21.0940143929268,-8.65486094757683,3.78431093324648e-05,0.000405196877936546,2.201904168525
"P15927_RPA2",-0.0119484700563071,21.2739007183804,-0.253161224364668,0.806982537361113,0.862729897654274,-7.86128683500752
"P15941_MUC1",-1.83094823990787,17.9817624346456,-16.247008474017,4.32234942269668e-07,2.26331242030932e-05,7.10338368193577
"P15954_COX7C",0.163979721279816,20.9298441642046,1.78148915091373,0.115626722014325,0.190797817785348,-6.40077106110883
"P16070_CD44",-1.24744098698406,17.961175138949,-9.68431979857926,1.74067267309201e-05,0.000245524595661249,3.06025614250623
"P16083_NQO2",-0.346416879494264,17.3917064420845,-3.77235104763393,0.00619662662334316,0.0186177388619121,-3.39412278077967
"P16104_H2AX",-0.0281836630771881,15.3945800256744,-0.213507750685765,0.836768037899518,0.886269278157636,-7.87162801557569
"P16144_ITGB4",0.891639363190944,18.4693921715497,12.7902068396102,2.43330845277245e-06,6.37076819227581e-05,5.22522330780881
"P16152_CBR1",0.329784679813187,23.2844627205237,7.79483412705874,7.7027139484961e-05,0.000690354608865799,1.41578302146899
"P16219_ACADS",0.0789700636054,17.7232754524707,0.665718389346477,0.525643899054193,0.629669007876732,-7.65364223272839
"P16220_CREB1",-0.0380951436154007,18.2920782238312,-0.475117009857572,0.648307188262804,0.73612185567639,-7.77149295947594
"P16260_SLC25A16",0.479408908813401,16.2972882543567,1.90571602206558,0.11446840848173,0.189273945529271,-5.92233193887972
"P16278_GLB1",0.388640959122831,20.1143950183763,5.20664654027132,0.00101983547477002,0.00465471176395035,-1.43301408408714
"P16298_PPP3CB",-0.37632549363947,18.5490579994864,-6.19601962313408,0.000347026871257819,0.00205979847109163,-0.247349014961769
"P16333_NCK1",-0.0252903803384648,18.9971336130553,-0.478984878198879,0.645678819978728,0.733791374868051,-7.76946514211457
"P16383_GCFC2",0.0160206183108116,18.4351581012046,0.25870289803526,0.802861545843096,0.859405841216811,-7.85969452012429
"P16401_H1-5",0.482440807615404,26.9685502758149,4.28716934816903,0.00341998702286948,0.0118004017221075,-2.71902558957921
"P16402_H1-3",0.288785707022125,22.4553152559798,2.24193831370084,0.0601871150591845,0.113355512987922,-5.73824298905377
"P16403_H1-2",0.454728400146781,23.3013303482912,2.84185048762776,0.0266189539231809,0.0587816010233154,-4.86741342320317
"P16422_EPCAM",-0.179613920387197,22.8796932894326,-2.65015027523877,0.0311145792175565,0.0669681751458952,-5.09666094545589
"P16435_POR",-0.271990641590907,21.6728701118022,-5.55640289462647,0.000686682125697579,0.00341776357484244,-0.998795513336248
"P16455_MGMT",0.295927083297471,20.8609565857427,6.67723964801181,0.000214459161857308,0.00145478286814474,0.283810290303107
"P16591_FER",-0.175674968416869,15.510656162026,-2.24084602833813,0.0631600567765572,0.117770398550434,-5.73219115345731
"P16615_ATP2A2",-0.0426598500635578,22.1175997900462,-1.03719834001861,0.332104355595068,0.43956679337332,-7.32840765401255
"P16870_CPE",0.294395917525099,15.7227132594049,3.67423535658839,0.0091340453899432,0.025242170776779,-3.6425443812169
"P16885_PLCG2",-1.33209307835471,16.9592625192543,-7.58334319178609,0.000440395763316034,0.00245217211232832,0.112183825697818
"P16930_FAH",-0.312077791693198,20.3279220842351,-4.30560527010447,0.00305803246165977,0.0107884901566169,-2.63136881256946
"P16949_STMN1",-0.718170971854452,23.975137825478,-6.1810827737164,0.000441466968984583,0.00245634277866604,-0.4441466537919
"P16989_YBX3",-0.332170743647929,21.171802584771,-4.29394069807813,0.00310423371302508,0.0109262738195565,-2.64763979996484
"P17010_ZFX",0.0394554715286759,15.196145553781,0.648041001929373,0.536397039217862,0.638796054571318,-7.66607310911321
"P17019_ZNF708",-0.0694066773932427,15.2906237556135,-0.866346497294674,0.417328548838798,0.52535431514451,-7.39709615731508
"P17026_ZNF22",0.500653064252649,17.3441397646567,6.15996331344229,0.000360156421385475,0.00213111133242411,-0.288297347288858
"P17028_ZNF24",-0.0781953814444378,17.3671610145712,-1.06315259578409,0.320927129353325,0.428080733444802,-7.30152099609574
"P17029_ZKSCAN1",-0.0574326514505366,18.2699980227962,-0.794505200927497,0.451444531211462,0.558732951450806,-7.55430951581717
"P17050_NAGA",0.234836183103649,19.5950254032539,4.33640950802353,0.00293958785952579,0.0104623599562731,-2.5884915544412
"P17096_HMGA1",1.32626748560758,21.7039039757438,8.1089840583534,0.000115299073943555,0.000910600640804211,1.14698828153539
"P17152_TMEM11",0.494158600221297,18.869438542267,5.34048787781748,0.000874887170056068,0.00412362047785366,-1.26484646042362
"P17174_GOT1",-0.0492224638291638,22.7153315050171,-1.21838403544499,0.260220317389246,0.362563208755384,-7.13089738585505
"P17252_PRKCA",0.747282316683798,16.3391643931327,3.10099670360656,0.0220028375081137,0.0503929576841011,-4.52172698638237
"P17301_ITGA2",-2.21359456321174,20.0447649514003,-27.7816092527321,8.41205303218328e-09,1.9399096381899e-06,11.2062150691404
"P17342_NPR3",-0.271858980118525,15.5362326592053,-3.07693637621422,0.0245887766383034,0.0551530551022243,-4.5673351469846
"P17405_SMPD1",0.694975041550926,16.1877522494131,7.4560450755131,0.000211699015736133,0.0014418525223051,0.549888356532037
"P17480_UBTF",-0.194390299933431,20.8973933933555,-3.35959589984973,0.0110133497839889,0.0292655749386846,-4.00867634319494
"P17535_JUND",-0.324086819335836,17.0414518813093,-3.29566970487673,0.0120646253873366,0.0313828040442968,-4.1054309118682
"P17544_ATF7",-0.329556682124251,15.8440471752391,-3.28869376678698,0.012185649193711,0.031611567046461,-4.11601132081294
"P17568_NDUFB7",0.159814539432958,19.7000711518628,2.66744016917502,0.0303189352938158,0.0654769096952605,-5.06996876159443
"P17612_PRKACA",-0.378019941984014,19.7765062388637,-6.77034485578119,0.000195973237177992,0.00135678114305146,0.383376427502506
"P17655_CAPN2",-2.08031537452017,17.4747281584692,-10.267059253641,1.73796181608219e-05,0.000245524595661249,3.15630657764212
"P17661_DES",-0.515380875584203,16.6885348217917,-0.455104580948838,0.671382950848422,0.756592373118542,-7.68163858919043
"P17676_CEBPB",-1.25163216335915,18.2013114536648,-13.5078867282466,1.64419836976261e-06,4.92937119091575e-05,5.65373574099564
"P17706_PTPN2",0.156479453538704,18.7270014698511,2.09515926506067,0.0719777459074622,0.130400046683013,-5.94345205112255
"P17707_AMD1",-0.287487129590723,17.0075645688901,-2.68827141548976,0.0336509270756311,0.0713623682366711,-5.07874638148889
"P17812_CTPS1",-0.16236249506591,22.188135494808,-2.56059910254931,0.0355940530562851,0.0746957275913532,-5.23480725122576
"P17844_DDX5",-0.0137420701733468,24.1924981537331,-0.312104259751413,0.763509103766842,0.830477628571867,-7.84262137442271
"P17858_PFKL",-0.0472673057791759,23.2515024305422,-0.799752334573526,0.448579217064327,0.555636441097988,-7.54994484879379
"P17900_GM2A",0.182834945945707,18.8303091953528,2.24717389447075,0.0571682893814044,0.108665234291605,-5.71468069257967
"P17931_LGALS3",-0.829773698338613,21.6549729369469,-10.052847708263,1.34115670972888e-05,0.000203839821985631,3.34812665557142
"P17980_PSMC3",-0.121988539346638,22.9224459099273,-2.80746887150706,0.0246029572206426,0.0551530551022243,-4.85375571243705
"P17987_TCP1",0.00130277324359795,24.0249687709894,0.0264603815537949,0.979584479044139,0.986422990291418,-7.89702880326501
"P18031_PTPN1",0.156989923477862,22.0584122163363,3.28886603278127,0.01218264509587,0.031611567046461,-4.11574999398885
"P18065_IGFBP2",0.620882527091887,17.7273412056701,7.69300612478656,8.41405800221871e-05,0.000730141582598888,1.31807984600735
"P18074_ERCC2",-0.148188139733833,18.7808249493157,-2.09398353229924,0.0721059935177,0.13053524045532,-5.94520662343449
"P18077_RPL35A",-0.135430721919086,23.5460140428305,-1.51596859733346,0.171191334861295,0.260345684307659,-6.76329918033294
"P18084_ITGB5",-0.932670984544021,17.7302534506547,-8.4810828404135,4.34753212568824e-05,0.000447333554520681,2.04845590594044
"P18085_ARF4",0.0202248960814195,21.3959223711867,0.260670669077505,0.801399828942981,0.858682787984455,-7.85912096364408
"P18124_RPL7",-0.0576386574666543,24.5126139225626,-0.769138406456262,0.465472867011278,0.571822739533488,-7.57506665099755
"P18206_VCL",0.262135654111866,22.4716445870916,3.79593409253105,0.00600073460922784,0.0181757591472055,-3.35960381451595
"P18433_PTPRA",0.188164852764487,17.0796608160264,1.61231488544846,0.148303833378284,0.232905260102092,-6.63479690960815
"P18440_NAT1",-0.107564423659273,18.8357259695732,-1.28963998198362,0.235734364375049,0.335228648743908,-7.04735399926991
"P18564_ITGB6",-0.143827653879832,15.7782306137895,-1.21867948962501,0.299554453832087,0.405685349786768,-6.80991760842618
"P18583_SON",-0.147637640696651,20.8601589896744,-3.43098047011057,0.00995372088005543,0.0269925805630631,-3.90108682581258
"P18615_NELFE",0.251113635728924,20.2254274426745,3.19797347820444,0.0138825462982337,0.035084980644627,-4.25397719441584
"P18621_RPL17",-0.161771499518338,23.9229445526466,-2.40764357661495,0.044834391991556,0.0895633464268215,-5.46996946828244
"P18669_PGAM1",0.0552138896816068,23.8317164460011,1.04017174621136,0.3308085730904,0.43823107629113,-7.32535250127636
"P18754_RCC1",0.0854809230321187,22.7373171300407,1.20767680706983,0.264078492120209,0.36660251902288,-7.14317976063847
"P18827_SDC1",0.581289039951589,16.904279737118,3.03347137181432,0.0184609629720755,0.0438168462966524,-4.53117437509012
"P18846_ATF1",-0.143902088408129,15.8623336907568,-0.56814819202438,0.588746607497469,0.684766136363632,-7.71621165237962
"P18858_LIG1",-0.461457569040366,21.069559970939,-9.96856423726251,1.42250333417393e-05,0.00021328611522588,3.28313170658838
"P18859_ATP5PF",-0.0926810697022731,16.9475070909061,-0.413437851953157,0.693546015413319,0.773669781191255,-7.7083460912506
"P18887_XRCC1",-0.270564639492815,20.7993188267138,-4.30699604532981,0.00305257406703103,0.0107884901566169,-2.62943008351638
"P19174_PLCG1",-0.54281739064723,20.0619526033034,-9.97050237400523,1.42057146710597e-05,0.00021328611522588,3.28463182171321
"P19256_CD58",0.0450555182602095,18.334768718617,0.422618995424803,0.684495173570109,0.767072061264069,-7.79747634905776
"P19338_NCL",-0.0955739522479746,25.8224195970808,-1.75486386000591,0.120098540055706,0.196186610838861,-6.43801444957526
"P19367_HK1",0.385514538656984,23.1214861568409,4.28218473756483,0.00326653051396923,0.0113666935727332,-2.68924599650029
"P19387_POLR2C",-0.120682356488206,20.6403897145156,-2.30137897176004,0.0526597476531002,0.101997408362795,-5.6323233088528
"P19388_POLR2E",-0.276995753836776,21.2976126090339,-5.27801194749848,0.000939502640581233,0.00436360734340433,-1.34303375441342
"P19404_NDUFV2",0.165197919315158,21.4418472368234,2.92516992851437,0.0206693892094939,0.0479713055575534,-4.67224688658732
"P19447_ERCC3",-0.0967265964850093,18.6337361065408,-1.62990969251012,0.144515849045879,0.22812795084777,-6.61092233691707
"P19474_TRIM21",0.00780832843510737,16.7800855232465,0.0623834812091037,0.951897005097656,0.967333856702323,-7.89522202578898
"P19525_EIF2AK2",-0.942880126788335,20.5944917877667,-8.62161814969788,4.66740387892431e-05,0.000474498705510324,2.01635747291153
"P19623_SRM",-0.242565067926105,23.3586610346048,-4.07115464916299,0.00414980978132464,0.0137228978171903,-2.96202674673418
"P19634_SLC9A1",0.477085969452862,17.8860305937452,6.7755293117212,0.000194997377315358,0.00135154573850944,0.388891022521589
"P19784_CSNK2A2",0.415406965119811,20.5777387945776,5.96092475419258,0.000443344485103345,0.00246320391614468,-0.517324402540093
"P19793_RXRA",-0.748019742702539,18.5789916136837,-11.2466238836107,6.08507949719675e-06,0.00012020783657899,4.21910471176668
"P19823_ITIH2",0.705399172161769,20.4499603573767,1.35536002614255,0.230824074586248,0.329471629987279,-6.9612458518271
"P19827_ITIH1",-0.343137199128165,17.8467975953016,-0.720589456897856,0.509383718064121,0.614427031334838,-7.11590434627211
"P19838_NFKB1",0.00727611438411913,19.5191872285615,0.129251531134407,0.900576558426399,0.932144209027479,-7.88797548583608
"P20020_ATP2B1",1.5938545242167,19.840158477619,22.3565704021785,4.17748952749063e-08,4.69660403495086e-06,9.57824065576545
"P20042_EIF2S2",0.00223997984111435,22.3099475403904,0.0364423488894142,0.971886223082196,0.98112639316828,-7.89667328345042
"P20073_ANXA7",0.114631368795774,22.9551014588472,2.5889827749083,0.034106564559884,0.0721085968087149,-5.19104514435311
"P20226_TBP",0.0305718768674872,18.4007998572478,0.414978010836176,0.689839300332588,0.770809738629924,-7.80101721819355
"P20248_CCNA2",0.138773585253563,18.3267173003533,2.03825333042836,0.0784504162025279,0.139770084331933,-6.02807153193175
"P20290_BTF3",-0.25925430013443,22.6254427361716,-4.51276303175608,0.00235098443674687,0.00883641888836275,-2.34560085042001
"P20336_RAB3A",-0.0063433750350832,19.8144013887018,-0.067166599152183,0.948214872268879,0.964874577198932,-7.8948713214728
"P20338_RAB4A",0.199323435997908,18.9617246357781,3.49664726780375,0.0090747991355582,0.0251183343198199,-3.80256506761177
"P20339_RAB5A",0.204334847923356,20.3392039426076,3.011126436873,0.018216498389357,0.0434253602078686,-4.54000580253753
"P20340_RAB6A",0.447578470541782,21.2895131720099,1.97611600012007,0.0941203068371947,0.161681730422047,-6.14229369580029
"P20585_MSH3",0.218742256675739,18.3890877525379,3.31325453621372,0.0117651889934573,0.0308347171254648,-4.07877892880666
"P20618_PSMB1",0.261110901778611,23.2609945065303,6.29367479551632,0.000314062328444119,0.00190103444256159,-0.137264253602585
"P20645_M6PR",-0.641147186724929,20.6401151962629,-13.7502538152385,1.44662096973694e-06,4.61422295461469e-05,5.79341022276423
"P20674_COX5A",0.143533170221016,22.3534651214613,1.22957948730352,0.258316799103037,0.360568181329691,-7.11656658756875
"P20700_LMNB1",-0.116036439923953,24.085485934203,-1.76414625357833,0.118448847274428,0.19414680761553,-6.42495098767739
"P20742_PZP",0.517486619087215,19.5789094761107,1.05211587009542,0.338846247528982,0.447174100182818,-7.30034172791505
"P20749_BCL3",1.24483269629867,17.3804718770902,8.17302585964877,5.82753620227195e-05,0.000558990141359712,1.73505148424522
"P20810_CAST",-0.743627705883284,19.8003678142319,-12.3388676027324,3.14656355570814e-06,7.6366598042504e-05,4.94359481179287
"P20839_IMPDH1",-0.165217019182471,21.240993015787,-3.3899945469435,0.0105480927696163,0.0282650435414359,-3.96279970447534
"P20936_RASA1",-0.105186110017431,18.7693076881708,-1.05176763990484,0.325793022251968,0.433012457426338,-7.31337562380408
"P20962_PTMS",1.37561979215431,23.0884576292396,10.2921377979347,2.01584226390742e-05,0.000268954870987299,3.03122369240965
"P21127_CDK11B",-0.0153723207103269,18.5578098067006,-0.0416094211005643,0.968236679725109,0.978734551963303,-7.89640841412948
"P21266_GSTM3",0.113957316617395,25.722488663662,1.96129433975824,0.088119732097778,0.153290598417336,-6.14143655733545
"P21281_ATP6V1B2",-0.17496261184392,20.603025943415,-3.37776543734838,0.0107326907523086,0.0286392393722162,-3.98124489173521
"P21283_ATP6V1C1",0.0884993578110205,20.8534310452695,1.85301698467083,0.103707963763805,0.174213883316698,-6.29850759093274
"P21291_CSRP1",-0.845983667138817,23.2772556118882,-13.3697197165071,1.77038101961852e-06,5.16075457720539e-05,5.57300064283286
"P21333_FLNA",1.7434814558773,24.9573280638524,31.9381451094853,2.99758258312223e-09,1.18523597011529e-06,12.2114664644753
"P21359_NF1",0.495783621087661,17.4752721152349,3.08746797045157,0.0167774550011865,0.0407703889014848,-4.43933552522748
"P21399_ACO1",-0.0326574214072544,20.5645173245118,-0.450103852142475,0.665431770793615,0.751325636939475,-7.78423199845183
"P21579_SYT1",-0.231052522780017,16.3240342311684,-2.62642824179273,0.0322414469737084,0.0688892851073226,-5.13327508772267
"P21583_KITLG",0.443628228325224,17.2740599344403,3.85818808897104,0.0055150227580736,0.0170697769171954,-3.2688156864424
"P21675_TAF1",0.120670653301893,17.0788765621565,0.661452016951906,0.528902399690624,0.63198794086196,-7.65591054422262
"P21709_EPHA1",-0.946297589322143,16.3718928856599,-8.29290537944925,0.000112823352039087,0.000896605536734742,1.25653541869055
"P21796_VDAC1",0.221261052663714,24.3500822076633,2.58334282002579,0.0343969618902015,0.0726622751175989,-5.19974297655646
"P21860_ERBB3",0.42658107553607,17.0220555150522,4.51687471286212,0.00233889762116291,0.00879964188670788,-2.33999055365064
"P21912_SDHB",0.200559981718499,21.4979699785733,2.20428227621301,0.0612567051718444,0.114837545620096,-5.78099729907211
"P21926_CD9",1.62170696655496,22.5491949438965,19.9462962474122,9.65795354901211e-08,7.99759949724507e-06,8.70184404012815
"P21953_BCKDHB",-0.110188537109103,19.2095088363271,-1.29003349899339,0.235604781578612,0.335106707938324,-7.04688414217023
"P21964_COMT",0.422567705067561,24.1915704583275,8.00669421952887,6.4284915532155e-05,0.000601539999073837,1.61581223424865
"P21980_TGM2",-0.019410886324712,15.4583109116703,-0.153249605745048,0.884894574182377,0.9215913922174,-7.39597640444324
"P22033_MMUT",1.38250264237983,19.3876702720853,20.1568601322658,8.94196332805932e-08,7.51223182890258e-06,8.78298754182564
"P22059_OSBP",-0.00615468409185738,20.4646366962539,-0.121190096588796,0.906742158577672,0.936762675990041,-7.88911637028274
"P22061_PCMT1",0.297953956533231,22.6254855968916,6.64205155707767,0.000221945529961883,0.00149363871175933,0.245916077705937
"P22087_FBL",-0.0419615376299838,22.2548230668924,-0.440943142864415,0.672045750779772,0.7568930118903,-7.78846326583523
"P22102_GART",-0.188035228577128,22.5071827174272,-4.40483842375575,0.00269399103313385,0.0097563057547647,-2.49372166021172
"P22223_CDH3",0.890338654062397,17.1215358303658,2.77251494374534,0.0394294442645062,0.0808285851601965,-4.64304917382719
"P22234_PAICS",0.0388516147171423,24.1989796451543,0.583063881526884,0.577052831990628,0.674551819658769,-7.70917354427798
"P22307_SCP2",-0.115383260489544,21.499289870411,-1.83348162177023,0.106789786876776,0.178255004513745,-6.32650673998327
"P22314_UBA1",-0.115349475931684,23.6305992946037,-2.69633330249662,0.0290359559520432,0.0631701432138219,-5.02535598510689
"P22392_NME2",0.503942528118078,23.6002132684137,5.46387183650822,0.000815921757496389,0.00389986506179709,-1.16563446116001
"P22413_ENPP1",-0.0848586504062681,16.7359023367965,-0.946353743169506,0.373620427354605,0.482487866068574,-7.41852303309122
"P22415_USF1",-0.00663955860727583,18.0229112872912,-0.0683360771893734,0.947314786719535,0.964215356739561,-7.89478163858182
"P22455_FGFR4",-0.5047067481003,17.2868304712234,-5.30095741121042,0.00245026670678506,0.00910660620970916,-1.96942203751551
"P22466_GAL",-0.00617512032996181,15.3089091029289,-0.0782244275688335,0.939707641572548,0.959538522749049,-7.89396154463839
"P22570_FDXR",-1.46141506627123,21.9466728037232,-27.7102540876167,8.57350917537587e-09,1.9399096381899e-06,11.1873433678101
"P22626_HNRNPA2B1",-0.3902478717376,26.1613599848101,-5.97471420139195,0.000436939534562308,0.00244214788397201,-0.501292860724569
"P22670_RFX1",-0.0763940106160099,18.0974803696098,-1.20620325959701,0.264613181434939,0.36714478621962,-7.14486438542071
"P22681_CBL",-0.613329853493507,18.8737796501961,-9.51117058278056,1.97342799576678e-05,0.000266419708421122,2.92162809938425
"P22694_PRKACB",0.14758302179365,18.050044280784,1.23388137652791,0.254719817508445,0.356589087136433,-7.11299245176738
"P22695_UQCRC2",-0.103025795718899,22.0619101309388,-2.38637062745273,0.046300614632784,0.0918920557807979,-5.50255312815738
"P22830_FECH",-0.22345787462956,20.0832676028443,-3.80379177395721,0.00593695752696688,0.0180111271006594,-3.34811771853752
"P23025_XPA",0.580852648073165,16.5750453454151,6.1109066285605,0.000378915392720306,0.00220892767940455,-0.344274332732454
"P23142_FBLN1",0.517475779376635,18.1128115784696,1.32258533008307,0.236482635829395,0.335855424654602,-7.00224398971805
"P23193_TCEA1",0.312844380198708,20.8022206459903,5.09769133052615,0.00115749411195177,0.00512393890322599,-1.57177154336718
"P23229_ITGA6",-0.0661751775555572,17.8099432755733,-0.323071205167522,0.756186146233592,0.824685176598547,-7.83822165970146
"P23246_SFPQ",-0.190826197282078,23.9386227476064,-4.4767649174825,0.0024597711621459,0.0091304175946433,-2.39482232400725
"P23258_TUBG1",0.101552233743874,18.5419933319784,1.51418984653373,0.171154069718203,0.260340800436861,-6.7655646945336
"P23284_PPIB",0.00733946168589128,24.7395159241117,0.117875838357684,0.909278995783039,0.938495736838306,-7.88956419562183
"P23368_ME2",-1.08400293427002,19.4572045610976,-19.143239362499,1.30520539422603e-07,9.59451465274808e-06,8.38353233201659
"P23381_WARS1",-0.364610187104223,22.5347830385443,-4.24744258433645,0.00332488451172076,0.0115382397149819,-2.71877985167074
"P23396_RPS3",-0.10342236026397,24.9266127581648,-1.96142940411798,0.0881017838924116,0.153290598417336,-6.14123877548888
"P23434_GCSH",0.265038128591101,20.7061971925851,1.51730095440643,0.175574661806565,0.265637896202491,-6.76215370455764
"P23443_RPS6KB1",-0.193794880224505,23.0612653357614,-4.76473851255534,0.00172209171535101,0.00692915324413603,-2.00625039221902
"P23458_JAK1",0.482197055583875,18.6059469369073,6.50378501964763,0.000254316466656965,0.00164349060658706,0.0955932181146943
"P23511_NFYA",0.464024067462347,18.1123862501305,2.29060412771235,0.0567878051577861,0.108047058033907,-5.67085371827432
"P23526_AHCY",0.049157771630373,25.0032223838093,1.01030196354378,0.344006196937304,0.451722324903072,-7.35574444080559
"P23528_CFL1",0.353498155773348,27.0467564782581,3.56572539578294,0.00845360026793699,0.0238303001653312,-3.71567208465549
"P23588_EIF4B",-0.174932605018995,22.867191620335,-2.12306466142299,0.0689991927842592,0.126288187247149,-5.9017352158503
"P23610_F8A3",0.181444189620255,17.8983653068416,1.95608982825278,0.0888140560920337,0.154244311409268,-6.14905448865148
"P23634_ATP2B4",-0.0416779623679631,18.0859232165624,-0.603810368760471,0.563881803212597,0.66372230724562,-7.69585946283029
"P23677_ITPKA",-0.0341070814895694,16.2400104331056,-0.31632713618611,0.763501380367292,0.830477628571867,-7.74783172123411
"P23771_GATA3",-0.339253953101405,20.8899138068275,-5.45788700818408,0.000766336647206675,0.00372687256227419,-1.11939057006372
"P23786_CPT2",0.156590798847908,20.2135738610789,2.90056342213777,0.0214336211920838,0.0493405703142068,-4.71015907010231
"P23919_DTYMK",-0.0622001689839031,21.6780565044131,-1.3097738681391,0.229182291501808,0.32743386629253,-7.02319830493837
"P23921_RRM1",0.116184593886594,21.9119165066359,1.76176833500613,0.118869402225006,0.194588164754437,-6.42830022494958
"P24311_COX7B",0.533181536183122,18.5830508775461,3.73346547658097,0.00700423095444315,0.0205005151786822,-3.49635574022825
"P24385_CCND1",-1.43969395077063,18.798906265761,-16.0369552344832,4.75128488356717e-07,2.30816456091076e-05,7.00137276766017
"P24386_CHM",-0.417982936029563,19.885315948168,-5.19931597105928,0.00102850735236293,0.0046803206600087,-1.4422972504022
"P24390_KDELR1",0.0478458560620147,16.6698918846614,0.324907930205999,0.755522755627386,0.824529267454004,-7.77750672807089
"P24468_NR2F2",0.335764681373607,15.8606648650283,3.62902816279128,0.0075456191577214,0.0217666158335531,-3.60535644460182
"P24534_EEF1B2",0.111738647105909,25.1224231254026,1.57408179482697,0.156852593841726,0.243031491324352,-6.68624002940575
"P24539_ATP5PB",0.188699655677315,21.6441529948368,3.51988680336165,0.00878396433092027,0.0245249028148832,-3.7678060892794
"P24588_AKAP5",-0.177010073781489,15.2742933915696,-1.24794463718966,0.273606204345505,0.37665741345144,-6.45582734194326
"P24593_IGFBP5",-0.314437777628132,16.5647602525907,-3.07410683811674,0.0246727282117671,0.0552498556470297,-4.5710854839512
"P24666_ACP1",-0.0592442027989684,22.6765566041846,-0.90304841709607,0.394736421806359,0.503043831423506,-7.45920229761611
"P24752_ACAT1",0.313420587589995,22.1383035840255,5.30238009794759,0.00091369328703407,0.0042775169500156,-1.31247275190952
"P24863_CCNC",0.0416802473879692,17.154232720139,0.532911293410972,0.609604111506548,0.703991455055523,-7.73959370083293
"P24928_POLR2A",-0.257111949012341,20.4896529111639,-4.76549244919893,0.00172051236674871,0.00692644394091303,-2.00524866272228
"P24941_CDK2",0.124064333332086,19.9696552886024,2.00343008361861,0.0826898831629529,0.145525818780105,-6.07953016820251
"P25054_APC",-0.109271581892525,16.4365691418253,-1.59108330802001,0.152996691561111,0.238219899589551,-6.66343920880886
"P25098_GRK2",-0.385801984636451,20.2318957380251,-4.2773555868724,0.00317123942663454,0.0111160593382032,-2.67080727347743
"P25205_MCM3",0.216837728137211,23.0109439915635,2.15319075634842,0.0671849388938571,0.123587309394499,-5.86280852396586
"P25208_NFYB",-0.224308934490917,19.5579173125993,-3.72493013702246,0.00661172198482045,0.0196145186550067,-3.46374061521725
"P25325_MPST",-0.32504966907717,20.2738463871967,-2.91082403743742,0.021811173110969,0.0500139227454584,-4.71167219032175
"P25398_RPS12",-0.168602184952096,24.6680534589655,-2.88008283486176,0.0220922512612576,0.0505523079593878,-4.74172993623284
"P25440_BRD2",-0.0981222836263775,19.3988858647166,-1.52096265428338,0.169479382720423,0.25815299479929,-6.7566745239964
"P25445_FAS",-0.0206259501859112,15.4004477587571,-0.096691908478905,0.926604319471157,0.95098537016472,-7.41245438921909
"P25490_YY1",-0.125984942848696,18.8303679840534,-0.933549763782563,0.380870489630078,0.489343706374133,-7.4295314966471
"P25685_DNAJB1",0.120798744113902,21.5944326517839,1.91212412651463,0.0948952608779206,0.162698911264638,-6.21314281083639
"P25686_DNAJB2",0.358419770790622,17.7989658644473,4.48971711703553,0.00242000814057132,0.00902580171648315,-2.37709107840935
"P25705_ATP5F1A",0.197599288355303,25.0961122587605,4.23733514913213,0.00333950721658464,0.0115784728665712,-2.72686929584765
"P25786_PSMA1",0.311627216575449,24.0639564594706,6.22114154061556,0.000338193694762276,0.00201833785828072,-0.218915464466994
"P25787_PSMA2",0.268323909523065,23.050688680814,5.50137985949275,0.000729975544942501,0.00358608266044889,-1.06598625524682
"P25788_PSMA3",0.282597192775032,23.8125534309474,6.06878791450289,0.000395890135436179,0.00228421138521478,-0.392579229031929
"P25789_PSMA4",0.22206871384298,24.2031570792095,4.65356347931712,0.00197336876734794,0.00770894441817833,-2.15485621878842
"P25815_S100P",0.137077560143471,15.448007334989,1.4116114101481,0.198403893924582,0.292592162240245,-6.89754343504108
"P25963_NFKBIA",0.506029983415047,18.1277967050984,7.44379111094985,0.000104865784874528,0.00084925733619255,1.07455101671612
"P26006_ITGA3",-0.708514316458484,19.0651887413567,-11.8032612879542,4.31797862131607e-06,9.4902402047243e-05,4.59626622687618
"P26045_PTPN3",0.170091244127109,15.9112949919389,2.42574118970619,0.0436241970014757,0.0875806160914605,-5.44222141876073
"P26196_DDX6",0.142360370939421,22.500899521348,3.42959831795639,0.00997317096780332,0.0270264806767195,-3.90316523578135
"P26358_DNMT1",0.0271368006378374,21.1286120539257,0.372542733489812,0.719853626494087,0.793780610781378,-7.8195547178082
"P26368_U2AF2",-0.0524399472059152,23.4629976177647,-0.888126818321432,0.402211726150316,0.510867028811956,-7.47286556604307
"P26373_RPL13",-0.125906376914369,24.8374640398991,-2.78473188256325,0.0254489066565142,0.0567552191916718,-4.88885497378945
"P26374_CHML",0.370598773542621,17.293110508379,3.4694174874593,0.00942874488927141,0.025863923458371,-3.84336470307844
"P26440_IVD",0.0482816848118439,21.3768540229996,0.871918205462915,0.410447696629374,0.518399577190081,-7.48749839544245
"P26447_S100A4",-4.92473069146822,18.1549645865031,-55.4672709044994,1.01402919460265e-08,1.987757228907e-06,10.2816498049579
"P26572_MGAT1",0.0772799644159718,18.860249486136,1.19637159034338,0.268203826023948,0.370982133155976,-7.15606886032966
"P26583_HMGB2",0.00171573415360271,24.0871780407038,0.0150229823911589,0.988430282548203,0.99230927770845,-7.89729659230548
"P26599_PTBP1",-0.0676483914837931,23.4810096621314,-1.40371548682164,0.200653376987431,0.295226148396634,-6.90748526457285
"P26639_TARS1",0.346008485228651,22.1875466086363,5.16396744363253,0.00107148164707506,0.0048213520846903,-1.48716753177262
"P26640_VARS1",0.306746219821328,21.9137133550341,5.80935537006834,0.000521053961277204,0.00278368800416787,-0.695176580400436
"P26641_EEF1G",-0.0928101846321283,25.4488189812176,-2.01007688159609,0.0818637240729133,0.14433767770697,-6.0697281810495
"P26885_FKBP2",0.412039207443346,21.6367516231913,8.97859077403808,2.9403457554206e-05,0.000350685542904687,2.48092596402962
"P27105_STOM",-0.889784973304824,19.773961906148,-6.75034627289386,0.000255943339619408,0.00164843035500453,0.160229211563056
"P27144_AK4",0.0408709654353956,19.0218183604823,0.538981804755107,0.605611683485509,0.700650926187457,-7.73604576957075
"P27348_YWHAQ",-0.341081124000635,24.7491856337848,-4.69815302224014,0.00186805656308612,0.00737804351465649,-2.09504143650888
"P27361_MAPK3",-0.0355618768827703,22.1507833031764,-0.509116452816397,0.62538874639819,0.716913625163317,-7.75314062678428
"P27448_MARK3",-0.300031295787218,18.9844846472261,-3.22541114838934,0.013344330236275,0.0339944700620867,-4.21218014484433
"P27449_ATP6V0C",0.250168163345215,18.5865987242072,1.79085300635476,0.115379621045949,0.190513434750816,-6.38960581989972
"P27540_ARNT",-0.340487518555079,18.5971071990342,-3.80438727472586,0.00593215403992158,0.0180036989421201,-3.34724754944589
"P27635_RPL10",-0.0614814440944187,23.5884440207824,-0.983978246666192,0.355971257526757,0.464561328745656,-7.38196985840648
"P27694_RPA1",-0.125924798638771,22.1231411563628,-2.29543213624931,0.0531363903954919,0.102686477394726,-5.64137556283593
"P27695_APEX1",-0.369843606250935,23.2989994732004,-7.69878416420201,8.37178095133115e-05,0.000727298470146894,1.3236514150598
"P27701_CD82",-0.0510766774054296,15.8422469648386,-0.289535553212355,0.788689835018237,0.848990958703804,-7.16304603752863
"P27707_DCK",-0.0297826910636978,19.7111034724063,-0.483699125368649,0.642482544090308,0.731681669830241,-7.76697269640189
"P27708_CAD",-1.10232469075181,22.5870019289288,-12.4139000384927,3.20248644531708e-06,7.67492441205299e-05,4.93679788794037
"P27797_CALR",-0.10393375029939,24.8760888107987,-2.25697814068561,0.0563250185435342,0.107355962793647,-5.69981089392019
"P27816_MAP4",-0.519412785868568,21.520293801249,-11.309231664601,5.85033078962167e-06,0.000117390495765506,4.26239014861773
"P27824_CANX",0.172493717400169,24.444310479239,2.30571979404143,0.0523145487667359,0.101508813533425,-5.62571324548185
"P27986_PIK3R1",-0.102003931737542,18.0178962110592,-1.38290323195184,0.206690710650977,0.301785806517708,-6.93353392097491
"P28062_PSMB8",-0.214105616110746,16.1293716831904,-1.73500523379945,0.15037501913202,0.235191698294659,-6.34293854952154
"P28065_PSMB9",0.784008144111571,16.2466845346387,2.88449578652995,0.0529059528800889,0.102396458169185,-5.02168305952844
"P28066_PSMA5",0.0957460649548061,23.3629615078049,2.34103198621546,0.0495898405522554,0.0972586790718299,-5.5718666789005
"P28070_PSMB4",0.269084951832522,22.8657022867662,4.59018713973161,0.00213441601822125,0.00819980425090526,-2.24036244064453
"P28072_PSMB6",0.290219301954359,23.6437205135995,6.51303150144009,0.000251994767962649,0.00163401187538122,0.105717324679951
"P28074_PSMB5",0.232650291080329,22.956929086717,4.68934957261564,0.00188835024330773,0.00743379897532833,-2.10682828765455
"P28288_ABCD3",0.00786627209527779,20.1407813420824,0.0314076112298562,0.975933898712708,0.983524209815272,-7.8968531018398
"P28290_ITPRID2",0.627446264307988,16.9650930273237,7.92087351420177,6.91379664096788e-05,0.000636052651265938,1.53530630407465
"P28328_PEX2",0.11599208595354,15.3301942799049,0.850938388613739,0.430554795767717,0.538906519951405,-7.01725722064058
"P28331_NDUFS1",0.0834123543671552,21.5649168351639,1.7899518790462,0.113974705379844,0.188560186675807,-6.38848675730846
"P28340_POLD1",-0.37229216444474,24.3346775317201,-4.90105981373599,0.00146077966052411,0.00614959278893546,-1.82644801275685
"P28347_TEAD1",-0.70990030147162,17.3432094369442,-5.6197666545106,0.000640311859596362,0.00323327884188519,-0.921930640924033
"P28370_SMARCA1",0.250003126615798,18.0851592714347,2.92286601407351,0.0207397179554304,0.0480615773777706,-4.67579568272589
"P28482_MAPK1",0.0515575291066455,22.4725866101241,0.943645455044973,0.374915805822507,0.483507310309222,-7.42111122478365
"P28676_GCA",-0.65887076686403,20.8733144949312,-6.94439297292727,0.000171749340865639,0.00122141740550494,0.53881455650604
"P28702_RXRB",0.846582594451558,17.7491182586824,7.95818130794424,6.6979545606729e-05,0.000619925697534435,1.57039029221043
"P28715_ERCC5",-0.06801812157941,16.6904438120904,-0.814496405060128,0.440595013360357,0.548055463250884,-7.53755131790688
"P28749_RBL1",-0.41240235432495,17.0676740231477,-4.82786163922176,0.00159520785047655,0.0065637050682956,-1.92266283146042
"P28799_GRN",0.413263660876417,19.6652087626228,6.53613586077853,0.00024629601925526,0.00161247163327957,0.130969673005822
"P28838_LAP3",-0.204332450203477,22.7067856331509,-3.76662409552525,0.00624523122188181,0.018716108463852,-3.40251580852055
"P29083_GTF2E1",-0.456181353383101,18.7792625650221,-6.68945816362513,0.000211925829461886,0.0014418525223051,0.296934415322493
"P29084_GTF2E2",-0.372295408141238,18.9253626537472,-5.43084540994811,0.000789951672036628,0.00380540676289857,-1.15272580568468
"P29144_TPP2",-0.0168593261424306,20.0792808692843,-0.360789588804789,0.728262913277051,0.800973956553453,-7.82434894810012
"P29218_IMPA1",-0.510147772089173,20.0250918027224,-7.0182497450009,0.000154848774701928,0.00112637381788415,0.643629415533402
"P29317_EPHA2",-0.0156888785797147,15.3941101033542,-0.176183542974824,0.866504383738851,0.908451181251168,-7.78811705360029
"P29323_EPHB2",-0.212086633367978,15.5456250964836,-2.01989628538746,0.086562316732662,0.150882104747196,-5.78950480414039
"P29350_PTPN6",1.07038726592543,19.399196209614,15.251619573215,6.8407085739973e-07,2.72381338792757e-05,6.60740303066552
"P29353_SHC1",-0.223596958226125,19.2794970114133,-3.38604071715476,0.0106074023682925,0.0283841760957636,-3.9687617010327
"P29372_MPG",-0.931897849432129,19.4981689539802,-14.1126565658053,1.19922566303839e-06,4.07470230841265e-05,5.99777254526895
"P29373_CRABP2",-1.12722095343486,23.2130127162544,-7.72702938964159,0.000140240387334466,0.00104598805967999,0.89945410858026
"P29374_ARID4A",-0.116869265755014,17.4934670959141,-1.05260081432784,0.325434965872557,0.432687011147078,-7.31251127982529
"P29375_KDM5A",0.0841254604528245,16.6290606701078,1.07581763688729,0.315581868213466,0.422525986425911,-7.28822324769386
"P29401_TKT",-0.278746335221403,25.122606727632,-5.86173344597085,0.000492609984902912,0.00267661928541774,-0.633374683964302
"P29558_RBMS1",1.54504038284244,16.5255131505828,11.9885797328124,1.19031485716791e-05,0.000188795790104744,3.76952799912105
"P29590_PML",-0.397330606337068,18.5502894660812,-4.99394795981437,0.00130781356978691,0.00563409323274502,-1.70545373620899
"P29597_TYK2",-0.0477458068992718,20.0240736666616,-0.529547755160737,0.611822321184782,0.706339722962497,-7.74154350128091
"P29692_EEF1D",-0.0629482321601884,25.1656472522071,-0.802480605625722,0.447094334983123,0.554336067295812,-7.54766586362163
"P29728_OAS2",-0.262874593738506,16.6154250581112,-1.93986559300822,0.091012794025954,0.157312414724942,-6.17276024853576
"P29966_MARCKS",-1.67211817998704,22.0432405487264,-17.0609326867704,3.89567249166917e-07,2.1273154427722e-05,7.25622355398699
"P29992_GNA11",0.31447861314409,19.9728708289149,3.41726068740135,0.0101485996465332,0.0273575614590079,-3.92172638130102
"P30038_ALDH4A1",0.503449218606331,20.5240438328689,7.85905878071632,7.28879078870555e-05,0.000661791040138407,1.47688055910505
"P30039_PBLD",0.145695744130503,17.3197047766575,1.34165658368609,0.219127853059819,0.31602196503345,-6.98447156879516
"P30040_ERP29",0.0394753330173003,23.9628974517261,0.969200312325857,0.362826365853661,0.471387468436423,-7.39645899664382
"P30041_PRDX6",0.0144730657997876,26.0275120784026,0.168841236318598,0.87041107177633,0.911172483052176,-7.88131271900463
"P30043_BLVRB",0.468581157269906,23.3355268289736,8.87728184276718,3.17928359425502e-05,0.000370409558126095,2.39454431034807
"P30044_PRDX5",0.157477681838945,24.1420855200707,2.64138581118021,0.031526106809509,0.0676064758930424,-5.11018980100374
"P30046_DDT",0.0108062081648441,23.1334137375686,0.0955056074705196,0.926572112546933,0.95098537016472,-7.89222792628071
"P30047_GCHFR",-1.22196114271905,17.9938130634965,-9.65707210265712,1.77516144727775e-05,0.00024805593047794,3.03858687147105
"P30048_PRDX3",-0.467379748537471,24.1020554391246,-10.9166996104523,7.51176261641851e-06,0.000135693580354321,3.98722908937289
"P30049_ATP5F1D",0.316910043664439,21.7785862471085,2.35336895655699,0.0513972624414299,0.0999827153599827,-5.57449546137979
"P30050_RPL12",-0.076741080947027,24.9263723165282,-1.33855701810747,0.22008826285096,0.317079465163192,-6.98826163554946
"P30084_ECHS1",-0.238859777666857,23.1347114165704,-5.52183775115029,0.000713535682744813,0.00352161413465726,-1.04095600012948
"P30085_CMPK1",0.522420788738177,22.4441939574874,10.7921824583164,8.14537288600796e-06,0.00014381380072409,3.89802571959639
"P30086_PEBP1",0.321967885384556,24.6193938070079,6.9022200116179,0.000172756915998189,0.00122744109926223,0.522688858074726
"P30101_PDIA3",-0.119967561503056,24.8168931866812,-2.52085520095839,0.0377896171921522,0.0783163146803104,-5.29603292284033
"P30153_PPP2R1A",-0.0963662669271912,23.1998840724913,-2.17208789961419,0.0640595191703583,0.119070027730948,-5.82812774742314
"P30154_PPP2R1B",-0.687104222980945,18.6146038656389,-9.18926252301709,2.50535512352687e-05,0.000313536893990554,2.65790233937211
"P30260_CDC27",-0.114595522896071,20.4533457188455,-2.05732136991318,0.076220156524747,0.136560369494186,-5.99978778430168
"P30281_CCND3",0.350076178107241,18.6795178220982,4.61913435672332,0.00205913805612142,0.00794485803370883,-2.20123606404414
"P30305_CDC25B",-0.569301342851791,16.5376865372013,-4.76082086992334,0.00173032406612982,0.00695861519493028,-2.01145693923298
"P30307_CDC25C",-0.352701614719717,16.7160455315535,-2.51101453252191,0.0383543724226195,0.0791201233596671,-5.31118159996785
"P30405_PPIF",0.272671211671796,21.1625730319675,3.54123231112892,0.00852561899470217,0.0239890898838786,-3.73593107658667
"P30414_NKTR",-0.112138456519446,17.9692714513161,-1.21191174099139,0.262546827658999,0.364940090446008,-7.13833050747747
"P30419_NMT1",0.152790968208151,21.0615918903427,3.38039803326421,0.0106926626938673,0.0285623362315219,-3.97727293129529
"P30519_HMOX2",0.265860181310117,20.8496288980719,5.62533769845321,0.000636403753194359,0.00322205741269594,-0.9151986067892
"P30520_ADSS2",0.258555072289493,20.5002090674667,3.57226944609174,0.00816440387536301,0.023143072905877,-3.68967248854229
"P30533_LRPAP1",0.427932427813339,20.2598544485881,6.52940271629458,0.00024794180244376,0.00162009835870303,0.123617175304654
"P30536_TSPO",2.79660399817571,19.8865185918559,28.1510039800868,7.62938121477896e-09,1.9399096381899e-06,11.3029679957652
"P30566_ADSL",-0.364528651643564,20.1840394226908,-7.60262216017031,9.10748484352747e-05,0.00078200220116652,1.23048911216529
"P30622_CLIP1",0.22102887041099,19.2401659901454,3.73292019793676,0.00653973284801294,0.0194235655101239,-3.45199135438969
"P30626_SRI",0.209781436741967,21.4766250950164,2.45392299553394,0.0418054677329892,0.084573379417492,-5.3989647414479
"P30711_GSTT1",-0.404845682905567,18.8388975338015,-3.63303216317107,0.00751305288218765,0.021691237875333,-3.60020303059739
"P30740_SERPINB1",0.124434484435032,19.6143003964833,1.52872120592299,0.167579217374919,0.255972650715536,-6.74646484959715
"P30793_GCH1",0.654329244478877,17.7236708772226,4.1017640950035,0.00425867468781225,0.0139912195910291,-2.96395053035205
"P30825_SLC7A1",-0.223824989064855,20.0721599942843,-2.37670043350129,0.0469831179324973,0.0930051622459714,-5.51735242313706
"P30837_ALDH1B1",0.326071248738717,20.6737209334551,5.98701982924865,0.000431310460419913,0.00241742556445032,-0.487007233214365
"P30874_SSTR2",0.667973207005161,18.4471058856564,2.02774101346126,0.0977958794104891,0.1662921481524,-6.03970235914158
"P30876_POLR2B",-0.181464739503937,19.5327465855844,-3.72928054571807,0.00657242023832537,0.0195130690182514,-3.45734244837579
"P31040_SDHA",0.528495729788009,22.0337074433765,5.77527167199318,0.00057400440659824,0.00298521339349901,-0.782762721857996
"P31146_CORO1A",-2.52020454018422,19.2241855660376,-23.9454127305548,2.51952394354402e-08,3.56699269414705e-06,10.0993779173463
"P31150_GDI1",1.06791106707445,21.3458536802296,19.4552964151803,1.15940662981563e-07,8.95319564135404e-06,8.50892445424719
"P31153_MAT2A",-0.155357897146217,22.3958236733978,-3.13666744529616,0.0151699851260078,0.0377521276980239,-4.34757167913309
"P31321_PRKAR1B",-0.968169802082567,20.1911485594461,-11.8924781897542,4.09257135587015e-06,9.2022670634198e-05,4.65515054752039
"P31323_PRKAR2B",-0.33513836034162,17.1269694651405,-2.58214389038874,0.0344590209806287,0.072743860791033,-5.20159181508231
"P31327_CPS1",-0.119712829592471,15.9726679863037,-0.855667465510041,0.418978376980605,0.527084036863045,-7.50177845757464
"P31350_RRM2",-0.742837046626153,21.5623801004645,-6.75626082578591,0.000240155499570826,0.00158002477987863,0.213645435787575
"P31431_SDC4",-0.316382280785149,18.2756609299111,-3.24919890213525,0.0128956199406291,0.033072037479546,-4.17599161819236
"P31483_TIA1",-0.0358483155091101,20.5759203442954,-0.676018659480947,0.519440227640924,0.623899535006263,-7.64626210941463
"P31641_SLC6A6",0.708604253492652,16.4326988102218,4.06876706663483,0.00443226090790623,0.0144312754007424,-3.00835342238233
"P31689_DNAJA1",-0.206798541950086,22.2096501204307,-3.06614028044195,0.0168088458237895,0.0408040482188485,-4.45556192663246
"P31749_AKT1",0.744820852569788,20.5633757219119,9.73614204567735,1.6771383585879e-05,0.000238765786804553,3.10132008976019
"P31751_AKT2",-0.218112467373093,19.2190701712311,-3.03795605977301,0.0175151045936809,0.0420946163529362,-4.49880253316553
"P31930_UQCRC1",-0.0854364277562887,22.8338743233477,-2.04515374491955,0.0776360140499604,0.138545127780567,-6.0178445877514
"P31937_HIBADH",0.0283743684653075,19.3763849432927,0.413358105192158,0.690974693462397,0.771731414392991,-7.80175996769007
"P31939_ATIC",0.0201813068573315,23.9621300790839,0.514314324603068,0.62192243736643,0.713903458508463,-7.75023050816495
"P31942_HNRNPH3",-0.00235422786909822,22.8984909963856,-0.0366528330870283,0.971723925365007,0.981092103726291,-7.8966645724575
"P31943_HNRNPH1",-0.0930507206189972,24.0140360049045,-1.32384704441261,0.224696111651926,0.322168374639717,-7.00617513921316
"P31946_YWHAB",0.172633553952664,24.4811669757202,3.14526274501197,0.0149821122933134,0.0374063515618488,-4.33443316907333
"P31947_SFN",-0.00856668597021226,22.3518806339414,-0.201762967171781,0.84549688517321,0.892793326954309,-7.87443543997758
"P31948_STIP1",-0.0389018070237341,24.2593891699322,-0.804669457618607,0.445905486566868,0.553310736049944,-7.54583275014072
"P31949_S100A11",-0.186296308579397,25.3122409327509,-1.91163990668154,0.0958670546941104,0.163923872318603,-6.21605216422638
"P32004_L1CAM",3.10237907813758,18.490103423543,17.3143759741856,5.82574944914248e-07,2.55964681256864e-05,6.90666346059178
"P32019_INPP5B",-0.0625347288445361,17.9409093709366,-0.656364253581274,0.531317338130504,0.634110671293941,-7.66025724540298
"P32119_PRDX2",0.396953229604744,25.2731155285165,7.85684214509999,7.30265472971321e-05,0.000662263290731406,1.47477856526639
"P32121_ARRB2",-0.623480217948163,18.460324468089,-9.45850280902332,2.05102279665911e-05,0.000271281475440466,2.87901954525999
"P32189_GK",0.203524702146638,16.3857292870907,1.59383430450676,0.158588429660133,0.24532750804365,-6.638181097567
"P32321_DCTD",0.127718840005961,19.0695614661029,1.77587723721793,0.116394673411124,0.191733953507443,-6.40840123223034
"P32322_PYCR1",0.573825785672916,23.0344553929532,7.97736288153427,6.58992680703495e-05,0.000611407650968231,1.5883765686419
"P32456_GBP2",-1.00284178439402,18.2265039801815,-6.04895782029776,0.000503119578992472,0.00271443132067568,-0.589217818979764
"P32519_ELF1",-0.815892351997725,17.8610908593509,-9.33533856690709,2.24623376766415e-05,0.000290566110893273,2.77856063952674
"P32780_GTF2H1",0.00544858200307274,17.5015256337068,0.0756452590841092,0.941691196956707,0.961062285502692,-7.89418610077179
"P32929_CTH",-0.988876972435953,16.5381331694436,-6.7003906508389,0.00180442429981459,0.00718106391050626,-1.26542306289337
"P32969_RPL9P9",0.0272501880488676,23.8794730307875,0.494773817159079,0.635005446863371,0.725482820828327,-7.76102737281473
"P33121_ACSL1",0.145184803461667,19.1942526872693,2.29404794709299,0.0532479558261966,0.102798136942241,-5.64348200181266
"P33176_KIF5B",-0.177195459391861,21.9334935403988,-4.23804469121901,0.00333644058919164,0.0115730890673186,-2.7258734024029
"P33240_CSTF2",-0.206660344903042,21.399932621623,-4.23228278159864,0.0033614324001204,0.0116439287262893,-2.7339626806503
"P33316_DUT",-0.165853389649318,23.2386532434584,-1.19272324949961,0.272936397492269,0.375963740329441,-7.15767063697474
"P33527_ABCC1",0.0318595396547217,18.2098395257605,0.437108679546208,0.67441365435634,0.759000793103816,-7.79059286388934
"P33552_CKS2",0.00530648333741013,19.3759513555074,0.0387532985608931,0.97015991652605,0.980030729630239,-7.89656928063448
"P33897_ABCD1",0.299981515823799,17.7408857865433,4.47659275154975,0.00246030449610389,0.0091304175946433,-2.39505817574531
"P33908_MAN1A1",-0.67978435672938,16.0946788285745,-3.90352164501262,0.0075131978932481,0.021691237875333,-3.39032654646778
"P33981_TTK",-0.0284184314636242,18.1867935666105,-0.298459215910819,0.773499534125824,0.837703918653066,-7.84728086637651
"P33991_MCM4",0.0450350569380369,22.2842123705373,0.524541766177723,0.615144618533508,0.708908048273389,-7.74441083884624
"P33992_MCM5",0.145275731527459,23.5686785414285,1.48625602361767,0.179333411905495,0.269776452974717,-6.80203873581458
"P33993_MCM7",0.0982868898809812,22.3461512742316,1.15172785012698,0.28501990743925,0.38884946258158,-7.20615525545266
"P34059_GALNS",-0.242466322341159,18.8399330390527,-3.23348148197357,0.0131902693162874,0.0336805641025443,-4.19989754454998
"P34741_SDC2",0.177508780576058,16.1723290077998,2.37179823550081,0.0473329912750192,0.0935766015768093,-5.52485165446819
"P34896_SHMT1",-0.393094781343201,21.5046452753466,-7.54438597075891,9.58808167926664e-05,0.00080285744181811,1.17361433200963
"P34897_SHMT2",0.0455898883966945,23.9600835104459,0.845829335350578,0.42395741982097,0.532471574590326,-7.51058797566346
"P34931_HSPA1L",-0.377082689514012,24.429300004548,-6.75980144616651,0.000197974650520396,0.00136079662886713,0.372152026321592
"P34932_HSPA4",0.00497862605043409,23.1229967219902,0.127807747088281,0.901680281691439,0.932793742020441,-7.88818519160664
"P34949_MPI",0.490564983729598,19.9105336757981,4.40989331486458,0.00283390314427138,0.0101414098458336,-2.52739038286803
"P35052_GPC1",-0.655600669385988,16.6332885412654,-4.21963669709938,0.00342246813204732,0.0118018804102398,-2.75284974339577
"P35080_PFN2",0.0687366892030354,23.3539427933366,0.8832727914329,0.404665508831733,0.513046072142388,-7.47727061528941
"P35125_USP6",-0.257434721958258,15.5566411398074,-2.10011044483885,0.0972981549212907,0.165777667567031,-5.87775673152927
"P35219_CA8",-2.47990451741161,18.3956281584581,-13.0637343575179,4.37789013231397e-06,9.56256287472579e-05,4.73153197494389
"P35221_CTNNA1",0.0179328753923151,22.2277849140854,0.338636073172218,0.74422104664383,0.815007864430895,-7.83298150802861
"P35222_CTNNB1",0.12307220173264,20.9302811275534,1.5605911236744,0.159975390995027,0.246973316671442,-6.70424513781714
"P35226_BMI1",0.348362908206081,17.3184438575639,3.98132946396437,0.00467486951780371,0.0150039368025228,-3.09069578839963
"P35227_PCGF2",-0.161911710148992,17.0654780173529,-1.24680737598191,0.250207098380025,0.351429959051129,-7.09794417796279
"P35232_PHB1",0.931846081518252,24.783868808371,21.629092686868,5.32827005948541e-08,5.50467900064405e-06,9.32532716436791
"P35237_SERPINB6",0.191514696705571,22.1042272280054,1.8956824664005,0.0985085986174458,0.167280816621585,-6.23983761495551
"P35240_NF2",0.0730722576386817,17.9989189884728,1.18170061526382,0.273637053539477,0.37665741345144,-7.17267252395036
"P35241_RDX",-0.380389437459822,19.8574906968986,-5.12525771913873,0.00112082721090918,0.00500509581039761,-1.53650657061312
"P35244_RPA3",0.110411575701633,22.0570505647376,1.95908565345751,0.0884137414860215,0.153688734347575,-6.1446702376431
"P35249_RFC4",-0.101081252899728,20.5754508089451,-1.35944097553807,0.213687432946438,0.309460205507771,-6.9626224330213
"P35250_RFC2",-0.1094666127888,20.8231077178251,-1.65505396351593,0.139257905574996,0.221106269599345,-6.57659209947276
"P35251_RFC1",0.318150267876344,19.3368451940495,4.99968745913005,0.00129895761301349,0.00560730149717004,-1.69801792626765
"P35268_RPL22",-0.00933548465281575,24.5946473240225,-0.219810566722519,0.831916080063895,0.882720115487645,-7.870152502382
"P35269_GTF2F1",-0.379536363967361,19.8628202882223,-6.59687579969701,0.000231987313875321,0.00154221131702333,0.197051694248163
"P35270_SPR",-0.0635886316103509,21.8440595470627,-1.58885206081068,0.153497722877613,0.238902705903777,-6.66643845704059
"P35475_IDUA",-0.285828553402576,16.2862862083412,-1.01943941372176,0.343929294079935,0.451698926858118,-7.34252924385406
"P35520_CBS",-0.176166499515507,21.9428989393054,-2.77731353906633,0.0257314176675936,0.0571518559177086,-4.90030822776911
"P35527_KRT9",-0.766117237575379,17.8080484058706,-2.64845735796853,0.0357418916314273,0.0749031692769357,-5.16332269761584
"P35548_MSX2",-0.349733881560173,16.6413975430839,-1.87403821896517,0.1083094985945,0.180437157715178,-6.22492170013062
"P35568_IRS1",-1.13410043529111,17.6498033494492,-12.1369805369167,3.53990452717774e-06,8.22570520069113e-05,4.8143972948998
"P35573_AGL",-0.74233669574469,19.8279281411306,-12.2584952515765,3.29692556253176e-06,7.85202365282097e-05,4.89240499923739
"P35579_MYH9",-0.154947791079358,22.9380532473764,-3.30775783546998,0.0118579286283222,0.0309927741413755,-4.08710692180925
"P35580_MYH10",-0.550881642362924,20.8144337019899,-10.3824416881147,1.06966862836058e-05,0.000174362828652807,3.59766565761885
"P35606_COPB2",0.330996342443271,22.5210814093162,5.46958973060189,0.000756359767433282,0.00369480538148718,-1.10499538794963
"P35609_ACTN2",0.641007337009107,20.4524232466133,2.35380830236332,0.0572994824991149,0.108887532613903,-5.61605248553316
"P35610_SOAT1",0.301042452191044,18.5331478497967,4.51185465028765,0.00235366394611255,0.00883841389551187,-2.34684064161984
"P35611_ADD1",-0.388682345611862,18.2162902057797,-5.70401891800778,0.000583939211101409,0.00302536828109087,-0.820567678954644
"P35613_BSG",-0.6969807556893,22.386878456302,-13.0028272582256,2.16200960515654e-06,5.81991670120483e-05,5.35457492722418
"P35626_GRK3",-0.319051790086839,15.4518144433569,-2.07727402692939,0.0797512417469777,0.141362912857789,-5.70756209724732
"P35637_FUS",0.0762140166995842,23.1862947615786,0.3971688106381,0.704311715782163,0.782057090363781,-7.80731821382703
"P35658_NUP214",-0.000534543209855798,20.7620221705837,-0.0099606248619794,0.992314001870358,0.994395142783967,-7.89736908879542
"P35659_DEK",0.263539862841338,22.662521391559,5.39363182480526,0.000823775635375463,0.00392384095479465,-1.19876549484551
"P35670_ATP7B",0.0698747217383779,15.3210062306031,1.092691835318,0.313614561308371,0.420702460291717,-7.2063188660804
"P35749_MYH11",-0.317982477910487,17.3324521754856,-1.42638338539902,0.197133384926319,0.291224101982938,-6.87834495106515
"P35754_GLRX",-0.189257479115327,17.3299306360066,-1.20056289899237,0.267314263112004,0.37001947157184,-7.15082574740385
"P35790_CHKA",-0.0339378020696977,18.5325158927154,-0.364277907415521,0.725762841992076,0.798913884381487,-7.8229414980268
"P35813_PPM1A",0.136712512290291,19.5224252988396,2.22520180695041,0.0591043604969516,0.111678901631042,-5.7479597114489
"P35908_KRT2",-0.226214192938283,17.350624200929,-0.215045073210035,0.8378566648123,0.88717648233934,-7.87004648718442
"P35914_HMGCL",-0.209705104244648,19.2498656811955,-2.58994639959411,0.0340572010064379,0.0720241498462566,-5.18955896303689
"P35998_PSMC2",0.074316431096026,22.536215653178,1.41944424030722,0.196194446179789,0.290005131679135,-6.88764926271198
"P36404_ARL2",0.150681404376463,20.8273058722788,2.91768574704647,0.0208987667254949,0.0484008093354766,-4.68377574294386
"P36405_ARL3",-0.297446803517431,21.5169472649043,-7.14587242971349,0.000137506346715345,0.00102860667381489,0.774922633936191
"P36406_TRIM23",-0.121630955517087,15.5793666464976,-1.54026638731644,0.17095542071318,0.260109870666049,-6.67322897054974
"P36507_MAP2K2",0.242871050535122,20.5864531278358,5.23198074022676,0.000990481252008196,0.0045560945677513,-1.40098992959792
"P36508_ZNF76",0.0805165794644189,15.1967993526662,1.23145291642093,0.255575244625217,0.357393953751561,-7.11580809556928
"P36542_ATP5F1C",0.234008383235249,23.5131668173751,4.18374965687575,0.00358021360435979,0.0122055429061962,-2.80228209787698
"P36543_ATP6V1E1",-0.161678252014099,19.9452126470073,-2.83615517959917,0.0235772675107751,0.0533121000058786,-4.80948511797316
"P36551_CPOX",0.152734415550078,19.6169187998562,2.30216774041423,0.0525968515872801,0.101923416317268,-5.63112235196516
"P36578_RPL4",-0.15973484816805,24.8166620292885,-2.66652846259119,0.0303603603819361,0.0655293492715701,-5.07137635678953
"P36639_NUDT1",-0.336396018202898,19.9351306250049,-1.40448880396542,0.2081606265432,0.303352647716882,-6.90454548687089
"P36776_LONP1",-0.303953025070221,21.9927409371164,-3.19611164737551,0.014348213435202,0.0360504861980286,-4.27443211568548
"P36871_PGM1",-0.259968321382111,19.7911095078185,-5.00803143428624,0.00128620051716842,0.00556480076613047,-1.68721625049657
"P36873_PPP1CC",0.276803762515634,20.8477438267177,1.6069539241226,0.154725754076113,0.240569125465097,-6.64466538039297
"P36897_TGFBR1",0.0810985248538607,15.8399468296914,0.817657043252328,0.438896372956709,0.546743159728539,-7.53486988683316
"P36915_GNL1",-0.612545418984478,22.0396116817841,-12.5264612607767,2.8247909444469e-06,7.15083667890615e-05,5.06183853142068
"P36941_LTBR",1.03919536528833,17.4898996000622,6.45148517052382,0.000296055835262001,0.00181649025728571,-0.0425717388031535
"P36954_POLR2I",-0.0992574213160111,19.4238652275874,-1.53095738055162,0.167035151300667,0.255285160693284,-6.74351717244076
"P36955_SERPINF1",0.68302525754186,17.8645750577086,1.46751178015746,0.195761088912694,0.289476503817707,-6.82538642333393
"P36956_SREBF1",-0.0843426555221001,18.110998342166,-0.697450432839188,0.50667995554103,0.612063234550301,-7.6305860499392
"P36957_DLST",0.132551984081477,22.8165826523137,3.22043829513262,0.0134402107205323,0.0341590461962997,-4.21975113880574
"P36959_GMPR",-0.381023384792051,15.94385559008,-3.97061663474945,0.00634611309389256,0.0189515760167221,-3.02347654577783
"P36969_GPX4",-1.41996723453001,19.9452982147616,-9.67389071956057,2.77570645561958e-05,0.000336295972317142,2.65469597205791
"P37108_SRP14",0.18955710362939,23.4336111189429,3.84041075670492,0.00564923863821052,0.0174124401409744,-3.29469137960458
"P37198_NUP62",-0.0521718791244439,20.3790031661528,-0.99116735512688,0.352672345517643,0.460885484014082,-7.37486020293594
"P37235_HPCAL1",-1.04988277473888,19.4316483937028,-15.4428672970217,6.24963824857437e-07,2.62307277658596e-05,6.7052272198908
"P37268_FDFT1",-1.53074603260502,21.1627563528878,-20.465083779436,7.99963990089335e-08,7.02956862555514e-06,8.90009643642195
"P37802_TAGLN2",0.00849866654041875,23.4576504520378,0.146752842531919,0.887216689288057,0.922449556590126,-7.88524707286038
"P37837_TALDO1",0.313529530643059,24.5279658101388,6.76938681340703,0.000196154163246532,0.00135678114305146,0.382357037723807
"P38117_ETFB",0.495738444295821,23.5014828957673,10.396697831613,1.05940704461325e-05,0.000173429697132083,3.60829644109928
"P38159_RBMX",0.0471961616725416,23.287454794046,0.609559171812236,0.560263360625394,0.660887732137191,-7.69209543305928
"P38398_BRCA1",-0.0257584515469276,16.5476989447745,-0.256716669758022,0.804337821736862,0.860724026332741,-7.86026912720398
"P38432_COIL",0.0224807142463064,20.4089298617481,0.429095247121455,0.67998059281944,0.763381961607374,-7.79442702430196
"P38435_GGCX",-0.187656742568574,18.78312366894,-2.94768953090427,0.0199949802003862,0.0467609738855774,-4.6375700726997
"P38570_ITGAE",-0.775438609731037,15.665991657439,-4.62557972006958,0.00956497415655556,0.0261812486311734,-3.05607006282673
"P38571_LIPA",0.223975723158809,19.3089199312414,3.30109239334365,0.0119714318744666,0.0312040902421742,-4.0972092516744
"P38606_ATP6V1A",-0.124542667598114,21.7467262123576,-2.15446101266754,0.0657938201643748,0.121549614773433,-5.85463923133784
"P38646_HSPA9",0.0837379646024417,24.4444940464238,1.79379196739462,0.11332279565736,0.187603458813451,-6.38304245600342
"P38919_EIF4A3",0.0745941882604022,23.7720361890347,1.33438464283966,0.221386851923381,0.318798734781362,-6.99335502882836
"P38935_IGHMBP2",0.211750338242869,18.6462134605196,1.61523828916687,0.14864748895788,0.233253294967774,-6.63138776082417
"P38936_CDKN1A",-0.479839591126286,16.1421269952981,-3.02145834985881,0.0184511383323352,0.0438102899820947,-4.53955217802543
"P39019_RPS19",-0.0880989174492051,24.995456384417,-1.75884490199783,0.119388373133906,0.195294072354681,-6.43241525885099
"P39023_RPL3",-0.0917485478524505,24.2103980863433,-1.44658807245685,0.188705761917879,0.280890878088432,-6.85312103931688
"P39060_COL18A1",-0.780423463917003,16.2325935379073,-4.98704385366667,0.00140086320708302,0.00594977734341647,-1.75976584807372
"P39210_MPV17",-0.137116352864034,18.8551457857171,-0.545307444080719,0.604242381823334,0.69927838465628,-7.72937980582126
"P39656_DDOST",0.0657672398618701,23.6076021796461,1.34506538762853,0.218075829412963,0.314682845576085,-6.98029719852982
"P39687_ANP32A",0.209038656703843,23.9233091775303,3.64158924236805,0.00741560526118999,0.0215039308963399,-3.58674642900366
"P39748_FEN1",0.188888825309267,22.5026632457201,3.78107794239667,0.00612334436209194,0.0184552323536153,-3.38134102403079
"P39880_CUX1",-0.131565450046946,18.7866652725483,-1.97507060654731,0.0863072678047198,0.150574865898467,-6.12124112353202
"P40121_CAPG",-1.21541015999011,17.7679557109925,-10.31865954047,1.11697063403325e-05,0.000180916112228479,3.54994042315714
"P40123_CAP2",-1.35216843250658,18.9282092159831,-16.7049529991129,3.53069393058913e-07,1.99029632508643e-05,7.32111523871798
"P40222_TXLNA",-0.445109407907019,20.4327284501586,-8.79062277824803,3.40106281305868e-05,0.000382894970360883,2.31998208289674
"P40227_CCT6A",-0.0368492205427522,23.8905361481806,-0.640410846882283,0.541079664851197,0.643020991417286,-7.67134639537639
"P40306_PSMB10",0.0844627893318552,16.2361676037906,0.663280732857398,0.527118755655157,0.630743917198884,-7.65537409817765
"P40337_VHL",-0.0506368202469965,17.3676367626111,-0.528148736305133,0.612746229768387,0.707086026653482,-7.74235112346546
"P40424_PBX1",0.116452455354754,17.6545720574764,0.746858802156061,0.478572379948375,0.584454607780403,-7.59220927258627
"P40425_PBX2",0.399074535111829,15.8816313125719,2.47496635474004,0.0621951961809021,0.116226417698117,-5.0381180694334
"P40429_RPL13A",0.00869866809103925,24.2017547082065,0.082167101761306,0.936759052124394,0.957461242194854,-7.89358612026352
"P40616_ARL1",0.467779396208844,22.3645408923825,7.56410895104958,9.42220936835449e-05,0.000795406364146906,1.19291497729614
"P40692_MLH1",-0.336356733730447,19.7764291554931,-6.4587193159346,0.00026597844208968,0.00169261539124759,0.0461023745184992
"P40763_STAT3",0.710108877751622,20.2956206328956,11.8403552736952,4.22260196047115e-06,9.38424185691918e-05,4.62079985805757
"P40818_USP8",-0.171344091374205,20.2314986678478,-3.49180235957849,0.00913672058054682,0.025242170776779,-3.80981873436036
"P40855_PEX19",-0.308352592525594,18.8516820305924,-3.22160549905336,0.0134176406674243,0.0341130239116924,-4.2179739357809
"P40925_MDH1",0.022871199815242,24.4930390653584,0.429038343972103,0.68002019973625,0.763381961607374,-7.79445400925201
"P40926_MDH2",0.193880623278563,25.4728060656738,4.43129679626449,0.0026051137352206,0.00951557310356495,-2.45725589406925
"P40937_RFC5",-0.028564359693231,20.4898220788481,-0.598808048635134,0.567041463593018,0.666415371125077,-7.6991084130131
"P40938_RFC3",-0.025699581097907,20.2726248804074,-0.395441600434962,0.703588052411767,0.781480555090507,-7.8097895327742
"P40939_HADHA",-0.590513875063778,21.7108248770861,-13.0846280670998,2.06686615121807e-06,5.72229637132579e-05,5.40379185750946
"P41002_CCNF",0.00410464358274787,15.6742456897492,0.0420866138588335,0.967534623341537,0.978154217858509,-7.89642233518793
"P41091_EIF2S3",-0.353586261992689,22.3789763898152,-5.13663859538042,0.00110606417152173,0.00495073805110281,-1.52197865271121
"P41134_ID1",-0.362696587189607,16.9915124258299,-2.26853837197154,0.0555788158793111,0.10617192588639,-5.6838102156133
"P41162_ETV3",0.107196336114335,16.8988580830459,1.07358638437935,0.316518401295261,0.423631508736391,-7.29057434054184
"P41208_CETN2",0.806650018861937,19.2645625576725,14.3735190533915,1.05068245107387e-06,3.63460060563789e-05,6.14166249347293
"P41212_ETV6",-0.2152630464635,15.4982689480166,-3.16055467560503,0.014653925834655,0.0367429527733477,-4.31107122691912
"P41214_EIF2D",-0.508625267174711,19.5625426873653,-8.09297537804951,5.9787324661119e-05,0.000569917826726003,1.69604458236236
"P41223_BUD31",-0.0473602165351927,21.0913745250758,-0.786797618109694,0.455676121185351,0.562513151374456,-7.56067683342673
"P41227_NAA10",0.0886062840786757,20.2560687759137,1.71762397606266,0.126937573053677,0.205296751850087,-6.49013206057466
"P41229_KDM5C",-0.192534150822802,17.3937682111393,-2.30421578627557,0.0524338943999459,0.10168876780507,-5.62800373443546
"P41236_PPP1R2",0.25929590594383,17.3960178585821,3.23656111474385,0.0131319783649447,0.0335653542627891,-4.19521189428777
"P41240_CSK",-0.393049956579521,21.5667044238565,-6.58243154837714,0.00023530407082989,0.00155725065592239,0.181376960788588
"P41247_PNPLA4",0.357784796720232,16.5468012251292,2.28786933551776,0.0539506712655706,0.103691558973748,-5.65429180568753
"P41250_GARS1",0.0990667289176876,21.9026559241985,1.27708229586327,0.239901656162418,0.340142463160549,-7.06229983274159
"P41252_IARS1",0.333216501607041,22.8323642882026,5.28091316437469,0.000936388030442363,0.0043521596798354,-1.33939087872048
"P41440_SLC19A1",0.227716205495227,18.37510007582,1.15883486196758,0.285602007507414,0.38927212469142,-7.19559027593574
"P41567_EIF1",-0.156464620306505,21.2460187066982,-2.37129551431397,0.0473690197423642,0.0935994199871735,-5.52562058159103
"P41743_PRKCI",-0.0638548284416522,20.5839311325335,-1.11775893497953,0.298385699601455,0.404389057516952,-7.24337309579961
"P42025_ACTR1B",-0.244023928509492,19.7697218605413,-3.02293773171377,0.0179041469587145,0.0428813294170966,-4.52186201959309
"P42126_ECI1",-0.266682400350476,21.9229547663244,-2.29723564197227,0.0549685085180603,0.105307628657122,-5.65245845515264
"P42166_TMPO",0.00947587452636256,23.6944557021731,0.174430336950461,0.866169540836283,0.908437604312857,-7.88023053306606
"P42224_STAT1",-1.03230564537434,21.8855157480216,-6.5828981455448,0.000398542707424128,0.00229432153483242,-0.244143412084816
"P42285_MTREX",-0.282656635635472,21.3065869246816,-6.45362505801643,0.000267333767409089,0.00169466554879145,0.0404924255081589
"P42330_AKR1C3",-0.207795434226263,17.7397255035616,-1.16183308122004,0.319200410561147,0.426549054140879,-6.48613938177425
"P42336_PIK3CA",0.170551637780463,16.8867298356711,2.25572560100503,0.0564320514407061,0.107533158839531,-5.70171126002625
"P42338_PIK3CB",0.149657115461164,18.186587994848,2.39023255505119,0.0460308643920848,0.0914516523590147,-5.49664059633951
"P42345_MTOR",0.279924356188918,19.1856508855835,3.43444806892819,0.00990510188612156,0.0269099161049749,-3.89587327067982
"P42356_PI4KA",-0.221280444717689,19.1977026679938,-2.22790337861319,0.0588628158660839,0.11133256489268,-5.74387136784904
"P42566_EPS15",0.114941594800658,20.1201362570879,2.28068437899046,0.0543372546223595,0.1042953330625,-5.66380720904934
"P42575_CASP2",-0.140418181336511,18.8228967576247,-1.88398231002388,0.0989971836319124,0.167961266947619,-6.25390466614989
"P42677_RPS27",0.0559644725150861,22.5188710583105,0.797209959919121,0.449965973269201,0.557083379051505,-7.55206266862496
"P42679_MATK",-0.17834260008625,16.056540433473,-2.1032325179928,0.0711031909334126,0.129117314652242,-5.9313973454485
"P42684_ABL2",-0.0535988471702389,16.98294220737,-0.662801567879074,0.527408965810247,0.630794984921674,-7.655713863613
"P42694_HELZ",0.370461877623214,19.1729056691419,5.08657839477029,0.00117264800498651,0.00517304904681009,-1.58601846355143
"P42695_NCAPD3",0.051695482314706,19.5989645357724,0.419175172806477,0.687328051569836,0.769195841137957,-7.79869132953093
"P42696_RBM34",-0.128698372691517,18.5738953492713,-1.79769080026289,0.112664542857921,0.186715896412055,-6.37751014644902
"P42704_LRPPRC",-0.438111388288394,23.8728975171334,-10.4530617232173,1.0199077131333e-05,0.000168405928010887,3.65019743893894
"P42765_ACAA2",0.317570892399488,22.2079099160686,4.69454237003565,0.00187635074744453,0.00739798940908379,-2.09987435978898
"P42766_RPL35",-0.0717508337621595,24.8702038181728,-0.960404161152234,0.366953950134841,0.475404668493621,-7.40500247026667
"P42785_PRCP",1.19384307750115,19.3395118692698,17.8879448173353,2.14347795017233e-07,1.38871940076843e-05,7.85582321071713
"P42858_HTT",0.130684113339573,19.6386147942142,2.30202516827077,0.0526082146223594,0.101923416317268,-5.6313394333827
"P42892_ECE1",0.109448908876473,18.196399723541,1.59695202135867,0.151686029433396,0.236757798084588,-6.65554059851673
"P42898_MTHFR",0.154301049827623,17.0041525467986,1.36206631061822,0.212894372599509,0.308603996686243,-6.95938234471946
"P43007_SLC1A4",0.476194860252921,19.5333315258923,6.02535550460819,0.000414284042781465,0.00235654874037522,-0.442628874271469
"P43034_PAFAH1B1",-0.414340190452616,21.2769343806918,-8.27948824059915,5.12207533484363e-05,0.000508548908245189,1.86711080538881
"P43155_CRAT",0.462354188154926,16.0764209543141,3.69795143365137,0.0269428779833561,0.059411105331052,-4.05878510961749
"P43243_MATR3",-0.0296183864296111,23.2616021581872,-0.479896765218599,0.645059935528468,0.73341511111171,-7.76898481260151
"P43246_MSH2",-0.52819155998451,20.6216415147213,-8.89071304383958,3.14638609955433e-05,0.000367238499711341,2.40604492607379
"P43250_GRK6",-0.012496076278687,18.7317522502567,-0.172722018049808,0.867465483851341,0.908711102225747,-7.88056501500782
"P43251_BTD",0.728156301393145,16.8085776433738,3.5570894886782,0.0140398666112231,0.0354006531143802,-3.57166496198091
"P43304_GPD2",-0.0936196930760076,21.9935195116929,-1.77335731164404,0.11683306055529,0.19229036554256,-6.41196003523971
"P43307_SSR1",-0.181706874727503,21.8848704319665,-1.47840433838078,0.182622996777328,0.273809141079167,-6.81217629700252
"P43378_PTPN9",-0.16320693443037,18.110694823254,-1.94618067609474,0.0901507494093427,0.156175499486613,-6.16354068857042
"P43405_SYK",0.0453522218003375,15.2383625703212,0.482177416665899,0.645593102749772,0.733791374868051,-7.70619162969519
"P43487_RANBP1",-0.0525066925633091,23.4733328367201,-1.10915574534622,0.301850192498135,0.408082398724419,-7.2526735214031
"P43490_NAMPT",0.221719864839727,22.2982307560074,5.14333155437701,0.00109748239384192,0.00491808493606184,-1.51344350174319
"P43686_PSMC4",-0.105767445787517,21.4250477066045,-1.78538714435118,0.114754272110213,0.189644706070596,-6.39495238594388
"P43897_TSFM",-0.0492289854962067,22.5675794222567,-0.840489335415015,0.426761153773085,0.535026077500038,-7.51524289277057
"P45844_ABCG1",1.66650694435438,18.0059471248608,17.9541536459256,9.39813679502311e-07,3.35741849523139e-05,6.54191617468132
"P45877_PPIC",-0.12019978726731,21.0189889344469,-2.1201540830769,0.0693040736319072,0.126662596919897,-5.90609277251463
"P45880_VDAC2",0.0680738742405893,24.7869035078472,0.985417082653374,0.355309129204815,0.464014057528324,-7.38055010879805
"P45954_ACADSB",0.177112583777365,19.6858029407579,2.90864580188324,0.0211793859217982,0.0488668300158921,-4.69770386806642
"P45973_CBX5",0.299164847240011,21.8406032961629,5.73085860325129,0.000567153591798058,0.0029576324756454,-0.788477523301458
"P45974_USP5",0.974332985919375,22.9500869963542,14.0098117435583,1.26420039943969e-06,4.193083164791e-05,5.94031273189182
"P45983_MAPK8",-0.330551763424069,18.2439069590065,-4.57705603710505,0.00216955316820154,0.00830141840385425,-2.25815054560154
"P45984_MAPK9",0.0134698414865966,19.7121851213043,0.118691950004722,0.908727167700387,0.938272526693729,-7.88943279919038
"P45985_MAP2K4",-0.122253337354667,18.1209754358028,-1.65850203165041,0.138550894617872,0.220226603767683,-6.57186532074979
"P46013_MKI67",-0.0632353976662898,21.6322339769218,-0.740309979890451,0.481768133187126,0.58732536728043,-7.59795694116955
"P46019_PHKA2",0.258700147848788,17.5902745516121,3.62239210179017,0.00761529302781985,0.0219197722882842,-3.61519551780634
"P46020_PHKA1",0.0716424024457005,22.7424135447222,0.968982234099884,0.362928271970803,0.471387468436423,-7.39667154189539
"P46060_RANGAP1",-0.248223217041964,21.9405372550023,-2.89868093743037,0.0214932930640643,0.0494481569289111,-4.71306035737166
"P46063_RECQL",-0.511723741445959,19.832766590942,-6.34095921698727,0.000299364817520253,0.00182653154823809,-0.084388211255626
"P46087_NOP2",0.943523502831564,21.4632564426416,15.9653717600314,4.90830242157939e-07,2.32566634591688e-05,6.96629290886687
"P46100_ATRX",-0.338345845814725,18.5229881357173,-5.77957737992879,0.000538034090148648,0.00285445566910924,-0.730474081787141
"P46108_CRK",-0.560719631936752,20.5579776422804,-12.6108967402535,2.69221142604244e-06,6.88359744217205e-05,5.11450374219646
"P46109_CRKL",-0.541179573474416,21.4708696822505,-9.82042482915608,1.57930066846433e-05,0.0002299762592459,3.16769290644366
"P46199_MTIF2",-0.487228690455542,19.8437457317945,-8.66368800392136,3.75796935239435e-05,0.000403304324899977,2.20962900185963
"P46379_BAG6",0.2230275864978,22.1656822178652,2.43869658815797,0.043306516869597,0.0871258740705445,-5.42751126221681
"P46459_NSF",0.496297643716542,21.6424707513246,12.3865011669361,3.06110876087958e-06,7.47673369869788e-05,4.97378213020814
"P46527_CDKN1B",-0.0207901200768319,17.0658904606961,-0.246863128465511,0.811673923752022,0.866654629481035,-7.86305534212987
"P46531_NOTCH1",-0.432256456713109,15.6878821354886,-4.12292268183589,0.0075953893647158,0.0218707162686449,-3.25567927734595
"P46734_MAP2K3",0.238547365744402,19.1898787766866,2.6943831592682,0.0291207562707606,0.0633366093001322,-5.0283673356104
"P46736_BRCC3",-0.0544309317032692,19.015571722746,-0.816652913978294,0.439435533660694,0.547218796273029,-7.53572271343979
"P46776_RPL27A",-0.066917552983309,25.0325769681761,-1.38027215826595,0.207465203819958,0.302743172972624,-6.93681066090864
"P46777_RPL5",-0.0657055511036866,24.0162036292839,-1.01750156137525,0.340788365972203,0.449055660250645,-7.34848006056856
"P46778_RPL21",-0.0677528321180674,23.5271552501079,-1.63867131320893,0.142663141750139,0.225762723800417,-6.59898777850044
"P46779_RPL28",-0.0503960040921214,24.1977440347935,-0.658369498324755,0.530097960773663,0.63302076071769,-7.6588461977728
"P46781_RPS9",0.0780712401639967,24.9918092445307,1.55023472486402,0.162411111256256,0.249966766686928,-6.71801381493862
"P46782_RPS5",-0.121591762699431,24.9488718434358,-2.11453728211421,0.0698962053744454,0.127470536757546,-5.91449776560081
"P46783_RPS10",-0.0666904589201707,24.8228603313969,-0.725061115883145,0.490846134187732,0.596774601759734,-7.60940913740523
"P46821_MAP1B",-0.733595771310139,16.347223248839,-4.07035178190204,0.0139517437798964,0.0352249277401943,-3.5411013617371
"P46926_GNPDA1",-0.351690382722037,21.1645781203954,-2.9734321009971,0.0205437600095228,0.0477009373725437,-4.63315534118723
"P46934_NEDD4",-0.270684568159709,18.8130446195854,-4.00486771792893,0.0045306498542936,0.0146455890638793,-3.05687458287905
"P46937_YAP1",-1.01396819351147,18.3839699985038,-11.2205700235107,6.18588282904802e-06,0.000121259164687364,4.2010253900306
"P46939_UTRN",0.815310623729328,17.5465848292812,6.47854527965774,0.000260776116342192,0.00167251124952689,0.0679053690751346
"P46940_IQGAP1",0.172467828975009,22.276436653607,3.87575874426309,0.00538574736534238,0.0167102429415757,-3.24328037658081
"P46976_GYG1",0.217428667759762,22.4818265789631,3.46504757838415,0.00948690933573849,0.0259954917102942,-3.84991952522052
"P46977_STT3A",0.233071556902608,21.2521467826414,2.86086905926417,0.0227293949480533,0.0517007510794012,-4.77135951555416
"P47224_RABIF",0.442007021827788,22.1889958441338,4.77888976666328,0.00177967646270091,0.00710105770216516,-2.02439815799259
"P47736_RAP1GAP",0.05219431401569,16.273123903634,0.432627614304892,0.677524020658635,0.761849281581198,-7.79274521842938
"P47755_CAPZA2",0.246925849608051,21.5195927700062,5.40036937875196,0.000817534935553817,0.00390384421131101,-1.19041576834649
"P47756_CAPZB",0.171501932524826,22.756765900492,3.30149676712656,0.0119645131176263,0.0312011512900956,-4.09659625991338
"P47813_EIF1AX",-0.457550670458605,19.7249727533529,-2.93457711042666,0.0221952677082308,0.050742470582962,-4.70320428149389
"P47897_QARS1",-0.245336372767969,21.6222932447512,-5.53201966149556,0.000705506568233731,0.00348874367021143,-1.02851976386628
"P47914_RPL29",0.147445492480774,23.6564986506369,2.70555943639007,0.0286382183726328,0.0624648158227611,-5.01110900747645
"P47974_ZFP36L2",0.126202254472766,18.8545718870009,0.824643890287884,0.436590438757868,0.544597534558558,-7.52729521367448
"P47985_UQCRFS1",-0.0286556363917114,20.3770252550244,-0.412955559562871,0.691256968911138,0.771933907000533,-7.80194411010525
"P48047_ATP5PO",0.260195811242646,23.2186079243985,5.56104938271534,0.000683158360872153,0.00340244017515805,-0.993140435256898
"P48059_LIMS1",0.148267109224012,18.665465911899,1.71910996592834,0.126657788273516,0.204942547503496,-6.48806153793652
"P48067_SLC6A9",0.187586687676092,16.1608840476863,1.72942110743624,0.124732307397884,0.202501272044345,-6.47367320642507
"P48147_PREP",-0.0519507185680474,21.3555889647122,-1.10373332675235,0.30405039701429,0.410320438689187,-7.25850894338241
"P48163_ME1",0.192968150631941,21.3114641220714,2.04214322142628,0.0786682509701053,0.139995060211,-6.02480143331448
"P48200_IREB2",-0.660363922894224,18.7275873845334,-6.94548118694782,0.000165822760961499,0.00118811153472414,0.567958093015895
"P48382_RFX5",0.0647931970198137,17.4955237442886,0.835766422248321,0.429251779316103,0.537477230264975,-7.51933957317962
"P48426_PIP4K2A",-0.316226215606996,18.8405848910394,-4.7792218073642,0.00169202843366282,0.00685509134888833,-1.98702118336968
"P48444_ARCN1",0.452224574034386,22.7991649376309,8.46208361345184,4.41461631108981e-05,0.000452409406143185,2.03151954457463
"P48449_LSS",0.017401587958279,21.4053109909716,0.194757188181815,0.850809728084729,0.897411750994447,-7.87598776053744
"P48506_GCLC",0.310246078804376,20.2835191600149,5.32520762693542,0.000890224423743822,0.00417707663838007,-1.28391909053344
"P48507_GCLM",0.0346171511556399,19.3966126500155,0.428966077566127,0.680070501649997,0.763381961607374,-7.79448827494735
"P48509_CD151",-0.411422544642658,19.3019009660542,-3.55948695879354,0.00859928004133656,0.0241607849746483,-3.73024116620784
"P48552_NRIP1",-0.25612219600557,15.17716299023,-4.16086795015756,0.00505877265895255,0.0159350296570632,-2.99404247088654
"P48553_TRAPPC10",0.119551131036022,18.1720158374606,1.87933790213521,0.0996903816432003,0.168912448506708,-6.260611448552
"P48556_PSMD8",-0.0085366170481862,22.6671521654049,-0.193680827198983,0.851597090551949,0.897870605057185,-7.87623585812276
"P48634_PRRC2A",0.105772869270066,19.3541550045606,1.58395951298321,0.154601635561303,0.240425041469927,-6.67300775474964
"P48637_GSS",-0.599749281297626,21.9659208510375,-12.4983745507089,2.87051348824616e-06,7.21877487422429e-05,5.044243957804
"P48643_CCT5",-0.0393893237147935,24.045824700646,-0.634624036041888,0.544647481898985,0.646557453279152,-7.67530841668165
"P48651_PTDSS1",0.699247540376401,19.0830330723332,5.05028162740742,0.00139619225686053,0.00593653492975458,-1.7317958066814
"P48723_HSPA13",-0.307526188948628,18.2867875068134,-4.15122094455993,0.00373549860171835,0.0125982655732155,-2.84825427415591
"P48729_CSNK1A1",-0.13169424925352,21.2723492727622,-1.54782923241256,0.162981679002635,0.250602360413344,-6.72120517969272
"P48730_CSNK1D",-0.378489838815515,18.5312191040795,-3.9741173352479,0.00472004841192595,0.0151108752550979,-3.10107329664865
"P48735_IDH2",0.623319672020198,23.5519435482204,11.1177215815044,6.60260682216373e-06,0.000126826455164426,4.12927243420657
"P48739_PITPNB",-0.030630704369905,20.216383877279,-0.61118973274832,0.559239530208393,0.660103677534198,-7.69102194609235
"P48960_ADGRE5",-0.508838122774996,16.7814394647459,-3.25781881595226,0.0127369999533663,0.0327572650347813,-4.16288948577765
"P49005_POLD2",-0.238272593688521,19.7833839411123,-3.43231786691892,0.00993493918025371,0.0269622328835781,-3.89907589891422
"P49006_MARCKSL1",-0.650465727192099,21.7575639273354,-5.46166188328267,0.000922894654255427,0.0043153086432922,-1.26132030881856
"P49023_PXN",-0.144488124927786,19.3087704495941,-1.82082050829116,0.108833757680235,0.181192090040373,-6.34459356028874
"P49069_CAMLG",0.175754981686254,17.9626532548705,2.44885486190789,0.0421267528874447,0.0850882498875864,-5.40674789930808
"P49116_NR2C2",0.187814342639079,17.0810751984146,2.13362466808643,0.0679041568007326,0.124700283147154,-5.88591314328616
"P49137_MAPKAPK2",0.0296112959465908,19.1206709069436,0.493741642669286,0.635700436236894,0.725904381632719,-7.76158681379524
"P49189_ALDH9A1",0.0551785454109357,22.1225679690479,0.906214640913987,0.39316338628023,0.501540812299743,-7.45627955672061
"P49207_RPL34",-0.0743953016833103,23.8896238399879,-0.885448270612302,0.403564433179238,0.511904777112207,-7.47529877527495
"P49247_RPIA",-0.101707021067039,19.7333354631436,-1.99597685001916,0.0836259752492294,0.14666679990373,-6.09050984753058
"P49257_LMAN1",0.229104610370658,21.2450186451591,4.40795037706539,0.002683367705007,0.00973166323756097,-2.48942752156398
"P49281_SLC11A2",0.59961927341913,17.6293833445858,5.0857929963048,0.00117372723735268,0.00517482395015066,-1.58702601604462
"P49321_NASP",0.363914505865392,22.7417304002822,7.38702225251979,0.00011034972480074,0.000881529410764535,1.01818258167613
"P49327_FASN",0.239310417638649,25.7577114563192,3.6368820051657,0.00746404338923722,0.0215982633272969,-3.59371835635946
"P49336_CDK8",0.00950512336004294,17.3129920717005,0.105440991324035,0.91880676759024,0.945163545994021,-7.89113408997026
"P49354_FNTA",-0.738890251540713,19.3462898695754,-11.8447818573825,4.2113797929202e-06,9.38424185691918e-05,4.62372269117237
"P49356_FNTB",-0.772580209393546,18.1513394103086,-10.6569483119206,8.90266033057511e-06,0.000153290176187493,3.80006455436727
"P49366_DHPS",-0.597456740362979,18.4917173143267,-7.26407877752805,0.000123360497151361,0.000952617172446621,0.894941650852365
"P49368_CCT3",-0.129074244998854,24.8636418965668,-2.68991197005738,0.0293161513491254,0.0636585289851667,-5.03527151593341
"P49406_MRPL19",-0.185732664057042,21.0815255949408,-3.69621843286776,0.00687753797457192,0.0202226068521548,-3.50602418072345
"P49407_ARRB1",0.76220024649524,19.3627293490592,11.0467470720881,6.90863165089642e-06,0.000129426914738603,4.07939552172622
"P49411_TUFM",-0.0562433525596298,24.0464871187602,-1.38942253605008,0.204782592521509,0.299727291732896,-6.92539891472486
"P49419_ALDH7A1",0.320748270153238,22.5107291295533,4.54528689516153,0.00225721143410986,0.00855546921852747,-2.30128866757929
"P49427_CDC34",-0.255863240713648,19.0257683122116,-2.59858416662685,0.0336179839813145,0.0713122884398305,-5.17623586811597
"P49441_INPP1",-0.963485607115784,16.2131270480633,-11.9402490643044,3.97735272776214e-06,9.02280759754942e-05,4.68650773544188
"P49447_CYB561",-0.0381685225833834,18.464214156969,-0.164009947679701,0.874636244489536,0.913718787800288,-7.88198853414573
"P49448_GLUD2",-0.83689953969872,17.1162281420299,-4.90984982766034,0.00154700070303382,0.00641715701285596,-1.86548734832961
"P49450_CENPA",-0.172073280304168,16.5289613743642,-1.66321289926272,0.13759035146176,0.219095654431402,-6.56540012850078
"P49454_CENPF",-0.159401001765978,17.2310995417988,-1.86316115910405,0.102141483772963,0.172149833210825,-6.28392523800528
"P49458_SRP9",0.220707212295174,23.836603760789,4.57895427187795,0.00216443480037409,0.00828598099592385,-2.25557756960854
"P49459_UBE2A",0.466671805333061,20.2173435338227,8.80140329006207,3.37254896121821e-05,0.000380875834702095,2.32929179097873
"P49585_PCYT1A",0.590011367859255,20.7943329057676,11.2972425383342,5.89448240988141e-06,0.000117966801108752,4.25411853521562
"P49588_AARS1",0.377428150654257,22.5780898121806,4.1224652478438,0.00403369473154142,0.0134427184928658,-2.91600901781094
"P49589_CARS1",-0.226202867750327,21.182650320183,-2.99553628537902,0.0186375842787553,0.0441538059532334,-4.56396537167913
"P49590_HARS2",0.553525699848322,20.9672078314059,7.17023423930605,0.000134448737637859,0.00101366923002114,0.799781887178721
"P49591_SARS1",-0.115218527277477,23.0176113373269,-1.09200724492166,0.310132959854463,0.416763311317871,-7.26989405985249
"P49593_PPM1F",-0.397529058800387,19.1156823472865,-6.02232502643179,0.000415602468022229,0.00235878312400144,-0.446130125599487
"P49641_MAN2A2",-0.144219250505596,16.8590779947878,-1.74578165777478,0.121733665326534,0.198475980256207,-6.45076849845352
"P49642_PRIM1",-0.188974166810208,19.6832127093978,-2.61926093253116,0.0325901326660605,0.0695177355558127,-5.1443353566123
"P49643_PRIM2",-0.0139402533760844,19.5009791258309,-0.156629108995134,0.87969431851115,0.917498371762311,-7.8835555476126
"P49662_CASP4",-0.310585970575639,15.3882339612654,-1.93936777962796,0.135565257102027,0.216552689917867,-5.5883466102657
"P49711_CTCF",0.189588668697233,19.2724696458234,2.48097726798108,0.0401321975719003,0.0819254073263493,-5.35738988199883
"P49715_CEBPA",-0.534670085646125,15.5824721164104,-3.43597590034702,0.0222338118212794,0.0508153935347326,-3.87884005438213
"P49720_PSMB3",0.255577169188854,22.8609000645811,6.48931890884877,0.000257996711339444,0.0016574662673866,0.0797333881087283
"P49721_PSMB2",0.210297652726439,23.2291058938372,4.20149087608066,0.00349849164015134,0.0119904144798575,-2.77727023070614
"P49736_MCM2",0.0480118281095372,22.6902205232665,0.57593488737499,0.581619040928821,0.678851537084098,-7.71365057012803
"P49748_ACADVL",-0.073438972544583,21.3124052475124,-1.54942307010226,0.162603426799638,0.250171704142329,-6.71909092032254
"P49750_YLPM1",-0.18050685353645,20.1300645692072,-2.87788647440337,0.0221641295939284,0.050692620970156,-4.74511640644257
"P49753_ACOT2",-0.17646666076282,15.3925678838784,-3.01613190004567,0.0180834338266712,0.0432024536265318,-4.53231582868169
"P49754_VPS41",-0.593265791096766,18.3713317415815,-9.67480202829206,1.7526334066631e-05,0.000245851053099806,3.0526930910465
"P49755_TMED10",0.0782862620941565,22.7938861203336,1.40341432923856,0.200739618334792,0.295282669928224,-6.90786381417788
"P49756_RBM25",-0.134885992054556,21.5023542784276,-2.80210213994608,0.0247999550146939,0.055502241243365,-4.86203967623409
"P49757_NUMB",0.192052136216702,19.5416883015187,1.88618736690187,0.0986696971303545,0.167517174008785,-6.25071839074107
"P49760_CLK2",-0.278161797914468,17.1496848172182,-2.42608225388263,0.0436017115618173,0.0875584672682147,-5.44169824887747
"P49761_CLK3",-0.159876438356164,18.3656113117582,-2.66542553119534,0.0304105523323758,0.0655821361300459,-5.07307917272258
"P49768_PSEN1",0.0551726879425836,16.1393679453248,0.378509099045888,0.715661131869659,0.791555172619147,-7.81701268485186
"P49770_EIF2B2",-0.00291693872196319,20.1393985915036,-0.0611433224535905,0.952851909465626,0.96804689008169,-7.89530873262658
"P49773_HINT1",0.297000650101779,23.1012357903145,5.15187920778836,0.00108662908129714,0.00488376209671758,-1.50255236235418
"P49789_FHIT",0.147115818537092,17.680396575603,0.574493815051316,0.584688350850484,0.681289809823495,-7.7122390640929
"P49790_NUP153",-0.351312084758916,20.0645363541602,-7.10699699412776,0.000142547761659708,0.00105906475985274,0.7351191021934
"P49792_RANBP2",-0.0410236417854897,20.5723457173073,-0.813975813713224,0.440875235322408,0.548148000199822,-7.53799214572777
"P49795_RGS19",0.137489568945817,16.2391193495289,1.49040871217678,0.177153502227119,0.267180612453408,-6.79661295701484
"P49796_RGS3",0.54022634526191,17.2138351537535,7.10199753303127,0.000143210951770792,0.00106192795954191,0.729988259822875
"P49810_PSEN2",-0.299385944148817,15.5899024452951,-4.16144579628059,0.00505533251015416,0.0159307572300612,-3.02744558238861
"P49815_TSC2",-0.102928586182976,19.7452166792897,-1.37342847773167,0.209491668782255,0.305001677364376,-6.94531643939745
"P49821_NDUFV1",0.115083716549041,21.7791407742867,2.29413213794776,0.053241163326684,0.102798136942241,-5.64335388757442
"P49840_GSK3A",-0.0864611114187497,19.7219380108432,-1.67617559978432,0.134979198393622,0.215791713032044,-6.54756698849848
"P49841_GSK3B",-0.132177294095825,20.7580505688073,-2.29263590597538,0.0533620090742255,0.102966319881992,-5.64563060212256
"P49842_STK19",0.311275930503477,15.6822981810667,4.58406623748518,0.00215071661453096,0.00824171855543317,-2.24865108024068
"P49848_TAF6",-0.0445162327163295,18.7497787533968,-0.593102674976626,0.570657719230418,0.669292432992202,-7.70278401238171
"P49902_NT5C2",0.164296283087843,19.0803981388112,2.13527870597712,0.0677342066185836,0.124447971545079,-5.88343318015072
"P49903_SEPHS1",-0.0933010767529403,21.4429145828604,-1.66819641756668,0.13658096898924,0.217942289276298,-6.55855162081388
"P49914_MTHFS",-0.240607868533676,19.1028234450419,-3.66769596166623,0.00715302655292496,0.0208641312465133,-3.54812634673381
"P49915_GMPS",-0.194422707080964,22.916439697174,-2.99662061842285,0.0186079681435409,0.044133068980284,-4.56229853285902
"P49916_LIG3",-0.154366008159041,21.3241410634142,-3.14792880640785,0.0149243398210009,0.0373108495525022,-4.33035895648252
"P49959_MRE11",-0.1337800478465,19.9145858007479,-2.31642694732632,0.0514727922085921,0.100053266319524,-5.60939998076944
"P50053_KHK",-0.912750324181356,16.8891312831966,-9.04271364655631,2.79955945154909e-05,0.000338649240618557,2.53516900592726
"P50135_HNMT",-2.48276374716795,19.1461421513389,-17.970906336001,9.03993838279054e-06,0.000153920554424129,4.51655073469577
"P50148_GNAQ",-0.0731684850764509,19.5319765429671,-1.27544329440193,0.240450172948271,0.340604330589129,-7.06424363268684
"P50151_GNG10",0.254893856569296,19.2439620649767,1.15357973205481,0.289419845669819,0.393843844810567,-7.19992444397821
"P50213_IDH3A",0.266828550938069,22.1230854284893,5.50034315243245,0.000730819723345895,0.00358608266044889,-1.06725619372761
"P50219_MNX1",-0.0558697489487727,16.7158996598844,-0.412642934235684,0.691476225806497,0.771953233979362,-7.80208700071113
"P50336_PPOX",-0.783579390934875,17.7190911796877,-5.3985269624076,0.00086574250605445,0.00408807996219041,-1.23519678430331
"P50395_GDI2",-0.0669955071324182,24.107057847628,-1.5009473950038,0.174471802247543,0.26428312426837,-6.78288625400741
"P50402_EMD",0.764464285410867,20.4085336655353,16.1580022109986,4.49851860341257e-07,2.29274498153927e-05,7.06032600198025
"P50416_CPT1A",0.475264063501239,21.6784966739418,6.65906126981829,0.000218290901215882,0.0014742349291479,0.264252117483569
"P50443_SLC26A2",-3.42007722617527,18.2258661507924,-33.0505007108273,1.69704235455678e-07,1.17944443641696e-05,8.40802089570734
"P50452_SERPINB8",-0.323680358318631,16.3697544624351,-3.54349007984822,0.00849877320247116,0.0239399856790317,-3.73256246809743
"P50453_SERPINB9",-0.794665837845947,16.4934520909927,-6.25379239421771,0.00111117540523304,0.00497070566003896,-0.955733944029117
"P50454_SERPINH1",0.0725207258104099,23.6017676411119,1.38002766074039,0.207537304217935,0.302783683720326,-6.93711497059946
"P50502_ST13",0.126644168347315,18.046514233323,0.514762438212461,0.623515873290176,0.715410303362359,-7.7480359454163
"P50542_PEX5",-0.491366833420649,19.4772976030996,-10.2459213592872,1.17381235844322e-05,0.000186954072506217,3.49518616051351
"P50548_ERF",0.00135075351527547,17.9523894546004,0.0154171794349685,0.98810382756804,0.99219276310455,-7.89729067363553
"P50552_VASP",0.55358798051315,20.3966854815424,9.47025578898589,2.03341433252036e-05,0.000269886329377051,2.88854582015054
"P50570_DNM2",0.00721595043621903,21.7616349499292,0.177735710154878,0.863663302775894,0.906716005180131,-7.87957408470365
"P50579_METAP2",-0.144961483474141,21.2518180896588,-2.51504590328541,0.038121974796847,0.0788360556264712,-5.30497629733864
"P50583_NUDT2",-0.00652821197221343,20.0316662338777,-0.129933127417351,0.900055582324058,0.931869572977712,-7.88787567092485
"P50613_CDK7",-0.443139657667778,18.4648431733083,-6.42287777633228,0.00027567917735063,0.00173177264654525,0.0065656165352026
"P50616_TOB1",0.191689008813849,17.6903325755732,2.83879877980297,0.0234850159189615,0.0531192150001363,-4.80540619301403
"P50747_HLCS",-0.635119165623038,17.0015421039746,-7.94813083381873,6.75534851085686e-05,0.000623618269123318,1.56095204944439
"P50748_KNTC1",0.0266168381800824,19.8818845709117,0.305919257013806,0.768031770000862,0.833797625909768,-7.84475858755226
"P50750_CDK9",-0.00133125680115853,19.7947103593783,-0.0250676564371687,0.980658774504218,0.987114724303456,-7.89706943894987
"P50851_LRBA",0.257681349156076,19.6847273983789,4.44669501572002,0.0025548672112587,0.00937231139046783,-2.43607927737141
"P50895_BCAM",1.24112632874582,20.9737413417661,14.4815273132075,9.95356798543148e-07,3.48636945873043e-05,6.2004748684544
"P50897_PPT1",2.08294709367027,22.3604609681049,36.0522175053056,1.2208365958168e-09,8.48481434092675e-07,13.0520681664593
"P50914_RPL14",-0.0681906194965016,25.0229095708945,-1.23841759027375,0.253128386706155,0.354750965420451,-7.1077232014265
"P50990_CCT8",-0.117791602075908,24.1943340296174,-1.9367476733545,0.0914413523320672,0.157946032213885,-6.17730856396089
"P50991_CCT4",-0.234380440128998,24.4462790341995,-3.064963383298,0.0168377285925424,0.0408519311615317,-4.45736661594456
"P50995_ANXA11",0.202107315060726,21.2979577738725,3.95694336733035,0.00482954699768464,0.0153777121188251,-3.12581246775864
"P51003_PAPOLA",0.0291175905601797,20.3481020399357,0.571497823282087,0.584471345098989,0.681255907872663,-7.71641161894186
"P51114_FXR1",0.222774732096308,20.7854733058677,4.22078213786408,0.00341192717111456,0.0117867976607189,-2.75012248555473
"P51116_FXR2",-0.0247742760448375,19.9285378588574,-0.348156510246106,0.737346182626863,0.808869502967767,-7.82933653113404
"P51148_RAB5C",0.248704911117272,22.5199766600056,5.05420083126704,0.00121805940991628,0.00533031722313105,-1.62762671071905
"P51149_RAB7A",0.123705225746633,24.42048677485,2.46566610202302,0.041070599590018,0.0833292818114881,-5.38092441397892
"P51151_RAB9A",0.26354934154033,19.0945275236757,1.76533504450598,0.120567418334384,0.196868413747622,-6.42645476970104
"P51153_RAB13",-0.276428704393556,19.5631084202145,-4.35806614788719,0.00285931540020046,0.0102147038479124,-2.55842697095532
"P51157_RAB28",0.179588639725967,16.1350943970399,1.73432313352025,0.123826610610834,0.201330165486989,-6.46681996377963
"P51159_RAB27A",0.126895739472982,18.7622922460454,0.986685055458385,0.355450378930111,0.464119239439915,-7.37855251417844
"P51178_PLCD1",-0.0279892381381135,15.1834274395832,-0.44196181842133,0.672938465164239,0.757786797198499,-7.76210510078191
"P51397_DAP",0.56027227196811,19.7764806846301,4.12467135672292,0.00436876471245633,0.0142548895547284,-2.96975174222993
"P51398_DAP3",-0.134722844536459,20.0990541795521,-2.2422332042665,0.057598026936246,0.109318996009831,-5.72216942129372
"P51452_DUSP3",0.343069867268689,20.1975929226647,5.81787862464594,0.000516303821578426,0.00276604254797973,-0.685095133908572
"P51530_DNA2",-1.02478307946875,17.8914875908602,-9.11632357964253,2.64719778940924e-05,0.000323805233600539,2.59702998944297
"P51531_SMARCA2",0.187294631775764,18.1912599718003,2.2298229278559,0.0586917915495921,0.11106404613778,-5.74096587501779
"P51532_SMARCA4",-0.111977554547657,19.5630038707712,-1.36294562193013,0.21262932561719,0.308336721233577,-6.95829629238444
"P51553_IDH3G",0.624913930936842,21.4693430421991,9.74137408937925,1.67087016455059e-05,0.000238317209104277,3.10545517364199
"P51570_GALK1",0.0506291440465496,21.7532439040459,0.891267000096232,0.400630084422484,0.509450598038904,-7.47000544317006
"P51571_SSR4",-0.0546303597702114,21.5551621369812,-0.893143353983362,0.39968716782025,0.508674612616249,-7.46829254416383
"P51572_BCAP31",1.34138790459946,22.3600806242996,30.71680882079,4.00114292154011e-09,1.45660655405591e-06,11.9340954116595
"P51580_TPMT",0.401570295397313,18.9604623036677,6.22577506047851,0.000336591957989844,0.00201507088397209,-0.213679803560375
"P51587_BRCA2",-0.0104248768677699,16.0621052340737,-0.133307330292689,0.897477294440328,0.930081864714153,-7.88737384653401
"P51589_CYP2J2",1.59511730236033,16.6410822773752,10.3018883961814,1.12979637663074e-05,0.000182221377623249,3.53734690168859
"P51608_MECP2",1.44996750037998,19.1099033605829,18.5627074694734,1.63519223800371e-07,1.14688483115031e-05,8.14425649572474
"P51610_HCFC1",0.331285698729737,21.2267075874557,6.34891752668439,0.000296967188060252,0.0018206208121256,-0.075515970296463
"P51617_IRAK1",1.20864918004477,18.2512729725483,9.55699471327283,1.99506602460284e-05,0.000267583855405065,2.92015940069719
"P51648_ALDH3A2",-0.131109228696332,20.101017423892,-2.11022326335731,0.0703543934972206,0.128122758048178,-5.9209495080074
"P51649_ALDH5A1",0.415745864357085,20.7853506795983,8.75815754111163,3.48857983823366e-05,0.000387085527769177,2.29188730168394
"P51659_HSD17B4",0.583548105039384,22.7255243989802,13.833287822011,1.38521271277479e-06,4.44955932317785e-05,5.84070248755874
"P51665_PSMD7",0.015223818408959,22.4011920425488,0.345851926814976,0.739008053660804,0.810111352199146,-7.83022783889081
"P51687_SUOX",0.0968961191910118,16.8518762204334,0.860303155229424,0.416423791464955,0.524560864351554,-7.49784910624039
"P51688_SGSH",0.506177099776568,16.8487744628649,4.40317008279465,0.00269970518279838,0.00977237032315037,-2.49602434386989
"P51689_ARSD",0.248347713645355,16.6936303675155,1.80965536746,0.110667177990856,0.183724337837154,-6.36050342538819
"P51692_STAT5B",-0.040531159709559,18.3792342136515,-0.576084093217637,0.581523263218182,0.678843387891739,-7.71355738435123
"P51784_USP11",-0.566463538823612,19.0252671744269,-7.19919233042785,0.000130912648364641,0.000995847956962864,0.829247334173823
"P51790_CLCN3",0.384072189961469,16.5269731068543,2.11738203396448,0.0768721602350092,0.137438649437943,-5.88213623641392
"P51798_CLCN7",-0.105636504321957,18.1378133155111,-0.981120039255513,0.357289350319955,0.465963337290354,-7.38478541168943
"P51805_PLXNA3",0.186971631569474,16.8860810964239,2.14970595077762,0.0662696105691627,0.122227062195717,-5.86178252912786
"P51808_DYNLT3",0.0308551364886078,17.2243239193197,0.273129548325213,0.792164803701783,0.851914871983439,-7.85539054262113
"P51809_VAMP7",1.32459226948508,19.9625939114334,16.0144133055785,4.80010930260414e-07,2.30816456091076e-05,6.99034344286079
"P51812_RPS6KA3",-1.2232999431926,19.3411929967282,-19.1981640240591,1.27810357211299e-07,9.51450768248797e-06,8.40576278578143
"P51858_HDGF",-0.178467642206773,22.8200533220819,-4.07920985930941,0.0041059505882054,0.0136241285793534,-2.95054106676786
"P51946_CCNH",-0.432111006708176,18.1386082619069,-4.05521629126547,0.00423809754015396,0.0139393181175109,-2.98477857463481
"P51948_MNAT1",-0.240910569190387,18.5219824907377,-4.07527147798364,0.00412733116669496,0.0136634762905243,-2.95615558961623
"P51956_NEK3",-1.19199238660437,16.2882473389301,-13.1188683549012,6.78939866080213e-06,0.000128160377189709,4.39071400965176
"P51965_UBE2E1",0.633232796708601,19.2607915311402,5.45196721485869,0.000827189470456119,0.00393275093385387,-1.1805407256424
"P51970_NDUFA8",0.402468821161705,21.7039106392896,6.02350670290435,0.000415087820046778,0.00235761246973077,-0.444764739396507
"P51991_HNRNPA3",0.310772046923244,24.5154654422006,6.67493795975239,0.000214940152923889,0.00145546277157053,0.281336044682172
"P52179_MYOM1",0.0839285104875671,16.4688619600309,1.17482231796402,0.276215545904083,0.379386965223988,-7.18040870774156
"P52209_PGD",-0.173692272631946,24.3547396741462,-4.12957838691147,0.00384286531061971,0.0128967099647444,-2.87892171201195
"P52272_HNRNPM",-0.0953858731030373,23.6548303427751,-1.62752286534505,0.145024409281394,0.228794755396174,-6.6141682858222
"P52292_KPNA2",-0.436028866540216,23.7725573130524,-5.94544420762785,0.000450659408186715,0.00249297480143809,-0.535351457782932
"P52294_KPNA1",0.0778632423282133,20.414914540091,1.70874305080958,0.128621833321649,0.207584350504418,-6.50249022522741
"P52298_NCBP2",0.342597266876368,19.5860625565778,2.15048655383394,0.0691690013690735,0.126536734976446,-5.87500589235749
"P52306_RAP1GDS1",-0.109442576956919,20.5397818297123,-2.48732998415033,0.0397493007384413,0.0812957207451535,-5.34762119317637
"P52429_DGKE",-0.284713816711211,17.9575624379009,-3.66112780380753,0.00721813333849381,0.0210139487329723,-3.55783522955369
"P52434_POLR2H",0.218130894358215,20.1090546351708,3.94255295311202,0.0049234176168181,0.0156115834427932,-3.1465717528447
"P52435_POLR2J",0.00150475945833151,18.5278589527167,0.00950712340235416,0.992678047472508,0.994499236394617,-7.89737373733739
"P52564_MAP2K6",-0.14656980162076,17.2538069176767,-1.84151094479609,0.10551263965801,0.176508562403826,-6.31501207568984
"P52565_ARHGDIA",0.273004518248445,24.5795634400583,5.21326569339185,0.00101207445237837,0.00463311927451057,-1.42463832106334
"P52566_ARHGDIB",3.21446196519721,18.8798852186141,39.2196559069427,7.86327360967258e-07,3.03333908324132e-05,6.87002969941788
"P52569_SLC7A2",-2.17313247596542,16.8343754557954,-26.324151816824,1.25265071780817e-08,2.28012255658178e-06,10.8085621008786
"P52594_AGFG1",-0.142918256148871,19.1294147393672,-2.27490141700331,0.0548155595727226,0.10508148268141,-5.67259629820741
"P52597_HNRNPF",-0.10149188924667,23.5992252523699,-2.29781010912528,0.0529452752638468,0.102420705817841,-5.63775629456696
"P52630_STAT2",-0.44564945655085,18.5854152369355,-4.37463213329173,0.00279952672515964,0.0100859480743852,-2.53547405464483
"P52657_GTF2A2",0.143598961288461,19.2283456303195,1.37890511518267,0.207868616270332,0.303089653205974,-6.93851171779336
"P52701_MSH6",-0.487173410729543,21.1259118808453,-7.42950043562178,0.000106216991277281,0.000856570567842631,1.06039285768237
"P52732_KIF11",-0.762043090151106,20.4809454193544,-9.75706067509151,1.65223440170776e-05,0.000237431052651426,3.11784106748506
"P52735_VAV2",0.421775327778128,19.9043819201254,6.81892823483585,0.000187037802908366,0.00130704205048854,0.434931814201651
"P52739_ZNF131",0.601608949505916,17.185049749967,7.26644331034326,0.00012309463624257,0.000952488354326366,0.897327076415385
"P52747_ZNF143",-0.132952391473143,17.3264656132145,-1.62409304369802,0.145758100384458,0.229518279367789,-6.61882868990454
"P52756_RBM5",-0.453956630423129,18.8223541276788,-4.35945771430701,0.00285423983281048,0.010201338719886,-2.55649740397428
"P52758_RIDA",1.20397306357146,21.7736646326291,27.7640810589374,8.4513927235086e-09,1.9399096381899e-06,11.2015848005695
"P52788_SMS",0.297859141827846,22.3485044003241,5.85953321719713,0.000493769553701477,0.00267911159549169,-0.635963494483843
"P52789_HK2",-0.0705608229820704,19.3253217539919,-0.945405548906847,0.374073568165893,0.482746865062163,-7.41942984360448
"P52803_EFNA5",0.0252325148414538,15.6264732246644,0.326708614300831,0.752868988807815,0.822240488490821,-7.83740966145337
"P52815_MRPL12",0.142535624756501,22.5357642798862,1.85455146252891,0.103469535779042,0.173928012539749,-6.29630363646063
"P52848_NDST1",0.360009061025433,18.2348967625786,4.09029454348244,0.00404641729139254,0.0134733711640662,-2.93475010412375
"P52849_NDST2",0.123059960511235,15.8422587233487,1.27037445946723,0.255426106206247,0.357365544477334,-6.97150248830655
"P52888_THOP1",-0.21254733751837,20.2302726220465,-3.64141624509272,0.00741737943409396,0.0215039308963399,-3.58700261126531
"P52907_CAPZA1",0.0983318666954922,23.3340757209409,1.86789763409187,0.101417876128179,0.171232257729667,-6.27710658739739
"P52943_CRIP2",-2.4519867883267,22.2499876541204,-44.0625892799061,2.75199453007485e-10,4.20779963648445e-07,14.3598409261807
"P52948_NUP98",-0.155576920448137,20.4074288787842,-2.9771961884333,0.0191460787363509,0.0450790797472752,-4.59216638200349
"P53004_BLVRA",-0.653931059562826,23.0486332891972,-7.59970609057991,9.37291195413157e-05,0.000794376617134914,1.2057749585296
"P53007_SLC25A1",0.248264687837487,22.6941241737686,4.82103654574629,0.00160841887467196,0.00659823202721362,-1.93167309960128
"P53041_PPP5C",-0.135209056769295,20.6813015000215,-3.0526246180687,0.0171437088753406,0.0413711030151448,-4.47629214315462
"P53350_PLK1",-0.431453966156479,19.0487298335417,-3.59791968563885,0.00818570444921329,0.023179553166232,-3.67588089232491
"P53365_ARFIP2",-0.105845720877483,19.7913444660206,-1.76222750840605,0.118788083561727,0.194536001398848,-6.42765363552019
"P53367_ARFIP1",0.378183764483239,20.9882520436003,7.0883634656872,0.000145037125443715,0.00107234895939768,0.715981930666917
"P53370_NUDT6",-1.13958926539617,17.5064407841082,-9.12183792274906,2.63616448348138e-05,0.000323555258282851,2.60164678378906
"P53384_NUBP1",-0.141525159365472,19.6666322295289,-1.57654096338543,0.156289400554024,0.24235952682262,-6.68294956373678
"P53396_ACLY",0.647676728882992,24.7965077265675,11.7977460012863,4.33236603198009e-06,9.4902402047243e-05,4.59261222524531
"P53582_METAP1",-0.248494948818514,20.2754883169832,-5.03299393656054,0.00124885179833959,0.00544636166474966,-1.65496023196642
"P53597_SUCLG1",0.129069642361667,21.4613472418285,3.07073935249198,0.0166964779089312,0.0406252621304197,-4.44851036292392
"P53602_MVD",-0.173695002138523,22.4682040764636,-2.50190369062049,0.0388849434126084,0.0799342275852087,-5.32520248498257
"P53609_PGGT1B",-0.417485059871819,17.5342739769337,-5.03330221399647,0.00124839808593821,0.00544636166474966,-1.65456243619054
"P53611_RABGGTB",-0.351030375135043,19.1156123622065,-3.14810384028621,0.0150501370546166,0.0375271682265308,-4.33505704693526
"P53618_COPB1",0.628387777359134,22.0688186668555,4.78938656814695,0.00204515257250611,0.00791254626356741,-2.12207318500907
"P53621_COPA",0.164365390497391,22.8664596679701,3.90125518397266,0.00520394999585582,0.0162716555085144,-3.20629699121474
"P53634_CTSC",0.358564320769386,18.5582946422852,5.67398423348204,0.000603378731059077,0.00310210517750279,-0.856592409046354
"P53667_LIMK1",0.236868153704684,17.6526003549695,2.07083993407197,0.0884467281265828,0.153711124466407,-5.93834673798797
"P53671_LIMK2",0.284255987359549,15.7194128882337,3.99149082029175,0.00461200919127154,0.0148520683518412,-3.07608631823623
"P53675_CLTCL1",0.523892342642352,22.2889979217451,1.84122060990676,0.118050811726215,0.193669196490754,-6.33706590900418
"P53677_AP3M2",0.273696683640175,17.4027671999896,2.71024904601857,0.0284382174261233,0.062099449363814,-5.00386718853633
"P53680_AP2S1",0.0187534351095238,21.2626695505048,0.222817179677411,0.829659366661737,0.8808145893805,-7.86940380549522
"P53701_HCCS",0.581132053755987,20.4641103681989,9.81032939752778,1.59067428671604e-05,0.000231192108782208,3.15976951955438
"P53778_MAPK12",-0.425797486383786,17.8946122940237,-2.13144993774747,0.0708990042153198,0.128838337824131,-5.90194669040746
"P53794_SLC5A3",0.568661856593394,17.0611683449221,5.97147920795479,0.000438432854406053,0.0024465833371783,-0.505051631136487
"P53801_PTTG1IP",-0.336213254870607,18.2545132445836,-3.32807925413532,0.0115188961308357,0.0302930722119845,-4.05633163232862
"P53803_POLR2K",-0.0482420891788742,19.8873737928106,-0.476926036592841,0.647144510238502,0.735020023885507,-7.77048020817402
"P53814_SMTN",0.483082278495825,18.9588348258923,3.7063767071183,0.00720832859749393,0.0210094060723756,-3.53055848321147
"P53985_SLC16A1",-0.951472701023736,17.9634819615073,-15.5338290003641,5.98893405062663e-07,2.57418120419475e-05,6.75132104707829
"P53990_IST1",0.081875077330718,20.9355675143932,1.58787302414246,0.153718043198131,0.239196914359803,-6.66775382546858
"P53992_SEC24C",-0.155345541094903,21.4658139201528,-2.30113873969528,0.0526789186979046,0.102008696414762,-5.63268906572719
"P53999_SUB1",0.488466066424099,24.2023320478553,4.54956075532219,0.00249724068236324,0.00923182060767261,-2.37224959083663
"P54098_POLG",0.156084278095324,18.7892936958588,1.77554263973208,0.116452792798761,0.191788367287059,-6.40887389036538
"P54105_CLNS1A",0.115477923123311,22.1184201211925,0.864809291881476,0.4162311638438,0.524404622212566,-7.49147260057384
"P54132_BLM",-0.256116470467852,16.8096495443706,-3.42767840371742,0.01000025602042,0.0270722228314841,-3.9060526222346
"P54136_RARS1",-0.10754984509758,23.0550863666406,-2.44220539987438,0.0425521029086375,0.0858339912233598,-5.41695690814027
"P54198_HIRA",0.0463163257264902,18.2817010250664,0.689881747252942,0.511163385251834,0.616184812401493,-7.63617128330023
"P54252_ATXN3",-0.149186563712213,18.9273247690742,-1.63610560370074,0.143203387211949,0.226336550596517,-6.60248575688862
"P54259_ATN1",0.756851967611144,17.5950449557704,10.6718494732282,8.81544502443235e-06,0.00015327493151199,3.81091449146958
"P54277_PMS1",0.413076762930558,17.2434502538274,5.89722652721972,0.000474315786388266,0.00259380843128633,-0.59170110004374
"P54278_PMS2",-0.552340294987307,17.48353929793,-6.40086669939228,0.000281831549293663,0.00176462096179366,-0.017792374116457
"P54284_CACNB3",0.111210117360578,16.3765594752552,1.12880242522357,0.293985694388378,0.399062612499849,-7.23135968694057
"P54577_YARS1",-0.0360071100737258,22.645370239035,-0.52423230738922,0.615336596251,0.709005015574814,-7.74460144385806
"P54578_USP14",0.0338905055576824,23.2123058439416,0.706569024446001,0.501311794729325,0.607566371386444,-7.62378613655352
"P54619_PRKAG1",0.31127161642565,20.4379172511411,5.18864295315739,0.00104127905790918,0.00471577792392804,-1.45582668979907
"P54652_HSPA2",-1.31233058930254,19.1523884222811,-13.7477153991575,1.44854612048074e-06,4.61422295461469e-05,5.79196000589452
"P54709_ATP1B3",1.09520736856942,21.1596086751832,11.0798267583361,8.04670825027841e-06,0.000142731054694614,3.94977594810764
"P54725_RAD23A",0.294334549605495,19.4884918325287,3.64339513750867,0.00739711212211917,0.0214695983954446,-3.58407238418518
"P54727_RAD23B",0.508962672527591,22.8146366046208,8.11616788659216,5.8639293650795e-05,0.000561073091314553,1.71749179839544
"P54753_EPHB3",-0.354230903049988,17.8066411705843,-3.7069687544991,0.00677668651452495,0.0200165218230348,-3.49018066289422
"P54756_EPHA5",3.34431704713873,16.5829096968732,11.2151040982372,0.000337340224554557,0.00201639250720844,1.13588875812374
"P54760_EPHB4",-0.503473173825995,18.1777097713126,-5.7320605477669,0.000566414504164614,0.0029576324756454,-0.787042705646416
"P54764_EPHA4",-1.65287838086704,16.8379867926979,-8.42545824443808,0.000295074186924864,0.0018154624884536,0.610508923499662
"P54802_NAGLU",0.41925902618442,18.8549245134964,4.36750896290709,0.00282506623245863,0.0101254717989434,-2.54533878194085
"P54803_GALC",-0.962602806681367,17.6533135640514,-5.92623280827716,0.000517157837674874,0.00276838691304939,-0.650469669584101
"P54819_AK2",0.456425772395882,23.5113702778829,8.15969647086368,5.6550718874764e-05,0.000546561625534223,1.7576093410957
"P54886_ALDH18A1",0.62864791506793,23.1464433276113,14.7948269088967,8.52615057579045e-07,3.1799141942636e-05,6.36860804608537
"P54920_NAPA",-0.0463288320232991,22.3655633697109,-0.621539565901038,0.552766605192244,0.653917541055584,-7.68414769978483
"P55010_EIF5",-0.133232544612671,23.179355594275,-2.85210309511629,0.0230264307575556,0.0522365172526743,-4.78488086611367
"P55011_SLC12A2",1.19668870295098,21.020863666187,16.8922247121522,3.25529516855235e-07,1.87300888856635e-05,7.40836683756415
"P55036_PSMD4",0.0135955236203849,23.0420906269337,0.179018631519484,0.862690997559141,0.906068508907766,-7.87931600443937
"P55039_DRG2",0.0654950521881332,20.2734189969466,1.19968179170965,0.266990399367939,0.369705054006139,-7.15230336932577
"P55055_NR1H2",0.185184303929709,15.3243813048347,1.823084882016,0.123001372573108,0.200201297279415,-6.02515024627137
"P55060_CSE1L",-0.172567560723508,24.1927862709492,-2.32040778209843,0.0511633278237595,0.099629047685339,-5.60333171845293
"P55061_TMBIM6",0.223881662933046,19.6254610067249,4.15324670616078,0.00372561716478982,0.0125805402936476,-2.84538706025916
"P55072_VCP",-0.010159021793843,24.3817244467772,-0.0823827321117118,0.936638079324107,0.957461242194854,-7.89355641630482
"P55081_MFAP1",-0.117500200759526,19.6014443220766,-1.36277839325299,0.212679710427073,0.308351296456472,-6.95850287177964
"P55082_MFAP3",-0.801602730487328,15.9876182285785,-4.41766104772516,0.0159237662595945,0.0391942025288475,-3.06136467031319
"P55084_HADHB",-0.678575753693359,22.9943187244368,-12.972521758998,2.19850579481067e-06,5.87677510535929e-05,5.33626436738319
"P55145_MANF",-0.237721584426183,21.2130780043675,-4.17221193487072,0.0036344734964912,0.0123601200536812,-2.81857147043991
"P55196_AFDN",-0.120796733815531,19.3813998261455,-2.15699245866818,0.0655419104405126,0.12114794615999,-5.85083487512214
"P55197_MLLT10",0.00548759679237598,15.2716801617277,0.0706065385886766,0.946226604550382,0.963364281766903,-7.80345656020922
"P55199_ELL",0.00157337402284341,17.0614471501461,0.0194469024720513,0.984994819378368,0.990045410747781,-7.89721111766435
"P55201_BRPF1",-0.0362314613528021,18.1889875811872,-0.468000910090396,0.653156738811791,0.740360577333554,-7.77518328688061
"P55209_NAP1L1",-0.125279041536828,24.0099715337374,-2.08934929159477,0.0726136926864722,0.131157720631555,-5.95211992520618
"P55210_CASP7",0.113170164419493,21.3846871911122,2.29327437827133,0.0533104080293018,0.102892721379453,-5.64465911324773
"P55212_CASP6",-0.36730735196355,19.910801492551,-6.03035201189031,0.000412120418182882,0.00235288720485196,-0.436858763308469
"P55263_ADK",0.0795137490272886,22.4320420905985,1.89743312935902,0.0970156994144593,0.165591654838924,-6.23444808898627
"P55265_ADAR",-0.342782671025727,21.1334001556052,-5.98113081960788,0.000433994212049416,0.00242890611355621,-0.49384134660608
"P55268_LAMB2",-0.139359042413588,17.1078082550896,-1.26294686754857,0.244667511472051,0.345234980657776,-7.07901113999201
"P55317_FOXA1",0.337270065319846,17.6058170095421,2.99062244507352,0.0187724172170182,0.0443722888040226,-4.57151965624879
"P55327_TPD52",0.515858856526471,21.9805138739497,8.86257901320416,3.21573935762164e-05,0.000372883534623583,2.38193777283945
"P55345_PRMT2",0.275740088905781,15.8078137940054,1.56892011007128,0.176908879577784,0.266938285589498,-6.60772814728136
"P55347_PKNOX1",-0.0275887349079156,16.9459270429483,-0.175898332585469,0.865079378830087,0.908077969402171,-7.87993023334835
"P55735_SEC13",0.190689504239909,20.9479764765731,2.08132805833251,0.0736893346915699,0.13269345158957,-5.96485465541757
"P55769_SNU13",0.160780539694777,22.5508705625413,1.46405303407037,0.185887007206348,0.277668263011436,-6.83061386842202
"P55786_NPEPPS",-0.00216549955401391,22.4793830692072,-0.048123215482986,0.962881841920172,0.975771912191039,-7.89611404158208
"P55789_GFER",0.00788377077709512,17.8134931254594,0.124073898124391,0.904535743478232,0.934862208853735,-7.88871664635711
"P55795_HNRNPH2",0.229817722252321,21.1716402131906,1.77666212320303,0.118890950630213,0.194588164754437,-6.41106533506632
"P55809_OXCT1",1.08070733807996,21.2568960720054,18.6084666888846,1.60600375015003e-07,1.13684246943491e-05,8.1634081208122
"P55854_SUMO3",0.051865366701243,17.6989675460498,0.393814909831263,0.704738243227028,0.782417059173777,-7.81050168220574
"P55884_EIF3B",-0.537010393288632,22.9719608978717,-10.345210828808,1.09699931172415e-05,0.000178437441236832,3.56983997895166
"P55957_BID",0.0176936716115392,20.9724662528758,0.157938455141027,0.878858349841116,0.917001785797098,-7.88325869843795
"P56134_ATP5MF",0.176281594216785,21.3471341842906,2.8294022195193,0.0238146404554365,0.0537375815471699,-4.8199052481331
"P56159_GFRA1",-1.00544926217768,17.0504857049753,-11.1080062021175,6.64358048392597e-06,0.000127004012623268,4.12246252077368
"P56181_NDUFV3",0.0140051962788732,17.0319385543535,0.1937219152476,0.851566050642498,0.897870605057185,-7.87622688935636
"P56182_RRP1",-0.466744314378236,20.9616027502477,-5.99343602596931,0.000428407415942126,0.00240606029452387,-0.479566440280625
"P56192_MARS1",-0.17105984430253,22.2320504801882,-3.98136102164301,0.00467467286390011,0.0150039368025228,-3.09065039526013
"P56211_ARPP19",-0.251224259487472,20.3133830871041,-1.3403779963427,0.224457966241477,0.321887291674375,-6.98392643388548
"P56270_MAZ",-0.596656587245533,18.8956812706026,-8.74815531674286,3.51605034759254e-05,0.000388629801858854,2.28321372216555
"P56282_POLE2",0.0943931982254682,17.8860711841228,1.28639209757803,0.236806204021443,0.336190051948734,-7.05122847736814
"P56373_P2RX3",-0.0308287927378021,15.2119714121658,-0.296380079715664,0.783875478257122,0.845355907924347,-7.54829142564727
"P56377_AP1S2",-1.28516265831122,17.7262281270254,-6.11416170451373,0.000512515426734805,0.0027539661446164,-0.583382053245027
"P56378_ATP5MJ",0.234271818922416,21.4685795036142,5.02060424275798,0.00126723770348161,0.00550143795747693,-1.67095885656702
"P56385_ATP5ME",0.286201431793348,22.7774041895866,6.25411544375719,0.000326976841322336,0.00196674897868549,-0.181715040183438
"P56524_HDAC4",-0.0796147148466773,16.7577637605721,-0.858855545107263,0.417172946725675,0.525331440902287,-7.49913117872842
"P56537_EIF6",-0.188655428445625,22.3149593292451,-2.12868654535589,0.0686700717444899,0.125985768775288,-5.89451507265136
"P56545_CTBP2",0.00719995938085916,20.6627872500045,0.134718672997223,0.896399249842399,0.929499063991216,-7.88716014851103
"P56556_NDUFA6",0.133386565445086,20.5858961890032,2.46796784643912,0.0409281108550256,0.0831284291941209,-5.37738734652661
"P56557_TMEM50B",-0.137773952892825,15.4078418481197,-1.47338836544295,0.187653262650892,0.279650914808201,-6.75914675303442
"P56589_PEX3",0.357945600521539,17.8684954463675,3.15769781770188,0.0147146552910666,0.0368348198101519,-4.31543447100371
"P56937_HSD17B7",0.212066683454854,18.4815660370945,2.99394909196092,0.0186810243011936,0.0442019284378289,-4.56640531235071
"P56945_BCAR1",-0.187829941977014,19.1204663684626,-2.41057892133863,0.0446358102376163,0.089236602841678,-5.46547056885134
"P56962_STX17",0.618433528077304,19.0225477349095,8.72785521622697,3.57255322165472e-05,0.000390173848279291,2.2655842470228
"P57057_SLC37A1",-0.142814136855897,15.841245053875,-0.932337375070744,0.385589078150831,0.493939092235774,-7.3667818941889
"P57060_RWDD2B",-0.554547700139697,17.1424229705983,-5.66370097525895,0.000610198333061805,0.00312875000419685,-0.868954411133675
"P57071_PRDM15",-0.144867596223969,15.9628619514163,-1.46719356796117,0.18319213857332,0.274447168213411,-6.82666530821309
"P57076_CFAP298",-0.160477065556563,19.3247188372359,-2.64559947795691,0.0313275610527108,0.0673013962009783,-5.103685733623
"P57081_WDR4",-0.0430923278216575,19.144598028089,-0.589129951916566,0.573183608538057,0.671466240771292,-7.70532446868148
"P57086_SCAND1",0.086418242283937,15.9232585608127,0.791232357355181,0.453238079827267,0.560227181936857,-7.55701965435312
"P57088_TMEM33",0.12540444609678,20.4250429055413,0.64817331574488,0.539043378232643,0.640999630827276,-7.66292829259779
"P57105_SYNJ2BP",0.485307602193473,19.6588176827875,2.81269247443173,0.0271456993706296,0.059751836033155,-4.89968442262323
"P57678_GEMIN4",-0.0637767725123766,18.6506701257264,-0.40041522189741,0.700732574924923,0.779441369896848,-7.80701480306917
"P57721_PCBP3",-0.0963364119673606,21.8376023371703,-1.4323626628586,0.192598088168205,0.285517235611,-6.87126271576607
"P57723_PCBP4",0.0613143563577996,15.1436031626437,1.07158275383712,0.322319946866323,0.429441616206524,-7.26372596404157
"P57735_RAB25",-0.924195734422561,20.9357349048206,-9.17903583778994,2.92717837799183e-05,0.000350386835509077,2.52207172982443
"P57737_CORO7",-0.290906892502086,19.8428638737615,-5.84688168395787,0.000500496239706488,0.00270409452477463,-0.65086178499855
"P57740_NUP107",-0.285074966777842,20.5445261624715,-6.34135246917265,0.000299245836293655,0.00182653154823809,-0.0839496145413756
"P57768_SNX16",-0.119424689198979,16.5336843346852,-0.83039242646107,0.432098177476219,0.540564648470903,-7.52397773058031
"P57772_EEFSEC",-0.0325877324736119,19.2422163642408,-0.477752587958604,0.646515630002262,0.73441485755829,-7.7701128767482
"P57775_FBXW4",0.03219408335646,15.2655679035156,0.367970000968175,0.726743330964421,0.799860927083739,-7.72739940829375
"P58004_SESN2",-0.0457356251942578,16.6798339882888,-0.311011705957331,0.764307307862319,0.831170607198781,-7.84300193534089
"P58107_EPPK1",1.34464430099862,21.4402089919132,3.10657051352386,0.0250543549778243,0.0559732740518605,-4.64694539254431
"P58335_ANTXR2",-0.00919488385365597,15.2693075032307,-0.101167973859586,0.923030815970122,0.948478027196962,-7.54947365651743
"P58511_SMIM11",0.899472723547607,18.9503963457965,7.42668137397222,0.000119419017486807,0.000933495284955666,0.962225590302797
"P58512_LINC01547",-0.0440441136451764,15.3799163984641,-0.58716897654633,0.574432778477446,0.672440892606965,-7.70657272987549
"P58546_MTPN",-0.186547038077965,22.5743227969586,-3.52112345864829,0.00876877040535507,0.0245198426294585,-3.76595806253019
"P58557_YBEY",-0.526161655059443,17.2127617917922,-4.75484545964018,0.00174296382870605,0.00699301898344867,-2.01940249407023
"P59780_AP3S2",0.0628623109012736,17.4661092485933,0.704204372667578,0.502700365153598,0.608615265155096,-7.62555693024087
"P59998_ARPC4",0.443828036251077,23.4535132292626,6.51464687054281,0.000251591592605061,0.00163278244946154,0.107484959393128
"P60002_ELOF1",-0.341846969141216,18.7000529261341,-1.45187292502376,0.193150000808617,0.286002664377663,-6.84574968886915
"P60006_ANAPC15",-0.281553229267526,17.0157193958357,-2.34927995357747,0.0489743427870718,0.0961996019031767,-5.55927141976804
"P60033_CD81",-1.31394484921359,20.3490275884092,-21.1873459947078,6.20086345961943e-08,5.92570014359882e-06,9.16702757745251
"P60059_SEC61G",0.196813699349569,22.1968086517239,3.62875595537998,0.00754846362762367,0.0217666158335531,-3.6057599381801
"P60174_TPI1",1.21779650796669,26.3356203663958,23.0985434534682,3.28498391271332e-08,4.11700032994972e-06,9.82673255551891
"P60228_EIF3E",-0.344406848909724,21.7997939742911,-6.76030660004991,0.000197878240868641,0.00136079662886713,0.372690101588555
"P60468_SEC61B",0.098975800623613,21.5520985940123,1.21271593256755,0.262256812677556,0.364802280371164,-7.1374083736804
"P60484_PTEN",-0.432149263910134,19.3461583098203,-6.15159631765746,0.000363281533651873,0.00214628077648267,-0.297823049541504
"P60510_PPP4C",-0.123471947356322,20.8380976422395,-1.99033457398728,0.0843414973968605,0.147616929395375,-6.09881350409309
"P60520_GABARAPL2",-0.395722637528362,21.2579966868819,-5.75259174447748,0.000553953122318784,0.00291776748140961,-0.762563453103199
"P60602_ROMO1",-0.038019524556713,20.37820764012,-0.518560487860945,0.619098312977062,0.711623305173603,-7.7478327925232
"P60604_UBE2G2",0.00458831384749558,21.84898580773,0.0423693340454956,0.967362956348825,0.978154217858509,-7.89640370253414
"P60660_MYL6",-0.198833606063136,23.9005835202063,-4.71693508857728,0.00182555511412715,0.00725760210478525,-2.06993142955009
"P60673_PFN3",0.135222988533446,18.2223042894225,1.24552509685881,0.250651731309285,0.351831670332651,-7.09944158837301
"P60709_ACTB",-0.0741172275751154,25.052166796452,-0.742499682974211,0.481052516379706,0.586640052276736,-7.59563499452645
"P60763_RAC3",0.51288009193901,19.3516801512699,6.36970201031134,0.00029080554424416,0.00180278451365948,-0.0523813976010787
"P60842_EIF4A1",-0.225079255289504,25.2713232832746,-2.49594660300256,0.0394161812300805,0.0808285851601965,-5.33637224380366
"P60866_RPS20",-0.112805051415581,24.9066419974725,-2.02372714115307,0.0801923290521005,0.141889676245553,-6.04956830568498
"P60891_PRPS1",1.8965581197194,20.6275342058524,13.8828717557183,2.48969107608595e-06,6.48570426136676e-05,5.31931796259324
"P60900_PSMA6",0.259149329630333,24.1707489694584,4.84265900434904,0.0015669727963571,0.0064789113186317,-1.90315072692931
"P60903_S100A10",-0.112656819925,23.2910806734833,-0.984247457496031,0.357568706027852,0.46600967568751,-7.37992891847271
"P60953_CDC42",-0.0844063223530434,23.5316805791192,-1.17325372445397,0.276806370529121,0.379857243348614,-7.18216859986124
"P60981_DSTN",0.416133513772973,24.149528192656,7.02166488628328,0.000154354043560452,0.0011249157893419,0.647166243823568
"P60983_GMFB",0.223208065872988,21.4341777857083,3.35090498050191,0.0111503526008374,0.0295065578516449,-4.02180842994893
"P61006_RAB8A",0.0297780053480494,19.6824239296372,0.248736456980306,0.810483614859739,0.865584997482377,-7.86240876209734
"P61009_SPCS3",0.0365639211127089,21.4693556429405,0.446805125599293,0.667706326524632,0.753226334112559,-7.78586338789755
"P61011_SRP54",-0.226008328182871,22.1972692813052,-3.4319186942574,0.00994054098452117,0.0269678622521875,-3.89967608123913
"P61018_RAB4B",-0.170874734065293,17.2701202787307,-1.73175634298714,0.124300074372436,0.202038716469626,-6.47040947573045
"P61019_RAB2A",0.360648458135181,21.0839594385572,3.13549866529531,0.0160900067483975,0.0395168063295189,-4.38199538039076
"P61020_RAB5B",0.407597114549358,20.3503217051366,4.64678144090916,0.00198994940766569,0.00776221761569785,-2.16397895480352
"P61024_CKS1B",-0.276039991357386,19.5706769975524,-3.36347645636029,0.0109527575353948,0.0291555385376389,-4.00281505673041
"P61026_RAB10",-0.443381954026577,21.8378561671852,-10.5530729080604,9.53834950101207e-06,0.000159913776173766,3.72404152785276
"P61077_UBE2D3",-0.091969189394737,15.5544955998918,-0.420692774302948,0.688519082945748,0.769776014787986,-7.50837630165235
"P61081_UBE2M",-0.0838997575795126,23.0953882216768,-1.39520361954368,0.203103517533929,0.297902576560496,-6.91816627849935
"P61086_UBE2K",0.00957272499818274,22.8510145374439,0.226890017968336,0.826605081716888,0.87867016820434,-7.86837359667012
"P61088_UBE2N",0.504884416972047,23.0600314025333,2.60842934803987,0.038487575238561,0.0793520800158573,-5.23010095849727
"P61106_RAB14",0.49543154757573,21.9356729127657,7.73097600075835,8.14054795919096e-05,0.000715338955724309,1.35463195538505
"P61158_ACTR3",0.420197535979806,22.6661288369317,9.40223806341293,2.13772952377565e-05,0.000280806567169499,2.83327024579778
"P61160_ACTR2",0.174246649455416,22.2713323882695,4.07021581578621,0.00415495456709084,0.0137330858907953,-2.96336597121247
"P61163_ACTR1A",-0.22448058194351,20.747993430891,-3.01396507537709,0.0181409104443358,0.0432856617811945,-4.53564459708336
"P61165_TMEM258",-0.0562869540578745,18.5722147831323,-0.513288967123883,0.622605418027613,0.714580156255983,-7.75080675328204
"P61201_COPS2",0.0351893779028778,21.0653251471669,0.766519706478789,0.466937642085356,0.572899739005384,-7.57717684601816
"P61204_ARF3",-0.131244348325851,19.4454247918644,-0.651383135631762,0.536828308089551,0.638961920495814,-7.66097290982129
"P61218_POLR2F",-0.130529671838474,18.7758502023917,-0.774576339799894,0.464128890201408,0.570552398390379,-7.56874419224441
"P61221_ABCE1",-0.574709199760598,22.5216802814504,-12.2174297181995,3.37686966571386e-06,8.01744366285169e-05,4.86612566759942
"P61224_RAP1B",0.33886709533455,17.7789228387384,0.931821952383973,0.387084420370395,0.495273706063878,-7.42539053614187
"P61225_RAP2B",0.0192774236889193,19.9850183074891,0.261579816186054,0.800724772499389,0.858440735627238,-7.85885452848146
"P61244_MAX",0.323717889040733,18.7809287643989,4.21951855625119,0.00341752521454775,0.0118004017221075,-2.7518990905032
"P61247_RPS3A",-0.11869539001442,24.6769148392302,-1.92067207412897,0.0936821770202528,0.161016241753559,-6.20072056291484
"P61254_RPL26",-0.166175141911655,21.2966904636723,-1.78379120766764,0.115493208415387,0.190645780706392,-6.39791136092021
"P61289_PSME3",0.277290525960236,22.9923674919167,4.35742666060862,0.00286165115383339,0.0102182732699936,-2.55931378521112
"P61313_RPL15",-0.0807582265854627,24.5392296603592,-1.61717186784391,0.147249108352149,0.231505916203812,-6.62821881492105
"P61326_MAGOH",0.164209788673986,20.1739172821264,1.89559750670279,0.0972838394982788,0.165777667567031,-6.23710616424365
"P61353_RPL27",0.101928753594667,25.3132267113216,0.390403698079407,0.710029396223572,0.786350099106071,-7.8094782222673
"P61421_ATP6V0D1",0.122186231002384,21.0247282064368,2.5069491374947,0.0385902000080567,0.079413749410927,-5.31743845362235
"P61457_PCBD1",0.610121351730903,21.9459341857887,10.5950700129869,9.27537644717494e-06,0.000156534774699012,3.75485999128963
"P61513_RPL37A",-0.133800182013836,22.5933987700581,-2.36446810875954,0.0478610777442718,0.0944009131462739,-5.53606105764768
"P61586_RHOA",0.253358172341073,19.4498149874904,1.73580298003836,0.125968567637865,0.204161479667475,-6.46761127765736
"P61599_NAA20",0.132619204657455,19.9311726274492,2.80044936162601,0.0248609542484653,0.0555736828156483,-4.86459095994937
"P61604_HSPE1",0.648107995524295,26.5676159203551,4.90267038594383,0.00173317781215599,0.00696276635519316,-1.95278962598204
"P61619_SEC61A1",0.172237378029408,19.9625750491951,1.12853846559492,0.296794094785553,0.402588867039665,-7.22933288549281
"P61758_VBP1",0.409851411856522,21.755024795412,6.13750490774259,0.000368613105304372,0.00216915611023478,-0.313885971675759
"P61764_STXBP1",0.811908568831495,18.7222900922083,14.6366210225413,9.21575095135372e-07,3.32332151052354e-05,6.28415962533707
"P61769_B2M",-0.742005001435782,19.5219880552319,-9.90323854178951,1.48937960106395e-05,0.000219812877415713,3.23241637939054
"P61803_DAD1",0.22116405194642,19.8143779358351,1.60414142543633,0.152427545151068,0.237575653961247,-6.64701582403031
"P61812_TGFB2",2.6761422008825,16.4588776706863,22.6792559301573,2.12344237188807e-07,1.38753095174905e-05,8.10793599645449
"P61916_NPC2",0.450099923252761,19.6855186980717,4.25645566652855,0.00331008900562005,0.0115025592945297,-2.71119569469246
"P61923_COPZ1",0.184893474397757,22.584335485559,3.60533268952316,0.00779759652898298,0.0223687149959005,-3.64051208539782
"P61927_RPL37",-0.00857114182570129,17.8804101867729,-0.013665541664765,0.989602193752182,0.992848920109637,-7.89731422330684
"P61956_SUMO2",-0.635469848000735,19.4944258822958,-1.66157951551426,0.151136621622285,0.23609547051558,-6.57697845001594
"P61960_UFM1",-0.126629523823112,22.3166272844762,-2.92921031073501,0.0205466562155378,0.0477009373725437,-4.66602383713394
"P61962_DCAF7",-0.333247407412941,20.9577637567094,-7.24224960624759,0.000125845446900055,0.000966923056835094,0.872891278439994
"P61964_WDR5",0.343716980740915,20.8853330246909,5.62396129490102,0.000637366842060241,0.00322266501822126,-0.916861458377499
"P61966_AP1S1",0.0909415492563888,20.481467766434,1.39927647826262,0.201927874421924,0.296587627272931,-6.91306022879704
"P61968_LMO4",0.230625929871454,15.4070500982019,3.41471439471187,0.0127029903565874,0.0326984381401046,-4.00151286876181
"P61970_NUTF2",0.349678881921943,23.1360957274538,5.32784731787663,0.000887553799246401,0.00417303123938422,-1.28062193617118
"P61978_HNRNPK",0.00954100211459519,25.6039708075877,0.159959840193204,0.877160352740688,0.915980179852828,-7.88296041530126
"P61981_YWHAG",-0.208755545094039,23.2654127155298,-3.76984177863383,0.00621787236933551,0.0186560574032849,-3.39779969582694
"P62068_USP46",0.16901978860755,16.2477488003627,1.35919920850225,0.219643563050593,0.316646245431224,-6.90132618157072
"P62070_RRAS2",0.391483517517663,19.0212541340594,4.87706406172732,0.00150342350179674,0.00629100857757857,-1.857904631363
"P62072_TIMM10",-0.189128791349756,19.7049144527788,-3.05652301584727,0.0170464068461261,0.0411762890529461,-4.47031171826737
"P62081_RPS7",-0.128052895295195,25.500120500256,-2.20846028035763,0.0606234642981372,0.113897988997935,-5.77327259943264
"P62136_PPP1CA",-0.0248386368858249,23.3842174503058,-0.417064751858983,0.688377948740869,0.769730791008329,-7.80005633075597
"P62140_PPP1CB",-0.208847549848333,21.5351681741887,-3.39191854094321,0.0105193598903978,0.0281979335070447,-3.95989905156015
"P62166_NCS1",0.0959420296350793,18.638932662932,1.17682633613819,0.27546222919748,0.378488271426085,-7.17815793871118
"P62191_PSMC1",0.0430152516378861,22.969382403663,0.738368685161456,0.482878848091221,0.588304190224284,-7.59947132127594
"P62195_PSMC5",-0.0665482598662201,22.7365306254067,-1.48372617075618,0.178873135359609,0.269242984804924,-6.80528994201151
"P62241_RPS8",-0.0289825959000716,24.6500719362344,-0.549369986130745,0.598812701305192,0.693834965364988,-7.72988822734568
"P62244_RPS15A",-0.0980891042370189,25.100030243518,-1.60927275669511,0.148967998259723,0.233660309129172,-6.63891218434717
"P62249_RPS16",-0.0512703478089485,25.5198820870685,-0.880403092222135,0.406121276063493,0.514209532213548,-7.47986567760463
"P62253_UBE2G1",0.176519001870709,22.5562196582804,3.30139969415049,0.0119661736292565,0.0312011512900956,-4.09674341189687
"P62256_UBE2H",-0.00920067634165989,18.9982710847332,-0.147145002192492,0.886917755846766,0.922449556590126,-7.88518199413731
"P62258_YWHAE",-0.286795363977085,24.7012246404223,-5.78574034679932,0.000534470077211387,0.00283948835321825,-0.723159116058826
"P62263_RPS14",-0.00325961151567,24.9298864977462,-0.0477933952152533,0.963136016925256,0.975771912191039,-7.89613195070636
"P62266_RPS23",-0.059855275319407,25.0527569907565,-0.866817107745874,0.413064648801212,0.521145260534974,-7.49205818299771
"P62269_RPS18",-0.0316991818624039,25.8570820311576,-0.334272645706542,0.74750933815892,0.817212265062089,-7.83451937370411
"P62273_RPS29",-0.215540865391919,22.7023894215236,-2.61870293958201,0.0326174412928177,0.069556579828059,-5.14519637761885
"P62277_RPS13",-0.0584922173475668,25.0340568984082,-0.905306548176287,0.393614071762844,0.501948219954452,-7.45711865588255
"P62280_RPS11",0.0120420253593174,23.7044805806849,0.179829959449838,0.86207623536616,0.905671680551641,-7.87915184289898
"P62304_SNRPE",0.126051123848388,22.8648036826214,1.02049683875929,0.341508474556976,0.449755777431194,-7.34340376874053
"P62306_SNRPF",0.0970679046377931,22.8697183867483,1.15049526374401,0.285496205613191,0.3891973059759,-7.20751940139632
"P62310_LSM3",0.226369144215653,22.1491586111013,3.57034038160637,0.00818636933274382,0.023179553166232,-3.69254451652766
"P62312_LSM6",0.246612753583655,21.662266275677,3.36559962910676,0.0109197561427964,0.0290876431051145,-3.99960876460935
"P62314_SNRPD1",0.0927944048643958,22.9014106132679,1.73018343828044,0.124591050775596,0.202400888903407,-6.47260797724739
"P62316_SNRPD2",0.128469574379938,23.6320374789755,1.89321243044902,0.0976333097747831,0.166089597959105,-6.24055853689955
"P62318_SNRPD3",0.0973725006308257,24.2428649147492,0.946836066789273,0.374449317389778,0.483150216277612,-7.41693549405295
"P62328_TMSB4X",0.442950458333939,16.8647079797702,1.88055318038946,0.102398462971795,0.172468880682832,-6.26509421110494
"P62330_ARF6",-0.306920653006493,21.8380876514249,-5.080159477997,0.00118150052785399,0.00520309420244456,-1.59425556678421
"P62333_PSMC6",-0.0863836744315094,22.7414884622232,-1.59553549093976,0.152001434706301,0.237145540732796,-6.65744839063787
"P62341_SELENOT",-0.294463886734292,19.1997201001089,-3.09321072281876,0.0161587226610162,0.0396321574409589,-4.4140744691428
"P62380_TBPL1",-0.151531610826105,17.7750392484033,-1.77247856542825,0.116986302434835,0.192418305102048,-6.41320057609441
"P62424_RPL7A",-0.0338537785259838,24.779661993171,-0.64432585069765,0.538673938306302,0.640659965518307,-7.66864766976423
"P62487_POLR2G",-0.0606070662648044,20.1112124228285,-1.05274066959357,0.325374893507466,0.432682390131253,-7.31236614278404
"P62495_ETF1",-0.086547894971396,23.5772283335676,-1.77704063886893,0.116192805337375,0.19156454393862,-6.40675751095736
"P62633_CNBP",0.459178877915157,19.83619624006,3.56185805577215,0.00894165992872301,0.0248502832208312,-3.75340600001774
"P62699_YPEL5",0.148296743273541,17.5728989676272,0.923905000026993,0.385137148303614,0.493442852150348,-7.43906735364781
"P62701_RPS4X",-0.104939984280019,24.8305990343537,-2.2719440004574,0.0550617985149766,0.105421349773853,-5.67708951439562
"P62714_PPP2CB",0.0485072061871321,17.969728302749,0.502204179831434,0.630013925215942,0.720810604351373,-7.75696784631976
"P62745_RHOB",-0.227651014026499,20.0640100709986,-2.07509534465789,0.0750885212835869,0.134912278545951,-5.97694968742991
"P62750_RPL23A",-0.0406308111204901,24.7710994348992,-0.44836387796253,0.666722189663676,0.752449238260821,-7.78500737691898
"P62753_RPS6",-0.0475635029865344,24.6570520251257,-0.620979182244902,0.553115934266239,0.654172542924722,-7.68452256724576
"P62805_H4C16",0.23230736097797,29.6323341642748,1.6106778756204,0.150994984130985,0.235968244824485,-6.63825299251448
"P62820_RAB1A",0.0314784361920672,21.5003762823754,0.578668420160625,0.579865760075273,0.677011871682263,-7.71193985403419
"P62826_RAN",0.00425875068861359,26.674495453599,0.0343420068470004,0.973556833838511,0.982164422630696,-7.89675288392071
"P62829_RPL23",0.0311200459556957,24.5429522523174,0.490955692881224,0.637578227979878,0.727389337120111,-7.76309134094697
"P62834_RAP1A",-0.344169091359575,20.633575344027,-2.63800363617969,0.0333726117854352,0.0708901409001534,-5.13985582394312
"P62841_RPS15",-0.106137046109524,23.133167184316,-2.17318093448254,0.0639534862711688,0.118901848867482,-5.82648217975375
"P62847_RPS24",-0.0318549946014457,24.1937256609896,-0.666145230841897,0.52538591017199,0.629524458130154,-7.65333839724328
"P62851_RPS25",-0.016988609922457,25.7325415427591,-0.260674089668453,0.801397288761472,0.858682787984455,-7.85911996291078
"P62854_RPS26",0.53222982356473,22.8833444404821,3.22568542330634,0.0157852759741653,0.0389159738221522,-4.30974622467749
"P62857_RPS28",0.0739640489536875,23.8944973417547,0.188931239641753,0.857251131970631,0.901717790852431,-7.87627101094981
"P62861_FAU",-0.128555656860946,23.9948681678512,-1.94204778671614,0.09071401134245,0.156973430672936,-6.16957551158976
"P62873_GNB1",-0.00744865018141283,22.0864375382763,-0.143749106859704,0.889507002904345,0.924232466900852,-7.88573981441828
"P62875_POLR2L",-0.35878216909439,20.2429150962774,-5.76319531740278,0.000547636540546144,0.0028913545251901,-0.749942883306458
"P62877_RBX1",0.0785570823708817,20.6858895060361,1.71907189420483,0.12666494924186,0.204942547503496,-6.48811459529303
"P62879_GNB2",0.0419943247399317,21.290508384537,0.656323002333977,0.531342440851404,0.634110671293941,-7.66028623278524
"P62888_RPL30",-0.00518669894973911,24.1250618511987,-0.0650748396351957,0.949824988167127,0.965870182832893,-7.89502787456699
"P62899_RPL31",0.0229881393742772,24.4466603905063,0.364590793499862,0.725538769598085,0.798826911250313,-7.82281461750604
"P62906_RPL10A",-0.0147366542078231,24.2953167981493,-0.280495719132518,0.786721174941114,0.847707312533449,-7.85310469117142
"P62910_RPL32",-0.0910899677043311,23.6054233556175,-1.39892018916591,0.202030478466517,0.296639521532698,-6.91350724717156
"P62913_RPL11",-0.131232819454112,24.7000665758178,-2.14834821500036,0.0664060915335182,0.122390204863488,-5.86382151542719
"P62917_RPL8",0.0138541667488141,24.2965764527362,0.233297523329178,0.821806445336383,0.874663827731679,-7.8667155999776
"P62937_PPIA",0.225153129691211,27.8179888777539,3.43076759927962,0.00995671382443922,0.0269925805630631,-3.90140691765177
"P62942_FKBP1A",-0.14447368115983,22.749676513912,-2.49835114160202,0.0390938556971152,0.0803420770979693,-5.33066841987359
"P62979_RPS27A",-0.273694353845585,22.5208473362273,-0.821607990047817,0.445371282501059,0.552740962630588,-7.52180405332664
"P62987_UBA52",-0.357874054202426,16.3026161308955,-2.00680092564664,0.0837680381623294,0.146882259575919,-6.07949241386234
"P62993_GRB2",-0.0932338766891867,22.0578003571501,-1.79049935263099,0.113881546466046,0.188446844747386,-6.38771085754343
"P62995_TRA2B",0.187373616040876,22.9202106189667,2.35694542941989,0.0484092397809626,0.095359092534259,-5.54755982316343
"P63000_RAC1",-0.0113743215339284,22.5769758519136,-0.192742088356914,0.852306335333154,0.89838908571292,-7.87644025448114
"P63010_AP2B1",-0.0498276505075488,21.8973111128074,-1.07798981190944,0.314672249613538,0.421677361664417,-7.28593097923575
"P63027_VAMP2",0.153279640643554,18.2965809043643,0.65510038817631,0.53457741203333,0.637175602587279,-7.65835016190034
"P63096_GNAI1",-0.583358060560911,16.6724739853797,-5.3034300911695,0.00244491955983993,0.00909441919115318,-1.96692545863006
"P63098_PPP3R1",0.249391122568198,20.7625025505871,5.43266023604595,0.00078834187138817,0.00380004641031687,-1.15048544237813
"P63104_YWHAZ",0.0822215506683861,26.4041744158953,1.1900377971778,0.270538391881476,0.373535489603375,-7.1632541405317
"P63146_UBE2B",-0.066317947757156,18.4679343276938,-0.590456769603377,0.572339292616129,0.670682693447318,-7.70447773105282
"P63151_PPP2R2A",-0.0471630597302237,20.5736623967279,-0.951378964702204,0.371225748933559,0.480075861414436,-7.41370523394007
"P63165_SUMO1",0.14284422711949,20.7766810069632,2.03838009312735,0.0784353800216345,0.139770084331933,-6.02788374773987
"P63167_DYNLL1",-0.712661621604305,20.9174249065259,-1.44567106599216,0.20533277843193,0.300261876647304,-6.85187957717695
"P63172_DYNLT1",0.376154687405375,19.9657962936219,4.71199721450177,0.00183662516349891,0.00729023851243465,-2.07652804520794
"P63173_RPL38",-0.161757819385144,24.8621727127245,-2.03805817656607,0.0784735702536085,0.139778761553783,-6.02836062321762
"P63208_SKP1",0.0652166863362638,23.3501177698823,1.1944904856709,0.268895426760963,0.371736986905526,-7.15820555418725
"P63218_GNG5",-0.000385023451791255,19.6809516984542,-0.00191047610484057,0.998532162243393,0.998924153408891,-7.89742317327815
"P63220_RPS21",-0.0723263418565807,24.2985528602922,-1.05454965794454,0.324598661233125,0.431875524734987,-7.31048754943824
"P63241_EIF5A",0.173649390093107,21.3059865178491,0.288103734122456,0.784322486784851,0.845718675806796,-7.8484538921548
"P63244_RACK1",-0.0420977281483346,25.0908127257834,-0.857096084907184,0.418084783043744,0.526046439494638,-7.50068705719295
"P63261_ACTG1",0.537687405756625,24.6110444090924,4.99253527712651,0.00146774412855935,0.00616872120001991,-1.79241148240371
"P63272_SUPT4H1",-0.0738746314389473,19.8513814341184,-0.882009828707335,0.405305729954639,0.513503000141987,-7.47841355315512
"P63279_UBE2I",-0.102273678617333,22.7183386528984,-1.96022011925024,0.0882626080193008,0.153495823090891,-6.14300944064915
"P63313_TMSB10",-0.715096880593663,19.46883656263,-1.30416360433073,0.246550115201997,0.347378479675501,-7.02174571390938
"P67775_PPP2CA",-0.2328866692955,19.9433866276865,-2.57177991479944,0.0350003037854853,0.0737127610027644,-5.21757187790201
"P67809_YBX1",-0.071657640482254,23.6354769703208,-0.470901476376712,0.652824197567525,0.740261197034074,-7.77207338880922
"P67812_SEC11A",-0.0239357537375398,20.8352484347989,-0.133536494015586,0.897752312218051,0.930240773503253,-7.88718495902709
"P67870_CSNK2B",-0.0137572601567015,21.8427226203012,-0.30379314291926,0.76958867526531,0.834737226127919,-7.84548362749599
"P67936_TPM4",1.06634290332657,23.8708530382889,10.7963053572373,1.01096360711062e-05,0.000167653292328865,3.70896657717697
"P68036_UBE2L3",0.184524948229985,22.5128999880781,3.14491046992142,0.014989763628617,0.0374132363502374,-4.33497154486981
"P68133_ACTA1",0.951239977452691,21.1294157273225,1.09339482110188,0.321940047464984,0.429085017934066,-7.2571784316345
"P68366_TUBA4A",0.215274344120342,20.6306945494228,1.286090868542,0.24154221102617,0.341784651179716,-7.04899499245356
"P68371_TUBB4B",-0.0425591202496172,24.7490698060611,-0.685508386465749,0.513765429003947,0.618443820616466,-7.63937411602649
"P68400_CSNK2A1",-0.0768476867546859,20.3088929398712,-1.55247830712886,0.161880589821137,0.249310457127838,-6.71503497162504
"P68402_PAFAH1B2",0.0154798363363184,22.7802514427902,0.207023543995261,0.841532324271826,0.890082266056739,-7.87322445962079
"P68431_H3C12",1.2584069998218,17.0686938067491,3.4550327058378,0.0127532150354051,0.0327804702481547,-4.03741097033513
"P69905_HBA2",0.574234452286642,19.4041490807565,0.994757219521277,0.363564748473964,0.471973595191621,-7.3585011573573
"P78310_CXADR",1.40030825111177,17.5350443364425,9.04546306490614,3.18324499265984e-05,0.000370409558126095,2.42533851353463
"P78316_NOP14",0.000565829960329722,20.0028838535126,0.00708775233253465,0.994530769279306,0.995833363607112,-7.89739682406259
"P78317_RNF4",-0.190609155257528,15.9488780038305,-1.78034768358482,0.121818326905762,0.198571665073465,-6.38662213558013
"P78318_IGBP1",-0.282605595906375,19.911713950486,-5.09544194433926,0.001160543928424,0.00513149701145257,-1.57465387195314
"P78330_PSPH",-0.169373649230149,20.2933542380886,-1.62260833370892,0.146911895317173,0.231051520201561,-6.62134265676814
"P78332_RBM6",-0.195701865532243,16.9995440004372,-2.11361227839711,0.069994199836241,0.127616264006174,-5.91588141272078
"P78337_PITX1",0.384390080550906,15.3250256191963,2.43584716064479,0.0815541501932844,0.143957856898559,-5.00944663558564
"P78344_EIF4G2",-0.516266326045379,21.8458638298604,-8.70791707024374,3.62904275525221e-05,0.000395044692600012,2.24823518975136
"P78345_RPP38",-0.110405200216139,19.7737674383649,-1.57669724394907,0.156253672238804,0.242353281449717,-6.68274036741663
"P78346_RPP30",-0.0593679755121386,20.8100661014877,-1.1387712084388,0.2900592361361,0.394643683975882,-7.22044367793661
"P78347_GTF2I",-0.088724802625876,22.4463208836159,-2.1239827619146,0.0689032983877563,0.126288187247149,-5.90036038268401
"P78356_PIP4K2B",-0.1665812185284,17.7262012968105,-2.18592238167466,0.062730286928282,0.117140460079804,-5.80728640954795
"P78362_SRPK2",0.344100384754952,19.1937861555565,5.72676044558534,0.000569681636650846,0.00296676846879817,-0.793371138865299
"P78368_CSNK1G2",-0.12715194396341,15.9432617830647,-0.607071292472012,0.578896822262014,0.675983840872628,-7.52509959099669
"P78371_CCT2",-0.184998236397078,24.6085003449921,-3.30013936959196,0.011987754768228,0.0312253441918578,-4.09865400086199
"P78382_SLC35A1",0.912427983946571,18.2186597744939,13.3731652727221,1.76710434108542e-06,5.16075457720539e-05,5.57502394392395
"P78383_SLC35B1",0.195400760410465,17.4486220732727,1.06008449539978,0.323660343204766,0.430777041051607,-7.30336857421187
"P78395_PRAME",-0.0117089598992859,15.5015524163392,-0.148735743560884,0.887104808209284,0.922449556590126,-7.79335928670896
"P78406_RAE1",0.111528010604491,21.3650727238965,2.28820500422698,0.0537215000550528,0.103425048582442,-5.65237130842321
"P78411_IRX5",-0.0953422412293286,17.0129003493446,-1.09523683322538,0.307523842668005,0.413693432552682,-7.2676111808947
"P78417_GSTO1",-0.240532482543198,23.6577129960725,-4.3728679533683,0.00280582847460429,0.0101021691573646,-2.53791656269026
"P78527_PRKDC",0.604454260880313,22.8780727761118,2.09730693783084,0.083491914111905,0.146528711653135,-5.98587960250515
"P78536_ADAM17",-0.594484581043755,18.9034168653184,-5.1908014307165,0.00106164845453385,0.00478837901764677,-1.46971595742145
"P78537_BLOC1S1",-0.463286254809613,18.3061347748289,-5.66704297993864,0.000607972677440895,0.00312362306386804,-0.86493526380751
"P78545_ELF3",0.796630636002782,16.57292126229,6.7809894139097,0.00165562714072337,0.0067290108935833,-1.17878927580376
"P78549_NTHL1",0.184385463965729,19.2646777652684,1.60931218812024,0.149696566872604,0.234610548122398,-6.63925279993401
"P78560_CRADD",0.266579767413166,17.968858295354,2.38696451711373,0.0462590281794908,0.0918697223250565,-5.50164397696481
"P78563_ADARB1",-0.166844128450908,17.4890496628725,-1.6224972556177,0.146100632824729,0.22991752530775,-6.62099543301042
"P80217_IFI35",0.187948652484735,18.2576264611309,1.37327248827509,0.225122411593262,0.322658574546398,-6.84924993761459
"P80303_NUCB2",-0.137974896640365,20.4216431753775,-1.52640981532148,0.168143274102018,0.256577910281423,-6.7495093105362
"P80404_ABAT",-2.16024817783403,20.7084613341551,-42.20277119986,3.79141491796425e-10,4.83089450797278e-07,14.0886856978433
"P80723_BASP1",1.4229521307802,20.2292225307028,7.67314268821174,0.000160920564610451,0.00116060161928952,0.772946279807698
"P81274_GPSM2",-0.803055563898578,16.6091499578035,-7.82563679735256,0.000159224588450973,0.0011538123020926,0.869774629468246
"P81877_SSBP2",0.163864814007033,15.5953700965508,2.3943638651631,0.0507990966234511,0.0991039882710838,-5.47367597153927
"P82094_TMF1",0.215076281989248,18.9819909919447,3.31062391695941,0.0118094757851464,0.0309084020463691,-4.08276421709799
"P82650_MRPS22",-0.0444427725746941,21.1182163685271,-0.654989756096848,0.532154156656228,0.634782107604441,-7.66122223526024
"P82663_MRPS25",0.0277325359845086,20.6466759577122,0.424892031004749,0.682909076255933,0.765968293423798,-7.79641112778775
"P82664_MRPS10",-0.135632179433177,20.1982756673338,-2.51350787088295,0.0382104676820609,0.0789297555875049,-5.30734381405169
"P82673_MRPS35",-0.19560518440024,20.1746780401282,-2.68385701249101,0.0295829239845345,0.0641228959063699,-5.04462103921561
"P82675_MRPS5",-0.0632182978378886,20.6873178989605,-0.97503533389108,0.360107761875454,0.468520054380164,-7.39075825782846
"P82909_MRPS36",0.0679489658504053,19.5158522467306,1.12799785501331,0.294304468697245,0.399424403193758,-7.23223774888938
"P82912_MRPS11",-0.186408314822081,19.9571315469894,-2.88057873531642,0.0220760561207803,0.0505303739650796,-4.74096534947432
"P82914_MRPS15",0.0657938230953619,19.2767535632046,0.948357251034163,0.372664306861888,0.481578537180381,-7.4166046212904
"P82921_MRPS21",-0.0609327597451816,19.526437383452,-0.835715402960571,0.429278740091293,0.537477230264975,-7.51938372322943
"P82930_MRPS34",-0.0702700104819129,21.5055485483186,-1.16019494146117,0.28176560213062,0.3854174321504,-7.19675696081223
"P82932_MRPS6",0.138262742402286,20.4501477922635,2.16195835008817,0.065050525728666,0.120414350894831,-5.84336896275865
"P82933_MRPS9",-0.00624793274397106,20.6803661054024,-0.106102709902258,0.918299377434698,0.94499915742203,-7.89105493854832
"P82970_HMGN5",0.219614964672878,17.0573489196674,2.73741784601536,0.0273076797766493,0.0600078217569658,-4.96191190136064
"P82979_SARNP",0.127123657013556,22.4065377346002,2.09490547031326,0.0720054104716299,0.130414916620614,-5.94383081616677
"P83111_LACTB",0.31761137663532,18.4969536670369,4.51179926466584,0.00235382742854966,0.00883841389551187,-2.34691623768244
"P83369_LSM11",0.441379139433572,16.1887301136491,3.90514924358369,0.00517677337928399,0.0162197254035714,-3.20065591180113
"P83436_COG7",-0.100320648755833,20.8564935835761,-2.02587009062282,0.0799329916291041,0.141586589667401,-6.0463998092993
"P83731_RPL24",-0.0482701090400504,24.3509450823099,-0.58612555280123,0.575098090726816,0.673090156706446,-7.7072353762213
"P83876_TXNL4A",-0.0803792488830872,19.5415596438025,-0.78715585802075,0.455478843806792,0.56236042650241,-7.56038205075597
"P83881_RPL36A",-0.0779708420295258,19.2800767305304,-1.08931889359806,0.309961886674786,0.416679905684674,-7.27392099840918
"P83916_CBX1",0.205852841260754,22.4999183317661,4.03657015539067,0.00434398029060659,0.0141982596501443,-3.01143910778208
"P84022_SMAD3",-0.0287059148676683,17.6120032311485,-0.250071147074792,0.809283265701241,0.864826749550739,-7.86216000377971
"P84077_ARF1",-0.278477323118704,20.9436770274263,-3.08798147286367,0.0162822091041465,0.039896630961923,-4.42208516069412
"P84085_ARF5",-0.387070926567777,22.0320923222149,-7.22365247842549,0.000128006658146316,0.000978048301973541,0.854065292657932
"P84090_ERH",0.0338029406219853,23.1026629916094,0.556875067269438,0.593926891454877,0.689427738410649,-7.72537220972577
"P84095_RHOG",0.235162417352946,19.5568885793462,3.78691375284957,0.00607486129206674,0.0183313978802487,-3.37279892115449
"P84098_RPL19",-0.12398516345122,23.6557923476936,-1.04016396637263,0.332688400892945,0.440187404781337,-7.32353336389667
"P84101_SERF2",-0.518173117457206,17.1921210438277,-4.66909862950855,0.00193595648967303,0.00758605195466442,-2.13398421737106
"P84103_SRSF3",-0.127496850916245,24.9165521294997,-0.565901552547053,0.591392831374308,0.687071044057574,-7.71631423036673
"P84243_H3-3B",0.421022143208992,16.585017223851,1.30458865985685,0.236431912315445,0.335855424654602,-7.02655865484719
"P85037_FOXK1",-0.355705710048841,19.8927977161993,-5.73299972024938,0.000565837740615341,0.0029576324756454,-0.785921705723799
"P85298_ARHGAP8",0.0840971958931185,18.260138718089,0.942598436319454,0.375417496592788,0.483991022167263,-7.4221102513578
"P98153_DGCR2",-0.0645327952419095,15.322848192573,-1.10441913135308,0.303771413884992,0.410161154918891,-7.25777203799139
"P98170_XIAP",0.800266144814461,18.6197887098989,10.7065522423891,8.61603820165213e-06,0.000151077091861538,3.83612871277583
"P98173_FAM3A",0.962383321605785,18.826032781063,13.6819783835397,1.49942357033687e-06,4.67881354907158e-05,5.75431131770816
"P98175_RBM10",-0.000798167536249395,20.5826950799783,-0.0137811306063731,0.989366136203536,0.992775782731249,-7.89731772435479
"P98179_RBM3",-0.222490407064612,22.3635316678658,-3.00258529403617,0.0184459386124475,0.0438102899820947,-4.55313066189753
"P98194_ATP2C1",0.123793718316122,18.5300758321041,2.17169030808088,0.0640981320398638,0.119112838951084,-5.82872627699186
"P99999_CYCS",-0.300204997069127,23.8633434268732,-5.58601811440572,0.000664562281942238,0.00333809372237083,-0.962802197545704
"Q00059_TFAM",0.0638184846533001,21.7601893353804,1.16602980188145,0.279540786504855,0.383059564945261,-7.19025260400655
"Q00169_PITPNA",-0.0696874299350618,19.5607320036225,-0.970334257113848,0.362296832636765,0.47096740103861,-7.39535322373719
"Q00266_MAT1A",3.91341979388843,18.3738707177745,5.9900655648239,0.0133994817842575,0.0341008782425594,-2.51126045940275
"Q00325_SLC25A3",0.232945025514294,23.7248955816289,3.07462377857136,0.0166021878847967,0.0404731270342062,-4.44255552456095
"Q00341_HDLBP",-0.267882681916429,21.2631810253317,-5.82337774223326,0.000513264577822979,0.00275555315832632,-0.678595789076915
"Q00403_GTF2B",-0.138478915045123,19.7479603953797,-0.760139646611151,0.473354948744719,0.57937857559292,-7.57906175794421
"Q00535_CDK5",0.0195183258561471,21.9176449523493,0.271556956741728,0.793328559856767,0.852663691846617,-7.8558708235377
"Q00536_CDK16",0.177239184039834,16.9168300442729,1.75022178724204,0.120931670646012,0.197378868934406,-6.44453671107812
"Q00537_CDK17",0.179109264553766,17.5698017924615,1.96160708456123,0.0880781780098034,0.153290598417336,-6.14097858207536
"Q00577_PURA",0.334008377836536,20.1862327624978,5.65377533206657,0.000616861843383071,0.00315002139483574,-0.88090001866281
"Q00587_CDC42EP1",0.476637493773676,17.9827093849978,4.06826925030351,0.00416564377787319,0.0137536876828006,-2.96614308177575
"Q00610_CLTC",0.0278387220067806,25.0944254941426,0.632190259845505,0.546152232626812,0.647941312605831,-7.67696509597118
"Q00613_HSF1",0.761174084972964,18.969805187433,8.30520770133204,5.01513275187366e-05,0.00050035263565019,1.89044994009665
"Q00653_NFKB2",-0.338775931182699,17.9149655032725,-5.20001800899215,0.00102767334696879,0.0046793107430473,-1.44140788781388
"Q00688_FKBP3",0.170905135542288,22.7092408654213,2.34993304848203,0.0489259373521446,0.096177799749647,-5.55827381466766
"Q00765_REEP5",1.05080248508233,23.2068418676742,7.66552463250112,0.000138262856174226,0.00103325467786115,0.897140621654687
"Q00796_SORD",0.0651914301745826,21.6815786657079,1.35460512847025,0.215154992146722,0.31099639156016,-6.96858078773114
"Q00839_HNRNPU",-0.10629791698944,25.2320438019771,-1.51493846583345,0.170968227612413,0.260109870666049,-6.7645830659597
"Q00973_B4GALNT1",-0.0115217259037976,16.236220957602,-0.149160624505859,0.885381606550669,0.921920782086606,-7.88484477823791
"Q00978_IRF9",-1.66282455928817,17.4407932896526,-8.73992211383048,0.00178255422435588,0.00710882996619756,-0.466241414852001
"Q01081_U2AF1",-0.205650001495254,22.2298263342758,-3.58574184010719,0.00801275131652142,0.0227903000375856,-3.6696261033611
"Q01082_SPTBN1",-0.978953464516252,20.8882067879998,-13.9997123781833,1.27079252551746e-06,4.193083164791e-05,5.934647533978
"Q01085_TIAL1",-0.199941396217255,20.6205996259931,-4.48384317879935,0.00243795324591221,0.00907849613492393,-2.38512939804234
"Q01105_SET",0.277500632021873,22.8188021814077,1.26896710773603,0.250130840242354,0.351387407874458,-7.06740963157116
"Q01130_SRSF2",-0.119012443919448,22.3186538480297,-0.850207965692477,0.424135821245658,0.532531137063957,-7.50399112663089
"Q01167_FOXK2",0.0332955091067788,18.0942068937973,0.185313278982771,0.858213319367406,0.902457905254702,-7.87788813690054
"Q01415_GALK2",0.262185524979298,19.9100596234669,3.14280512338536,0.0150355775287941,0.0375030963157034,-4.33818928949834
"Q01433_AMPD2",-0.387374450091048,19.4499089656822,-7.25281038387818,0.000124636330535491,0.000960528978774023,0.883565457593896
"Q01459_CTBS",0.096661914098302,16.578750843848,0.589053178085615,0.576308460800608,0.673887761214538,-7.67767823664662
"Q01469_FABP5",-1.10244081651428,22.8762530151069,-12.8075696065574,2.51597334719254e-06,6.49818116192128e-05,5.19732851638518
"Q01484_ANK2",-0.899548693975312,18.3556435818474,-3.00305722260135,0.0230529971544628,0.0522657660871494,-4.67368921377167
"Q01518_CAP1",0.0940584136180505,23.4794895501061,1.70049050759786,0.130205704292419,0.209430382772048,-6.51394889563722
"Q01581_HMGCS1",0.305612582732113,22.347461809651,2.97328956297532,0.0200780930375927,0.0468979594477227,-4.62086240851549
"Q01628_IFITM3",-2.65217326041801,17.9474606254589,-37.8581857685792,8.49458716776443e-10,6.72968969371537e-07,13.3810461813678
"Q01650_SLC7A5",-2.89363800514097,22.6368165700496,-35.3780945867019,1.40431517774331e-09,8.94665794487298e-07,12.9233953085927
"Q01658_DR1",0.00663542189253619,19.4648218594796,0.0656548505067423,0.949378504000321,0.965673052565521,-7.89498496061075
"Q01664_TFAP4",-0.166743739699999,17.1927353309387,-1.78254846994874,0.115241613732291,0.190367791050857,-6.3989698413151
"Q01780_EXOSC10",-0.150584703881929,20.3204093310973,-2.99432460057438,0.0186707373737999,0.0441912653940249,-4.56582804408216
"Q01804_OTUD4",-0.104201023043757,18.5605831523128,-1.2270008299196,0.257149768831271,0.359198100847669,-7.12096046604505
"Q01813_PFKP",-0.202380884371969,23.1108208925745,-4.94879417762368,0.00137984872843232,0.00588668723708989,-1.7641164283543
"Q01831_XPC",0.233320513391124,18.7790713675396,3.12954854685287,0.0153274733214427,0.0380291841976221,-4.35845726365962
"Q01844_EWSR1",-0.078664302299611,23.5518427955697,-1.64846972773101,0.140617302707882,0.223033045477544,-6.58560544705059
"Q01968_OCRL",0.529903247665683,19.1385806355078,9.84193222533084,1.5553739951039e-05,0.000226924316652086,3.18454878760878
"Q01970_PLCB3",-0.24393983267214,19.6344816057177,-3.7921523585429,0.00603169236249795,0.0182406202971902,-3.36513456830692
"Q01974_ROR2",0.982647218552923,16.7731635859263,6.48000409503881,0.000933821927740396,0.00435043792661507,-0.864445097842683
"Q01995_TAGLN",1.73540087416413,20.3587722976076,4.15848394467962,0.00767521795339441,0.0220673340555473,-3.33373919180327
"Q02040_AKAP17A",-0.115815260070395,20.0090874639743,-1.99966026088524,0.0831620684004366,0.146121354383208,-6.08508519283066
"Q02083_NAAA",0.573410398629772,19.5424653828334,10.131951430637,1.26954485117043e-05,0.000195678838451571,3.40868335181877
"Q02086_SP2",0.129105847749692,17.3578715777375,1.66119547376424,0.138000941749128,0.219566534791276,-6.56816987232785
"Q02127_DHODH",-0.0805891505925089,19.2590854887598,-1.32974282291015,0.222839347328218,0.320287048378309,-6.99901001443294
"Q02218_OGDH",0.225654627061356,21.738715839667,4.26547449385139,0.00322020896621012,0.0112276350736505,-2.6874274147272
"Q02224_CENPE",-0.180651325382836,16.6598914313207,-1.54268894323362,0.164207050160906,0.251929138767836,-6.72801626647997
"Q02241_KIF23",-0.0850646702377702,19.1110940380622,-1.15491997893389,0.283789422599202,0.387630897940129,-7.20261768407638
"Q02252_ALDH6A1",0.874210639419701,20.7854374087339,13.3559717873502,1.78352359336622e-06,5.16478707245636e-05,5.56492247306247
"Q02338_BDH1",0.885103069900072,21.3875971312255,11.0248057747055,7.00644787913224e-06,0.000129438352839617,4.06391617956059
"Q02447_SP3",0.162321022961819,17.2620343519627,2.23916291561611,0.0578667076748644,0.10974720421095,-5.72682153588932
"Q02543_RPL18A",-0.0894478802199359,24.205973079117,-1.65845831127191,0.138559838341734,0.220226603767683,-6.57192528311753
"Q02750_MAP2K1",0.460752372395135,19.5346225368609,7.81870798127719,7.54585013842591e-05,0.000681086473533248,1.43854159844245
"Q02790_FKBP4",-0.485834207829971,24.3058961178595,-8.80883989003898,3.35303602273992e-05,0.000380875834702095,2.33570814139421
"Q02809_PLOD1",-0.0858501955849675,19.2959078945796,-1.59308932830929,0.152547519214827,0.237714183529831,-6.66074094324979
"Q02818_NUCB1",0.362705166955671,20.9617959375585,4.96893500368357,0.0013471917803012,0.0057666747818604,-1.73791405660138
"Q02833_RASSF7",-0.0846071524855603,18.4160809855558,-0.678529334775296,0.518129489092725,0.622814456621679,-7.64422849465782
"Q02878_RPL6",-0.0687344397574243,25.1928682222963,-1.06864870769042,0.318598759271925,0.425847469174177,-7.29576450672005
"Q02880_TOP2B",0.588860572330248,21.1888478716047,12.5313933287818,2.81684712338166e-06,7.15083667890615e-05,5.06492423667167
"Q02978_SLC25A11",0.415716270628046,21.9082418013614,5.0611045658609,0.00120821638759638,0.00529633846512291,-1.61874228094441
"Q03001_DST",0.325097612715478,18.0743946338182,4.78296805429677,0.00168434639222099,0.0068335935221996,-1.98205225047167
"Q03013_GSTM4",0.314196793753766,18.7272846063947,2.11830013036678,0.0716145762983801,0.129830077258979,-5.91834729719849
"Q03111_MLLT1",0.0351067684411888,18.7134566957633,0.558744479257464,0.592713347853505,0.688332605854481,-7.72423855948218
"Q03113_GNA12",-0.151089339806106,16.4820458394991,-1.73074084459484,0.124487861167148,0.202276237751933,-6.47182896907802
"Q03154_ACY1",0.630595321171672,19.8361291395824,9.17425461594773,2.53382827371566e-05,0.000316005173777426,2.64541156028193
"Q03164_KMT2A",0.290231588546234,18.1913234805247,3.06637655826417,0.0168030535214819,0.0408040482188485,-4.45519962105586
"Q03188_CENPC",-0.0034837026554726,17.8411245160993,-0.0320569731795782,0.975267956638214,0.983027760089974,-7.89684336676077
"Q03252_LMNB2",0.00539349518269105,21.4716443774906,0.0874751710714678,0.932597027627138,0.95457280441953,-7.89309431520039
"Q03426_MVK",-0.066709376495421,20.4884775938779,-0.988763460033234,0.353772822305648,0.46216562312486,-7.37724195429977
"Q03468_ERCC6",-0.0467828174548615,17.5697487558422,-0.300095881019177,0.772488010957206,0.836852889863658,-7.84659810644348
"Q03518_TAP1",0.999494615421334,18.3288618292336,4.3240259860628,0.00912950214296072,0.025242170776779,-3.28429793156998
"Q03519_TAP2",0.908886585402467,17.6585082084362,5.88076516697248,0.00167728810627748,0.00681095777595155,-1.4922208115647
"Q03701_CEBPZ",-0.646775910073124,19.7840868858125,-7.59929504910897,9.13420407501188e-05,0.000782677326146064,1.22724907902353
"Q03933_HSF2",-0.0287599998721415,15.4203627702615,-0.420165591359128,0.687991448335915,0.769530182846184,-7.77263672358636
"Q04206_RELA",0.297846106056951,20.9620902559624,4.00743068122397,0.00451524005319896,0.014614314228072,-3.05319640080373
"Q04323_UBXN1",-0.301419368514221,21.5806601808941,-5.80105105222867,0.000525728742657846,0.00280474266407483,-0.705008319908552
"Q04446_GBE1",0.170445577688994,19.5657269523023,2.63821522300104,0.0316763592144159,0.0679096371828967,-5.1150836000149
"Q04637_EIF4G1",0.185924423234148,22.8602339410693,2.99048367167934,0.0187762399321142,0.0443722888040226,-4.57173301632112
"Q04656_ATP7A",0.0278135735178182,17.0944974311667,0.335626852784465,0.746399240288239,0.816575248431608,-7.83411323476211
"Q04695_KRT17",-1.64474068323054,20.6931202668187,-5.23238746204602,0.00232173198327265,0.00874797487043835,-2.04098316957283
"Q04721_NOTCH2",0.553495468525952,18.7458160536854,5.74959233258822,0.000555754505407875,0.00292210673579312,-0.766136128712732
"Q04724_TLE1",-1.04771698226039,18.2485995503368,-4.81362218436819,0.00225087756648534,0.00853569394631965,-2.18200474433803
"Q04726_TLE3",0.167762407861034,20.0503506673935,3.47639518541085,0.00933665962841179,0.0256481361333842,-3.83290232114639
"Q04756_HGFAC",0.378911456028618,18.1804641652648,5.25984465782154,0.000959268172258995,0.00443654275675742,-1.36587205391382
"Q04760_GLO1",2.13158705707373,22.5810587306229,27.4765796818178,9.1273445716587e-09,1.94535883908317e-06,11.1251231543516
"Q04837_SSBP1",0.243639445785529,22.9212524145931,4.89645214170211,0.00146886385924165,0.00617003527686944,-1.8324819385387
"Q04864_REL",-0.20790754003627,18.6695168506052,-3.53699363681424,0.00857626439687709,0.0241227157152779,-3.74225671221531
"Q04900_CD164",0.233544535100126,17.5949789429539,3.44765973799997,0.00972217449147244,0.0264882480353909,-3.87602055527666
"Q04917_YWHAH",-0.340481260556079,22.5539623114326,-6.1089198465101,0.000379697681438989,0.00221080637821864,-0.346547832859216
"Q04941_PLP2",-0.259388145904641,21.5938027940548,-1.93198512848667,0.0951871798899904,0.1631262027032,-6.19218532980595
"Q05048_CSTF1",-0.0669836311023033,20.9617395350143,-1.5275392199506,0.167867446614211,0.256310491185468,-6.74802200965883
"Q05084_ICA1",0.569283479502619,17.9909315724164,5.83278349776395,0.000508112108440493,0.00273943375812946,-0.667488500759529
"Q05086_UBE3A",-0.0869849360740389,19.527389711308,-1.6998884451508,0.130321968182384,0.209529221189132,-6.51478390702008
"Q05193_DNM1",0.759628591396666,19.3908120684477,11.6877965882386,4.63077562307351e-06,9.88890492692653e-05,4.5194287539879
"Q05209_PTPN12",-0.00688090842373157,17.03088270337,-0.0633331684274666,0.951165816153821,0.966987792532234,-7.89515445168343
"Q05397_PTK2",0.314823837015911,19.739605857495,5.74689550793838,0.000557379706306647,0.00292863770083458,-0.769349409642706
"Q05513_PRKCZ",-0.561737769231041,17.3764477900063,-6.36152289255291,0.000293213133926716,0.00181097644000602,-0.0614789788315786
"Q05519_SRSF11",0.0436263365877352,21.4426938919552,0.786585753290295,0.455792819388529,0.562566371363465,-7.56085111587543
"Q05639_EEF1A2",1.84704050854067,24.6388670323982,22.2716611282234,4.29610715049191e-08,4.75996219790009e-06,9.54920534474525
"Q05655_PRKCD",1.21872567770668,19.9569117749015,20.8376130311787,7.00730731840255e-08,6.44213643182619e-06,9.03905984441518
"Q05682_CALD1",-1.20030836662029,17.2266466511072,-8.63527207591807,0.000220226593260905,0.00148468457273335,0.792242489630152
"Q05823_RNASEL",-0.113574456519242,16.7927313567528,-0.983604078515032,0.356143597732867,0.464666945492857,-7.38233880154452
"Q05932_FPGS",0.0880517721699974,18.048715223512,0.969073200279148,0.36288576160475,0.471387468436423,-7.39658288817737
"Q05BQ5_MBTD1",0.219896131572106,16.9691372847157,1.76762720940729,0.11783575123928,0.193357870406589,-6.42004481432748
"Q05D32_CTDSPL2",0.0129411686641525,18.7024060755381,0.168395568536117,0.870749482736219,0.91127717940019,-7.88139750583863
"Q05DH4_FHIP1A",-0.0945099700029406,15.5742393114596,-1.32158392705302,0.231206348487913,0.329894089994418,-6.94678840540436
"Q06033_ITIH3",0.473633662778866,18.3584825246079,1.10323526869635,0.314829253792807,0.421813817954085,-7.24958897249075
"Q06124_PTPN11",0.215229156233676,20.6023749458011,4.56235952617932,0.00220963201774187,0.0084336678859893,-2.27808846359979
"Q06136_KDSR",0.0497757286859652,18.2687093554201,0.504773988358112,0.628292331258238,0.719122875242049,-7.75555068732173
"Q06190_PPP2R3A",-0.376406584073862,16.2337587150002,-4.29552395542968,0.00635832706635621,0.0189806366350227,-3.05465351930496
"Q06203_PPAT",0.131972545042963,21.3422901882347,2.8201703096975,0.0241431906217971,0.054366625126256,-4.83415204690449
"Q06210_GFPT1",-0.0490441002974364,21.932446756253,-1.0399752946938,0.330894062506274,0.438268383205209,-7.32555455518896
"Q06265_EXOSC9",-0.107926171871341,20.018082413602,-1.84053485495291,0.105667112480583,0.176689648931334,-6.31641043718193
"Q06323_PSME1",0.102811740580975,25.1102467547265,1.56799294979892,0.158255056458403,0.244874352233865,-6.69437606763604
"Q06330_RBPJ",-0.0866414134791285,18.6214598466982,-1.36127300219943,0.213133743603566,0.308892411345832,-6.96036181201813
"Q06481_APLP2",0.168034480218338,18.4917332141024,2.52147464260505,0.0377543536143765,0.0783049466581412,-5.29507920151045
"Q06546_GABPA",-0.109318195995336,19.5060463532417,-1.89688728248333,0.0970953598472099,0.165616303877283,-6.23523859659311
"Q06547_GABPB1",-0.192109824896953,16.7652489020318,-1.52890173496891,0.167535234637941,0.255956608474633,-6.7462269634908
"Q06587_RING1",0.503560688866443,19.3134618822499,10.2171105934836,1.19722141687856e-05,0.000189498089690199,3.47340128253259
"Q06609_RAD51",-0.159031269155548,18.4289126049066,-1.42221022260685,0.195419452707166,0.289083149370411,-6.88414785416072
"Q06787_FMR1",0.432801195299334,20.2045805881307,5.64677904703706,0.000621607175921515,0.00316601389734842,-0.889328098346736
"Q06830_PRDX1",0.386894519686777,27.106260925655,5.50561323454273,0.000726539536818465,0.00357425660165841,-1.06080201258849
"Q06945_SOX4",-0.0599510244863097,15.0601452766501,-0.559331166802478,0.602864799370022,0.697789763994522,-7.22584914723254
"Q07002_CDK18",0.304191203794137,17.2117000353966,2.62461778898166,0.0323291598543945,0.0690188291222692,-5.13606900404815
"Q07020_RPL18",-0.0837436399737435,24.2817254683213,-0.99684973916721,0.350081443857277,0.458126093510593,-7.36921255079984
"Q07021_C1QBP",0.0238563276162047,21.3938718125228,0.189922832191513,0.854733903884506,0.900018262786526,-7.8769066159767
"Q07065_CKAP4",0.934528717745323,20.2846853683767,19.6231398512824,1.0886668935858e-07,8.76090358048786e-06,8.57546522998213
"Q07157_TJP1",-0.387147730727786,19.6562496270004,-5.62980562093,0.000633288575025681,0.00321053790190407,-0.909802615968343
"Q07352_ZFP36L1",-0.269388023924147,15.4692057916868,-1.66208815256771,0.164476617662263,0.252292083071429,-6.10033264177538
"Q07617_SPAG1",0.420807106686365,18.0721087335196,4.43791273913754,0.00258339390993877,0.00944978298635497,-2.448153103244
"Q07666_KHDRBS1",-0.075658775598388,23.2310252849058,-1.09819752089759,0.306309890699641,0.412714335322974,-7.26444517126305
"Q07812_BAX",-0.498253942742995,20.6513094892313,-4.75132735172564,0.00186936171195417,0.00737804351465649,-2.07241142097065
"Q07817_BCL2L1",0.341438491044986,18.1342346213223,1.52609475961075,0.173224721715339,0.262758531252731,-6.75074072615625
"Q07820_MCL1",0.0831017533356224,18.1557347077057,1.20418744038779,0.265346100806633,0.36796135328618,-7.14716671664884
"Q07864_POLE",-0.103230199278745,18.5286799016987,-1.3914329511428,0.204197301647971,0.29905907492313,-6.92288570988749
"Q07866_KLC1",-0.840431751582997,19.7509113433049,-16.6985155384242,3.54061870780582e-07,1.99029632508643e-05,7.31809781473966
"Q07889_SOS1",-0.466789706992589,17.6405447121038,-6.68916018863837,0.000211987211912484,0.0014418525223051,0.296614563387791
"Q07955_SRSF1",0.0179907868417359,23.4903581763452,0.379657190550434,0.714783088962954,0.790698410522614,-7.81658073129851
"Q07960_ARHGAP1",0.00589068454923947,22.0893397208673,0.111943770698266,0.913822367765715,0.941405740677656,-7.89033485159132
"Q08050_FOXM1",0.815249873008632,18.9152314592143,4.0906266596602,0.0112623939863369,0.0297412787653008,-3.52876817212471
"Q08117_TLE5",0.155763677740691,16.5722274729221,1.40310007811204,0.200829644100997,0.295314989257958,-6.90825877177971
"Q08170_SRSF4",-0.049040543016833,18.3139832067263,-0.430610492761755,0.678926314003052,0.762844160869097,-7.79370720278986
"Q08209_PPP3CA",0.681210385827065,20.9034795076249,11.1897093211348,6.30772730016474e-06,0.000122703753714401,4.17955976630008
"Q08211_DHX9",-0.120141581670865,24.3118928609162,-2.82596118427673,0.0239365534762336,0.0539808116005327,-4.82521529590433
"Q08257_CRYZ",0.389354773855072,20.8980899208848,8.17666649090599,5.575916934891e-05,0.000541882860034115,1.77320188393561
"Q08345_DDR1",1.77123880549534,18.8352664893833,25.24832362951,1.70456600598456e-08,2.74063170548062e-06,10.4976252913109
"Q08357_SLC20A2",0.102438413655786,16.6961423411648,1.2237250575062,0.258313472818425,0.360568181329691,-7.12474358772563
"Q08378_GOLGA3",-0.0675761485430932,19.1444824170019,-0.952015489623901,0.370923248860043,0.479815268618448,-7.41309355576538
"Q08379_GOLGA2",0.691736319709065,20.13309139173,15.0560336532266,7.51140691639003e-07,2.92983193243887e-05,6.50605853444614
"Q08380_LGALS3BP",-0.952005351536688,19.9680934117391,-7.34378503312514,0.000151236265510232,0.00111036222791341,0.74607028309779
"Q08426_EHHADH",-0.478829805337941,17.5235307850298,-2.41388379568111,0.0463394933410807,0.0919453481942802,-5.47792445437061
"Q08431_MFGE8",-0.282811320079514,15.5183485571613,-2.62265970785918,0.0525940678272764,0.101923416317268,-5.0674387785678
"Q08623_PUDP",0.00433938987788096,19.6513107690128,0.0734845888472634,0.943353237067719,0.961847892422341,-7.89436843414077
"Q08722_CD47",-1.01627096498984,21.8678233528924,-15.12065414786,7.28191810460505e-07,2.86513810186295e-05,6.53968955133487
"Q08752_PPID",-0.113618851068605,21.8480478714244,-1.72576997876081,0.125410939150583,0.203387066144719,-6.47877226575587
"Q08945_SSRP1",-0.153214196864372,22.5625938597118,-2.64227929321909,0.0314838981758646,0.0675538595437791,-5.10881067967839
"Q08AD1_CAMSAP2",0.00229346774696282,18.4209298583459,0.032564169486825,0.974876808892108,0.982847580638291,-7.89682480893304
"Q08AE8_SPIRE1",0.0746283595404797,17.1119528727542,0.719418740975896,0.493809330369599,0.59961441084428,-7.61407296009026
"Q08AG7_MZT1",-0.180187967803416,17.8874874120893,-1.60345998492666,0.150244690888077,0.235035944718508,-6.64676501083684
"Q08AM6_VAC14",0.137137301320873,18.8033753426759,1.57081207679488,0.157604297000667,0.244052025637046,-6.69061105991056
"Q08J23_NSUN2",0.555859252566986,22.0699612165723,12.474524621184,2.90999531842617e-06,7.24595550668333e-05,5.02927350988446
"Q09028_RBBP4",0.149171898266747,22.4993181047606,2.9962792882469,0.0186172854756594,0.044133068980284,-4.56282322002461
"Q09161_NCBP1",0.247349869503903,21.3993384669576,3.58798907766599,0.00798775073418805,0.0227435211779768,-3.66628428079302
"Q09328_MGAT5",-0.091489334445356,18.1904324240862,-1.39635483253663,0.20277060661865,0.297482496181075,-6.91672391108624
"Q09472_EP300",-0.19116089975801,18.0280461755323,-2.19441057551446,0.0619283763032785,0.115841066023627,-5.79448488577536
"Q09666_AHNAK",-2.35394012427845,23.9688456302632,-22.8564540162052,5.72357817329002e-08,5.75746778089503e-06,9.30426995294374
"Q0JRZ9_FCHO2",-0.448349610252183,17.6681865898117,-3.30698675245033,0.0118710003357645,0.0310163354637457,-4.08827539598208
"Q0P6H9_TMEM62",0.0840431126121608,15.4333744684754,1.04805645364087,0.332252303226919,0.439686490941629,-7.2530931601571
"Q0PNE2_ELP6",-0.0376977278884425,17.5483710743442,-0.250623494348264,0.808982427797455,0.864626123376422,-7.8619371170732
"Q0VDF9_HSPA14",-0.0608601562180624,21.1424083714846,-0.836864662336889,0.428671711281056,0.536981031090229,-7.51838865894532
"Q0VDG4_SCRN3",0.789332267819383,18.2641870053129,10.9138322863844,7.52571328583808e-06,0.000135693580354321,3.98518554694893
"Q0VG06_FAAP100",-0.146890213225582,16.4232131886941,-1.65977295148007,0.138291141730247,0.219890968911759,-6.57012194038708
"Q0VGL1_LAMTOR4",-0.236035645241316,20.2172978893848,-1.84197659643378,0.107744357120133,0.179635707170254,-6.3186790207322
"Q10469_MGAT2",-0.00960879069610954,18.5799687678598,-0.1439859970025,0.889326335986175,0.924232466900852,-7.8857013223134
"Q10471_GALNT2",0.5587737066549,20.0222224460962,7.90090925572604,7.0324919934846e-05,0.000644199082559363,1.51647701823849
"Q10472_GALNT1",-0.0390695554674423,17.3352935466383,-0.417160973944853,0.688310598036064,0.769730791008329,-7.80001191215366
"Q10567_AP1B1",0.153128827558515,22.078185951543,3.47899142361644,0.0093026428678974,0.0255730689410556,-3.82901080492916
"Q10570_CPSF1",-0.0362409581208816,20.2754247708961,-0.687196308284078,0.512760167524712,0.617720056843117,-7.63814009118145
"Q10713_PMPCA",0.243721845933365,21.517163532898,4.01710651522852,0.0044575743927743,0.0144951749182303,-3.03931821839551
"Q11201_ST3GAL1",0.886730616181843,16.4508102414699,4.21933993092406,0.0054676071288739,0.0169435980949497,-3.01846680696134
"Q11206_ST3GAL4",-0.889334387836371,16.4007383741875,-4.5342097184735,0.0147126707931685,0.0368348198101519,-2.96584722739285
"Q12756_KIF1A",0.7094865136302,18.0558224537015,4.4361038758563,0.00287160595893712,0.0102394718078705,-2.52448368870295
"Q12765_SCRN1",0.092288408623407,20.684758175189,1.89177982402278,0.0978438024146349,0.166336639862104,-6.24263148953103
"Q12767_TMEM94",0.095077410993289,15.5886478852632,0.793544835757799,0.451970315566304,0.559021689452255,-7.55510574288909
"Q12768_WASHC5",0.0222814644638625,20.0768158279176,0.374971986409991,0.718120579682854,0.79293079653965,-7.81854533103252
"Q12769_NUP160",-0.270926080720127,19.7518272100222,-4.84743600904921,0.00155797533785504,0.00645110438713305,-1.89685836321824
"Q12770_SCAP",0.194827986534335,16.9600718543918,1.32903667350303,0.223061033700058,0.320424953520658,-6.99986923138242
"Q12778_FOXO1",0.134845536502793,15.4052392094024,2.04773953144496,0.0831871612563081,0.146131858410955,-5.9757759802621
"Q12788_TBL3",-0.0398000041064464,19.8535441975438,-0.297220729284472,0.774867332941419,0.838242643319251,-7.84736975612491
"Q12789_GTF3C1",-0.319408062454709,20.2377492894868,-5.94657633662361,0.000450119933739211,0.00249297480143809,-0.534032039529929
"Q12792_TWF1",0.156428804044413,20.7085109694873,3.19291100386077,0.0139843422179306,0.035283926157122,-4.26169545306282
"Q12797_ASPH",-0.493589019899996,18.5054415798711,-4.97845141529286,0.00133205823378303,0.00571469427456302,-1.72555372084953
"Q12802_AKAP13",-0.411181587569857,18.2028002542605,-4.82301548303619,0.00160457600512175,0.006595152451159,-1.92905988399581
"Q12805_EFEMP1",2.19687816909457,17.9498628437348,19.4771065226405,1.14992677482675e-07,8.95319564135404e-06,8.5176063041842
"Q12824_SMARCB1",-0.0468616404543063,19.2208483472509,-0.827687513060334,0.433535866747514,0.542008454829885,-7.52630287147106
"Q12830_BPTF",0.148860051061082,19.544590571559,2.37843302187067,0.0468600896105731,0.0928096852520288,-5.51470145825095
"Q12834_CDC20",-0.501147375357615,18.3507875007118,-5.41546516594377,0.000803741217749672,0.0038524148023174,-1.17173063846058
"Q12846_STX4",0.0532027853179571,18.809166756805,0.914461951698776,0.389087591852365,0.49750370291208,-7.44862804204029
"Q12849_GRSF1",-0.0746251214040861,21.6003667057223,-0.956269056742622,0.368906552995684,0.477529732077887,-7.40899781285867
"Q12851_MAP4K2",-0.138935417484173,15.6719045655585,-0.164252643444238,0.877072047614332,0.915980179852828,-7.8212839554071
"Q12857_NFIA",-0.100044388373718,16.2394550772771,-0.995521731342902,0.350685641272944,0.458779953450729,-7.37053465411471
"Q12872_SFSWAP",-0.218831047409569,18.3343319341415,-1.91733498163522,0.0941539651849513,0.161681730422047,-6.2055724020884
"Q12873_CHD3",0.814294353987812,18.9838927204973,12.7401367549945,2.50265893669483e-06,6.48570426136676e-05,5.19445835797308
"Q12874_SF3A3",0.061988254785728,22.4231167725286,1.00799055808367,0.345044237383214,0.452929806798536,-7.35806834751699
"Q12882_DPYD",0.483017706023558,16.0463123047117,0.65140327970157,0.558081846272474,0.659331743896316,-7.54590449978789
"Q12888_TP53BP1",-0.408086350610471,19.7515069637845,-6.6013720233527,0.000230965528274822,0.00153675497272499,0.201925880192476
"Q12891_HYAL2",-0.78199735880677,16.6857808270625,-6.73973817585844,0.000769346963051247,0.00373306461751493,-0.642149423582647
"Q12893_TMEM115",0.202936967441623,17.8599857256046,2.06267721185229,0.0756050151661447,0.135585348567951,-5.99183036006222
"Q12894_IFRD2",-0.534431943844947,17.4714182430073,-4.27304570173761,0.00318890877249808,0.0111626408268076,-2.676833977443
"Q12899_TRIM26",0.394751987322312,19.8083199072368,6.49295900939339,0.000257065099747974,0.00165426152152632,0.0837265672159333
"Q12904_AIMP1",-0.0693121631383242,21.9030603632132,-1.54461121296597,0.163747829718563,0.251476930132264,-6.72547054655554
"Q12905_ILF2",-0.0876440910910787,23.3960643055107,-1.44797807107624,0.188329217467386,0.280439592430496,-6.85134296451482
"Q12906_ILF3",-0.0779264811650116,23.1973794885673,-1.72131420607907,0.126243837863531,0.204434259789598,-6.4849888109247
"Q12907_LMAN2",0.0888391028915159,22.7791678857895,1.97971062850909,0.0857050227338984,0.149660780904672,-6.11442909550972
"Q12913_PTPRJ",1.54589458867313,17.7291133769021,24.2000457943282,2.33052473942581e-08,3.3616720062095e-06,10.1791749315552
"Q12923_PTPN13",-0.0467536928697641,15.9727106574664,-0.521054139205461,0.61744295122349,0.710468296523718,-7.74641613466452
"Q12929_EPS8",-1.0612705191687,18.2862362780036,-13.500303111349,1.65085468973904e-06,4.92999379025585e-05,5.64932554247125
"Q12931_TRAP1",-0.0231744063906305,27.2844898418918,-0.47225347558358,0.650256502562251,0.737568392001248,-7.77298426240727
"Q12933_TRAF2",-0.00859273056709853,19.1911995095699,-0.155027696319831,0.880913181057855,0.918082770175975,-7.88383725823563
"Q12955_ANK3",0.170814219639659,19.6123671776577,3.237774270781,0.0131090910053359,0.0335180604467534,-4.19336629223527
"Q12959_DLG1",0.145691613301022,19.5630465281936,2.94028092772254,0.020214266809956,0.0471152651713761,-4.64897597934611
"Q12962_TAF10",0.067332182450734,17.4915498204443,0.906573485776604,0.392985396349109,0.501540812299743,-7.45594778975879
"Q12965_MYO1E",-0.063578142262255,17.7326141077553,-0.801260977026903,0.447757708163129,0.554708747189616,-7.54868545335442
"Q12972_PPP1R8",0.0334551165944745,19.9592612705558,0.701118570918205,0.504516109937198,0.610385450303827,-7.62785994905255
"Q12974_PTP4A2",0.213190162389687,17.8129125971768,2.4677587973331,0.0409410311219424,0.0831325851068392,-5.37770860366037
"Q12979_ABR",-0.32168140397745,18.9004511644034,-5.19780395753926,0.00103030612772444,0.00468501081580759,-1.44421294970703
"Q12980_NPRL3",-0.32369355603565,17.2272089193883,-2.64828329853229,0.0312017741510794,0.0671369443808056,-5.09954292466812
"Q12981_BNIP1",-0.0278430036868791,19.8437063915001,-0.466578652853178,0.654128136421974,0.740860681917925,-7.77591455902458
"Q12982_BNIP2",0.425189935456149,19.171810978276,4.68762674467296,0.00189234991952339,0.00744571031124876,-2.10913626386384
"Q12983_BNIP3",-0.251353663793708,16.4576437825269,-1.89674048566272,0.0971167940198637,0.165616303877283,-6.23545117752681
"Q12986_NFX1",-0.174848414113054,16.3866257190997,-1.54336647950797,0.164045056538688,0.251777548299937,-6.72711917095906
"Q12996_CSTF3",-0.0699474432889247,20.5587909176435,-1.42745590671709,0.193957129632342,0.287086593618443,-6.87749673069148
"Q12999_TSPAN31",0.0988348684300799,16.0970924699864,1.00687715872366,0.345545121739181,0.453327602381675,-7.35918632552868
"Q13009_TIAM1",-0.34055659023258,16.1375476224718,-1.24325498662554,0.268398065801051,0.371116515291922,-6.61350452440725
"Q13011_ECH1",0.840759698916742,22.7878652404648,9.29589807506811,2.56967882658741e-05,0.000318915497228259,2.65541463768917
"Q13015_MLLT11",-0.0646387313827255,17.4048676456209,-0.516755213199243,0.620298172932514,0.712562561131112,-7.7488544340194
"Q13017_ARHGAP5",0.469287672796103,18.5257430654098,6.88790954879207,0.000175121449965378,0.00123682580550733,0.507667485777418
"Q13033_STRN3",-0.0432088816363034,19.7352559362875,-0.854921360963533,0.419213792125606,0.527206685441727,-7.50260653243512
"Q13042_CDC16",-0.0326072929096668,19.5101442880044,-0.487782369972944,0.639720557161875,0.729296698404792,-7.76479534242277
"Q13043_STK4",-0.423027200011862,18.9652377992631,-6.98698221641069,0.000159461552258712,0.00115443519603963,0.611187284481812
"Q13045_FLII",0.213482404322885,21.2378056519242,5.03027112889974,0.00125286702966586,0.00545764583578091,-1.65847428152945
"Q13049_TRIM32",0.692106376131392,17.4845538772181,9.08876395158981,2.70312362835439e-05,0.000329591389773035,2.5739198777429
"Q13057_COASY",0.165520886042614,19.3159368582103,2.4471468381592,0.0422355959105046,0.0852855601520886,-5.40937053583826
"Q13084_MRPL28",-0.254291783938708,19.7147959427376,-4.08168885623156,0.00409255436667694,0.0135940356031726,-2.94700810576671
"Q13085_ACACA",0.107673026599429,20.5603534679529,1.8025242761578,0.111853543056824,0.185532726550102,-6.37064504607331
"Q13098_GPS1",-0.030583957549716,21.698251532737,-0.594851061051165,0.569548119913362,0.6683020724973,-7.70166104098699
"Q13099_IFT88",-0.0499554098186863,16.2108890660129,-0.450619116546254,0.665076818832978,0.751146739544706,-7.78397614743264
"Q13107_USP4",-0.00880685465478948,17.930882977275,-0.128982595950266,0.900782132543057,0.932144209027479,-7.88801472568625
"Q13111_CHAF1A",-0.188160632506062,18.1159340916405,-2.13803356935144,0.0674520841493852,0.124019043607997,-5.87930168634706
"Q13112_CHAF1B",-0.0609199166154006,19.1654989098068,-0.80265280055992,0.447000730303601,0.554309908056939,-7.54752180640066
"Q13123_IK",-0.121272825411097,21.0999793312808,-2.5208385244547,0.0377905670183996,0.0783163146803104,-5.29605859851469
"Q13127_REST",0.0661398792398433,15.5794044783654,0.85806332749015,0.417583335890553,0.52550199224416,-7.49983205508926
"Q13129_RLF",0.54472976622532,17.2103769243761,5.06385290613156,0.00120432234384713,0.00528229737160719,-1.6152073188057
"Q13131_PRKAA1",0.332456181221271,20.3374544577722,6.01285728312571,0.000419751574356927,0.00237176702583792,-0.457076277682228
"Q13136_PPFIA1",0.0369266310397833,18.6896519642913,0.563507933435028,0.589627353847891,0.685404169906173,-7.72133411879612
"Q13137_CALCOCO2",-0.0333367405746294,19.3091260973824,-0.386398187541614,0.709992754051381,0.786350099106071,-7.81371294091491
"Q13144_EIF2B5",0.157084544984752,21.0854287226964,2.91187658129926,0.0210786452116194,0.0486846654510061,-4.69272577032619
"Q13148_TARDBP",0.0381770566997304,21.9914296810238,0.783857393940254,0.457297458771333,0.563896202872901,-7.56309194339707
"Q13151_HNRNPA0",0.0293381824793393,22.7931816397925,0.663753644510996,0.526832429711748,0.630625202844142,-7.65503855295707
"Q13153_PAK1",1.02955664450041,17.4678378537786,0.758237701013929,0.488299132102747,0.593961315023946,-7.27744921911738
"Q13155_AIMP2",-0.194681634241835,22.8077606351699,-4.44317556979922,0.0025662575755639,0.00940510027094249,-2.44091647774187
"Q13158_FADD",-0.394953960597498,19.8334254352719,-7.00114906733429,0.000157352829520275,0.00114241441755223,0.625899858129808
"Q13162_PRDX4",-0.0932914798945106,22.6043328132564,-1.95067976027933,0.0895414408753169,0.155271664315255,-6.15696641548014
"Q13164_MAPK7",-0.249545712676717,16.7877970953926,-2.10581114236521,0.0708260745817522,0.128736409932833,-5.92754454730698
"Q13177_PAK2",0.504532113784343,21.7562318765246,7.58767602065579,9.22820414138178e-05,0.000788263917998477,1.21592532785568
"Q13185_CBX3",-0.977850641205986,23.0831411678801,-15.2067147781951,6.98849173530805e-07,2.76823934282021e-05,6.5842526607162
"Q13188_STK3",-0.123910637834598,19.3658497307467,-1.92172174333205,0.0935342515757707,0.160834312482404,-6.19919384842194
"Q13190_STX5",-0.049609374473075,19.9368427487328,-0.942110712140419,0.375651366485758,0.484210874520927,-7.4225753218553
"Q13191_CBLB",-0.225742925442557,15.651838518373,-3.32285728035499,0.0116050201267962,0.0304881027042463,-4.0642363864247
"Q13200_PSMD2",0.109907345481968,21.7504482206484,1.81449963956259,0.109868112838338,0.182556340501868,-6.35360517658712
"Q13206_DDX10",-0.192878992945626,18.4712996632576,-2.44961470540834,0.0420784241041298,0.0850130952103786,-5.4055811121226
"Q13207_TBX2",-0.342299526132724,16.7896385317523,-4.48457626452402,0.00243570571501358,0.00907849613492393,-2.38412592257657
"Q13216_ERCC8",0.0380219936513662,15.5190120730965,0.603069172768648,0.567031759932755,0.666415371125077,-7.66905326952477
"Q13217_DNAJC3",0.178513321815906,19.6908750924463,3.04100157862579,0.0174373032484042,0.0419339991613873,-4.49412788053416
"Q13227_GPS2",0.446408664597165,16.452738869498,4.53203279015609,0.0022949223208818,0.00865976364419612,-2.31932852302297
"Q13228_SELENBP1",2.0165893058485,21.4525911002559,13.2468532078113,4.71961173902546e-06,0.000100226199291249,4.68404037590053
"Q13232_NME3",-0.462267631989128,25.9062056169259,-3.45650502610691,0.0107227677778778,0.0286227512785878,-3.93084105134945
"Q13242_SRSF9",0.536952181989619,22.4360603262432,10.8173313206803,8.01269670579452e-06,0.000142731054694614,3.91611846309687
"Q13243_SRSF5",-0.228246536310468,21.3910831824775,-4.11177344625236,0.00393370995036602,0.0131496338305851,-2.9041992460213
"Q13247_SRSF6",-0.0844923908409392,22.2593332173822,-1.16567811389824,0.279674473832643,0.3831740775001,-7.19064528425241
"Q13257_MAD2L1",0.0445968227242801,20.3378242165673,0.302563078038363,0.77114110452172,0.835749042255252,-7.84543406935865
"Q13263_TRIM28",-0.463639551314071,24.6091874129236,-8.26554052467528,5.18113845798517e-05,0.000512416604285856,1.85442881245702
"Q13268_DHRS2",-1.91719627021473,19.112653471968,-9.32536014083463,4.89837425159934e-05,0.000492090291110078,2.10677479219971
"Q13277_STX3",-0.425336324714717,18.6394527259215,-4.48963409707588,0.00242026076112367,0.00902580171648315,-2.37720465467431
"Q13283_G3BP1",0.232643745278484,23.0557729612058,5.11645729911513,0.0011323918841537,0.00503907797110305,-1.54775303855679
"Q13286_CLN3",0.836229350736623,17.376375472344,2.1432275340398,0.0752555480028311,0.135117112372392,-5.90908832872664
"Q13287_NMI",0.257451501885907,17.8729934362462,1.78348971466852,0.1314465808276,0.211026692655818,-6.32885599837943
"Q13303_KCNAB2",0.158377689664615,18.1345773983426,1.17619746531756,0.276334639436151,0.37948236365895,-7.17836964305007
"Q13308_PTK7",0.672670986542109,18.4145171868454,6.58170722207146,0.000235471780019135,0.00155725065592239,0.180590276381137
"Q13309_SKP2",-0.0306215854666654,17.5030359034206,-0.401540408504439,0.699283079043088,0.778282011833514,-7.80709448782941
"Q13310_PABPC4",-0.264866347394946,22.496536624089,-4.32548737660187,0.00298100172269266,0.0105802034215345,-2.60367911540352
"Q13315_ATM",-0.100020485546306,16.7180649375751,-1.03835114755377,0.331601502256784,0.439129306210482,-7.32722392817514
"Q13325_IFIT5",-0.330663021654512,19.034499000629,-3.96644672298819,0.00476861905312803,0.0152273064280919,-3.11211804651577
"Q13330_MTA1",0.388761642564425,19.8186738060329,6.41181573522099,0.0002787522589248,0.00174820428177203,-0.00566850838135213
"Q13332_PTPRS",-0.0190668470202624,15.9381667213182,-0.236727597532093,0.82020162919592,0.873442186265888,-7.80570767912704
"Q13347_EIF3I",-0.112751578892752,22.2780683688034,-2.11535208698448,0.0698099978265069,0.127374089113042,-5.91327883238742
"Q13356_PPIL2",-0.282659652880721,18.8740984615891,-4.03929759133954,0.00432831483236626,0.0141591642676252,-3.00753646382648
"Q13362_PPP2R5C",-0.306459974630833,19.842475004247,-5.36356758416632,0.000852271855116698,0.00403329294283621,-1.2361002166383
"Q13363_CTBP1",0.0587630219717994,20.3623732229749,0.885747918629146,0.403412942653199,0.5117975351118,-7.4750268685797
"Q13371_PDCL",0.218777933208582,19.1522138083243,2.19916074661117,0.0614840812453919,0.115207304196329,-5.78731625632147
"Q13395_TARBP1",0.224536872873347,18.5877715339722,1.7415876804613,0.123454838470863,0.200896602833066,-6.45783239661869
"Q13404_UBE2V1",0.0467520244207549,23.5928713586171,0.792346793914,0.452626811708711,0.559652591866908,-7.55609788518512
"Q13405_MRPL49",-0.20035823145605,20.5661931397348,-3.50420639020813,0.00897908366193682,0.0249346511425743,-3.7912527082612
"Q13409_DYNC1I2",0.174358180877999,21.470512403598,3.52568987138416,0.00871290954424233,0.0244261802221242,-3.75913555539384
"Q13415_ORC1",0.0601421686692589,18.0788348406803,0.625632491896169,0.55021915933114,0.651653830067632,-7.68140050916213
"Q13416_ORC2",-0.119562609935112,19.2337497513317,-2.05078620980826,0.0769774197960439,0.137562499845899,-6.00948967722569
"Q13418_ILK",0.168292487917093,20.0518467284861,2.14557177599422,0.0666860516399352,0.122758214492489,-5.8679901078164
"Q13423_NNT",1.31851847111783,21.5163204792801,26.0504947681967,1.35314696469355e-08,2.35109285115505e-06,10.7309284380034
"Q13425_SNTB2",0.38224161237267,20.2076192100506,5.28083795313985,0.00093646862960487,0.0043521596798354,-1.33948530188072
"Q13426_XRCC4",-0.303815725697731,18.6815945102579,-4.08458067919476,0.00407698722264812,0.0135546394823189,-2.94288785369656
"Q13427_PPIG",0.236728736285475,20.206391437808,3.55836661004501,0.00832413555681354,0.02350000603096,-3.71038052645921
"Q13428_TCOF1",-0.0216218424765025,21.4587340066459,-0.360525978462205,0.728451985288037,0.801066661036686,-7.82445477695576
"Q13432_UNC119",-1.27504843796952,17.8918601092885,-19.3329365470022,1.21425929242672e-07,9.28301229060228e-06,8.46001977740224
"Q13433_SLC39A6",-0.350471592219424,17.4514327120365,-4.03141881619311,0.00437373587667611,0.0142650216626232,-3.01881279462443
"Q13435_SF3B2",0.152201182342342,22.6992587562251,3.23228176307505,0.0132130517385254,0.0337274726347336,-4.20172311958019
"Q13438_OS9",-0.0352506767265091,18.9453651873413,-0.447320939097859,0.667350415075383,0.752935939086674,-7.78560904164684
"Q13439_GOLGA4",0.475367234889585,18.9276473580945,8.77587933933959,3.44049763610087e-05,0.000384541000409227,2.30723436280638
"Q13442_PDAP1",-0.161382990470901,21.2025648453249,-2.51637639140988,0.0380455925206176,0.0787594245383485,-5.30292816349097
"Q13443_ADAM9",0.543072188237794,19.1358834462041,5.60309935584025,0.00065216361390454,0.00328228494292311,-0.942096458053889
"Q13444_ADAM15",-0.064591713532451,17.8850346965581,-0.691784345104558,0.510033992740188,0.615017330362576,-7.63477232057582
"Q13445_TMED1",0.271237858919505,18.8901582245716,4.16655989269503,0.00366137994348785,0.0124239900878671,-2.82655791614403
"Q13451_FKBP5",0.250773473484397,20.8017589555012,5.25883580347648,0.000960379155305233,0.00443899555157709,-1.36714164991852
"Q13454_TUSC3",-0.091512547527266,16.7665536642241,-0.37793648684528,0.722799907634168,0.796340293106098,-7.08354235798341
"Q13459_MYO9B",0.138436685637149,17.3014224803332,1.70866508889653,0.128636711230011,0.207584350504418,-6.50259858897796
"Q13464_ROCK1",-0.00820647393285867,20.0246774121793,-0.126214957152595,0.902898182144864,0.933422123393845,-7.88841381910763
"Q13469_NFATC2",-0.635952070608557,16.4277000128756,-4.76151550934141,0.0126649270262792,0.0326114405914128,-3.13214779781461
"Q13470_TNK1",-0.0608280080973387,17.2362418644687,-0.628709562782654,0.548308604908596,0.649793164081223,-7.67932447924159
"Q13472_TOP3A",0.287281464721211,17.6135325791179,3.59819568526277,0.0078752510550609,0.0225238661862853,-3.65111338904861
"Q13485_SMAD4",-0.123665689857219,18.7101699200612,-1.57586938104447,0.156443020604335,0.242499369935147,-6.68384842241222
"Q13488_TCIRG1",-0.806368251368546,16.9560447264271,-5.21988700636623,0.00100437604453378,0.0046089164828696,-1.41626598570485
"Q13490_BIRC2",-0.173617707220846,17.7451585063805,-1.69458083264317,0.131351134966152,0.21091775400467,-6.52213948485039
"Q13492_PICALM",-0.275705033870455,19.5696116034668,-4.28796910855781,0.00312818013308685,0.0109953733873329,-2.65597698362929
"Q13496_MTM1",0.784174442893814,17.6552223725529,12.1814715261464,3.44867032192814e-06,8.13737179356191e-05,4.8430451521487
"Q13501_SQSTM1",-0.738425079459173,21.6095931338675,-5.28835574430722,0.00123240169234969,0.00538383482172193,-1.5457922787378
"Q13503_MED21",-0.308614776907106,16.5780359904553,-1.84783919267806,0.105339331578612,0.176373015750873,-6.30754049264168
"Q13505_MTX1",-0.033502798334947,20.1946441687406,-0.620523006835245,0.553400399348966,0.654407742153572,-7.68482749973982
"Q13509_TUBB3",-4.26723552944133,20.045766141302,-59.6646901679831,2.88763685362042e-11,2.20759837459281e-07,16.084512428411
"Q13510_ASAH1",0.307209298101917,19.6640795718366,2.82189878423461,0.0244941627555411,0.0549788239184122,-4.84022124327317
"Q13523_PRPF4B",0.0748857128109321,19.8366539234457,1.1041828033278,0.303867528121719,0.410162651486338,-7.25802601247105
"Q13526_PIN1",-0.136015449742867,20.6504577073873,-2.09164498964547,0.0723617503539385,0.130874279975363,-5.94869572740761
"Q13530_SERINC3",0.170419926658123,16.2546318356233,1.68486007702473,0.133255784339111,0.21348291518703,-6.53558454390274
"Q13535_ATR",-0.119593146611237,17.5344923095418,-1.84492126904955,0.104974629166252,0.176032252681728,-6.31012422120538
"Q13541_EIF4EBP1",0.528881302897371,18.8295671614317,7.26881381670722,0.000122828746401017,0.00095235878928578,0.899717927246151
"Q13542_EIF4EBP2",-0.140028784224665,17.1926378891559,-1.04562806593686,0.328441066384122,0.435449237319197,-7.31972921561812
"Q13546_RIPK1",-0.433126441166035,19.207685058852,-6.83904436966319,0.000183471879225529,0.00128447116912012,0.456199002733822
"Q13547_HDAC1",0.160158990081104,19.1712970684311,2.5439999564568,0.0364946758503769,0.0762091769669848,-5.26038637337245
"Q13554_CAMK2B",-0.67208089260896,15.8210718063417,-2.20630182450992,0.07249502256358,0.131066733533801,-5.55150710260882
"Q13555_CAMK2G",0.113311567409347,19.3497122268349,1.60387910087246,0.150152301751328,0.2350356975612,-6.64619926305611
"Q13557_CAMK2D",1.03523125507725,18.5926431611433,6.2745967537997,0.000406035934753242,0.00232520203834347,-0.348885006437365
"Q13561_DCTN2",-0.0512501093705282,22.9943506321319,-0.928794898207747,0.382078573930763,0.490526541727172,-7.4351992304007
"Q13564_NAE1",0.549233312780579,19.751878626511,7.80488143941475,7.63625703861092e-05,0.000686006874972744,1.42536778830455
"Q13569_TDG",-0.184522753896463,18.580656556511,-2.32661625293524,0.050684432245787,0.0989868045045648,-5.59386441039482
"Q13572_ITPK1",-1.42652922546365,20.8775786883778,-29.6299043348547,5.22394846415749e-09,1.73639504384713e-06,11.675136721631
"Q13573_SNW1",-0.0916012839844633,21.0067249390546,-1.90848792547103,0.0954158864079862,0.163401448242047,-6.21842138098853
"Q13574_DGKZ",-0.638054655390835,18.0795269324376,-9.47903824975526,2.02036728028358e-05,0.000269088987069129,2.89565758887054
"Q13586_STIM1",0.32399857346298,19.3710295512482,2.5183504677725,0.0391153498986236,0.080361651919776,-5.31346506160673
"Q13595_TRA2A",-0.540039241760894,21.7697684723848,-6.21412599591356,0.000341838585083004,0.00203532397426757,-0.229674143597434
"Q13596_SNX1",-0.166548057808622,20.1371010574035,-2.97540517997512,0.0191965112291445,0.0451699994911696,-4.59492120981048
"Q13601_KRR1",-0.405094304137954,20.4149843381889,-6.14322934833112,0.000366436808725747,0.00216158132925026,-0.307357593471075
"Q13610_PWP1",0.131601981752045,21.831127939,2.51535393108397,0.0381042772092623,0.0788360556264712,-5.30450213154265
"Q13613_MTMR1",1.01203729502264,18.9582808992734,15.3425866644514,6.5520310654297e-07,2.66437646251117e-05,6.65408834958754
"Q13614_MTMR2",-0.0652137986295784,18.7813282929827,-1.11109319363702,0.301067168188243,0.407301097292359,-7.25058353674737
"Q13615_MTMR3",0.144011007139724,17.5325334476979,2.20832018667783,0.0606363394665264,0.113897988997935,-5.77348425310194
"Q13616_CUL1",-0.240601317784126,20.0697845880191,-4.8715697384477,0.00151337908965724,0.00631883295490421,-1.8651188563067
"Q13617_CUL2",-0.028305754260991,20.1683851010286,-0.481154267239271,0.644206975909063,0.732881299229879,-7.76832102451668
"Q13618_CUL3",-0.243289535753313,20.2396839233874,-4.94107825487361,0.00139258950523832,0.00592451127854587,-1.77416984953564
"Q13619_CUL4A",-0.0227496106915943,19.9996019598624,-0.464586769628083,0.655489781075261,0.742182964502425,-7.77693518245623
"Q13620_CUL4B",0.886782583927371,19.5579160444869,18.9206691455664,1.42189148219389e-07,1.03527241727355e-05,8.29273505096417
"Q13625_TP53BP2",0.0210075978052409,23.3019864413675,0.297024499916568,0.774552670663733,0.838125303841464,-7.84775898232949
"Q13627_DYRK1A",-0.187149537744308,16.9619404047645,-1.81160307778032,0.110345238175713,0.183229658091513,-6.35773074258158
"Q13630_GFUS",0.193362190939649,22.1793674761778,2.65532872073201,0.0308740405704189,0.0665066328996485,-5.088666894619
"Q13637_RAB32",-0.274404602489817,19.2290186932424,-2.38907132084471,0.046705553434641,0.0925755654674177,-5.50362346538543
"Q13641_TPBG",-1.6075897524993,19.5823166456777,-32.2633326959991,2.78084574829577e-09,1.18523597011529e-06,12.2830138584591
"Q13671_RIN1",-2.67414892783789,16.9416762568472,-13.7880048734639,2.41231637545108e-05,0.000305840110950638,3.42972682907852
"Q13685_AAMP",-0.0428066159552571,20.5019010972361,-0.595287528506141,0.56927131402467,0.6683020724973,-7.70138023333768
"Q13686_ALKBH1",0.0334846382285896,17.223703635414,0.276361076512783,0.789775158465273,0.849841479807124,-7.85439507988697
"Q13724_MOGS",0.216944422355155,21.1263320835035,3.61696522540416,0.00767278511495889,0.0220673340555473,-3.62324552592184
"Q13740_ALCAM",0.140262694483916,21.2953154031291,1.93474753673252,0.0917173012189879,0.158367286765191,-6.1802250271938
"Q13769_THOC5",0.0960386497151831,19.6650519240148,1.62127949000226,0.146362524123648,0.230282259091437,-6.62264821762845
"Q13795_ARFRP1",0.299638564843306,18.6308782365212,4.61441280854222,0.00207121544904424,0.00798392367995957,-2.20760974183632
"Q13813_SPTAN1",-0.764952681871705,23.615599280341,-13.5235620916109,1.63053557771534e-06,4.92276219830022e-05,5.66284390654388
"Q13823_GNL2",-0.33049781788722,20.2420087353253,-5.57541164244906,0.000672392364012106,0.0033685711814368,-0.975679221070931
"Q13825_AUH",0.439783247687579,16.5082384837515,2.2451840794294,0.0590367022727556,0.111578637546407,-5.72821488054235
"Q13838_DDX39B",0.0765110942608871,23.2550005672316,1.30018840655195,0.232281872977227,0.331243223076086,-7.03472788845047
"Q13867_BLMH",-0.0934906267782019,21.0415628731728,-1.3139449073523,0.22784468569474,0.325827276867992,-7.01816475288285
"Q13868_EXOSC2",0.00877254461743959,20.7683637872391,0.188883299968527,0.855223277341967,0.900270389772638,-7.87727011857713
"Q13882_PTK6",0.19342080971942,16.6545686306927,2.05181486781409,0.0768577350715309,0.137438649437943,-6.00796312920602
"Q13885_TUBB2A",-1.62885036388614,18.305855527643,-18.3760553680655,1.76063449094079e-07,1.20179023957521e-05,8.06560788771906
"Q13888_GTF2H2",-0.0357875862809092,15.5496240185383,-0.356403869196568,0.732898036319837,0.805009329331113,-7.80053174167998
"Q13889_GTF2H3",-0.105199240911389,17.4645294897107,-1.47673269650594,0.180688839963876,0.271405791585664,-6.81434794659156
"Q13895_BYSL",0.143940497093553,20.6260749317664,2.29096780936501,0.0534970612453347,0.103096806962587,-5.64816853154909
"Q13901_C1D",0.187195070115894,18.6804209038858,0.485270046395697,0.645666269033459,0.733791374868051,-7.76189716806011
"Q13905_RAPGEF1",0.828345394970889,19.395204427398,11.271854932307,5.98922111515813e-06,0.000119238529753604,4.23657583865905
"Q13907_IDI1",0.0513647568732871,23.2750282746468,0.615398900667616,0.556601685310729,0.657888046413192,-7.68823883876261
"Q13951_CBFB",0.0468610517995351,19.3741525735858,0.474660759981259,0.648617579470831,0.736146287864386,-7.77173113869229
"Q13952_NFYC",-0.00699790235821496,19.9815982784773,-0.11198307164783,0.913792255718182,0.941405740677656,-7.89032987632882
"Q14004_CDK13",-0.0832968313650042,17.6836535932265,-1.02121217776052,0.339139057605052,0.447483275007011,-7.34472083035178
"Q14008_CKAP5",0.0451320658603578,21.64867920195,0.865168684595634,0.413912873380201,0.521999986306769,-7.49352701143861
"Q14011_CIRBP",-0.351158423105534,22.8224620764098,-2.07697365969293,0.0789690320022639,0.140203959511683,-5.99000498112632
"Q14019_COTL1",0.218037474773364,21.2461680246571,4.62073005158117,0.00205507384038697,0.00793887797360203,-2.19908273654215
"Q14061_COX17",0.811608437194341,17.103576317421,3.49900664164791,0.0101630744012371,0.0273869241443277,-3.87155338221754
"Q14103_HNRNPD",0.15589503865068,23.9081198723291,2.16630876254935,0.0646230556629075,0.11982616069438,-5.83682517431102
"Q14106_TOB2",-0.0605342173994448,15.8554217542752,-0.694846157719599,0.508219808363792,0.613507095364154,-7.63251388855551
"Q14108_SCARB2",0.246870788792549,20.3935645669082,2.91358840899436,0.0210254712597065,0.0486087457234289,-4.69008827659701
"Q14114_LRP8",-0.1168582298884,17.3548123493703,-1.06509432935366,0.320103000617599,0.427382169243959,-7.29948976650712
"Q14118_DAG1",-0.16930744743436,19.6127754160728,-2.71910490531506,0.0280644735159294,0.0614940957378276,-4.9901915892522
"Q14119_VEZF1",-0.10399394572709,18.7261148484874,-1.79993294073071,0.11228764462746,0.18617198941161,-6.37432648202365
"Q14126_DSG2",0.19132263963953,18.2745925524042,2.08430158809577,0.0731707039675887,0.131927822965356,-5.95964549124967
"Q14135_VGLL4",-0.0587535968168957,16.3235652839597,-0.496615905781182,0.633766090180437,0.724344709138801,-7.76002623872185
"Q14137_BOP1",0.0374118164675217,19.6003862030053,0.284975458539814,0.78375597116471,0.84534627533214,-7.85145408600129
"Q14139_UBE4A",0.27190808113842,20.1329427720031,5.37865068424487,0.000837841565381839,0.00397351040157826,-1.21735388068474
"Q14141_SEPTIN6",0.207723835777621,16.2963549977815,2.00700125736079,0.107957394347862,0.179889773275808,-5.99543711006051
"Q14145_KEAP1",1.14010910290867,18.9590073756693,16.889523993873,3.25909000760036e-07,1.87300888856635e-05,7.40711575591012
"Q14146_URB2",0.233347699525606,18.6269097023296,2.4361068727832,0.0429460559185965,0.0865601364349249,-5.42631739746115
"Q14147_DHX34",-0.0673388774374182,17.2938194873883,-0.743328263507578,0.480044564563271,0.585691142050145,-7.59559560372525
"Q14149_MORC3",-0.00788806280622367,18.7404615934957,-0.134612230227506,0.896480547378707,0.929499063991216,-7.88717634359764
"Q14151_SAFB2",-0.139890415885674,20.5393064924211,-2.39327530302017,0.0458194559611697,0.0911263633775085,-5.49198133408349
"Q14152_EIF3A",-0.428213492443959,22.3545407291099,-7.90610088056493,7.00140761500878e-05,0.000643338476162765,1.52137720007777
"Q14155_ARHGEF7",0.243076118099797,18.6085401710427,3.54211367938887,0.00851512836487636,0.0239683933540058,-3.73461600210319
"Q14156_EFR3A",-0.0262465194794892,17.1173346877533,-0.262285080456927,0.80020122657803,0.858120125850615,-7.85864721606672
"Q14157_UBAP2L",-0.0717881853567839,21.6114273845859,-1.49553266062628,0.175845043143522,0.265836534473448,-6.78994547618396
"Q14160_SCRIB",0.0465512938661981,20.4438229017357,0.787794665308364,0.455127206685169,0.562107834427806,-7.55985611754755
"Q14161_GIT2",-0.0499009261343346,18.3267368324566,-0.788014850462072,0.455006046742787,0.562048994562709,-7.5596747543611
"Q14165_MLEC",0.142172840004143,20.9499758851195,3.41261164856121,0.0102155567317551,0.0275186508859295,-3.92872447039585
"Q14166_TTLL12",0.0379251269168535,20.8917187719726,0.750022210292089,0.476236593942103,0.581973906759491,-7.59032911588544
"Q14181_POLA2",-0.179069406569845,19.3240573034493,-3.27234263907288,0.0124744086342294,0.0321859109040444,-4.14082753861291
"Q14185_DOCK1",-0.136240954125309,16.905978670147,-0.864843615192919,0.414211944797553,0.522238242308845,-7.49366984434832
"Q14186_TFDP1",-0.0732549584171061,16.8546433034672,-0.73512387409734,0.48473913076386,0.590194402721725,-7.60199488891131
"Q14191_WRN",0.387095824073366,16.143025184683,3.23527000534467,0.013156382987372,0.0336164932949396,-4.1971762193885
"Q14192_FHL2",-0.178237058479741,16.3136217125896,-1.4511394911313,0.187475297362414,0.279543703064925,-6.84729534229731
"Q14197_MRPL58",-0.227239967156397,19.6344642441542,-3.10982278323478,0.0157729531185577,0.0389138353323386,-4.3886379889663
"Q14202_ZMYM3",-0.613531713154792,18.7535362782732,-4.48660169131011,0.00267369661960485,0.00970579803270611,-2.45005780871607
"Q14203_DCTN1",-0.0347830347702462,20.9040283251863,-0.659006310891661,0.529711079469896,0.632657585150345,-7.65839728497033
"Q14204_DYNC1H1",0.0838623460084484,22.4892015335287,1.86528302249672,0.101816708019206,0.171716023120853,-6.28087136962549
"Q14209_E2F2",0.0268180001324527,15.1201603924044,0.346012450870232,0.745060523578588,0.81549906699116,-7.67541610954978
"Q14232_EIF2B1",0.0587194375061451,21.0993896375716,1.15155035603794,0.285088454907751,0.38884946258158,-7.206351757101
"Q14240_EIF4A2",0.25551914890103,21.1691900220276,2.18082880932919,0.0653003602093372,0.120759858200383,-5.82594635443063
"Q14241_ELOA",0.282352385530899,18.8100304983492,3.51976691110011,0.00878543886298958,0.0245249028148832,-3.76798526201767
"Q14244_MAP7",0.238497497343836,20.3189414940239,4.1674728798636,0.00365701905224313,0.0124232666056192,-2.825267549899
"Q14247_CTTN",-0.163740808862659,22.8889300511647,-3.24896024710704,0.0129000413033363,0.033072037479546,-4.17635445741483
"Q14249_ENDOG",0.651067963325104,19.5213569679776,5.01333224954603,0.00144698717053557,0.00610497622447263,-1.77336606579705
"Q14254_FLOT2",0.152234411803917,19.748715849051,1.55920608057334,0.160299195469034,0.247323380294806,-6.70608923153712
"Q14257_RCN2",0.261087990976886,21.1956380372979,2.63626489327157,0.0324320280779667,0.0692191107359172,-5.12784785014107
"Q14258_TRIM25",-0.27229822246483,21.7236369702729,-4.92506335356557,0.00141944891135252,0.00600868600625141,-1.79506349966983
"Q14296_FASTK",0.181808324240174,15.7923091953206,1.74414134358717,0.122031214253632,0.198876280743767,-6.45306902858599
"Q14318_FKBP8",0.337484352924353,20.2193328319364,2.36131601546141,0.0504744406985653,0.0986897951766066,-5.56008306421675
"Q14320_FAM50A",1.34590159960834,21.1775351442725,22.5439955202049,3.92855572453218e-08,4.55057704758311e-06,9.6418902926266
"Q14331_FRG1",-0.0499166166895506,19.5528187233431,-0.897757605580886,0.397375266204169,0.506069283713289,-7.46406790860091
"Q14344_GNA13",0.135658025338987,21.5047856825914,3.28230378303083,0.0122976407056416,0.0318480566377473,-4.12570671185966
"Q14353_GAMT",0.903941155498508,18.7250900132843,4.84559820820245,0.00203882991656148,0.00790408453961081,-2.09620313057542
"Q14376_GALE",-1.00390044565248,19.6262184951156,-12.8317006852833,2.37747767831612e-06,6.26752305197474e-05,5.25063025858383
"Q14435_GALNT3",0.658581887824074,20.3802296434907,12.6512932277497,2.63127563778285e-06,6.77309840095957e-05,5.13957998823237
"Q14442_PIGH",-0.139820071057558,15.8699714542447,-1.25505199857864,0.247364156732936,0.348332472069363,-7.08829230897215
"Q14444_CAPRIN1",-0.0618550017917876,23.1081634899271,-1.02708396307006,0.336541823908321,0.444519165506554,-7.33875105049669
"Q14451_GRB7",0.617134893761424,16.5493137354193,5.60833104852594,0.000648417517191313,0.0032655809742606,-0.935762562791262
"Q14457_BECN1",-0.0611661982299943,17.9642867182746,-0.822074289626091,0.436530031214906,0.544597534558558,-7.53110784788882
"Q14493_SLBP",0.371756711252321,17.9909036972017,2.62490460794068,0.0329636749903238,0.0701887213263311,-5.14495632563987
"Q14498_RBM39",-0.0593345456977694,21.8251421999368,-1.00565502206844,0.346095569452411,0.453842303338539,-7.36041240638854
"Q14517_FAT1",0.63040135910078,17.3969997044146,7.13636517314871,0.000138720597849475,0.00103566305718675,0.765203685384096
"Q14527_HLTF",0.205722305827884,19.6661493258893,4.00333140919993,0.00453991422725407,0.014656944369661,-3.0590798023843
"Q14534_SQLE",0.55975150473833,19.0920417512349,10.0090298617277,1.38277469328507e-05,0.000209332921389394,3.31439793416768
"Q14542_SLC29A2",0.128407087563113,15.9590275777819,1.14987554409355,0.285735924662469,0.389385230667483,-7.20820488137499
"Q14554_PDIA5",-0.065249956963644,20.0009295049087,-0.963435832640621,0.365527352735289,0.473877668587635,-7.40206472981587
"Q14558_PRPSAP1",0.609997357289608,20.138533206789,11.5422684537234,5.06203998497161e-06,0.000106445759670864,4.42155723943649
"Q14562_DHX8",0.295984155467721,19.2565924341473,5.50059524595918,0.000730614347205635,0.00358608266044889,-1.06694737232922
"Q14566_MCM6",0.0622534363019867,22.5784364378811,0.674521846182291,0.520745209142716,0.625074128418286,-7.64688250685481
"Q14571_ITPR2",-0.0881273375347114,15.6836335865904,-0.99436164079364,0.351214096949137,0.459372415941172,-7.37168848325759
"Q14573_ITPR3",0.829353153292985,20.5284974527099,7.85214646330184,8.31963084859426e-05,0.000724483204097638,1.36414080415684
"Q14592_ZNF460",0.0142222278311941,16.801137145881,0.192718873244573,0.852323876870609,0.89838908571292,-7.87644529676706
"Q14596_NBR1",0.26039484689267,17.7698889368579,2.6656890492408,0.0303985524208118,0.0655747554337208,-5.0726723285484
"Q14624_ITIH4",0.739722992186184,18.8091297638469,1.62716657503135,0.160257028006989,0.247308231552973,-6.62278486009868
"Q14642_INPP5A",0.429650619651486,16.1305536943244,4.25472587382399,0.00326522128268417,0.0113666935727332,-2.70248034008674
"Q14643_ITPR1",0.89362289488016,17.2504148068733,3.00474670198413,0.0295792758432826,0.0641228959063699,-4.33592177699476
"Q14644_RASA3",0.0283748165073838,15.537715800149,0.348906087292626,0.738258832959751,0.809754487514677,-7.80352334715766
"Q14651_PLS1",0.0867451682625884,20.0332551372793,1.93028554440425,0.0923358130996608,0.159221624732164,-6.18672760887578
"Q14653_IRF3",-0.331689983012016,19.9007313482295,-2.33533147240499,0.0520271056194822,0.101002341914917,-5.5958859167008
"Q14657_LAGE3",0.660496172044038,19.2242957365754,9.74880277298309,1.66201552975315e-05,0.00023794211095436,3.11132295839127
"Q14667_BLTP2",-0.169041725587487,17.9536100518683,-1.63451112488778,0.143540081547826,0.226728083353953,-6.60465830110037
"Q14669_TRIP12",-0.265029671233844,19.5014555110461,-3.82110107781872,0.00579903234157727,0.0176980448109214,-3.32284278997982
"Q14671_PUM1",-0.073200235393287,18.8417582399584,-1.26858034147785,0.242758583346019,0.343238278098819,-7.07236544331598
"Q14674_ESPL1",-0.464978980250077,17.4217909739671,-5.32483737087529,0.000890599727999937,0.00417707663838007,-1.2843816432767
"Q14676_MDC1",0.711695028797028,19.6252542408867,7.3392140802499,0.000115217517937576,0.000910600640804211,0.970449146049472
"Q14677_CLINT1",0.168686553765863,21.0205716428374,3.70910993831273,0.00675679033767365,0.0199751207005085,-3.48702669839713
"Q14680_MELK",-0.0890360686418283,15.7483658898131,-0.623412911521586,0.563514064287419,0.663595967571983,-7.15609222490419
"Q14681_KCTD2",-0.0436625393217547,16.8299602736004,-0.423665071081515,0.687997226913495,0.769530182846184,-7.70208797969537
"Q14683_SMC1A",0.215829769470808,21.6505418177811,3.8479588762633,0.00559182535067687,0.0172795088140359,-3.28369985613732
"Q14684_RRP1B",-0.283469056113439,20.7651645405128,-5.27246299655634,0.000945491642222916,0.0043861733077666,-1.35000450241432
"Q14686_NCOA6",-0.205093018019877,17.2884268438796,-1.20575168669758,0.265637857145875,0.368165594249495,-7.14475707815032
"Q14687_GSE1",-0.479705012675812,18.0953563377973,-6.08979196701152,0.000387321730353079,0.00224323835496158,-0.368461870377
"Q14689_DIP2A",-0.0848753971168428,20.0842345312998,-1.0310533812844,0.334794844947744,0.44244852677704,-7.334700813401
"Q14690_PDCD11",-0.380789266821147,20.0604526448993,-5.24579486934709,0.000974868821689701,0.00450043722473008,-1.38356589092503
"Q14691_GINS1",-0.244527832319658,18.4285939568358,-3.63481627478608,0.0074854073094746,0.0216355156449653,-3.59677873545719
"Q14692_BMS1",-0.354546524420698,20.0940471924463,-5.11670882858614,0.00113205952797535,0.00503907797110305,-1.54743144523074
"Q14693_LPIN1",-0.0489484929257884,18.5740412848372,-0.780431116525707,0.45919176765155,0.565805487827071,-7.5658966271372
"Q14694_USP10",-0.0937818234222938,21.1500989689557,-1.27156777651305,0.241751426768682,0.34200400770662,-7.06883349158439
"Q14696_MESD",-0.108283679483723,20.9903768426286,-1.99043997266498,0.0843280766857575,0.147616929395375,-6.09865845584541
"Q14697_GANAB",0.00575707627553612,23.8421953763765,0.113946209165989,0.912288308749338,0.940078733035273,-7.89007914022432
"Q14722_KCNAB1",-0.00888194222837768,16.8954144894741,-0.037633423876154,0.971384826128199,0.981008850165136,-7.55466489307593
"Q14728_MFSD10",0.463817468685285,18.440332433988,1.95140759085781,0.0947869949633387,0.162660019090668,-6.17025846263023
"Q14738_PPP2R5D",0.275072988588033,20.2557448435434,5.4528794835518,0.000770650082743245,0.00373372909882538,-1.12555593984702
"Q14739_LBR",0.302984021817821,20.6252632494496,3.89295223179998,0.00526241300445956,0.0164141768335754,-3.21833149498895
"Q14746_COG2",0.188375752830005,19.9796599439932,3.07706578329265,0.0165431986650427,0.040367939289579,-4.43881239049379
"Q14766_LTBP1",0.420205386688355,16.5099614903197,3.91276533926593,0.00512406348105104,0.0160810612941852,-3.18962862446307
"Q14781_CBX2",-0.439535364058614,16.7475212962824,-4.54856022437254,0.00224800285894464,0.00853325812146563,-2.29683727602707
"Q14789_GOLGB1",0.287288055839216,19.5847340017804,5.88650124280916,0.000479763171604948,0.00261797961950024,-0.60427656845553
"Q14790_CASP8",-0.839724814757631,19.1145153385144,-8.70124964618394,3.64815635023686e-05,0.000395044692600012,2.24242605232926
"Q147X3_NAA30",-0.138209850462303,18.7115246702483,-2.3941454182917,0.045759182170287,0.0910301711402145,-5.4906488135859
"Q14802_FXYD3",0.435549309831121,18.9520236943357,6.97016925427135,0.000162005193742756,0.00116622382877907,0.593697510513909
"Q14807_KIF22",-0.61720558729488,19.6324319132533,-8.58293259832095,4.00685353481765e-05,0.000421933819196707,2.13870808994524
"Q14839_CHD4",-0.171516766844586,21.2311983128205,-3.03012208695341,0.0177169169292306,0.0424861448945946,-4.5108294683635
"Q14847_LASP1",0.285167621788741,22.9625364386479,3.63078563999778,0.00752728185349839,0.0217236956474123,-3.60275153802401
"Q14849_STARD3",0.177746385944017,15.6941901768776,2.4632730532437,0.0412192771344397,0.0836087486582094,-5.38460143947419
"Q14865_ARID5B",-0.0760608568325427,15.8627039124819,-0.640875757580207,0.547553451029894,0.649200703027844,-7.32187296553042
"Q14872_MTF1",0.0572525137270183,16.4973273605981,0.533984807463784,0.608897055705718,0.703299686847934,-7.73896899023897
"Q14914_PTGR1",-1.48935687565976,19.5568301388905,-20.8944920480662,6.86841891851891e-08,6.40354422342403e-06,9.06003424413788
"Q14919_DRAP1",0.0933557201948325,20.8928747704011,1.49249838119357,0.176618825779716,0.266689891978259,-6.79389528790166
"Q14966_ZNF638",-0.213950132196025,21.0107309287594,-4.30584535055011,0.00305708945518155,0.0107884901566169,-2.63103412306494
"Q14974_KPNB1",-0.416644175712435,23.9417467154312,-8.19113982871488,5.50938813141286e-05,0.000537921740289289,1.78647936641173
"Q14978_NOLC1",-0.154026655432155,20.8495682101686,-3.07342229101948,0.0166312924908239,0.0405182380791424,-4.44439731179118
"Q14980_NUMA1",0.66021188941405,20.8966880288145,11.7304931136986,4.51222435216097e-06,9.74462010516119e-05,4.54792505637922
"Q14997_PSME4",-0.475580696461012,19.0610029515715,-7.59501174168115,9.16873154736582e-05,0.000784059873373733,1.22307622061445
"Q14999_CUL7",0.162693744306692,16.4319859565463,1.93406740705767,0.0918113191891733,0.158441881535266,-6.18121651944046
"Q149N8_SHPRH",0.055291202507501,16.1011268886606,0.715807142172366,0.495910630106915,0.601688107787234,-7.61681840608139
"Q14BN4_SLMAP",0.0495257000830485,17.9983395240545,0.570884621146996,0.584866153155775,0.681328459013116,-7.71679165789615
"Q14C86_GAPVD1",0.431669448422735,20.4058300118972,9.12961597318536,2.62068959969905e-05,0.000322627568272129,2.60815472643401
"Q14CB8_ARHGAP19",-0.230106536933214,16.9502925818276,-2.77991784691367,0.025631868630614,0.0569804116548544,-4.89628733819043
"Q14CS0_UBXN2B",-0.195574279888566,15.5492955576939,-2.74900506808821,0.0309387401960049,0.0666272306474529,-4.95537607557683
"Q14CW9_ATXN7L3",0.163409394932273,15.5260320038124,1.97774138061552,0.100087822968875,0.169435652479418,-6.06532748091084
"Q14CX7_NAA25",0.160859241481326,20.6378570618407,3.36056322588026,0.0109982122853429,0.0292655749386846,-4.00721513826638
"Q14CZ7_FASTKD3",0.326017699373757,16.4307773987335,1.85322289905465,0.11107391274308,0.184319527441034,-6.22166816369595
"Q15003_NCAPH",0.023137452465626,20.0572126637729,0.356742001392633,0.731168208387837,0.803360297948406,-7.82596565546539
"Q15004_PCLAF",-0.485913258251017,20.7089788814503,-6.96688078814127,0.000162507985952514,0.00116764431635993,0.590272958919119
"Q15005_SPCS2",-0.093545788504926,21.8436225862794,-1.68565447311631,0.133099169148579,0.213276702607605,-6.53448708611189
"Q15006_EMC2",0.180635219375954,20.4072558703092,2.47999733976527,0.0401915952245811,0.0819591212301741,-5.35889652954773
"Q15007_WTAP",-0.0196293931995015,19.8046835817714,-0.298147012860046,0.773728660193943,0.837703918653066,-7.84738509885798
"Q15008_PSMD6",0.0281448146010277,22.8501685231735,0.388769176957947,0.708311148033044,0.785015762063296,-7.81269273466009
"Q15013_MAD2L1BP",-0.107245843870336,15.5984422387219,-1.48161330517156,0.179419959164145,0.269800469671497,-6.80802900002893
"Q15014_MORF4L2",0.392895170360688,20.7576418230558,6.1246513231185,0.000373552271305744,0.00219340024126913,-0.328559872453094
"Q15018_ABRAXAS2",-0.251610482691177,19.566338488506,-4.14889548671049,0.00374687706892595,0.0126300155167279,-2.8515463647248
"Q15019_SEPTIN2",0.0760326534980535,22.8970390889552,1.91231418805098,0.0948681238310922,0.162698911264638,-6.21286680963137
"Q15020_SART3",-0.129520441025601,20.7885382850078,-2.23873942806876,0.0579038654462377,0.109782120773475,-5.7274631091358
"Q15021_NCAPD2",0.0902588242041347,20.3713469881214,1.38310172447523,0.206632384696294,0.301758277173479,-6.93328656863279
"Q15022_SUZ12",-0.101822602282681,18.5451175180799,-1.25165121385981,0.248533498247858,0.349721810068999,-7.09227859044156
"Q15024_EXOSC7",0.0552461516112253,20.1336638017962,0.805649283924538,0.445374013054863,0.552740962630588,-7.54501080900791
"Q15025_TNIP1",0.0515186074750993,17.9783570824161,0.660094096843456,0.529050621734609,0.632066260847177,-7.6576295712173
"Q15027_ACAP1",-0.044227896743319,20.1292325247292,-0.457099150403379,0.660620686972086,0.746737720354158,-7.78073488636368
"Q15029_EFTUD2",-0.0357377046144265,21.8502485838072,-0.895552755187664,0.398478753155825,0.507390084589654,-7.46608877447702
"Q15031_LARS2",-0.133612270003827,18.5461540149402,-2.00210591321453,0.0828554413471511,0.145737025733543,-6.08148175728711
"Q15032_R3HDM1",0.147279345151716,17.565035423735,1.37919777358673,0.207782195362168,0.303032217387214,-6.93814763731517
"Q15035_TRAM2",0.17797222458371,15.2306551523135,1.54734723080061,0.18944828985789,0.28172187822672,-6.215707914967
"Q15036_SNX17",-0.607066169930302,20.0362448987217,-3.47108250754274,0.0113310264381932,0.0298606332712812,-3.95565241866241
"Q15041_ARL6IP1",0.115676687316821,20.2552074258183,1.98978139116874,0.0844119699272674,0.147706456876621,-6.09962723064185
"Q15042_RAB3GAP1",0.16822427194905,19.5771669599081,3.24981213503049,0.0128842664644811,0.0330648597250613,-4.17505931094059
"Q15043_SLC39A14",-0.326442009230281,17.954352216002,-2.64282381683256,0.0314582031586439,0.0675176763469491,-5.10797018114883
"Q15046_KARS1",-0.417062539294449,23.0144231264625,-7.38351119139921,0.000110699284666078,0.000883398780033574,1.01468520096473
"Q15047_SETDB1",-0.630945174445916,18.8484534368835,-11.7531001045822,4.45084205957596e-06,9.63928825650374e-05,4.5629736045602
"Q15050_RRS1",-0.0168054857866906,20.3645706066529,-0.127822452515809,0.901860332741762,0.932853774023917,-7.88812028381858
"Q15052_ARHGEF6",-0.0672429547711104,17.929748936219,-0.593012225198397,0.57071515639976,0.669292432992202,-7.70284202559482
"Q15054_POLD3",-0.196724792227247,19.5661453746724,-2.74066326581438,0.0271757850296496,0.0597695272012864,-4.95690024042639
"Q15056_EIF4H",-0.119096232990824,23.5699654969497,-1.55089260912697,0.162255382699916,0.249787031965538,-6.71714055873339
"Q15057_ACAP2",0.305666941538888,18.7829760600097,4.76000568083291,0.00173204249039804,0.00696186374295111,-2.01254060189646
"Q15058_KIF14",0.00960203040772001,18.4265950810528,0.0786003947957828,0.939430476057127,0.959383648070629,-7.89392574908918
"Q15059_BRD3",0.761817626290576,21.6427696053627,7.65528644035165,9.85607003900303e-05,0.000817464616803124,1.17686059013479
"Q15061_WDR43",-0.585922921602084,20.5454246219264,-4.57865725279076,0.00250362893206512,0.00923841209992453,-2.36096500076306
"Q15063_POSTN",-0.15729386757609,15.6808370698891,-0.826972427754142,0.451876389715941,0.559015338852017,-7.02043197843386
"Q15067_ACOX1",0.357756834228031,20.530745100734,7.51174625323792,9.86981200475784e-05,0.000817464616803124,1.14158595476205
"Q15070_OXA1L",-0.0634623465698105,19.7566126931686,-0.698566844437382,0.506020755719502,0.611532940846594,-7.62975767828064
"Q15072_ZNF146",-0.024183065764781,16.325672079034,-0.225277265454128,0.827814132947387,0.87946623768521,-7.86878373767681
"Q15075_EEA1",0.524448108403817,19.6105593213097,8.59910068644316,3.95557870995148e-05,0.000417685072342253,2.15295216617437
"Q15084_PDIA6",-0.787623288267852,24.2312582837929,-16.0996593757988,4.61839868746774e-07,2.29753544947439e-05,7.03196863878829
"Q15102_PAFAH1B3",-0.114018742868481,23.2146550995459,-2.28456569053798,0.0540185892219261,0.103787915205234,-5.65790608814616
"Q15118_PDK1",0.482773927642437,17.1147349553159,3.817749240181,0.0058254681810134,0.017757457832475,-3.32773418787511
"Q15119_PDK2",-0.0925726910951674,17.5069633917302,-0.91796215102491,0.387367243846416,0.495552640429359,-7.4453639770864
"Q15120_PDK3",0.553209862308158,19.3148304648129,8.73744352162311,3.54573928625628e-05,0.000389617362343745,2.2739154767989
"Q15121_PEA15",0.0556212679553312,19.894961969147,1.01832049238154,0.34042383046002,0.448791202598181,-7.34765128923441
"Q15124_PGM5",1.33257783963068,18.6822152196777,15.2924424715388,6.70941838162059e-07,2.68552374489473e-05,6.62838881770258
"Q15125_EBP",0.465787357368203,21.0800530091492,4.07421436261819,0.00453479945803696,0.0146528072090839,-3.02115422081553
"Q15126_PMVK",-0.544348280535946,21.4709279854964,-12.4035559170858,3.03115157171019e-06,7.42729287362963e-05,4.98456329185967
"Q15131_CDK10",-0.0636508745664521,16.1274563055798,-0.524608294791428,0.615087661163435,0.708908048273389,-7.74438608205283
"Q15139_PRKD1",-0.0103888677964026,15.7986667721192,-0.0457907622472916,0.964951628316759,0.976964004566498,-7.60855256501166
"Q15147_PLCB4",-0.183769674731437,19.8778932429847,-2.91385327163361,0.0210172564743948,0.0486087457234289,-4.68968019959553
"Q15149_PLEC",-0.138693822611845,21.4726021339507,-0.944913969201836,0.377320068479641,0.485624902950649,-7.41669457629624
"Q15154_PCM1",-0.0992067525720621,18.4307206516747,-1.28480499649561,0.237331479952294,0.33681068576857,-7.05311950739348
"Q15155_NOMO1",0.0155018272751768,17.0901062428052,0.173432700875829,0.866926302031148,0.908526429730129,-7.88042626284207
"Q15165_PON2",-0.688123382789385,18.5818762575722,-11.1530318542434,6.45606964497523e-06,0.000125270691461512,4.15397633291715
"Q15170_TCEAL1",0.658114460677201,17.3639040266685,7.70160173167923,8.3512515265468e-05,0.000726340363145055,1.32636709074681
"Q15172_PPP2R5A",-0.0783177565834379,19.2900527359339,-1.23748939942193,0.253453338745706,0.355076191077684,-7.10880242167032
"Q15181_PPA1",0.130882126670365,24.2747627616313,2.64626835011855,0.0312961630558046,0.0672643144677049,-5.10265325799283
"Q15185_PTGES3",-0.111159092524591,25.078931737322,-2.48030166577233,0.0401731391146505,0.0819591212301741,-5.35842863181656
"Q15208_STK38",0.472610154712243,18.6297220863702,8.63679516085347,3.83887128708622e-05,0.000408180403195746,2.18607343912834
"Q15223_NECTIN1",-0.736203806674858,18.1446592948286,-8.97040223960112,2.95889017644107e-05,0.000352347591883053,2.47397511300049
"Q15233_NONO",-0.0346691371505834,23.8324906315053,-0.595670217108224,0.56902867852167,0.668237211566539,-7.70113387103149
"Q15257_PTPA",0.423729065791193,22.0085520697682,8.80820301080136,3.35470216104453e-05,0.000380875834702095,2.33515881834514
"Q15262_PTPRK",-0.532413369686687,17.9309455326853,-7.46912978919916,0.000102516977198185,0.000836437876926494,1.0996024981463
"Q15269_PWP2",-0.239978918689591,19.1703394792351,-1.76224181094165,0.120564908074974,0.196868413747622,-6.43003926890475
"Q15276_RABEP1",0.0855967618042577,18.4898314206717,1.53351503932827,0.166414834729893,0.254550102342944,-6.74014297194596
"Q15283_RASA2",-0.265250867653748,17.0447472308002,-2.70568446145528,0.028632867480152,0.0624648158227611,-5.01091594144512
"Q15286_RAB35",0.192987871755399,19.2772455679681,1.84574798910104,0.104844602740774,0.175891373261623,-6.30893881599732
"Q15287_RNPS1",0.03174149644396,22.1672912778306,0.59961406635488,0.566531656954287,0.666322579483712,-7.69858657154415
"Q15291_RBBP5",0.0926100952923363,21.0322215753888,1.92590070654421,0.0929475673394519,0.159897424012176,-6.19311288805378
"Q15293_RCN1",0.420038398281353,21.527873130804,3.66282058390986,0.00793774310256651,0.0226602172540227,-3.61789618386283
"Q15311_RALBP1",0.185277182881201,17.5953302053587,2.16883343379886,0.0643762650309974,0.119426485358402,-5.83302626031545
"Q15326_ZMYND11",0.279288961509181,19.2245618881842,4.16464533249,0.00367054323455129,0.0124440368195763,-2.82926422324909
"Q15334_LLGL1",-0.347068804417042,19.5920850455512,-4.49821760256899,0.0023942940954107,0.00895328868779779,-2.36546710119518
"Q15345_LRRC41",0.268574759969525,18.7724468511839,3.90726532208052,0.00516206970118394,0.0161936901376903,-3.19759130426849
"Q15361_TTF1",0.0372581836409367,17.4243322961025,0.248594246341085,0.810429379797297,0.865584997482377,-7.86254583204662
"Q15363_TMED2",0.262183669590982,21.0908160526989,2.81848559225536,0.024376150146534,0.0547943745575573,-4.84039957117217
"Q15365_PCBP1",-0.113531520407157,25.062840711649,-2.2328486504376,0.0584232208342238,0.110665392288811,-5.7363850367206
"Q15366_PCBP2",-0.158708472744802,24.1435356139599,-1.96849971542339,0.0871671877392714,0.151867171893056,-6.13087932615634
"Q15369_ELOC",0.0159611393026715,21.4399726313168,0.223622088548972,0.829055503554393,0.88059232131092,-7.86920166654507
"Q15370_ELOB",0.103935692855451,23.0002774617949,1.99109935568359,0.0842441628981601,0.147514114831982,-6.09768840418273
"Q15382_RHEB",-0.0919554409844814,20.4791575888111,-1.71470729661589,0.127488420531623,0.206100438774425,-6.49419380162849
"Q15386_UBE3C",0.308434427576561,19.6189665297578,3.86189765279189,0.00548745305286467,0.016998208504518,-3.26342132061097
"Q15388_TOMM20",0.129316764839452,21.8401773769727,1.23565591812049,0.255497417891828,0.357365544477334,-7.10999980571128
"Q15390_MTFR1",0.0171197051136645,18.119807342079,0.218301785718865,0.833049180701913,0.883309429468256,-7.87052443073143
"Q15392_DHCR24",0.48015818053964,21.9204780348496,6.63814491552207,0.000222794492001099,0.00149440340347857,0.241699996851498
"Q15393_SF3B3",0.0990242042966898,23.0488712101253,2.01497523844735,0.0812600610816408,0.143471863041373,-6.06249846469698
"Q15397_PUM3",-0.0736760902570488,20.1513302408889,-0.965769636946164,0.364432005625273,0.472858568059269,-7.39979832659542
"Q15398_DLGAP5",-0.602125126229016,18.7908391931387,-6.44816235960153,0.000268795667527984,0.00169970461393833,0.03447323785847
"Q15404_RSU1",-0.0920315598495165,20.6820242647413,-0.946520503605498,0.373859448477293,0.482714994698346,-7.41802461843004
"Q15413_RYR3",0.0949019827239859,16.9304719099811,0.523765111470458,0.616092380130362,0.70955502351561,-7.74440719208688
"Q15418_RPS6KA1",0.454800680156016,18.7328652070565,7.56362177308997,9.42626770329754e-05,0.000795406364146906,1.19243871034989
"Q15424_SAFB",-0.143457647657591,21.7064096963381,-2.79067192969082,0.0252250207662439,0.0563380904931155,-4.87968456550407
"Q15427_SF3B4",0.12813304312948,21.6802236677249,2.0997728904098,0.0714766702713463,0.129641552603664,-5.93656459300164
"Q15428_SF3A2",-0.0732409667304736,20.5256282184675,-1.11780517490194,0.298367165984352,0.404389057516952,-7.24332296988243
"Q15435_PPP1R7",0.0127392458576914,21.0011672558755,0.191263210064109,0.853423964887036,0.899052805782195,-7.87676026344895
"Q15436_SEC23A",-0.242593954344638,21.4700723214289,-4.24278110156193,0.00331604831147845,0.0115128016990249,-2.71922730250077
"Q15437_SEC23B",-0.0542665043994788,21.1539725763158,-0.940392125617719,0.376476318641042,0.484947170347223,-7.42421257374106
"Q15438_CYTH1",-0.0728249866676833,16.6512715437317,-0.533960444581186,0.60891309708914,0.703299686847934,-7.73898318065828
"Q15459_SF3A1",-0.0724199462810375,22.0857501089364,-1.64764194247868,0.140789079198481,0.223259180765897,-6.58673744583253
"Q15464_SHB",-0.107070392515636,15.6666778850525,-1.20943492000929,0.263441725593717,0.365984370736683,-7.14116799951808
"Q15477_SKIC2",0.309650095887861,18.8950081827236,5.02106841763936,0.00126654353339519,0.00550143795747693,-1.67035908103016
"Q15526_SURF1",0.630648623853336,20.0454059446286,8.11639678857949,5.8628086814353e-05,0.000561073091314553,1.71770322440413
"Q15527_SURF2",0.247519141834477,19.0846978545559,4.20955954803255,0.00346199815875512,0.0119006186707207,-2.76590927372596
"Q15528_MED22",-0.0828973611405885,17.8019613889417,-1.07897323843926,0.314261117146278,0.421421898014962,-7.28489207191926
"Q15532_SS18",-0.284309008177932,17.6733555944217,-3.15904177582154,0.0146860530831757,0.0367993693283769,-4.31338178731922
"Q15542_TAF5",0.0746769030921115,17.7498111881127,1.01412428754594,0.342294909564128,0.450372048891932,-7.35189258740674
"Q15543_TAF13",0.136118335775127,16.4489937056962,1.22228899626503,0.258825018528347,0.360948060315434,-7.12639994505346
"Q15544_TAF11",0.100049850618426,16.0864134601637,1.33176394526191,0.222205896317159,0.319616947760053,-6.99654923314929
"Q15545_TAF7",-0.189879842807954,19.0308720378144,-3.5206998754327,0.00877397150568487,0.0245238837997037,-3.76659103618922
"Q15554_TERF2",0.225686118999963,18.8168131601481,3.12919719457083,0.0153352907551377,0.0380291841976221,-4.35899460979477
"Q15555_MAPRE2",-0.193677372094442,15.8299472533654,-1.57009691359653,0.17231981520711,0.26162339382665,-6.48786617579047
"Q15560_TCEA2",0.144356613671132,17.0923014895284,1.2300081906049,0.256085295682528,0.358041712782173,-7.11748142183752
"Q15561_TEAD4",0.265416443113313,16.2075892075545,2.01561775858905,0.0811812022898677,0.143398865874778,-6.06154975508382
"Q15572_TAF1C",-0.17932600711768,16.2715922827127,-1.43452543063926,0.192001749988313,0.284743623406529,-6.86851107028982
"Q15596_NCOA2",0.0682557109541939,15.855423244386,0.766178078091132,0.470647103303094,0.577080530032423,-7.51395591929391
"Q15599_SLC9A3R2",-0.107309598862848,20.1582918671654,-0.968222812324363,0.363993996773032,0.472441669499739,-7.39666825929145
"Q15628_TRADD",0.533186933015088,18.6519443626087,5.99107426840788,0.000429473475421722,0.00240889561232507,-0.482304724672659
"Q15629_TRAM1",0.33724287154449,17.4324891007364,2.53661913489666,0.0369026154067137,0.0767883763702576,-5.27175655333572
"Q15631_TSN",-0.0439697846525746,22.1303476413377,-0.467283837483593,0.653935350474242,0.740857863867954,-7.77527097264087
"Q15633_TARBP2",-0.0521507900215035,18.4787676422806,-0.551353217027336,0.597519470866309,0.692838499051597,-7.72870034967564
"Q15637_SF1",-0.0392773067403738,21.6229886551482,-0.815001610919627,0.440323191328098,0.547806476436666,-7.53712329288499
"Q15642_TRIP10",0.641116856992301,18.6244976565954,8.70457995960406,3.6385952063511e-05,0.000395044692600012,2.24532813156416
"Q15643_TRIP11",0.125630510471318,19.3181263436265,2.49783329612003,0.0391244039823945,0.080361651919776,-5.33146511864975
"Q15645_TRIP13",0.542503284408152,20.6635508358544,8.30671661201857,5.0089368426115e-05,0.00050035263565019,1.89181733950543
"Q15648_MED1",0.0320029064932363,19.0582739752195,0.464994953215176,0.655210634813795,0.741976789090722,-7.77672636839362
"Q15649_ZNHIT3",-0.16090451367959,17.4746588381074,-1.70783665295116,0.128794906108832,0.207685521451597,-6.50374994651795
"Q15650_TRIP4",0.214808531430574,18.9640534724368,3.49180002592058,0.00913675051513994,0.025242170776779,-3.80982222884652
"Q15651_HMGN3",-0.0972300793435927,19.0370941629485,-0.42485007967585,0.684688472525049,0.767176223428697,-7.79482007874376
"Q15652_JMJD1C",-0.321441268051526,16.5316322072724,-3.33367123704449,0.0114274238570586,0.0300671512201188,-4.04786951869809
"Q15653_NFKBIB",0.00931483282010603,19.2002476729482,0.109811519024934,0.915456303997581,0.942818061076222,-7.89060217271235
"Q15654_TRIP6",-0.344922486111855,19.1141881788375,-3.71382243393147,0.0117844812244494,0.0308535475893547,-3.74993889195577
"Q15691_MAPRE1",-0.301951758606364,22.4762732499655,-5.92058988080236,0.000462685545445766,0.00254660258814462,-0.56435956224774
"Q15697_ZNF174",0.0985728564017716,15.4618940477014,1.2515112991562,0.261724740646441,0.364255672366451,-6.99325049250926
"Q15714_TSC22D1",-0.116422035245076,17.3076707564144,-0.67833792006324,0.518649430256139,0.623145512228223,-7.643909401201
"Q15717_ELAVL1",0.0866149946773582,22.9708807594416,1.38693045438001,0.205510157946067,0.300463789921148,-6.92851128010384
"Q15723_ELF2",-0.3659179045918,16.171021991313,-4.35591741415557,0.00286717199883414,0.0102332072507409,-2.56140697373849
"Q15738_NSDHL",1.33126454470545,21.3364357293854,26.5277263053554,1.18336584491623e-08,2.20654436204502e-06,10.8656875833545
"Q15742_NAB2",-1.56855518726553,19.5371849508738,-22.4015064080585,4.11621767523724e-08,4.69660403495086e-06,9.5935561494703
"Q15750_TAB1",0.00997488826850557,18.6896561505391,0.148087514671512,0.886199382172805,0.922447523402097,-7.88502487844643
"Q15751_HERC1",0.25101919273153,17.8730197171741,3.59615908710156,0.00789756234298428,0.0225707903222859,-3.65413960842678
"Q15758_SLC1A5",0.34947782830135,22.9863662160532,1.91099305764777,0.101369841657586,0.171226787333683,-6.22952197262331
"Q15773_MLF2",0.828100062709996,18.5145444921365,7.39664832347573,0.000109397671612021,0.000875444276431325,1.02776450575175
"Q15776_ZKSCAN8",0.401819908731465,15.5662566669372,5.20974654863709,0.00101619253967533,0.00464362938781701,-1.42909061976682
"Q15785_TOMM34",0.0218420310872496,22.3064362380735,0.387846851999829,0.708965095721169,0.785571017641011,-7.81309031155132
"Q15796_SMAD2",-0.0796256231489316,19.2458698607369,-0.78076089832074,0.45900920760007,0.565805448581511,-7.56562712754979
"Q15797_SMAD1",-0.101449654278866,16.9316426394781,-0.904395834491841,0.394066438405695,0.502441281122671,-7.457959499482
"Q15800_MSMO1",0.300955344215904,17.8806962077261,2.02612325681351,0.0808263356031559,0.142838034139188,-6.04926238398255
"Q15811_ITSN1",-0.468373279272996,17.0271807123682,-4.00961387868498,0.00450215840804832,0.0146037629934608,-3.05006392101061
"Q15813_TBCE",-0.0980542350893998,20.8110699389252,-2.06467564116871,0.075376741003444,0.135302931432573,-5.98885975766645
"Q15814_TBCC",0.475887449251065,19.9968780567704,6.60249796890898,0.000230710438368948,0.00153639486178624,0.203146099148753
"Q15819_UBE2V2",0.157433496923598,21.8309039294411,3.08525336341105,0.0163470271889958,0.040004168649127,-4.42626503220034
"Q15831_STK11",-0.295626430101319,18.8070713291062,-4.16695906417276,0.00365947260196472,0.0124232666056192,-2.82599373485637
"Q15833_STXBP2",-0.645725081077824,19.5984852371605,-11.3820991837577,5.58987086397288e-06,0.000113354277864914,4.31248757290812
"Q15836_VAMP3",-0.0167488462640826,18.5832049421588,-0.281681357186414,0.785846154116296,0.847003221234891,-7.85273120146712
"Q15843_NEDD8",0.152539068498069,23.6048063217593,2.80342527805017,0.0247512341909587,0.0554094247115313,-4.85999726719879
"Q15847_ADIRF",0.39039081956696,20.0023635319217,4.04237280887538,0.00431072531349281,0.0141197493666035,-3.00313738126949
"Q15853_USF2",-0.103965608208984,17.6492661036079,-1.36046060846163,0.213379116840642,0.309130822104739,-6.96136448761732
"Q15904_ATP6AP1",0.709598396687298,20.7122270461021,8.12594532402221,5.81627310396879e-05,0.000558610651756801,1.72651840258328
"Q15906_VPS72",-0.0380428374769721,18.1885165821454,-0.496071435718839,0.634132280106356,0.724654900061747,-7.76032250860607
"Q15907_RAB11B",0.0886817280742171,20.2347411152435,1.25129652128326,0.24865572637595,0.349765046576658,-7.09269394271612
"Q15910_EZH2",-0.230971235079586,18.391390089778,-3.38776837608299,0.0105814428908426,0.028334546725216,-3.96615637152098
"Q15911_ZFHX3",0.233977734351758,17.5007870498852,2.26587655921791,0.0555704667810904,0.10617192588639,-5.68630450066674
"Q15942_ZYX",0.272814528129128,20.8536064576023,2.9126939126234,0.0211894756707237,0.0488668300158921,-4.69490142704588
"Q15973_ZNF124",-0.1993420621471,15.4267353181939,-1.628828380654,0.171351283582673,0.260537104810965,-6.11514194775494
"Q16134_ETFDH",0.789055992389081,18.7586001605461,13.2310634430181,1.90811389129005e-06,5.44351054661642e-05,5.49115107681042
"Q16181_SEPTIN7",0.0421902122879807,22.4752681018096,1.01303563678703,0.342781635556529,0.450733677989278,-7.35299077123059
"Q16186_ADRM1",-0.2752435572331,23.2502924118318,-4.55360862120162,0.00223388114713107,0.00850075727716128,-2.28997497402325
"Q16204_CCDC6",0.14518649188145,21.9077312127439,3.09848273739254,0.0160352266753819,0.0394177839013809,-4.40600001414519
"Q16206_ENOX2",0.160856622816789,15.3666320151796,2.23445094901232,0.0637374869242481,0.118557928840846,-5.74147559591959
"Q16222_UAP1",0.428821365001987,19.9195269547656,7.29343580168486,0.000120104641535419,0.000936938759732938,0.92451569236462
"Q16342_PDCD2",-0.543521379639937,19.6244512734603,-7.77155130655261,7.85921959939232e-05,0.000700276618150982,1.39353387751679
"Q16401_PSMD5",0.45476909533728,21.9063675206372,10.1528759126481,1.2513290152733e-05,0.000194608376869713,3.42463056629529
"Q16512_PKN1",0.296632508647377,19.3218846074759,5.70376616166487,0.00058409988003795,0.00302536828109087,-0.820870339068966
"Q16513_PKN2",-0.0777217088377,20.3014414278676,-1.31285484845905,0.228193604646888,0.326240528544884,-7.01948118487143
"Q16514_TAF12",-0.206966159759745,17.8429069655216,-2.12514013389388,0.0687826005204092,0.126131681693099,-5.8986270393082
"Q16526_CRY1",-0.119178440309479,15.5414353136158,-1.78702701009177,0.120666892540847,0.19698876649045,-6.37742452401361
"Q16531_DDB1",0.0946433711236736,22.8536173519972,2.28967730328461,0.0536017789334717,0.103246560833054,-5.65013175717296
"Q16533_SNAPC1",-0.0460215061691009,15.8805207505862,-0.467934081242729,0.65320236679069,0.740360577333554,-7.77521769479646
"Q16537_PPP2R5E",-0.27057506008186,20.5288689382601,-5.18816859259863,0.00104185074081288,0.00471577792392804,-1.45642837570498
"Q16539_MAPK14",0.246203008630776,20.294667535355,3.38888013980991,0.01056477358924,0.0282998227364189,-3.96447997112758
"Q16540_MRPL23",-0.115499763721616,20.7466914182373,-1.48479402173674,0.17859733876173,0.268933751198232,-6.80390480396309
"Q16543_CDC37",0.262630117080775,22.9894037513435,4.65443658396056,0.00197124523754186,0.00770458580828605,-2.15368225643419
"Q16555_DPYSL2",0.114032964841332,21.1108962740485,1.86997945502424,0.101101390282925,0.170886608161169,-6.27410760913711
"Q16560_SNRNP35",0.0397238359741046,16.2018820554911,0.419977331894273,0.686340616041181,0.768351736657612,-7.79870747805486
"Q16563_SYPL1",0.384016520214988,21.6197020500333,3.54805740023312,0.00899391905506463,0.0249667543746387,-3.76541880080303
"Q16576_RBBP7",-0.0652185902607307,21.5391289956186,-1.29820881688055,0.232926465552267,0.331914786420705,-7.03710234184417
"Q16584_MAP3K11",0.162179865932885,16.5646499132328,1.4234693615721,0.195067557462534,0.288674308323862,-6.88255263943941
"Q16594_TAF9",-0.625212625497959,17.3633063661281,-4.97948268196349,0.00202695597202356,0.00786602964777671,-2.01396678626133
"Q16595_FXN",-0.326670701818319,18.8224446198855,-4.57042925125309,0.00218752567629941,0.00836181689765448,-2.2671369072412
"Q16611_BAK1",0.400696124064801,18.2039787854866,1.74426091589772,0.127259908382885,0.205774534599652,-6.45924216715841
"Q16625_OCLN",-0.541442807817518,18.7559108015986,-7.48764521313466,0.000100837867672345,0.000827151822269394,1.11786595712941
"Q16626_MEA1",0.135352992457779,18.0130154922268,1.6171151604062,0.147261382668298,0.231505916203812,-6.62829567195291
"Q16629_SRSF7",-0.0898389578369638,23.6563975237883,-1.03581313963383,0.332893811803302,0.440382971316187,-7.32964818166588
"Q16630_CPSF6",-0.0651715958702646,22.2276524365853,-1.36767100223063,0.211209906370771,0.306743870479587,-6.95245269804134
"Q16635_TAFAZZIN",0.0416247606305262,17.736569371408,0.0845449427030285,0.93555158105008,0.956828339415099,-7.89322426365413
"Q16637_SMN2",-0.109409174309999,20.1830462302224,-0.796295420646644,0.451892059399014,0.559015338852017,-7.55120408166043
"Q16643_DBN1",0.504817668189958,19.8683726085964,3.68984265989691,0.00766517329674568,0.0220550432268049,-3.57976448521457
"Q16644_MAPKAPK3",-0.418654398509599,17.0563399370107,-3.33513315662684,0.0114036379141988,0.0300312820716673,-4.04565772655138
"Q16651_PRSS8",-0.334360968853755,18.137943522206,-4.55611559289125,0.00222690458453823,0.00847842905816471,-2.28656859177053
"Q16656_NRF1",-0.0595441464658144,18.3922665565646,-0.879348426628208,0.40665724720848,0.514802890364104,-7.48081768753762
"Q16658_FSCN1",-0.24359497543578,19.1559645807949,-2.22513716264512,0.0593180419765442,0.112015733379055,-5.74930568883114
"Q16667_CDKN3",-0.81624600412081,16.4274613623192,-4.73544956004108,0.00776994452135562,0.0223228958533498,-2.87204511509848
"Q16678_CYP1B1",-0.798562818301736,18.3095106860477,-0.843165029527316,0.456885870252251,0.563551545349864,-6.99904480552589
"Q16698_DECR1",0.31119348088416,23.0050678523312,4.24278708791159,0.00331602262372575,0.0115128016990249,-2.71921890446844
"Q16706_MAN2A1",0.240171605504603,18.8183606897543,4.55626718485039,0.00222648348998793,0.00847842905816471,-2.28636264289032
"Q16718_NDUFA5",0.153753389978103,20.9518843075664,3.45412684991597,0.00963395102428389,0.0263135246804753,-3.86630910733149
"Q16719_KYNU",-3.93773420170328,21.0016028671919,-29.4286310424754,1.47442125276615e-08,2.50487788386605e-06,10.7032631991127
"Q16739_UGCG",-0.21255494059017,16.0612459744527,-2.00398152592601,0.0826210329558027,0.145438129621716,-6.07871732769383
"Q16740_CLPP",-0.125466344700062,19.6603373555991,-1.89596502292274,0.0972300970727547,0.165735583527583,-6.23657405368779
"Q16762_TST",-1.46560939490705,21.2792624551127,-22.7350877435453,3.69190035155742e-08,4.41009034182133e-06,9.70616715526372
"Q16763_UBE2S",-0.505434899515805,19.7517454492797,-4.54395573834136,0.00239561186806349,0.00895328868779779,-2.34486176505461
"Q16773_KYAT1",0.0323210960715237,15.9500092011868,0.455185752289883,0.661934969608259,0.747853138452668,-7.78169650772296
"Q16774_GUK1",0.10177837589799,19.9575557479738,1.9274652202367,0.0927288436737687,0.159638751207902,-6.19083517078727
"Q16775_HAGH",0.196580348340095,20.4457689766921,2.94123687556394,0.020185830633375,0.0470811502064796,-4.64750412522381
"Q16795_NDUFA9",0.163607910116557,21.3913904126367,3.26327217891517,0.0126377208022895,0.0325633217167184,-4.1546036520123
"Q16798_ME3",-0.126717265381266,15.4957788771314,-1.00920215267902,0.35551502500964,0.464124379473821,-6.86765461346403
"Q16822_PCK2",-0.816817231408518,21.4891974375045,-2.76584356632508,0.0346009721029273,0.0729923928606178,-5.05533981349439
"Q16836_HADH",0.205124871259535,22.9246701443859,3.75109334570353,0.00637912163154775,0.0190209729749522,-3.42529688994191
"Q16850_CYP51A1",-0.21855047442094,19.9554359527685,-3.42248771842342,0.0100738774168021,0.0272137077213612,-3.91386081056312
"Q16851_UGP2",-0.157135150113881,21.5209565581043,-3.05496310015503,0.0170852715137637,0.0412431009544438,-4.47270463666956
"Q16854_DGUOK",0.408223209626396,17.20849845526,2.05460324873069,0.0787194443489348,0.140020975348443,-6.01204062108275
"Q16864_ATP6V1F",-0.006282539168037,20.0988252340665,-0.107057874721316,0.917567050845122,0.944372658011707,-7.89093981596907
"Q16875_PFKFB3",-0.0649552086334566,15.5316351823046,-0.470191719253098,0.660317161357055,0.746737720354158,-7.13751111115559
"Q16877_PFKFB4",0.112150570526818,17.14589038542,1.02088176532422,0.339285668716889,0.447599471499675,-7.34505599047431
"Q16880_UGT8",0.0019600956110466,17.4252799444404,0.0208330499204138,0.983925441153376,0.989100591402704,-7.89717950129446
"Q16881_TXNRD1",0.865459975650197,22.3028414652498,13.7030567065626,1.48289331025793e-06,4.65052718712399e-05,5.76640268935542
"Q16890_TPD52L1",-1.74625516418585,21.5027402033205,-17.120626116829,4.03298817386574e-07,2.15609752372053e-05,7.22869401325643
"Q16891_IMMT",0.0661411815369952,21.8434778101139,1.31277552940387,0.228219011989279,0.326240528544884,-7.01957694955706
"Q17R89_ARHGAP44",0.212887020840565,16.8875073842911,0.55228861843729,0.600132121693882,0.695047730699852,-7.72471859876304
"Q17RB0_RTL8B",0.401404578665844,16.8253516177839,3.4072849539399,0.0102928539833106,0.0276781106937777,-3.93674523838532
"Q17RN3_FAM98C",0.334169619999383,18.4037590490734,3.89523945514506,0.0052462375668052,0.0163770870552167,-3.21501544955168
"Q17RS7_GEN1",-0.763450681439139,17.2520294271773,-10.2934042911867,1.13634769728404e-05,0.00018289217148919,3.53096907090571
"Q17RY0_CPEB4",0.16938264290018,15.7229445192073,1.53603021947793,0.165806862944213,0.253924973399141,-6.73682195850325
"Q1ED39_KNOP1",-0.0622963269583678,18.6291562246433,-1.01166081923725,0.343397069199551,0.451271711342491,-7.35437635054413
"Q1KMD3_HNRNPUL2",-0.260567108602707,23.1133751629489,-6.35562388903624,0.000294963323735591,0.0018154624884536,-0.0680455121024099
"Q1L5Z9_LONRF2",-1.75423996430292,17.6232631120232,-17.82579059285,2.19867053901278e-07,1.40073635589606e-05,7.82867253755268
"Q24JP5_TMEM132A",0.236715780129476,15.6240149979715,3.83964517247972,0.00565509737887562,0.0174187024421854,-3.29580662164854
"Q27J81_INF2",-1.5886914777454,20.6566510125445,-21.4648121908007,5.63543017810576e-08,5.7443818282158e-06,9.266884604334
"Q29983_MICA",0.911759715503763,16.827838551226,5.99289081730118,0.00042865325325592,0.00240606029452387,-0.480198505575605
"Q29RF7_PDS5A",0.107788734224414,20.7209669716615,1.91272087432127,0.0948100822407692,0.162662270810296,-6.21227620162852
"Q2KHR2_RFX7",-0.244178308238814,15.6001652059371,-0.936070707615678,0.391930225351501,0.500704253702555,-6.93572956563599
"Q2KHR3_QSER1",0.00765916983892367,17.0226357221346,0.0806978156655288,0.937805864208237,0.958108490160626,-7.89373913885561
"Q2KHT3_CLEC16A",-0.267805475893095,21.0207519020227,-3.87992645562432,0.00535556670284083,0.0166368579614864,-3.23722926690556
"Q2M296_MTHFSD",-0.150369234869789,17.892724316009,-1.86728840931475,0.101510672651991,0.171313265435866,-6.27798398128301
"Q2M2I8_AAK1",0.0999834090100933,18.0056569522521,1.62394464611472,0.145789922252941,0.229518279367789,-6.61903022529294
"Q2M389_WASHC4",-0.093685838988236,18.5657677549041,-1.34848652306128,0.217024417013383,0.313343091230843,-6.9761012464858
"Q2M3G4_SHROOM1",-0.130533652787637,15.3503336019294,-1.02377836212903,0.359229771919922,0.467616483284148,-7.09143114380315
"Q2NKJ3_CTC1",-0.0397658457240109,15.4174205237142,-0.524499463255583,0.615159711215914,0.708908048273389,-7.74444843440977
"Q2NKX8_ERCC6L",-0.251864364038664,18.6289815088049,-2.98557049404197,0.0189121091178129,0.0446381828359615,-4.57928748057474
"Q2NL82_TSR1",-0.427430294331248,20.3488626329397,-8.36455641344516,4.77778342778794e-05,0.000481240504682988,1.94407783372418
"Q2NL98_VMAC",0.0484235225791956,15.0933044185833,0.734003681638715,0.493263209353215,0.599236808438794,-7.50127595014952
"Q2PPJ7_RALGAPA2",-0.0378692671759033,15.9888260381042,-0.340759082774897,0.742685817267791,0.813759023954294,-7.83217718037381
"Q2PZI1_DPY19L1",0.318702254454305,18.0415995018918,4.42710079067255,0.00261899237097738,0.00955257475005824,-2.46303234190001
"Q2QGD7_ZXDC",-0.0625088534353999,15.4217554490062,-0.935189482762896,0.383336168554678,0.491732458564085,-7.4001621780513
"Q2T9J0_TYSND1",0.225308360426776,18.916584036429,2.41950872381441,0.0440371698525532,0.0882474871619316,-5.45178009867788
"Q2TAA2_IAH1",-0.580810611999485,19.7135051317369,-5.76336837347608,0.00054753411493554,0.0028913545251901,-0.749737032998059
"Q2TAA5_ALG11",-0.682794837767958,17.4651283513746,-4.16943210730548,0.00384570283168415,0.012900569613087,-2.85916180018375
"Q2TAL8_QRICH1",-0.141772041729375,19.1495878967399,-2.0232242889876,0.0802533030418248,0.141956617712807,-6.05031166626045
"Q2TAY7_SMU1",-0.154026882934186,21.4311622534445,-3.33478794046315,0.0114092499420615,0.0300357148095938,-4.04617999924323
"Q2TAZ0_ATG2A",-0.0274466829669429,17.7392432011187,-0.353835497147201,0.733257342255145,0.805077176725634,-7.82711571163165
"Q2TB10_ZNF800",-0.123099362815005,17.344869475968,-1.29013774796835,0.235570463232445,0.335106707938324,-7.04675965424035
"Q2TBE0_CWF19L2",-0.0504063495374396,17.3486684061301,-0.438276603700436,0.673604086314243,0.758201301512425,-7.7900284224078
"Q2VPB7_AP5B1",-0.0696057349979462,16.5373251841972,-0.69253736591885,0.509587432635696,0.614575788373544,-7.63421769558448
"Q2VPK5_CTU2",-0.350889057467931,19.7801665480722,-6.35465236287184,0.000295252681849724,0.0018154624884536,-0.0691273868371338
"Q309B1_TRIM16L",0.777850077066152,16.1495985449096,8.76904794124656,3.45894367899193e-05,0.000385819548420972,2.3013215036399
"Q30KQ7_DEFB113",-0.137002114467641,17.2658215897839,-1.15522274790871,0.28367293912777,0.387610298414978,-7.20228179634317
"Q32MZ4_LRRFIP1",0.433340367529759,20.4391387993473,8.69066647941781,3.67872775933661e-05,0.000397229854804073,2.23319748593015
"Q32NB8_PGS1",0.524857220830846,16.9992381351729,4.24932627676288,0.00328809160347921,0.0114365151540485,-2.71004829200733
"Q32NC0_C18orf21",-0.018182652977746,17.1332158425854,-0.210093462972257,0.839220963144505,0.888342473532339,-7.87250353061393
"Q32P28_P3H1",-0.393197650350238,18.0631054582146,-5.46783124650599,0.000757849707410574,0.00369500064614403,-1.10715724595059
"Q32P41_TRMT5",-0.0169862878151683,19.6207111513891,-0.26779568843336,0.796114249066498,0.855182689902814,-7.85700851163802
"Q32P44_EML3",-0.876728685312106,19.8050222857702,-14.6207742356342,9.28823063215095e-07,3.33373348276028e-05,6.27565012994607
"Q330K2_NDUFAF6",0.0971417636012397,17.5088016394633,0.95992079261657,0.367181794279802,0.475619250638612,-7.40547019557688
"Q3B726_POLR1F",-0.69375851962522,18.4673827873076,-8.73513702650054,3.55216875805874e-05,0.000389617362343745,2.27191208437784
"Q3B7T1_EDRF1",-0.402988657796115,17.9295947054984,-4.69680108279452,0.00187115744251204,0.00738132025180835,-2.09685081316807
"Q3KNV8_PCGF3",-0.0321711980085659,16.7102854092717,-0.23478316878713,0.82164740975183,0.874616325195313,-7.80623176248006
"Q3KQU3_MAP7D1",-0.145631519913746,19.0204250872134,-2.2062374492733,0.0608280738018839,0.114173980902382,-5.77663052584532
"Q3KQV9_UAP1L1",-0.00644805323749864,20.1326395225046,-0.0956427073995978,0.92632441838683,0.950953428033747,-7.89224831685312
"Q3KRA6_C2orf76",-0.17897598369699,18.3695090275693,-1.93236077736785,0.092047647381582,0.158778037958528,-6.18370393457681
"Q3KRA9_ALKBH6",-0.126929226483188,17.7077240648195,-1.17175537921964,0.277371708458009,0.380564736389354,-7.18384816598056
"Q3L8U1_CHD9",-0.0984544019235685,16.400944503306,-0.615323373530028,0.563780049295692,0.663704723878283,-7.58943587277533
"Q3LXA3_TKFC",-0.275204531064119,20.8245879131312,-4.40636028620991,0.00268879009783795,0.0097467047406217,-2.49162149327784
"Q3MHD2_LSM12",0.0707066585188443,20.1206716626081,0.612698933328329,0.558897118453156,0.659887022482529,-7.68936060516773
"Q3MII6_TBC1D25",0.0508355831814242,15.9919801295894,0.571482056858364,0.584481494373773,0.681255907872663,-7.7164213950421
"Q3MIP1_ITPRIPL2",0.260656255951503,15.4727778626988,2.37572976617235,0.0592583245276973,0.111942152462131,-5.47211409510414
"Q3MIR4_TMEM30B",0.217892299867554,17.5307720964235,1.72821387555818,0.124956310857845,0.202778814796907,-6.4753597004042
"Q3MIX3_ADCK5",-0.308726886257119,17.0777779743715,-2.26255224877795,0.0558511610031672,0.106585652987822,-5.6913514247217
"Q3SXM5_HSDL1",-0.216619916175507,20.2942449000756,-2.29124338273921,0.0534747266222458,0.103079749124324,-5.64774928166482
"Q3SXY8_ARL13B",-0.129473270618115,15.6809212898194,-1.74642154875023,0.121617776540791,0.198329330557668,-6.44987080995747
"Q3SY56_SP6",0.279223541721791,15.8346706248105,3.22833693596708,0.0205263839637298,0.047697326870126,-4.36808959019399
"Q3SY69_ALDH1L2",-0.209788389250074,16.3880933742762,-0.596729626501373,0.571712165431725,0.670256019740153,-7.69678310650715
"Q3T8J9_GON4L",-0.0333794553035673,15.4584001540318,-0.474724687280025,0.648574084651144,0.736146287864386,-7.77169777926591
"Q3T906_GNPTAB",0.607246090278593,19.0277028334626,3.89521635423788,0.00587854947564151,0.0178836095269715,-3.29094942696683
"Q3YEC7_RABL6",0.583491461877852,20.950373827013,11.0205206329385,7.02573304147749e-06,0.000129438352839617,4.06088972388377
"Q3ZAQ7_VMA21",0.97360633084644,17.9141350746411,4.88366898093792,0.00282371299048058,0.0101253685798424,-2.26114258891847
"Q3ZCM7_TUBB8",0.275545315524269,16.0540716838502,2.04659204389558,0.0833236165599395,0.146337939030723,-6.01235203876108
"Q3ZCQ8_TIMM50",-0.208575412584974,21.1887132992904,-4.18234742171613,0.00358676078002711,0.0122169719308181,-2.80426084486809
"Q3ZCW2_LGALSL",-0.856113055040275,18.419623374479,-9.41792624358475,2.11314592294489e-05,0.000278055087451182,2.84605051174874
"Q460N5_PARP14",0.173300596010105,18.0216432164753,1.09798113271853,0.320962559072021,0.428080733444802,-7.16071405562615
"Q494V2_CFAP100",0.705987627118873,20.2332555196963,1.26949933623907,0.269506833179679,0.372324164830354,-6.99532384256464
"Q495W5_FUT11",-0.165793695448137,15.6057693495042,-1.21308049324066,0.267606775136519,0.370327400615607,-6.84632598007247
"Q499Z4_ZNF672",0.193687636230123,16.5185103250262,1.67823605846035,0.1345684316045,0.215315123402345,-6.54472658336309
"Q49A26_GLYR1",-0.128496583043159,20.1671443773221,-2.32961943857456,0.0504544049812649,0.0986758572734126,-5.58928342082511
"Q49A92_C8orf34",0.234432197334563,18.165869778623,2.0902058130572,0.0725195922626525,0.131066733533801,-5.95084247628484
"Q49AN0_CRY2",0.0181573726274973,15.390273067119,0.208288715283423,0.84418256103395,0.891775000567161,-7.72122722790702
"Q49AR2_C5orf22",0.0629948412055121,19.2673844654931,0.6849752596899,0.51408319694931,0.618728910686001,-7.63976332461534
"Q49B96_COX19",-0.593263166834241,19.4094165255349,-5.4627705688804,0.000780343530154645,0.00377100271051344,-1.13160906450791
"Q49MG5_MAP9",0.366907906237902,16.74060053897,3.84038261960646,0.00564945384520147,0.0174124401409744,-3.29473236617246
"Q4G0F5_VPS26B",0.0914375417732778,19.4382260976752,0.864344553021406,0.414468985472209,0.522442768991763,-7.49411400748661
"Q4G0I0_CCSMST1",-0.315714099427176,17.1919037717952,-2.81073743153948,0.0244837768439466,0.0549716516804616,-4.84871067359327
"Q4G0J3_LARP7",0.00796031212987458,19.3752173751791,0.137084533572427,0.894592624542379,0.928098875644794,-7.88679689894519
"Q4G0N4_NADK2",0.630276030948195,20.0233103610013,7.48911747961134,0.000100705678256827,0.000826954790841503,1.11931666620418
"Q4G0X4_KCTD21",-0.125728989299402,16.3089829510575,-1.15165823972333,0.285046789075533,0.38884946258158,-7.20623232284129
"Q4G148_GXYLT1",0.0367521904750951,17.8731906615849,0.360923061129348,0.72816718916422,0.800973956553453,-7.82429533589381
"Q4G176_ACSF3",-0.401267965766174,19.4754585439547,-7.87234989580507,7.20627734130186e-05,0.000655857027074437,1.48947424865447
"Q4J6C6_PREPL",-0.572463687410977,18.613123310001,-7.99557212168683,6.48917848446477e-05,0.000604997189191867,1.60541859669458
"Q4KMP7_TBC1D10B",-0.0589142636772344,18.0383737677118,-0.507558476147796,0.626429679776951,0.717461408523564,-7.75400751728739
"Q4KMQ1_TPRN",0.632772219141401,18.3315392220867,9.26393476187763,2.36892626882448e-05,0.00030184068875272,2.71978834520156
"Q4KMQ2_ANO6",0.516916683556325,16.5044426944164,2.87370198802331,0.0231278748690738,0.0524044467617278,-4.77062271454532
"Q4KWH8_PLCH1",0.665422796664249,19.7851191454621,13.9971678754843,1.27245950847811e-06,4.193083164791e-05,5.93321956390394
"Q4LDG9_DNAL1",0.125719338143455,16.0759328612305,0.446668191655724,0.671881715448958,0.756819760513819,-7.72251807831907
"Q4LE39_ARID4B",0.144140896686618,19.4355368918835,2.05112267278912,0.0769382520575958,0.137524652087987,-6.00899038310846
"Q4U2R6_MRPL51",-0.119673436050689,18.9070450335495,-1.10497632827421,0.303544899539774,0.40992770835216,-7.25717308101462
"Q4V328_GRIPAP1",-0.110709112876389,19.3391889357771,-1.28083438491323,0.23864997911161,0.338499421405934,-7.0578439691782
"Q4VC05_BCL7A",-0.200242353094065,15.4864695556516,-1.3249816674295,0.225811604874515,0.323403843998814,-7.00411597013106
"Q4VC31_MIX23",-0.168498163964141,20.2690445186883,-2.25849173430483,0.0561959496319631,0.107216879195497,-5.69751419183317
"Q4VC44_FLYWCH1",-0.130944135053465,18.0928695221126,-1.45088186200017,0.187544755136691,0.279543703064925,-6.84762537421541
"Q4W5G0_TIGD2",0.33936149715031,17.3056402721432,1.7389055178875,0.168198243041975,0.256610570356395,-5.82596880873088
"Q4ZIN3_TMEM259",0.0534509268245351,16.8498385853797,0.214151807441393,0.8366804363563,0.886269278157636,-7.87126136167033
"Q504Q3_PAN2",-0.154410484002131,17.1947781217469,-2.04414895339464,0.0777540831436449,0.13872344588872,-6.01933436984432
"Q52LA3_LIN52",0.0430057695595334,15.6094404602496,0.611167782702324,0.559253305348463,0.660103677534198,-7.69103641422693
"Q52LJ0_FAM98B",-0.101053882975581,20.9385998347793,-1.70472330211802,0.129391053081471,0.208470937999547,-6.50807468904906
"Q52LR7_EPC2",0.0243523847035725,15.6681870616287,0.298960246410506,0.776025754233094,0.839258295531476,-7.75237049676472
"Q53EL6_PDCD4",-0.677194579172607,19.635908391316,-3.96012350584694,0.00588831601341928,0.0179061956732659,-3.25723065173194
"Q53EP0_FNDC3B",0.00120081634419122,17.089410220849,0.00789147958178839,0.993943127951175,0.99550572686843,-7.87302810526627
"Q53EQ6_TIGD5",0.235836986182981,15.4376879287595,3.52196266755801,0.0110707297262291,0.0293670120600352,-3.88657493005931
"Q53ET0_CRTC2",-0.25188185134061,17.6626469947302,-2.37898486804437,0.0468209724973938,0.0927802837590917,-5.51385704537358
"Q53EZ4_CEP55",-0.873481880068685,18.300724254029,-9.59293263753693,1.8594215625976e-05,0.0002547540832627,2.98736435792464
"Q53F19_NCBP3",0.00418875445637923,19.4619722689237,0.0588643143192328,0.954606925691919,0.969314642969149,-7.89546353658256
"Q53FA7_TP53I3",-1.2013900583032,19.9489661158956,-16.1108317248142,4.59516536941237e-07,2.29753544947439e-05,7.03740714612922
"Q53FT3_HIKESHI",-0.0787379397209733,20.1478572052126,-1.01735837027943,0.340852136536313,0.449055660250645,-7.34862492050223
"Q53FV1_ORMDL2",0.378475731376874,17.5652414074424,2.2838654501652,0.0551531278088266,0.105543344705502,-5.66634890730398
"Q53G59_KLHL12",0.143812022885776,16.406872765079,1.68761416756218,0.132713551109958,0.212703374892166,-6.53177878079217
"Q53GA4_PHLDA2",-0.302352751763518,17.7712972734201,-2.70167177599539,0.0288051225722017,0.0627393624115334,-5.01711237360101
"Q53GQ0_HSD17B12",0.363571548874287,21.3743989212956,6.3533172137338,0.000295650856523837,0.0018154624884536,-0.0706143754942188
"Q53GS7_GLE1",0.0420035175473608,18.6137828750671,0.672563817325821,0.521515906333401,0.625900958229019,-7.64874868305466
"Q53GS9_USP39",-0.129267452790849,21.595069204121,-2.22100652948181,0.0594814228263829,0.112224945090745,-5.75430653972447
"Q53GT1_KLHL22",-0.0552513202025295,17.4681126701384,-0.609157625455718,0.560515660719601,0.66108334251795,-7.69235939466957
"Q53H12_AGK",0.228460653850025,20.6707719596537,4.36853746399349,0.00282136297411601,0.010124982523953,-2.54391399030384
"Q53H47_SETMAR",0.485844789908136,16.9347067331502,6.28223549783961,0.000317737497807949,0.00192023966066543,-0.150097966322773
"Q53H54_TRMT12",-0.0509571192758997,16.2591817804816,-0.588671691499498,0.573475387275576,0.671705011323914,-7.70561651442795
"Q53H80_AKIRIN2",0.0429176151384851,15.9644915496793,0.406278700704234,0.697663675287357,0.776932089959482,-7.77908365429507
"Q53H82_LACTB2",-0.148786854728332,20.176513555853,-2.23005806637979,0.05867087584924,0.111052420517802,-5.74060992750413
"Q53H96_PYCR3",0.650058097241967,21.2736984826055,8.0777352706962,6.05554217463691e-05,0.000575344157611729,1.68192389996491
"Q53HC9_EIPR1",0.16305039447866,19.2086095731943,1.69855023610164,0.130580737440946,0.209901122316238,-6.51663942698139
"Q53HL2_CDCA8",-0.40156449159424,18.8856980859057,-7.45012092372162,0.000104273443461038,0.000846253158449723,1.08081533724024
"Q53HV7_SMUG1",0.18964060902865,15.8767244398581,1.62399326645007,0.145779495567396,0.229518279367789,-6.61896419608593
"Q53R41_FASTKD1",0.392674226642548,16.3730460570327,3.45721200108877,0.00959216572590518,0.0262181290577566,-3.86167774235907
"Q53RE8_ANKRD39",-0.672329176644322,17.1788392757543,-5.2034051454014,0.00102365997416295,0.00466937977474685,-1.4371179365823
"Q53S33_BOLA3",0.139860351267846,18.9803188975734,2.4095371881519,0.0447061830105449,0.0893305721682215,-5.46706727344501
"Q53S58_TMEM177",0.161007467762126,16.5137275082303,1.64097340448229,0.148405921290921,0.232969870281127,-6.57564606022868
"Q53SF7_COBLL1",0.555170349993421,17.3040535264638,7.04303478002454,0.000151298102349742,0.00111036222791341,0.669268124147496
"Q53T59_HS1BP3",-0.92608280488853,18.7475057603011,-9.95070681937204,1.44044276245091e-05,0.000215502640292313,3.26929778481675
"Q562E7_WDR81",-0.189032713189636,16.8018132533689,-2.33349488946612,0.0501591239178906,0.0981737077194761,-5.58337054167406
"Q562R1_ACTBL2",-0.0765053164549094,25.4405673836563,-0.448184758156544,0.668372741031269,0.753755657941297,-7.78364321373497
"Q567U6_CCDC93",0.475198020212986,19.0281535608142,8.73592566356931,3.54996892093857e-05,0.000389617362343745,2.27259713507942
"Q567V2_MPV17L2",0.367137886973966,16.1431110485705,4.22967729862667,0.00466678970017753,0.0149968925001502,-2.90507360451745
"Q56A73_SPIN4",-0.656340228665307,16.7716768355564,-7.32421196811097,0.000116794160647557,0.000919558556282778,0.955420698543898
"Q56NI9_ESCO2",0.208029577809896,16.3576141474125,0.659059804413382,0.535371323851794,0.63792296927166,-7.36457133498202
"Q56P03_EAPP",-0.201373227504277,19.1258544546065,-2.48442541106584,0.0399239026633665,0.0815655360399351,-5.35208789411969
"Q56VL3_OCIAD2",0.354459239060098,19.2653108566555,5.00421713570656,0.00129201499847055,0.00558363745805954,-1.69215281334635
"Q587I9_SFT2D3",0.805313080806059,18.4854565665533,10.6649716722415,8.85558008584436e-06,0.000153290176187493,3.80590830744924
"Q58A45_PAN3",-0.0694262109029147,18.1817518540953,-0.976235607803101,0.359550464713538,0.467954256509193,-7.38958232230042
"Q58FF6_HSP90AB4P",0.480137987353128,21.194405725794,0.879784770460208,0.417509229648263,0.52549523553852,-7.4681809377486
"Q58FF7_HSP90AB3P",-0.0936659177953949,18.2092454724565,-0.106917393670944,0.918830016197196,0.945163545994021,-7.89063494620821
"Q58FF8_HSP90AB2P",0.235486190821373,23.2714744068906,1.114353315137,0.306561675472593,0.412762241808378,-7.24108469282006
"Q58FG0_HSP90AA5P",-0.0396812098794932,19.2383000021093,-0.390786516000851,0.706881721475392,0.783819974397739,-7.81181998147326
"Q58FG1_HSP90AA4P",0.422451191948401,18.5743945970778,5.65814852396875,0.000613916049473,0.00314143782434868,-0.875635203306231
"Q58WW2_DCAF6",0.345762971769656,16.2006660940061,2.09603383592848,0.0787176995249958,0.140020975348443,-5.87943480022908
"Q5BJD5_TMEM41B",0.249775330119238,17.8939519373147,3.11283598406784,0.0157040281580237,0.0388197716983151,-4.38402607372826
"Q5BJF2_TMEM97",1.6425560787851,19.9016385601222,3.93964341854868,0.00950705727582872,0.0260413661317487,-3.58251177553153
"Q5BJF6_ODF2",0.301013896838214,16.9898154513412,3.73918799730096,0.00648385214351286,0.0192814668563176,-3.44278006871082
"Q5BJH7_YIF1B",0.714895035201344,17.846541237505,3.19767694912869,0.015950442873583,0.0392472274761965,-4.33449235433167
"Q5BKX5_C19orf54",-0.0308830434261598,15.8319791138461,-0.341099835586434,0.742439521182525,0.813639641548223,-7.83204762826777
"Q5BKY9_FAM133B",-0.150294927681905,15.6157013934948,-2.0781461752387,0.0738556576844482,0.132947139862869,-5.96881606073552
"Q5BKZ1_ZNF326",-0.000641191396180574,19.3955860755716,-0.011495266334644,0.991129869170198,0.993876905555635,-7.89735044286532
"Q5C9Z4_NOM1",-0.203000034722685,18.3277336419018,-2.5633062192761,0.0354493508162949,0.0745053781459238,-5.23063460789355
"Q5CZC0_FSIP2",0.359050568034199,16.5845004838317,0.97883638235003,0.380496543589957,0.488972276978521,-7.27155969211302
"Q5D0E6_DALRD3",-0.202816529023167,15.8414529355447,-2.8786896594969,0.0258938814823135,0.0574292787735094,-4.76673770107597
"Q5D1E8_ZC3H12A",-0.00983993536663874,16.4485340212909,-0.0406593703776377,0.969449829683663,0.979572290236797,-7.40924277356697
"Q5EB52_MEST",0.0532407752468984,17.2800247536675,0.241437515170008,0.816179919765156,0.870493231948189,-7.86427242387048
"Q5EBL4_RILPL1",0.0550239832485317,18.148278868106,0.660804966876504,0.528619285855993,0.631748388364712,-7.65712726049501
"Q5EBL8_PDZD11",-0.0544202589679621,19.0911968142515,-0.599208423690528,0.566788192855799,0.666322579483712,-7.69884927715363
"Q5EE01_CENPW",-0.105336138901057,15.6159912055295,-1.62509642101205,0.145543108118171,0.229450047115112,-6.61746579583487
"Q5F1R6_DNAJC21",0.423133465428691,18.9453206818653,7.01997649224731,0.000154598410181326,0.00112562366270118,0.645417851918218
"Q5FBB7_SGO1",0.46422648483431,16.6484078250298,4.51695320801881,0.00233866753683117,0.00879964188670788,-2.33988347221323
"Q5GLZ8_HERC4",0.123126160333943,19.0974872561085,1.64122565429336,0.142127168159186,0.225073922249923,-6.5955027441549
"Q5H8A4_PIGG",0.00627724492862214,17.4151942621348,0.0652775788517187,0.949668920205072,0.965839948778472,-7.89501291749841
"Q5H943_CT83",-0.333090446772328,18.0053096272148,-3.70966889937348,0.00675160675403202,0.0199751207005085,-3.48620343903936
"Q5H9R7_PPP6R3",-0.117502191616357,20.7534152858094,-2.76357047782649,0.0262634426903814,0.0581140432324069,-4.9215278108612
"Q5H9U9_DDX60L",-0.0693417814575916,15.3683629550112,-0.434963805301833,0.689342204453665,0.770470928808227,-7.09805852260472
"Q5HYI7_MTX3",-0.287151231819649,18.423245380135,-3.51084369705506,0.00889593153132596,0.0247576980549643,-3.7813248660158
"Q5HYI8_RABL3",0.22740387194013,19.4584611324893,4.01090491966432,0.00449444187442792,0.0145902369978775,-3.04821181740568
"Q5HYJ3_FAM76B",-0.0889777012740858,17.5646043846158,-1.1180850861951,0.298254993429692,0.404389057516952,-7.24301950335512
"Q5HYK3_COQ5",0.359097425229784,18.4072916734157,5.43326437865726,0.000787806785239189,0.00379986301145338,-1.14973974230426
"Q5J8M3_EMC4",0.241621914276401,20.7375217284507,4.05119967013505,0.00426066713447088,0.0139917526817138,-2.99051765434924
"Q5JPE7_NOMO2",0.387698646865484,17.4108085207118,3.6563629627905,0.00726576355273721,0.0211204419622342,-3.56488165830968
"Q5JPH6_EARS2",0.00704872475463603,19.6746254551822,0.12628455813095,0.902844957094217,0.933422123393845,-7.8884038882996
"Q5JPI3_C3orf38",-0.0446573642814272,17.9839208093535,-0.661337127785201,0.52829652767064,0.6314613749284,-7.65675091349615
"Q5JPI9_EEF1AKMT2",-0.191220676383807,18.2011213451868,-1.77128155686141,0.117195351752783,0.192679239602157,-6.41489001153641
"Q5JRA6_MIA3",0.262149716368242,19.0125449109608,3.70675787519721,0.00677864944405978,0.0200165218230348,-3.49049131789929
"Q5JRX3_PITRM1",-0.076706943455136,21.6369991693387,-1.606928806094,0.149481605428395,0.234369744360148,-6.64208042699213
"Q5JS54_PSMG4",0.388676477004132,18.6453872726955,1.62489871854988,0.151619212771244,0.236701834109895,-6.62121374139361
"Q5JSH3_WDR44",0.343811677506032,19.6702892354855,5.93915856617933,0.000453667685223659,0.00250780148484084,-0.542679976169929
"Q5JSZ5_PRRC2B",0.00654502058566564,18.8941677502563,0.0760478997404481,0.941381509732527,0.961062285502692,-7.89415153983201
"Q5JT25_RAB41",0.0306926626262314,15.1733480813884,0.385671179899524,0.717453333599684,0.792620048463812,-7.65820345535589
"Q5JTC6_AMER1",-0.163232718363297,15.4240086516931,-2.02383550697868,0.0941389250009655,0.161681730422047,-6.00256008155713
"Q5JTD0_TJAP1",0.718617678114796,17.2578282615254,9.88971734010604,1.50365945696087e-05,0.000221415783282097,3.22188189584555
"Q5JTH9_RRP12",-0.240592625459733,21.488430253769,-4.0975545402228,0.00400793392923374,0.0133685230754764,-2.92441672120673
"Q5JTJ3_COA6",-0.0168195749063713,17.8365205872431,-0.163372240783271,0.874565836470685,0.913718787800288,-7.8823377935486
"Q5JTV8_TOR1AIP1",-0.460125412534303,20.8373004852832,-9.33644100604571,2.24439629618251e-05,0.000290566110893273,2.77946497515979
"Q5JTW2_CEP78",-0.202340713848546,16.9784697131352,-1.90424123391398,0.0960274160112878,0.164161358543447,-6.2245818243869
"Q5JTZ9_AARS2",0.0998587628906655,19.0359215596893,1.22687525519548,0.257194297454563,0.359198100847669,-7.12110561345276
"Q5JU69_TOR2A",0.27428547451407,17.6104859649614,3.29847826359275,0.0120162619508932,0.0312676387387947,-4.10117236745056
"Q5JUR7_TEX30",-0.162748857561581,17.057572953928,-1.16350950597655,0.280499990064862,0.384167399506605,-7.19306485193469
"Q5JVF3_PCID2",0.0928729725124953,19.5959496686785,0.960893491137629,0.366723404666409,0.475267067074876,-7.40452878949435
"Q5JVS0_HABP4",-0.230069633291883,15.9233349885074,-1.05711040343444,0.332026706204783,0.439540115832999,-7.24025917200032
"Q5JWF2_GNAS",0.323210034201644,22.0798819464393,5.65755268822122,0.000614316487560664,0.00314143782434868,-0.876352368641206
"Q5K4L6_SLC27A3",-0.784676750522127,18.7308676106378,-11.4009343427671,5.52468964597668e-06,0.000112851050365911,4.32538814034657
"Q5M775_SPECC1",-0.0620504655410343,17.8102447710565,-0.786044722740269,0.456090919245853,0.562752594840953,-7.56129599355581
"Q5MIZ7_PPP4R3B",-0.301252612971012,18.3342595292118,-4.00363083445515,0.0045381069987991,0.014656944369661,-3.05864998236985
"Q5MNZ6_WDR45B",0.205617711381976,18.6989555047394,2.26761763479983,0.0554240215256031,0.105982152216917,-5.68366068250475
"Q5MNZ9_WIPI1",0.357832463224131,16.4047609652076,4.31185445235491,0.00303358942476656,0.0107270079335524,-2.62265963367976
"Q5NDL2_EOGT",0.195211249040156,18.124921983598,1.85762879411448,0.102992962611318,0.173279313196198,-6.29188167941605
"Q5PRF9_SAMD4B",0.0542573358157767,18.0758826038566,0.624647038654245,0.550831866796158,0.652177423208399,-7.68206343406858
"Q5PSV4_BRMS1L",0.334051544169082,17.9972577986729,2.51474654535097,0.0430820248886245,0.0867884269495479,-5.29978635390852
"Q5QJ74_TBCEL",-0.0124767983417069,16.1345985532773,-0.134822837735407,0.896319693469588,0.929499063991216,-7.88714428769036
"Q5QJE6_DNTTIP2",-0.275595432841271,19.0578548293419,-2.77352408286342,0.0258769875354973,0.0574084648023439,-4.90615904479185
"Q5QP82_DCAF10",0.375815043095912,16.6596369364146,3.27201310455252,0.0124803024239516,0.0321902537216969,-4.14132791021701
"Q5R372_RABGAP1L",-0.607356203648184,17.4594027717622,-6.58769543672061,0.000234089270683972,0.00155348305067618,0.187092146500618
"Q5R3I4_TTC38",-0.176916392709714,16.4838337129112,-0.952385311853674,0.383416244015763,0.491732458564085,-7.30845564110878
"Q5RI15_COX20",-0.111544316677495,20.4508710212401,-1.47684743928334,0.180658916399688,0.271405791585664,-6.81419951925528
"Q5RKV6_EXOSC6",0.0537128248103151,20.6037890009855,0.995487736798263,0.350701118111976,0.458779953450729,-7.37056847981924
"Q5SGD2_PPM1L",0.114227546804386,16.4937411065023,0.950766890730564,0.371516803796111,0.48033924657894,-7.41429311340767
"Q5SNT2_TMEM201",-0.109080999325993,18.525607423901,-1.56911020545401,0.157996858610028,0.244560839051156,-6.69288435408634
"Q5SQH8_C6orf136",0.285757922493048,15.5324945865877,3.02155994077477,0.0262907444310016,0.0581576218677683,-4.63926578628932
"Q5SQN1_SNAP47",-0.287157732941099,16.1725893407829,-2.39694129934518,0.0455660526768241,0.0907167897693542,-5.48636669700702
"Q5SRE5_NUP188",0.309318507278192,19.6116097386961,1.67654422378597,0.139970751299452,0.222099708112144,-6.55129379977383
"Q5SRH9_TTC39A",-2.25570643432708,19.742519731154,-33.6057953805393,2.05573434663989e-09,1.122577791433e-06,12.5686828329454
"Q5SRI9_MANEA",0.298319081788314,16.5488929585117,1.42727602187394,0.203134876600375,0.297902576560496,-6.85172151356727
"Q5SSJ5_HP1BP3",-0.0893765824075707,20.3609790027551,-1.3585996624144,0.213942121429661,0.309711705799992,-6.96365995342955
"Q5ST30_VARS2",0.0575366734249592,17.2642802342771,0.632954033680832,0.545679739166184,0.647682286279379,-7.67644580799415
"Q5SVS4_SLC25A30",-0.513319493849952,17.2650536491535,-2.40648645304858,0.0468468633113566,0.0928075330436178,-5.48905016624255
"Q5SVZ6_ZMYM1",0.0589853434989784,17.2882675095216,0.731756558074326,0.486674614439567,0.59207947603286,-7.60460356717635
"Q5SW79_CEP170",-0.19980507348841,18.0166673387058,-1.95945250341783,0.088364842237142,0.153638667023641,-6.14413322253108
"Q5SW96_LDLRAP1",0.241567149632214,16.9048327088811,3.17253121228053,0.0144022081537856,0.0361592385338887,-4.29278602907607
"Q5SWA1_PPP1R15B",-0.0546256030168131,16.1936334882865,-0.559564290246031,0.602718603515259,0.697726184717467,-7.5627082600759
"Q5SWX8_ODR4",-0.194291720854721,18.7814949126662,-3.68877427484118,0.00694831968045193,0.0203680613332266,-3.51700324464884
"Q5SXM2_SNAPC4",0.00265221659993742,17.266719811122,0.0220756797229912,0.982966812917464,0.988633068470845,-7.89714930887858
"Q5SXM8_DNLZ",0.669421486455935,18.2603098716567,2.89220070702689,0.0248287072203823,0.0555503268070889,-4.79363686099121
"Q5SY16_NOL9",-0.000710890146624621,20.4197459180969,-0.015332083721631,0.988169483097194,0.99219276310455,-7.89729215535477
"Q5SZK8_FREM2",0.876261460915448,18.5306594667533,13.9217766237215,1.3229895485567e-06,4.30393833987914e-05,5.89079252969156
"Q5T011_SZT2",-0.279917727865717,15.3097783575868,-1.7803944496835,0.160786676595115,0.247925401889805,-5.77681540996385
"Q5T0B9_ZNF362",-0.333576042962807,17.7654027206931,-1.34616409892841,0.222683521323052,0.320183471979449,-6.97691063817455
"Q5T0D9_TPRG1L",-0.118058425226465,18.6814807192124,-1.21370587561729,0.261900178004943,0.364372495149735,-7.13627268355995
"Q5T0F9_CC2D1B",-0.375544406638898,17.6661251145335,-4.66590838587204,0.00194357543429496,0.00760477223277995,-2.13826759779081
"Q5T0N5_FNBP1L",-0.427669449524572,17.5406328585187,-5.66485432097976,0.000609429227701056,0.00312875000419685,-0.867567209439546
"Q5T0W9_FAM83B",-0.727166917279035,18.7355510370821,-8.70557178563897,3.6357531679189e-05,0.000395044692600012,2.24619223996582
"Q5T0Z8_C6orf132",-0.580609586233294,16.2474636519613,-8.47695588417418,4.36200614648852e-05,0.000448043481712772,2.04477974296541
"Q5T160_RARS2",0.176931522871424,18.1952545811555,1.2155563581044,0.262353977542286,0.364804685032881,-7.1333583052086
"Q5T1C6_THEM4",0.342887013449914,17.4841530928598,4.44900018761613,0.00254743668350147,0.00936056954402538,-2.43291195395082
"Q5T1M5_FKBP15",0.263159708390674,20.6915919277047,5.55208096016463,0.000689977824354391,0.00342970121403727,-1.00405822999695
"Q5T1V6_DDX59",0.101325427965502,18.602178050752,1.49885096883269,0.175002328951022,0.264981739914946,-6.78562100071963
"Q5T200_ZC3H13",-0.0734534899025512,18.6181158003875,-1.04556797524974,0.328467067244841,0.435449237319197,-7.31979126438692
"Q5T280_SPOUT1",0.263615626661871,20.3035966047349,4.63891406160594,0.00200937503102241,0.0078176448407971,-2.17456986833506
"Q5T2E6_ARMH3",0.0401305021384459,20.4842618339442,0.50768772244356,0.62634329188492,0.717461408523564,-7.75393569626125
"Q5T2R2_PDSS1",0.0361947430492364,17.8870794025993,0.362414883823032,0.727097629079397,0.800037265862323,-7.82369480838198
"Q5T2T1_MPP7",-0.0212028960279937,18.3895686426495,-0.263476708764059,0.799316880545912,0.857532634265156,-7.85829569190438
"Q5T3F8_TMEM63B",-0.149182194701265,17.0316867253955,-1.47997314768055,0.1798454782405,0.270387154601499,-6.81015378790373
"Q5T3I0_GPATCH4",-0.454937319408714,19.1483880203735,-4.45748527050179,0.00252028852096099,0.00929007027133401,-2.4212598887654
"Q5T3J3_LRIF1",-0.394969413187326,16.5855206182309,-5.22227634700639,0.0010016139114867,0.00459900201400349,-1.41324629044891
"Q5T3U5_ABCC10",-0.00876479915534922,15.907242120751,-0.105779560891218,0.91854715542931,0.945126918338772,-7.89109365367301
"Q5T440_IBA57",-0.0490622642565057,18.7189598249188,-0.718641354201456,0.494261141376667,0.600067718885917,-7.61466492562321
"Q5T447_HECTD3",-0.156347964637021,18.889137897395,-2.7563670000153,0.026546860606554,0.0586562859355795,-4.93265079057779
"Q5T4B2_CERCAM",-0.104529609600537,16.3658476997914,-1.01404601716042,0.342329885691435,0.450372048891932,-7.35197157299204
"Q5T4S7_UBR4",0.1434802484378,21.7293325013354,2.94118699653805,0.0201873133259438,0.0470811502064796,-4.64758092206764
"Q5T5C0_STXBP5",0.360064309014682,18.2397678176508,4.55303633655722,0.00223547708953711,0.00850259818383643,-2.29075269948288
"Q5T5P2_KIAA1217",0.692154680485739,17.5912278725591,9.92374425406523,1.46801357956028e-05,0.000217921627490065,3.24836804987378
"Q5T5X7_BEND3",-0.159569438388033,17.4440651610092,-1.62486119591676,0.145593483133474,0.229450047115112,-6.61778533960919
"Q5T5Y3_CAMSAP1",0.14034991921698,18.4445431826811,2.2321028976262,0.0584893012596973,0.110763118189345,-5.73751419423779
"Q5T653_MRPL2",-0.234998675318348,19.5111497413407,-2.68490072477254,0.0295367609689801,0.0640773375731705,-5.0430094528949
"Q5T6F0_DCAF12",-0.910847072193743,15.6829354302618,-7.87027736949902,0.00252464536183417,0.00929716463931707,-1.14768237609359
"Q5T6F2_UBAP2",0.0925509896592231,19.4846664751273,1.53351965378824,0.166413717465342,0.254550102342944,-6.74013688165658
"Q5T6S3_PHF19",-0.0847651691703959,16.5198080838155,-0.874839310452178,0.413018119677266,0.521145260534974,-7.45604273083599
"Q5T6V5_C9orf64",0.185745760717296,20.4022602499292,2.89048745941475,0.0217550458327457,0.0499601458069513,-4.72568951466793
"Q5T7W0_ZNF618",-0.0664383223380511,16.1196292547219,-0.692803773012885,0.516814261485704,0.621526668091585,-7.53469272337491
"Q5T8D3_ACBD5",-0.0664307096209029,19.1329015435272,-0.916681583331511,0.387995990512432,0.496190924634919,-7.44655930689293
"Q5T8I3_FAM102B",-1.46912451262496,17.1878340428927,-15.8313413783556,5.21833438928162e-07,2.38887223988371e-05,6.9001722583698
"Q5T8I9_HENMT1",-0.276248538823673,18.1932640438148,-4.0551491696192,0.00423847363227444,0.0139393181175109,-2.98487446240719
"Q5T8P6_RBM26",-0.470024237517595,19.8076173497891,-6.86990484098629,0.000178147850601365,0.00125178338037448,0.48873526724295
"Q5T9A4_ATAD3B",-0.521778904188636,18.8381841724576,-6.67886669084233,0.000214119877543578,0.00145377128225635,0.285558937060429
"Q5T9C2_FAM102A",0.159179241022922,16.1633819744078,2.03536043490318,0.0787943322356326,0.140088993009631,-6.03235612051658
"Q5T9L3_WLS",0.807786724187398,16.2629561391637,5.00545009151192,0.00211422355769153,0.00813858967701497,-2.00107466473002
"Q5TA45_INTS11",-0.309810965040157,19.7692763555099,-5.78691816675823,0.000533791933660785,0.00283785767234819,-0.721761709100331
"Q5TA50_CPTP",-0.342838002655927,17.0473086280111,-1.8284178192455,0.109163530498726,0.181661991872608,-6.33654641147801
"Q5TAQ9_DCAF8",-0.215247245525362,18.666563549879,-2.19534254864359,0.0618409547144096,0.115705848945585,-5.79307867637878
"Q5TB30_DEPDC1",0.0363682606845703,15.2934007518588,0.326706993381261,0.756053613121538,0.824685176598547,-7.74396265276084
"Q5TBB1_RNASEH2B",-0.233848027276164,18.3882031385897,-3.90178352608175,0.00520025366697437,0.0162667509345414,-3.20553150028514
"Q5TC12_ATPAF1",0.122369935278911,19.8016315626742,1.77294376415675,0.116905154117488,0.192326211153043,-6.41254387828258
"Q5TC82_RC3H1",0.156685118619773,17.0804335156775,2.10288337518304,0.0711407944793509,0.129154921347575,-5.93191891798705
"Q5TC84_OGFRL1",0.201435447762856,15.7538739215501,2.51320386881382,0.0429661809938234,0.08657787393194,-5.29994402600446
"Q5TCQ9_MAGI3",0.309046906743664,17.1667569292,4.25892467572174,0.00324755676799253,0.0113109665108441,-2.69659820279556
"Q5TDH0_DDI2",-0.0646316498196953,19.9634239923107,-0.755843727186583,0.472941266559665,0.578964929199141,-7.5857160388643
"Q5TDP6_LGSN",0.144102970470115,16.7379816831462,1.10415257312165,0.303879824462867,0.410162651486338,-7.25805849712925
"Q5TEC6_H3-7",-0.717998089650798,24.1686973685887,-1.39718326508707,0.218671501970404,0.315423326898818,-6.9109970595602
"Q5TEU4_NDUFAF5",-0.137964258032675,17.6164942107771,-1.3572062913186,0.214364515439752,0.310029648228699,-6.96537742887113
"Q5TFE4_NT5DC1",0.00514233914191564,20.3164514318545,0.0688479770730885,0.946920829954905,0.963942709055292,-7.89474189640457
"Q5TGY1_TMCO4",-0.123499850314564,15.566879442067,-1.79611204439328,0.112930649876342,0.187035272596325,-6.37975091820158
"Q5TGY3_AHDC1",-0.494087757162958,16.1590563997774,-2.7301131320426,0.0287908947479751,0.062726244043394,-4.99390465012637
"Q5TGZ0_MICOS10",0.928653137588466,19.1995756142027,4.5490697359032,0.00307073265342702,0.0108282984942111,-2.52061233758113
"Q5TH69_ARFGEF3",1.56849963111868,18.6950469465153,11.8807806608161,5.22652392396273e-06,0.000108283944169905,4.43682712048174
"Q5THJ4_VPS13D",0.0476998891004676,16.1806889611155,0.522774840127033,0.616302068476873,0.709582727937605,-7.74543491077843
"Q5THK1_PRR14L",-0.273032723505057,17.2568486386991,-2.52382348241908,0.0376209447500469,0.0780494226903958,-5.2914626540215
"Q5TKA1_LIN9",-0.0649455987787952,17.749853599591,-0.988141613905183,0.354057924056414,0.462459051667741,-7.37785734941903
"Q5U3C3_TMEM164",0.296539901097979,16.8184673330418,1.08312347441311,0.331980718996805,0.439540115832999,-7.17173615812289
"Q5U5Q3_MEX3C",-0.521180615875309,15.7153791970857,-3.34756966490445,0.0242890579050244,0.0546628930479575,-3.87223022847696
"Q5U5X0_LYRM7",0.520138850598435,19.7075510348072,6.88558069851986,0.000175509655101865,0.00123779641444074,0.505220742416071
"Q5UCC4_EMC10",0.140128688352902,19.7721458295748,2.1256620572911,0.0687282396981395,0.126062234283176,-5.89784530299583
"Q5UIP0_RIF1",0.204958767644705,19.3620517304243,3.06076497896024,0.0169411905600754,0.0409729205415301,-4.46380524161173
"Q5VIR6_VPS53",-0.0834896608440836,19.5387847616013,-1.50947847945089,0.172327851045043,0.26162339382665,-6.7717365854202
"Q5VSG8_MANEAL",-0.339098294553217,17.1056124416123,-2.62483244088424,0.0323187475484352,0.0690158729072031,-5.13573775391093
"Q5VSL9_STRIP1",-0.241005964935638,19.0593321093422,-3.88227133419381,0.00533866658883106,0.016599404742198,-3.23382571190046
"Q5VST6_ABHD17B",-0.391639994194581,16.9125250746234,-4.32717898201845,0.00297454616013664,0.0105671028783664,-2.60132578835847
"Q5VSY0_GKAP1",0.410466291808277,15.7183091919043,3.39278761285928,0.0169387420176005,0.0409729205415301,-4.10854862757918
"Q5VT06_CEP350",-0.312580272790022,16.8491250391753,-3.01913479630259,0.0180040963720879,0.0430591301455822,-4.52770305664781
"Q5VT25_CDC42BPA",0.297922374967754,18.7691218264803,4.83073007982714,0.00158969115814275,0.00654452821970994,-1.9188779989358
"Q5VT52_RPRD2",-0.323095056586908,20.9560956387693,-6.02839080614623,0.000412968174084535,0.00235431893428507,-0.439123236854602
"Q5VT66_MTARC1",-0.244178413564978,15.6882775216141,-2.18377366079289,0.0685081866738161,0.125718935938868,-5.78002403729005
"Q5VTB9_RNF220",0.195572881739672,17.9682440693878,2.12289796462749,0.069016618223491,0.126288187247149,-5.9019848246425
"Q5VTE6_ANGEL2",-0.16091964631627,16.7174882393523,-1.45350028641326,0.186839886680981,0.278764819218599,-6.84426955755522
"Q5VTL8_PRPF38B",0.194574466969538,20.2737279889535,3.27910293217054,0.0123541500534679,0.0319295054627324,-4.13056461782323
"Q5VTQ0_TTC39B",-0.271232903281119,15.602434310368,-3.5753684005097,0.00812924964485431,0.0230519708957386,-3.6850595732187
"Q5VTR2_RNF20",0.180514786102897,19.5728762698501,2.92334001648543,0.0207252282114931,0.0480425620609051,-4.67506554472708
"Q5VTU8_ATP5F1EP2",-0.0541765649662125,18.4202304151952,-0.523876693118768,0.615572092013449,0.709169476106513,-7.74480500416814
"Q5VU43_PDE4DIP",0.136210871471544,18.2180466041363,2.2546719674803,0.0565222452718099,0.107678187167452,-5.70330969094392
"Q5VU97_CACHD1",0.115751943533452,15.6095126718608,1.60473561316083,0.149963656573093,0.234836574047787,-6.64504286807003
"Q5VUA4_ZNF318",0.0540790649701002,17.7763053889173,0.608303028256354,0.56105284421615,0.661549081962888,-7.69292065091004
"Q5VUM1_SDHAF4",-0.728769399097917,15.5436952943602,-6.55679213325283,0.000881269174119852,0.00414858549023785,-0.754488050941549
"Q5VV41_ARHGEF16",0.278162153602761,19.6056276464689,4.85354703430441,0.0015465479269564,0.00641715701285596,-1.88881356203109
"Q5VV42_CDKAL1",-0.302147549676231,18.2082911527994,-3.60395352872666,0.00781253822017117,0.0223863773212926,-3.64256024033075
"Q5VW32_BROX",0.129296319194275,20.1782179606475,2.69100180139124,0.0292683999753172,0.0635853702220232,-5.03358866684571
"Q5VW36_FOCAD",-0.850760239349562,19.6792942268847,-16.3325800029143,4.16030101998095e-07,2.19348284812099e-05,7.14454986543959
"Q5VW38_GPR107",0.688384718472072,18.7029738511537,10.2354850577019,1.18223192739837e-05,0.000187903598439928,3.48730129629702
"Q5VWJ9_SNX30",-0.61468538291426,17.7345996517538,-6.98205199188478,0.000160202797543121,0.0011565159463807,0.606061874845397
"Q5VWN6_TASOR2",-0.078192562845409,18.3598732639968,-1.25010495644617,0.249066715672988,0.35027870517292,-7.09408872704474
"Q5VWQ0_RSBN1",-0.26350491839159,19.2092501191279,-4.32195244962964,0.00299454121707997,0.0106183987034213,-2.60859813181525
"Q5VWQ8_DAB2IP",0.247261813961588,16.0263962500318,3.03101724025676,0.0176937333356073,0.0424438629904982,-4.50945503412297
"Q5VWZ2_LYPLAL1",-0.069064592245244,19.7280079055473,-0.91396473373952,0.389332430690231,0.497733517161676,-7.44909090919893
"Q5VYK3_ECPAS",0.415835874070567,21.0787435337026,9.01108227521806,2.86803875534286e-05,0.000345293799757419,2.50845281512249
"Q5VYS8_TUT7",0.201315992642289,17.1128710193133,1.94316424468143,0.0905615159477628,0.156746905040473,-6.16794567798937
"Q5VYV7_SLX4IP",-0.0506194586713917,15.2231740716751,-0.485168468512024,0.646414186040242,0.734408746065932,-7.28215577641014
"Q5VYX0_RNLS",0.257145026641576,15.8797850829694,1.88358254418003,0.105161338826161,0.176236238330044,-6.20826785028145
"Q5VZ89_DENND4C",-0.0113447762338552,19.1479171471752,-0.198785632972919,0.84774282395864,0.894917686987545,-7.87510715789373
"Q5VZE5_NAA35",0.0244213421097648,19.3287735075754,0.405544981568461,0.696462713927693,0.776046851476055,-7.80530339865131
"Q5VZF2_MBNL2",0.0675075179511921,16.91279980892,0.671948110001222,0.524921036295316,0.629197447864173,-7.58626558358533
"Q5VZK9_CARMIL1",0.0176961028956129,18.4813356167849,0.166860650025228,0.871915218592362,0.911791720781565,-7.88168781697435
"Q5VZL5_ZMYM4",0.146446361284347,18.2795181412992,1.54887054845945,0.162734461433496,0.250322929106454,-6.71982397820877
"Q5W0B1_OBI1",-0.749726690216946,15.9188124870738,-5.94342171881215,0.00283481920739653,0.0101414098458336,-1.8146593870664
"Q5W0U4_BSPRY",0.466554455294332,17.0332110992353,3.32046344931595,0.0116447295991468,0.030560919253511,-4.06786086655551
"Q5W0V3_FHIP2A",-0.467959898406178,18.3888165609983,-7.4081234216444,0.000108274724516698,0.000869496080808984,1.03917427964277
"Q5W0Z9_ZDHHC20",-0.00943021754696005,18.4994917501792,-0.107770900770313,0.917020427721421,0.943937144194192,-7.89085320702349
"Q5W111_SPRYD7",-0.0629340850951934,19.9787417844416,-0.919005888668864,0.386855335240919,0.495063447927155,-7.44438873012798
"Q5XG87_TENT4A",0.207472186167241,15.9854517103205,2.57818811424286,0.0346645979689254,0.0730862800530709,-5.20769158794075
"Q5XKK7_FAM219B",0.105665065499192,15.8199706400972,1.50013183895863,0.174678016128864,0.264543073158709,-6.78395037411927
"Q5XKP0_MICOS13",0.699778850708153,19.1937583476505,6.3232777822026,0.00031335928022014,0.0018989992733629,-0.126490501294623
"Q5XPI4_RNF123",-0.187990146142258,17.3403045435489,-2.02471191315746,0.0800730507515812,0.141767343294207,-6.04811237371375
"Q5XUX1_FBXW9",0.377747865633722,16.0848899885332,3.30321272039946,0.0146821714898179,0.0367993693283769,-4.15828100309169
"Q5ZPR3_CD276",-0.951378926082644,19.372484429464,-8.10209140875192,6.7623223689108e-05,0.000623618269123318,1.59399227979076
"Q629K1_TRIQK",1.17972010810511,18.398163745424,14.9062013644557,1.24973131343158e-05,0.000194608376869713,4.0965532021691
"Q63HN8_RNF213",0.655976130875512,20.6911285733363,2.95884727984743,0.0243066703546111,0.0546864316836379,-4.73352286279108
"Q63HQ0_AP1AR",0.175110094215492,16.2701929242685,1.49333136037096,0.176406099781766,0.266526607278972,-6.79281140437033
"Q63ZY3_KANK2",-0.412574987770576,16.5672534661371,-3.92145279509694,0.00506464687741943,0.0159408072875948,-3.17705930577234
"Q641Q2_WASHC2A",-0.0115978719598608,18.3334163956204,-0.11479107670085,0.911641178028111,0.939665202376286,-7.88996989544807
"Q643R3_LPCAT4",-0.0392113420765945,16.4712977707706,-0.378027533135013,0.719674638466356,0.793697722313228,-7.67551787639126
"Q658P3_STEAP3",0.68952244439847,18.382956327045,7.40953554204279,0.000108137428184072,0.000869306665054918,1.04057740811778
"Q658Y4_FAM91A1",0.327704662126841,20.3684162987904,6.01316635307158,0.000419615404609403,0.00237176702583792,-0.456718763140214
"Q659A1_ICE2",0.46976579347886,16.6876131673721,3.75519618791933,0.00825815939404301,0.0233482354169596,-3.56670688627562
"Q659C4_LARP1B",0.0101142952310518,17.2657999951515,0.094265841355423,0.927381465603469,0.951450040513979,-7.89239620996508
"Q66K14_TBC1D9B",-0.13644610217283,20.145273003324,-2.88845370689838,0.0218205322844231,0.0500203806040224,-4.72882460949496
"Q66K64_DCAF15",-0.483096159434893,16.4981384080462,-4.18357301695892,0.00358103763748829,0.0122055429061962,-2.80253134620923
"Q66K74_MAP1S",0.718346392061164,18.2804667218348,9.43402402368215,2.08825034904744e-05,0.000275252998594271,2.859145070514
"Q66LE6_PPP2R2D",-0.0453220680579278,17.8664310159446,-0.337813694744814,0.744866661079556,0.81549906699116,-7.83325227262524
"Q66PJ3_ARL6IP4",0.208315083069206,19.987772756131,3.06172851821838,0.0169173867903082,0.0409542184964871,-4.46232747687574
"Q676U5_ATG16L1",0.0580884452262076,18.8863941901552,0.959267935597018,0.367489699198143,0.475937447123463,-7.40610163275999
"Q68CP9_ARID2",0.155150775703923,18.8393920439474,2.39137498360397,0.0459513733084186,0.0913411983730786,-5.49489132233752
"Q68CQ4_UTP25",-0.393833895412168,19.2530062380404,-7.66976608176022,8.58653254154783e-05,0.000743420626049073,1.29563650721569
"Q68CQ7_GLT8D1",0.187780063305325,17.9148008238219,2.56554892128481,0.0353299303518023,0.0742841907424446,-5.22717759208997
"Q68CZ2_TNS3",3.14318809133941,18.8816655758099,51.0515713890829,9.21087328478477e-11,2.7410838613904e-07,15.2392441428592
"Q68CZ6_HAUS3",0.0785137900394766,17.7193243058441,0.88282943542777,0.40489017140449,0.513245790148786,-7.4776719882195
"Q68D10_SPTY2D1",0.304685676899076,18.530869890948,4.075398746701,0.00412663836682879,0.0136634762905243,-2.95597412362969
"Q68D91_MBLAC2",-0.266880120368135,18.6235883862716,-4.2706540073611,0.00319876032642522,0.0111766557109327,-2.68017950935606
"Q68DA7_FMN1",-0.47742815298546,15.6671717097201,-2.67284521140925,0.0366819666105021,0.0764540988923906,-5.13165023481593
"Q68DC2_ANKS6",0.0902664898760648,16.0100779989052,0.920555406556656,0.396157570317167,0.504602569989127,-7.3411695068285
"Q68DH5_LMBRD2",0.542969541248787,16.9978669317204,6.31722391448352,0.0003066445319686,0.00186499399116941,-0.110895726051098
"Q68DK2_ZFYVE26",0.0490704075081148,16.5121974078736,0.440799459330704,0.67185688720497,0.756819760513819,-7.78880428045191
"Q68DK7_MSL1",-0.0341778702078273,17.3463441663199,-0.382097820910558,0.713047123296676,0.789119455859772,-7.81554802947037
"Q68E01_INTS3",-0.298155246522992,19.8556659578902,-5.26872034640446,0.000949554894500881,0.00439960434452075,-1.35470855729737
"Q68EM7_ARHGAP17",0.0718672577118475,18.9887347667081,1.19792559381399,0.267633602145354,0.370327400615607,-7.15430199383266
"Q69YH5_CDCA2",-0.238314981867777,16.9808747800702,-2.71753708426157,0.0281302674923658,0.0615676767761628,-4.99261269527495
"Q69YL0_NCBP2AS2",1.19214701525002,18.6902281451516,6.21057323175507,0.000516042385585495,0.00276604254797973,-0.559156051873368
"Q69YN2_CWF19L1",-0.057478723974782,19.8768343077344,-0.980076738623611,0.357771405646938,0.466194374666924,-7.38581156979999
"Q69YN4_VIRMA",-0.0990982912603044,18.8471702355292,-1.52207652973118,0.169205384966088,0.257889786296999,-6.75521042165778
"Q69YQ0_SPECC1L",-0.141729132664796,18.1186529003515,-2.07449694870994,0.0742647126798441,0.133652007635925,-5.9742494276003
"Q69YU3_ANKRD34A",0.54293338608997,16.1097455503115,5.26733291516037,0.000951066070178191,0.00440393707238781,-1.35645288724148
"Q69YU5_BRAWNIN",0.317433228897048,19.2725601849346,6.09726282786128,0.000384323908777189,0.00222971559880023,-0.359897249360829
"Q6AHZ1_ZNF518A",-0.0508620570403533,15.2532425063313,-0.623868960043777,0.563240132927698,0.663375568669273,-7.51960709312923
"Q6AI08_HEATR6",-0.290090886736383,21.3964640703175,-2.65610918205834,0.031923356137813,0.0683433373490843,-5.10394540534628
"Q6AI12_ANKRD40",0.233398086128961,17.4146192428965,2.6732144061842,0.0300579254529863,0.0650050467010128,-5.06105361901498
"Q6BDS2_BLTP3A",0.490765976941521,17.7709176135341,7.17181366320987,0.00013425314473958,0.00101319377249169,0.801391330717255
"Q6DCA0_AMMECR1L",0.12731376705009,15.9280044598132,1.6801370843363,0.134190484478863,0.214808582265217,-6.54210456686105
"Q6DD87_ZNF787",0.0981529713395233,17.6576136976455,1.34423643559379,0.218331255537492,0.314991969915858,-6.98131291482321
"Q6DD88_ATL3",0.234617930967996,20.6143275379852,3.96319176487859,0.00478939297961013,0.0152696100793886,-3.11680713305245
"Q6DKI1_RPL7L1",0.128921711853973,20.7169251188958,1.01555462453043,0.343430159164932,0.451271711342491,-7.34867326937452
"Q6DKK2_TTC19",-0.0162894968952969,19.1552193843364,-0.142486595143142,0.890530949888881,0.925021215845869,-7.88592171235519
"Q6DN90_IQSEC1",0.103866715137496,19.8137820070568,1.76264430936469,0.118714314571962,0.194465595650879,-6.42706665331684
"Q6DT37_CDC42BPG",-0.550229981122957,18.6769736581579,-8.17580755363692,5.57989338581219e-05,0.000541882860034115,1.77241330787197
"Q6F5E8_CARMIL2",0.25622131216803,16.1083084568233,1.90135362061514,0.122701836273434,0.199798836700832,-5.79763037658891
"Q6FI81_CIAPIN1",0.67772070197039,21.281411586748,8.8317486598025,3.29371780981776e-05,0.000378085175015867,2.35544500027795
"Q6FIF0_ZFAND6",0.040892953960121,17.7225678016387,0.45686376769119,0.660782299306197,0.746737720354158,-7.78085338899419
"Q6GMV2_SMYD5",-0.389352314583906,19.3623107685492,-3.93725065461827,0.00495850174688826,0.0156914098707464,-3.15422756315134
"Q6GMV3_PTRHD1",-0.288235625940981,20.7229396790329,-1.77121719199201,0.122162380826349,0.199005199534933,-6.42178588644549
"Q6GQQ9_OTUD7B",-0.120933305621886,19.4722821870955,-1.30115068015841,0.231969091621364,0.33085890026965,-7.03357284956147
"Q6GTX8_LAIR1",-0.45974012179337,16.6375484269259,-4.26146080318603,0.0103172077369727,0.0277240960102484,-3.33630959396183
"Q6GYQ0_RALGAPA1",0.149799492780108,18.1493086250423,2.21167028574226,0.0603291990818417,0.113523458177257,-5.76842215936307
"Q6I9Y2_THOC7",-0.302139721048139,20.2562816162451,-5.90997971911684,0.000467927568378101,0.00256611258501847,-0.576767512327297
"Q6IA17_SIGIRR",0.0231909067760583,18.4099320913306,0.356967325006607,0.731006351151987,0.8032979092363,-7.82587611880672
"Q6IA69_NADSYN1",-0.543197423040841,19.1440505454249,-7.39587844409187,0.000109473476555703,0.000875444276431325,1.02699851494496
"Q6IA86_ELP2",-0.468728408789353,19.1022668753452,-6.34601309778501,0.000297839730761418,0.00182450700454411,-0.0787530382505013
"Q6IAA8_LAMTOR1",-0.0751429153739416,21.0093497770427,-1.25726619916155,0.246605323207161,0.34739224173922,-7.08569311794112
"Q6IAN0_DHRS7B",0.295729841481901,19.4172239904584,4.30652449923519,0.00305442355926135,0.0107884901566169,-2.63008738444635
"Q6IBS0_TWF2",-0.306619583519161,19.806180418976,-5.65322872646259,0.000617231137928572,0.00315002139483574,-0.881558249677999
"Q6IBW4_NCAPH2",-9.79184796996435e-05,19.2323288416748,-0.00164616584798763,0.998729732461825,0.998943803328965,-7.89742373757752
"Q6IC98_GRAMD4",-0.336431919409758,16.6668960866344,-4.04438437624309,0.0042992615890366,0.014094277379153,-3.00026053117691
"Q6ICB0_DESI1",0.757300154785131,17.8235491725265,6.36135728576878,0.000293262110232499,0.00181097644000602,-0.0616632672049438
"Q6ICG6_KIAA0930",-0.129462018939297,17.3036221267645,-1.50297894397884,0.173959078819122,0.263663195394961,-6.78023418742213
"Q6ICL3_TANGO2",-0.321973754219083,17.425198252646,-4.49760674778148,0.00239613193659049,0.00895328868779779,-2.36630207054978
"Q6IN84_MRM1",-0.0719218430732695,17.6057628534463,-1.02612635063773,0.336964339649463,0.444997819419614,-7.33972640245431
"Q6IN85_PPP4R3A",0.114593651968111,20.4766879092926,2.22239365129649,0.059356485854065,0.112044527001068,-5.75220829812784
"Q6IPR1_ETFRF1",0.184064048322927,15.5359467425242,2.31044629440605,0.0519412715198953,0.10088694633374,-5.61851354062723
"Q6IPR3_TYW3",-0.228980889691332,17.0050996437011,-2.95249337794193,0.0198541262035769,0.0465169460086869,-4.63017552886939
"Q6IPU0_CENPP",0.243519525815298,16.5144363817079,2.43308059654447,0.0431429239532965,0.0868814454854685,-5.43096139363489
"Q6IQ21_ZNF770",-0.0189445748410257,16.4286671343811,-0.198582474067344,0.847896130885486,0.894955946516573,-7.87515263260321
"Q6IQ22_RAB12",0.0609692680870317,19.1302463474686,0.934932425369733,0.379106048893423,0.48751316127674,-7.42939824684182
"Q6IQ23_PLEKHA7",1.25868527741802,17.7616450141592,17.6102604473529,2.40289712218079e-07,1.46961187992577e-05,7.73373786330045
"Q6IQ32_ADNP2",0.114684986217071,17.3638189877179,1.18847228927732,0.271118012648403,0.3740655489437,-7.16502611186252
"Q6IQ49_SDE2",-0.0240934315988603,18.1973287032228,-0.217496749701786,0.833653938281429,0.883828090162464,-7.87072184474307
"Q6ISB3_GRHL2",-0.0623514739971185,19.659072183072,-1.10913594486238,0.301858203373,0.408082398724419,-7.25269486730644
"Q6JQN1_ACAD10",-0.245643981898731,17.1835276650597,-2.32652960971216,0.0506910843211735,0.0989868045045648,-5.59399656023423
"Q6KB66_KRT80",-0.311559414457506,19.2066782296596,-2.78269402349825,0.0257624543392145,0.0571875619695977,-4.89666295881613
"Q6KC79_NIPBL",0.552921394977265,18.3479720559869,7.7241245706562,8.1891562001228e-05,0.000717137447307432,1.34804697190486
"Q6KCM7_SLC25A25",0.410886109632031,17.4864322926301,3.12017422050412,0.0155374985854852,0.0384913080641719,-4.37279689317722
"Q6L8Q7_PDE12",0.0657841273901738,21.2793535808618,1.26440341574104,0.244172735167952,0.344727711977653,-7.07729471057543
"Q6MZP7_LIN54",0.0983276647426763,17.8644811457802,1.45790117390926,0.185660515872094,0.277384139894891,-6.83862171266405
"Q6N021_TET2",-0.187663121712875,15.3117152073273,-2.2799526700263,0.0779915549725035,0.139114661167706,-5.64426549933566
"Q6N043_ZNF280D",-0.0974675719217934,18.5811978276926,-1.06509344661377,0.320103374897437,0.427382169243959,-7.29949069055274
"Q6N063_OGFOD2",0.0548052049513892,17.5599736596908,0.563932953952033,0.589352441757599,0.68536650703329,-7.72107386883692
"Q6N069_NAA16",0.224103370253275,18.3695692028476,3.49011895258008,0.00915834149237636,0.0252763612668654,-3.81233966506555
"Q6N075_MFSD5",0.210627967680574,15.5053984768969,1.62505001270728,0.152089546921242,0.237145540732796,-6.56199834520626
"Q6NS38_ALKBH2",-0.365629915281453,17.7808487841007,-3.03718416982695,0.0175348814421644,0.0421131257556405,-4.49998741051808
"Q6NSJ0_MYORG",-0.554668454910548,17.3353869513727,-3.94581488057884,0.0049019677661979,0.0155612080254661,-3.14186379224979
"Q6NSJ2_PHLDB3",0.0981027783166581,16.7871502191907,1.02597035708148,0.337033205893776,0.445011892756117,-7.33988522094259
"Q6NSJ5_LRRC8E",0.0873949972139449,17.3184696973128,0.741629043060027,0.481014390494491,0.586640052276736,-7.59692599866771
"Q6NTE8_MRNIP",-0.294769250646327,15.9588540703386,-3.00086304257603,0.0184925704285236,0.0438782436145446,-4.55577762822754
"Q6NTF9_RHBDD2",-0.13077411343259,17.4275429802728,-0.87208905259887,0.410543837825027,0.518435355165565,-7.48714156516492
"Q6NUJ5_PWWP2B",0.0402695767663772,17.2841819697575,0.423936310154874,0.683575760792436,0.766491154481984,-7.79685967422725
"Q6NUK1_SLC25A24",0.0896413340144733,22.9433099802679,1.79617973273109,0.112919228414187,0.187035272596325,-6.37965486221731
"Q6NUK4_REEP3",0.324627794689292,18.0868447489502,4.26789437082128,0.00321016868694097,0.0112072876937772,-2.68404071574678
"Q6NUM9_RETSAT",-0.995713137205833,18.0443511045395,-11.1911143582868,6.30212150293629e-06,0.000122703753714401,4.180538259531
"Q6NUN9_ZNF746",0.00134771115103938,15.1465431729668,0.0215088926887838,0.98348918029526,0.988792054623522,-7.87279728779794
"Q6NUQ1_RINT1",-0.080684767132805,17.6909756577235,-1.23164304693609,0.255508183925848,0.357365544477334,-7.11558778374339
"Q6NUQ4_TMEM214",-0.531366305528827,19.6996768064241,-9.53567361215954,1.93845727773015e-05,0.000262292139614991,2.94138049870105
"Q6NUS6_TCTN3",-0.227700822213585,17.7204408312537,-2.33680037042355,0.0499086497789861,0.0977084833701278,-5.57832608566914
"Q6NVY1_HIBCH",0.214443880222209,21.0190529489544,3.06237482816069,0.0169014397764268,0.040941542170717,-4.46133627223311
"Q6NW29_RWDD4",-0.00458698535194557,18.8366938159094,-0.0677996215192847,0.9477276583106,0.964507181547463,-7.89482296930753
"Q6NW34_NEPRO",0.197244063094836,16.9618341492704,1.67372557839792,0.135469150505115,0.216484459785035,-6.55094236561132
"Q6NWY9_PRPF40B",-0.121646531883092,15.4118935400756,-1.26440155530258,0.257405691358737,0.359427673139277,-6.72851598927704
"Q6NXE6_ARMC6",-0.00712298291656666,18.2370422939,-0.0935135555045421,0.927959076088863,0.951864636616041,-7.89247611134996
"Q6NXG1_ESRP1",0.178633430965991,20.6613225678346,3.01305040487323,0.0181652304132049,0.0433301673974888,-4.53704982602901
"Q6NXR4_TTI2",-0.232729379320634,18.4692440468079,-4.01589608811197,0.00446474434780191,0.0145061498253063,-3.04105366790548
"Q6NXT1_ANKRD54",0.046937832861186,17.3531174157742,0.532514486377306,0.609865575126002,0.70418702942732,-7.73982432011853
"Q6NXT4_SLC30A6",-0.237390234547373,17.0091961868775,-1.10176066886263,0.312470217107532,0.41938813374071,-7.19437893123732
"Q6NXT6_TAPT1",1.06604900597287,17.3945147451279,13.875210346502,1.35533097881002e-06,4.39046836144177e-05,5.86447272630957
"Q6NYC1_JMJD6",0.407220956450978,20.0709985050537,6.11362419642291,0.000377848258611533,0.00220507628785127,-0.341165399589375
"Q6NYC8_PPP1R18",0.252168813505989,17.1856226664274,1.90732078732583,0.0955835799389844,0.163585508984449,-6.22011495376288
"Q6NZ67_MZT2B",-0.490745026734746,17.3763800118103,-4.19057969485438,0.00354850884387975,0.0121271122536704,-2.79264785123773
"Q6NZY4_ZCCHC8",0.194680297015736,19.205286775962,3.18466730975888,0.0141518023012029,0.0356476206236232,-4.27426795875687
"Q6NZY7_CDC42EP5",-0.288097488467763,17.0231731412374,-2.71892841423098,0.0382061828545119,0.0789297555875049,-5.04861915736869
"Q6P087_RPUSD3",0.211313765979824,18.1664714337121,3.55973167667442,0.0083083047015843,0.0234639783685305,-3.70834633607074
"Q6P0N0_MIS18BP1",0.140002344575713,16.7770238031297,1.67625531145525,0.134963285573171,0.215791713032044,-6.54745713281406
"Q6P0Q8_MAST2",0.0600038184054377,15.2333706194203,0.923001733909158,0.384900164998045,0.493304570228006,-7.44064694585827
"Q6P158_DHX57",-0.733436334366413,18.4523308864702,-11.0036206372121,7.10237633410894e-06,0.000130523238159286,4.04894316007053
"Q6P161_MRPL54",-0.0328372917556976,19.2827835401363,-0.374041723311987,0.718784029177761,0.793173196169744,-7.81893261422722
"Q6P1A2_LPCAT3",2.2498758456214,19.0850950115209,23.8524025421277,2.59284248164633e-08,3.60405104948839e-06,10.0699837730784
"Q6P1J9_CDC73",-0.246304725913561,20.5996404602951,-4.81244358756198,0.00162522307921202,0.00664784935290312,-1.94302672953912
"Q6P1K2_PMF1",-0.349015017972661,18.2445521291585,-5.06542749116483,0.00120209759101089,0.00527556606387959,-1.61318254360236
"Q6P1K8_GTF2H2C_2",-0.113039576855734,15.5454225395948,-1.25980051723394,0.269682651087132,0.372488503624413,-6.91826204496476
"Q6P1L5_FAM117B",0.0316409154663901,15.3627549519482,0.466724133689578,0.654028740777609,0.740857863867954,-7.77583985452455
"Q6P1L8_MRPL14",-0.218204804700932,19.7461714809521,-2.8487065895658,0.0231426088185257,0.0524222946422605,-4.79012044359516
"Q6P1M0_SLC27A4",-0.00307417032866653,20.5843076750488,-0.060529500191349,0.9533245742313,0.968398401541096,-7.89535100510584
"Q6P1M3_LLGL2",0.0161252251218791,19.941184912435,0.173211249475783,0.867094305045938,0.908526429730129,-7.88046955914699
"Q6P1N0_CC2D1A",-0.0142643335639825,21.4025187577506,-0.285358197757212,0.783134674389836,0.844795341570523,-7.85156314956808
"Q6P1N9_TATDN1",-0.0153681962443031,21.8243565270797,-0.175482452359372,0.865394680879299,0.908168545131694,-7.88001269221982
"Q6P1Q0_LETMD1",0.183571808988118,15.5559413004078,1.48532322912789,0.19280034547381,0.285761659780395,-6.46283923396858
"Q6P1Q9_METTL2B",-0.413747274237114,19.2931362346592,-4.97233253818904,0.00134176721560948,0.00575311854365365,-1.7334997073358
"Q6P1R4_DUS1L",-0.243200857697111,18.6073517161615,-3.35219721069364,0.0111298675710492,0.0294752544906453,-4.01985540853125
"Q6P1X5_TAF2",0.0714603050637166,18.0257826849801,1.02707960705647,0.33654374492504,0.444519165506554,-7.33875548875301
"Q6P1X6_C8orf82",0.642472248033755,19.9981773716047,13.2818958623804,1.85626174383083e-06,5.3551400119195e-05,5.52125503412637
"Q6P2C8_MED27",0.0921899216377291,18.9086160852756,1.61506108917238,0.147706623662935,0.232110408613183,-6.63107873449206
"Q6P2D0_ZFP1",-0.106985982623872,16.3320344427627,-1.0956419374604,0.3073575129965,0.413608144016306,-7.26717834731757
"Q6P2E9_EDC4",0.195408902726498,21.9022698795733,3.49019205040443,0.0091574015207688,0.0252763612668654,-3.81223019363618
"Q6P2H3_CEP85",-0.184673314587673,17.7819445114356,-2.56954125967582,0.0351183659550944,0.073917890174867,-5.22102315095153
"Q6P2P2_PRMT9",0.154780006638017,17.352252991345,1.78942187384156,0.1140649608632,0.188668677152567,-6.3892378103245
"Q6P2Q9_PRPF8",-0.130052715724215,22.3700208596816,-3.16395641012461,0.0145819595223302,0.0365745014921964,-4.30587656504579
"Q6P2S7_TTC41P",0.157850873310027,15.2370652314055,1.02188279656753,0.372949553273959,0.481784274210783,-6.63148723026662
"Q6P3S6_FBXO42",0.0781869084902986,15.9986852584619,1.05857750388691,0.322875566169064,0.429891119938634,-7.30629615627562
"Q6P3W7_SCYL2",0.203186321755684,20.2962231607736,4.16043952186513,0.00369076039189548,0.0124904219548654,-2.83521107310444
"Q6P3X3_TTC27",-0.688849881577511,18.8473968549295,-10.7866926796184,8.1746629600051e-06,0.000143824118195278,3.89407106608008
"Q6P444_MTFR2",-0.0501812038799017,15.6629814857343,-0.612743063850902,0.55826521679698,0.65944647441485,-7.68999689165619
"Q6P4A7_SFXN4",-0.0652750029561098,18.5862715776662,-0.776614513871072,0.461308139626133,0.567541153434469,-7.56900854088101
"Q6P4E1_GOLM2",0.422143586024767,18.3776932647124,6.13847612812723,0.000368242860556828,0.00216888803463555,-0.312778060588248
"Q6P4F2_FDX2",-0.0520905581291444,17.4252270901917,-0.647543522027543,0.536701588452782,0.63891056426682,-7.66641862443771
"Q6P4F7_ARHGAP11A",-0.148993454061708,15.3559504240425,-2.09159220818827,0.0781372912180953,0.139277125521646,-5.94784859522886
"Q6P4H8_ATPSCKMT",0.75621593621074,16.1363348437822,3.10690837069649,0.029461373081699,0.0639319322195824,-4.64345256538399
"Q6P4I2_WDR73",-0.236381526148616,19.2502160923493,-3.82280824624453,0.00578561777105486,0.0176641564934962,-3.32035203061728
"Q6P4Q7_CNNM4",0.367467735253811,19.2806127765694,7.1504636684278,0.000136924216712798,0.00102726755325745,0.779612568499374
"Q6P4R8_NFRKB",-0.131607194996285,20.5084410563507,-2.2992937682161,0.052826385940701,0.102268351612221,-5.63549784852457
"Q6P582_MZT2A",-0.187257388683751,17.2052967084462,-2.15432969853972,0.0658069137406458,0.121549614773433,-5.85483654724003
"Q6P587_FAHD1",0.128951456611063,20.3265603278854,2.12400135154017,0.068901358090079,0.126288187247149,-5.90033254367007
"Q6P597_KLC3",-0.674425338578363,17.4915763833089,-6.88813096732082,0.000175084590760284,0.00123682580550733,0.507900081045596
"Q6P5R6_RPL22L1",-0.477343081783662,19.5303386564546,-3.09801700762746,0.0175357509095045,0.0421131257556405,-4.45673814789172
"Q6P5X5_C22orf39",0.161263778110362,15.2785458340678,2.2408084356461,0.0706778850859513,0.128497605584328,-5.70332228123837
"Q6P5Z2_PKN3",0.30558375696825,15.8616388445487,3.52957948950209,0.00866562858495138,0.0243203856578389,-3.75332599573526
"Q6P6B7_ANKRD16",-0.309728055282324,17.738262508654,-3.95181711836744,0.00486276207069046,0.015457719763172,-3.13320436536762
"Q6P6C2_ALKBH5",-0.0765085661373277,19.7071105726386,-1.21810636558199,0.260319772307735,0.362635688646617,-7.13121681962405
"Q6P996_PDXDC1",0.23960937997181,20.8712142048228,5.26511491498604,0.000953487410629431,0.00441247654616344,-1.35924199888037
"Q6P9B6_MEAK7",-0.842616521499828,19.6898896191583,-13.7153484006474,1.47334884419351e-06,4.65052718712399e-05,5.77344520571814
"Q6P9B9_INTS5",-0.295919284744013,19.0589535209484,-4.18422733251912,0.00357798625915147,0.0122055429061962,-2.80160809364881
"Q6PCB0_VWA1",0.197379917721953,16.1900513663576,1.14876716377079,0.287428915378762,0.391482996271269,-7.20838861780272
"Q6PCB5_RSBN1L",-0.136415113620878,17.4517087311397,-1.3170803684674,0.226843612946946,0.324577844091223,-7.01437435518901
"Q6PCB6_ABHD17C",0.652993754475499,17.1790352395556,3.94692944335349,0.00653031220153763,0.0194031235059289,-3.05481529141525
"Q6PCB7_SLC27A1",-0.0534478934704303,15.6710373693943,-0.75649943873745,0.476039738294677,0.581883407150053,-7.52175187485504
"Q6PCB8_EMB",-0.26284145298898,16.8679267801914,-2.42326509011413,0.0437877935917459,0.0878398535840717,-5.44601933579894
"Q6PCD5_RFWD3",-0.20827605953715,15.6524592108657,-2.39205283702913,0.0580156205672809,0.10994779852178,-5.49666825251014
"Q6PD62_CTR9",-0.316706477001151,19.4563223719143,-6.38307138535722,0.000286917395106669,0.00178331990698413,-0.0375284248333498
"Q6PD74_AAGAB",-0.383498184490804,19.5667351942098,-4.96086900667804,0.00136016700997161,0.00581895735379572,-1.74840063709128
"Q6PFW1_PPIP5K1",-0.29581820952049,16.4032553351965,-2.51957255452393,0.037862742969634,0.0784233730704014,-5.29800768749264
"Q6PGN9_PSRC1",-0.472816541995982,16.489775312717,-2.87341463989352,0.0228041171245687,0.0518051805254231,-4.76346798225284
"Q6PGP7_SKIC3",0.23189398714857,18.6204449202488,3.36697225510362,0.0108984772593215,0.029041080044445,-3.99753613076958
"Q6PH81_C16orf87",0.158719786666554,15.8843805812145,2.05569749732794,0.0764076362359343,0.13686419377313,-6.00219932825953
"Q6PHR2_ULK3",-0.0737051947035923,18.6243108374636,-0.967945859722282,0.363412857507135,0.471936690273832,-7.3976811144667
"Q6PI26_SHQ1",-0.0324153950402142,17.2009917203984,-0.25798238363001,0.803396974217512,0.859858584333316,-7.85990346457336
"Q6PI47_KCTD18",0.650966734898166,17.192533081879,7.28034254042844,0.000121544737175494,0.000945279263180727,0.911337020916188
"Q6PI48_DARS2",-0.671588710585901,22.0336137768087,-13.2094797660598,1.93062362607302e-06,5.48684669937852e-05,5.47833450026014
"Q6PI78_TMEM65",0.303213648429089,17.9895772952739,4.81266730246779,0.00162478315001631,0.00664784935290312,-1.94273100739211
"Q6PI98_INO80C",0.0379693721672076,17.1092199004676,0.26610376566168,0.797368360060173,0.856042846883867,-7.85751519982815
"Q6PID6_TTC33",0.0340885045542478,18.0002743053421,0.403575652917991,0.697849052550263,0.777025343248873,-7.8061863285259
"Q6PID8_KLHDC10",0.0826558860608451,15.8792773378673,1.05107616154262,0.326090420209846,0.433257084203037,-7.31409258552896
"Q6PII3_CCDC174",0.131684327771655,16.7697485384079,1.1003068627908,0.305447357695271,0.411987482283054,-7.26218578851803
"Q6PII5_HAGHL",-0.609049308755843,16.2368728649016,-4.43423765114465,0.00368723562488468,0.012484019642269,-2.42650208992723
"Q6PIJ6_FBXO38",0.675065527113471,17.3423550326582,8.37925807302052,4.72095302041442e-05,0.000478669573488969,1.95731342629839
"Q6PIU2_NCEH1",0.630944815496704,18.9686920673935,11.1058123253678,6.65287255657794e-06,0.000127004012623268,4.12092397476221
"Q6PIW4_FIGNL1",-0.276371152236379,17.1843329903557,-3.17309399300472,0.0143904930629898,0.0361416949627323,-4.29192705990319
"Q6PJ69_TRIM65",0.43215601456988,18.2265351440209,6.03472573349044,0.000410236775571947,0.00234399114293538,-0.431810502795234
"Q6PJF5_RHBDF2",-0.623264909638934,16.121334094603,-4.62651085028624,0.00204042364516533,0.00790625381008055,-2.1912848271034
"Q6PJG2_MIDEAS",0.0062513225585441,19.2228290746305,0.105169785836517,0.919014733140833,0.945226373585587,-7.89116638755879
"Q6PJG6_BRAT1",-0.78335520523834,20.6440549023544,-12.8563501742615,2.34499657755941e-06,6.20328679427049e-05,5.26568554390651
"Q6PJI9_WDR59",0.301824413657151,18.1071085219963,2.94512333698051,0.0200706529607907,0.0468949088891334,-4.64152059910254
"Q6PJT7_ZC3H14",-0.454686285521625,20.0994166909395,-8.26202724218453,5.19613599276089e-05,0.000513235912980065,1.85123155905079
"Q6PJW8_CNST",0.756156570924922,16.8212496510141,4.36022140523496,0.00641896097912876,0.0191136908539908,-3.0315469287764
"Q6PK04_CCDC137",-0.310042429576406,19.7645381435502,-3.98696826590959,0.00463987282353367,0.0149229397290344,-3.08258692398537
"Q6PK18_OGFOD3",-0.00527436058527542,16.8712058298822,-0.0407175900917346,0.968590007799754,0.978865664679773,-7.89648651533308
"Q6PKC3_TXNDC11",-0.0511545456561251,15.3617927267733,-0.683738440945092,0.522096406986625,0.626499298605046,-7.54147384099614
"Q6PKG0_LARP1",0.17813672356095,21.284798059251,3.31781249699086,0.0116888731153551,0.0306557238308369,-4.07187525290531
"Q6PL18_ATAD2",-0.125215243006107,19.8373902082637,-1.33984088345513,0.219690010901388,0.316653494219666,-6.98669240900238
"Q6PL24_TMED8",-0.0443570628407137,19.2123985981661,-0.666427302690812,0.525215465141345,0.629451674401251,-7.65313751723722
"Q6PML9_SLC30A9",0.487145186933848,17.6903360376785,6.81178984468419,0.000188321737125343,0.00131361284701026,0.427373791728938
"Q6Q0C0_TRAF7",0.27450902061803,18.5173003592658,2.52899134017269,0.0373291193436717,0.0775070932597421,-5.28350471867199
"Q6QHC5_DEGS2",-0.845435979642282,16.707801290823,-5.18245692609747,0.00107845326761036,0.00484986778287131,-1.48488646872937
"Q6QNY0_BLOC1S3",0.0790749974895171,17.9826087259601,0.921449389902573,0.385658857854744,0.493945307255817,-7.44210212348307
"Q6QNY1_BLOC1S2",-0.442030832150341,19.2665801387645,-4.8757519362454,0.00150579448256008,0.00629748294265417,-1.85962710239042
"Q6R327_RICTOR",0.743416537475522,17.9598806176632,11.044946643453,6.91659989784617e-06,0.000129426914738603,4.07812641429378
"Q6RFH5_WDR74",-0.146206493146067,18.6794103413286,-1.33964038747314,0.219752163032006,0.316683371607857,-6.98693752928298
"Q6RW13_AGTRAP",0.0287601036173015,17.6499039145282,0.173924180985517,0.866720919889362,0.908526429730129,-7.88025636949457
"Q6SJ93_FAM111B",0.138274128691222,18.5442822562536,1.47646135359435,0.1807596207009,0.271405791585664,-6.81469892142765
"Q6SPF0_SAMD1",-0.228776184074889,19.2649670153966,-3.24021940366489,0.0130630897917893,0.0334227983461275,-4.18964681833611
"Q6U841_SLC4A10",0.51788484436268,16.529091237855,3.82477343375414,0.00577021721535271,0.0176329823041104,-3.31748527520666
"Q6UB35_MTHFD1L",0.132876344929628,20.5002692665594,2.53838170889611,0.0368047745224432,0.0766473716219227,-5.26904151263215
"Q6UB99_ANKRD11",0.0609415807611526,17.3257884627153,0.666985946910676,0.52487799941478,0.629197447864173,-7.65273945100547
"Q6ULP2_AFTPH",0.00306718166469011,18.3936736080602,0.0457581250043608,0.9647045911534,0.976843258194403,-7.89623974172716
"Q6UN15_FIP1L1",0.117192840046581,20.7674732080526,1.98769883516687,0.0846777923350487,0.148069927356232,-6.10269003105559
"Q6UUV7_CRTC3",0.184372643616609,15.9991070972003,1.71072031356317,0.12824504076221,0.207104633846028,-6.49974119367645
"Q6UUV9_CRTC1",0.0157071658101415,17.2655902358966,0.206107413352822,0.842222406823191,0.890353437086388,-7.8734375682021
"Q6UVJ0_SASS6",-0.297717446044167,16.7292284216309,-1.95159050562673,0.0954332853369183,0.163401448242047,-6.14750219874771
"Q6UW02_CYP20A1",0.415648842240447,18.1219403051067,6.82134041342881,0.000186606150499689,0.00130521868304678,0.437484469453922
"Q6UW56_ATRAID",-0.520883753496957,17.9550048412577,-3.30526247561084,0.0156258841079746,0.0386726720639254,-4.22794269673986
"Q6UW63_POGLUT2",-0.0567137126389134,16.7418234192086,-0.53463659054955,0.608467983321362,0.702997994936046,-7.7385891296607
"Q6UW68_TMEM205",0.284397336365004,21.0712696450348,2.16702207560829,0.0670275840945286,0.123329345744116,-5.84829455683693
"Q6UW78_UQCC3",0.260129491064465,18.9388748050715,2.82231676062291,0.0240663822313643,0.054241595565678,-4.830839465385
"Q6UWE0_LRSAM1",0.482210311939959,19.5664089681361,6.46259941891539,0.00026495127540562,0.00168892843354784,0.0503731474134259
"Q6UWH6_TEX261",0.146385367437485,16.8728014544371,0.671716423115149,0.523204188555328,0.627581931111886,-7.64802851133571
"Q6UWP2_DHRS11",-0.56249423819229,18.3437852989995,-7.49997499661321,9.97367865171417e-05,0.000822532613725511,1.13000829040287
"Q6UWP7_LCLAT1",-0.208340543008156,19.0922444044066,-2.91376019127635,0.0210201430033354,0.0486087457234289,-4.68982360931609
"Q6UWS5_PET117",-0.0729536684586947,16.3003358161227,-0.563580776699614,0.589580232225541,0.685404169906173,-7.72128952796146
"Q6UWU4_C6orf89",0.879728490749546,18.2132917814099,10.5125285800082,9.80021712841021e-06,0.000163230195962301,3.69418259508604
"Q6UWZ7_ABRAXAS1",0.0829365951129297,16.4844424076515,0.698081121784238,0.506307489804584,0.611778213933309,-7.6301182248073
"Q6UX04_CWC27",-0.298993116882635,19.0216816001493,-3.96315873083659,0.00478960431267153,0.0152696100793886,-3.11685472897801
"Q6UX07_DHRS13",0.280580997147393,19.1924812261525,3.70385643342096,0.006805719207437,0.0200731957333549,-3.49476609220085
"Q6UX53_METTL7B",-1.43319457397091,17.9515900468786,-15.5787398888805,5.86476473935747e-07,2.56206436756502e-05,6.77397734576327
"Q6UX71_PLXDC2",-1.03159561374761,16.5806873232832,-11.0830879556554,6.74998712163745e-06,0.000127731810754748,4.1049709376295
"Q6UXD5_SEZ6L2",0.0849260952987123,18.1562334814955,1.06024979366864,0.322162291969116,0.429306383493793,-7.30455249840842
"Q6UXG2_ELAPOR1",0.206225161163292,19.0745688765781,1.64057815296499,0.143479725417856,0.226679582727735,-6.59721513052945
"Q6UXH1_CRELD2",-1.00796526685899,18.9859077457916,-12.4689965586487,2.91923387319616e-06,7.24595550668333e-05,5.02579964321742
"Q6UXN9_WDR82",-0.0172534611959492,20.5393012907271,-0.30757569380407,0.766819584218293,0.832954777116915,-7.84419029809809
"Q6UXT9_ABHD15",0.387032598064803,16.9170406713777,1.63347380783034,0.153921913848425,0.239465411349453,-6.55281425987417
"Q6UXV4_APOOL",0.556710191711691,19.0939321325522,5.67934444144775,0.000599857484426168,0.00308996687121444,-0.850154286797958
"Q6V1P9_DCHS2",-0.00871614381194163,18.23300710039,-0.0840931554258975,0.935195905268397,0.956592546932954,-7.89342257741057
"Q6V1X1_DPP8",0.196678931266508,19.7022373325529,2.1333606910663,0.0679313191915595,0.124720205384119,-5.88630889158668
"Q6VMQ6_ATF7IP",-0.709396708988855,18.727976869352,-7.30050668789219,0.000119334870649454,0.000933495284955666,0.931625098929047
"Q6VN20_RANBP10",0.0525357514313782,18.4840979193695,0.783829583094567,0.45731281331746,0.563896202872901,-7.56311475074487
"Q6VY07_PACS1",0.425943989668053,19.9321102504313,7.60387264341058,9.09746513725633e-05,0.00078200220116652,1.23170657704191
"Q6W2J9_BCOR",-0.0708303231193028,15.9104810269804,-0.700011780581713,0.505168386472813,0.610981223633074,-7.62868381828075
"Q6WCQ1_MPRIP",-0.347336683337165,18.8578233420873,-5.96364790778969,0.000442071414275007,0.00245791706336904,-0.514156520809985
"Q6WKZ4_RAB11FIP1",-0.194696338708447,19.9948245669532,-1.8834815357759,0.0994397450049951,0.168599878146637,-6.25544730948123
"Q6XUX3_DSTYK",-0.149951834688803,17.55647254713,-1.45854961615295,0.185487306750088,0.27717952699461,-6.83778873684857
"Q6Y1H2_HACD2",0.313812445031353,18.7074835336149,3.30498596885731,0.0119049899814334,0.031073283853895,-4.09130756379831
"Q6Y288_B3GLCT",0.663751012841097,17.472059596553,7.32101968732049,0.000117132756238973,0.000921275639348714,0.952219734191857
"Q6Y2X3_DNAJC14",-0.151181336779697,16.3402308881801,-1.56165557062472,0.159726943881875,0.246689391106451,-6.70282733298644
"Q6Y7W6_GIGYF2",-0.283165626927694,20.6099590856991,-6.47015966878932,0.000262962540613328,0.00168089349748235,0.0586893616970778
"Q6YHU6_THADA",-0.221577350858343,18.021092926212,-2.02368944176925,0.0801968987648184,0.141889676245553,-6.04962403810535
"Q6YN16_HSDL2",0.229888067600903,20.539729126639,2.95157367737922,0.0198810120311059,0.0465514048936615,-4.6315911455395
"Q6YP21_KYAT3",0.200267779360811,19.8270177817789,3.14762427256485,0.0149309270075401,0.0373151150613415,-4.33082431273215
"Q6ZMB5_TMEM184A",-1.06839251103387,17.2478407901378,-7.76548463321143,7.90058199690885e-05,0.000702080721239738,1.38772776257521
"Q6ZMG9_CERS6",0.493082466851703,18.917802866722,2.96334440521262,0.0211874465397131,0.0488668300158921,-4.65716765117262
"Q6ZMI0_PPP1R21",-0.409935747603679,18.1568265629393,-6.93137889098345,0.000168048430034835,0.00120128798161086,0.553224444424609
"Q6ZN04_MEX3B",-0.442974245277068,16.1039039024751,-2.62110481448593,0.0335500341524039,0.0712076654900411,-5.15637726952795
"Q6ZN18_AEBP2",-0.486013543488433,16.7578728107893,-5.09491540573576,0.00116125911095212,0.00513169127354277,-1.57532867386451
"Q6ZN54_DEF8",-0.0646530763204556,15.4194274455572,-0.892585850018845,0.399967159150326,0.508861529656223,-7.46880178571745
"Q6ZN55_ZNF574",0.0345991550976699,17.6841265152745,0.339223353338423,0.74379623824355,0.814659346901424,-7.83275949750607
"Q6ZNB6_NFXL1",-0.228333928726016,18.4922175185954,-1.58833674899321,0.155188196075499,0.241092005486119,-6.66781542964403
"Q6ZNC8_MBOAT1",0.333180819540198,15.3106649507508,2.11871392098444,0.112316203983125,0.186178963454247,-5.37674465233516
"Q6ZNE5_ATG14",0.0914920228732399,16.3514396220786,0.905855976934025,0.393341345587904,0.501684115285206,-7.45661105127754
"Q6ZNJ1_NBEAL2",0.0962321879477628,18.5698406229485,1.51258851277365,0.171552209126045,0.260790741453294,-6.76766358485071
"Q6ZNW5_GDPGP1",0.136699935626581,17.6938166609455,1.48827670565925,0.177700513087249,0.267794287906963,-6.79938356681228
"Q6ZP82_CCDC141",-0.0675351932011505,15.5488115267,-0.711104913356797,0.501891009895889,0.607882885084612,-7.32934943866937
"Q6ZR08_DNAH12",-0.71175286097256,16.7454566912512,-3.45399461858592,0.0327230078767784,0.0697427920875303,-3.92916468985641
"Q6ZRI6_C15orf39",0.288060415442125,17.0873174990222,2.54102773334825,0.0366583922036581,0.0764257999446322,-5.26496536975824
"Q6ZRP7_QSOX2",0.546567674999391,19.4371936607226,9.98924168849508,1.40204427438189e-05,0.000211412790486184,3.29912256310651
"Q6ZRQ5_MMS22L",0.0888703660721895,16.9596533882218,0.29281254378964,0.778663320838988,0.841396620185733,-7.84843972156184
"Q6ZRS2_SRCAP",0.128327451987385,21.3612052713639,2.0025069357354,0.0828052681784165,0.145695345275948,-6.08089076293046
"Q6ZRV2_FAM83H",-0.709992807544491,19.5237366961327,-10.1465282018623,1.25682374938486e-05,0.000194608376869713,3.41979590703269
"Q6ZS17_RIPOR1",0.844760810097185,17.3828427494715,7.45770032363324,0.000103569084273618,0.000843222203697345,1.08831083476618
"Q6ZSJ8_C1orf122",-0.569338748301551,18.9011138741861,-3.43720761007096,0.0110054476481337,0.0292655749386846,-3.95881527534178
"Q6ZSS7_MFSD6",0.211047579626317,17.07564821207,1.88534227321105,0.104897698923124,0.175941840339465,-6.20580290915898
"Q6ZT07_TBC1D9",-0.420316313085646,17.0410189110272,-4.69390029229576,0.0018778299172985,0.00740000500914794,-2.10073398805464
"Q6ZT12_UBR3",0.00807606187511567,17.8461622469892,0.127837438315662,0.901657581438836,0.932793742020441,-7.88818090265444
"Q6ZT21_TMPPE",-0.22934447211925,15.9466884797197,-3.1975333352604,0.0138913654142291,0.035095667082545,-4.25464815969334
"Q6ZTU2_EP400P1",-0.160260194640239,15.6756543925689,-2.5053134511811,0.0386855018441408,0.0795884449942025,-5.31995562309728
"Q6ZU65_UBN2",0.12914078340593,16.3250108333454,1.16156201928905,0.281243038774806,0.384831687043008,-7.19523505087819
"Q6ZUM4_ARHGAP27",0.619076163631988,17.5341243840651,8.72897230703299,3.56941756318978e-05,0.000390173848279291,2.26655528140373
"Q6ZUS6_CCDC149",-0.0251899725766727,15.4408912787744,-0.354214273155578,0.732984949833077,0.805009329331113,-7.82696635159107
"Q6ZUT1_NKAPD1",0.0647797086194988,15.3148346056233,0.937729717175178,0.377756993518949,0.486023597349775,-7.42674432861314
"Q6ZVD8_PHLPP2",-0.00811753911639812,17.462573780374,-0.0706003049658657,0.945572362996149,0.963340836524811,-7.89460360908276
"Q6ZVK8_NUDT18",-0.338434693530996,16.3655391963228,-2.41137079441795,0.0445823917044334,0.0891764480848753,-5.46425677817063
"Q6ZVM7_TOM1L2",0.504405849911418,18.8195784559657,7.28961892341714,0.00012052247118736,0.000939239849365305,0.920675805326688
"Q6ZW49_PAXIP1",-0.0659247701719323,17.5868453722606,-0.7973340869286,0.449898199026796,0.557083379051505,-7.55195940166782
"Q6ZWJ1_STXBP4",-0.266424020135037,17.5866117210875,-3.53054402949732,0.00865394653582863,0.0242965190108005,-3.7518856054047
"Q6ZWT7_MBOAT2",0.710705305447819,15.7800699877636,8.20087190591372,5.46515371094344e-05,0.000535655129745674,1.79539646845156
"Q6ZXV5_TMTC3",0.172845684903905,19.7136859544204,2.6971730195991,0.0289995203576642,0.0631088337985604,-5.02405931327208
"Q6ZYL4_GTF2H5",-0.295834079258121,16.9610992054431,-3.02034553912554,0.0179722118571817,0.0430173950056838,-4.52584335924532
"Q709C8_VPS13C",0.270550520997642,19.000429975752,2.51599990681723,0.0380671902966443,0.0787828017915121,-5.30350772706733
"Q709F0_ACAD11",-0.86592028445663,16.5518053706475,-6.04724854259943,0.00130811190165107,0.00563409323274502,-1.02266480394112
"Q70CQ2_USP34",0.0394266721615573,18.2273230911389,0.535607729991028,0.607828979812127,0.702578250780724,-7.73802235158245
"Q70CQ3_USP30",0.114040988245069,16.4278829319111,1.32499657611083,0.224333041994575,0.321887291674375,-7.00477965983882
"Q70E73_RAPH1",0.267382853653526,18.5156327428376,4.07520051722481,0.0041277175034458,0.0136634762905243,-2.9562567699012
"Q70EK8_USP53",0.0718221557932779,18.1535454170799,0.628573290924012,0.548393132066979,0.649793164081223,-7.67941661264704
"Q70EL2_USP45",-0.0702261588542239,15.1605570868878,-1.20149778331581,0.26632665070853,0.368986452458629,-7.15023461650434
"Q70EL4_USP43",0.38269576813498,17.1993494703771,3.79372135723194,0.0060188274722081,0.0182233410000123,-3.3628397051238
"Q70HW3_SLC25A26",0.00042265775747552,17.420180132241,0.00357675393722845,0.997239995128924,0.997892639104793,-7.89741802752851
"Q70IA6_MOB2",0.0677991186194653,18.9516634775774,0.886859508373591,0.402851325951117,0.511424507953551,-7.47401753918217
"Q70J99_UNC13D",-0.522375159131219,19.1186666629791,-2.72590081630299,0.0400102702035059,0.0817201484653494,-4.68479224466175
"Q70UQ0_IKBIP",-0.399157678180789,17.8464939408597,-2.53140092791903,0.0382414446555991,0.0789531952946994,-5.29217387364848
"Q70Z53_FRA10AC1",-0.865661377557576,17.4519294767993,-7.06700379473844,0.000147950609048799,0.00109115752070488,0.693997868249095
"Q712K3_UBE2R2",-0.487961643714677,19.9577837005246,-9.74302599500229,1.66889659351865e-05,0.000238317209104277,3.10676032802431
"Q71DI3_H3C13",0.0877458296660443,18.3612499353202,0.413659528089267,0.692163208477436,0.772494558950365,-7.80035629168515
"Q71F23_CENPU",0.00314692177517273,17.1686020474232,0.0335574938448949,0.974110782482264,0.982593604971224,-7.89678762045479
"Q71F56_MED13L",-0.146628207144644,15.4230624917571,-1.76132678379146,0.133569017293948,0.213939898850247,-6.23893461100397
"Q71RC2_LARP4",-0.0322141420762101,20.288415127956,-0.517064609605814,0.620092448185002,0.71244465980979,-7.74867957575271
"Q71SY5_MED25",-0.281494096386123,18.2730776368883,-3.50028882109202,0.00902855322957505,0.025035650866921,-3.79711466354905
"Q71UM5_RPS27L",0.173924667879039,19.4646240163803,1.19185782190254,0.271969474443878,0.374969636090793,-7.15961341590962
"Q75N03_CBLL1",-0.106682396305505,18.0625746881551,-1.40639698370908,0.199886927742842,0.294211698612634,-6.90411259204442
"Q75QN2_INTS8",-0.207559567691497,18.6763957607799,-3.09352141149161,0.0161514170649094,0.0396269523303057,-4.41359857909608
"Q765P7_MTSS2",0.156238387714769,17.1514166216792,1.56499249806463,0.158950372869991,0.245738240766649,-6.69837949829322
"Q76FK4_NOL8",0.251532154235409,18.1737066649055,3.35512122966893,0.0110836625824346,0.029391120514295,-4.01543674506812
"Q76L83_ASXL2",0.0178809418142976,17.2214912464894,0.174837541890975,0.865860696449607,0.908331126759093,-7.88015032206357
"Q7KYR7_BTN2A1",-0.0301113704688767,17.4573091655502,-0.312032603388863,0.763561445550249,0.830477628571867,-7.84264637377518
"Q7KZ85_SUPT6H",-0.210988674935944,20.6640937508817,-4.64673972420153,0.00199005186746472,0.00776221761569785,-2.16403508965648
"Q7KZF4_SND1",-0.35537373265332,23.2127266089162,-6.98511161618765,0.000159742339953336,0.00115537387790279,0.609242948599162
"Q7KZI7_MARK2",-0.159112359307052,18.8382986678688,-2.21637031522984,0.0599009144608479,0.112849307800193,-5.76131762350265
"Q7KZN9_COX15",-0.0493582640569876,19.2508468776329,-0.48395874389614,0.642306753884807,0.73159045492392,-7.76683476864909
"Q7L014_DDX46",0.238931023705248,22.0977896079946,4.33203383250315,0.00295610344083331,0.0105113538628701,-2.59457405263619
"Q7L0Y3_TRMT10C",-0.0488939239652026,21.6356792224868,-0.922588462753909,0.385102039210583,0.493442852150348,-7.44103453916226
"Q7L1Q6_BZW1",0.0703373595716599,22.4434439664008,1.12575197583363,0.295195780169182,0.400562964038586,-7.2346864262406
"Q7L1T6_CYB5R4",0.0678915180107218,18.8949053712785,0.717853238300912,0.494719461433172,0.600486312335755,-7.61526449258435
"Q7L1V2_MON1B",-0.24305372013702,17.6784736702819,-2.02662728289527,0.0798415537601465,0.141490189730255,-6.04528001765726
"Q7L1W4_LRRC8D",0.2516667150026,16.0828488157733,2.54722101642749,0.0409641582666789,0.083157458828667,-5.28498215976595
"Q7L273_KCTD9",-0.087678562220912,17.8325286958601,-1.29072562968795,0.235377015014784,0.334907366422487,-7.04605752138176
"Q7L2E3_DHX30",0.00306213441862013,20.0177410159938,0.0470569742151393,0.963703553919664,0.976088191536279,-7.89617149386311
"Q7L2H7_EIF3M",-0.220610810838998,21.3376036169562,-4.29883336766714,0.00308476273421015,0.0108627411805788,-2.64081266228154
"Q7L2J0_MEPCE",0.0430320663467896,20.0199328319526,0.827267510696871,0.433759402563609,0.542199253204511,-7.52666333946564
"Q7L2K0_TEDC2",-0.399014700241631,15.6730242003892,-3.0500147767925,0.0330112019276711,0.0702590865080862,-4.60382770894859
"Q7L2Z9_CENPQ",0.250473223845393,16.7822931535565,2.53761547121847,0.0368472758305827,0.0767149846745111,-5.27022182927845
"Q7L311_ARMCX2",0.0825263123470563,16.8548150715842,0.978235314915585,0.358623441489365,0.467061981111875,-7.38762068124336
"Q7L3B6_CDC37L1",0.155406954506947,17.949768335074,1.85244861882707,0.103796410454025,0.174285868201411,-6.29932375842649
"Q7L3S4_ZNF771",0.154314480492054,15.5616264327642,1.66278278927458,0.137677792728437,0.219177821062834,-6.56599076002067
"Q7L3T8_PARS2",0.0424727428251082,17.7125577300348,0.544561642902152,0.601954511414849,0.696947181548769,-7.73275184220852
"Q7L4I2_RSRC2",-0.145277757313995,19.497013178472,-1.92788196149523,0.0926706661602364,0.159636602702796,-6.19022834860437
"Q7L523_RRAGA",-0.191307967379661,16.8804208008637,-2.18729014241354,0.0626003732826396,0.116926424076663,-5.80522433609393
"Q7L576_CYFIP1",0.348078811047376,20.8162012500972,8.14359355362833,5.73134877906526e-05,0.000552536713946455,1.74278883539852
"Q7L590_MCM10",-0.39867500902745,16.8882760442241,-4.75154118321937,0.00174999684233026,0.00701558776067897,-2.02379841559972
"Q7L592_NDUFAF7",-0.0934657633064653,18.0820306138243,-1.5366686301652,0.165652867352287,0.253739966120665,-6.73597855962353
"Q7L5A8_FA2H",-0.336760494369738,16.3516792292396,-2.13007428179787,0.0689407988384042,0.126288187247149,-5.89437798939056
"Q7L5D6_GET4",-0.134480220251252,19.5340660619684,-1.88074466889157,0.0994799236058717,0.168630602209953,-6.25858061976759
"Q7L5N1_COPS6",0.0483042296373561,21.2310888789517,0.892855503944094,0.399831714908404,0.508773878241469,-7.46855550741304
"Q7L5N7_LPCAT2",-0.0105814313334349,15.1543258618962,-0.149544555376937,0.886496262526578,0.922449556590126,-7.79321736474729
"Q7L5Y1_ENOSF1",0.365500870746541,18.3670992269601,4.21350125688408,0.0034443211830896,0.0118611871372612,-2.76036249384676
"Q7L5Y9_MAEA",-0.154452459271301,19.0953433118595,-3.08498571817566,0.0163534009151396,0.0400069599987975,-4.42667512963184
"Q7L775_EPM2AIP1",0.479011820492651,19.108921485258,4.93790975234624,0.00139785887587904,0.00594031745752931,-1.7783006937868
"Q7L7V1_DHX32",-0.3706574925449,17.4891647444891,-4.18164172904399,0.00359006065569652,0.0122199526771148,-2.80525677699497
"Q7L7X3_TAOK1",-0.168055792903118,18.7348557643443,-2.54456530439722,0.0364636202708268,0.0761651303198009,-5.25951535875117
"Q7L8J4_SH3BP5L",0.0500718226375803,16.6454221038613,0.402684813153869,0.698476574807386,0.777610807398059,-7.80658437672612
"Q7L8L6_FASTKD5",0.303525238465511,17.951991989991,3.26527131440657,0.0126015325097785,0.0324919784274052,-4.15156679165152
"Q7L8W6_DPH6",-0.166774663952932,17.3199130898324,-2.02456637442599,0.0800906678466552,0.141767343294207,-6.0483275577292
"Q7L9B9_EEPD1",-0.123992686048048,15.9889018577457,-1.16897304158592,0.278424031554728,0.381734526763969,-7.18696309784688
"Q7L9L4_MOB1B",-0.0826968982412559,16.7714136808333,-1.09882126858263,0.306054630175153,0.412660960791719,-7.2637773808001
"Q7LBC6_KDM3B",0.226471910753808,20.8718884292053,3.19415448499704,0.0139592653014493,0.0352322823471706,-4.25979945851146
"Q7LBR1_CHMP1B",0.124270017313574,19.7401652362476,1.32143224430049,0.225460459468233,0.322961441378048,-7.00910415489838
"Q7LG56_RRM2B",0.20876292622637,19.2315006039968,1.91374810714495,0.0948952838886881,0.162698911264638,-6.21135767692098
"Q7LGA3_HS2ST1",0.0788064896799305,18.995897354064,1.40203509929944,0.201135001167611,0.295650275702055,-6.90959687750053
"Q7RTN6_STRADA",0.0580607111326437,17.9941115678136,0.603537442050291,0.5667387465561,0.666322579483712,-7.66874488028764
"Q7RTP6_MICAL3",0.200586863908867,18.0243305887834,2.80108181833894,0.0248375936783692,0.055553950752233,-4.8636146736416
"Q7RTS9_DYM",0.131881224505921,18.7025105203812,1.86088879497201,0.102490398960798,0.172547698756949,-6.28719431151004
"Q7RTV0_PHF5A",-0.107824301214539,20.7672524095704,-1.152934556975,0.284756581385918,0.38861126634013,-7.20465341921457
"Q7RTV3_ZNF367",0.0498380409463657,15.5454528243972,0.719925696748692,0.493514836015571,0.599352012921214,-7.6136866227756
"Q7Z2E3_APTX",0.208244351841188,18.3178481698676,2.39993719691832,0.0453600248293544,0.0904243519740325,-5.48177753218901
"Q7Z2H8_SLC36A1",0.0517084416317619,15.2474415205061,0.748817394705298,0.484979155155259,0.590345372552064,-7.48949073046256
"Q7Z2K6_ERMP1",0.698427871089436,20.7559548187679,15.3833875187018,6.42704512026237e-07,2.63543848400264e-05,6.67493613352849
"Q7Z2K8_GPRIN1",-0.632711936997289,16.7150696755384,-6.89147792694448,0.000174528480764498,0.00123543540318943,0.511415309342656
"Q7Z2T5_TRMT1L",-0.345600771138699,18.6180130571153,-5.42444811764349,0.000795655298663431,0.00382565079137228,-1.16062674933809
"Q7Z2W4_ZC3HAV1",-0.0579840646561323,20.6774602365455,-1.04968559019843,0.326689137779019,0.433977143061789,-7.31553334537301
"Q7Z2W9_MRPL21",-0.153320285212068,20.4120894804083,-2.74153145023199,0.0271406140036465,0.059751836033155,-4.95555957379433
"Q7Z2Z1_TICRR",0.00736850308889636,15.4377093862837,0.091848102452151,0.929237986148854,0.95221516007514,-7.89265072929786
"Q7Z2Z2_EFL1",-0.176712792332616,19.4022715285747,-3.25676401933514,0.0127562981017999,0.0327804702481547,-4.16449242903758
"Q7Z309_PABIR2",1.14128055569715,17.2069708253446,8.53216527338672,4.1727672270164e-05,0.000434024563952931,2.09383476950903
"Q7Z333_SETX",0.144333127808334,17.5872471698871,2.05286398587427,0.0767358582704451,0.137323416778453,-6.00640599989963
"Q7Z388_DPY19L4",0.119354563559778,17.3382345472639,0.75423412448593,0.474261049302845,0.580116115507239,-7.58652731801659
"Q7Z392_TRAPPC11",-0.0545603829608226,18.1603163709746,-0.848486236816574,0.422567300450976,0.530912639210291,-7.50826287754416
"Q7Z3B3_KANSL1",0.0656920535742831,16.0091838650288,0.474047217914442,0.653834289156273,0.740857142522559,-7.42557615637081
"Q7Z3B4_NUP54",-0.267582816517304,20.1669621996944,-4.73976459546098,0.00177531728262444,0.00709106615760911,-2.03947839791208
"Q7Z3C6_ATG9A",0.676057799575975,18.6914637679996,10.660196437116,8.8835667875137e-06,0.000153290176187493,3.8024307875317
"Q7Z3E2_CCDC186",0.259148030920208,16.9096107863985,3.30049299379169,0.0119816953162497,0.0312201979184488,-4.09811791018498
"Q7Z3E5_ARMC9",-1.54848542838266,17.8797892696674,-9.19384367512534,3.29244160367135e-05,0.000378085175015867,2.4237107134362
"Q7Z3J2_VPS35L",-0.110516651330649,16.612004115278,-1.23296382547631,0.255042742095822,0.356910445418737,-7.1140567242332
"Q7Z3K3_POGZ",-0.111671729940102,19.4888180045855,-1.74379785873991,0.122093608435852,0.198935557649635,-6.4535506490824
"Q7Z3T8_ZFYVE16",0.0533695481649907,18.3594148560041,0.82398012801813,0.43551181745114,0.543767408854151,-7.52947948352355
"Q7Z3U7_MON2",0.201242349057196,19.8272474051131,1.49435437775874,0.178443687326599,0.268780371506606,-6.79160315850702
"Q7Z3V4_UBE3B",-0.158516824146243,20.8386786573308,-0.403992329525247,0.704054546165981,0.781885096664574,-7.51261698874357
"Q7Z401_DENND4A",0.690292431570043,16.2526404777932,8.66648589412511,3.74966293254033e-05,0.000403304324899977,2.21207613330226
"Q7Z406_MYH14",-1.15833941436943,21.6313329724048,-23.5966233332812,2.80724976902257e-08,3.83239722931742e-06,9.98845865236178
"Q7Z410_TMPRSS9",-0.046241432357828,15.3956945582381,-0.71285823775369,0.500875531800023,0.607133889426221,-7.55586479708404
"Q7Z417_NUFIP2",-0.360109907003707,19.8466507475105,-4.5919075283201,0.00212985883864065,0.00818641066938549,-2.2380337352816
"Q7Z422_SZRD1",-0.770290507866257,17.174525279017,-3.73353629131908,0.00723488995805611,0.0210547140195428,-3.51733986548342
"Q7Z434_MAVS",0.033340358562306,21.289624208131,0.274848418459114,0.791315481850984,0.851218074961415,-7.85458311618767
"Q7Z460_CLASP1",0.108950435835627,18.7852479416913,1.44873360318525,0.188124828405414,0.280189813590374,-6.85037609266095
"Q7Z478_DHX29",-0.240583360044351,19.472821542894,-4.6497281819024,0.00198272656784478,0.00774154474523664,-2.1600143904472
"Q7Z4F1_LRP10",-0.119225981389825,17.6377214213018,-1.04670031260371,0.327977383650233,0.4350836540007,-7.3186215834965
"Q7Z4G1_COMMD6",-0.354136603422827,18.9836346824175,-3.51294764277095,0.00886974575874272,0.0246948188228099,-3.77817884106392
"Q7Z4G4_TRMT11",-0.058510395693677,17.4422387189076,-0.57246862006422,0.583846608341438,0.680931704160227,-7.7158091926051
"Q7Z4H3_HDDC2",-0.449133765465984,20.5190476324362,-5.99474514293771,0.000427817767612174,0.00240546975735158,-0.478048926343599
"Q7Z4H7_HAUS6",-0.0620949706493548,17.4474794543861,-0.630924438231522,0.546935848780918,0.648669650004673,-7.67782448485452
"Q7Z4H8_POGLUT3",0.431953702096976,18.3538580918861,5.57954241584153,0.000669330799481457,0.00335763383335678,-0.970662345271249
"Q7Z4L5_TTC21B",0.0567433131615047,17.824483304638,0.261311170771082,0.801591098626117,0.858712407532124,-7.85851007568957
"Q7Z4Q2_HEATR3",0.647794364000614,18.4060396846641,9.3851450685486,2.16488117375328e-05,0.000283885361463874,2.81932427521856
"Q7Z4R8_C6orf120",0.462927791208983,16.8732337405057,3.04268743607596,0.0173943926405785,0.0418439684509825,-4.49154043280546
"Q7Z4S6_KIF21A",0.364885604981424,18.013293754539,5.65957296222665,0.000612959911178203,0.00313869961216166,-0.873920901718055
"Q7Z4V5_HDGFL2",-0.380344347740909,21.0426381640738,-2.99338183866808,0.0200135504559228,0.0467900896744739,-4.60442172523789
"Q7Z4W1_DCXR",0.350119602961392,23.3056960398937,6.55311312164647,0.000242200035199448,0.00159210599234719,0.149484470989114
"Q7Z569_BRAP",0.0728814873304628,17.971222777304,0.759623642512198,0.470809765726707,0.577177348000469,-7.58270439103599
"Q7Z589_EMSY",0.0866971796922442,18.4140268111692,1.04157631514122,0.330197853571438,0.437497849316057,-7.32390704755217
"Q7Z5G4_GOLGA7",0.261477691604462,18.1242192153929,3.90041971116415,0.00520980084062368,0.0162832900353917,-3.20750754349266
"Q7Z5J4_RAI1",0.0311343657498604,18.9180954361634,0.377441213006394,0.716360815320004,0.791963949688059,-7.81751286130307
"Q7Z5K2_WAPL",-0.0609197085622988,19.0301688340226,-0.853540180199659,0.419931959684423,0.527936167042824,-7.50382352375481
"Q7Z5L2_R3HCC1L",-0.267544057648404,15.6225309148811,-3.21855420108599,0.0134767281906607,0.0342290986769439,-4.22262011723169
"Q7Z5L9_IRF2BP2",0.261094924089932,19.0624217897807,3.80606010149869,0.00591868294850083,0.0179770882563722,-3.34480338633805
"Q7Z628_NET1",-0.292476363767447,15.9874196944391,-1.80698105607298,0.118808187119846,0.194536001398848,-6.31715587642779
"Q7Z6B7_SRGAP1",-1.17728060905517,16.9361401366553,-6.90679324241125,0.000330470174924307,0.00198619849630215,0.253959005395973
"Q7Z6E9_RBBP6",-0.129964865059041,18.5335871473997,-1.7004928082134,0.130205260208562,0.209430382772048,-6.51394570462197
"Q7Z6I8_C5orf24",0.127751480034139,18.2914741334556,1.81241461702671,0.110211361469958,0.183047112413171,-6.35657512639855
"Q7Z6J0_SH3RF1",-0.396473122769532,16.2025721579113,-3.23952298417282,0.0159611255575586,0.0392608767334413,-4.28301648678673
"Q7Z6J8_UBE3D",-0.0113105474105772,15.8586597354933,-0.115492404197228,0.911563916731888,0.939665202376286,-7.83019598379849
"Q7Z6J9_TSEN54",-0.0438575767023437,21.9146185987197,-0.861089789787435,0.41601710221269,0.524287142797692,-7.4971516835404
"Q7Z6K3_PTAR1",-0.173999852199511,17.7103497249099,-2.41420458080232,0.0443917604776758,0.0888648884136767,-5.45991272703409
"Q7Z6K5_ARPIN",0.301764749962878,17.4130456763111,2.21904311605448,0.0651509713647055,0.12051378512505,-5.76383097560412
"Q7Z6M1_RABEPK",0.442385521617361,18.3446590341512,6.04988679417554,0.000403780975836729,0.00231560731413277,-0.414330276169508
"Q7Z6M2_FBXO33",0.00389040067798874,15.3467306515458,0.0631272172362262,0.951324379136928,0.966987792532234,-7.89516919254962
"Q7Z6M4_MTERF4",-0.052055559398255,18.2747330980939,-0.734250435079957,0.485240684918608,0.590522928399039,-7.60267254213062
"Q7Z6V5_ADAT2",0.0760659346624522,16.4707845611805,0.813958593560419,0.440884506635541,0.548148000199822,-7.53800672342938
"Q7Z6Z7_HUWE1",-0.0663326713182322,23.2293326794313,-1.28711499611039,0.236567279130324,0.335913233460499,-7.05036665187125
"Q7Z736_PLEKHH3",0.179442188342449,16.9375857845071,1.50314074534472,0.173918301846257,0.263663195394961,-6.78002288292745
"Q7Z739_YTHDF3",-0.178763378370611,19.4921798343672,-3.45827508653472,0.00957781222087632,0.0261882598099426,-3.8600820863084
"Q7Z7A3_CTU1",-0.19526914296576,19.7203680565171,-3.34286810601333,0.0112786622016615,0.0297636770906808,-4.03395849235057
"Q7Z7A4_PXK",0.0711811345371771,17.0628158965679,0.644389132213756,0.538635105935239,0.640659965518307,-7.66860392713076
"Q7Z7C8_TAF8",0.28418228797716,17.8433816643833,4.270944587409,0.00319756163925134,0.0111766557109327,-2.67977299973532
"Q7Z7E8_UBE2Q1",-0.281831945268284,19.3447956592054,-4.62596559964993,0.00204180056655748,0.00790758122154607,-2.19202012933722
"Q7Z7F0_KHDC4",0.0369573786700137,17.2556285597866,0.358318955333373,0.730035736362692,0.802577394951508,-7.82533787592372
"Q7Z7F7_MRPL55",-0.238494850189479,19.3750645721503,-3.59361142153451,0.00792556805356088,0.0226423646373217,-3.65792589176931
"Q7Z7G8_VPS13B",0.163711267322846,16.4907865636839,1.93278761981242,0.0919884844634071,0.158711795017546,-6.18308187927854
"Q7Z7H5_TMED4",-0.240926347572991,21.0503790809882,-4.46625565438427,0.00249255951073283,0.00922338787147216,-2.40922678876971
"Q7Z7H8_MRPL10",0.104726035717114,20.2343032752029,2.24765024518254,0.0571270269941601,0.108640826211531,-5.71395850923926
"Q7Z7K0_CMC1",0.640742949469001,20.596385895419,8.01113212207722,6.40445417792324e-05,0.00060002514938999,1.61995618685951
"Q7Z7K2_ZNF467",0.663481669323538,15.7249215359507,3.85059566668395,0.0239616854041897,0.054021552614282,-3.55445478390328
"Q7Z7K6_CENPV",1.4852845923565,16.8077840054889,14.5833915056036,3.49655773091781e-06,8.1746739611213e-05,5.11985934468276
"Q7Z7L7_ZER1",0.479111629649346,17.6215736040506,6.8873763386722,0.000175210248183706,0.00123682580550733,0.507107337464168
"Q7Z7N9_TMEM179B",-0.256773120360574,17.5450410722346,-2.2635690881175,0.0611512816918873,0.114696160091874,-5.66429658145418
"Q86SE9_PCGF5",0.0869260292469942,15.599389632937,1.08526107646124,0.311642519298544,0.418508595599669,-7.27823319191996
"Q86SF2_GALNT7",0.54646343538327,20.3026493383051,7.90358598975235,7.01644603084561e-05,0.000643946337404738,1.51900381330315
"Q86SK9_SCD5",-0.871530037887545,16.3028861077961,-4.38613973894474,0.00315846917417681,0.0110814579332637,-2.61552440785101
"Q86SQ4_ADGRG6",0.211222634653261,17.2121988784755,2.22272611586159,0.0593265800460161,0.112015733379055,-5.75170535357647
"Q86SR1_GALNT10",1.25432716137789,17.6873181709872,9.90491302857697,1.48762180395685e-05,0.000219812877415713,3.23372009183753
"Q86SX3_TEDC1",-0.451164236750216,17.3437785603695,-4.91772409420236,0.00143194793760151,0.00605489047730284,-1.80465081188624
"Q86SX6_GLRX5",0.0939012010142548,19.3541503380677,1.37263607606294,0.209727421426131,0.305228657301117,-6.94629966411971
"Q86SZ2_TRAPPC6B",0.202187919384031,19.0118415630994,3.33924498157901,0.0113370193959477,0.0298661313859476,-4.03943784244845
"Q86T03_PIP4P1",-0.204236720141385,18.5992437113024,-1.64861841284413,0.141324915699788,0.224015961128941,-6.58593685846989
"Q86T24_ZBTB33",1.53050700042403,17.2390540321242,3.55187813086205,0.0123030829020108,0.0318513609163132,-3.9574996437173
"Q86T82_USP37",0.291616705002671,15.8176920312303,3.06455073530104,0.024958604751292,0.0557756601355239,-4.58375833839482
"Q86TB9_PATL1",-0.20671277670656,18.4289757886841,-2.1800333729863,0.0632927171510791,0.117988983813704,-5.81616162822401
"Q86TE4_LUZP2",0.151241300793266,17.8187596393291,1.38932720698983,0.20481038221225,0.299727291732896,-6.9255180318306
"Q86TI0_TBC1D1",0.797973149311247,17.7423041324055,9.92889606577953,1.46269998004911e-05,0.000217555279133764,3.25237108083057
"Q86TI2_DPP9",-0.519299645929092,19.4632826844428,-8.29728330332659,5.04781345276051e-05,0.000502480909457735,1.88326533679006
"Q86TJ2_TADA2B",0.143150047488657,17.3938067647195,1.85321104511441,0.103677781458705,0.17420145917622,-6.2982289010245
"Q86TM6_SYVN1",-0.146628865765514,18.2214992408686,-1.32958504611391,0.222888862738348,0.320297999179449,-6.99920201590297
"Q86TN4_TRPT1",0.179131902270324,17.2106213246202,2.34210716386108,0.0495091651977048,0.097125370268528,-5.57022517813596
"Q86TP1_PRUNE1",0.827028814528301,19.3318697308977,13.701284060112,1.48427551819261e-06,4.65052718712399e-05,5.76538653720859
"Q86TS9_MRPL52",-0.399149845651625,17.8021251376867,-2.43162854442241,0.0444811731580791,0.0890205677469933,-5.44505279342746
"Q86TU7_SETD3",-0.11638396463335,20.8747642767992,-1.53941910508232,0.164990892013447,0.252776627142847,-6.7323428564841
"Q86TW2_ADCK1",0.0714739140458995,16.6311865145819,0.509770194946034,0.624952229956191,0.716520665569149,-7.75277613301431
"Q86U06_RBM23",0.133026018488952,17.9956107823044,1.89137595497005,0.097903221871347,0.166400651668841,-6.2432157806792
"Q86U28_ISCA2",0.0260226564013522,19.8384902999125,0.374343742159406,0.718568605724903,0.793164451453492,-7.81880698058326
"Q86U38_NOP9",-0.132302547364763,20.5782524370728,-1.32216598525571,0.225916204762196,0.323493048399886,-7.00789188998572
"Q86U42_PABPN1",-0.0807130966294665,23.0366100601693,-1.82709317192363,0.107816488482953,0.179694147471588,-6.33563880942138
"Q86U44_METTL3",-0.743530191309954,18.7665756852427,-13.3644763333083,1.7753805805167e-06,5.16075457720539e-05,5.56992063745425
"Q86U70_LDB1",-0.144850314781412,17.7132499621082,-1.68779619544085,0.13267778573702,0.212690642054837,-6.53152714625677
"Q86U86_PBRM1",0.111427908595317,19.5389768654716,1.33214022661111,0.22208813626723,0.319507678163902,-6.99609084465282
"Q86U90_YRDC",-0.564333951130372,20.1660690132298,-8.52566426211477,4.19456471532375e-05,0.000435183872175275,2.08807230893628
"Q86UA1_PRPF39",-0.152569171287467,18.4426883005882,-2.26520170395575,0.0556273346070923,0.106238064719266,-5.68732916675785
"Q86UA6_RPAIN",-0.286822753002145,16.5331847490662,-3.76475285205849,0.00626120143904739,0.0187492694874725,-3.40525904953486
"Q86UD0_SAPCD2",0.331613882864652,18.5438411854285,2.62348846165295,0.0329689598800333,0.0701887213263311,-5.14621420761817
"Q86UE4_MTDH",0.201641273279218,20.862212552946,4.04717744487063,0.00428339898361056,0.0140603629152867,-2.99626691517376
"Q86UE8_TLK2",0.058139735964815,18.706589087937,0.843884265492284,0.424977153310939,0.53331423786312,-7.51228632522857
"Q86UK7_ZNF598",-0.08827302340584,19.2655396272321,-1.4509073264527,0.187537888802633,0.279543703064925,-6.84759275482054
"Q86UL3_GPAT4",-0.0429695576313911,17.4826437336755,-0.574739294885888,0.58238683424104,0.679332826941219,-7.71439647411189
"Q86UP2_KTN1",0.0401580171935514,20.961280177047,0.873573733037487,0.409600950836748,0.517520930525527,-7.4860138604662
"Q86US8_SMG6",-0.310366745472368,17.5957713747155,-3.82754396741025,0.00574858056691971,0.0175952313572344,-3.31344453131985
"Q86UT6_NLRX1",0.250984522076994,17.5189796676328,3.20701449139224,0.0137026990692571,0.0346992826712389,-4.24019813149521
"Q86UU0_BCL9L",0.542787788640556,18.8804041147777,6.28424564746286,0.000317088235062407,0.00191783192804755,-0.14784160704167
"Q86UV5_USP48",-0.0471068174807883,18.9221075207254,-0.649290669983639,0.535632477416674,0.638134687525397,-7.66520413035614
"Q86UW6_N4BP2",-0.22223008415531,16.6084389138477,-2.45068468799062,0.0420104651334476,0.0849431383087031,-5.40393802196717
"Q86UW7_CADPS2",0.372457184204597,15.672156185085,4.50278080955615,0.00238061373166256,0.008921466656157,-2.35923139537411
"Q86UX6_STK32C",-0.313864188615046,17.0445141817336,-3.07758557237532,0.0165306711702441,0.0403502493922465,-4.43801569839214
"Q86UY6_NAA40",-0.0338374076786963,18.162102528132,-0.375071748016696,0.718049446504087,0.79293079653965,-7.81850374370352
"Q86UY8_NT5DC3",-0.954549706601934,17.9991811319793,-7.44562805588819,0.000104693497554069,0.000848761175822755,1.07636938483116
"Q86V15_CASZ1",-0.408926865535818,18.3313668877375,-5.019388444534,0.00126905790721061,0.0055062132239643,-1.6725299744269
"Q86V21_AACS",0.446715100905294,21.1100462967963,7.19144809578514,0.000131848011831493,0.00100170632568291,0.821376327366783
"Q86V48_LUZP1",0.600849738934585,17.3799350837845,6.14667268777362,0.000365134614083137,0.0021555630306298,-0.303432675898982
"Q86V81_ALYREF",0.0278612713726147,23.3484209987957,0.663345545358294,0.527079509020342,0.630743917198884,-7.65532812429774
"Q86V85_GPR180",0.270852909266576,16.8239116476764,2.90192328930383,0.0213906233760589,0.0492564203945693,-4.70806331562834
"Q86V87_FHIP2B",0.138227266373583,16.9018200111392,1.76484077714235,0.118326281015244,0.193996229543542,-6.42397241949191
"Q86V88_MDP1",0.146740278845073,17.1956058110435,0.935637345109814,0.378973174229217,0.487424279438487,-7.42850779136397
"Q86V97_KBTBD6",-0.422115288089852,17.92347818283,-4.58624546504814,0.00214489753049649,0.00822766764708763,-2.24569945812434
"Q86VE9_SERINC5",-0.286463224247168,16.5971297407518,-1.9029254427865,0.0962176589162468,0.164449810510777,-6.22648961278091
"Q86VI3_IQGAP3",-0.715783279969155,19.5884877275112,-9.48814431923399,2.0069387841094e-05,0.000268235087491545,2.90302529372039
"Q86VM9_ZC3H18",0.00326476093171735,19.7214122315621,0.054822707745399,0.957719931762777,0.97144339635484,-7.89572362055318
"Q86VN1_VPS36",-0.967021232404328,19.3789341914287,-14.0963645072058,1.20926237229267e-06,4.09062426379535e-05,5.98869798753581
"Q86VP1_TAX1BP1",-0.050386062103204,16.5237494920752,-0.213068126477316,0.837440005212726,0.886858129914295,-7.87155259884282
"Q86VP3_PACS2",0.22565579048614,17.830979674161,3.29236363830071,0.0121218213698287,0.0314887272756849,-4.11044469711187
"Q86VP6_CAND1",0.0815104247837226,23.1429902293989,1.54748752306138,0.16306287836596,0.250654660279478,-6.72165831914862
"Q86VQ1_GLCCI1",-0.0964589348467015,17.0564507552158,-0.50530498793163,0.628493182481678,0.719178323615092,-7.75469180495001
"Q86VR2_RETREG3",0.456423780404279,19.567234652404,5.23374305726797,0.0009884742489229,0.00455234074278046,-1.39876559381753
"Q86VS8_HOOK3",0.779472448883176,18.3981670068036,13.1561737388323,1.98751271201006e-06,5.58622598651358e-05,5.44659283810897
"Q86VU5_COMTD1",-0.106799304493634,19.2139045210338,-1.45434103242218,0.186614063750512,0.278536610185994,-6.8431913274728
"Q86VW0_SESTD1",-0.174103686987918,15.8455997007353,-2.56094913449103,0.0355753088712045,0.0746957275913532,-5.23426774099668
"Q86VX2_COMMD7",0.168449738814534,18.9513586535759,3.20068649672245,0.0138283165870786,0.0349942006978537,-4.24984172626825
"Q86VX9_MON1A",0.105502152688308,15.6609215197274,1.39116743640638,0.210225084587787,0.305661995373456,-6.8972050996462
"Q86VY4_TSPYL5",0.23109460762311,20.1429408608796,5.13988979289074,0.00110188624900711,0.00493492699101309,-1.51783179464922
"Q86VZ4_LRP11",0.224926936172235,15.7738923165672,2.71155089562553,0.0283829536189867,0.0619964801191867,-5.0018568263355
"Q86VZ5_SGMS1",-0.129772279429659,15.8899676940115,-1.36434041562089,0.2122094901807,0.307844696856063,-6.95657269604016
"Q86W34_AMZ2",0.552744381327443,18.6571964546242,7.49678742322396,0.000100020150132457,0.000823959014534791,1.12687068216332
"Q86W42_THOC6",0.0774293158281267,19.5242507168516,1.33333037692781,0.221716025713773,0.319092435350489,-6.99464047142314
"Q86W50_METTL16",-0.47614973892783,18.3852566569256,-5.53388733979571,0.000704044658359078,0.00348379557501247,-1.02624011019445
"Q86W56_PARG",-0.207823789544069,18.7891366454689,-3.44897423710846,0.00970417258253874,0.0264486272347624,-3.87404627048188
"Q86W92_PPFIBP1",-0.673471896196961,17.5215031988113,-9.34296535211087,2.23355648098259e-05,0.000290297521018857,2.78481501574834
"Q86WA6_BPHL",-0.40079211884574,19.258311787282,-6.0392579449717,0.000408294959152323,0.00233574907389976,-0.426581907320296
"Q86WA8_LONP2",0.173645781482286,18.2044383518208,2.06640864417615,0.0751793351206609,0.135043707001281,-5.98628307220305
"Q86WB0_ZC3HC1",-0.71504910073428,19.1711552824757,-9.32639342886884,2.26120560436945e-05,0.000291516304306989,2.77121945282168
"Q86WC4_OSTM1",0.0908057828905982,18.2336557441948,1.06820115280225,0.323732618695473,0.430798236714863,-7.2672691132495
"Q86WJ1_CHD1L",-0.548903042281061,20.2593962951355,-8.48253687983193,4.34244537662575e-05,0.000447333554520681,2.04975076150672
"Q86WK6_AMIGO1",0.12913052818223,15.4291647821767,1.62571049240577,0.145411676635605,0.229326537422382,-6.61663150095947
"Q86WN1_FCHSD1",-0.312657096019652,16.5700385085962,-3.71115308221628,0.00673786379969026,0.0199500266261162,-3.48401765934592
"Q86WP2_GPBP1",-0.276235074977315,16.3475250416174,-2.98575182547005,0.0223902021731533,0.0510964464518677,-4.64645951237283
"Q86WQ0_NR2C2AP",-0.193544502678392,20.7790190830691,-3.24451551211804,0.012982680030522,0.0332281850797926,-4.18311286625645
"Q86WR0_CCDC25",0.0206988027515109,20.1788816931791,0.323275282051628,0.755365359453327,0.82449574143642,-7.8386557207098
"Q86WR7_PROSER2",1.35913751875176,16.7265019924202,13.849439829679,1.37361255522984e-06,4.43091476149036e-05,5.84986919653336
"Q86WU2_LDHD",-0.508341105647705,20.786310952854,-4.53682794264218,0.00251493279073511,0.0092748003787602,-2.3831142250608
"Q86WV5_TEN1",0.176291044392391,16.0262655183926,1.50605472970615,0.17318539937724,0.262751017709664,-6.77621528782381
"Q86WW8_COA5",0.74513688095082,16.7716539309443,3.76922862471049,0.00673454011822396,0.01994791135367,-3.45041927751521
"Q86WX3_RPS19BP1",-0.218596969143658,18.8140782724588,-3.69446432864175,0.00689414644218017,0.0202558607034848,-3.50861063860528
"Q86X02_CDR2L",0.507744012510859,16.51786459869,4.59600596589474,0.00211904525915495,0.00815304529755391,-2.2324878253928
"Q86X10_RALGAPB",0.0370984854169194,18.7125920963691,0.556967785092574,0.593866670484907,0.689427738410649,-7.72531606608258
"Q86X27_RALGPS2",-0.703816522043574,16.2348027775252,-9.46066212300495,2.04777487032767e-05,0.000271281475440466,2.88077053755563
"Q86X29_LSR",-0.35899291303242,19.2297760277708,-5.82532882670038,0.000512191028926106,0.0027539661446164,-0.676290785653152
"Q86X52_CHSY1",-0.174640441909872,17.4111652125929,-1.42156568418036,0.195599801417289,0.289293960502064,-6.88496411309048
"Q86X55_CARM1",0.191647179753733,20.45526659492,3.80104470453742,0.00595917062550265,0.0180641789976081,-3.35213241735611
"Q86X76_NIT1",-0.553902340720452,17.8695157497998,-6.76762679423675,0.000196487028161375,0.00135678114305146,0.380484040296647
"Q86X83_COMMD2",-0.191530067625823,20.3079834329614,-3.65760103405655,0.00725335515279521,0.0210978937970335,-3.56305049598148
"Q86X95_CIR1",-0.0260864758294073,15.3067016176818,-0.310561326395388,0.7646364371549,0.831292031008136,-7.84315843412692
"Q86XA9_HEATR5A",-0.297599885715726,17.7519075014301,-3.89671413612073,0.00523583701668805,0.0163512965655964,-3.21287779600552
"Q86XI2_NCAPG2",-0.268252468916554,18.2648258045342,-2.68914894073662,0.0293496317549458,0.0637075340052698,-5.03644973286254
"Q86XJ1_GAS2L3",-0.11811518063011,15.3590738771279,-1.8978623293487,0.103040662659817,0.173321422669813,-6.2232165765833
"Q86XK2_FBXO11",-0.0757778000687974,16.0089044570559,-0.989234272622275,0.353557082740227,0.461962723901732,-7.37677582817967
"Q86XL3_ANKLE2",-0.0859105487762619,17.9984383735255,-0.956624322853209,0.368738488949988,0.477393014059721,-7.40865508280501
"Q86XN6_ZNF761",0.140246017330444,15.5109821096229,1.50101134913147,0.188843058045433,0.280985826928248,-6.64536103004917
"Q86XN7_PROSER1",0.14147778078592,17.0201885123367,1.72108648779883,0.126286543741422,0.204460107349252,-6.48530633040187
"Q86XP1_DGKH",-0.617661572856804,17.8916178087656,-6.3270371082505,0.000303611165425111,0.00185096280675835,-0.0999279352773668
"Q86XP3_DDX42",0.0766363486945316,21.6493126354044,1.61033717868047,0.148735299608044,0.233343190130001,-6.63747270206252
"Q86XZ4_SPATS2",-0.0787130492047403,18.5754813708989,-0.745523183637562,0.478793732499416,0.584538180287134,-7.59387322067367
"Q86Y07_VRK2",-0.0595607475185922,17.7543598111441,-0.889019105090203,0.401761839808759,0.510484708089581,-7.47205368784066
"Q86Y37_CACUL1",-0.448702940189406,18.8616069194608,-7.74139774254742,8.06722791125818e-05,0.000710529462921299,1.36463946113034
"Q86Y39_NDUFA11",0.355250978094784,20.2659981381226,3.96241109977857,0.00479438993435688,0.0152784956432507,-3.11793196501018
"Q86Y56_DNAAF5",-0.791003370066424,21.3710964236746,-15.3148375863205,6.63860484377331e-07,2.68529809685963e-05,6.63987720364989
"Q86Y79_PTRH1",0.364363706387305,18.512714556685,4.96907753882364,0.00134696372174,0.0057666747818604,-1.73772883045373
"Q86Y82_STX12",0.728686162128557,20.4869739302885,9.01303837547073,2.86374979420782e-05,0.000345293799757419,2.51010729932065
"Q86Y97_KMT5C",-0.0134235692961333,15.2508300631247,-0.100761088390673,0.923339138040484,0.948525849698157,-7.25274361909264
"Q86YD1_PTOV1",-0.216568887217971,16.1067220017342,-2.50248381880801,0.0388509368196135,0.0798858020403296,-5.32430983955784
"Q86YH6_PDSS2",-0.127632842221793,18.1714815605093,-2.0462142664953,0.0775115874088732,0.138397916403053,-6.01627195382535
"Q86YJ7_ANKRD13B",-0.422163621497177,15.4409740396766,-2.60438126569517,0.0692757559709479,0.126641117742204,-4.81934039701826
"Q86YM7_HOMER1",-0.345618929931746,17.9941976102884,-3.79254042662913,0.0060285076670331,0.0182406202971902,-3.36456694012809
"Q86YN1_DOLPP1",0.809289439031247,16.6756847265204,8.63311443098289,3.85009538093923e-05,0.000408238268894319,2.18284464918168
"Q86YP4_GATAD2A",-0.0267413518933246,18.6592466589692,-0.40510830708719,0.696770011718914,0.77627612060494,-7.80549953240007
"Q86YR5_GPSM1",-0.40992643210215,16.6846183044921,-4.55073483705108,0.00224190794355535,0.00851858162449335,-2.29388087186022
"Q86YS6_RAB43",0.329832065935999,22.6750905262508,2.89627510466101,0.0229362012002263,0.0520627251115588,-4.74916580505052
"Q86YS7_C2CD5",-0.506406852166918,17.4405653691178,-6.45650148841179,0.000266567551479673,0.00169261539124759,0.0436604237128622
"Q86YT6_MIB1",-0.463404997948818,18.0927836567911,-5.99587905459343,0.000427307763036798,0.00240546975735158,-0.47673468771835
"Q86YV9_HPS6",-0.0758064118966288,18.0464427321592,-1.17827607909388,0.274918324471459,0.377944720479106,-7.17652805091438
"Q86Z02_HIPK1",0.159637871579328,15.8096286227723,2.17852847105329,0.0634372471677108,0.118171967494432,-5.81842879673248
"Q8IU60_DCP2",0.494091932056271,18.4161316575909,6.36906488697105,0.000290992294291145,0.00180278451365948,-0.0530897704763991
"Q8IU81_IRF2BP1",-0.279127914803698,19.947468261192,-4.85544825167008,0.00154301152535266,0.00641453132752642,-1.88631181222314
"Q8IU85_CAMK1D",1.40104055878248,16.7803521947443,18.6782945266897,1.56259170373978e-07,1.1164498668309e-05,8.19253571923125
"Q8IUC4_RHPN2",0.376786868596721,18.7627427398668,5.62023422182512,0.000639982839901577,0.00323327884188519,-0.921365472384228
"Q8IUD2_ERC1",-0.347947868018821,18.1931298947529,-3.41958173588337,0.0101153466393905,0.027296796702485,-3.91823336194024
"Q8IUE6_H2AC21",0.348788342801459,23.4757820565425,1.16707422574458,0.290216170924345,0.394786944255626,-7.18026740590135
"Q8IUF1_ZNG1B",0.253513634479255,16.3148653493487,2.94326434435892,0.0201256591172478,0.0469803554049951,-4.64438259386767
"Q8IUF8_RIOX2",0.201648392774526,18.7098083992085,2.55163629253913,0.036077480369807,0.0754616518268603,-5.24862020063099
"Q8IUH3_RBM45",-0.0577737363317077,18.4097744537119,-0.876865139828051,0.407921248327469,0.515950212745365,-7.48305560399325
"Q8IUH4_ZDHHC13",0.277121055304544,18.4110743606509,4.9418039527783,0.00139138571304603,0.00592268584422992,-1.7732239433522
"Q8IUH5_ZDHHC17",0.237620889590119,17.9260297599069,2.99492184176506,0.0186543884246565,0.0441799254976763,-4.56490992118184
"Q8IUI8_CRLF3",-0.125001069400383,17.3012232381505,-1.17688094735619,0.275441724435299,0.378488271426085,-7.17809656646304
"Q8IUR0_TRAPPC5",-0.0597353859609768,19.4695680688056,-0.754380140795315,0.473768311336024,0.579698902074888,-7.58687869216258
"Q8IUR7_ARMC8",-0.243967887398224,19.7434747864441,-4.38117084021027,0.00277630449708808,0.0100164454366391,-2.52642504458121
"Q8IUW5_RELL1",-0.615485426579614,17.084205719198,-3.94590133847073,0.00495937203682364,0.0156914098707464,-3.14966599078544
"Q8IUX1_TMEM126B",-0.0117125926382826,18.3580151310279,-0.138362200283289,0.893617243868271,0.927464543764992,-7.88659811209846
"Q8IUZ5_PHYKPL",0.507401886990024,19.8771269863231,2.17920590330887,0.070213584608145,0.127896796361513,-5.85166296111204
"Q8IV01_SYT12",-0.483590019147549,18.8754858391799,-3.40713687668014,0.018819766544647,0.0444614076742356,-4.20762050709449
"Q8IV08_PLD3",0.283617570033968,19.9968155143315,2.89252642270743,0.0216895979540984,0.0498397885058859,-4.72254651979354
"Q8IV36_HID1",0.533664999409602,21.2200750785558,7.2297517303211,0.000127293313329989,0.000975107595598965,0.860243707031538
"Q8IV38_ANKMY2",-0.598617349658134,17.3489024756711,-3.03208714609838,0.022809187396805,0.0518051805254231,-4.58883716752549
"Q8IV48_ERI1",-0.136487310098143,17.9884920486583,-1.60475895213165,0.149958519268038,0.234836574047787,-6.64501135344466
"Q8IV50_LYSMD2",-0.368762104413847,20.0648451720558,-6.53717177278436,0.000246043893119085,0.00161247163327957,0.1321003913426
"Q8IV63_VRK3",-0.306255963188192,17.7669112871791,-3.18406981180421,0.0141640220016871,0.0356666496056976,-4.27517940488416
"Q8IVD9_NUDCD3",-0.412308473590887,20.1230711348688,-6.03880455601806,0.000408488752361541,0.00233574907389976,-0.427104841467765
"Q8IVH2_FOXP4",0.391288673806482,17.4107565456905,3.01738661980767,0.0180502390894512,0.0431501181484848,-4.53038838657065
"Q8IVH4_MMAA",0.00353190263529157,16.5633998346819,0.0445611721342613,0.965627155537986,0.977108316067028,-7.89630094518532
"Q8IVH8_MAP4K3",-0.333108915152891,17.6207229367104,-4.54947986899331,0.00224542310638793,0.00852769977562629,-2.29558692906063
"Q8IVL6_P3H3",-0.255909014590916,16.8601198855018,-1.97705289386762,0.100179546079003,0.16955338272614,-6.06626330208335
"Q8IVM0_CCDC50",0.287546864970857,17.4284458335094,3.0711719691599,0.0166859487395256,0.0406125686449135,-4.44784711512348
"Q8IVP5_FUNDC1",0.269818242270418,16.0295877298201,4.14589408564224,0.00376161866645209,0.0126741184244276,-2.85579646651472
"Q8IVQ6_ZDHHC21",0.464274648986713,17.3362787827923,3.07784523353078,0.0166446016245364,0.0405377443197135,-4.44169449773426
"Q8IVS2_MCAT",0.208285845405953,19.1494442825555,2.84499022301016,0.0232704291438856,0.0526806132084707,-4.79585377427522
"Q8IVT2_MISP",0.329045645711179,18.9929320117676,3.92062311600656,0.00507028901660488,0.0159515882847507,-3.17825929151047
"Q8IVV7_GID4",0.261580533387807,16.4463091367465,2.38569821813063,0.0514254182207926,0.100012038234027,-5.52117578298244
"Q8IW35_CEP97",-0.867132288438398,18.1769852728601,-11.7586903727442,4.4358090055297e-06,9.63928825650374e-05,4.56669059259291
"Q8IW41_MAPKAPK5",-0.000423686218283592,15.6804879735331,-0.00464601140542157,0.996433290650899,0.997216201373633,-7.83786604698468
"Q8IW45_NAXD",0.357603475980483,17.6743964387361,4.63714090136711,0.00201378184239121,0.00782884226948351,-2.17695808592999
"Q8IW50_FAM219A",-0.0355831628541914,15.4106358761429,-0.402384965503795,0.705964797905994,0.783323785194677,-7.65042628236601
"Q8IW92_GLB1L2",0.436592576272364,17.4722795399452,3.4182605809765,0.0101342601614276,0.0273287229833252,-3.92022154432427
"Q8IW93_ARHGEF19",-0.197505864599044,16.0342355966678,-1.18762703399691,0.278283795060533,0.381610692957448,-7.10136948534147
"Q8IWA0_WDR75",-0.685293754043865,18.9698126397442,-5.18205410573592,0.0011822628911818,0.00520345411806843,-1.5547284819673
"Q8IWA4_MFN1",-0.0756584539413971,18.5099112604494,-1.01450821670896,0.342123385956161,0.450372048891932,-7.35150508322044
"Q8IWA5_SLC44A2",0.921779978884906,20.4701553358718,7.98340064426915,8.08358243326775e-05,0.000711150606471024,1.41766527753603
"Q8IWB7_WDFY1",0.130096228921897,18.9846812301309,1.78099207781857,0.115509647643166,0.190645780706392,-6.40117144851847
"Q8IWB9_TEX2",-0.0150716488588394,17.8651455061397,-0.166339558647997,0.87231105255895,0.912037472211868,-7.88178577514696
"Q8IWC1_MAP7D3",-0.00684648046437886,17.5000565114591,-0.0789238573445496,0.939169810201494,0.959245584367458,-7.89389935312359
"Q8IWD4_CCDC117",0.0459915043694288,18.65178773628,0.429140333601674,0.679949211547134,0.763381961607374,-7.79440564070454
"Q8IWE2_FAM114A1",-0.514760564892548,15.7580680655209,-4.12958515639981,0.00524894240366913,0.0163788427249186,-3.03471759122523
"Q8IWE4_DCUN1D3",-0.0825361656920727,16.0728140869298,-1.07877701997117,0.314343114311345,0.421457928605793,-7.28509941540641
"Q8IWE5_PLEKHM2",-0.230703985972148,16.1104314034513,-1.07693948718702,0.317549159058105,0.424787982677028,-7.28477594124711
"Q8IWF2_FOXRED2",-0.0768375589704817,16.3856406818355,-0.409268976897857,0.696155778625918,0.775817919474511,-7.71054550950521
"Q8IWF6_DENND6A",0.126049083037447,16.9560280985673,1.55180118385063,0.162040536813121,0.249506526472571,-6.71593423195839
"Q8IWI9_MGA",0.304082688424614,18.8826677385663,3.59186826491105,0.00794479146307663,0.0226602172540227,-3.66051695370143
"Q8IWJ2_GCC2",0.334939321021963,17.5827727393193,4.59305319167854,0.00212682997424651,0.00817888086172765,-2.23648320853404
"Q8IWL3_HSCB",-0.729218943137248,19.6468105998265,-12.995660680644,2.17057799676251e-06,5.8224802755261e-05,5.35024864506074
"Q8IWQ3_BRSK2",0.758457087841485,16.8740830050665,6.05599649823537,0.000401211345810197,0.00230447839122386,-0.407294330998949
"Q8IWR0_ZC3H7A",-0.364568723022085,18.596535146508,-6.5118265449041,0.000252295978281654,0.0016345786050536,0.104398583754135
"Q8IWR1_TRIM59",-0.379692571037076,17.2153883541171,-3.28939266530459,0.0121734661836378,0.0316014088196641,-4.11495111050222
"Q8IWS0_PHF6",0.438796050002534,20.1329234268589,5.78702420753755,0.000533730926279249,0.00283785767234819,-0.721635907637491
"Q8IWT0_ZBTB8OS",0.0556037345341238,17.725089602631,0.508731915616131,0.625645583829743,0.71710052299526,-7.75335482162847
"Q8IWT3_CUL9",-0.021795505132463,16.5461541837837,-0.26158304289529,0.800722376936469,0.858440735627238,-7.85885358123827
"Q8IWT6_LRRC8A",0.25422340075724,17.3650172797838,3.08082490134107,0.0164528249301532,0.0401913931616589,-4.43305108012063
"Q8IWU2_LMTK2",-0.390385256234309,15.9004645956039,-4.07176435063335,0.00801312315252192,0.0227903000375856,-3.2022928834253
"Q8IWU5_SULF2",-0.804115178392436,17.0167668101411,-7.75198138545886,7.99352469497784e-05,0.000707297410799833,1.37479140538593
"Q8IWV7_UBR1",-0.213391745597235,17.9591778723192,-2.93534212640566,0.0203618497880712,0.0473581812077287,-4.65658073826844
"Q8IWV8_UBR2",-0.166934495446732,18.465394402794,-2.92395694972959,0.02070638511047,0.0480228214099284,-4.6741152533167
"Q8IWW6_ARHGAP12",-0.0945438630746303,18.0076002590168,-1.23297414768367,0.255039107364668,0.356910445418737,-7.11404475435753
"Q8IWX8_CHERP",-0.0895163725780463,20.5579796134961,-1.46279214685224,0.184357621367419,0.275814875803115,-6.8323338000872
"Q8IWY9_CDAN1",-0.651996049073901,16.8693503288581,-7.37982809001363,0.000111067304151398,0.000885411407963956,1.01101505777391
"Q8IWZ3_ANKHD1",-0.139552068177107,18.7700767879063,-2.3228980917622,0.0509706897101073,0.0993551562554233,-5.59953472159969
"Q8IWZ8_SUGP1",-0.335058642544464,18.3301643959754,-4.11131647094858,0.00393607203992065,0.0131517791718502,-2.90484857902525
"Q8IX01_SUGP2",0.146390387491778,18.2491883269541,2.47370779843361,0.0405749743590434,0.0826087027895836,-5.36856541044548
"Q8IX03_WWC1",0.109120127806403,16.2703614801343,1.23459031674951,0.254470547478861,0.356305372797783,-7.11216979014568
"Q8IX04_UEVLD",0.409028328806318,19.3606753955328,7.54686137166398,9.56708507286496e-05,0.00080285744181811,1.17603891011019
"Q8IX12_CCAR1",-0.280105311320568,20.8282283376627,-4.4680892891769,0.00248680442527051,0.00921105611976406,-2.40671239598647
"Q8IX15_HOMEZ",-0.0219815450573719,17.1770134043499,-0.173338046773873,0.866998110008443,0.908526429730129,-7.8804447755264
"Q8IX18_DHX40",0.264566442786478,19.9819018794194,4.1988812154408,0.00351038420966,0.0120183104714961,-2.78094664647639
"Q8IX19_MCEMP1",-0.157542955314209,16.0643361567229,-0.648619169938796,0.541732141356569,0.643596304688573,-7.5997906308661
"Q8IX90_SKA3",-0.111952892737417,17.8340036071796,-1.26264378889444,0.24477057150272,0.34531666712277,-7.07936813389719
"Q8IXB1_DNAJC10",0.353493216092456,19.8865438411877,6.63699672815841,0.000223044695276513,0.00149440340347857,0.240460520519594
"Q8IXH7_NELFCD",0.152741301842742,20.1388112196006,3.09609581065943,0.0160910161025235,0.0395168063295189,-4.40965553888962
"Q8IXI1_RHOT2",-0.352878125970623,20.8410979272736,-5.96724361403478,0.000440396639663412,0.00245217211232832,-0.509975062717277
"Q8IXI2_RHOT1",0.52128895998764,18.6949548424734,9.25059968500288,2.39266497224576e-05,0.000303852553369083,2.70876854870139
"Q8IXJ6_SIRT2",0.631967670440591,18.0996823727892,6.36663135494713,0.0002917068272983,0.00180574793092754,-0.0557959037850129
"Q8IXK0_PHC2",0.0199915659613907,18.290397466545,0.211522796643325,0.838145380750459,0.887359290380454,-7.8721642929452
"Q8IXK2_GALNT12",0.184275156400197,17.662963472723,1.60159367930436,0.15065673202614,0.235584110521547,-6.64928338832692
"Q8IXM2_BAP18",-0.493863281961815,19.5777380582172,-7.53119799181452,9.70081618960004e-05,0.000811408531394883,1.16068653271607
"Q8IXM3_MRPL41",-0.148356639404525,20.812063435074,-2.60112987727468,0.0334896539727989,0.071099251491821,-5.17230889937082
"Q8IXM6_NRM",0.32062483368561,17.4831450122325,3.10950745907941,0.0157801843963659,0.0389159708742637,-4.38912064907036
"Q8IXQ3_C9orf40",-0.572899273111453,16.7683979908345,-3.44635582425733,0.016569861886298,0.0404176213281084,-4.1098199856658
"Q8IXQ4_GPALPP1",-0.124122397381257,18.7513678710749,-2.08229260834986,0.0733935648599639,0.132271052181618,-5.96263933125169
"Q8IXQ5_KLHL7",0.341554654711334,16.4905610466551,1.29166712429421,0.24620804010625,0.346960454675075,-6.9794028013442
"Q8IXQ6_PARP9",0.410443437831336,17.2904314209533,2.21704359400771,0.075985075801385,0.136171098101638,-5.75120815672759
"Q8IXS8_HYCC2",-0.186053242785711,16.1932945426053,-1.76912771165898,0.117572398173497,0.193050039526716,-6.41792873886897
"Q8IXT5_RBM12B",0.0805857356452755,19.9559929367634,1.53389737226799,0.166322286438256,0.25451038427151,-6.73963832627998
"Q8IXU6_SLC35F2",0.18672242704616,16.4436761370615,0.69182681192968,0.512559354138828,0.617575455065617,-7.63185104502385
"Q8IXW5_RPAP2",-0.382735755920681,16.0554100115437,-5.87066818949418,0.000487932125731403,0.00265765497575053,-0.6228685233205
"Q8IXX5_TMEM183A",0.512438456160327,15.9111756184213,5.00485518772919,0.00560067658295613,0.0172928806448706,-2.54306737066621
"Q8IXZ2_ZC3H3",0.429552167149353,16.3458723471612,4.97953879053103,0.00133034097161056,0.0057105315710066,-1.72414221139439
"Q8IY17_PNPLA6",-0.124404034481913,17.6741935762844,-1.69050104921771,0.132147389464473,0.212018214576264,-6.52778654341578
"Q8IY18_SMC5",-0.264041304319143,18.1352958628895,-4.00883140785325,0.00450684221586278,0.014605684078114,-3.0511865472717
"Q8IY22_CMIP",-0.356770242394042,17.30995080217,-3.63905384202374,0.00744165276124705,0.0215579520120249,-3.59050131245392
"Q8IY26_PLPP6",0.253842628253814,17.3889849523438,2.12321677513389,0.0689832955726458,0.126288187247149,-5.9015074393198
"Q8IY31_IFT20",-0.0318602375331807,16.9451170308957,-0.328914301339614,0.751266886112165,0.820725256405759,-7.83660240311113
"Q8IY33_MICALL2",-1.1899147358486,17.184488903938,-10.2837742066585,1.14383580830384e-05,0.000183710604085774,3.5237239876522
"Q8IY37_DHX37",-0.209503852075521,20.227556853193,-3.27706272902533,0.0123903127750769,0.0320013314748185,-4.13366147577818
"Q8IY47_KBTBD2",0.254077252803736,17.8367226959707,2.34938323814034,0.0489666844226677,0.0961996019031767,-5.55911365489897
"Q8IY57_YAF2",0.129415784529989,16.0535845082787,1.57395503006447,0.156881675563856,0.243031491324352,-6.6864095761126
"Q8IY63_AMOTL1",0.3786553196136,15.6451553850958,3.9367169098127,0.00661154286084839,0.0196145186550067,-3.28860459541105
"Q8IY67_RAVER1",0.13124804508071,20.8856519732246,2.53297190532771,0.0371059215812139,0.0771274525525775,-5.27737425886234
"Q8IY81_FTSJ3",-0.0443300267039604,21.9562786525267,-0.848467115043608,0.422577293602959,0.530912639210291,-7.50827963278598
"Q8IY82_DRC7",-0.267810268349347,15.482436155632,-4.08651632937635,0.00406660323947886,0.0135287997240278,-2.94013058355892
"Q8IY95_TMEM192",0.041975791593913,19.7072441142379,0.765395139421463,0.467567620770328,0.57358062592894,-7.57808115649862
"Q8IYA6_CKAP2L",0.126012381821496,16.5136466519349,1.10681081939602,0.307900004990745,0.414126590104547,-7.2263554135656
"Q8IYB1_MB21D2",0.621875687341976,19.3128637505823,8.93996422185554,3.02898349099398e-05,0.000356255058286907,2.44808988061148
"Q8IYB3_SRRM1",-0.191746010010228,20.3970245851737,-2.09992351789389,0.071460369189946,0.129641552603664,-5.93633966318446
"Q8IYB5_SMAP1",-0.0752841393263317,17.8051111553844,-1.01410262531722,0.342304589332409,0.450372048891932,-7.35191444803722
"Q8IYB7_DIS3L2",0.156313326047137,18.2008749355393,1.99780975649414,0.0833948147933117,0.146414349596826,-6.08781085524559
"Q8IYB8_SUPV3L1",-0.249445535134399,19.2349113129104,-4.06174026666639,0.00420171504806851,0.0138576840131509,-2.97546153307838
"Q8IYB9_ZNF595",0.271795132968633,16.342547178457,1.54010704428888,0.166306982326568,0.25451038427151,-6.73177612230152
"Q8IYD1_GSPT2",0.386773300541446,22.0078791932855,2.54301764605186,0.0402571709758952,0.0820709525628584,-5.30497799678502
"Q8IYH5_ZZZ3",0.0780415226038507,16.2525291694839,0.63274341342721,0.548643732247525,0.649989358907845,-7.64909047442395
"Q8IYI6_EXOC8",0.0175229395910428,19.4273169259908,0.256591664457612,0.80443076103956,0.860724026332741,-7.86030514516296
"Q8IYJ3_SYTL1",-0.377690096234002,22.0931114679331,-5.66080295967006,0.000612135616207249,0.00313657961521744,-0.872440828342231
"Q8IYL2_TRMT44",-0.00943312426802123,15.3237610443977,-0.0882589584369434,0.934541901747494,0.956266737520594,-7.59906952685321
"Q8IYL3_C1orf174",-0.322718698173322,16.4437252803257,-4.46753901016549,0.00248853001576645,0.00921298400510147,-2.40746692219942
"Q8IYQ7_THNSL1",-0.0222185066309812,19.6012469357701,-0.367972271699359,0.72311895578222,0.796577005324938,-7.82143666732789
"Q8IYR2_SMYD4",-0.138316542076375,16.3089226985009,-1.48532508345033,0.178460322533359,0.268780371506606,-6.80321574821056
"Q8IYS1_PM20D2",0.078968902047265,18.8406640663709,1.10063784328807,0.305312193274226,0.411950532577031,-7.26183098137363
"Q8IYS2_KIAA2013",-0.0519868168566404,18.4280914235899,-0.492703586137046,0.636399778548577,0.726594430556134,-7.76214833918975
"Q8IYT2_CMTR2",-0.0266510996541456,17.3754833026286,-0.275284985860039,0.790570639545409,0.850536523969132,-7.85472784058465
"Q8IYT4_KATNAL2",0.330709964977711,23.8702773329964,1.5550680031554,0.169476925212479,0.25815299479929,-6.71376452332041
"Q8IYU8_MICU2",0.243261395882442,18.497256305623,2.45848397295603,0.0415184682850304,0.0841040514146946,-5.39195899184843
"Q8IYW5_RNF168",0.365342310430735,15.965017419923,4.21090499032813,0.00345595331620822,0.0118851835818317,-2.76401572299842
"Q8IZ07_ANKRD13A",0.0310474159751308,16.6615433146369,0.31058806216558,0.764616897694573,0.831292031008136,-7.84314915009814
"Q8IZ21_PHACTR4",-0.528096765404825,19.2340428434483,-8.25022612288502,5.24687025434127e-05,0.000516911380082977,1.84048373984903
"Q8IZ41_RASEF",0.225416580767517,16.0146767554545,2.81976575294191,0.0241576958397949,0.0543832699338139,-4.8347764024998
"Q8IZ52_CHPF",0.0697567638066694,16.6049556560402,0.370043444876673,0.722031391384758,0.795837656738246,-7.82025813597068
"Q8IZ69_TRMT2A",-0.332941729501975,19.0249172031025,-4.23436360185701,0.00335238357418616,0.0116178478806225,-2.73104083674643
"Q8IZ73_RPUSD2",-0.010189980869054,17.8672735716739,-0.158497502483129,0.878272689298326,0.916766071775765,-7.88322323627953
"Q8IZ81_ELMOD2",-0.364408807692634,18.5637094244774,-4.08656153333411,0.0040663610819158,0.0135287997240278,-2.94006619806972
"Q8IZ83_ALDH16A1",-0.0832669155309986,19.0436620560666,-1.56355500476693,0.159284482639601,0.24620010000834,-6.70029614034186
"Q8IZA0_KIAA0319L",0.198540602361536,18.4829801905939,3.15779244009657,0.0147126396028757,0.0368348198101519,-4.31528994601385
"Q8IZD4_DCP1B",0.00556747696508353,16.4601974279839,0.0592005261238311,0.954347999022364,0.969309213833661,-7.89544106841506
"Q8IZE3_SCYL3",0.130293581531756,17.2990432478821,1.76784721125732,0.117797103788962,0.193357870406589,-6.41973460370227
"Q8IZH2_XRN1",0.253729920116804,18.8321295924399,3.50714222627387,0.00894220132642338,0.0248502832208312,-3.78686081284994
"Q8IZL8_PELP1",0.203929464889072,21.5120956685832,3.93325589729893,0.00498511292843341,0.0157419200073827,-3.15999788432209
"Q8IZM8_ZNF654",0.137762329304138,16.5032668426718,1.35771829561512,0.214209219246909,0.309863667198224,-6.96474645355699
"Q8IZP0_ABI1",0.312569049781384,20.1318214558641,6.29550820145724,0.0003134777086964,0.0018989992733629,-0.135208873531425
"Q8IZQ1_WDFY3",0.286044096584114,19.2953145996843,2.72379707777064,0.0278685170381694,0.0611348099732584,-4.98294569706816
"Q8IZT6_ASPM",-0.0775092617718229,19.118822350119,-0.518496865033584,0.620017459707158,0.71244465980979,-7.74696609237704
"Q8IZV5_RDH10",0.783007082879433,16.054475892134,6.44886534707922,0.000489710527398396,0.00266461473321653,-0.424324565936089
"Q8N0S6_CENPL",-0.245609779677931,16.8730212180756,-2.3469912882121,0.0491443543043617,0.0964592011955958,-5.56276704236349
"Q8N0T1_RBIS",0.072300320094886,18.30810222231,1.21411328019342,0.261753525154163,0.364255672366451,-7.1358051175104
"Q8N0U4_FAM185A",0.0678109346720568,16.5102089005513,0.688556883079561,0.511950766017548,0.616972208823517,-7.6371434415312
"Q8N0U8_VKORC1L1",-0.214112599900854,19.6293187067619,-3.40253364607348,0.0103623286358823,0.0278355595296277,-3.94390195729272
"Q8N0V3_RBFA",0.00170442333366339,17.922647704104,0.0232070583510306,0.98209403542466,0.988169110400307,-7.89712029885755
"Q8N0W3_FCSK",0.571106483879145,18.3595357124072,6.63613809462452,0.000223232006118055,0.00149440340347857,0.239533517794367
"Q8N0X2_SPAG16",-0.271531125933734,15.3100364813427,-2.19678434093721,0.0675331200252979,0.124138182878914,-5.76260745264798
"Q8N0X7_SPART",-2.08275370589076,18.0517576040417,-27.4605386448846,9.16682614567342e-09,1.94535883908317e-06,11.1208282082865
"Q8N0Z3_SPICE1",0.0142365751832969,17.6566746463788,0.158062609263938,0.878603549957653,0.916861061892746,-7.88330093563987
"Q8N0Z6_TTC5",-0.414467174013733,18.5226558098075,-6.96785744058504,0.000162358478401893,0.00116764431635993,0.591290154582687
"Q8N0Z8_PUSL1",-0.133577463046473,15.3217471386041,-1.7332638533697,0.130242162142461,0.209444957841631,-6.41611098551593
"Q8N108_MIER1",-0.12813124941669,16.6475256490747,-1.17833876310005,0.274894827134612,0.377944720479106,-7.17645754676908
"Q8N122_RPTOR",0.296830694497579,18.4114745184861,2.4029881134587,0.0453872731273618,0.0904550842175914,-5.47924812084858
"Q8N128_FAM177A1",0.102842808322578,19.2631598145406,1.17075603831583,0.277749296819258,0.380946066412492,-7.18496755300658
"Q8N129_CNPY4",-0.108652343959825,17.7685170115915,-0.54202626870865,0.604739977838518,0.699748317023683,-7.73306951056338
"Q8N131_TMEM123",0.0424561985733298,16.4867177728668,0.322246266092067,0.756114160620885,0.824685176598547,-7.83902668866402
"Q8N138_ORMDL3",0.304528626516458,17.1047847863243,3.92586722984973,0.00503474104660799,0.0158724104335332,-3.17067610297798
"Q8N139_ABCA6",-0.411618256305069,17.8980430794871,-2.89008750422509,0.0320136298703938,0.0684843509591038,-4.83344365779502
"Q8N142_ADSS1",-0.84388287068789,16.6412101997331,-7.22850514238472,0.000127438747429664,0.000975244468568351,0.858981265536094
"Q8N163_CCAR2",-0.174242969388544,21.7224531312241,-3.5900009857035,0.00796543922713957,0.0226969000713686,-3.66329289349571
"Q8N183_NDUFAF2",-0.0180286632079891,20.6243684806988,-0.375088404330548,0.71803757031445,0.79293079653965,-7.81849679919695
"Q8N1B3_CCNQ",0.0740082719590909,15.6274876434932,0.823019951846274,0.439830806713089,0.547466334905764,-7.46652481384101
"Q8N1B4_VPS52",0.393022140630173,18.5606417909698,3.25622065257793,0.0128957970914193,0.033072037479546,-4.17128618988944
"Q8N1F7_NUP93",0.0623735372551266,21.9539971102164,1.18907395373298,0.270895127950601,0.373960500755208,-7.16434528610331
"Q8N1F8_STK11IP",-0.37266006760569,17.8756246249595,-2.90575974770765,0.0212698038814669,0.0489933103011333,-4.7021511105205
"Q8N1G0_ZNF687",0.245325892000857,19.0473456977419,3.28301275458054,0.0122851613974746,0.0318265194455078,-4.1246308303384
"Q8N1G1_REXO1",0.0144290483448479,15.5361789044258,0.118478945728129,0.90881727405717,0.938272526693729,-7.88948362391414
"Q8N1G2_CMTR1",0.424341194159666,19.9922616200646,9.08638590205854,2.7080112065697e-05,0.00032966155532206,2.57192292813666
"Q8N1G4_LRRC47",0.0559198495199276,21.1849319809219,1.22810056449421,0.256760081009505,0.358853897498659,-7.1196889005368
"Q8N1S5_SLC39A11",0.287133021344204,18.0233327608857,1.89770053408603,0.0983096357723134,0.167017147884297,-6.23715543782757
"Q8N1W1_ARHGEF28",0.127584539447829,15.9024964509946,1.27623829905913,0.24018397916167,0.340290311469786,-7.06330098401053
"Q8N201_INTS1",-0.40232111741572,18.9206092806904,-5.57277240472879,0.000674356576899554,0.00337464933878474,-0.978885823350097
"Q8N2A8_PLD6",-0.0670171801461272,15.2921668219265,-0.724720382557318,0.498504334016233,0.604643127646216,-7.51022661018519
"Q8N2F6_ARMC10",-0.203701297333886,19.3788498894581,-2.11937594148769,0.0693858091586231,0.126781670893325,-5.9072575139559
"Q8N2H3_PYROXD2",-0.803239781694529,18.3024708755105,-5.01371741760591,0.00199969233495015,0.00778790010223836,-1.74131247976082
"Q8N2K0_ABHD12",0.0809562998607198,19.5206238131768,1.06412513828904,0.320514144185159,0.427732243940872,-7.30050396929412
"Q8N2K1_UBE2J2",0.14370554728367,17.3676881980837,1.41337288293698,0.197905116273769,0.29206957807756,-6.89532114990734
"Q8N2M8_CLASRP",-0.227188870659713,17.2006656154917,-2.68416815888477,0.0295691542874554,0.0641228959063699,-5.04414060194526
"Q8N2U0_TMEM256",-0.0202283940922392,17.3643512210984,-0.0831387399787414,0.936150716951947,0.957184998140649,-7.89346509488906
"Q8N2U9_SLC66A2",0.019281732857678,15.1474392981138,0.322457394721906,0.757294441563502,0.825574934059175,-7.77840675163685
"Q8N2W9_PIAS4",0.0195236732295854,18.4729916527329,0.206064742036592,0.842254552911544,0.890353437086388,-7.87344747154831
"Q8N2Z9_CENPS",-0.346629465468091,16.6569235719216,-2.64468417752732,0.0313705795164067,0.0673674383154295,-5.10509858528743
"Q8N302_AGGF1",-0.331158767636769,16.9409237786898,-3.49813547905278,0.00905586902617274,0.0250931927165968,-3.80033745505026
"Q8N335_GPD1L",-0.0691056576115834,22.0432462927863,-1.08892334031926,0.310125394383834,0.416763311317871,-7.27434186174721
"Q8N350_CBARP",-0.117207606111698,15.3102631004334,-1.08328714912595,0.317469047125592,0.424755139180111,-7.21628697256983
"Q8N357_SLC35F6",-0.370893155544927,17.9446881583325,-2.64757890762636,0.0317433223980296,0.0680150503735808,-5.10830579914797
"Q8N370_SLC43A2",0.0497005940451434,15.0997764242937,0.757031448606499,0.475742225762767,0.581648699177412,-7.52132550270368
"Q8N392_ARHGAP18",0.685892155001749,18.4911063316401,8.7830767522555,3.42118267626568e-05,0.000382942043338962,2.31345978694038
"Q8N3C0_ASCC3",0.438281182579036,19.454531691006,8.95177112608042,3.00157523457884e-05,0.000355768103385353,2.45813972917312
"Q8N3D4_EHBP1L1",-0.311671999763124,17.7259232227502,-3.0275058014891,0.0177848596702047,0.0426357015298574,-4.51484680812337
"Q8N3E9_PLCD3",-2.22208272292985,17.3952259409808,-24.6027971574064,2.06345418281946e-08,3.15502144553095e-06,10.3034080776769
"Q8N3F8_MICALL1",-0.189008845604313,17.686755944587,-2.60356234252399,0.033367503844503,0.0708901409001534,-5.16855645539881
"Q8N3J3_HROB",-0.155679857481626,16.6592152510068,-0.84838046363482,0.42780841742726,0.536163172333017,-7.47821499254179
"Q8N3J9_ZNF664",0.0496099835089279,16.0193401484326,0.455142099186036,0.66196496898747,0.747853138452668,-7.78171840206418
"Q8N3P4_VPS8",0.0817466467955619,18.6082198709822,1.0492513362102,0.326876285091939,0.434150312635142,-7.31598298244432
"Q8N3R9_PALS1",-0.0297655034038442,19.3384910143432,-0.550405434548284,0.59813731144428,0.693157457327803,-7.72926852654366
"Q8N3U4_STAG2",1.24958157409003,22.1048698975354,23.1546850127778,3.2267751194619e-08,4.11700032994972e-06,9.84516162722961
"Q8N3X1_FNBP4",0.301794476501509,19.1513750357782,5.28967216299271,0.000927053737198552,0.00432417682787244,-1.32839989359117
"Q8N3Y1_FBXW8",-0.0567715979639303,15.1744009634985,-0.660641598178831,0.54144310731083,0.64335289950129,-7.41295635596328
"Q8N3Z3_GTPBP8",-0.259024040273218,17.3684476155139,-1.72308343907577,0.126150704816331,0.204362450207144,-6.48279082076229
"Q8N3Z6_ZCCHC7",-0.136709151127546,15.4677581994488,-1.60020771998607,0.177500289111429,0.267605741120968,-6.51185945420905
"Q8N442_GUF1",-0.0399353201401773,17.2922266934825,-0.413927696718065,0.690575370067712,0.771510843806468,-7.80149911822022
"Q8N465_D2HGDH",0.500130135946012,19.1385165907966,6.44887730856226,0.000268603831106076,0.00169970461393833,0.0352612253763596
"Q8N488_RYBP",0.410488828028477,16.5374425037241,4.70159386031694,0.00186018987285893,0.00736465643604687,-2.09043755055519
"Q8N490_PNKD",-0.400364965655882,17.4141275084812,-5.10448904585555,0.00114833102165383,0.00509517740019937,-1.56306541072546
"Q8N4A0_GALNT4",-0.129376544706872,16.7011939420444,-1.67493995523735,0.135226093901139,0.216141226818776,-6.54926960630878
"Q8N4C8_MINK1",-0.0245472182985473,17.3182804399416,-0.302178333265765,0.770771917218935,0.835467362418653,-7.84603100807511
"Q8N4H5_TOMM5",0.307427785254408,21.5517957106877,1.38542050896671,0.213835624878937,0.309616165189294,-6.92795243218708
"Q8N4J0_CARNMT1",-0.692426967882504,17.2761213320412,-6.50992625655791,0.000252771820252186,0.00163627482288566,0.102318495461966
"Q8N4P3_HDDC3",-0.123331428085084,18.2714744415683,-1.81249805406717,0.110197605948199,0.183047112413171,-6.3564563023043
"Q8N4Q0_PTGR3",0.379797249083939,19.3675300762127,6.39281497964293,0.000284120167734696,0.0017740220410639,-0.0267173999317949
"Q8N4Q1_CHCHD4",1.1386637058351,20.382676224696,22.2254012753328,4.36233403987359e-08,4.76429196211908e-06,9.5333335087122
"Q8N4S9_MARVELD2",-0.891916645058007,17.7074560184373,-5.90205813024828,0.000514296122981448,0.00275915358610047,-0.654018412624943
"Q8N4T8_CBR4",0.269411206109069,18.3287429347685,2.10408426262495,0.0715911044789023,0.129818309710913,-5.93266161182794
"Q8N4V1_MMGT1",0.346159111003253,19.9109610728719,4.04608623842669,0.00428958867370151,0.0140746375152138,-2.99782703123512
"Q8N511_TMEM199",0.0883692036196777,19.1988010998032,0.84095471559365,0.426516288917482,0.534894525717544,-7.51483818615829
"Q8N531_FBXL6",-0.826319228676645,18.1083310787023,-6.36913459704512,0.000299251602782794,0.00182653154823809,-0.0756252121545318
"Q8N543_OGFOD1",-0.0483576847381819,19.5029554128881,-0.977554850034431,0.358938686634712,0.467317142255173,-7.38828854098933
"Q8N554_ZNF276",-0.36883983594673,16.3733248779538,-3.07578405787342,0.016574132487066,0.0404176213281084,-4.4407769893865
"Q8N556_AFAP1",0.26013574494031,17.4411633643539,2.53715018824158,0.0368731084779952,0.0767478666796279,-5.27093854136812
"Q8N565_MREG",-0.239454370880285,18.1230714793186,-1.68206213138803,0.13478955806975,0.215607699362942,-6.5403267408736
"Q8N573_OXR1",-0.276657102456777,18.13464462394,-3.3959417344724,0.0104595471908777,0.02806712470139,-3.95383476049469
"Q8N584_TTC39C",-0.877890548536666,18.104764936006,-9.27755216960069,2.34495778351737e-05,0.000299285513438904,2.73102720734268
"Q8N5A5_ZGPAT",0.0594105812053733,17.6271190315207,0.749863555899727,0.476326614859574,0.581990885504466,-7.59045440767
"Q8N5B7_CERS5",-0.396442174562107,17.0147790466668,-3.88656628067038,0.00530786121279671,0.0165356964025391,-3.22759349487039
"Q8N5C6_SRBD1",0.182211852822075,18.214450346525,0.692240234143459,0.513010678881679,0.617924474562854,-7.63075644765386
"Q8N5C7_DTWD1",0.0119427100617315,16.9898883937477,0.0226777062575417,0.98284440729007,0.988633068470845,-7.83756676503003
"Q8N5F7_NKAP",0.594806956003275,18.7867547293046,6.15897781102239,0.000360522953845695,0.00213163030328719,-0.289418866759998
"Q8N5G0_SMIM20",-0.0257016628541926,17.513732422709,-0.145037961423151,0.889299293787767,0.924232466900852,-7.82569670699838
"Q8N5G2_MACO1",0.0937187499538084,17.6940556878395,1.26532886312894,0.24385881080035,0.344602700289958,-7.0762034780955
"Q8N5H3_FAM89B",0.314071277633719,17.6400008729593,2.66671291346596,0.030351974794389,0.0655293492715701,-5.0710915815946
"Q8N5I2_ARRDC1",0.278884534969784,19.0911571736186,4.80129858111939,0.00164730591926475,0.00670945857899786,-1.9577680570607
"Q8N5I4_DHRSX",0.528296958871493,17.3682054359311,6.1801889647114,0.000352724758154649,0.00209037269464519,-0.265307321411253
"Q8N5I9_NOPCHAP1",-0.377302805627984,18.1139197139546,-4.45514241526455,0.00252775278440993,0.00930412616120072,-2.42447617187682
"Q8N5J2_MINDY1",-0.185934693693065,16.3328298090956,-0.99362403365334,0.356173747624349,0.464666945492857,-7.08064080512903
"Q8N5K1_CISD2",0.0222319599476037,20.8244489840228,0.356978038298428,0.730998655809585,0.8032979092363,-7.82587186031423
"Q8N5L8_RPP25L",0.0127487377839692,18.6508224739354,0.11684905275319,0.910065158811383,0.938800180692622,-7.88970042589177
"Q8N5M1_ATPAF2",0.481328785829259,19.0502260550075,4.64333109276015,0.00199844332759579,0.0077870026704739,-2.16862265562487
"Q8N5M4_TTC9C",0.136928991876559,19.3743367785455,1.65121716155787,0.140048568205736,0.222177070747634,-6.58184643080839
"Q8N5M9_JAGN1",0.148793302763092,19.5893094453948,0.959676403259864,0.369415768416675,0.478107931191042,-7.40347619385255
"Q8N5N7_MRPL50",-0.0726142583171914,20.1111156532634,-1.09573843592955,0.307317902818065,0.413608144016306,-7.26707522648906
"Q8N5P1_ZC3H8",0.484892290918342,17.8124683367727,5.02733751486023,0.00125720904671828,0.00547344143631052,-1.6622615766741
"Q8N5Q1_GARIN5B",-0.141586775879549,18.0943663684724,-0.930194485694788,0.382491493300251,0.490875854671885,-7.4327045104668
"Q8N5S9_CAMKK1",-0.638399800702103,16.2440368079141,-6.69828121082744,0.000394254871147472,0.00227956296561626,-0.180840329529919
"Q8N5U6_RNF10",-0.312752035738281,15.8854343039682,-2.00522188944863,0.0835576535969135,0.146580601594402,-6.080477126015
"Q8N5X7_EIF4E3",0.0896651078444624,15.2666889771427,0.837200580767692,0.43237164009761,0.540729787100643,-7.22651142254503
"Q8N5Y2_MSL3",0.172685519299307,17.1464328771544,1.49573680134899,0.175793094336907,0.265812295941436,-6.78967958517611
"Q8N5Y8_PARP16",0.699811039711911,17.763190768831,8.79418645833369,3.39160723588783e-05,0.000382431228884402,2.32306063961431
"Q8N668_COMMD1",-0.332027433822336,18.1627850493774,-4.56087873605551,0.00221371501447772,0.00844503557169767,-2.28009907840621
"Q8N680_ZBTB2",-0.285426061030726,17.9592388576525,-3.78317184923235,0.00610590063758572,0.0184140474849479,-3.37827560573336
"Q8N684_CPSF7",0.0720837823202629,21.2819526682439,1.0537256608299,0.324952055172952,0.432195278670358,-7.3113435478791
"Q8N697_SLC15A4",-0.0204961850080032,16.5238472172164,-0.0746642314719413,0.943063877311006,0.961736847802422,-7.83460257960955
"Q8N6H7_ARFGAP2",0.113766879022911,21.1886444171202,2.32200904569818,0.0510393778093465,0.0994636868091904,-5.60089033213552
"Q8N6L1_KRTCAP2",0.00362862451850887,17.0225226351675,0.0378024704638649,0.970837501560027,0.980585638714018,-7.89661610915761
"Q8N6M0_OTUD6B",0.64973776645208,20.0956405566681,13.4489833220432,1.6967073332807e-06,5.02764634222131e-05,5.61941658555515
"Q8N6N3_C1orf52",-0.104623273356673,16.7858739743592,-0.963651305596834,0.365426118529597,0.473826776824757,-7.40185565854221
"Q8N6N7_ACBD7",-0.256199258085754,18.6700611012873,-1.96836623413144,0.0881245493844591,0.153290598417336,-6.1338386203878
"Q8N6R0_METTL13",-0.0510142147524739,20.1358469681677,-1.05903218009464,0.322681511879143,0.429773546744956,-7.30582227697468
"Q8N6T3_ARFGAP1",-0.0932663036194654,20.6749026457963,-2.03551876188861,0.0787754716335179,0.140088039227319,-6.03212167141003
"Q8N6T7_SIRT6",0.186145348694367,17.7683645554807,2.17032997435936,0.0642304187981924,0.119213778031605,-5.8307739219115
"Q8N755_SLC66A3",0.744444272291858,18.4401602651991,7.48619986328661,0.000100967829189823,0.000827330175944477,1.1164415526216
"Q8N766_EMC1",0.148889415657674,21.1614627492828,2.71161596232259,0.0283801944450785,0.0619964801191867,-5.00175634792677
"Q8N7H5_PAF1",-0.406759791711913,19.5506263476949,-8.02544593515717,6.32760875033375e-05,0.000595013147555984,1.63330917004352
"Q8N806_UBR7",0.16345685816221,20.3228785666242,2.97878716596337,0.01910139557464,0.0449877292569695,-4.58971935472913
"Q8N8A2_ANKRD44",0.145176352717549,15.471695210551,2.22012865059036,0.0595606285486772,0.112346658093915,-5.75563433404279
"Q8N8A6_DDX51",0.00193442672475186,18.7464097241792,0.0328128616036562,0.974685021204371,0.982783828423558,-7.89681560311881
"Q8N8D1_PDCD7",-0.0536694053959774,15.8764000566842,-0.618615825468451,0.561083616409073,0.661549081962888,-7.58794461329754
"Q8N8J7_FAM241A",0.565467631860926,18.0866293936805,7.40409453342526,0.000108667514286425,0.000871734676515966,1.03516989839434
"Q8N8K9_KIAA1958",1.00036311521062,17.3762204529885,5.1914609594758,0.00968119051232467,0.0264048167915527,-2.46102244120085
"Q8N8N7_PTGR2",0.784451180571583,20.2960288576027,9.88748409569882,1.5060327966866e-05,0.000221415783282097,3.22014071813877
"Q8N8Q8_COX18",0.45074305644312,16.276694937542,5.63842008308296,0.000627329855401135,0.0031856658427767,-0.899406393092162
"Q8N8R3_SLC25A29",-0.00877378390145367,19.0102304418966,-0.0704172037919455,0.945757215496459,0.963364281766903,-7.89461017844295
"Q8N8R5_C2orf69",0.108768749406174,17.7375479040598,1.70142657268171,0.130025134448851,0.209272032181361,-6.5126503915423
"Q8N8R7_ARL14EP",-0.426065130719003,18.5033203648248,-6.09961961990842,0.000383383559027238,0.00222717880605109,-0.357196893538081
"Q8N8S7_ENAH",-0.229627033578954,18.8485843022745,-3.37709751058418,0.0107428718354508,0.028656404459882,-3.98225273946573
"Q8N8U2_CDYL2",0.0688179525414547,18.9826471037628,1.03413737139558,0.333442440736551,0.441032432427497,-7.33154594523343
"Q8N954_GPATCH11",0.0124797419400942,16.4727245415709,0.137679864721167,0.894138119972693,0.927753247447237,-7.88670450213407
"Q8N983_MRPL43",-0.175938446721901,20.1590392689801,-3.09459219823502,0.0161262650743502,0.0395906539798995,-4.41195847351062
"Q8N999_C12orf29",0.129317360255435,18.2895746195791,1.57115298748707,0.157525768380721,0.243979841829541,-6.6901555358231
"Q8N9A8_CNEP1R1",-0.0621405399145516,15.4204521720145,-0.826075988180582,0.438215553888613,0.546073008879942,-7.49904108160173
"Q8N9B5_JMY",-0.724438358712899,17.1009232836866,-10.0775032285757,1.31835985783989e-05,0.000200774125760676,3.36704718037223
"Q8N9F7_GDPD1",-0.454472005371104,15.4935280630577,-3.82168253576165,0.0153360333396035,0.0380291841976221,-3.47713928419282
"Q8N9I9_DTX3",-0.241734239514471,16.5720017145392,-2.12338440461761,0.0689657810297523,0.126288187247149,-5.9012564246955
"Q8N9M1_C19orf47",-0.0568930208737797,17.1833483071463,-0.426515560798135,0.68177723387344,0.765035513424696,-7.79564695457794
"Q8N9M5_TMEM102",0.0148006430014398,17.4396310245293,0.178014987675802,0.863451621507092,0.906618273097338,-7.87951806024915
"Q8N9N2_ASCC1",0.183401476793719,18.5315759375592,3.00234379209661,0.0184524700774814,0.0438102899820947,-4.55350182262191
"Q8N9N5_BANP",0.0325424711321318,19.6556115357254,0.519173417614897,0.618691213912813,0.711262305317813,-7.7474851694209
"Q8N9N7_LRRC57",-0.0568035759754828,18.9413446346796,-0.663717074416561,0.526854567765276,0.630625202844142,-7.65506450813166
"Q8N9N8_EIF1AD",-0.194262130900061,20.0304084056974,-3.29172175931179,0.0121329594705698,0.031506954875172,-4.11141824320631
"Q8N9Q2_SREK1IP1",-0.526871885813184,16.0682402825681,-4.77502853233212,0.00170067280752183,0.00687553866393676,-1.99258542823918
"Q8N9R8_SCAI",0.14353774115968,16.8226582228226,1.77381208521943,0.11675382874171,0.19220133951989,-6.41131792578176
"Q8N9T8_KRI1",0.0450732562902516,19.323375187847,0.894133309965023,0.399190341034206,0.508211516603914,-7.46738765560118
"Q8N9U0_TC2N",0.391884887124174,16.333406533686,1.7025457800805,0.138139400260332,0.219695384853389,-6.23310877151825
"Q8N9V3_WDSUB1",0.256241846686731,16.2395735439593,2.41082133167523,0.0446194507078225,0.0892272300971234,-5.46509900510973
"Q8NA61_CBY2",0.106133884689395,15.8447452610487,1.13376375350932,0.292026183273168,0.396896030421932,-7.22593540051642
"Q8NAA5_LRRC75A",-0.0296358561053296,15.1524116613353,-0.195957474495393,0.855611562138906,0.900488765494485,-7.19167038315789
"Q8NAF0_ZNF579",0.14435128375252,18.3985843319138,1.82861053907479,0.107571777871627,0.179403630416358,-6.33347087951149
"Q8NAV1_PRPF38A",-0.0180543903757417,19.952928302562,-0.297631916165485,0.774106742312957,0.837860097228022,-7.84755683680442
"Q8NAX2_KDF1",-0.155029901227373,16.9677726653727,-1.56600166257672,0.158716200581345,0.245425840097974,-6.69703342566189
"Q8NB14_USP38",0.0680048701187346,17.0125133621662,0.621885600807804,0.552550961237668,0.653807784965481,-7.68391606826239
"Q8NB15_ZNF511",0.255815943738522,16.8997365570138,1.38263932956782,0.208107833683962,0.303333534511704,-6.93345167855346
"Q8NB16_MLKL",-0.738678589939948,18.0689336337826,-7.88478171699734,7.1300445534286e-05,0.000649692379153297,1.50123820441888
"Q8NB37_GATD1",-0.155120827986678,19.506691959893,-2.41150381663205,0.0445734246060816,0.0891764480848753,-5.4640528756811
"Q8NB46_ANKRD52",-0.102308017469213,18.4054371852687,-1.27021267876904,0.242207830515035,0.342522912372816,-7.07043624426967
"Q8NB49_ATP11C",0.567370697263421,18.1213200041085,8.10026882184922,5.94236053270006e-05,0.000567157881054831,1.7027946007507
"Q8NB50_ZFP62",0.266632396095659,16.7979051814374,3.50435250300421,0.0089772442287399,0.0249346511425743,-3.79103410759086
"Q8NB78_KDM1B",-0.0221519774758647,18.0272518869267,-0.319882443572683,0.757835333432319,0.825894672001437,-7.83987450788447
"Q8NB90_SPATA5",-0.416288564413293,18.9821431151484,-7.03176063765597,0.000152901823157954,0.00111859754836608,0.657614132474292
"Q8NBA8_DTWD2",0.139218467362905,19.3535627686497,1.85224515004911,0.103828090990272,0.174300780768694,-6.29961591507495
"Q8NBF2_NHLRC2",-0.388489759457716,20.8189259282284,-8.66254785955602,3.76136015243537e-05,0.000403304324899977,2.20863160042138
"Q8NBF6_AVL9",-0.0476618913097973,20.1348103071878,-0.837561541522572,0.428303920387903,0.536608238506313,-7.51778472796319
"Q8NBI6_XXYLT1",0.162440816663715,17.859736031035,2.44985110072506,0.0420634000358007,0.0850052057292351,-5.40521810450813
"Q8NBJ4_GOLM1",0.484097851769782,17.6941168379025,5.06771296216117,0.00184709783136181,0.00732800359146913,-1.91040971810964
"Q8NBJ5_COLGALT1",0.070487713039995,20.7031567878003,1.31490687570291,0.227537149512764,0.325448364457451,-7.01700244640606
"Q8NBJ7_SUMF2",-0.0402048924217731,18.6794787032332,-0.473630253221627,0.649318915471734,0.736723524603948,-7.77226830839749
"Q8NBJ9_SIDT2",-0.0218766489671225,16.6608287954718,-0.170910160833,0.868840443769288,0.909902081180302,-7.8809162006237
"Q8NBK3_SUMF1",0.105115042139801,17.7612696392719,1.10636836841574,0.302979594419442,0.40923657232096,-7.25567576431901
"Q8NBL1_POGLUT1",0.852648539020485,18.7384659673736,12.3482163682864,3.12958171015643e-06,7.61963445036494e-05,4.94952832461228
"Q8NBM4_UBAC2",0.634492522582647,18.0881742703922,5.4814474415126,0.000746397067524849,0.0036524801933352,-1.09042876486701
"Q8NBM8_PCYOX1L",-0.139239850723794,19.000341134054,-2.43166083502071,0.0432355998513009,0.0870060965683589,-5.43313987602699
"Q8NBN3_TMEM87A",-0.530544869863185,19.461203321088,-5.21096163836183,0.00101476856118425,0.00464267244180344,-1.4275531340354
"Q8NBN7_RDH13",0.373970472676774,20.0666135461411,7.65803908605693,8.6750634730801e-05,0.000749388251431608,1.28429096576515
"Q8NBP0_TTC13",0.185345587358931,16.550559904842,1.82333188638897,0.114591091769451,0.189415977638369,-6.32723281750089
"Q8NBS9_TXNDC5",0.55618004795928,22.5547921121593,10.7022687105789,8.64037493036757e-06,0.000151157131218902,3.83302046197136
"Q8NBT0_POC1A",-0.0609868611624442,16.2646652713917,-0.256173740071165,0.805394548322832,0.861393581691109,-7.86001793185477
"Q8NBT2_SPC24",-0.247925630446655,19.6483683842083,-2.20294941493376,0.0619489465878327,0.115851197814085,-5.78620826609419
"Q8NBU5_ATAD1",0.230516036960161,20.9166678506563,4.74164662725883,0.00177124393865354,0.00708219660617486,-2.03697122550634
"Q8NBW4_SLC38A9",-0.0791325886830059,17.5567755233692,-0.298940775085614,0.774184921755232,0.837860097228022,-7.84638174463038
"Q8NBX0_SCCPDH",1.03358295160327,21.2540596788869,10.8086850547886,9.21313277513033e-06,0.000155828318729804,3.79223439413907
"Q8NBZ0_INO80E",0.0828652938796406,15.4521108799059,0.582322776570326,0.58457014462324,0.681255907872663,-7.61101797606775
"Q8NBZ7_UXS1",0.346613792631693,17.8019591583192,3.59164902281663,0.00794721279093689,0.0226602172540227,-3.66084286365337
"Q8NC42_RNF149",0.110997153103725,16.7413010492214,1.37533067142129,0.2089266817182,0.304295005093473,-6.94295478838387
"Q8NC44_RETREG2",0.146552770029079,16.4223976600111,0.914466147999321,0.38959069415716,0.497980414116617,-7.44807553846964
"Q8NC51_SERBP1",0.0164132286101335,22.9341944834949,0.279812141158371,0.787225815514701,0.847973699428013,-7.85331932512953
"Q8NC54_KCT2",0.524786589657793,18.4486072429634,4.01710922568905,0.00467164951302443,0.0150039368025228,-3.0712225476517
"Q8NC56_LEMD2",0.532253983870678,20.1373419274332,9.47159623487496,2.03141688030126e-05,0.000269886329377051,2.88963164696729
"Q8NC60_NOA1",0.0571499640612565,18.6742854908317,0.86098872087946,0.416069338829771,0.524287142797692,-7.49724131949598
"Q8NC67_NETO2",0.146744213409104,16.494768452248,1.62859679104038,0.159425190980204,0.246273102655821,-6.52843385398773
"Q8NC74_RBBP8NL",0.368016981449443,16.9152615645974,3.00980835107284,0.0182517092654754,0.0434821805342971,-4.54203101403658
"Q8NC96_NECAP1",-0.275857870347235,19.038261746739,-3.1659013918494,0.0145409801275048,0.0364836866015013,-4.30290683174484
"Q8NCA5_FAM98A",-0.185355523241981,21.2396559651715,-3.75278940277455,0.00636435053246553,0.0189912021158076,-3.42280761290756
"Q8NCC3_PLA2G15",0.405330016281056,17.9418969690038,5.68265706306483,0.000597692731460357,0.00308116043965909,-0.846177443577758
"Q8NCC5_SLC37A3",-0.225306442784476,16.2136632960147,-1.71060222408454,0.134494175507804,0.215241358961097,-6.48193558419779
"Q8NCD3_HJURP",-0.390178626787254,16.8914477838221,-3.25670624683504,0.0156045795447604,0.0386449661871375,-4.25863703210499
"Q8NCE0_TSEN2",0.024126774553384,16.8233920636566,0.28344493540574,0.784545210657162,0.845734028423978,-7.85217280119395
"Q8NCE2_MTMR14",0.00628610106397431,18.8220967825985,0.0960131875573109,0.926040020288969,0.950789142507275,-7.89220815727022
"Q8NCF5_NFATC2IP",-0.00207860152226047,19.0002067691058,-0.0256466655158359,0.980212143507211,0.986865247004776,-7.89705281187691
"Q8NCG7_DAGLB",-0.656756455655771,18.7459164070353,-9.70396426006361,1.7162751708308e-05,0.000243430866066818,3.07584530051574
"Q8NCH0_CHST14",0.703580581269815,18.0797877691835,5.42179380061203,0.000813946958582211,0.00389644614800313,-1.17913095861561
"Q8NCL4_GALNT6",-0.314717934857455,18.9241296288097,-5.82456913194449,0.000512608740848808,0.0027539661446164,-0.67718822617899
"Q8NCM8_DYNC2H1",-0.0804058866621737,16.2130165001541,-1.06448511377781,0.32036138910655,0.427651967822521,-7.30012735491544
"Q8NCN4_RNF169",-0.160216964085414,18.2101569672628,-1.47210549051444,0.181899273625717,0.272777549405376,-6.82032827963103
"Q8NCN5_PDPR",0.737400721357844,19.6510003495009,7.89038237513767,7.09599641706382e-05,0.000648645562449675,1.50653308632409
"Q8NCW0_KREMEN2",-0.429211392649576,15.6977961785069,-5.77252002705701,0.000542147723306255,0.00287428525983101,-0.738856816242969
"Q8NCW5_NAXE",0.0580800314988323,21.9802725548154,1.46257601776477,0.184415022278227,0.2758467707527,-6.83261190544076
"Q8ND04_SMG8",-0.225065015783439,20.0007485932146,-4.15536131072439,0.00371533267294213,0.0125532949934963,-2.84239470078408
"Q8ND24_RNF214",-0.0547333997875938,17.5721472023092,-0.819319211700662,0.438004894541359,0.545899481377355,-7.53345625161207
"Q8ND25_ZNRF1",-0.817369061386341,17.3335047747613,-5.07416650626745,0.00183466234696153,0.00728623046364721,-1.65412545772485
"Q8ND30_PPFIBP2",0.833643023384287,17.1489769803161,9.84669799310111,1.55012751023313e-05,0.000226924316652086,3.18827939375332
"Q8ND56_LSM14A",0.115911476138809,19.9172526010961,1.44163695516183,0.190052455921934,0.282232553601018,-6.85944667254949
"Q8ND76_CCNY",0.134587311685323,17.0663402046449,0.854741691295422,0.419459158475706,0.527428497787299,-7.50259508177697
"Q8ND82_ZNF280C",0.0184379899633065,19.0026619348042,0.231646182259665,0.823042385366408,0.875491726189814,-7.86714725204915
"Q8ND83_SLAIN1",-0.17781480149743,16.3779105275428,-1.09008182119277,0.322882251234485,0.429891119938634,-7.17020138018828
"Q8ND90_PNMA1",-0.495338214909442,18.1607549166759,-6.81226795818213,0.000188235435513549,0.00131361284701026,0.427880194354625
"Q8NDA8_MROH1",0.305011987099792,18.4553264253533,1.64100081361243,0.145626711049591,0.229455112525582,-6.59811857969449
"Q8NDC0_MAPK1IP1L",-0.68093928252156,18.9088264830555,-1.92201726491739,0.105810204199255,0.176812898601816,-6.22722981284249
"Q8NDD1_C1orf131",-0.052649555940981,17.1895670690614,-0.632656622916892,0.545863697196133,0.647700647083873,-7.67664808378537
"Q8NDF8_TENT4B",0.180211599624965,17.1820430646895,2.1182749839501,0.069501616179502,0.126932598110916,-5.90890527412075
"Q8NDH3_NPEPL1",0.645223586187576,20.4494887847569,7.56593063368912,9.40705153367226e-05,0.000795406364146906,1.19469564618184
"Q8NDI1_EHBP1",0.105473683665974,18.0934820687135,1.13650126016797,0.290949539810376,0.395643762335525,-7.2229352634539
"Q8NDT2_RBM15B",-0.277615067516003,17.1479784153117,-2.27836126555817,0.0545288915918921,0.104584389417967,-5.66733841019276
"Q8NDV7_TNRC6A",-0.140364995334515,16.6590496201657,-1.18863786966604,0.271056658757339,0.374048403646183,-7.16483876937502
"Q8NDX5_PHC3",0.189922395408388,18.9207304455958,2.96360135672769,0.0195324004795046,0.0458474675056225,-4.61308082523063
"Q8NDX6_ZNF740",0.551266482283967,17.672318766894,3.0141084557926,0.0193900965027866,0.0455834218215878,-4.5721321019694
"Q8NDZ4_DIPK2A",-0.332803060895699,17.9956211637747,-3.77664584191096,0.00616044447104151,0.0185273792215234,-3.38783127865913
"Q8NE01_CNNM3",0.0569653858231334,18.4204002475769,0.744991118315669,0.479096745571829,0.584721363329603,-7.59429114107394
"Q8NE62_CHDH",-0.201068476646522,18.8177155283748,-2.64740031858634,0.0312431005234342,0.0671942640749963,-5.10090592663512
"Q8NE71_ABCF1",0.395101890035029,21.7903603813756,7.74860905809551,8.01692701401956e-05,0.000708548058059879,1.37155783781157
"Q8NE86_MCU",0.664526219460203,19.5933290846711,7.98216726733443,6.56317588318159e-05,0.000610407294731427,1.59287606407793
"Q8NEB9_PIK3C3",-0.136657107089345,17.9085292390987,-1.84365804368802,0.105173607577806,0.176236238330044,-6.31193513459977
"Q8NEC7_GSTCD",0.0248864616029572,17.0431033406214,0.321934568605921,0.75634103356779,0.824736442964735,-7.83913883097952
"Q8NEF9_SRFBP1",-0.041536581480397,18.4300631169725,-0.521940985611332,0.616854802147003,0.710028885248017,-7.74591078897197
"Q8NEJ9_NGDN",-0.257125346908804,18.9981597675268,-4.00103491610214,0.00455380104258241,0.0146893708736466,-3.06237677655055
"Q8NEL9_DDHD1",-0.294745592796929,18.090383682847,-4.27918849911412,0.00316375734950213,0.0110949196958458,-2.66824501739775
"Q8NEM2_SHCBP1",-0.0263302574787012,17.4719667863327,-0.279710102130404,0.787301153504256,0.847973699428013,-7.85335131997586
"Q8NEM7_SUPT20H",-0.210679429231561,16.1787971541106,-2.11275741232719,0.0700848848412242,0.12772322875117,-5.91716001185013
"Q8NEN9_PDZD8",0.29463210969945,16.8369686651569,3.29296822175241,0.0121113403786701,0.0314828960200384,-4.10952775041516
"Q8NEU8_APPL2",-0.0195103887567356,17.320949789677,-0.237745954205914,0.818479710406976,0.871972879885916,-7.86553777263575
"Q8NEW0_SLC30A7",-0.263179044827346,18.0311581007523,-2.07975674188276,0.0736758307674325,0.13269345158957,-5.96641726807009
"Q8NEY8_PPHLN1",0.0790508086030393,19.1876767502606,1.18282906244122,0.273215934661326,0.376280998105897,-7.17140038044873
"Q8NEZ2_VPS37A",0.132595011779021,17.7676877280446,1.93424878522056,0.0917862371794306,0.158434360631462,-6.18095211782767
"Q8NEZ4_KMT2C",0.158383917028296,18.0282149992326,2.4275866526574,0.0435026712204739,0.0874332035710252,-5.43939049939114
"Q8NEZ5_FBXO22",-0.0733875472534358,20.3931472582987,-1.30409598407977,0.231013985019913,0.329681149053059,-7.03003419503406
"Q8NF37_LPCAT1",0.919879610432734,21.8036579972362,8.13773612189638,7.83092449609006e-05,0.000699385721642623,1.47797620508278
"Q8NF64_ZMIZ2",0.106309535012755,17.0523277432472,0.67104818151993,0.522544233531956,0.626938271398588,-7.64970516761179
"Q8NF91_SYNE1",-0.355794334081793,22.210798959208,-3.46656828285818,0.010022310237123,0.0271223227478958,-3.88296898771067
"Q8NFA0_USP32",-0.24008771812597,20.2729124898323,-2.09666317107872,0.0731819052365718,0.131927822965356,-5.94703115974422
"Q8NFC6_BOD1L1",-0.0337115181089089,17.9212274621844,-0.480253939845596,0.644817607473048,0.733248640358687,-7.76879643953809
"Q8NFD5_ARID1B",-0.342178672956237,18.1528215213016,-3.82761161841751,0.00574805333937525,0.0175952313572344,-3.31334587635834
"Q8NFF5_FLAD1",-0.693601821300764,19.8493553192965,-14.1466398552206,1.17859168487825e-06,4.02247028164921e-05,6.01666739695932
"Q8NFG4_FLCN",-0.157664387080658,18.2966781960679,-2.24245783109093,0.0575784189977448,0.109308918112183,-5.72182901743893
"Q8NFH3_NUP43",-0.120259861306153,20.0601386978875,-2.31965904163929,0.051221390197486,0.0997167120091114,-5.60447320276534
"Q8NFH4_NUP37",-0.290171132020021,20.3531809240804,-5.39554248360459,0.000822000544213567,0.00392027084249078,-1.19639701218738
"Q8NFH5_NUP35",-0.253408237481654,19.6529086261031,-3.35980563084337,0.0110100658594393,0.0292655749386846,-4.00835952429648
"Q8NFH8_REPS2",0.312352177941136,16.1720447953785,2.62867759028807,0.036557368055958,0.0762984108074798,-5.13106241170681
"Q8NFI3_ENGASE",0.0878015476096756,17.5298428348796,1.03350993157603,0.333717242035971,0.441250720592601,-7.3321883772609
"Q8NFJ5_GPRC5A",0.591330789486889,17.2609547464994,1.19536168802365,0.293771681050795,0.398842923394304,-6.66074277121463
"Q8NFP9_NBEA",0.0286467761771814,16.1989737581469,0.326882754785474,0.752742454665657,0.822219755096292,-7.83734611974552
"Q8NFQ8_TOR1AIP2",-0.39880372584479,21.00073113511,-3.96433766208365,0.0050142669968315,0.0158274447525916,-3.14717157750882
"Q8NFR3_SPTSSB",0.388711979335731,16.5620639988211,1.76957930579886,0.126915465809626,0.205296751850087,-6.37045705622163
"Q8NFU3_TSTD1",-1.40323354481104,19.583296328067,-10.1650887795466,1.83323673701002e-05,0.00025252423161156,3.09396247915331
"Q8NFV4_ABHD11",0.102573564740844,20.6648524435652,1.98275130448486,0.0853125869828037,0.149043584891118,-6.10996238747289
"Q8NFW8_CMAS",0.125735819869398,20.2049388376279,2.00201289672608,0.0828670831738015,0.145737025733543,-6.08161883235746
"Q8NFY4_SEMA6D",-0.138105822547647,17.0921348784643,-0.911574542334961,0.390510987105328,0.499073302644639,-7.45131316567632
"Q8NFZ0_FBH1",0.102499308225859,16.3631901679575,1.37263759832737,0.209726968304581,0.305228657301117,-6.94629777559365
"Q8NG08_HELB",-0.0598635194971227,15.732825732743,-0.738590112953849,0.48275207272111,0.588243480387772,-7.59929876163111
"Q8NG11_TSPAN14",-0.099380533197273,18.5679838931694,-1.27495561511558,0.240613588466727,0.340772672068938,-7.0648216947772
"Q8NG31_KNL1",-0.630852110447165,17.0028179267222,-7.71800598306171,8.23284001032924e-05,0.000719988291182731,1.34216238393227
"Q8NGA1_OR1M1",0.28007686352786,17.2423507250618,1.59758590219422,0.152809929878777,0.237977574643155,-6.65529092259604
"Q8NH48_OR5B3",0.0178717022600736,16.0819848413651,0.165069982692565,0.873937116572018,0.913349757286128,-7.85738533312163
"Q8NHG7_SVIP",0.889046326137908,19.0202838153601,10.9398921209328,7.39998677263177e-06,0.000134808372623174,4.00374017494206
"Q8NHG8_ZNRF2",-0.29307954358276,17.4104566370344,-3.08971696822197,0.0162411160807273,0.039808699082129,-4.41942636397158
"Q8NHH9_ATL2",-0.756819628963463,19.6527310578291,-9.67507120719913,1.75229386899041e-05,0.000245851053099806,3.05290707770541
"Q8NHM5_KDM2B",0.347340680142128,17.6736396407223,2.89885711302671,0.0214877012013483,0.0494481569289111,-4.71278883034279
"Q8NHP6_MOSPD2",0.0370456074125016,18.5102817841199,0.570812209208939,0.584912785247698,0.681328459013116,-7.7168365113391
"Q8NHP8_PLBD2",-0.481856572834978,19.7642653815496,-5.18573856145672,0.00104478476495502,0.00472346512600895,-1.459511159802
"Q8NHQ9_DDX55",0.0245306953815003,18.8811692525644,0.398068640043232,0.701732276623957,0.779985934107321,-7.80863349786771
"Q8NHU6_TDRD7",0.216537941288479,17.78173294905,2.44999571420209,0.0420542118432152,0.0850052057292351,-5.40499603485611
"Q8NHV4_NEDD1",-0.0931154366286719,18.002431409994,-1.10656281075635,0.302900699188791,0.409202305230307,-7.25546650910204
"Q8NHY2_COP1",-0.134611829451991,15.4707687018298,-2.06740923890948,0.0750655895801408,0.134902781462195,-5.98479508925302
"Q8NHZ8_CDC26",0.0935429163506925,16.139782796848,0.779210742960753,0.459867768477598,0.566048161928353,-7.56689308281213
"Q8NI08_NCOA7",-0.243751078090472,16.7864816982779,-1.99999390775839,0.0831201717132913,0.146081313275428,-6.08459367381151
"Q8NI22_MCFD2",-0.0864958443303756,18.9636806333986,-1.26716625687385,0.2432365581841,0.343786926847374,-7.07403540511446
"Q8NI27_THOC2",0.564913746716961,21.2605229893195,12.8166737924283,2.39752793755113e-06,6.2986601658345e-05,5.24143842091782
"Q8NI35_PATJ",0.000632037407669372,18.2148045137239,0.0104765423364216,0.99191591637657,0.994387251599643,-7.89736311800054
"Q8NI36_WDR36",-0.151619313601078,19.4797533944361,-1.19077546984535,0.271639171453387,0.374595193840989,-7.16138552023641
"Q8NI37_PPTC7",0.162894198643624,16.3915707957558,1.64297569446927,0.156402263855451,0.24248535939463,-6.51146201348204
"Q8NI60_COQ8A",0.621073511349845,19.0888575860831,5.42521131055049,0.000834217641022512,0.00395877955655935,-1.19683447232254
"Q8TA86_RP9",0.0275289168799766,17.8480030460859,0.318208779327895,0.759054861832903,0.82687010810951,-7.8404711196295
"Q8TAA5_GRPEL2",0.269318237127219,24.0254937311189,1.86279230707109,0.106492110418356,0.17779693910206,-6.29304892549699
"Q8TAA9_VANGL1",-0.879414880441093,18.900249391973,-9.65478925810755,1.77808567562997e-05,0.00024805593047794,3.03676893690498
"Q8TAC2_JOSD2",-0.432727557033882,16.8967948093292,-2.46723308757849,0.0417139147497327,0.0844552114040537,-5.38619689322377
"Q8TAD4_SLC30A5",0.0529460364129264,17.6216993891371,0.572296364782171,0.583957432259131,0.680957072852511,-7.71591615366672
"Q8TAD8_SNIP1",-0.33197073659862,18.5255729213618,-5.03102430152688,0.00125175493126077,0.0054559101764473,-1.65750213317216
"Q8TAE8_GADD45GIP1",-0.199769055144198,19.4996555674118,-2.28424230547846,0.0540450680237069,0.103812699759105,-5.65839782781453
"Q8TAF3_WDR48",0.384374922961044,18.093888230561,5.39924320727331,0.000818574411246564,0.00390636789886391,-1.19181097452511
"Q8TAG9_EXOC6",-0.132376485959171,18.4077544503978,-1.33057027908219,0.222579820987427,0.320094569497532,-6.99800283813766
"Q8TAP6_CEP76",-0.0559352382492762,16.6934682377095,-0.57175273245005,0.584307266941248,0.681255907872663,-7.7162535261396
"Q8TAP9_MPLKIP",0.167368738048758,17.2857717695714,1.8951008602514,0.0973565103614705,0.165803190401747,-6.2378251796846
"Q8TAQ2_SMARCC2",-0.130810448797337,19.7312110206547,-2.29478642371526,0.0531884054145197,0.10273505795705,-5.64235822572443
"Q8TAT5_NEIL3",0.0137081504205607,15.3415513617458,0.118950761551294,0.909571173501232,0.938543881956663,-7.79805312008553
"Q8TAT6_NPLOC4",0.211570817647022,21.0686800019696,4.18478826164951,0.00357537263718687,0.0122025552728989,-2.80081665824337
"Q8TAV0_FAM76A",0.060207807300106,16.9267690345439,0.610049456253412,0.559955394955785,0.660626388030397,-7.6917729249217
"Q8TB03_CXorf38",0.330707868820454,19.7602545227291,4.00950300342889,0.00450282177739106,0.0146037629934608,-3.05022299095978
"Q8TB22_SPATA20",0.0933152415237792,17.9378755660892,1.09822900874275,0.306297000621785,0.412714335322974,-7.26441146661599
"Q8TB36_GDAP1",0.153861109387279,18.1852460001349,2.02492637640283,0.0800470974411788,0.141755862853327,-6.04779527428907
"Q8TB37_NUBPL",0.0480138250231796,18.0355918128262,0.690886605706098,0.510566698609925,0.615562594365695,-7.63543284234184
"Q8TB40_ABHD4",0.314736112596758,16.524470761181,3.09939075883371,0.0192201473423854,0.0452117004407805,-4.4483539013626
"Q8TB45_DEPTOR",-0.032812179034142,15.2828982077757,-0.588200760444305,0.573775322414655,0.671850565149339,-7.70591641935294
"Q8TB52_FBXO30",-0.393573566890911,17.653805391403,-5.31752523907777,0.000898047477411149,0.00420684617941681,-1.29352044232864
"Q8TB61_SLC35B2",0.704977328303105,21.0954889352966,12.0447894715412,3.73775343272645e-06,8.60696535939569e-05,4.7547145175681
"Q8TB68_PRR7",-0.278138314677545,15.7224104731877,-1.25442194681207,0.273834251212799,0.376793113611219,-6.44699050462596
"Q8TB72_PUM2",-0.750778015864839,18.0945424649284,-9.72999618838014,1.68453514658543e-05,0.000239373070551034,3.09646026308754
"Q8TB96_ITFG1",-0.0612674847612986,17.8586840017165,-0.588533873152375,0.573563154208308,0.671705011323914,-7.70570430447649
"Q8TBA6_GOLGA5",-0.175942068807711,19.471155975486,-2.72037321112171,0.0280113655116544,0.0614129306958985,-4.98823300770802
"Q8TBB5_KLHDC4",-0.477307741624792,19.7349549910253,-3.73542799956793,0.00703516607019588,0.0205753039811199,-3.49809515075252
"Q8TBC3_SHKBP1",-0.323808708874971,17.0185820883061,-3.34322518053786,0.0112729281972695,0.0297588177030818,-4.03341854416743
"Q8TBC4_UBA3",0.62045045917554,19.4119451267128,9.30636193646086,2.29514170865912e-05,0.000294896779205025,2.75475748191867
"Q8TBE0_BAHD1",0.0133258582465778,16.7762244139678,0.145620241743934,0.888080151426278,0.92322175110877,-7.88543405793095
"Q8TBE9_NANP",0.240704838390311,17.8952310868345,2.96779199987771,0.0194124506181688,0.0456219443516447,-4.60663300555157
"Q8TBF2_PRXL2B",-0.308414778403428,18.5413777869411,-4.36490783624557,0.00283445563998438,0.0101414098458336,-2.54894281170433
"Q8TBF4_ZCRB1",0.384992041305082,18.0082661187394,4.84004170581736,0.00157192666185382,0.00649588071884999,-1.9065996683308
"Q8TBF5_PIGX",0.602866254091339,17.431890080301,4.37112499999172,0.00281206960994747,0.0101073211885512,-2.54033011403232
"Q8TBK6_ZCCHC10",-0.0188980702126322,16.4490939375218,-0.0803187021827515,0.939149151862104,0.959245584367458,-7.75495416091286
"Q8TBM8_DNAJB14",0.0628523358027095,18.146673372367,0.757940801498036,0.471757928749044,0.578071704646007,-7.58404678436522
"Q8TBP0_TBC1D16",-0.144873130347285,15.3137705367795,-1.69339171306022,0.158263462967629,0.244874352233865,-6.39541244299264
"Q8TBP6_SLC25A40",0.0926133363801007,18.0318951292669,0.64204967891004,0.540525662538766,0.642490698610476,-7.66971206511486
"Q8TBQ9_TMEM167A",0.52879286349128,19.8208846977505,2.36063054298627,0.0539229587533305,0.103682349011371,-5.58655623965489
"Q8TBX8_PIP4K2C",0.201304182142003,20.9948135667366,4.47707953546648,0.0024587968681274,0.0091304175946433,-2.39439133675241
"Q8TBZ3_WDR20",0.0182036487268213,17.9496805544183,0.27668452208911,0.789536108872605,0.84978228246249,-7.85429481185261
"Q8TBZ6_TRMT10A",-0.605461293915578,16.6279800815006,-7.14794582518202,0.00013724311611301,0.00102860667381489,0.777040885150457
"Q8TC07_TBC1D15",0.1639083500006,19.8618300785908,3.4327094146839,0.00992944765704645,0.0269574516762302,-3.89848719665517
"Q8TC12_RDH11",-0.523532892615204,21.4798584569606,-7.06657906330209,0.000148009201958269,0.00109115752070488,0.693560210105941
"Q8TCA0_LRRC20",-0.090685680838746,18.8416989016744,-1.46028735053301,0.185023842766594,0.276595087593002,-6.83555546471897
"Q8TCB7_METTL6",-0.0386474136529671,15.36386691155,-0.518030190845135,0.624755883930648,0.716402989747983,-7.60412222941612
"Q8TCC3_MRPL30",-0.176198526351385,19.2403839066111,-2.34063590841302,0.0496195935008808,0.0972920729197829,-5.57247135222245
"Q8TCD1_C18orf32",0.578393875330896,17.6182240471787,7.80817367579781,7.61462074364917e-05,0.000684867948061152,1.42850630393654
"Q8TCD5_NT5C",-0.314084779640357,18.3425829423651,-2.15623555541428,0.0670285718203798,0.123329345744116,-5.85900640879688
"Q8TCE6_DENND10",-0.430093219848679,17.0746065359605,-4.75621704441962,0.00174005358458548,0.00698671725533404,-2.01757823356067
"Q8TCF1_ZFAND1",0.0478918683296854,18.6409917911683,0.67924540997176,0.51750625973121,0.622260987047043,-7.64392952856234
"Q8TCG1_CIP2A",-0.622396651763982,18.7241589804419,-5.75311670434253,0.00055363850862701,0.00291776748140961,-0.761938283466313
"Q8TCG2_PI4K2B",0.42713996149967,17.7263741699126,5.56889345372455,0.000677254965538759,0.00338116739902564,-0.983600363814261
"Q8TCJ2_STT3B",0.0289721654117301,20.2009235628883,0.389603622618698,0.707719733128692,0.78447402635477,-7.81233225771346
"Q8TCN5_ZNF507",-0.1906019188924,15.4620030548366,-2.50153177735757,0.0503671398796231,0.0985303951841655,-5.34441105717718
"Q8TCS8_PNPT1",-0.48521798362075,21.4005390854298,-9.17630100741955,2.52992451269533e-05,0.000316005173777426,2.64711577406118
"Q8TCT7_SPPL2B",-0.0473395368448166,16.3994526914572,-0.387718144760931,0.716041522675145,0.791861339628451,-7.57697375367178
"Q8TCT8_SPPL2A",-0.500765794192635,20.6018953589231,-5.18683333953993,0.00106650702352736,0.00480745648282233,-1.47472550050682
"Q8TCT9_HM13",-0.00615322180562217,21.712097329352,-0.0278063415238102,0.978692494266423,0.985784468862557,-7.89697678426944
"Q8TCU6_PREX1",1.22377102346984,22.7589777860246,16.4914678016726,3.87730063952243e-07,2.1273154427722e-05,7.22039593030759
"Q8TCX1_DYNC2LI1",-0.373280488276766,15.9621856278027,-1.47997238321678,0.202040809499118,0.296639521532698,-6.60086170484454
"Q8TCY9_URGCP",0.0350265075020104,17.6034684879265,0.427804993643394,0.680878924761644,0.764139662331586,-7.79503805888858
"Q8TD16_BICD2",0.328651082700681,18.7134470177143,4.0231421448759,0.00442200827075973,0.014410167617203,-3.03066755432758
"Q8TD19_NEK9",-0.536054072332368,15.6865306427627,-7.03996726065678,0.000619581619963601,0.00315780098974782,-0.393709873529902
"Q8TD22_SFXN5",0.219598497067715,17.7629039198316,2.88956053659268,0.0217848670402822,0.0499817078950262,-4.7271183796845
"Q8TD26_CHD6",0.192905083522504,17.6286758452216,2.86326598173499,0.0226488736845266,0.0515636210000614,-4.76766265547008
"Q8TD30_GPT2",0.904097758749185,19.1486951856501,8.78510799349793,3.41575369242802e-05,0.000382894970360883,2.31521592944723
"Q8TD43_TRPM4",-0.122248027827368,18.7175548222216,-2.17946107010657,0.0633476421348211,0.118062585109875,-5.81702385593987
"Q8TD55_PLEKHO2",-0.172498812931336,15.444206379949,-2.04830039845751,0.102718132465045,0.172854968676044,-5.94229468188682
"Q8TDB6_DTX3L",0.49414589024364,17.7921032089978,2.07507221391959,0.0788742388563103,0.140103085295794,-5.99158905284808
"Q8TDD1_DDX54",-0.0862621159404213,21.1857412735228,-1.93467977616274,0.0917266639367254,0.158367286765191,-6.18032381363766
"Q8TDH9_BLOC1S5",-0.223728600235994,17.6000429533023,-2.61212869170415,0.0329409716499969,0.0701682162898374,-5.15534033382273
"Q8TDJ6_DMXL2",-0.580250726561463,18.2404939289754,-6.69527272168925,0.000210731995714086,0.00143853838518668,0.303173788551939
"Q8TDM6_DLG5",-0.693845790245298,17.4486690935318,-8.91850465112524,3.07952201911032e-05,0.000361088126320528,2.42979464762398
"Q8TDN4_CABLES1",-0.217110436597828,15.9598792891309,-1.36888373334311,0.212002379256706,0.307602617084365,-6.95055177582146
"Q8TDN6_BRIX1",0.243201728557324,21.6858113913961,3.71019993075174,0.00674668614570529,0.0199684148602079,-3.48542135030925
"Q8TDP1_RNASEH2C",-0.360421445157147,19.1457340962341,-5.41792766994176,0.00080151561712925,0.00384415739833947,-1.16868561098376
"Q8TDQ7_GNPDA2",0.00379405353399775,19.0003888886428,0.0406754872208541,0.968622466095812,0.978865664679773,-7.89648845550362
"Q8TDW5_SYTL5",-1.33034940970466,16.9190739782096,-6.47989718446345,0.00477251738900827,0.0152278361598365,-1.61438527156185
"Q8TDX7_NEK7",0.113777768186409,18.5549515127668,1.15836572175813,0.282466065035932,0.386237357753478,-7.19879140844052
"Q8TDY2_RB1CC1",0.100845068843238,16.619123357004,1.18704086937424,0.271648888771019,0.374595193840989,-7.16664492090823
"Q8TDY4_ASAP3",0.169319487309112,15.3996299430529,2.00828716549242,0.0880097638637234,0.153230390511994,-6.06702421981332
"Q8TDZ2_MICAL1",0.216472922076548,17.1133176116099,1.09884073663121,0.327625194058584,0.434785106754707,-6.51927804729374
"Q8TE02_ELP5",-0.0501802245359642,15.5285733625938,-0.710850899911707,0.502038240172012,0.607964889294318,-7.55739243587706
"Q8TE04_PANK1",0.064837797489556,16.4974040974249,0.334640604085803,0.747516725909638,0.817212265062089,-7.83416939612493
"Q8TE68_EPS8L1",-0.721869990099307,18.6369771643989,-8.92634586855191,3.06094649932973e-05,0.000359461382294559,2.43648400423976
"Q8TE76_MORC4",-0.433072311708667,16.8782329779328,-3.83754624433107,0.0151109047403382,0.0376664058493269,-3.78168286116092
"Q8TE77_SSH3",-0.683708839362112,19.8493187038122,-13.6297054873761,1.54132309782154e-06,4.73229521399425e-05,5.72424581654203
"Q8TEA1_NSUN6",0.411396905499199,16.7733163940938,4.11517961548092,0.00533916759464552,0.016599404742198,-3.08767173746049
"Q8TEA7_TBCK",-0.146277370538165,16.2605125437797,-1.86246618877138,0.102248073237011,0.172253530166802,-6.28492519184795
"Q8TEA8_DTD1",0.0120700051345075,21.3356274448241,0.183678988468368,0.85916112317778,0.903085585750435,-7.87836301736282
"Q8TEB1_DCAF11",-0.225752042331344,18.8985089363133,-2.74290033484008,0.0270852550646342,0.0596734221813051,-4.9534457223857
"Q8TED0_UTP15",-0.484092415987419,19.00256412952,-3.81147577880529,0.00621203971973211,0.018645875012702,-3.37366538362847
"Q8TEL6_TRPC4AP",-0.321414340037734,17.093674202048,-2.87301259407862,0.0223245073404352,0.0510074293537439,-4.75263173443346
"Q8TEM1_NUP210",0.23088910906981,21.3489071580801,4.7988824940104,0.00165213651997652,0.00672197109910619,-1.96096612410025
"Q8TEQ6_GEMIN5",-0.459189493506788,21.5407847276391,-10.1563543121065,1.24832949883785e-05,0.000194608376869713,3.42727869232634
"Q8TEQ8_PIGO",-0.294031643086637,17.9887259570059,-3.47918399522598,0.00930012501997869,0.0255730689410556,-3.82872218622084
"Q8TEU7_RAPGEF6",0.0632466254629058,17.2411732761747,0.712485201075307,0.497848498189501,0.603943473287644,-7.61933303036016
"Q8TEV9_SMCR8",-0.0733210511889304,17.8617889195093,-0.821669394690848,0.436746564339898,0.544597534558558,-7.53145338877799
"Q8TEW0_PARD3",-0.181490586608366,18.9866291912938,-3.12558299602711,0.0154159501832162,0.0382025734686184,-4.36452252678883
"Q8TEX9_IPO4",-0.584369434881161,22.6457171524092,-11.2834478429434,5.94574865508961e-06,0.000118682110882924,4.24459105250055
"Q8TEY5_CREB3L4",0.2797047620938,16.2324243466818,2.51375815395433,0.0381960529769174,0.0789297555875049,-5.30695855741386
"Q8TEY7_USP33",-0.228205422172071,17.2973659613388,-2.49554853983931,0.0392594759826412,0.0805741460100112,-5.33498001620871
"Q8TF05_PPP4R1",0.156332651901643,19.934955806882,2.89171241852778,0.0217157016166855,0.0498847773015507,-4.7238012644643
"Q8TF39_ZNF483",-0.147390587788065,15.7758438450976,-1.24945614054921,0.289417804484068,0.393843844810567,-6.77604579855619
"Q8TF40_FNIP1",0.241453031121655,16.4698705398391,3.14460275132746,0.0149964505891028,0.0374177104287502,-4.33544183286096
"Q8TF46_DIS3L",-0.0336444094231219,16.2418140846148,-0.38399201172409,0.711701067832017,0.787859059307235,-7.81474215692997
"Q8TF47_ZFP90",0.650766954562929,15.4320214096613,5.93790482220675,0.00632404734215808,0.0189152354971825,-2.27535390186743
"Q8TF50_ZNF526",0.0296873072576798,15.1697479017842,0.404960405110102,0.700899543693904,0.779513676395097,-7.66340497200139
"Q8TF68_ZNF384",1.22048049996204,17.6181669294566,10.7850252306155,8.18358291889417e-06,0.000143824118195278,3.89286952440666
"Q8TF72_SHROOM3",0.818966998938208,18.5569681815759,13.1968310297318,1.94395432188611e-06,5.5042706632664e-05,5.47081403332902
"Q8TF74_WIPF2",-0.172112692437146,18.9519342209238,-2.04762753289269,0.0773460791736611,0.138189010348829,-6.0141758853593
"Q8TF76_HASPIN",0.0451981755440443,16.5097882793778,0.432600859579136,0.677542611572344,0.761849281581198,-7.79275800599176
"Q8WTS1_ABHD5",-0.496091739585847,16.9956047398911,-5.69460505606717,0.000589956491214807,0.00304950464863908,-0.831845982489512
"Q8WTS6_SETD7",0.051583068543902,19.9733265505253,0.948059426012176,0.372806319642694,0.481680634387088,-7.41688999807535
"Q8WTT2_NOC3L",-0.42382831298923,19.666487823706,-5.65667985714228,0.000614903605925627,0.0031423382802817,-0.877403020071398
"Q8WTV0_SCARB1",-0.0334491254625355,20.6580416478282,-0.494571758278835,0.63514146760026,0.725482820828327,-7.76113697531983
"Q8WTW3_COG1",0.140531543831447,18.9906139339422,1.50307890632615,0.173933885417419,0.263663195394961,-6.78010364302844
"Q8WTX7_CASTOR1",-0.105754221943389,15.3348846791145,-0.986797104551888,0.387682167020113,0.495872539211773,-7.05254092762948
"Q8WU17_RNF139",0.296974002069149,17.717259122483,2.63431150938926,0.0318623695180546,0.0682318809427248,-5.12110871876292
"Q8WU76_SCFD2",-0.439361278639918,17.8121289718001,-6.54984277154938,0.000242983110908754,0.00159588134269538,0.145920627507072
"Q8WU79_SMAP2",0.0432713134722391,19.5782297662759,0.551105645001976,0.597680824230907,0.692838499051597,-7.72884885114537
"Q8WU90_ZC3H15",0.126130828250851,20.1787306346832,1.93800990262401,0.0912676234840285,0.157681577748113,-6.175467556353
"Q8WUA2_PPIL4",-0.0316179559811651,19.1028964648623,-0.585664439330079,0.575392248464625,0.673145592828629,-7.70752787282844
"Q8WUA4_GTF3C2",-0.474890813204592,20.1355460859743,-8.26789307890082,5.17112298738473e-05,0.000512088539359537,1.85656911946351
"Q8WUA7_TBC1D22A",0.107370007628337,17.7817714768161,1.06641289515778,0.319544318149937,0.42693399375328,-7.29810887296549
"Q8WUA8_TSKU",-0.0722032054194841,16.7903725255213,-0.515930710734338,0.637120923545698,0.727190662430956,-7.43918025280232
"Q8WUB8_PHF10",0.145476035170553,17.7589744435599,1.88425288517676,0.0989569425625394,0.167930261019004,-6.25351375984195
"Q8WUD1_RAB2B",-0.151188590695671,17.4975094866215,-1.47479442520382,0.18119499107007,0.271880652728896,-6.81685427473731
"Q8WUD4_CCDC12",-0.0403239450367856,19.3612455038494,-0.685684873485496,0.513660261956703,0.618414598843936,-7.63924521308817
"Q8WUD6_CHPT1",-0.0215269433726597,17.3609522694543,-0.18694519579934,0.858458364732889,0.902490951372791,-7.78582267894662
"Q8WUF5_PPP1R13L",0.0236340567962898,19.8702443246911,0.367432210009245,0.723505204158647,0.796887665436227,-7.82165756541968
"Q8WUF8_FAM172A",0.314237342201089,17.2082682762469,3.28521040776065,0.0122465638153675,0.0317480435294964,-4.1212961132015
"Q8WUH1_CHURC1",-0.619428876064255,18.645436734952,-7.42784251010882,0.000106375007464775,0.000856940918933828,1.05874892751637
"Q8WUH2_TGFBRAP1",0.109427497709767,17.9595636750769,1.26516068082673,0.243915835018799,0.344619582095494,-7.07640182700764
"Q8WUH6_TMEM263",0.909141827922586,17.5045341074873,10.9207886328442,7.49191827699073e-06,0.000135693580354321,3.99014247808658
"Q8WUI4_HDAC7",0.552925933877898,17.3096427448433,7.02192418007564,0.000154316553367833,0.0011249157893419,0.647434723625745
"Q8WUJ0_STYX",0.015855618722604,17.1955828065656,0.131746538565781,0.898669761812866,0.930812942563251,-7.88760756511112
"Q8WUK0_PTPMT1",0.892800171924467,18.9314688176496,10.8705441156005,7.73991445990579e-06,0.000138900577572722,3.95427362011035
"Q8WUM0_NUP133",-0.223380664967888,19.4313612626243,-4.262040453093,0.00323451587379375,0.0112706808820206,-2.69223487232666
"Q8WUM4_PDCD6IP",-0.0249891084573228,22.3789608346026,-0.587133500348527,0.574455391709103,0.672440892606965,-7.70659527736142
"Q8WUM9_SLC20A1",-0.486826451225575,16.4619444685695,-2.99877219796857,0.0189459376476784,0.0447042263322536,-4.57058811232586
"Q8WUN7_UBTD2",-0.42883463861294,16.6296791115581,-4.50225584705131,0.00238218319365496,0.00892297428490553,-2.35994861523599
"Q8WUQ7_CACTIN",-0.0367547816948957,17.5601564225622,-0.491195539822042,0.637416454599758,0.727320715733605,-7.76296212760385
"Q8WUR7_C15orf40",-0.265458335198648,18.3903079319256,-2.75128235439918,0.0267488256373541,0.0590513346802113,-4.94050227181022
"Q8WUU5_GATAD1",0.0140191630830238,16.7092273248091,0.169287326535298,0.870072368856774,0.911067423628275,-7.88122762910287
"Q8WUW1_BRK1",0.348695392619959,19.9737515511386,5.78896832991266,0.000532613802930489,0.00283553796894401,-0.719329763013172
"Q8WUX2_CHAC2",-0.637270169543694,18.0943110794375,-7.50820060014057,9.90097005254695e-05,0.000817877032065572,1.138100116823
"Q8WUX9_CHMP7",-0.0907033185128654,18.043205241207,-1.36088323110946,0.213251438268394,0.309004405906344,-6.96084292165682
"Q8WUY1_THEM6",1.0825758821946,22.3204081149567,17.1443842479429,2.92203362968983e-07,1.71838054607529e-05,7.5242622349789
"Q8WUY8_NAT14",-0.173238728272512,17.7894437346696,-1.2006055573638,0.267298688191415,0.37001947157184,-7.15077719072217
"Q8WUZ0_BCL7C",-0.0560273338998591,18.0054984017367,-0.396408369203152,0.70315359492882,0.781225001196168,-7.80914677216443
"Q8WV07_LTO1",-0.451569721567306,16.4065224375322,-5.39369289159396,0.000823718835981692,0.00392384095479465,-1.19868978767497
"Q8WV16_DCAF4",0.257497461935188,16.6599795670274,3.06416404480391,0.0168573753591336,0.0408866226588123,-4.4585923923187
"Q8WV22_NSMCE1",-0.338455558530157,19.7768254059354,-4.69770932999261,0.00186907361719078,0.00737804351465649,-2.09563522595176
"Q8WV41_SNX33",-0.0802949368807369,17.3072496322282,-0.920790234496356,0.385981348015729,0.494090266018708,-7.44271943102655
"Q8WV44_TRIM41",0.475591424016365,16.7372336327781,4.95639596309609,0.00136742172602682,0.00584345393821971,-1.75422002722344
"Q8WV74_NUDT8",0.916135182501442,18.8850595624513,11.0432286496096,6.92421296639488e-06,0.000129426914738603,4.07691523543478
"Q8WV93_AFG1L",0.00552095518271223,15.4776691771875,0.0589333334505758,0.955103456022849,0.969690029388403,-7.75677551232947
"Q8WV99_ZFAND2B",-0.012904522352823,15.555203089215,-0.140555816826638,0.891943075842762,0.925978383326713,-7.88625253759923
"Q8WVB6_CHTF18",-0.466524430917659,18.1193832463649,-6.78439424009001,0.000193341281801,0.00134128321176828,0.398313254981479
"Q8WVC0_LEO1",-0.287178596930559,20.2349894974651,-4.31953885136541,0.00300382431681879,0.010636615651855,-2.6119577751642
"Q8WVC6_DCAKD",0.678576947794362,18.8339599724375,11.023778262826,7.01106672520241e-06,0.000129438352839617,4.06319058093834
"Q8WVD3_RNF138",0.242998415622001,16.6977979734806,1.07842463420641,0.322579756544535,0.429712883565599,-7.25365661934404
"Q8WVE0_EEF1AKMT1",0.245637614769219,18.3994910540712,3.77849868597253,0.00614490532181642,0.0184951973170419,-3.38511772574141
"Q8WVF1_OSCP1",0.479743020165916,16.5681385765777,3.51729446638256,0.0088159061825123,0.0245886912678973,-3.77168054592722
"Q8WVI0_SMIM4",0.0867938376638797,17.3517034644382,0.793381908318715,0.452059557292194,0.55904162334177,-7.5552407434065
"Q8WVJ2_NUDCD2",0.208810229776439,21.4680731862589,4.20108338799434,0.0035003457250409,0.0119904144798575,-2.77784422631085
"Q8WVK2_SNRNP27",0.181769692168228,19.5714314271689,2.40126635451705,0.0452689217693387,0.0902662772369833,-5.47974127468635
"Q8WVK7_SKA2",-0.200083076221336,17.0705556041324,-2.35935832832967,0.048232728127165,0.095060378069651,-5.54387216467194
"Q8WVM0_TFB1M",0.59422340441299,18.5864833149864,8.33206123441637,4.90613903713978e-05,0.000492223529382331,1.91475428825676
"Q8WVM7_STAG1",-0.332024237391742,19.5914300788945,-6.4774435179578,0.000261062225764801,0.00167294276275935,0.0666949895441382
"Q8WVM8_SCFD1",-0.174922746331436,20.8375855189271,-3.25824034967763,0.0127292964117739,0.0327551232137365,-4.16224891933598
"Q8WVN8_UBE2Q2",0.0935095356899609,15.6653862825176,0.533234537225954,0.614873486869792,0.708898779538465,-7.25461358059687
"Q8WVP5_TNFAIP8L1",-0.18633152141336,15.7398786308256,-1.59125642776331,0.197760995743433,0.291982003178553,-6.38339649332859
"Q8WVP7_LMBR1",-0.0887177541798376,15.696134900309,-0.764495751886359,0.493400421963882,0.599308265953905,-7.25688347833709
"Q8WVQ1_CANT1",0.344040083875836,19.2673954060094,6.20412797251785,0.000344148144955615,0.00204748059780986,-0.238163128357359
"Q8WVR3_TRAPPC14",-0.0282602913773289,16.121821046645,-0.400003032017021,0.700367172633555,0.779261684584999,-7.80777757514531
"Q8WVS4_DYNC2I1",-0.129462388675448,15.7246353393001,-1.84188176715844,0.105454011221245,0.176449095160082,-6.3144807572044
"Q8WVT3_TRAPPC12",-0.145381681018389,18.0140348224706,-2.46588941731403,0.0410567531887108,0.0833233018655943,-5.38058126196142
"Q8WVV4_POF1B",-2.19079284943045,16.2881012062193,-16.1047064880922,4.60788662032708e-07,2.29753544947439e-05,7.03442596937778
"Q8WVV9_HNRNPLL",-0.0898027499044147,19.74227509185,-1.62564765229363,0.14542512144195,0.229326537422382,-6.61671688421209
"Q8WVX9_FAR1",1.72185915267865,19.5385138366828,12.601814046825,4.32759424557471e-06,9.4902402047243e-05,4.69067629212483
"Q8WVY7_UBLCP1",0.10366465669923,19.423442531617,1.16634636437937,0.279420496406789,0.382963373078147,-7.18989907342192
"Q8WVZ9_KBTBD7",0.160429324247708,17.0209776071909,0.873947948996588,0.410330177365482,0.518336782213996,-7.48465735505144
"Q8WW01_TSEN15",-0.308734740491822,17.7490129844197,-1.90526777476115,0.0973346321116378,0.165802865974481,-6.22655803688287
"Q8WW12_PCNP",0.0885430161284653,21.299417605393,1.27678929089376,0.239999636349602,0.340157059427293,-7.06264744406964
"Q8WW22_DNAJA4",-0.684098966407916,19.7882260358796,-6.0989804914846,0.000420958204945642,0.00237507415262689,-0.431888360940651
"Q8WW35_DYNLT2B",0.178191659443666,16.6160417821102,1.25171268846957,0.248512319082732,0.349721810068999,-7.09220659460729
"Q8WW59_SPRYD4",0.70034003926779,21.6784210437947,14.9351386739319,7.96304180166472e-07,3.03333908324132e-05,6.44274477303363
"Q8WWC4_MAIP1",0.364317567098183,20.4853103453828,5.63810154105777,0.000627549085575109,0.0031856658427767,-0.899790641759942
"Q8WWH5_TRUB1",0.0539893101582756,19.9252177376313,0.938962693496084,0.377163502081295,0.485553137117157,-7.42557256204224
"Q8WWI1_LMO7",0.15563945902791,16.7664919597691,1.04791104727478,0.327454431331395,0.434691635271491,-7.31736987880225
"Q8WWI5_SLC44A1",1.17478738272306,19.2172369745107,12.1688778900325,3.47422306495434e-06,8.14737280109692e-05,4.8349462456179
"Q8WWK9_CKAP2",-0.426404384966908,18.4002556460081,-6.38462811613055,0.000286468432623421,0.00178197816713267,-0.0358003697883618
"Q8WWL2_SPIRE2",0.291156310831564,15.2762150881192,1.86703127275915,0.146447991274515,0.230369319607751,-5.67408075910363
"Q8WWM7_ATXN2L",-0.240059975507645,21.4803430960928,-4.536435266069,0.00228232037187346,0.00863351768578556,-2.31333363428183
"Q8WWQ0_PHIP",0.316794181105379,18.6572604440054,3.88730767673318,0.00530256305295683,0.0165259252098879,-3.22651792606553
"Q8WWV3_RTN4IP1",0.000921030200817796,17.8365048960982,0.0100887536845904,0.99221513656288,0.994395142783967,-7.89736763407612
"Q8WWY3_PRPF31",0.115262739369506,20.9526231517669,2.06611002331073,0.0752133145985332,0.135073006837159,-5.98672711315341
"Q8WX92_NELFB",0.19012831612244,20.1389394093039,2.91354879847774,0.0210267000794479,0.0486087457234289,-4.69014930520491
"Q8WX93_PALLD",0.852585661395185,19.5947671138846,10.6300705178114,9.06244271248693e-06,0.000153960832304361,3.7804588797586
"Q8WXA3_RUFY2",0.399038746615194,18.2095249296913,4.77646763429713,0.00169770066766482,0.00687078962641478,-1.99067553535564
"Q8WXA9_SREK1",-0.0675790481931955,19.4110869705364,-1.20800306105224,0.263960230036081,0.366504896226996,-7.14280658563519
"Q8WXD5_GEMIN6",-0.139916779648615,18.354939873098,-1.21407149602985,0.261768562979893,0.364255672366451,-7.13585307677975
"Q8WXE0_CASKIN2",-0.0437355340055738,20.6770130560898,-0.585637232050989,0.575409607473524,0.673145592828629,-7.70754512457484
"Q8WXE1_ATRIP",-0.142418051596415,18.5507578737171,-1.65354308824904,0.139568759990784,0.221553814395669,-6.57866184983661
"Q8WXE9_STON2",-0.258925059000306,15.7571977994696,-2.29043867922564,0.0662278584697566,0.122203638476858,-5.63663155735616
"Q8WXF1_PSPC1",0.2127629029453,21.8480960323835,3.81362095846188,0.00585820676780939,0.0178359182556363,-3.3337606030296
"Q8WXG6_MADD",0.228759793693136,18.8744555947675,4.08154600224307,0.00409332504362373,0.0135940356031726,-2.94721167261728
"Q8WXH0_SYNE2",-0.254010703358599,18.8728338940237,-3.80953579629062,0.00589079901738542,0.0179066236532451,-3.33972617575524
"Q8WXI9_GATAD2B",-0.402900262807488,20.0146724680311,-5.38855849981442,0.000828509585602536,0.00393657910623455,-1.205056921741
"Q8WXX5_DNAJC9",-0.225593086737241,21.0846601411836,-4.00171252042545,0.00454969880932706,0.0146823332196308,-3.06140389692324
"Q8WY22_BRI3BP",0.370231268327842,21.1304423334237,4.35477059982573,0.00287137483318371,0.0102394718078705,-2.56299771630415
"Q8WY54_PPM1E",-2.94449005946193,18.0629309685978,-20.1050614730793,1.26416505718005e-07,9.51450768248797e-06,8.46171014202558
"Q8WY91_THAP4",0.142493193236337,17.6580128725874,1.52019157276097,0.16966929346291,0.258390786558555,-6.75768772049024
"Q8WYA0_IFT81",-0.176260760860337,16.3944708129214,-2.51833793384259,0.0379332675889467,0.0785481664998639,-5.29990843757924
"Q8WYA6_CTNNBL1",-0.24664984729959,21.281711246747,-4.84667565640925,0.00155940365041489,0.00645110438713305,-1.89785969602237
"Q8WYH8_ING5",0.0383586879865447,19.0746795707002,0.468225893968031,0.653003140663216,0.740354294879177,-7.77506741623163
"Q8WYL5_SSH1",0.0264928170238612,16.1974528573491,0.248358982222662,0.810558927008023,0.865584997482377,-7.86263927328196
"Q8WYN0_ATG4A",0.254173430851484,18.0926197044248,2.99220360259099,0.0187289196415674,0.0442878412186151,-4.56908873814624
"Q8WYP5_AHCTF1",0.00142611174323193,20.9816982118906,0.0225014525510598,0.982638356738901,0.988586687362666,-7.89713856160256
"Q8WYQ5_DGCR8",-0.0914483707253169,18.3133283275274,-1.51178605213395,0.171752039836948,0.260965616008841,-6.76871493878145
"Q8WYQ9_ZCCHC14",-0.0959593565014529,15.7179604769666,-1.02386325053238,0.349129949698104,0.457115681699265,-7.24009965481255
"Q8WZ42_TTN",0.015888800140349,20.7760111423668,0.306247917373772,0.767791200459529,0.833773131796051,-7.84464606888684
"Q8WZ73_RFFL",-0.203875002518032,15.5277878648728,-1.40917760759023,0.205080258838334,0.300064799773983,-6.61274335725624
"Q8WZ82_OVCA2",-0.832874495843029,21.127847703391,-11.2041316327379,6.25045151664146e-06,0.000122211513669371,4.18959828295772
"Q8WZA0_LZIC",-0.225212503713159,19.4585521290009,-3.11315520543673,0.0156967448439883,0.0388197716983151,-4.38353751794808
"Q8WZA1_POMGNT1",0.678521087832845,17.0047191297374,7.22318939589889,0.000128061000690061,0.000978048301973541,0.853596035964113
"Q8WZA9_IRGQ",-0.0688743132544793,20.1019632722941,-0.997885220386719,0.34961089091557,0.457588642535445,-7.36818073871011
"Q92187_ST8SIA4",-0.500554914790925,18.0513331797039,-4.32226695228253,0.00299333389354357,0.0106183987034213,-2.60816041550658
"Q92466_DDB2",0.60961575638904,19.55434738441,10.3039018436676,1.12824786758821e-05,0.000182221377623249,3.53885978920759
"Q92484_SMPDL3A",-0.187380532316372,16.5547109514589,-2.39715357819941,0.0455514230437151,0.0907112865770258,-5.48604154877734
"Q92485_SMPDL3B",-1.56864230309701,16.3157220920761,-14.6799784837769,9.02068819787452e-07,3.29804202703334e-05,6.30739458543993
"Q92499_DDX1",-0.170950459242697,22.7727757910443,-3.95908859770459,0.0048157201701006,0.0153400752918413,-3.12272013379457
"Q92503_SEC14L1",0.0853047788721923,18.2645714564948,1.02049738280582,0.339456289448024,0.447670059139234,-7.34544579321365
"Q92504_SLC39A7",0.642418954661995,18.3142820821299,8.42893076329139,4.53447529563188e-05,0.00046345004859767,2.0018899485075
"Q92506_HSD17B8",0.251793760394083,19.4371341164601,3.49853498416204,0.00905079450532372,0.0250882247981145,-3.7997395001119
"Q92508_PIEZO1",0.305869032230753,18.5860766523021,2.91307001827035,0.0210415590187659,0.0486283913840585,-4.690886974597
"Q92520_FAM3C",-0.240584829588428,19.8338677145021,-3.35008183955452,0.0111634223574031,0.0295309217724383,-4.0230525708421
"Q92522_H1-10",-0.812398563495229,22.6657381332422,-6.06666132319679,0.000546242648939513,0.00288798412942087,-0.648667077729734
"Q92530_PSMF1",-0.247747666978189,20.4436536203711,-4.94896385002457,0.00137957000486423,0.00588668723708989,-1.76389545002979
"Q92536_SLC7A6",1.11841411919152,16.7300287668361,8.81814540203692,3.32879756182004e-05,0.000380398465771513,2.34373050107136
"Q92538_GBF1",-0.168426137620145,19.5324470132816,-2.16556775969077,0.0646956683996814,0.11990263876741,-5.83793998394239
"Q92539_LPIN2",0.383279232756959,16.2427946964303,3.2484777905405,0.0157742283446589,0.0389138353323386,-4.27030754131763
"Q92540_SMG7",-0.335970073695066,18.3248474522398,-5.30115417336445,0.000914972847389745,0.00428088581290979,-1.31400824813168
"Q92541_RTF1",-0.196919199107665,20.2928295322908,-3.67370783874431,0.00709398739271556,0.0207156354535181,-3.53924418678183
"Q92542_NCSTN",-0.132458628572021,20.1315058847854,-1.246802268291,0.250966500431997,0.352043834092224,-7.09746348127635
"Q92543_SNX19",0.285884573418574,16.2318909990162,2.70051164175322,0.0330847401340271,0.0703764157831489,-5.06087173861565
"Q92544_TM9SF4",0.079433811819893,19.5872063479471,1.2407978475984,0.252296682482202,0.353715044484951,-7.10495321069081
"Q92545_TMEM131",0.040482931830141,18.1853414141623,0.441758544374885,0.671193237163053,0.756490092600846,-7.78833716287562
"Q92547_TOPBP1",-0.461320836167339,17.8039990270306,-5.28227681535658,0.000934928018741348,0.0043521596798354,-1.33767903448655
"Q92551_IP6K1",0.106060524794543,17.7403195024293,1.40803364355107,0.199420394575817,0.293638080996172,-6.90205223645838
"Q92552_MRPS27",-0.17644011266615,22.3154907286662,-3.21768417005141,0.0134936266217364,0.0342492614618774,-4.22394503961447
"Q92558_WASF1",-0.0570604550737599,16.5629585951858,-0.69393639586175,0.50875843170749,0.614047805044317,-7.63318585554139
"Q92560_BAP1",0.08537505642445,16.8338225952807,0.933312284356105,0.37988903743808,0.48835575772896,-7.43093248456243
"Q92562_FIG4",0.0622996295726566,16.4243463077346,0.706281463898041,0.50148052444964,0.607674529944127,-7.62400175649358
"Q92564_DCUN1D4",-0.311333614533975,16.9164097025432,-3.80836627449072,0.00590016570071111,0.0179279677193706,-3.34143441613139
"Q92567_FAM168A",-0.626422538306297,17.4475506960802,-7.47742902556874,0.000101760506540869,0.000831152855240326,1.1077931840137
"Q92569_PIK3R3",0.277166860711137,16.4000230844034,3.08610712819304,0.0163267130751421,0.0399735716699167,-4.42495688714704
"Q92572_AP3S1",-0.401700441336047,19.2606227361385,-6.05721092377376,0.000400702747962148,0.00230328760012828,-0.405896367603162
"Q92574_TSC1",0.0332678902854227,17.3199683822989,0.448957926462867,0.666221494331476,0.751995175574211,-7.78480000610571
"Q92575_UBXN4",0.394737195451476,20.0471753251434,8.7866974130674,3.41151232949059e-05,0.000382894970360883,2.31658984678817
"Q92576_PHF3",0.294167705879421,17.7328654988633,3.6285424727714,0.00755069525056675,0.0217666158335531,-3.60607638983411
"Q92581_SLC9A6",0.15044380587111,17.8156924255001,1.45408206208836,0.186683596743113,0.278586003728498,-6.84352348575049
"Q92585_MAML1",0.107783418787989,17.3672318627077,1.40822429531,0.199366111506725,0.293614702845099,-6.90181213881031
"Q92597_NDRG1",0.180377028790847,18.5639513738206,1.63037927316488,0.144415990270996,0.228017398930558,-6.61028346862805
"Q92598_HSPH1",0.00460490478355879,23.4405981252727,0.0894939300168514,0.93104614454197,0.953623764070653,-7.89289221685425
"Q92599_SEPTIN8",0.278580432327207,19.6602163678459,4.89083573167341,0.00147878449167065,0.00620829623219226,-1.83984094913469
"Q92600_CNOT9",0.191809037101574,20.0099410683555,2.45411864956172,0.0417931147856699,0.0845707682732785,-5.39866424075474
"Q92604_LPGAT1",0.419306053105771,16.7779722123569,2.98131434534627,0.0190306439140616,0.0448625571147088,-4.58583262989854
"Q92609_TBC1D5",0.522311628894297,20.2042808024202,9.77739717611574,1.62842159478856e-05,0.000235336164313015,3.13387214674745
"Q92610_ZNF592",0.316669294371188,18.0012674572788,3.34607315092141,0.0112273057002203,0.0296746622486256,-4.02911242308855
"Q92611_EDEM1",-0.0209979794894206,15.3316440263872,-0.210074683764498,0.841231121317377,0.889886802611228,-7.52957253377229
"Q92613_JADE3",0.0325112631837001,17.6647225489422,0.303693634669198,0.769661570565821,0.834737226127919,-7.84551744062311
"Q92614_MYO18A",0.18951103874555,19.127577763472,2.93802340839613,0.0202815871368465,0.0472289776610392,-4.65245198345884
"Q92615_LARP4B",-0.0203403560648532,20.2480753281232,-0.29591803518748,0.775365201942214,0.838662559259794,-7.84812617255896
"Q92616_GCN1",0.0886434157898783,21.96923130912,0.981396962469879,0.357441666133191,0.466004358352278,-7.38422315584511
"Q92620_DHX38",-0.321564667768872,19.7912203787043,-6.45736172227999,0.000266338879941365,0.00169261539124759,0.0446076596499436
"Q92621_NUP205",-0.0107338667197467,19.9961033808247,-0.132686589150322,0.897951516180745,0.930321092451795,-7.88746712666333
"Q92622_RUBCN",0.0529506356450131,15.2552499846425,0.68906974283631,0.518985642241882,0.623451482548584,-7.48996664001179
"Q92623_TTC9",1.76773979324385,17.6212568752122,22.7972812405976,3.61839243372658e-08,4.41009034182133e-06,9.72695387740328
"Q92624_APPBP2",-0.240431086395009,18.8841976657684,-3.70074373532134,0.00683488940670939,0.0201371310094966,-3.49935323596015
"Q92625_ANKS1A",0.280959876028373,17.9886594455064,3.52891066828628,0.00867373894997501,0.0243342144119482,-3.75432483519353
"Q92626_PXDN",-0.00160214464909458,18.1405583412395,-0.0219387947279202,0.983072411578203,0.988633068470845,-7.89715272049683
"Q92636_NSMAF",0.282199654777138,19.2420823294485,5.1647489449724,0.00107051041355422,0.00481981867586689,-1.48617361582542
"Q92643_PIGK",0.162038712277006,19.6511184154901,2.27974245653358,0.0544148734178268,0.104418099216688,-5.66523903570153
"Q92664_GTF3A",-0.0339133438414869,17.0538899346847,-0.36453413641901,0.725579342278898,0.798826911250313,-7.82283760069009
"Q92665_MRPS31",-0.192752733292217,19.8119376567242,-3.00565746719957,0.0183630629660998,0.0436930022956218,-4.54840934068051
"Q92667_AKAP1",0.973028867415071,20.5802380803046,17.5903118094933,2.42286032295099e-07,1.47006088642542e-05,7.72488883054049
"Q92673_SORL1",0.616187974615674,17.8843827023109,6.46202439468808,0.000265103220439164,0.00168892843354784,0.0497403418586941
"Q92674_CENPI",-0.116605016833354,16.8427337837731,-1.36977797295177,0.210579685322127,0.306061158609821,-6.94984323269517
"Q92685_ALG3",0.31840310660688,17.0976590360402,2.17689032975032,0.0635949471465889,0.118321579687436,-5.8208963009509
"Q92688_ANP32B",0.228506705004467,23.6994199260298,4.94802224973605,0.0013811175690847,0.00588881417493169,-1.7651218253836
"Q92692_NECTIN2",0.331596943799497,19.9379383483512,2.51598975976796,0.0398245193724895,0.0814060028349417,-5.32341340626208
"Q92696_RABGGTA",-0.451929237778252,20.7756734505638,-9.22827245783235,2.43301222193906e-05,0.000305927276919805,2.69028686253605
"Q92733_PRCC",-0.1469418942436,18.7327448500711,-2.23005530040771,0.0586711218406018,0.111052420517802,-5.74061411461489
"Q92734_TFG",0.0912803491736405,21.9066649889608,1.308217663039,0.229683078184881,0.328026738786366,-7.02507374896722
"Q92747_ARPC1A",1.04156118046405,21.2311507903553,20.8090122314088,7.07834480409942e-08,6.44213643182619e-06,9.02848908679517
"Q92754_TFAP2C",-1.52227677419957,19.0872361457932,-20.4952662746367,7.91357233298553e-08,7.02956862555514e-06,8.91145932270561
"Q92759_GTF2H4",-0.231948167405072,18.3122367502395,-2.32661979637531,0.050684160215215,0.0989868045045648,-5.59385900585834
"Q92766_RREB1",-0.0393074365777863,17.852187894286,-0.50844331186187,0.625838382238144,0.717213975747356,-7.75351548046749
"Q92769_HDAC2",-0.189291279385397,20.1311580873031,-2.84512501755834,0.0232657801782947,0.0526806132084707,-4.79564581758205
"Q92783_STAM",0.0141882069362467,19.6462479442433,0.196314581254441,0.849607990872194,0.8965152643503,-7.87565714960188
"Q92785_DPF2",-0.251877952094084,19.0330785700458,-4.81128709990303,0.00162749936771521,0.00664855440694525,-1.94455557080066
"Q92791_P3H4",-0.0631704118652969,17.4064482399899,-0.780577903235206,0.459110503627019,0.565805487827071,-7.56577668412354
"Q92793_CREBBP",-0.144339167525157,17.7548298792129,-1.77428543740058,0.116671414240714,0.192107034647912,-6.41064951371192
"Q92794_KAT6A",0.0743586164932175,16.5733223169966,0.92511769275317,0.383867791556276,0.492228994707771,-7.43866029824281
"Q92796_DLG3",0.150284073639202,18.5322707201525,2.20920323363599,0.0605552295574903,0.113857533194052,-5.77215009838188
"Q92797_SYMPK",-0.0543228919835705,19.5161483612176,-0.92118586963059,0.385787760578742,0.493945307255817,-7.4423489557719
"Q92800_EZH1",-0.0596317266766189,15.5227211698869,-0.617616613274313,0.561695856363578,0.662066731714393,-7.58862642329887
"Q92804_TAF15",0.0626405608857752,21.3347170650213,1.00183253287914,0.347821575168552,0.455480634149294,-7.36423991306266
"Q92805_GOLGA1",0.876243624337889,18.5250267902522,14.7165407093676,8.85981788229453e-07,3.25640902452604e-05,6.32693430732365
"Q92817_EVPL",-0.456938074539416,19.0061918717823,-6.76127768733426,0.000197693053926162,0.00136079662886713,0.373724392492829
"Q92820_GGH",-0.101179426751347,19.5735076680497,-1.76321280587871,0.118613767129533,0.194342531012704,-6.42626594586523
"Q92828_CORO2A",0.0802584327601394,15.9585472012905,1.04540460807815,0.328537763356067,0.435449237319197,-7.31995994154092
"Q92830_KAT2A",-0.110671670313128,18.138454422114,-1.16361394519679,0.280460187698256,0.384167399506605,-7.19294839805272
"Q92833_JARID2",-0.618697356560101,16.3561301384724,-4.98117423616007,0.00132776274324623,0.00570587193486085,-1.72201957520914
"Q92841_DDX17",-0.345377297604124,22.354094653813,-7.52478553611253,9.75616693791341e-05,0.000814256509174105,1.15439413756452
"Q92843_BCL2L2",0.0554230025171591,16.7292774056987,0.603536676713221,0.56673922538192,0.666322579483712,-7.66874538449193
"Q92844_TANK",-0.0177268568031757,16.4953207191329,-0.20498360054203,0.843069128227281,0.890844987601598,-7.87369771118866
"Q92845_KIFAP3",0.0522494931078015,17.9016152726932,0.631475354717139,0.546594717007282,0.648365649576519,-7.67745064798881
"Q92854_SEMA4D",0.0292778728365146,15.9974883226068,0.276309288927572,0.789813435451879,0.849841479807124,-7.85441112335206
"Q92859_NEO1",-0.0461718483153888,18.4140143865078,-0.651494517512587,0.534285759597762,0.636927277736612,-7.66366800475953
"Q92870_APBB2",-1.99679233658383,17.5044077318394,-20.4230401453744,8.12130213194646e-08,7.05538122712849e-06,8.88423721661344
"Q92871_PMM1",-0.141009001881862,17.7079161776127,-1.92702616344524,0.0927901747367773,0.159662589660739,-6.19147443955878
"Q92878_RAD50",-0.0113361869204418,20.2581951512082,-0.166805988360957,0.871956739128061,0.911791720781565,-7.88169810690967
"Q92879_CELF1",-0.170513692774502,21.91927927235,-2.66947750507486,0.0302265761666572,0.0653143512702359,-5.06682325724266
"Q92882_OSTF1",-0.671642848358335,20.059637170281,-11.1263714952593,6.56636619272447e-06,0.000126592719152384,4.13533086227841
"Q92888_ARHGEF1",-0.604685122064037,19.7307612480038,-12.17272135164,3.4664020269227e-06,8.14737280109692e-05,4.83741880698753
"Q92889_ERCC4",-0.168529726520294,18.0149076378877,-2.83344210594221,0.0236723366403832,0.0534954222925597,-4.81367139781261
"Q92890_UFD1",0.0275074194214682,22.3682864285215,0.535177205466362,0.608112217427875,0.702799380534558,-7.73827373256839
"Q92896_GLG1",-0.0823894860994372,21.389634533284,-0.867680893582863,0.413098793831516,0.521145260534974,-7.49075600234666
"Q92900_UPF1",0.0607855174867318,21.7423919027268,1.35837175878804,0.21401115965876,0.309751767233491,-6.9639409411162
"Q92903_CDS1",0.391970146893375,18.0572810836716,4.67760151083898,0.00191580936615561,0.00751866663463022,-2.12257494466942
"Q92905_COPS5",0.134999531256682,20.8356411793055,2.56279094640122,0.0354768468313475,0.0745316004467303,-5.23142885004107
"Q92917_GPKOW",-0.185899303611556,20.3214509317652,-3.60660609852828,0.00778382778832923,0.0223459870228227,-3.63862117137662
"Q92922_SMARCC1",-0.0256585184728166,19.5350058464253,-0.334979310999735,0.746868279006186,0.816853790129083,-7.83435548510215
"Q92925_SMARCD2",0.155193631686689,19.1863403474393,3.09734090916734,0.0160618890024401,0.0394706336945209,-4.40774865318366
"Q92930_RAB8B",-0.375059995780454,20.3320597563586,-4.32578990227545,0.00297984609271659,0.0105802034215345,-2.60325821831465
"Q92934_BAD",0.602883827508066,18.2668909804308,5.58934901434039,0.000662124161003501,0.00332803366921221,-0.958761398947172
"Q92945_KHSRP",-0.096662524738786,23.8244306316028,-1.70332159399641,0.129660297516382,0.208772741051547,-6.51002066770503
"Q92947_GCDH",-0.0824415068182915,20.1385669934173,-1.25170783537376,0.248513991010453,0.349721810068999,-7.09221227838206
"Q92963_RIT1",0.0121533571676675,15.3545356524402,0.20584001549097,0.842423854081738,0.890387811887985,-7.8734995936179
"Q92966_SNAPC3",-0.0617282530763781,16.0449891349112,-0.779243495014169,0.459849617342646,0.566048161928353,-7.56686635749623
"Q92968_PEX13",0.11827202496486,16.7716994719164,0.801384766756675,0.447690346299418,0.554708747189616,-7.54858202662205
"Q92973_TNPO1",-0.425901210388503,21.9747340323166,-7.77335998981195,7.84693501506512e-05,0.000699997878531772,1.39526417611449
"Q92974_ARHGEF2",0.00958278089183651,20.1503836932255,0.188799949898179,0.855286310126706,0.900270389772638,-7.87728786031251
"Q92979_EMG1",0.663222115932342,21.5850574182618,8.85029922875646,3.24654716129371e-05,0.000375118028811678,2.37139510136814
"Q92982_NINJ1",0.482729075494563,16.0766184940701,6.76788621073605,0.000196437926262251,0.00135678114305146,0.380760131669216
"Q92989_CLP1",0.0188123199310795,19.4571377418562,0.272950134398931,0.792297546082701,0.851914871983439,-7.85544547432033
"Q92990_GLMN",-0.123803974062053,18.3134222271217,-1.41511791860477,0.197412086967673,0.291523161071636,-6.89311802647697
"Q92993_KAT5",0.0282469930719422,17.376081442368,0.352023448292042,0.734561019178033,0.806045499011922,-7.8278281058356
"Q92994_BRF1",0.0155706929347552,17.2969403823379,0.195423436076727,0.850280884579983,0.896977695958876,-7.87585382483556
"Q92995_USP13",-0.262863720403267,19.3873991193999,-3.97625494325019,0.00470660867617064,0.0150824551517294,-3.09799678331116
"Q92997_DVL3",0.145194055713027,16.3594212539411,1.06175788423837,0.321520120815097,0.428674803563204,-7.30297830666863
"Q93008_USP9X",-0.03744241033138,20.3996394326623,-0.550924548268636,0.597798867975222,0.692870276784501,-7.72895743972185
"Q93009_USP7",-0.0594962930020877,21.2213354933019,-1.39645886115281,0.202740547031549,0.297482496181075,-6.91659353821338
"Q93034_CUL5",0.0748616068736077,19.0409771995666,1.27361218328987,0.241064245988527,0.341347686716483,-7.06641337450535
"Q93050_ATP6V0A1",0.0983719465566573,19.9642244620838,2.16908060044611,0.0643521545592168,0.119410733399323,-5.83265429113874
"Q93052_LPP",0.0538382110682711,19.9155588767312,0.597458678996292,0.567895536654068,0.667213981515345,-7.69998061071392
"Q93062_RBPMS",-0.413108321504616,16.4165922484867,-2.32654233085671,0.0518639796707621,0.10076242047852,-5.60284643678268
"Q93063_EXT2",0.232504793111403,17.3223197908974,3.04581845797258,0.0173149927207862,0.0417054566321395,-4.48673537532138
"Q93073_SECISBP2L",-0.0433714837014989,15.594967021961,-0.630355539538719,0.547288249279639,0.648986918837109,-7.67821021626151
"Q93074_MED12",-0.132918946165042,18.9702554361637,-2.3368264853779,0.0499066759461738,0.0977084833701278,-5.57828622759276
"Q93075_TATDN2",0.771606577196209,18.3416689230917,4.81891633971286,0.0018877246997366,0.00743379897532833,-2.05077246462017
"Q93084_ATP2A3",1.79269085311897,18.9154752794498,15.5878109260645,6.27890540373094e-07,2.62307277658596e-05,6.71280977482603
"Q93096_PTP4A1",0.183972353454266,17.2302453102967,1.7068093488105,0.128991329665005,0.207914550978065,-6.50517735176495
"Q93100_PHKB",1.08984660837088,18.573901153078,13.5878686708772,1.57581141676844e-06,4.8188313124779e-05,5.70010057006554
"Q969E2_SCAMP4",0.318948695338989,19.3777927371946,1.76004502740735,0.123575725230506,0.201007748805791,-6.43649356346752
"Q969E4_TCEAL3",0.257977923124601,16.0630070325021,2.42082236624992,0.0439497964509024,0.0881185926743113,-5.44976561629163
"Q969E8_TSR2",0.0580722606690287,19.9131604960885,0.411960735828642,0.69263191790121,0.772904833214822,-7.80178851527087
"Q969F1_GTF3C6",-0.15421973251911,17.4997525320275,-1.92742430231859,0.0927345577651136,0.159638751207902,-6.1908947495232
"Q969F9_HPS3",0.0130025291820459,17.9464878468594,0.208149375129532,0.840684485357439,0.889554725336695,-7.87296129134524
"Q969G3_SMARCE1",-0.000965113688490504,19.2967722444129,-0.0106414087468298,0.991788704822049,0.994387251599643,-7.89736114641888
"Q969G6_RFK",-0.253103448814766,18.475974741532,-2.74943510923198,0.0268225939328708,0.0591970931341794,-4.94335474308122
"Q969H4_CNKSR1",0.113456086088373,16.5037848563425,1.5660634904059,0.158701863963315,0.245425840097974,-6.69695094247647
"Q969H6_POP5",0.0504766303999986,17.6917041121229,0.647984169732397,0.536431825647631,0.638796054571318,-7.66611259284041
"Q969H8_MYDGF",-0.224466245137119,21.7219523524639,-4.85823745310772,0.00153783948134455,0.00640104312722814,-1.88264252901583
"Q969J3_BORCS5",-0.627782962644982,23.1397804205122,-12.2054814869835,3.4005388885796e-06,8.04864390191674e-05,4.85846366827313
"Q969K3_RNF34",-0.138458835535086,17.2427671689478,-1.47641573595954,0.18077152266242,0.271405791585664,-6.81475792316198
"Q969L2_MAL2",1.06497134222682,19.4525337568152,3.13571262022788,0.0217704423680591,0.0499804900612048,-4.55103821368335
"Q969L4_LSM10",0.449930087883029,16.3802467662178,2.99983187442367,0.0272651949985956,0.0599316894089314,-4.67509708651912
"Q969M3_YIPF5",0.166016644012331,18.2175839865544,2.29696371832484,0.0530132193314824,0.102500268535454,-5.6390445718452
"Q969M7_UBE2F",-0.0759740788845846,17.4932793820765,-0.993416634273859,0.3516450268643,0.459857377758737,-7.3726276280508
"Q969N2_PIGT",-0.0174791957247002,19.3710499164367,-0.272994556229453,0.792264679171595,0.851914871983439,-7.85543187685092
"Q969P0_IGSF8",-1.0847266274848,17.012073121005,-10.9537907439399,7.33390123198655e-06,0.000134454855919753,4.01361929530054
"Q969Q0_RPL36AL",0.723717736356512,19.4514227615079,6.18858781994329,0.000384403552546594,0.00222971559880023,-0.33146138707406
"Q969Q5_RAB24",0.328306077504479,18.1652430802235,5.75008135210842,0.0005554603681348,0.00292210673579312,-0.765553563278436
"Q969Q6_PPP2R3C",-0.0171932321930583,16.1896341395817,-0.156126324935922,0.880076958996505,0.917772248196464,-7.88364430403238
"Q969R2_OSBP2",-0.200556615586311,15.7834752135709,-1.88023133820925,0.105665216001079,0.176689648931334,-6.24793433372819
"Q969R5_L3MBTL2",0.195139777813271,16.7721538417398,2.41516708333432,0.04432720074617,0.0887588920126951,-5.45843711930049
"Q969R8_ITFG2",0.119899447167036,17.3129213191579,1.20061729918117,0.266648297706493,0.369298231153286,-7.15123791596659
"Q969S2_NEIL2",-1.24310774013752,16.8834096087229,-8.55893245588477,9.34082087742726e-05,0.000793450840088126,1.43758447458057
"Q969S3_ZNF622",0.254255015219265,19.842450078118,3.86497321648338,0.0054647082129663,0.0169414818686648,-3.25895023446693
"Q969S9_GFM2",-0.0734969134927397,19.5089032160161,-0.8392163813394,0.427431439415513,0.535778546373438,-7.5163489401969
"Q969T3_SNX21",1.42802946660703,17.7646282264101,17.9108971279008,2.12349406611692e-07,1.38753095174905e-05,7.86582403995414
"Q969T7_NT5C3B",0.374466037052223,18.6893290207445,4.55118364200116,0.00224065230437657,0.00851804419043208,-2.29327080182679
"Q969T9_WBP2",0.222895374298812,20.6490623037596,3.97262036744833,0.00472948501793026,0.0151347479958463,-3.10322813922682
"Q969U6_FBXW5",0.140227035515759,15.4726600328293,2.11879518088425,0.0694468741083315,0.126862927731946,-5.90812674200623
"Q969U7_PSMG2",-0.291968385707872,20.8347023637866,-5.27244729593836,0.000945508647638897,0.0043861733077666,-1.35002423208269
"Q969V3_NCLN",0.173667090518318,20.7526287304898,3.49159742581388,0.00913934973317519,0.025242170776779,-3.81012561023071
"Q969V5_MUL1",-0.13266126862143,16.3660315142587,-1.42015191125331,0.195995906862704,0.289767686707672,-6.88675380645895
"Q969V6_MRTFA",-0.132215686790261,16.7671317851571,-1.53254681676752,0.166649414006492,0.254756002815363,-6.74142064763162
"Q969X5_ERGIC1",1.22706638846753,22.3260887195487,16.6588314452613,3.6025018432365e-07,2.01030121106153e-05,7.29946986935825
"Q969X6_UTP4",-0.446123771167482,19.2641277860712,-3.34866122104441,0.0118912295529914,0.0310479678731624,-4.062078842943
"Q969Y2_GTPBP3",-0.373217979487304,18.0054183535252,-5.2024962133607,0.00102473525544831,0.00467064476920148,-1.43826897895914
"Q969Z0_TBRG4",0.279810312033892,21.1834717527528,4.78628755984952,0.00167757141819709,0.00681095777595155,-1.97765101704479
"Q969Z3_MTARC2",0.0603316100640754,18.0533451934397,0.69350491762888,0.509014014541762,0.614077977145616,-7.63350428297997
"Q96A22_C11orf52",0.357418804048045,16.3646801292938,3.75107249772017,0.00637930342809385,0.0190209729749522,-3.42532749039628
"Q96A26_FAM162A",0.398858591204068,21.3901968790788,5.42617597609529,0.000794110319070291,0.00382303110156951,-1.15849220954398
"Q96A33_CCDC47",0.294473891355924,22.2878100803952,6.70785698990145,0.000208173808944169,0.00142351410498942,0.316663918437946
"Q96A35_MRPL24",-0.18717796266467,19.9007959026691,-3.51345223635816,0.00886347785368994,0.0246943470085494,-3.77742439382486
"Q96A37_RNF166",0.0871868338706125,15.9841155716927,1.01091188330788,0.343732687886912,0.451518281597155,-7.35513054865422
"Q96A46_SLC25A28",0.347022271003052,16.0209030152238,2.59139848326273,0.0339829539792612,0.0719268225834584,-5.18731938747377
"Q96A49_SYAP1",-0.897804428254982,21.0794826364399,-11.7066871926177,4.57789602604764e-06,9.8309031233523e-05,4.53204874559581
"Q96A57_TMEM230",0.422792896120406,17.6652360745137,3.70538775313904,0.00679141788285124,0.0200464825152115,-3.49250983098523
"Q96A59_MARVELD3",0.0284539078244421,17.945918824435,0.293416438266312,0.777203345157681,0.840294098957782,-7.84895141493862
"Q96A65_EXOC4",-0.0974686409832088,19.5894586301865,-1.88370847278735,0.0990379259029393,0.167993109280668,-6.25430026504907
"Q96A72_MAGOHB",-0.471278758815824,20.0298086077715,-9.14263208638614,2.59502107177242e-05,0.000320149338900553,2.61903465972235
"Q96A73_KIAA1191",0.687254285264462,17.980979322797,8.5254462936906,4.19529776053862e-05,0.000435183872175275,2.08787903897821
"Q96AA3_RFT1",-0.0428837517199341,18.282393227118,-0.538208302735801,0.606119607757881,0.701132455940233,-7.73649991289539
"Q96AB3_ISOC2",0.0798114051039711,20.0016415981332,1.05406822450339,0.324805100475707,0.432074994455678,-7.31098774031685
"Q96AB6_NTAN1",-0.546742187342002,18.6942792766314,-7.74285071555143,8.0570646675487e-05,0.00071045281872445,1.36603382612837
"Q96AC1_FERMT2",-0.802750874982078,19.8633944779427,-9.65064141914761,1.783412759495e-05,0.000248149734368673,3.03346484723644
"Q96AD5_PNPLA2",0.216715740680225,16.8596487380788,1.17920699056728,0.281250500818796,0.384831687043008,-7.11089772697808
"Q96AE4_FUBP1",0.0246755186120318,23.4487263058019,0.449239158420559,0.666027639568215,0.75188737514752,-7.78466073321426
"Q96AE7_TTC17",0.105079627563086,17.3345769773167,1.13706049213364,0.290729995373972,0.395415551438181,-7.22232175304963
"Q96AG3_SLC25A46",0.822619550775705,16.7147991525369,5.84751879281075,0.00153809237733396,0.00640104312722814,-1.20681365016009
"Q96AG4_LRRC59",-0.0601898801101761,24.5942083397831,-1.18867453461485,0.27104307454301,0.374048403646183,-7.16479728317794
"Q96AJ9_VTI1A",-0.20109969611541,17.9543839153353,-2.00436040259061,0.0825737608867292,0.145388392901669,-6.07815881480219
"Q96AQ6_PBXIP1",0.551675888602038,18.1280331346366,7.51087015470197,9.87750065725443e-05,0.000817464616803124,1.14072475643838
"Q96AQ8_MCUR1",-0.268791809010139,17.9909889370362,-3.41124820770643,0.0102352828267646,0.0275426741325643,-3.93077723053068
"Q96AT1_KIAA1143",0.0305365952856214,17.7197703247824,0.245387351801119,0.812774409192304,0.867345108636958,-7.86346340329414
"Q96AT9_RPE",0.306131781203618,20.4918428279806,3.51291852584507,0.00887010758501451,0.0246948188228099,-3.77822237630517
"Q96AX1_VPS33A",-0.425507011498333,19.005288678555,-6.52714827757397,0.000248495590075159,0.00162094606324624,0.121154144299982
"Q96AY2_EME1",-0.000535779738502384,15.819743278079,-0.00676223468477451,0.994781948993137,0.995954426408137,-7.89739937710727
"Q96AY3_FKBP10",0.672554164060443,19.4670556771704,5.54626144919961,0.000769563091851344,0.00373306461751493,-1.0908152175161
"Q96AZ6_ISG20",-0.369494415558878,16.1302352234606,-3.18591803448193,0.0215839077042412,0.0496267592177216,-4.4236252363619
"Q96B01_RAD51AP1",0.00281515094208018,17.917317048018,0.0358096230454497,0.972374106464372,0.981438964346704,-7.89669916715727
"Q96B23_C18orf25",-0.271690686489777,18.3276222442511,-2.60966275611433,0.0330631757609448,0.0703501193132266,-5.15914495974538
"Q96B26_EXOSC8",-0.160042506336445,20.4196206035972,-2.40615714279764,0.0449352941919123,0.0897180266641864,-5.47224741590935
"Q96B36_AKT1S1",-0.489543820549827,20.440627151038,-6.22000511204413,0.000338587833941141,0.0020191138771295,-0.220199987095939
"Q96B45_BORCS7",-0.2932042757669,17.6527639616764,-2.3855863334621,0.0463555920377609,0.0919534253058335,-5.503753712545
"Q96B49_TOMM6",-0.0407221110603651,21.5410932185469,-0.525467417057854,0.61451905198444,0.708703899897578,-7.74389344732489
"Q96B54_ZNF428",-0.154571253519833,19.6775767339352,-1.39044648914187,0.205283903374128,0.300247836482726,-6.92389265005758
"Q96B70_LENG9",-0.0975829412708826,17.9235311596561,-1.34715750590497,0.217432337000446,0.313872774994035,-6.97773202830406
"Q96B77_TMEM186",-0.0231413246849197,15.8539544596635,-0.261015088062788,0.801144071083217,0.858649435501359,-7.859020135188
"Q96B96_LDAF1",-0.217670461554334,16.9560637751485,-0.98123360867147,0.37172125179375,0.480522314839908,-7.27883466906143
"Q96B97_SH3KBP1",0.189434607005293,16.7740730956202,2.12113018149669,0.0692016796553632,0.126566229895993,-5.90463157565532
"Q96BD0_SLCO4A1",0.831145726818292,17.5970993171928,7.8135810404468,7.57923282736059e-05,0.000683292865155327,1.43365888043759
"Q96BD8_SKA1",-0.168023781129151,17.8042783854866,-1.39176377768869,0.204101129456953,0.298975500038016,-6.92247194163958
"Q96BF6_NACC2",0.234719219823628,16.6951554117456,2.60364569692416,0.0333633262083272,0.0708901409001534,-5.16842786585791
"Q96BH1_RNF25",0.249026512161493,18.2349971788055,2.98077273945092,0.0190457836607605,0.0448844069317244,-4.58666557814519
"Q96BI1_SLC22A18",-0.384447954163679,17.881385648252,-3.34594185967003,0.011229404563149,0.0296746622486256,-4.0293109185279
"Q96BJ3_AIDA",-0.043818768475635,18.1538913538593,-0.563467068175961,0.58965379012072,0.685404169906173,-7.72135913205195
"Q96BJ8_ELMO3",0.372320339235753,18.5433540659749,3.91474594871861,0.00511045131167697,0.0160449282454909,-3.18676214650367
"Q96BK5_PINX1",0.0284278589740303,17.6752830018536,0.37482503240783,0.718225367926216,0.79293079653965,-7.81860657191337
"Q96BM9_ARL8A",0.637473268066735,20.3853537789434,4.83672609967509,0.001859050462892,0.00736395895793228,-2.03201053875456
"Q96BN2_TADA1",-0.0192200626849726,17.5724102708603,-0.223097275788902,0.829449217570776,0.880722432014715,-7.8693335457895
"Q96BN8_OTULIN",0.654006667452308,19.7485429041376,10.18011998882,1.22805094920481e-05,0.000193177973388287,3.4453497805962
"Q96BP2_CHCHD1",-0.177981626531565,19.5765290490796,-2.39717478042247,0.045549962110868,0.0907112865770258,-5.48600907305988
"Q96BP3_PPWD1",-0.144301683099975,19.4084749151019,-2.18377680734365,0.0629346210759967,0.117435972205515,-5.8105205711781
"Q96BQ5_CCDC127",0.803348206320191,17.9431909062321,7.70584755402867,8.32042188617039e-05,0.000724483204097638,1.33045787415472
"Q96BR5_COA7",0.0235643480551211,19.0330316728705,0.396566822547821,0.702792917528455,0.7810512944476,-7.80929527451915
"Q96BT3_CENPT",-0.150169268007364,16.4218910315191,-1.64575422958234,0.141181534105481,0.223835095030361,-6.58931790882781
"Q96BW1_UPRT",0.0576780159304917,17.8431339233607,0.773006637637413,0.463314830518335,0.569734900967134,-7.57193833849144
"Q96BW5_PTER",-0.00131851972389185,15.4008898405866,-0.0151789005547048,0.988545122174958,0.99230927770845,-7.74746910098762
"Q96BW9_TAMM41",0.571961277961172,20.5849384233797,11.3857419684704,5.5771972664654e-06,0.000113354277864914,4.31498414711674
"Q96BY7_ATG2B",0.374003816647964,17.586483339484,5.48844040175593,0.00074058976618462,0.00362703956597144,-1.08184730546497
"Q96BY9_SARAF",-0.117448468001797,16.7329200998955,-0.876772453442191,0.40796848084313,0.515950212745365,-7.4831390326084
"Q96BZ8_LENG1",0.0936467644327692,17.6570808865618,0.859896927924649,0.416633921780677,0.524739099178464,-7.49820905905964
"Q96BZ9_TBC1D20",0.218864192276497,16.1277352771845,1.86579885019217,0.101737904683123,0.171620979987308,-6.28012877988332
"Q96C00_ZBTB9",0.169764207033825,16.4676514512949,1.92973294023793,0.0924126947137545,0.159299898779403,-6.18753258718961
"Q96C01_FAM136A",0.228314513327621,21.9285029184583,4.81670447358997,0.00161686660172568,0.00662430073429413,-1.93739562126278
"Q96C11_FGGY",-0.141204944186017,15.4192439717083,-2.1747239547152,0.0638040986709567,0.118652963838352,-5.8241588438665
"Q96C12_ARMC5",0.124522545529587,16.1692269366162,0.891826956142668,0.400348522621905,0.509182863275264,-7.46949457086722
"Q96C19_EFHD2",-0.152730380540909,19.4895756950965,-1.89868991786504,0.0968325244987253,0.165315911074755,-6.23262767956528
"Q96C23_GALM",1.00927198214262,20.098999040217,16.5469295156843,3.78369286284475e-07,2.09611100988755e-05,7.24669208540955
"Q96C34_RUNDC1",0.471659370162691,17.8715964221816,5.85239139672627,0.000497554367567672,0.00269391157227681,-0.644371022455024
"Q96C36_PYCR2",-0.0280013232259648,20.7040088466423,-0.456973413762995,0.66070701459619,0.746737720354158,-7.78079819522991
"Q96C45_ULK4",0.0691511309823269,15.3816740046498,0.647837119641448,0.536521839947997,0.638796054571318,-7.66621474039258
"Q96C57_CUSTOS",-0.111195696140342,19.0139404132417,-1.60598163982581,0.149689611603981,0.234610548122398,-6.64336004644763
"Q96C86_DCPS",-0.354687380611306,19.3026751188911,-6.13686874213158,0.00036885584608309,0.00216915611023478,-0.314611736903248
"Q96C90_PPP1R14B",0.0350817481208701,20.6171981772677,0.610680663360192,0.559559057072372,0.660362610577074,-7.69135737270262
"Q96C92_ENTR1",0.30678160337153,17.0142425190283,3.80520977780249,0.00592552638142055,0.0179907264439873,-3.34604574851737
"Q96CB8_INTS12",-0.223331279179963,18.8295942072237,-3.47426445960084,0.00936467652520497,0.0257066255063526,-3.83609660212545
"Q96CB9_NSUN4",0.0353872508729545,19.2379220867234,0.65360204652704,0.532999838938331,0.635691695582456,-7.66219467212422
"Q96CC6_RHBDF1",0.137492015344302,15.5687396335406,1.21705807083383,0.300098083837058,0.40634960165326,-6.81169292663014
"Q96CD2_PPCDC",-0.099013226815206,19.2343199941875,-1.86391288145074,0.102026310279486,0.171993636623302,-6.28284347426103
"Q96CF2_CHMP4C",-0.188705354568899,16.6018194069838,-2.32507431546699,0.0508029470286955,0.0991039882710838,-5.59621608629028
"Q96CM3_RPUSD4",-0.105494855403716,17.0576245001982,-0.816546079819608,0.439492924671864,0.547218796273029,-7.53581339824472
"Q96CM8_ACSF2",0.497854798856288,19.2601318897032,6.62437239305296,0.000225816434484998,0.00150774379182341,0.22682218514699
"Q96CN7_ISOC1",-0.770957580255686,23.2653719672582,-15.3770120614262,6.44639629180503e-07,2.63543848400264e-05,6.67168222617458
"Q96CN9_GCC1",0.174474854671814,19.0712752550026,2.63603963932437,0.0317798862279221,0.0680743149936859,-5.11844150268807
"Q96CP2_FLYWCH2",0.256834990611665,21.0785517955185,4.50791681109781,0.00236531832810993,0.00887284524946044,-2.35221650403674
"Q96CP6_GRAMD1A",0.0389277097395215,17.3042333744937,0.307673749734306,0.7667478482176,0.832954777116915,-7.84415656332234
"Q96CP7_TLCD1",0.488301441457338,16.6990833634254,1.46695919107677,0.1895445125995,0.281810151463084,-6.82662766977372
"Q96CQ1_SLC25A36",0.465784802671667,16.8874507573706,5.39185092915118,0.000825433986078288,0.00392684680993685,-1.20097357627211
"Q96CS2_HAUS1",-0.304421041483586,17.6940651528837,-4.43023063016288,0.00260863253715526,0.00952387571468575,-2.4587233992587
"Q96CS3_FAF2",-0.0137835357345537,21.4642083960574,-0.187263974787706,0.856448078225068,0.901121051201575,-7.87761341648452
"Q96CS7_PLEKHB2",0.242164596255559,16.7526217967805,1.72987201034187,0.130870244687922,0.210278062345348,-6.38942506271097
"Q96CT7_CCDC124",-0.288022188522469,20.2562379241059,-3.599729121043,0.00785849666213603,0.0224927768558704,-3.64883513750908
"Q96CU9_FOXRED1",0.31759007765983,18.6600938756399,5.33093228043248,0.000884443894096229,0.00416096835099426,-1.27676983700065
"Q96CV9_OPTN",0.587383113750231,17.013370720974,6.11871764233723,0.000375857149831352,0.0022002357897432,-0.335340964639932
"Q96CW1_AP2M1",-0.0113872878384953,21.5093969180278,-0.271861621017407,0.793103057167256,0.852543532802513,-7.85577798918041
"Q96CW5_TUBGCP3",0.0556259785756978,18.3700125016819,0.945629357805738,0.373966573077411,0.482746865062163,-7.41921586717615
"Q96CW6_SLC7A6OS",0.0260111633620355,17.1938405354985,0.249174717473535,0.809951080967182,0.865298492732547,-7.86241133639885
"Q96CX2_KCTD12",-1.20530542138852,19.0311222298889,-14.887875574296,8.14788808188638e-07,3.0836932864367e-05,6.41785131809985
"Q96CX6_LRRC58",0.998102992913694,19.7595413627925,1.35273672530681,0.231606853407778,0.33040388025797,-6.96437352155116
"Q96D05_FAM241B",0.512392084822554,19.1579830740287,4.55228054879388,0.00229128701425903,0.00865886763421171,-2.30892781701893
"Q96D09_GPRASP2",-0.891609045495859,16.6729895044496,-8.83808853180518,3.27751066771063e-05,0.000377927135062561,2.36089934684153
"Q96D31_ORAI1",0.343330497036995,16.2410913933968,1.19427682341817,0.273635232334317,0.37665741345144,-7.15496624971207
"Q96D46_NMD3",0.206011877832221,21.5699646443025,1.90774502018205,0.0970601412378044,0.165616303877283,-6.22318866545122
"Q96D53_COQ8B",0.141197797072785,17.8133739782372,1.27216157317633,0.241551663874952,0.341784651179716,-7.06813082755431
"Q96D71_REPS1",0.113370661097061,18.4099083528758,1.81746239897626,0.109382120089105,0.181906962819493,-6.34938269344261
"Q96DA2_RAB39B",1.61903792452704,17.9331340388224,12.516652510098,2.84066462953806e-06,7.16728748937904e-05,5.05569828757907
"Q96DA6_DNAJC19",0.660302607317977,19.3251554571779,9.62784935616831,1.81300691608896e-05,0.000251094889012683,3.01528667009544
"Q96DB5_RMDN1",0.411785918104687,21.9180907604791,8.56125058887542,4.07678989128995e-05,0.000426946009848105,2.11957072535916
"Q96DC7_TMCO6",0.0257415776431191,15.3842366357046,0.310645215470152,0.770065671682457,0.834820201363072,-7.68927116140073
"Q96DE0_NUDT16",-0.123027046504642,19.6780862228647,-1.80774783992985,0.110983343836512,0.184209219198901,-6.3632177821691
"Q96DE5_ANAPC16",-0.218521708452215,17.2863643009344,-1.98378908297627,0.0851790508083288,0.148867454619523,-6.10843742239186
"Q96DF8_ESS2",-0.141156754514032,17.6587068814488,-2.01790863045966,0.0809006448774523,0.142936313863675,-6.05816645989052
"Q96DG6_CMBL",0.387845796473876,21.3147229253672,4.3858253560711,0.00276461985985691,0.00997899850264689,-2.52120255428843
"Q96DH6_MSI2",0.083970568556925,20.9725953444433,1.46289857932398,0.184329360243948,0.275814875803115,-6.83219683913364
"Q96DI7_SNRNP40",-0.0618548475741605,20.8326234736893,-1.11036999600681,0.301359258502951,0.407552013312412,-7.25136397753676
"Q96DM3_RMC1",-0.383023371931642,18.4987902650636,-4.37263214146733,0.00280667198041105,0.0101021691573646,-2.53824307768334
"Q96DP5_MTFMT",0.0304727879639906,17.7455465549308,0.352272741652772,0.73438161014946,0.805964313751453,-7.82773030777239
"Q96DR4_STARD4",-0.0782888001834099,16.3263575869867,-0.664136140632258,0.52660091654345,0.630519030066511,-7.65476700492145
"Q96DR7_ARHGEF26",-0.175974328260633,16.8756656757602,-1.38534739772095,0.205973511754832,0.300968558365002,-6.93048665268958
"Q96DT6_ATG4C",0.000691401221651233,16.4565433871232,0.0071602043864961,0.994474863071014,0.995833363607112,-7.89739623949109
"Q96DU7_ITPKC",-0.0885612296786391,17.364331897787,-1.18399100225492,0.272782877387796,0.375819985155831,-7.17008961224202
"Q96DV4_MRPL38",-0.112873370016295,20.5586360324938,-1.74797713580766,0.121336483083105,0.197955060429009,-6.44768793867775
"Q96DX4_RSPRY1",0.289149731954252,16.0484208123665,4.13987419442219,0.00379137621910068,0.0127519010976791,-2.86432458883093
"Q96DZ1_ERLEC1",-0.107175945958705,18.1206968602098,-1.5397357244289,0.164914843762608,0.252710759784553,-6.73192411881474
"Q96E11_MRRF",0.616228311056702,20.1644001070101,7.67743100331787,8.52921421192714e-05,0.000739295268142664,1.30304464447689
"Q96E14_RMI2",0.179864447105292,18.471783770679,1.51148667636157,0.172027949510873,0.261306114446776,-6.76913214988586
"Q96E22_NUS1",0.172726700795897,15.4785895309125,2.36102598173524,0.06040200030484,0.11362531799471,-5.53939933401698
"Q96E29_MTERF3",0.436944555426066,20.1793634622789,9.36546531693543,2.19662306603674e-05,0.000286573094536705,2.80324023850862
"Q96E39_RBMXL1",0.549056849904957,18.4136769427142,8.76404300996166,3.4725284029878e-05,0.000386381465042325,2.29698703960474
"Q96E52_OMA1",0.394366978330215,17.1305117574741,2.720605258517,0.0280016602296512,0.0614092634697887,-4.98787466834238
"Q96EA4_SPDL1",-0.0113462664248623,18.0101885095656,-0.168461945854782,0.870699078322182,0.91127717940019,-7.88138489186629
"Q96EB1_ELP4",-0.147787767360256,18.4184706333903,-2.20646030253391,0.0608075292986798,0.114173980902382,-5.77629390362162
"Q96EB6_SIRT1",-0.279529764682298,18.2937572719723,-3.87539893762323,0.00538836153040513,0.0167115715618447,-3.24380288508004
"Q96EC8_YIPF6",0.331127994483776,18.7327293122629,1.94946474004985,0.0925511361566667,0.159473230575374,-6.16649746331727
"Q96ED9_HOOK2",-0.271019822308798,17.913234204339,-4.33810348600238,0.00293322114598285,0.0104445624876753,-2.58613752845563
"Q96EE3_SEH1L",-0.0886787502986088,20.9199647499348,-1.54798312161458,0.162945122812085,0.250596552785835,-6.72100109105848
"Q96EE4_CCDC126",-0.349886969300151,17.1173245788417,-3.01436590180839,0.0181302637573201,0.0432856617811945,-4.53502881204634
"Q96EH3_MALSU1",-0.217125032011879,17.7339837488835,-1.28666670812611,0.238163901424783,0.337929292203502,-7.05009710026765
"Q96EI5_TCEAL4",0.0816566735788875,20.1344583568642,0.682404726106644,0.516400825926311,0.621127173411996,-7.64075035979492
"Q96EK4_THAP11",0.387100881241512,18.9263258012821,4.05747382111513,0.00422546934996287,0.0139180151574606,-2.98155389505238
"Q96EK5_KIFBP",-0.320364981534578,20.8904953328143,-5.81578592468783,0.000517465650588303,0.00276838691304939,-0.687569523296626
"Q96EK6_GNPNAT1",0.686497484799439,22.413154605936,13.5635919985674,1.5962231361945e-06,4.84251026833608e-05,5.68605611744698
"Q96EK7_FAM120B",-0.113061954031423,18.4831963310731,-1.48755506974581,0.177886007975523,0.268020995461742,-6.80032086939896
"Q96EK9_KTI12",-0.538447411829445,18.8485573180843,-9.57726762179795,1.88067809592426e-05,0.000256746143631088,2.9748081296227
"Q96EL2_MRPS24",-0.0509658331152387,18.3659272868849,-0.521910033215594,0.61687532450194,0.710028885248017,-7.74592843981903
"Q96EL3_MRPL53",0.0247277234546992,20.5998950232958,0.52772789574124,0.613024297961945,0.707218354024045,-7.74259367747964
"Q96EM0_L3HYPDH",1.32811579117269,17.6019619794037,10.1720892339982,1.23486158189868e-05,0.000193612247539193,3.43924756936529
"Q96EP0_RNF31",-0.492286862152945,18.8423407364528,-4.47300247386922,0.00247145528147046,0.00915864063346665,-2.39997749187462
"Q96EP1_CHFR",0.209932859259535,16.4057048239252,1.49156782714727,0.176856743682625,0.266938285589498,-6.79510575149971
"Q96EP5_DAZAP1",-0.11187136347144,21.7357565113109,-1.94042789206201,0.090935713672648,0.157250289759646,-6.1719397302256
"Q96ER3_SAAL1",-0.169156399812948,19.5921696434599,-3.19897472215244,0.013862506534847,0.0350459201252994,-4.25245092745093
"Q96ER9_CCDC51",-0.00346640420737288,20.3423817979685,-0.0668932489383443,0.948425267113702,0.964960229848849,-7.89489206074365
"Q96ES6_MFSD3",0.157011423643507,15.8356379127375,1.69384492151957,0.131494430462704,0.211034990089822,-6.52315854732001
"Q96ES7_SGF29",0.0983063816176326,18.6924645322086,1.38499749134956,0.206076051592925,0.301060847396888,-6.93092309393464
"Q96EU6_RRP36",-0.00881985342942571,17.2844155161855,-0.118655224185325,0.908682327364743,0.938272526693729,-7.88945999675271
"Q96EU7_C1GALT1C1",0.0501158426566981,15.8495532757383,0.358573312400535,0.729924300880441,0.802570297746436,-7.82517826373616
"Q96EV2_RBM33",-0.100948585609327,19.0699697053867,-1.5943319828648,0.152269882304207,0.23737831366551,-6.65906863095505
"Q96EV8_DTNBP1",-0.14485580725702,18.3799643149172,-2.37039465967048,0.0474336507038233,0.0936545092021511,-5.52699840941439
"Q96EX1_SMIM12",0.415074398934582,16.7792414443524,2.26595515676616,0.0566502796912434,0.107847954573707,-5.69331631633235
"Q96EX3_DYNC2I2",0.185553429923491,18.517750939581,2.49471815856374,0.0393086851503002,0.0806318481282653,-5.33625741549926
"Q96EY1_DNAJA3",0.471804029857381,20.5237103684886,4.38196080181019,0.00294766865809806,0.0104862386650347,-2.56858876908966
"Q96EY4_TMA16",-0.363525502931719,19.2424680956008,-5.68435989253409,0.000596583324966326,0.00307751654478243,-0.844133749855124
"Q96EY5_MVB12A",0.384512166871371,19.207659841991,6.49996789572694,0.000255281848418861,0.00164833592158969,0.0914107898813148
"Q96EY7_PTCD3",-0.186634792227714,20.601561043852,-3.39476043241466,0.0104770718446296,0.0280944280084859,-3.95561521293291
"Q96EY8_MMAB",-0.052232774171987,20.9652099272763,-0.5900483309256,0.572599124901429,0.670884338677613,-7.70473856990946
"Q96EY9_ADAT3",-0.114783698077835,15.4323492648351,-1.66843757651382,0.142762203970986,0.225872733724791,-6.50384746223892
"Q96EZ8_MCRS1",0.0733242511825729,18.4252895816069,0.246308149269486,0.813418018033931,0.867910781279749,-7.86240473487491
"Q96F07_CYFIP2",0.731089158359268,17.8272864774285,6.59073129311907,0.000233391834423316,0.00155020032507928,0.190386781149929
"Q96F24_NRBF2",-0.296191198058938,17.598290430374,-2.98263423742052,0.0189938013189211,0.0448033357245146,-4.58380279492117
"Q96F44_TRIM11",0.0640465558759615,19.8793701592157,0.436469928318842,0.675708592695088,0.760234318050618,-7.79010432597508
"Q96F46_IL17RA",-0.0599552856998038,16.0465984818889,-0.629575559473916,0.547771623924413,0.649358670321311,-7.67873855924004
"Q96F63_CCDC97",-0.0558114692394724,19.5713286957476,-0.738840087605782,0.482608979575924,0.588243480387772,-7.59910390160871
"Q96F86_EDC3",-0.239812788728248,19.742020440164,-3.62787412583816,0.00755768634565757,0.0217703512104567,-3.60706713437994
"Q96FC9_DDX11",-0.311662247738006,16.3501297560936,-2.04328103666567,0.0781202555537138,0.139277125521646,-6.02159917972003
"Q96FF7_MISP3",-0.19858338812255,16.8069726522367,-1.48178757731018,0.179374799574365,0.269785627138702,-6.8078031590018
"Q96FF9_CDCA5",-0.383952602583371,18.5549621472527,-6.02419105524078,0.000414790092161965,0.00235761246973077,-0.443974076315787
"Q96FJ2_DYNLL2",0.471876555754406,19.9900880054602,4.32852152801122,0.0031323717880777,0.0110050470219917,-2.63719114036323
"Q96FK6_WDR89",0.269099320949046,17.7351092363468,3.78009383429582,0.00613156124233594,0.0184623023622128,-3.38278191694896
"Q96FL9_GALNT14",0.735940008440121,17.0346673684444,7.82104086384649,7.53071474042924e-05,0.000680523808399309,1.44076250107674
"Q96FN4_CPNE2",1.29790468651493,17.1218383990469,12.314699687829,3.19094797284422e-06,7.67131989068996e-05,4.92823579122761
"Q96FN9_DTD2",0.559416933407451,18.6956667130571,5.36327196558038,0.000852557409499453,0.00403329294283621,-1.2364679476675
"Q96FQ6_S100A16",-0.446087540791837,23.1105532464052,-5.14464621994729,0.00111600061803934,0.00498937118415832,-1.52560978682174
"Q96FT9_IFT43",-0.34382410541102,16.2984229731481,-4.21564147294832,0.00474392698127148,0.0151682650655878,-2.92316571774457
"Q96FV2_SCRN2",-0.479190733581497,18.0759402921769,-5.01424530254176,0.00127678975184731,0.00553034427924797,-1.67917853644188
"Q96FV9_THOC1",0.0460192917557016,20.2506541928874,0.815643163786476,0.439978176803272,0.547466334905764,-7.53657943090917
"Q96FW1_OTUB1",-0.210721447427677,22.5207970848418,-4.88752006899675,0.00148467573128006,0.00622619087528034,-1.84418747720756
"Q96FX7_TRMT61A",0.0715937877672168,18.7940110639423,1.00218398103075,0.347662606131538,0.455350458090733,-7.36388846717083
"Q96FZ2_HMCES",-0.290349033384462,19.9710820757758,-4.16121210307637,0.00368703756518089,0.012484019642269,-2.83411849160168
"Q96FZ7_CHMP6",-0.17183076804324,19.6713567659403,-1.01891691505579,0.343228998834489,0.451166729038802,-7.34398595724795
"Q96G03_PGM2",-0.0379596225248662,20.8260775168488,-0.864536671654975,0.41423841744419,0.522238242308845,-7.49408956098841
"Q96G04_EEF2KMT",-0.231351065683572,16.2114907046057,-3.17639248960586,0.0143220327024154,0.0360144315275247,-4.28689305084042
"Q96G21_IMP4",-0.30274570864923,19.6582607140952,-4.06051733920588,0.00420850909157945,0.013868125864278,-2.97720758774039
"Q96G23_CERS2",0.290331003035792,21.9633214960862,4.86230834423286,0.00153032495285722,0.00637913536782629,-1.87728913978629
"Q96G25_MED8",-0.321276169428373,17.7630409457843,-3.27926629812469,0.0123512592380281,0.0319295054627324,-4.13031665734469
"Q96G28_CFAP36",-0.109973367736846,17.5120487851795,-1.40331161052916,0.200769040979321,0.295282669928224,-6.90799291892774
"Q96G46_DUS3L",-0.46831854266901,18.2113956196048,-6.79735888813628,0.000190947477220565,0.00132890311521005,0.412076596995052
"Q96G74_OTUD5",-0.0434067289559152,17.0508713144493,-0.346483935419893,0.738552154855857,0.809843835896877,-7.82998397715372
"Q96G75_RMND5B",-0.2608600527739,16.1508899995775,-3.6932739386551,0.00690544205583346,0.0202812541363222,-3.51036609853871
"Q96GA3_LTV1",-0.207092183744148,18.8392740139542,-3.03254895841421,0.0176541373929811,0.042362172118437,-4.50710330802044
"Q96GA7_SDSL",-1.61680953964122,18.8051648205088,-11.5363440915487,7.02641156683334e-06,0.000129438352839617,4.13100834078481
"Q96GC5_MRPL48",-0.145234034827304,19.8830238613457,-2.16597103033151,0.0646561408321741,0.119858437599896,-5.83733328982441
"Q96GC9_VMP1",0.33061001081855,20.3576819467547,4.40578248255567,0.00269076343813101,0.00974923530071637,-2.4924188224757
"Q96GD0_PDXP",0.132128793230876,19.5100058480485,2.62035496763053,0.0325366580777853,0.0694230396328965,-5.14264716537429
"Q96GD4_AURKB",-0.139732278144017,18.9834845913669,-2.28578101092111,0.053919195270674,0.103682349011371,-5.656057962094
"Q96GE9_DMAC1",0.840689637510824,18.0673828825791,5.99912329657377,0.000464906139348453,0.00255330993916589,-0.542581617413567
"Q96GF1_RNF185",-0.045850770935985,18.2212500753001,-0.386397355953596,0.709993344149926,0.786350099106071,-7.81371329768487
"Q96GG9_DCUN1D1",0.52343874496497,20.8077169187623,7.87077092123532,7.21602489806508e-05,0.000655963262136832,1.48797902648714
"Q96GI7_FAM89A",0.0616305597929401,15.5673960004975,0.938041636890701,0.377606785585149,0.48591211509821,-7.42644800852591
"Q96GJ1_TRMT2B",0.717749778346082,16.72362051185,5.92809185570199,0.000459018482530269,0.00253073118076442,-0.555595328169899
"Q96GK7_FAHD2A",0.179435582420453,19.523256167644,2.86159615119143,0.0227049377593889,0.0516604908245619,-4.7702380790983
"Q96GM5_SMARCD1",-0.330902692814352,18.5645434004892,-5.44493786991141,0.000777546076012073,0.00376224034880525,-1.13534090363039
"Q96GM8_TOE1",-0.177296690052824,18.0959221111069,-1.441837783062,0.1899976649748,0.282232553601018,-6.85919032877023
"Q96GQ5_RUSF1",-0.229394045948609,17.8929147615996,-1.85694517985668,0.10309864865369,0.173380811473264,-6.29286422786588
"Q96GQ7_DDX27",-0.547071072669176,21.5547088362813,-8.8201212149922,3.32367643793623e-05,0.000380398465771513,2.34543293674082
"Q96GR4_ZDHHC12",0.431740954626534,16.4914122461809,3.48362911650449,0.00924220788117694,0.0254618663969721,-3.82206109011578
"Q96GS4_BORCS6",0.0147117472864693,17.7407828170474,0.174766445565084,0.865914617635091,0.908331126759093,-7.88016433994511
"Q96GV9_MACIR",0.246785563539971,16.2510159525511,1.65577383821931,0.145816910776893,0.229518279367789,-6.55618110800422
"Q96GW9_MARS2",0.813272117213213,18.4234159874491,14.7876333920305,8.55621046521744e-07,3.1799141942636e-05,6.36478805768086
"Q96GX2_ATXN7L3B",-0.15596757257472,19.9860660004415,-2.45140589153263,0.0419647216585014,0.0848730944654082,-5.40283048227188
"Q96GX5_MASTL",0.106399278968393,17.4680986521388,1.35580694362864,0.214789452990723,0.310526733758335,-6.96710120109283
"Q96GX9_APIP",0.461096827050255,19.9337742737511,3.80075035667921,0.00640466059817484,0.0190891346093749,-3.39976156662581
"Q96GY0_ZC2HC1A",-0.0373912641391669,17.6122070849557,-0.516629941806214,0.620381478991325,0.712562561131112,-7.74892520461064
"Q96GY3_LIN37",0.0787960800386251,17.1908392094425,0.761768234853929,0.469603286062492,0.575893025657323,-7.58098996816522
"Q96GZ6_SLC41A3",0.135355250212402,16.8757827877418,1.00713846151752,0.345427519227877,0.453277271626693,-7.35892403251355
"Q96H20_SNF8",-0.613878199281796,19.2590543257383,-8.64683533366011,3.8084408513182e-05,0.000406641484753179,2.19487491686003
"Q96H22_CENPN",0.0723012746176153,17.1047880408295,0.883866508821599,0.404364794812969,0.512749851773951,-7.47673286354862
"Q96H55_MYO19",-0.277890782969358,17.6713042718092,-3.48089798232777,0.00927774697057824,0.0255413667951281,-3.82615350058238
"Q96H78_SLC25A44",0.599347171728482,16.8000148845886,1.5599561466739,0.168310736329532,0.256705294216833,-6.70741788254372
"Q96H79_ZC3HAV1L",-0.358804733276095,19.0827185635525,-5.79672263281899,0.00052818378183017,0.0028139129004123,-0.710136494419326
"Q96HA1_POM121",-0.474739661166872,17.3508979451871,-3.82644316158369,0.00575716686771359,0.0176124612659745,-3.31504990930633
"Q96HA7_TONSL",-0.0420552614942515,18.2016056702781,-0.628820228146592,0.548239966769922,0.649793164081223,-7.67924964517411
"Q96HA8_NTAQ1",-0.175098364857007,18.4205982926384,-1.43966996967947,0.190821445812227,0.283212959276738,-6.86192634144046
"Q96HB5_CCDC120",0.255677442215422,16.4284941953779,2.6571248936811,0.0307910577108285,0.0663652766279346,-5.08589401899641
"Q96HC4_PDLIM5",-0.708875530977547,20.3067516398769,-6.7345935224409,0.000224585650109902,0.00150214986447086,0.262245844139134
"Q96HD1_CRELD1",-0.0843642274987246,16.1775977281206,-0.674811874587251,0.520164679868614,0.624552003808889,-7.64713195682396
"Q96HE7_ERO1A",-0.177262206906057,20.4972819268917,-3.52202140436286,0.00875775561498,0.0244980028088262,-3.76461629795054
"Q96HE9_PRR11",-0.297349637650427,18.3830657514795,-3.08599853020529,0.0163292955297776,0.0399735716699167,-4.42512327931672
"Q96HJ9_FMC1",0.830442309786452,19.9143124914114,10.6433526588986,8.98308326245718e-06,0.000153352906534869,3.79015304647094
"Q96HN2_AHCYL2",-0.103426880447763,18.4901853677853,-1.15508598017659,0.283725552546785,0.387612910868508,-7.20243353217064
"Q96HP0_DOCK6",-0.48768298708103,17.2799789664048,-5.35611910412391,0.000859499081954347,0.00406361810855967,-1.24536935962533
"Q96HP4_OXNAD1",0.489342049029066,18.3464876906927,5.45533726701318,0.000768529625059332,0.00373278842667001,-1.12252943367913
"Q96HQ2_CDKN2AIPNL",-0.458950286808879,18.4682123625422,-5.71290381461631,0.000578322373802319,0.00299950783427322,-0.809934006132108
"Q96HR3_MED30",-0.120140946837768,17.8627215994455,-1.66658670963199,0.136906248934245,0.218279097623004,-6.56076475463349
"Q96HR8_NAF1",0.102047810929989,18.2893091539325,1.16167356753659,0.281200434777454,0.384831687043008,-7.19511081410853
"Q96HR9_REEP6",-0.518822867265154,19.8566003503733,-5.75223687712576,0.000554165910138228,0.00291776748140961,-0.762986082026123
"Q96HS1_PGAM5",0.199556483906971,21.8695676178355,3.27498679353315,0.0124272243732962,0.032085825847298,-4.13681293719345
"Q96HU1_SGSM3",0.757527062479236,16.41235616721,3.98695396086134,0.00507320360815926,0.0159541923424013,-3.14300070776492
"Q96HV5_TMEM41A",0.816196635596025,16.9864867239942,4.75083464483007,0.00186725236683872,0.00737804351465649,-2.07179483109209
"Q96HW7_INTS4",-0.376678757089469,18.8815778724326,-6.0492317130184,0.000404057574500081,0.00231560731413277,-0.415084953302836
"Q96HY6_DDRGK1",0.3539041061529,20.571055041417,7.51936445440867,9.80323610619043e-05,0.00081729269391304,1.14907125946601
"Q96HY7_DHTKD1",-0.156071741022103,21.2023960133093,-2.62793509788459,0.0321686298802898,0.0687529145750113,-5.13094963263124
"Q96I15_SCLY",-0.356136166881832,18.1261488245788,-3.05650632948591,0.0170468220866677,0.0411762890529461,-4.47033731448205
"Q96I23_PYURF",0.167322553963597,18.307222464119,2.55292144056147,0.0360077515079078,0.0753570381270065,-5.24663979743216
"Q96I24_FUBP3",0.140884288830932,21.3203667828997,3.11051908296234,0.0157569973856628,0.0389089938673747,-4.38757220053221
"Q96I25_RBM17",-0.0838911017291224,20.595776345561,-1.11573765734162,0.29919676596818,0.405272727821889,-7.24556279651896
"Q96I34_PPP1R16A",-0.046333151515352,16.0528763074512,-0.526323132497685,0.616249670462114,0.709582727937605,-7.7166673307374
"Q96I45_TMEM141",0.472925378676532,15.5784214498321,6.24308640367672,0.00112049558007589,0.00500509581039761,-1.07347855565605
"Q96I51_RCC1L",0.0707214658937794,18.363201762547,0.803581123061198,0.446496329478994,0.55395398228934,-7.54674472994004
"Q96I59_NARS2",-0.345843569038646,19.4155356851082,-3.00003280011644,0.0190131067551332,0.0448350404512627,-4.57160530839166
"Q96I99_SUCLG2",0.242771972380133,21.6687480043651,4.23031609979147,0.00337000932695183,0.0116577924454963,-2.73672480661848
"Q96IF1_AJUBA",-1.11692787904041,16.8800376282951,-7.79377061100739,0.000163111097405594,0.00117087731424016,1.04043369046308
"Q96II8_LRCH3",0.00474447896813857,16.2870312033766,0.0576425446965866,0.955547895333772,0.969883651065678,-7.89554410785709
"Q96IJ6_GMPPA",-0.131585620922284,20.1178763857005,-2.53536472401744,0.0369724104267546,0.0768917512819746,-5.27368874594351
"Q96IK0_TMEM101",0.0396206879109187,15.4658678550324,0.490824261896392,0.637666885203268,0.727389337120111,-7.76316212200271
"Q96IK1_BOD1",-0.135871558039828,18.5143512422967,-2.05356909719794,0.0766540517846913,0.137241270701163,-6.0053593310898
"Q96IL0_COA8",0.0296074037836824,16.0569591357548,0.298020572677234,0.773821461547149,0.837703918653066,-7.84742728202337
"Q96IQ9_ZNF414",-0.152582468459784,16.0549219999409,-1.35248824425006,0.215800173434564,0.31181106140753,-6.97118501076223
"Q96IR7_HPDL",1.15199259417368,20.2718631127612,14.8215701773821,8.41543912623928e-07,3.16926266601474e-05,6.38279313670095
"Q96IT1_ZNF496",0.18051312935652,16.8483747703629,1.06244840812265,0.321887863012107,0.429085017934066,-7.30163045526398
"Q96IU4_ABHD14B",0.417284273440323,20.2434945374132,5.20213816129045,0.00102515917890387,0.00467064476920148,-1.43872243651726
"Q96IV0_NGLY1",-0.374942898058194,17.5820150236134,-4.7403673681565,0.0017740115637752,0.00708955483798297,-2.03867535141885
"Q96IW7_SEC22A",0.381779113986585,19.1558008308692,5.21738767208967,0.00100727433000308,0.00461944346303152,-1.41942555126457
"Q96IX5_ATP5MK",0.108423040068093,20.8021364283203,1.44542575377796,0.189021144066631,0.281196078301108,-6.85460713229354
"Q96IY1_NSL1",-0.240777076707044,17.9522582049288,-1.45283748154206,0.188779293066466,0.280945628867653,-6.84496130538224
"Q96IZ0_PAWR",0.322688421943162,20.6193171008611,6.49812196054371,0.000255750164211057,0.00164843035500453,0.0893875657863052
"Q96IZ5_RBM41",0.505854137832756,15.9500315457234,6.31601652114378,0.000307020074761375,0.00186579369757608,-0.11224600192947
"Q96IZ6_METTL2A",-0.194606913102454,19.3278139486425,-0.840067662552769,0.431177710377443,0.539501406847062,-7.51089878193681
"Q96IZ7_RSRC1",-0.287567477627029,18.3469849667148,-1.99483746234773,0.0851922974441349,0.148867454619523,-6.09670686743353
"Q96J01_THOC3",0.631266465407183,20.6326124377254,13.7268288698469,1.4644969150158e-06,4.64567589846298e-05,5.78001729139089
"Q96J02_ITCH",-0.189589543514707,18.2387695770242,-2.91055666973925,0.0211197413441994,0.0487648512764738,-4.69475949160152
"Q96J42_TXNDC15",0.155097275701149,17.7643601740876,1.35132479459208,0.216155485257039,0.312265435523443,-6.97261525428255
"Q96JB2_COG3",0.255094300451223,20.1994044077622,4.0533066992536,0.00424881141154554,0.0139648165267694,-2.98750679157465
"Q96JB5_CDK5RAP3",0.373211474917081,19.8282793378155,5.57818004319939,0.000670338826895126,0.00336048546335294,-0.972316707383436
"Q96JC1_VPS39",-0.233027307821505,19.2764354593257,-4.07712793925673,0.00411723783733848,0.0136497325526681,-2.95350877294752
"Q96JC9_EAF1",0.310812872011287,17.5933358599847,2.83988021070441,0.0234473867131032,0.0530655036772273,-4.80373765206153
"Q96JG6_VPS50",0.127528844053543,17.9306749887231,1.67237344385625,0.135740258821932,0.216691225452844,-6.55280423454142
"Q96JG8_MAGED4B",-0.624298284992038,16.0633213329119,-6.758960456539,0.000374353187972876,0.00219641605683242,-0.122653351394312
"Q96JH7_VCPIP1",-0.390620692432034,18.3833583999242,-6.63670704573473,0.000223107869886363,0.00149440340347857,0.240147781702186
"Q96JI7_SPG11",-0.0823155419411457,17.8329118147899,-0.877784031563803,0.407453199230796,0.515469089544835,-7.4822281059825
"Q96JJ3_ELMO2",0.00981892821716812,16.6342536456437,0.132244393336783,0.898289363301685,0.930545011170918,-7.88753331210753
"Q96JJ7_TMX3",0.028895083363615,20.4979621131408,0.420649918019795,0.685870537594777,0.768021682388179,-7.79839472240554
"Q96JK2_DCAF5",0.363135960980802,18.7077900375711,4.13639764713737,0.00380867800090104,0.0128044605615165,-2.86925192437807
"Q96JM3_CHAMP1",0.227220584504316,19.6322991655088,4.27447744718077,0.00318302713785397,0.0111471564218477,-2.67483161632012
"Q96JM4_LRRIQ1",0.186510063734143,17.8353149303466,1.97520886493749,0.100425639806713,0.169857083257151,-6.06876952459946
"Q96JN0_LCOR",-0.0519782355963763,15.9290654100778,-0.451507598307323,0.664464981083066,0.750566604666082,-7.78353432689092
"Q96JN8_NEURL4",0.0959565367249091,18.2594250076247,1.01146242574117,0.343485950072198,0.451271711342491,-7.35457617923596
"Q96JP5_ZFP91",-0.0725634412137524,17.9311730221315,-0.844969023545819,0.424408237907933,0.532775201774408,-7.51133955999175
"Q96JQ2_CLMN",1.31221445532973,16.9377455414277,16.9341935080702,3.19696148846429e-07,1.86570767780988e-05,7.42778158686555
"Q96JY6_PDLIM2",-0.927967547916204,16.319638899859,-8.48213654570537,9.85903344606945e-05,0.000817464616803124,1.40787370487054
"Q96K12_FAR2",0.153881680575886,15.2382855429574,1.90920795317539,0.121535328202566,0.198237163240584,-6.12102393997282
"Q96K17_BTF3L4",-0.0240225387110833,21.8317221446518,-0.168052168960213,0.871446830207965,0.911693421374722,-7.88127657066225
"Q96K19_RNF170",0.00432633522574299,15.2453059907934,0.0582477186459724,0.955312642207791,0.969773622318226,-7.83592285326119
"Q96K21_ZFYVE19",-0.0606333805623542,19.0011406477099,-0.886357441929061,0.403104918391458,0.511661481172621,-7.4744735450132
"Q96K37_SLC35E1",0.185325131428254,18.2060523724013,2.03467896089067,0.0788755629971349,0.140103085295794,-6.03336518162315
"Q96K49_TMEM87B",0.116112050278328,17.870349568972,1.85259116530277,0.103774221178184,0.174285868201411,-6.29911907182032
"Q96K58_ZNF668",0.081506721177977,16.99556610905,1.07675937698851,0.315187249302822,0.422219470986521,-7.28722985612468
"Q96K76_USP47",-0.144890418997413,18.6334332516082,-2.29508718884651,0.0531641710703093,0.10271419960387,-5.64190051902287
"Q96KA5_CLPTM1L",0.971368535245134,20.3240632069739,20.24645773113,8.6556758289216e-08,7.35251574578951e-06,8.81723258854696
"Q96KB5_PBK",-0.498824842399912,20.4604296824861,-4.14067697560642,0.00416658478395897,0.0137536876828006,-2.92905376326314
"Q96KC2_ARL5B",-0.0743832616194702,16.2539067849094,-0.884414026031474,0.413740922289614,0.521869221399785,-7.37468737267748
"Q96KC8_DNAJC1",0.249895493155339,19.0225881909197,2.98003439848589,0.0190664432138257,0.0449192475715555,-4.58780111190339
"Q96KF7_SMIM8",0.0974367987513958,15.7135610934433,1.4027644071094,0.200925845519304,0.295399632499054,-6.90868059352716
"Q96KG9_SCYL1",0.110119406435743,20.8304331200034,2.34803665609176,0.0490666261512207,0.0963561153162297,-5.56117044871039
"Q96KM6_ZNF512B",0.153195542329311,19.1989821011663,2.78339781472801,0.0254994726601364,0.0567968153619721,-4.8909146062051
"Q96KN1_LRATD2",1.03309926699949,20.5308886465537,16.8726089944977,3.28297176020785e-07,1.87300888856635e-05,7.39927527643483
"Q96KP1_EXOC2",-0.116470463799292,19.7927917433412,-1.90129944824177,0.09645325527836,0.164741987623562,-6.22884654192411
"Q96KP4_CNDP2",-0.225548310547541,22.7194667939232,-4.94492387913662,0.00138622338441439,0.00590728972901227,-1.76915815175173
"Q96KQ4_PPP1R13B",-0.111196858433946,16.9710176246444,-1.24855874048085,0.249600886031476,0.350837743269097,-7.09589735397253
"Q96KQ7_EHMT2",0.166634317334275,19.2852222773884,2.33840494834187,0.0497875181301159,0.0975462778330949,-5.57587696485176
"Q96KR1_ZFR",-0.237862741423733,20.9324352691523,-4.8388601870516,0.00157416860511941,0.00650163100277574,-1.90815693416865
"Q96KR6_FAM210B",2.16149667778181,17.702484110506,13.5181864621155,2.15122212316299e-06,5.81134032918059e-05,5.41374328484341
"Q96L50_LRR1",0.032446599254591,17.1751618850154,0.40944307597344,0.693722217144022,0.773669781191255,-7.80354360302594
"Q96L58_B3GALT6",0.227915821185828,16.9672996106577,1.90659524849139,0.0956879683288774,0.163727510714921,-6.22116756596649
"Q96L73_NSD1",-0.0908302068104412,18.1799128608388,-1.06233682316157,0.321273867470033,0.42842119602449,-7.30237355422783
"Q96L91_EP400",-0.0977987646942822,18.2365994634657,-1.49126558042112,0.176934082211484,0.266938285589498,-6.79549882604815
"Q96L92_SNX27",0.124390085169708,20.3599131686603,2.58590674973365,0.0342646329723839,0.072402741590347,-5.19578905454081
"Q96L93_KIF16B",-0.236583720217542,16.4350264757709,-3.15673157641182,0.0147352553291299,0.0368622470520936,-4.31691033177453
"Q96LA8_PRMT6",-0.265335792962713,20.8708456953811,-3.6750170091642,0.00708120042782,0.0206941044612706,-3.5373105364524
"Q96LB3_IFT74",-0.290488212945196,16.7344206710502,-3.35918388198124,0.011019804115331,0.0292678071956167,-4.00929874793672
"Q96LD8_SENP8",-0.00499834924659126,16.108417854025,-0.028214183984246,0.978262965766841,0.985611541023656,-7.89697220648925
"Q96LI5_CNOT6L",-0.117504414879573,17.4558564471288,-1.27662379809922,0.24005499183612,0.34017060474275,-7.06284375662425
"Q96LJ7_DHRS1",0.503168141078408,18.711878366028,3.69688780555285,0.00732891640385225,0.0212797439830803,-3.54677165437073
"Q96LL9_DNAJC30",0.38970397239714,16.5803715546259,3.45343097858923,0.00964340278165767,0.0263299336663474,-3.86735386946821
"Q96LT4_SAMD8",-0.321928880356813,15.4700554066048,-2.22434480743349,0.0722227375793429,0.130686008846962,-5.31085247895329
"Q96LT9_RNPC3",-0.108607656221487,17.4352294316543,-1.51207061179427,0.171681154009886,0.260934875229737,-6.76834215317617
"Q96LW7_CARD19",0.384073370199356,18.2768970469698,2.31467295495625,0.0535700559589645,0.103211461140696,-5.6263505346574
"Q96M27_PRRC1",0.465993002501794,20.9309323959712,4.67196403401143,0.00204950238999605,0.0079213578217997,-2.17434497666213
"Q96M96_FGD4",-0.284138001578714,16.164712149192,-2.8298983178573,0.0237971175851632,0.0537138954645919,-4.81913971221131
"Q96ME1_FBXL18",-0.680834186812799,19.8345512205944,-11.6750553499255,4.66683050388789e-06,9.93813905354399e-05,4.51090599779234
"Q96ME7_ZNF512",-1.37555530546986,17.526180784101,-6.43646889202222,0.000999963097387678,0.00459418141798606,-0.587596820951698
"Q96MF7_NSMCE2",-0.0521632709163811,18.6379888799599,-0.709293908454195,0.499714744426766,0.605918988285904,-7.62173914474615
"Q96MG7_NSMCE3",-0.255834489786004,17.1175579323526,-3.28149872816089,0.0123118276140697,0.0318632099219915,-4.12692845451746
"Q96MG8_PCMTD1",0.212412156943508,15.2809390033177,2.00816129086905,0.126054381901753,0.204257259355427,-5.88749630089558
"Q96MH2_HEXIM2",0.0183635784217451,18.9803408025754,0.226255771150889,0.827080505766021,0.878808959914,-7.86853523701865
"Q96MH6_TMEM68",-0.029228336417134,17.0752164167519,-0.187868397773185,0.856015608057487,0.900789996366068,-7.8774739454172
"Q96MM7_HS6ST2",0.0951744012452451,16.6616777918877,0.603824231952346,0.570377613412988,0.669101865051756,-7.59606761522066
"Q96MR6_CFAP57",0.0652004710686338,15.5254966907487,0.807977398473677,0.444112961366687,0.551534046401612,-7.54305447016792
"Q96MT8_CEP63",0.0457360956722326,15.9666601151331,0.423920100003447,0.685387224665914,0.767621642626855,-7.77085847025311
"Q96MU7_YTHDC1",-0.133815954673825,20.2195267015878,-1.55644104717101,0.160947414366577,0.248073182022678,-6.70976820484535
"Q96MW1_CCDC43",0.0376359101716623,19.6141169599288,0.548148948572732,0.599609683232502,0.694653133552428,-7.73061761784872
"Q96MW5_COG8",0.0524482320575039,19.0034894609535,0.605174679601868,0.563021837499796,0.663272181707039,-7.69496910454173
"Q96MW7_TIGD1",0.414878520617915,15.4385297074478,4.33537698226769,0.009678096821558,0.0264048167915527,-3.18472859470234
"Q96MX3_ZNF48",-0.245269556922757,17.1768784424845,-2.18562454923977,0.0627586114788742,0.117164733762147,-5.80773539274601
"Q96MX6_DNAAF10",-0.18803445080912,19.4292361836525,-2.70278732094652,0.0287571274102887,0.0626705356475647,-5.01538974387734
"Q96N06_SPATA33",-0.00554592244126084,17.0721140917663,-0.0559820620887422,0.956826868444216,0.970923999104862,-7.89565090405458
"Q96N11_INTS15",-0.436740608863175,18.4703006752357,-6.63862254774248,0.000222690502581773,0.00149440340347857,0.242215558325354
"Q96N21_TEPSIN",-0.132618057634829,18.2825098179146,-1.83971739673323,0.105796647396053,0.176812898601816,-6.31758132718143
"Q96N46_TTC14",0.029426829053822,16.051504789572,0.0964685693869023,0.927430438444757,0.951450040513979,-7.80069285937211
"Q96N64_PWWP2A",-0.0285615239393913,18.5014850563716,-0.261270931368003,0.800954104272391,0.858566198424345,-7.85894515259439
"Q96N66_MBOAT7",-0.222917567840934,20.8365211024818,-0.893942338519433,0.405489696658266,0.513579975306899,-7.46075082665847
"Q96N67_DOCK7",-0.00430243883115722,18.7746131769697,-0.0710418074646375,0.945232643697522,0.963340836524811,-7.89456821990754
"Q96NB2_SFXN2",-0.0798151726738148,19.0979133573848,-0.607435555781973,0.562284666299956,0.662658590082189,-7.69273592360976
"Q96NB3_ZNF830",0.0558624256114797,17.3889078370726,0.675756293785212,0.519597676265115,0.623990611851524,-7.64645133886684
"Q96NC0_ZMAT2",0.0343979127726044,17.4981340422088,0.31468004620485,0.761628478611748,0.829082972944157,-7.84171902576057
"Q96ND0_FAM210A",0.356766887034375,18.3198926172099,4.83329845819766,0.00158476933957499,0.00652815175151107,-1.91549009009548
"Q96NE9_FRMD6",-0.211810377263944,16.3807665805019,-0.50765075664144,0.635113719693865,0.725482820828327,-7.26590303980866
"Q96NJ6_ZFP3",0.0381642749823872,15.158474223558,0.62146225706653,0.552814789776617,0.653917541055584,-7.68419943348994
"Q96NL8_CFAP418",-0.0291409605260711,16.5577004772613,-0.132651106139172,0.900246980607603,0.931941525625609,-7.25826155957984
"Q96NT0_CCDC115",0.357358114624088,18.1152212559384,3.83671433732615,0.00567758673872257,0.0174598353248327,-3.30007671391512
"Q96NU1_SAMD11",-0.257016713967033,15.68260467973,-2.20625290460216,0.0608266487749301,0.114173980902382,-5.77660718063501
"Q96NW4_ANKRD27",0.175603178856715,17.6544075584143,2.10350599142498,0.0710737508913002,0.129094517834162,-5.93098879747171
"Q96NY8_NECTIN4",-1.35404625840212,17.4249338359862,-11.4985422813704,5.20033646875346e-06,0.000108034163868533,4.39192305208628
"Q96NY9_MUS81",-0.0567807284346991,16.1688134931083,-0.4802986576679,0.644787271519846,0.733248640358687,-7.76877284618453
"Q96P11_NSUN5",-0.305264442053122,19.1964435798546,-6.02751966191172,0.000413345358295108,0.00235471331159918,-0.440129247979444
"Q96P16_RPRD1A",0.0526428432058985,19.944131993727,0.788910134342157,0.454513631009327,0.561531465589254,-7.55893688099033
"Q96P47_AGAP3",0.0947514909255887,17.9946402009691,1.46791464335819,0.183001830385902,0.274248800952326,-6.82573575577404
"Q96P48_ARAP1",-0.557440977219912,19.4590489432632,-8.37172736891879,4.74996824501277e-05,0.00047958472857047,1.95053611117998
"Q96P53_WDFY2",-0.488847795957401,15.8913588830724,-3.65170506773433,0.0126256258017963,0.0325431251701728,-3.45372512947522
"Q96P70_IPO9",-0.112171269770368,21.305993717618,-2.58601702140937,0.0342589534146854,0.072402741590347,-5.19561899628988
"Q96PC3_AP1S3",0.669441038804539,16.8446430827911,6.7177970606338,0.000206177616361233,0.00141112612093252,0.327306425335609
"Q96PC5_MIA2",0.206719301699607,18.8164216718024,2.50811647100302,0.0385223332507549,0.0793595358938348,-5.31564195224749
"Q96PE2_ARHGEF17",-0.796785134353847,17.3889454469515,-7.1807158532254,0.000133156642941577,0.0010079035002855,0.810457651387145
"Q96PE3_INPP4A",0.121921396215988,16.3293251411852,1.41725884633515,0.196808690349853,0.290800625768193,-6.89041294815916
"Q96PE7_MCEE",0.957269359426125,17.9632350505168,8.84962730164946,3.24824244700236e-05,0.000375118028811678,2.37081786531627
"Q96PK6_RBM14",-0.394822722488442,22.0920351883785,-8.05145357773598,6.190613424096e-05,0.00058718659587114,1.65752137976438
"Q96PM5_RCHY1",-0.201527310040628,16.9360931222786,-2.07956362577353,0.0736973702353583,0.13269345158957,-5.96670492289552
"Q96PM9_ZNF385A",0.470571509182196,16.6592320090476,4.76856236033175,0.00171409790705074,0.00691153929293401,-2.00117061902995
"Q96PU4_UHRF2",-0.101346405043277,17.5233953292594,-1.04813940482746,0.327355870392791,0.4346362676542,-7.31713367335481
"Q96PU5_NEDD4L",0.83518950746835,17.9509766046411,8.81985324196926,3.3243704803143e-05,0.000380398465771513,2.34520206004849
"Q96PU8_QKI",0.756801365822799,19.2604367656122,9.14194378005795,2.59637135537401e-05,0.000320149338900553,2.61845965292107
"Q96PV6_LENG8",0.077509683457837,17.1601183086669,0.806281922072121,0.445031092412117,0.552494755032581,-7.54447966540266
"Q96PV7_FAM193B",-0.0168053754235835,16.0705899815186,-0.155738797936711,0.880371907035238,0.91795461392313,-7.88371252066368
"Q96PX1_RNF157",0.145333246668514,18.5809444842331,2.30774929810232,0.0574310838810131,0.109065574450945,-5.63488055449523
"Q96PZ0_PUS7",-0.212585856134858,20.1025364787919,-4.46358431204298,0.00250096991540653,0.00923667391462945,-2.41289075313692
"Q96PZ2_FAM111A",0.0408619958981298,16.643328590367,0.510994257199315,0.62413532832364,0.715906164296208,-7.75209248457277
"Q96Q05_TRAPPC9",0.176369041313031,18.5023768428349,2.57667094390292,0.0347437776543191,0.0732330245843038,-5.21003091588913
"Q96Q07_BTBD9",0.512747443379709,16.3886985375737,5.14914064568656,0.00109009340882559,0.00489070663760072,-1.50604062532486
"Q96Q11_TRNT1",0.223203488112958,20.6256811667276,4.42339764447429,0.0026313079512739,0.00958834570423689,-2.46813236681054
"Q96Q15_SMG1",-0.0226416329276269,18.0448118255946,-0.382338849738623,0.712875782392797,0.789045223163882,-7.81544569789347
"Q96Q42_ALS2",0.199915455404568,16.4735618385275,1.77652830475758,0.116281662218003,0.191630374575692,-6.40748141988155
"Q96Q45_TMEM237",-0.103242029496144,16.3106145058486,-1.1625639519138,0.28086055729132,0.384592326794222,-7.19411885292623
"Q96Q83_ALKBH3",-0.184047239405292,15.9749728905345,-1.84284187475175,0.105302359484157,0.176373015750873,-6.31310491864243
"Q96Q89_KIF20B",-0.0575059677464687,18.1226415109548,-0.515504505846989,0.621130163785044,0.71331532253818,-7.74956028998383
"Q96QC0_PPP1R10",-0.373313370576241,21.2140678017796,-6.10279965311757,0.000382118789548797,0.00222321015684974,-0.353554411260022
"Q96QD8_SLC38A2",0.02437616384832,18.7654436913528,0.371155643394879,0.72084397092169,0.794643425767314,-7.8201282372568
"Q96QD9_FYTTD1",0.472442950537243,18.6064878902623,7.18864082105601,0.000132188922181994,0.00100256379968387,0.818521493054806
"Q96QE5_TEFM",-0.0177651721823224,17.0814814505531,-0.218655432330394,0.832783552822263,0.883250382165339,-7.87043748051411
"Q96QF0_RAB3IP",0.198247752713531,17.1702313953658,2.78339375004501,0.0254996268859853,0.0567968153619721,-4.89092088159614
"Q96QG7_MTMR9",-0.235272807342781,17.1946057269433,-2.35040701180476,0.0488908389107021,0.0961343784651022,-5.55754980824839
"Q96QK1_VPS35",0.237727762082919,22.6333147471466,5.19033935425744,0.00103923744378183,0.00471231925131203,-1.45367520892972
"Q96QR8_PURB",0.16409451793383,20.8677380112903,2.80613005723522,0.0246519482770947,0.0552194973859915,-4.85582223125125
"Q96QT4_TRPM7",-0.606234289681167,16.4843680753857,-0.911153506076604,0.420365648008794,0.528394504937065,-7.21074333199792
"Q96QT6_PHF12",0.0831526924170518,16.6062452524553,0.978109727313103,0.358681607731565,0.467061981111875,-7.38774396943012
"Q96QU8_XPO6",-0.23453251334492,17.4005135514512,-2.19746446926811,0.0616423718895995,0.11541903823071,-5.78987653846111
"Q96QZ7_MAGI1",0.783254091521126,17.0673486082449,8.8678531485157,3.20260837979667e-05,0.000372096368746893,2.38646199066287
"Q96R06_SPAG5",-0.796646762868924,18.8439787311615,-8.30405094908787,5.01988844399863e-05,0.00050035263565019,1.88940153282211
"Q96RD7_PANX1",-0.260770772025687,15.8645001300005,-3.40679185068408,0.0128335797222273,0.0329569086249338,-4.01260364510359
"Q96RE7_NACC1",0.107437170746955,19.9492878769492,1.5630849574707,0.15939387274846,0.246273102655821,-6.70092267189131
"Q96RF0_SNX18",-0.173423442373249,16.523458103671,-2.48759779588972,0.0397332411668238,0.0812846210116051,-5.3472093238625
"Q96RG2_PASK",0.062602862989241,16.99617305162,0.721737042353152,0.492463543093459,0.598360423863556,-7.61230431182367
"Q96RK0_CIC",0.0930896449632748,18.3892505818018,1.21508137190092,0.261405317989772,0.363948944824588,-7.13469364636981
"Q96RL1_UIMC1",0.470623421281726,18.1865925449764,6.89445762278973,0.000174035051323251,0.00123389226340001,0.514543738609204
"Q96RL7_VPS13A",0.213828120090405,18.6559525004995,3.83078177566785,0.00572340567947674,0.0175520568782644,-3.30872350650787
"Q96RN5_MED15",-0.25837125709759,18.739488453594,-2.81195513343963,0.0244395301282435,0.0549045571056189,-4.84683119187506
"Q96RP9_GFM1",-0.140546041765759,21.4887253427965,-2.86230290306309,0.0226811910962091,0.0516218237363854,-4.76914802789353
"Q96RQ1_ERGIC2",-0.237344623384853,18.4833586315486,-3.71543809947405,0.0066983549785974,0.0198561162510187,-3.47770853065633
"Q96RQ3_MCCC1",0.590229658647537,20.2380057712907,6.39444682353544,0.000283654666394587,0.00177313158183697,-0.0249079215685892
"Q96RR1_TWNK",-0.0790912406859725,16.3793287624784,-0.691755074157207,0.513187792536938,0.618040433828748,-7.60689698733755
"Q96RR4_CAMKK2",0.0308106680714033,17.0597631113238,0.292892105266337,0.777588810931603,0.840591976749449,-7.84912351741465
"Q96RS0_TGS1",-0.107645717959073,17.2866810844256,-0.60732653083356,0.565282820829718,0.665166563836109,-7.66523766484885
"Q96RS6_NUDCD1",0.331309795660363,22.1035412384744,6.43095139985018,0.000273460101648818,0.00172207782298617,0.0154852623278741
"Q96RT1_ERBIN",-0.0483075115244631,18.8433953105591,-0.699511214571048,0.50546356707718,0.611196980375321,-7.6290560534332
"Q96RT7_TUBGCP6",-0.0753384126743022,16.8423514967608,-0.8141022690796,0.440807156025585,0.548148000199822,-7.53788508717157
"Q96RT8_TUBGCP5",-0.00979818951067557,16.0049070964552,-0.0979480932078401,0.924554882360678,0.94951935460067,-7.89199589935395
"Q96RU2_USP28",-0.571536062269931,17.6345882197396,-5.62457207673736,0.000636939270382021,0.00322263449508309,-0.916123533013992
"Q96RU3_FNBP1",1.02610854736883,18.6131948611917,10.5608258070296,9.48917773401711e-06,0.000159439041267167,3.72973922014843
"Q96RU7_TRIB3",0.107445208661289,15.3717477942149,1.5228376076822,0.169018401457666,0.25765616732679,-6.75420972046584
"Q96RY5_CRAMP1",-0.00660283765045122,15.4260940952794,-0.0672162452703148,0.948803914351538,0.965217022650367,-7.55284234981905
"Q96RY7_IFT140",0.0157972842005591,16.9501311032504,0.171776113476848,0.868183239960314,0.909338384641266,-7.88074881458143
"Q96S06_LMF1",0.458438570068363,17.9644214297352,2.05679406192836,0.0804126834030208,0.142172748523611,-6.01593240706529
"Q96S15_WDR24",0.231352615901216,17.7318811691669,2.86852645971758,0.0224731982752393,0.0512246871837222,-4.75954978008287
"Q96S19_METTL26",-0.504419171323494,18.9649597419832,-3.7663035448912,0.00670434735797135,0.0198661765704229,-3.44914149849961
"Q96S21_RAB40C",-0.30339317145323,16.5737775696421,-1.29011700727985,0.244894331936431,0.345363801448813,-6.98224202874287
"Q96S44_TP53RK",-0.14833328873879,19.4588713452905,-2.14854810296405,0.0663859810834991,0.122386669527994,-5.8635213515853
"Q96S52_PIGS",-0.00965809327455247,20.4252691670936,-0.206423026828945,0.841984651886796,0.890314337990948,-7.87336425629337
"Q96S55_WRNIP1",-0.0734207488807535,20.337209742913,-1.66267708488668,0.137699290328946,0.219177821062834,-6.56613590367903
"Q96S59_RANBP9",-0.154935027795279,19.3203748503179,-2.05326465415593,0.0766893625118064,0.137272342871168,-6.00581125919013
"Q96S66_CLCC1",0.254047795861176,19.0836030141762,3.22802608501046,0.0132942036015015,0.0339119741519782,-4.20819978523936
"Q96S82_UBL7",-0.128050625281663,18.5062171208911,-1.97830497928577,0.0858870331020761,0.14991012969529,-6.11649325659253
"Q96S94_CCNL2",-0.158934677954644,15.7014233814606,-1.94345230207275,0.0965487738842328,0.164868299384624,-6.15900672561094
"Q96S97_MYADM",-0.721448264955288,19.4567997389067,-2.94661710504768,0.0244741338435068,0.054966143723152,-4.74600700534645
"Q96S99_PLEKHF1",1.60558608596574,17.8736742757802,21.2156278275525,6.14038305882363e-08,5.92570014359882e-06,9.17727272596214
"Q96SB3_PPP1R9B",0.231735884248071,19.7050940688951,2.52922570641871,0.0373159399493486,0.0775007772107499,-5.28314379141229
"Q96SB4_SRPK1",0.268634406924509,19.5892486216515,4.1516367365533,0.00373346809329956,0.0125982655732155,-2.84766572632985
"Q96SB8_SMC6",-0.265244422607712,18.1446949568523,-4.08440773645424,0.0040779163910181,0.0135546394823189,-2.94313422964769
"Q96SI1_KCTD15",-1.08439896060256,17.7472926883499,-9.99048269615364,1.40082694762127e-05,0.000211412790486184,3.30008134930892
"Q96SI9_STRBP",-0.256292576850033,19.690830385635,-4.84692968110056,0.00155892630833371,0.00645110438713305,-1.89752515354812
"Q96SK2_TMEM209",-0.193577065589167,18.141582908974,-2.44588552079672,0.0423161566513487,0.0854031197464521,-5.41130713793426
"Q96SL8_FIZ1",-0.0161148695530748,15.1421682827738,-0.28546358368898,0.783057004564872,0.844795341570523,-7.85152945225471
"Q96SN8_CDK5RAP2",0.622604613786446,17.0656262404283,6.38700160330817,0.000285785421232342,0.0017791771541704,-0.0331662431011752
"Q96SQ7_ATOH8",-0.482986260031023,18.0583732596947,-4.86061938041303,0.00365954171299599,0.0124232666056192,-2.42715269879896
"Q96ST2_IWS1",0.00877762691147055,19.969732866347,0.174869312212613,0.865836601308455,0.908331126759093,-7.88014405616209
"Q96ST3_SIN3A",-0.0557629770448358,19.765382889672,-1.01364677746589,0.342508334130341,0.450488436724952,-7.35237438892512
"Q96SU4_OSBPL9",0.368672191722286,19.9468445576124,4.53225912141661,0.002294272601472,0.00865976364419612,-2.31902025839532
"Q96SW2_CRBN",0.397645367984907,19.6272859578164,5.52481822725114,0.000711174961112494,0.00351223034735466,-1.03731416443959
"Q96SY0_INTS14",-0.282721778792567,18.666850690478,-4.80921230824436,0.00163159191512536,0.00665254410193782,-1.94729886180881
"Q96SZ5_ADO",-0.0545470950966909,18.6810068333947,-0.980538017596211,0.357558211363962,0.46600967568751,-7.38535797396206
"Q96SZ6_CDK5RAP1",0.0497881299588911,18.013677436292,0.55896484672789,0.592570385373445,0.688271132813733,-7.72410469386924
"Q96T21_SECISBP2",-0.046643968717774,18.3633945145412,-0.716136977019283,0.49571848599142,0.601550448476889,-7.61656817325719
"Q96T23_RSF1",0.0150808861062615,19.1858148922565,0.223556838670621,0.829104451117855,0.88059232131092,-7.8692180797116
"Q96T37_RBM15",-0.185987292452026,20.1667326782991,-2.47482587898799,0.0405065498799477,0.0824913622355354,-5.36684676174822
"Q96T51_RUFY1",-0.0051964671459892,20.5299044094477,-0.11594858823662,0.910754691446938,0.93938472964272,-7.88981891897385
"Q96T52_IMMP2L",-0.00533061150051495,15.9619996069977,-0.0701135162909093,0.945946942184666,0.963364281766903,-7.89464237284503
"Q96T58_SPEN",-0.125032129332126,18.6680346039911,-2.06304563595154,0.0755628801576921,0.135573390942398,-5.99128276793878
"Q96T60_PNKP",-0.851660189563876,19.1584072940424,-13.031090942449,2.12858766541455e-06,5.81134032918059e-05,5.37161436076124
"Q96T66_NMNAT3",-0.361065929742397,15.7059834512762,-5.15596044810315,0.00168493443941743,0.0068335935221996,-1.80792571203822
"Q96T76_MMS19",-0.417522371506266,20.5702204856548,-4.81406738121489,0.00162203290286864,0.00664190762851137,-1.94088044728043
"Q96T88_UHRF1",-0.201653880287431,20.3914953124856,-3.6032350289081,0.00782033455445288,0.0224003213446206,-3.64362735075717
"Q96TA1_NIBAN2",1.23932299155038,21.2467856485339,25.0318973720205,1.81635687011058e-08,2.83388740244804e-06,10.4331690464462
"Q96TA2_YME1L1",-0.123964447728419,20.6501670632394,-1.95029121371591,0.0895939032968248,0.155316415125675,-6.15753437172331
"Q96TC7_RMDN3",0.767286627362246,21.1691139934751,17.6744025751103,2.33995821615337e-07,1.45438866361728e-05,7.76211888656593
"Q99417_MYCBP",-0.398535573006665,20.3901233403073,-3.517249244953,0.00934828600411945,0.0256708500364559,-3.8084067334806
"Q99418_CYTH2",-0.0720991535179429,16.796026015686,-0.705832672446983,0.501743931199394,0.607801038507267,-7.62433811794539
"Q99426_TBCB",-0.0825343745692919,21.6671564815997,-0.846630588502154,0.424144158741979,0.532531137063957,-7.50920793958878
"Q99436_PSMB7",0.356325549622753,23.0985163189001,4.82094505422637,0.00160859678507907,0.00659823202721362,-1.93179392904968
"Q99439_CNN2",0.0742166648876683,22.3249453942397,1.60365613563413,0.150201445273496,0.235035944718508,-6.64650024382416
"Q99442_SEC62",-0.444712934182565,20.1480965678413,-3.3506248554508,0.0121179041041576,0.0314887272756849,-4.07216233546711
"Q99447_PCYT2",-0.477852838367451,20.9040549821826,-9.76262603041681,1.64567900644748e-05,0.000236934388028078,3.12223113665961
"Q99456_KRT12",0.155557515568336,16.4330070853512,1.16352910983337,0.318596562949254,0.425847469174177,-6.86975365227324
"Q99459_CDC5L",0.0975720744044466,21.4318334364064,2.14999166478122,0.0662409258140092,0.122203638476858,-5.86135341847447
"Q99460_PSMD1",-0.065669492622348,21.6282389436039,-1.58016502889393,0.15546280351347,0.241420502307633,-6.67809575065226
"Q99470_SDF2",0.655908405081917,18.6184001564174,8.91256978796241,3.09366565378242e-05,0.000362191024857068,2.4247282529294
"Q99471_PFDN5",0.374846676550732,21.7679004200029,7.40181754927826,0.000108890209740137,0.000872605506774997,1.03290601267509
"Q99487_PAFAH2",-0.0140157820703024,17.0024898985897,-0.114884551219679,0.911569585085787,0.939665202376286,-7.88995775940822
"Q99496_RNF2",-0.881377458979326,18.6157106840248,-15.1131748735885,7.30806971698202e-07,2.86513810186295e-05,6.53580452758273
"Q99497_PARK7",0.196003055253978,24.7014779393211,4.76801907227136,0.00171523117171602,0.00691246299829676,-2.00189221991679
"Q99501_GAS2L1",0.247340074567187,17.1281598144592,1.8680214653536,0.10139902424576,0.171232257729667,-6.27692823533556
"Q99504_EYA3",0.315752101897058,18.3097298760438,4.12716158319022,0.00385506151549548,0.012926291792089,-2.88235029201969
"Q99519_NEU1",0.400898964742556,19.5363284006598,3.77616955900525,0.00623167733783378,0.0186828130383291,-3.39565582722473
"Q99523_SORT1",0.190296927202855,20.3389348366216,2.8594484107696,0.0227772607437678,0.0517788160529602,-4.77355070558143
"Q99536_VAT1",-0.758760090818747,22.3793632974183,-6.89644987097752,0.000214845986090735,0.00145546277157053,0.342551480286396
"Q99538_LGMN",0.172691192932472,18.6190978488103,3.00359266069611,0.0184187204019323,0.0437845514529765,-4.55158248667263
"Q99543_DNAJC2",-0.0979587888038758,20.8503984856688,-1.70797439112893,0.128768591517499,0.207685521451597,-6.50355853534405
"Q99547_MPHOSPH6",-0.121676685638995,19.0516802603706,-2.11346799059315,0.0700094978733672,0.127616264006174,-5.91609722897164
"Q99549_MPHOSPH8",0.115610049134588,21.1605151393964,2.29717005970274,0.0529966471781663,0.102494148160152,-5.63873051048776
"Q99567_NUP88",-0.00507045906050863,20.6198212099748,-0.0745184137624177,0.942557955938111,0.961421690880168,-7.89428185055986
"Q99569_PKP4",0.385984611596708,18.9724472444694,4.41398401888809,0.00266290067062207,0.00968792047663113,-2.48110569469716
"Q99570_PIK3R4",-0.126561809909365,18.4212747143738,-2.01102618052002,0.0817463926263917,0.144230595806315,-6.06832747119746
"Q99571_P2RX4",0.460873189928975,16.4777184903862,4.36839879392954,0.00282186196541273,0.010124982523953,-2.54410608246216
"Q99575_POP1",0.493601605774536,20.5548817523064,8.60702588827036,3.93071430738362e-05,0.000415633622129291,2.15992601866517
"Q99583_MNT",-0.0236112056173656,15.5793642573547,-0.210212138049529,0.841129025841867,0.889886802611228,-7.73283420972002
"Q99584_S100A13",0.101711706400398,24.6371035074241,1.52135046568884,0.1693839409438,0.258110470104715,-6.75616484006984
"Q99590_SCAF11",0.107696702668708,18.991226360408,1.47562383927482,0.180978246201853,0.271662810173408,-6.81578200145421
"Q99594_TEAD3",0.820314580033273,17.3536647169031,10.2489192900567,1.17140624972552e-05,0.000186954072506217,3.49744982227973
"Q99595_TIMM17A",-0.19249789824525,18.2502978126617,-1.64413493575802,0.141518993967783,0.224230613240145,-6.59153034984386
"Q99598_TSNAX",-0.0848859616809285,20.4860539294175,-1.57941610196327,0.155633293571102,0.241636175741485,-6.679099264577
"Q99611_SEPHS2",-0.443217665009385,19.050047284036,-6.27232792829451,0.000320959250793087,0.00193817809819364,-0.16122639694954
"Q99613_EIF3C",-0.31820622927507,18.9636259356605,-3.46309432315882,0.00951303158855153,0.0260483977415747,-3.8528500266172
"Q99614_TTC1",0.0952034265902881,21.2134897123594,1.56147999405909,0.159767900009202,0.246702806618935,-6.70306122833368
"Q99615_DNAJC7",0.149889510979961,21.8877688335147,2.31649715470874,0.0514673180665279,0.100053266319524,-5.60929297328397
"Q99618_CDCA3",0.743712494434181,17.8679826778233,8.22411483681964,5.36111167534393e-05,0.000526808467326534,1.81665775043542
"Q99622_C12orf57",0.564798223366338,20.5417920114766,7.51058021283255,9.88004666660289e-05,0.000817464616803124,1.14043972833735
"Q99623_PHB2",0.985585802735137,24.5292767286031,24.4073651728859,2.18845519336933e-08,3.21744999102087e-06,10.2434245935704
"Q99627_COPS8",-0.0910144635226011,21.2643140765668,-1.4983394312579,0.175132000589242,0.265125573169259,-6.78628798050194
"Q99633_PRPF18",-0.00662803279335122,20.4023485466035,-0.070734882108996,0.945468809753028,0.963340836524811,-7.89459284522994
"Q99638_RAD9A",-0.118223675947643,18.2833396173291,-1.5397841320187,0.164903219639027,0.252710759784553,-6.73186009454359
"Q99640_PKMYT1",-0.491619482208868,17.0683586962813,-4.92088874458219,0.00142654363912001,0.00603537693473851,-1.80051586958004
"Q99643_SDHC",0.248156822980757,18.9811170077574,1.19155840305118,0.274547607842572,0.377638802079249,-7.1580944399285
"Q99653_CHP1",0.0574712119152139,19.2150812425909,0.697410585586157,0.506703493978922,0.612063234550301,-7.63061559491316
"Q99661_KIF2C",-0.270891394664652,19.608891665614,-3.22165089439079,0.0134167636770738,0.0341130239116924,-4.21790481830608
"Q99674_CGREF1",-0.8217540299995,17.8607452872239,-7.49358929035622,0.000100305357887937,0.000824553183928257,1.12372162606001
"Q99675_CGRRF1",0.594043538551244,15.699736313347,3.94925774716196,0.0136308457206814,0.0345402106511796,-3.31588235711856
"Q99683_MAP3K5",0.14260905803188,15.2730404197475,1.51610491724134,0.185108696506789,0.276667836714449,-6.55629295205157
"Q99700_ATXN2",0.11015513412638,19.1750189637181,1.9519871992814,0.0893651266796663,0.155060461522027,-6.15505500414012
"Q99704_DOK1",0.011932062256264,15.1447828841119,0.215310397105306,0.835296966794522,0.88507904520362,-7.8712543563901
"Q99707_MTR",-0.139488587939191,18.6720165744084,-2.5580122166861,0.0357328953837681,0.0749031692769357,-5.23879432063697
"Q99708_RBBP8",-0.0718067072522039,17.8447144201711,-0.920690343950754,0.386030236616055,0.494090266018708,-7.44281294915151
"Q99714_HSD17B10",0.0429303510036796,23.4628406078866,0.889179207610645,0.401681155657956,0.510484708089581,-7.4719079432736
"Q99715_COL12A1",0.155278309851294,16.8528813078415,0.296550121658504,0.780686667294575,0.842658966426371,-7.36447721304901
"Q99717_SMAD5",-0.0470936989225734,17.7113741560458,-0.580513389673418,0.578684100907643,0.675941932992962,-7.71078103979404
"Q99719_SEPTIN5",-2.03493957966328,17.2298472470029,-15.0070530221644,1.20550052202411e-05,0.000190414287001535,4.13566636588001
"Q99720_SIGMAR1",0.0279408674000301,17.0623240340159,0.0927538877766774,0.928853676316324,0.952015867467261,-7.89248123934381
"Q99728_BARD1",-0.0406512477927841,17.3835089952627,-0.567103715687389,0.587303790875708,0.683503955129363,-7.71912665522727
"Q99729_HNRNPAB",-0.109738809375514,24.7716978686607,-2.32089124578189,0.0511258720781227,0.0995814756782797,-5.60259462782267
"Q99733_NAP1L4",-0.250810194592322,21.8660088037397,-6.35678723829764,0.00029461724844344,0.0018154624884536,-0.0667501794124394
"Q99735_MGST2",0.526868348227097,19.7034316348089,4.57018172338186,0.00232751789668001,0.00876545533010773,-2.31214119482177
"Q99741_CDC6",0.0160881229206957,15.938601498676,0.196117424895244,0.84975685000228,0.896548594847838,-7.87570073819174
"Q99747_NAPG",0.0472101350971812,20.6039023074132,1.09014097073933,0.309622289554835,0.4162965887525,-7.2730459650342
"Q99755_PIP5K1A",0.137510898450909,18.5303402113278,1.90276758966853,0.0962405064589117,0.164452094742597,-6.22671845621363
"Q99757_TXN2",0.258467198947873,20.1008850614609,2.58443307188817,0.0345113959389869,0.0728235224823502,-5.20034475501531
"Q99758_ABCA3",0.477936669931058,17.7931220872913,6.11869078481007,0.000375867618234744,0.0022002357897432,-0.335371667978644
"Q99759_MAP3K3",0.582395778728216,15.7922437286539,3.93869461246565,0.0137632717146806,0.0348411298869978,-3.32705130160758
"Q99766_DMAC2L",0.0196932710113167,17.5222046560458,0.240317634479823,0.816558294266452,0.870532444521968,-7.86484686467194
"Q99797_MIPEP",0.0465335042240369,18.9130717034397,0.756453525381345,0.472596965456716,0.578728784385166,-7.58523105312306
"Q99798_ACO2",0.448293114874328,22.8505465358607,8.96086353575816,2.98065815299983e-05,0.000353837446889498,2.46587129120475
"Q99805_TM9SF2",0.342491210646763,20.3168015685137,2.57738781052458,0.0364579074956825,0.0761651303198009,-5.23140813686318
"Q99807_COQ7",0.156034376198935,19.2291506539345,2.74612523214597,0.0269553001855076,0.0594213581079023,-4.94846582030349
"Q99808_SLC29A1",0.148340323533223,18.5988996096885,0.746665758138937,0.480567486368981,0.586235588525748,-7.59021281963766
"Q99816_TSG101",0.478613625754878,20.5728176388683,10.0940254528813,1.30332726898515e-05,0.000199513150122689,3.37970297135998
"Q99828_CIB1",0.0881697216819077,18.7236505811498,0.76962410864319,0.465317446903314,0.571737685884899,-7.57454262700698
"Q99829_CPNE1",-0.0985382837730988,20.8890752182395,-1.43112058996775,0.192941307479157,0.285915157138623,-6.87284191443004
"Q99832_CCT7",-0.0235418422882105,24.1643456692286,-0.450299386070154,0.665297061957991,0.751284496110612,-7.78413494005291
"Q99836_MYD88",-0.336689566315201,19.0217783591695,-6.53453334439652,0.000246686616008664,0.00161327560255452,0.129220241268984
"Q99848_EBNA1BP2",0.218561220957486,20.2909379220795,4.00924944966159,0.00450433919405895,0.0146037629934608,-3.05058676434209
"Q99856_ARID3A",-0.214021908243094,18.542918037217,-2.2116286870354,0.0603330033452186,0.113523458177257,-5.76848502588826
"Q99871_HAUS7",0.177116803230742,16.9290396728082,2.32536554525262,0.0507805414259273,0.0991039882710838,-5.59577193785238
"Q99873_PRMT1",-0.129344099730709,23.3896969446472,-2.93778706447168,0.0202886486088389,0.0472310349009054,-4.65281590463767
"Q99933_BAG1",-0.314709573274101,18.4811802960175,-3.90196079782801,0.00519901409432732,0.0162667509345414,-3.20527466736976
"Q99942_RNF5",0.0127175915635434,17.7190601285354,0.0886930966450774,0.931687983285965,0.954026179576583,-7.89296682015105
"Q99943_AGPAT1",0.82618372572334,17.5604698659678,6.92839711490657,0.000168523282147383,0.0012018288171798,0.550106301222025
"Q99952_PTPN18",-0.165075455754799,15.3717745692531,-2.41624359400421,0.0442551069784287,0.0886609782101906,-5.45678664264947
"Q99959_PKP2",0.602163940484981,18.5121213217791,6.44406054211049,0.000269899227633049,0.0017050207195749,0.0299511817389995
"Q99961_SH3GL1",-0.0272735655263929,20.5959045551256,-0.353494275685053,0.733502762623511,0.805115379792785,-7.82725013075727
"Q99985_SEMA3C",0.0238746121913067,16.4056336248281,0.303342529331627,0.769918794368662,0.834779348028425,-7.84563666067215
"Q99986_VRK1",-0.150796062072015,21.173972103225,-2.72011728834374,0.028022073415828,0.0614187933669738,-4.98862821661275
"Q99996_AKAP9",0.236181444976467,19.7009211232074,4.66584877526079,0.00194371810894075,0.00760477223277995,-2.13834764784738
"Q9BPW8_NIPSNAP1",0.250737291163013,22.7024922011848,2.23158370630803,0.0605739929507531,0.113864808485003,-5.75048984759774
"Q9BPX3_NCAPG",-0.109319539790583,20.2784646974808,-1.49279093300291,0.176544087661068,0.266680875072998,-6.79351465275061
"Q9BPX5_ARPC5L",0.636880864322876,21.468928482261,10.5676353396596,9.44622454873405e-06,0.000159066931002361,3.73474046799714
"Q9BPX6_MICU1",-0.0557006307311809,19.0638591186948,-0.60022055895182,0.566148225767945,0.665979871671941,-7.6981934888192
"Q9BPX7_C7orf25",0.151467550205783,17.3130035205901,1.69827965839197,0.130633117494283,0.209941177894429,-6.51701452350249
"Q9BPY3_FAM118B",-0.233088825976798,15.7725505171881,-1.73659189351878,0.150082391667087,0.234974377287504,-5.9802423347937
"Q9BPZ3_PAIP2",-0.0861151911972442,17.3132116532137,-0.250983469252087,0.80985329610195,0.865298492732547,-7.86113567120987
"Q9BPZ7_MAPKAP1",0.790540418011705,17.6992344857762,8.04727481653873,6.21239916426205e-05,0.000588522820455804,1.65363540824585
"Q9BQ04_RBM4B",-0.108077784577624,17.7256669558128,-1.26418490117866,0.244246908367793,0.344768761903948,-7.07755229464438
"Q9BQ15_NABP2",-0.166348216957321,18.277316699917,-1.26669565328619,0.244066331498929,0.344653020375184,-7.07418891723873
"Q9BQ24_ZFYVE21",-0.514754371499702,18.6828976184896,-4.38907521374023,0.00278771729205031,0.0100528767442097,-2.5255725812945
"Q9BQ39_DDX50",-0.132647669453593,20.3520906494059,-1.84356369580909,0.105188483387834,0.176236238330044,-6.31207036971034
"Q9BQ48_MRPL34",-0.0488743354279038,18.8427848000216,-0.507128179097067,0.626717333987078,0.71768334606519,-7.75424650658551
"Q9BQ52_ELAC2",-0.127719318386177,21.4992075298265,-2.59557220171052,0.0337704719600301,0.0715563354031125,-5.18088183829832
"Q9BQ61_TRIR",-0.0438129546234478,20.3444549935204,-0.666054264009921,0.525440885196666,0.629524458130154,-7.65340316399658
"Q9BQ67_GRWD1",0.0141316767617923,20.4978741828197,0.178068300393119,0.863411213935115,0.906618273097338,-7.87950735554006
"Q9BQ69_MACROD1",-0.655134278993962,21.0443676774846,-5.56607454409555,0.00082440361023487,0.00392438704872078,-1.13707280246923
"Q9BQ70_TCF25",-0.41325510948835,19.8107906100085,-4.21479661452524,0.00343853349445124,0.0118465924132852,-2.75854013404512
"Q9BQ75_CMSS1",-0.0613860569437144,20.0900873373051,-0.992551165735518,0.352040042501355,0.460295215481932,-7.37348712819498
"Q9BQ90_KLHDC3",0.332020692830351,16.7603702898881,3.04023005430222,0.0174569782526768,0.0419681128118597,-4.49531206614071
"Q9BQ95_ECSIT",-0.227488861952505,18.1508160084915,-3.23423468499304,0.0131759874478158,0.0336553371328271,-4.19875147812704
"Q9BQA1_WDR77",-0.0961626189710252,22.4406354640978,-2.08014667951207,0.0736323574659646,0.132670132648433,-5.9658364175425
"Q9BQA9_CYBC1",0.346300331465091,19.6105389398675,5.18621365231525,0.00104421042335818,0.00472346512600895,-1.45890838503957
"Q9BQB6_VKORC1",-0.226015992878594,17.4598586510906,-1.99772549883255,0.0834054274027698,0.146414349596826,-6.08793494275551
"Q9BQC3_DPH2",0.0891450497864099,19.3162950059273,1.41588772519601,0.197194937286378,0.291258751073099,-6.89214564098392
"Q9BQC6_MRPL57",0.0929144976642355,18.650545317885,0.751824745631166,0.47564783626696,0.581626312901617,-7.58841050575261
"Q9BQD3_KXD1",-0.0270643027248276,16.5036470764486,-0.34022598844171,0.743071201837309,0.81398185098814,-7.83237960775553
"Q9BQE3_TUBA1C",0.170484164672335,22.3926019945707,0.947820773725652,0.37720079546616,0.485553137117157,-7.41257264039334
"Q9BQE4_SELENOS",-0.214003890222148,18.1517050783443,-2.66263298099231,0.0305380188930537,0.0658384530280303,-5.07739052264094
"Q9BQE5_APOL2",-0.46478333167726,18.1484954967523,-5.95211558678777,0.000447490721855108,0.00248083144929826,-0.527578831166206
"Q9BQE9_BCL7B",-0.324551568599851,17.6149106881613,-3.42298674265613,0.0100667744820526,0.0272041325257308,-3.913110027095
"Q9BQF6_SENP7",-0.128455679470168,16.4205103366638,-1.63673144143305,0.143071433838269,0.226186922933261,-6.60163275421441
"Q9BQG0_MYBBP1A",-0.146682527375738,22.1260326871984,-2.54785048831949,0.0362836948797871,0.075851475897176,-5.25445371497526
"Q9BQG2_NUDT12",-0.0345443287311156,18.3483388249527,-0.50639880274221,0.627205080333154,0.718134317679641,-7.7546511740415
"Q9BQI0_AIF1L",1.30104229780802,19.1573308076116,20.7358224756746,7.2638728054819e-08,6.53321265857755e-06,9.00136468406311
"Q9BQI3_EIF2AK1",0.152658432981895,16.7859280805189,1.14795519742019,0.286479795931459,0.390329360166816,-7.21032736327579
"Q9BQK8_LPIN3",0.041116970307236,17.7308055739118,0.491508022112234,0.637205721107979,0.727190662430956,-7.76279369451091
"Q9BQL6_FERMT1",0.0184105433340136,17.3510040374278,0.232574333940756,0.822347647963508,0.874996209976481,-7.86690500989788
"Q9BQP7_MGME1",0.0489803024266173,18.9644194435571,0.731795450549669,0.486652230760351,0.59207947603286,-7.60457349613327
"Q9BQP9_BPIFA3",-0.0881317383242433,17.780816444846,-0.772943588066146,0.466902606221354,0.572899739005384,-7.50845742547173
"Q9BQQ3_GORASP1",0.567143287417625,17.0347218532799,1.96618083195197,0.100341137582893,0.169789286591681,-6.10922151309524
"Q9BQS8_FYCO1",0.179959990968225,17.6922199451686,2.71344636144123,0.0283026895838514,0.0618918941271579,-4.99892977360649
"Q9BQT8_SLC25A21",-0.875533475519127,16.671022914514,-7.5127269017852,9.86121376093967e-05,0.000817464616803124,1.14254983122959
"Q9BR61_ACBD6",-0.29466657270747,19.4021573554101,-4.75461540866787,0.00174345247644907,0.00699301898344867,-2.01970849710625
"Q9BR76_CORO1B",0.424526691486534,23.7349453348645,4.87511110571983,0.00153249557786501,0.00638470228489263,-1.87296313096523
"Q9BRA0_NAA38",0.0973480464701169,17.0897118128188,0.448892700345653,0.66701163996638,0.752664795209295,-7.7841235211616
"Q9BRA2_TXNDC17",-0.329283009401401,23.3553754454013,-5.68842714750749,0.000593942698709938,0.00306596349199019,-0.839253908322959
"Q9BRB3_PIGQ",0.0561068638682549,16.9698838074812,0.251371767917572,0.808725794352887,0.864472692649304,-7.86154154748182
"Q9BRD0_BUD13",-0.168191504124785,16.4391963528902,-1.78698737829859,0.114480408649751,0.189273945529271,-6.39268651585442
"Q9BRF8_CPPED1",-0.467736086531612,16.2514004129243,-4.44943517437378,0.00254603719079591,0.00936056954402538,-2.43231436352701
"Q9BRG1_VPS25",-0.667031599294305,21.092566718488,-10.647631897496,8.95768219220147e-06,0.000153352906534869,3.79327394993135
"Q9BRG2_SH2D3A",0.225258288830771,16.0601851026511,2.57380228904609,0.0394678458625281,0.0808715308547379,-5.21130388478249
"Q9BRJ2_MRPL45",-0.150344211419863,20.6346656292268,-2.50750449152971,0.0385578974393804,0.0793723992435523,-5.31658378423727
"Q9BRJ6_C7orf50",-0.796428568375227,22.0620402418328,-15.6486768762792,5.67715448753539e-07,2.52336314286093e-05,6.80912566378934
"Q9BRJ7_NUDT16L1",-0.0551833400238841,20.7274897235993,-0.247506427675726,0.812496820581202,0.867169927871463,-7.86208596686773
"Q9BRK4_LZTS2",-0.305916877999831,15.6581539563463,-2.52384514979178,0.0376197163417711,0.0780494226903958,-5.29142929120908
"Q9BRK5_SDF4",0.194696937886022,19.0329467356757,3.15483572378054,0.0147757632030726,0.036951491556261,-4.3198062974904
"Q9BRL6_SRSF8",0.201052851609777,16.272347485215,1.44933605555473,0.187961992803555,0.280056409078772,-6.84960491810954
"Q9BRN9_TM2D3",-0.2119823942996,16.1268843420714,-1.46957192613256,0.182798442379749,0.274018449410428,-6.82359171925272
"Q9BRP0_OVOL2",0.241411558367522,15.9595389697499,1.87188394764174,0.106930651147252,0.178451173984008,-6.22463762801268
"Q9BRP1_PDCD2L",-0.299338925911439,20.5939840946335,-4.12220902985409,0.00388018581133279,0.0130048314456989,-2.88937868526079
"Q9BRP4_PAAF1",-0.109451036347608,20.6625259318024,-2.29213864515916,0.0534022322896794,0.103017932337774,-5.64638719387355
"Q9BRP8_PYM1",-0.370351564795492,20.7790674480669,-7.48120180761546,0.000101418685738809,0.000829246901040849,1.11151426137213
"Q9BRQ0_PYGO2",0.323670717728255,18.6062853974795,3.80205943299912,0.00595095499212788,0.0180464303509788,-3.35064933488539
"Q9BRQ6_CHCHD6",0.563455820423904,18.2521689251815,9.12157484788537,2.63668967835469e-05,0.000323555258282851,2.60142658348558
"Q9BRQ8_AIFM2",0.716723059615553,18.9972446148729,9.49780491365462,1.99280214282844e-05,0.000267583855405065,2.9108348706396
"Q9BRR6_ADPGK",0.0235481926907539,19.5080657822257,0.183795515795965,0.859260242086156,0.903085585750435,-7.87825218625384
"Q9BRR8_GPATCH1",0.174695402637571,17.9776853079486,2.00975077690275,0.0819040679784625,0.144352587367625,-6.07020931003773
"Q9BRS2_RIOK1",-0.339716087273359,17.676428107865,-4.94198549345686,0.00139108475128133,0.00592268584422992,-1.77298732709391
"Q9BRT2_UQCC2",-0.309282481616819,20.2188859105969,-6.42538363132184,0.000274988292179567,0.00172885320206644,0.00933490646598489
"Q9BRT3_MIEN1",0.0303958173753891,19.2312782022867,0.598255280956064,0.567391243408156,0.666723955710936,-7.69946592387504
"Q9BRT6_LLPH",0.129885396959182,20.040047510433,2.04700139730855,0.0774193632901094,0.138287624381516,-6.01510458036381
"Q9BRT9_GINS4",-0.239726820670295,18.8776033156444,-3.49599101035783,0.009083160213194,0.0251323777885878,-3.80354745367063
"Q9BRU9_UTP23",0.535021670495741,18.8533518233052,8.66535818729545,3.75300840424699e-05,0.000403304324899977,2.21108988238422
"Q9BRV8_SIKE1",-0.4992981003208,18.3731306738936,-8.6279777819986,3.8658208069607e-05,0.000409337951097155,2.17833676127551
"Q9BRX2_PELO",-0.058037380714115,19.7358790159685,-0.807179314308995,0.444544975089247,0.551980889159865,-7.54372564217286
"Q9BRX5_GINS3",-0.18271833041797,19.238796232866,-2.32490082921631,0.0508162988391339,0.0991047460778516,-5.59648066236976
"Q9BRX8_PRXL2A",-0.246086307284873,22.1621239745596,-4.15732287057254,0.00370582011822464,0.0125358384087732,-2.83961946230836
"Q9BRX9_WDR83",-0.252429214331244,16.998494742064,-2.39448877591221,0.0457354195750415,0.091006580596354,-5.49012296831835
"Q9BRZ2_TRIM56",0.025945505735546,18.412147094979,0.35128544942679,0.735092237972197,0.80651265202317,-7.82811723102772
"Q9BS16_CENPK",-0.292193125546259,17.4186622683489,-2.7809456542159,0.0255926912740213,0.0569429932450212,-4.89470048879247
"Q9BS26_ERP44",0.519248767667836,21.4184193502052,10.6101097510834,9.1831957627918e-06,0.000155666367198544,3.76586932490359
"Q9BS40_LXN",1.32887173402159,19.5482894581829,21.2745882301007,6.01643198277111e-08,5.89687468054938e-06,9.19858220458345
"Q9BSB4_ATG101",-0.143793405348173,17.3425794266293,-1.41326750894525,0.197934922697166,0.29206957807756,-6.89545413535966
"Q9BSC4_NOL10",-0.413105050197206,19.0382752711635,-3.99958390599136,0.00456259898660132,0.0147115433372278,-3.06446028923812
"Q9BSD7_NTPCR",0.0344982995653602,20.076021972299,0.484939702057883,0.64164275697225,0.731160959465323,-7.76631298686395
"Q9BSE4_HERPUD2",-0.00116905821482405,15.826561396922,-0.0157389608333187,0.987855558276669,0.99219276310455,-7.8972849965199
"Q9BSE5_AGMAT",-0.0105982184108839,18.7270055607699,-0.149733995292023,0.884944723383641,0.9215913922174,-7.884748019477
"Q9BSF4_TIMM29",0.20111869084651,18.2818711204682,2.03504630250492,0.0788317661790963,0.140103085295794,-6.03282126946455
"Q9BSG0_PRADC1",0.24771902519587,17.6357163986353,2.79028110681895,0.0349416570364647,0.0736095255011775,-4.95171373417808
"Q9BSH4_TACO1",0.11245137040029,22.0179397505625,1.77215407857247,0.117042936877149,0.192470047843795,-6.41365859656156
"Q9BSH5_HDHD3",0.814443356105635,19.0389427831302,9.61985969912632,1.82351144307695e-05,0.000252093037655032,3.00890538081005
"Q9BSI4_TINF2",0.46799130867673,16.5152419769434,6.09051284954752,0.0003870313331425,0.00224323835496158,-0.367635137309116
"Q9BSJ2_TUBGCP2",-0.0850441515055671,19.3290260704951,-1.45099114835922,0.187515288322397,0.279543703064925,-6.8474853785706
"Q9BSJ5_C17orf80",0.0144976592048884,16.5649959161145,0.0852736872113034,0.934627215533535,0.956266737520594,-7.60558470595988
"Q9BSJ6_PIMREG",-0.535735677306711,16.44388453982,-5.63081473050608,0.0010456543629901,0.00472460260346293,-1.27477717694058
"Q9BSJ8_ESYT1",-0.734395873194295,22.6369439795922,-13.367209238027,1.77277277210822e-06,5.16075457720539e-05,5.57152611576845
"Q9BSK2_SLC25A33",0.261501527104761,15.4118562863745,3.37212743959348,0.0173484953344262,0.0417598384230758,-4.18158995948995
"Q9BSL1_UBAC1",0.332728554979742,19.3235451197931,4.49981734930541,0.002389488337362,0.00894595413277792,-2.3632806803412
"Q9BSM1_PCGF1",0.213765346108485,15.9702495671574,1.85366512548725,0.103607191066516,0.174121120181032,-6.29757675492464
"Q9BSQ5_CCM2",0.0650867308400329,17.3465815292078,0.639183824121812,0.541834993956498,0.643618478682011,-7.6721891863191
"Q9BSR8_YIPF4",0.139292652110729,19.9541249104493,2.43267217291474,0.0431695633504453,0.0868960799931949,-5.4315880936596
"Q9BST9_RTKN",-0.492242632060396,19.8933445774175,-6.87181829855774,0.000177823462933437,0.00125065351805531,0.490749049727059
"Q9BSU1_PHAF1",0.583466394847171,18.0936941637405,5.80863974830073,0.000521454988459331,0.0027838850466282,-0.696023467409175
"Q9BSV6_TSEN34",-0.234419682369499,20.0017957324087,-4.18101849288659,0.00359297770470309,0.012224439053162,-2.80613639672482
"Q9BSW2_CRACR2A",0.782364511138915,16.3358790015274,8.7707624978858,0.000203295555672393,0.00139264742214645,0.883788412770474
"Q9BSY9_DESI2",-0.360864600539839,15.8556486276144,-3.725023602376,0.0167958487942595,0.0408021175824958,-3.90452644103685
"Q9BT09_CNPY3",0.398104835537687,20.4377759113189,6.0833676975928,0.000389920375007514,0.00225657930880579,-0.375832378907732
"Q9BT17_MTG1",-0.0967071428465296,18.6759963439423,-1.44151022012231,0.190087039698057,0.282232553601018,-6.85960843124952
"Q9BT22_ALG1",-0.345861516502282,18.2695905116732,-3.63728251153336,0.0074599089156556,0.0215944731768978,-3.59312506333423
"Q9BT25_HAUS8",-0.177074945956935,17.5788857171377,-1.76546448298836,0.118216314710342,0.193857513076054,-6.42309349744483
"Q9BT30_ALKBH7",0.338512993968916,16.2938647150479,3.82746023236548,0.0057492332152219,0.0175952313572344,-3.31356664231242
"Q9BT40_INPP5K",-0.0708668808342665,16.8855000662853,-0.399447526511367,0.701024386231608,0.779539117489549,-7.80778982811336
"Q9BT43_POLR3GL",0.0897394391821056,15.538532970223,0.584501857268502,0.576790960444907,0.674348813672016,-7.70755268101667
"Q9BT73_PSMG3",0.101929187043481,19.4918649978245,1.85503176920392,0.103395013613939,0.173840967468344,-6.29561363922651
"Q9BT78_COPS4",0.120274200619846,21.2172698922488,2.7132540270125,0.028310823304737,0.0618919771703501,-4.9992267843469
"Q9BTA9_WAC",0.0158301631520388,18.5075575133916,0.209979902444316,0.83930643378994,0.888342473532339,-7.87253038557307
"Q9BTC0_DIDO1",-0.023885350906216,20.1152393190011,-0.425624229024927,0.682398517822959,0.765620291863299,-7.79606683587448
"Q9BTC8_MTA3",-0.571056275214563,18.8088797240877,-7.58091848789261,9.28337143392234e-05,0.000791208189658152,1.20933321259039
"Q9BTD8_RBM42",0.00246259674932503,20.2618784824802,0.0287665611612363,0.977805679203954,0.98528066660264,-7.89695668639114
"Q9BTE1_DCTN5",-0.162148286296702,19.4570817320038,-1.97482001115573,0.0863399106172062,0.150597448475597,-6.12160888173903
"Q9BTE3_MCMBP",-0.0592697392003068,20.1003787144779,-0.821855841547987,0.436646845410748,0.544597534558558,-7.53129429102259
"Q9BTE6_AARSD1",0.00827501453865764,19.1705118276269,0.0731331727567504,0.943647690316278,0.962019814971056,-7.89439301308749
"Q9BTE7_DCUN1D5",-0.217859112454679,18.6431536958439,-3.88572276747061,0.0053138960841913,0.0165477537937444,-3.22881729447901
"Q9BTL3_RAMAC",0.178256534937393,17.078836712394,1.58441457341018,0.154498652964507,0.240313774550083,-6.67239716110931
"Q9BTM9_URM1",0.199609955319215,18.3939047644836,1.00580195402032,0.349191803822755,0.457118380175507,-7.35706921860665
"Q9BTT0_ANP32E",-0.416382015031349,21.8695943843023,-7.2609312790656,0.000123715388698839,0.000954393689810921,0.891765412019884
"Q9BTT4_MED10",0.168537997597713,18.4605323945895,2.16322795002488,0.0649254854530609,0.120211997163635,-5.84145956868972
"Q9BTT6_LRRC1",0.142862756490125,19.1791178321824,1.81793265850543,0.109305170548262,0.181818544134349,-6.34871224219158
"Q9BTU6_PI4K2A",-0.00508217998573812,19.2405227739101,-0.0810083993628552,0.937567087876091,0.958026757018801,-7.89371072294528
"Q9BTV4_TMEM43",0.471410396461138,21.9888469188363,10.5321478075415,9.67250294247488e-06,0.000161808063446872,3.70864431716181
"Q9BTV5_FSD1",0.490107038905741,17.0414868790141,4.11403177143273,0.003922059335994,0.0131164232824471,-2.90099072628615
"Q9BTV6_DPH7",0.225296042077396,17.5323061543471,3.0428741775389,0.0173896463046725,0.0418439684509825,-4.49125383249326
"Q9BTW9_TBCD",0.0941130533336469,21.0128353022567,1.80689661583149,0.111124708847609,0.184363801896694,-6.36442868996005
"Q9BTX1_NDC1",-0.0429065723991009,18.1265074977626,-0.706056756100482,0.501612399896289,0.607738002726962,-7.62417019448282
"Q9BTX7_TTPAL",-0.206544909879014,17.8271615507956,-1.96362537353427,0.0878104681840266,0.15291822990134,-6.13802249524721
"Q9BTY2_FUCA2",0.137274409084068,18.9185055918433,1.98591931473833,0.084905581777369,0.148434295149322,-6.1053063817806
"Q9BTY7_HGH1",0.130307924034632,20.6297562930522,2.04616540656212,0.0775173156360855,0.138397916403053,-6.01634441260358
"Q9BTZ2_DHRS4",-0.642041248506487,20.0737638155205,-8.41824655856543,4.57387692412253e-05,0.000466230521132224,1.99232043157405
"Q9BU02_THTPA",0.637717511289839,18.3743091674779,9.25763808055584,2.38010228522389e-05,0.000302760099343372,2.71458663664916
"Q9BU23_LMF2",0.337422703596019,19.1266863817129,3.84920566805574,0.00558240268967408,0.0172573669884991,-3.28188498129679
"Q9BU61_NDUFAF3",0.515569417836144,19.4355305821161,7.31518137947164,0.000117754850651232,0.000925216683688248,0.946362745958467
"Q9BU64_CENPO",-0.095072920567187,17.0222185521034,-1.11178998589652,0.300785958600334,0.407064728889991,-7.24983124753062
"Q9BU68_PRR15L",0.458605075647508,16.6414905379438,1.62083243746751,0.189779590419082,0.282043148833589,-6.4906593360487
"Q9BU76_MMTAG2",-0.176782756591574,18.6492614969058,-1.37337610732541,0.210421411255165,0.305889273444711,-6.9450774123262
"Q9BU89_DOHH",-0.350222198960562,18.6539114612331,-1.9453860613646,0.0935934424248394,0.16089990270697,-6.1736347230592
"Q9BUA3_SPINDOC",-0.0932319012507214,17.043408578688,-0.376147908285887,0.718253206806681,0.79293079653965,-7.81723241884747
"Q9BUB4_ADAT1",-0.447846456148458,16.824097144245,-4.83395437690892,0.00158351507904075,0.00652815175151107,-1.91462502905757
"Q9BUB5_MKNK1",-0.238173124534274,16.6718259029889,-2.27871245403737,0.054499878014898,0.104554973004742,-5.66680463415623
"Q9BUB7_TMEM70",0.336734802570163,19.2102876357054,4.58740042170629,0.0021418204986372,0.00821998881128585,-2.24413541966129
"Q9BUE0_MED18",0.0426468205139301,18.8689972245895,0.597290880830207,0.568001795340955,0.667236282326613,-7.70008894615838
"Q9BUE6_ISCA1",0.681121230482137,18.5019352591076,5.04200708993536,0.00134450844232971,0.00576164071839161,-1.70680292878537
"Q9BUF5_TUBB6",-1.36580142165459,20.7321128905304,-27.3199875579248,9.52116067420893e-09,1.94535883908317e-06,11.0830645617859
"Q9BUF7_CRB3",0.0957205084695172,15.241333618473,1.37315304598658,0.215486974676937,0.311417376447105,-6.88428096954137
"Q9BUH6_PAXX",-0.268768218658863,19.5002690186573,-2.53943629778009,0.0369219705693447,0.0768077455789497,-5.26955660760402
"Q9BUI4_POLR3C",-0.284206407553821,19.3036606219498,-4.98016394933386,0.00132935477851481,0.00570950409086839,-1.72333077611659
"Q9BUJ0_ABHD14A",-0.178433162392166,15.3021877680333,-2.24107833020312,0.0706528511346258,0.128497605584328,-5.58783843202141
"Q9BUJ2_HNRNPUL1",-0.109047556582475,21.7964869102199,-2.06898155866205,0.0748871938709904,0.134645483806143,-5.982456502553
"Q9BUK0_CHCHD7",0.0415791055469299,15.9163195781721,0.487774846929231,0.644681733092245,0.733248640358687,-7.66884694060082
"Q9BUK6_MSTO1",-0.534477571920409,20.4304000444887,-8.02815786619186,6.31316615137869e-05,0.000594386148119336,1.63583687132981
"Q9BUL5_PHF23",-0.20467073056086,19.0938454777725,-3.63337831198362,0.00750031760787685,0.0216704187876865,-3.59890936791364
"Q9BUL8_PDCD10",0.480170319555242,21.7415431062852,11.0879388042009,6.72912322227119e-06,0.000127652970308346,4.10837889685633
"Q9BUL9_RPP25",0.273257236122546,19.2035622561956,5.01520668041762,0.00127534055016125,0.00552731812110444,-1.67793547316335
"Q9BUM1_G6PC3",0.545027050078939,18.0394193370323,4.01618763126903,0.00461827622346905,0.0148597313671805,-3.06390118228215
"Q9BUN8_DERL1",0.687890258570157,21.3274152747021,3.3688782674159,0.0140968433961033,0.0355325973502176,-4.1508635409029
"Q9BUP0_EFHD1",0.740333508879715,19.8214323939244,9.32989198220647,2.25533661893635e-05,0.000291250818442033,2.77409141299951
"Q9BUP3_HTATIP2",0.528498340616864,21.2005906020534,8.10898582492314,5.89921435568188e-05,0.00056374367186485,1.71085558025323
"Q9BUQ8_DDX23",-0.118556611823102,21.1715486264227,-2.59439270883922,0.0338303804288306,0.0716634132386839,-5.18270114114037
"Q9BUR4_WRAP53",-0.00524946335492871,18.5767835133458,-0.052977840173252,0.959141185536434,0.972755951635187,-7.89583619867966
"Q9BUR5_APOO",0.632880328837071,20.7385150174867,7.75377801175878,7.9810882155705e-05,0.000707015288621512,1.37651364672765
"Q9BUT9_MCRIP2",-0.203081381999962,17.5044779335596,-2.46933052859192,0.0408439922572578,0.0830016801719127,-5.37529317309915
"Q9BUZ4_TRAF4",-0.0968281854275901,16.8148500074597,-1.24531913858183,0.250723209937512,0.351831670332651,-7.09968200675148
"Q9BV10_ALG12",0.210056760949914,17.7308048162053,1.09275072019726,0.31050720767363,0.417119592807046,-7.26848482534029
"Q9BV19_C1orf50",-0.468001165959308,18.3553991173972,-6.75908197585295,0.000198112053358943,0.00136079662886713,0.371385616322966
"Q9BV20_MRI1",0.585416551986849,19.8194287575286,9.59679550391967,1.85422148988169e-05,0.000254497725137262,2.9904578400956
"Q9BV29_CCDC32",-0.352943010200484,17.379408507755,-4.01552737809294,0.00446693088283575,0.014507088614817,-3.04158234460836
"Q9BV36_MLPH",0.129664899818081,19.8139874824194,1.56343018368938,0.159313524491989,0.24620010000834,-6.70046252510282
"Q9BV38_WDR18",-0.0815447071540163,20.5814815836602,-1.77318520029843,0.116863059531543,0.192298340533501,-6.41220302737493
"Q9BV40_VAMP8",0.242263880166554,19.9041274689053,4.70038254439445,0.00186295511809422,0.00737178668624756,-2.0920581135033
"Q9BV44_THUMPD3",-0.0464800196475785,20.5149706125187,-0.906297067144029,0.393122496976718,0.501540812299743,-7.45620335956199
"Q9BV57_ADI1",-0.0654784193797902,21.1849247447302,-1.07439720706408,0.316177816151621,0.423249764398379,-7.28972038161078
"Q9BV68_RNF126",-0.6391242550798,18.7274948738814,-9.4990315682119,1.99101516639885e-05,0.000267583855405065,2.91182599226089
"Q9BV79_MECR",-0.0757082225845629,19.4509743692903,-1.07093113111628,0.317635777112413,0.424829516449335,-7.29336755041536
"Q9BV81_EMC6",0.693240628749692,19.6181037469063,2.01427807370584,0.0933924248720943,0.160626566512297,-6.10063350844386
"Q9BV86_NTMT1",0.51907452793052,20.3210101050522,7.88522218747696,7.12736017697437e-05,0.000649692379153297,1.50165473687558
"Q9BVA0_KATNB1",0.593319689021151,17.0182173147138,6.36052019118801,0.000293509810719881,0.00181104318236763,-0.062594843479852
"Q9BVC3_DSCC1",0.004568962176414,18.428670389351,0.04442357193591,0.965733215984626,0.977108316067028,-7.89630787715232
"Q9BVC4_MLST8",0.208581521519953,18.038838927624,2.51462632474258,0.0381460950163448,0.0788607075175652,-5.30562217247903
"Q9BVC5_C2orf49",0.281014133690253,18.5448820504856,4.81081004120421,0.00162843937158837,0.00664855440694525,-1.94518628358109
"Q9BVC6_TMEM109",0.603226962456421,19.9804422960225,4.5210123736497,0.00268247196582323,0.00973166323756097,-2.43662683515235
"Q9BVG4_PBDC1",-0.398004783980102,21.9252736536977,-8.76233412549574,3.47718048331092e-05,0.000386381465042325,2.29550659739695
"Q9BVG9_PTDSS2",0.759076554138655,18.5302898906514,11.0383965282647,6.94567657112057e-06,0.000129438352839617,4.07350767115694
"Q9BVI4_NOC4L",-0.0742381862669532,19.5124186127421,-1.11624204162464,0.298994208039856,0.405070125901949,-7.24501664900681
"Q9BVJ6_UTP14A",-0.138949888198454,19.8309269721626,-2.30289010852114,0.0525393166546705,0.101867379108536,-5.63002243434216
"Q9BVJ7_DUSP23",-0.609722560417453,20.1552664337399,-10.9386167309711,7.40608456530192e-06,0.000134808372623174,4.00283304798111
"Q9BVK2_ALG8",0.114656497718446,18.9536132344818,0.871701741210679,0.411530901554217,0.519595993787282,-7.48661305903577
"Q9BVK6_TMED9",0.135907229352476,23.4172907754103,2.86028584175781,0.0227490325228619,0.0517300278516595,-4.7722590562698
"Q9BVL2_NUP58",0.000734454194535772,19.4198464059124,0.0119934890076327,0.990745444412358,0.99373509873163,-7.89734381592967
"Q9BVL4_SELENOO",-0.412405309881137,17.5503280108846,-5.62802048441392,0.000634531198874187,0.00321470577560846,-0.911958233747034
"Q9BVM2_DPCD",-0.464995054517789,18.8958448911536,-5.18445141696143,0.00104634255710614,0.0047249195800806,-1.461144392857
"Q9BVM4_GGACT",-0.193665119471888,17.5910321260985,-1.49265828695739,0.176577971173253,0.266680875072998,-6.79368724168653
"Q9BVN2_RUSC1",-0.0452312657266631,17.8021509172572,-0.44542279718605,0.668660580082586,0.753969046420556,-7.78654363869257
"Q9BVP2_GNL3",-0.0183220972330247,20.4329542875558,-0.219552843565063,0.83210960129073,0.882802928374636,-7.87021621259177
"Q9BVQ7_SPATA5L1",-0.423410867466131,18.4471116309348,-6.42905807217033,0.00027397870142864,0.00172392359870119,0.0133942488727889
"Q9BVS4_RIOK2",-0.0546156295575706,18.1191861697041,-0.669692558416637,0.523244895867517,0.627581931111886,-7.65080664575389
"Q9BVS5_TRMT61B",-0.44944902661366,17.4108684863298,-6.34504497289383,0.000298131206625491,0.00182483032398069,-0.0798322719077733
"Q9BVT8_TMUB1",0.0266167734647169,17.6071662504989,0.18484764903136,0.858308885429292,0.902457905254702,-7.87810517049668
"Q9BVV7_TIMM21",0.103274149343317,18.4937223566955,0.782044262890655,0.458855183478024,0.565706801756087,-7.56394524110209
"Q9BVW5_TIPIN",-0.373414686652296,17.3348909174416,-2.33746610773635,0.0505491430390334,0.0987853268234688,-5.58269341258305
"Q9BW19_KIFC1",0.105135293661888,19.2110940618456,1.63687660122953,0.143040844049881,0.226186922933261,-6.60143488276769
"Q9BW27_NUP85",-0.1971555141855,20.3586215817931,-3.00290570260707,0.0184372768549121,0.0438102899820947,-4.55263823526193
"Q9BW60_ELOVL1",0.180724729249352,17.7535464298149,1.69378062130883,0.131506957853226,0.211034990089822,-6.52324757855212
"Q9BW61_DDA1",0.126855520890285,17.4712593218136,0.393424678596374,0.706924620467287,0.783819974397739,-7.80900060008409
"Q9BW62_KATNAL1",0.116005058112954,16.2409581162109,1.27311807296476,0.24123017728981,0.34145615726358,-7.06699851870396
"Q9BW66_CINP",-0.379121817968297,16.8961621250136,-3.28452311489943,0.0122586209270796,0.0317685277923809,-4.12233896611847
"Q9BW71_HIRIP3",0.353806316200306,16.9939994346183,4.26535786096008,0.00322069374970772,0.0112276350736505,-2.68759066701151
"Q9BW72_HIGD2A",0.719384034503033,19.3061860895871,4.43155643118669,0.00312708198654266,0.0109953733873329,-2.58715274798305
"Q9BW83_IFT27",-0.361832970732202,20.1046328006568,-4.36059029177272,0.00285011615312591,0.0101913648225667,-2.55492715651368
"Q9BW85_YJU2",-0.06656324232533,19.4831722908149,-1.17390624327663,0.276560467030761,0.379724276302114,-7.18143669914033
"Q9BW91_NUDT9",0.162878847649239,19.0558513018848,2.87259024046149,0.0223384621172542,0.0510143173517461,-4.75328301934324
"Q9BW92_TARS2",-0.197137251585282,20.1841395904074,-3.54296932604678,0.00850495712755514,0.0239485809356019,-3.73333938745945
"Q9BWD1_ACAT2",0.0449809453610683,22.1075901254473,0.642411475973698,0.539849488077002,0.641858372682532,-7.6699691428883
"Q9BWD3_RTL8A",0.885052100736743,17.293883484182,7.32949700257348,0.000116235995808291,0.000916107410262253,0.960717732383291
"Q9BWE0_REPIN1",-0.146491100618768,17.9479359645162,-2.03660568333158,0.0786461123690298,0.13998824890832,-6.03051202859806
"Q9BWF3_RBM4",-0.464044817528041,20.6911767994762,-8.80459478338606,3.36415920735163e-05,0.000380875834702095,2.33204599947634
"Q9BWG4_SSBP4",-0.204094567008314,15.4441617278487,-3.13792705104079,0.0151422980436809,0.0377096194475228,-4.3456459644905
"Q9BWG6_SCNM1",-0.180861080330171,16.2368689165663,-1.30631337829287,0.236052099228609,0.335493269864792,-7.00011985317265
"Q9BWH2_FUNDC2",1.56949793140792,20.877904382206,27.2628815197765,9.66954033815048e-09,1.94535883908317e-06,11.0676534150674
"Q9BWH6_RPAP1",-0.651387805325317,18.2876563434806,-8.786888381148,3.41100312959295e-05,0.000382894970360883,2.31675490812766
"Q9BWJ5_SF3B5",-0.0309941367025992,20.4123301591023,-0.20704360350401,0.841980404810884,0.890314337990948,-7.87298044434163
"Q9BWL3_C1orf43",0.184717158426608,16.4389560130853,2.40227102996369,0.0452001826502516,0.090199790227401,-5.47820202682934
"Q9BWM5_ZNF416",-0.0523097243009314,15.7128581436344,-0.57552237691281,0.581883884757877,0.679056983509994,-7.71390808660312
"Q9BWM7_SFXN3",-3.14710754661604,18.7921562458272,-11.3426268223752,0.00013279307659849,0.00100614774092711,1.87488514223363
"Q9BWN1_PRR14",-0.227937043689767,17.1924348320126,-1.77922147166322,0.115815292038771,0.191067740102806,-6.40367513361745
"Q9BWQ6_YIPF2",0.310410879586783,18.1343020387639,3.06598492093726,0.0168126555774196,0.0408040482188485,-4.45580015483934
"Q9BWS9_CHID1",0.465360124670802,18.4444239347401,4.91575145297641,0.00143532802290311,0.0060658279353755,-1.80722899484792
"Q9BWT1_CDCA7",0.129589138047026,15.3757744711945,1.74193854973753,0.137069868366342,0.218361505321525,-6.38184254748373
"Q9BWT3_PAPOLG",-0.274746172939828,17.1218098388109,-2.33932713955484,0.0549153599812863,0.105246409390056,-5.58885323551141
"Q9BWT6_MND1",-0.0438432393704176,16.8664967517713,-0.418467392179087,0.687396466534274,0.769195841137957,-7.79940786818115
"Q9BWU0_SLC4A1AP",0.0162936766442137,20.2713915047371,0.21852973861963,0.832877960108558,0.883250382165339,-7.87046840043241
"Q9BWU1_CDK19",0.0212432599607038,15.7426666363928,0.266705689032518,0.796922120981975,0.855924362869794,-7.85733530000888
"Q9BWW4_SSBP3",-0.175959569343688,16.0659966926412,-2.35476144570869,0.0485695689978651,0.0956256386785162,-5.550897159269
"Q9BX40_LSM14B",0.223431532517743,20.3241891213509,3.81677029774139,0.00583321359903961,0.0177739808547859,-3.32916304266834
"Q9BX59_TAPBPL",0.494379592731097,16.6605868969668,4.57624519523771,0.00789749921642224,0.0225707903222859,-3.02289606695663
"Q9BX63_BRIP1",-0.229224363275634,20.5402522967347,-3.09225944130338,0.0161811129851539,0.0396743453404432,-4.41553161004592
"Q9BX68_HINT2",-0.0675355820258439,21.0359018002868,-0.686825822684549,0.5134020948945,0.618201136473216,-7.63793445233622
"Q9BX95_SGPP1",0.24580029010577,17.8406399666507,3.83069117267058,0.0057241085221702,0.0175520568782644,-3.30885559610466
"Q9BXB4_OSBPL11",-0.187886273628116,19.0253247206233,-3.64061560432624,0.00742559634681818,0.0215195921423142,-3.58818828181709
"Q9BXB5_OSBPL10",-0.23776468643241,18.0013600107132,-3.13401564713869,0.0152284487739094,0.0378483390365856,-4.35162616689252
"Q9BXC9_BBS2",0.136894717843902,15.3498854236835,1.50271268696845,0.188418565777909,0.280518001046176,-6.44110490604194
"Q9BXI6_TBC1D10A",-0.242060150142187,18.5061983113796,-4.05669236109398,0.00422983606029832,0.0139263982260899,-2.98267006319844
"Q9BXJ4_C1QTNF3",-0.323243391242581,16.7898783334893,-0.472607814726009,0.657755951496223,0.744087636754753,-7.47763988808006
"Q9BXJ8_TMEM120A",-0.786426313669743,17.2969463326931,-9.16462762362763,2.55228408526233e-05,0.000317582562428552,2.63738987385782
"Q9BXJ9_NAA15",-0.154631002961704,22.1055697134382,-3.36346910203968,0.010952872031406,0.0291555385376389,-4.00282616353581
"Q9BXK1_KLF16",-0.178913997118123,17.1871108995418,-1.95404366510988,0.0890884852685536,0.154615543672666,-6.15204771801182
"Q9BXK5_BCL2L13",0.0903344170663694,19.1500049345265,0.794641242707891,0.451711333647688,0.558972668458494,-7.55380927101498
"Q9BXP2_SLC12A9",0.067091194168416,18.0212676430302,0.663123040381382,0.527214252480852,0.630759461692663,-7.6554859385568
"Q9BXP5_SRRT",-0.106233746669922,21.7901014240276,-1.8688427817145,0.101274073538155,0.171102827005347,-6.27574519930224
"Q9BXP8_PAPPA2",-0.403855587074784,18.1081692410567,-3.83474539453713,0.00569274939127372,0.0174853632367568,-3.3029459830599
"Q9BXR0_QTRT1",-0.0879320942012392,19.9249536692672,-1.32147057617194,0.225448308900407,0.322961441378048,-7.0090576863894
"Q9BXS4_TMEM59",0.380637281468029,16.773012157173,3.91495174934119,0.00510903914783766,0.0160449282454909,-3.18646432648223
"Q9BXS5_AP1M1",0.0901493059377323,19.9616966762089,1.59941903836625,0.151138159935023,0.23609547051558,-6.65221602783303
"Q9BXS6_NUSAP1",-0.221918335563132,19.3892415102096,-2.78853983169842,0.0253051447548617,0.0565005349447774,-4.88297610404901
"Q9BXT4_TDRD1",0.299112101162407,17.0645368864468,2.51177431301991,0.0497089201386843,0.0974172505665833,-5.33198557324731
"Q9BXV9_GON7",0.407276108109098,18.5603016772393,3.57053178260984,0.00818418709824892,0.023179553166232,-3.69225953657499
"Q9BXW6_OSBPL1A",-0.947343421340225,17.0090079964833,-12.7432052904183,2.49834520631386e-06,6.48570426136676e-05,5.19634715204773
"Q9BXW7_HDHD5",0.223495840199849,20.8828430216329,3.52048336512578,0.00877663127220266,0.0245238837997037,-3.76691458176818
"Q9BXW9_FANCD2",-0.352703827684273,19.5143197873859,-3.97914942036592,0.00468847633797093,0.015041293161472,-3.09383192143062
"Q9BXY0_MAK16",-0.17980659657395,19.0619457925779,-1.21323247075726,0.264131023915086,0.36660887397074,-7.13535201037964
"Q9BY11_PACSIN1",1.8102788015333,18.0388975065177,14.732589787375,8.79022924440863e-07,3.24643973785043e-05,6.33549585164174
"Q9BY12_SCAPER",0.34865912637509,17.5672025275258,2.0671422487129,0.0764858431608419,0.136972188091974,-5.99064552986029
"Q9BY32_ITPA",-0.204994320410119,20.4213679402106,-3.56472679137416,0.00825065041490813,0.0233442718067996,-3.70090448765613
"Q9BY42_RTF2",-0.138352534024122,21.2275595924251,-2.20934812162402,0.0605419316146937,0.113857533194052,-5.77193118328629
"Q9BY43_CHMP4A",-0.175851193867182,21.0739391579973,-2.96544483484105,0.0194795385549273,0.0457477293314109,-4.61024431149827
"Q9BY44_EIF2A",-0.543867111111517,21.6539953177282,-11.8870016156264,4.1060191712341e-06,9.20543007744418e-05,4.65154803556346
"Q9BY50_SEC11C",0.702229863777379,17.5226904491653,3.37172955448456,0.020175729997852,0.0470811502064796,-4.26894404467432
"Q9BY67_CADM1",-0.163609770683546,15.9771797797486,-1.88193860602992,0.113712871461098,0.188208465538015,-6.19497943614741
"Q9BY77_POLDIP3",0.0228025162896088,20.9150154296771,0.417824107898664,0.687846518541793,0.769530182846184,-7.79970552647696
"Q9BY89_KIAA1671",0.0543751033758468,16.1163029277391,0.604119984743062,0.563686575794501,0.663696884637141,-7.69565756517757
"Q9BYB4_GNB1L",0.0762400880825638,19.3494746731256,1.24749756876344,0.24996804861421,0.35128781831905,-7.09713777231788
"Q9BYC5_FUT8",0.462057765944028,18.6778131296311,5.53755248350033,0.000701185531335303,0.003479079077268,-1.02176788849232
"Q9BYC8_MRPL32",-0.163956331364012,18.9938316363252,-1.81591075625911,0.109636385531149,0.18229016254581,-6.35159440410173
"Q9BYC9_MRPL20",-0.219945238145659,20.0366882068842,-2.04201766218205,0.0788453419750668,0.140103085295794,-6.02557882069668
"Q9BYD1_MRPL13",-0.217374293483523,20.6374132869755,-3.45666348500852,0.0095995806423349,0.0262290185885098,-3.86250109212105
"Q9BYD2_MRPL9",-0.279352656392703,20.5907861072854,-3.47146463499464,0.00940162821833054,0.0257987967441267,-3.84029468034267
"Q9BYD3_MRPL4",0.00596019109603318,20.0030394349605,0.0745418980811271,0.942539891171821,0.961421690880168,-7.89427986970136
"Q9BYD6_MRPL1",-0.285402672143896,21.2732814536336,-4.83781941014519,0.001576146400103,0.00650628468077075,-1.90952886487387
"Q9BYE7_PCGF6",0.236077693879338,17.2215943184009,1.90556836372614,0.0958359017882568,0.163907263796694,-6.22265713602932
"Q9BYG3_NIFK",0.239493935193551,19.2022061247755,1.90527610745709,0.0971126571979632,0.165616303877283,-6.22602574816866
"Q9BYG5_PARD6B",-0.765132675275549,21.2943866670386,-16.3602733502714,4.1093376089357e-07,2.18165875141065e-05,7.15782447579296
"Q9BYJ9_YTHDF1",0.0524594499717814,19.3937390740024,0.759504132052838,0.470877059447865,0.577177348000469,-7.5827998079901
"Q9BYK8_HELZ2",-0.862188180426731,18.3561283210811,-6.50990259880842,0.000278713224496667,0.00174820428177203,0.0232278512020487
"Q9BYM8_RBCK1",-0.286921371020387,16.7606015885188,-3.68646075266615,0.00697047686692029,0.020417354654255,-3.52041669913336
"Q9BYN0_SRXN1",0.0233667661092625,20.1570314041785,0.301157958678617,0.771519924297858,0.836041080263235,-7.84637542213704
"Q9BYN8_MRPS26",-0.0979604527605247,20.3007776700441,-1.22232039238313,0.258813825702949,0.360948060315434,-7.12636374651523
"Q9BYT8_NLN",-0.398304526646591,20.950578232611,-6.91830171195987,0.000170142143336543,0.00121111423259579,0.539541739716366
"Q9BYV8_CEP41",-0.357163227683781,17.7661077109877,-4.76754026077791,0.00171623062424025,0.0069128467451616,-2.00252821740798
"Q9BYW2_SETD2",-0.0305077543863312,17.3364417414973,-0.336909763513912,0.745470316564757,0.815791664777779,-7.83363194772173
"Q9BYX2_TBC1D2",0.36428537344251,16.4767059305221,2.00078000020682,0.0845123137261372,0.147814376215127,-6.08825568754415
"Q9BYX4_IFIH1",-0.735423375865441,17.2629187303592,-4.25809688849366,0.00490345979507494,0.0155612080254661,-2.95947392086409
"Q9BZ23_PANK2",-0.14501092467496,16.9807718411815,-1.69673615972335,0.130932293867268,0.210333554657547,-6.5191537407403
"Q9BZ29_DOCK9",0.941431089810923,17.1569256759376,12.0676871402896,3.68747390381549e-06,8.51683927331402e-05,4.76957863588183
"Q9BZ67_FRMD8",-0.715732258712372,17.2989132201201,-6.53924391157725,0.00024554042660759,0.00161129318576397,0.134361785448668
"Q9BZ95_NSD3",-0.0576710759828138,18.0068037177687,-0.77983707771986,0.459520738960023,0.565888538877154,-7.56638183524616
"Q9BZC7_ABCA2",-0.279296758357862,16.640071472922,-2.21774836299592,0.0597759186217904,0.112641581923487,-5.75923399076862
"Q9BZD2_SLC29A3",-0.347706426158826,15.9561954038396,-4.83325141442082,0.00158485933954278,0.00652815175151107,-1.91555213633703
"Q9BZD4_NUF2",-0.383841663444333,17.896593287004,-4.67041528486679,0.00193282160226883,0.00757765187145909,-2.13221683509259
"Q9BZE1_MRPL37",-0.153192028895855,20.4282535210193,-3.29879317103248,0.0120108521107898,0.0312642030599211,-4.10069492455785
"Q9BZE4_GTPBP4",-0.0263732235776573,21.5675093280927,-0.32619534487589,0.753241987990568,0.822530352547906,-7.83759675569879
"Q9BZE9_ASPSCR1",0.10742783365583,20.4519151440107,0.905457787155655,0.394718755939763,0.503043831423506,-7.45569117789111
"Q9BZF1_OSBPL8",0.276824029877183,19.6708817964049,4.41299691820005,0.00266623736858494,0.00968792047663113,-2.48246678851548
"Q9BZF9_UACA",-0.505930180792461,17.336983331653,-7.19064996081562,0.000131944835835539,0.00100170632568291,0.820564757673695
"Q9BZG8_DPH1",-0.0438055668880537,19.2016527511051,-0.790865964836172,0.453439169259535,0.560385135627085,-7.55732246434028
"Q9BZH6_WDR11",-0.095731992282321,19.6033234069267,-1.40939530047327,0.19903298487243,0.293237072528373,-6.9003370185178
"Q9BZI1_IRX2",0.0937256475376742,16.4162424363955,0.957794646887436,0.378656132700214,0.487098457764283,-7.30561332371643
"Q9BZI7_UPF3B",0.206377151964521,19.5065495442381,3.59204984323252,0.00794278669659673,0.0226602172540227,-3.66024703617657
"Q9BZJ0_CRNKL1",0.0132384205549165,19.8502212119302,0.280067534183112,0.787037262983552,0.847928392828249,-7.85323919528147
"Q9BZJ4_SLC25A39",0.748390886781479,16.282677230247,4.78745871021002,0.00176150478990213,0.00705063042869203,-2.01316631466283
"Q9BZK7_TBL1XR1",0.565880355573359,19.7009926624545,8.76790885236619,3.46203021866301e-05,0.000385819548420972,2.30033519363116
"Q9BZL1_UBL5",-0.270473453658301,20.724656327755,-2.94385567234843,0.0201081450517763,0.0469538084669608,-4.64347220503457
"Q9BZL4_PPP1R12C",0.138674990530177,17.5737286948986,1.90742649281258,0.0955683805322083,0.163585508984449,-6.21996158471241
"Q9BZL6_PRKD2",-0.567341454041408,18.7181365446319,-10.1428107904339,1.26005423872476e-05,0.000194608376869713,3.41696331798156
"Q9BZM1_PLA2G12A",0.0561422607808701,16.0728862669213,0.375187353752852,0.719539876848962,0.793663592340256,-7.52955634691159
"Q9BZQ6_EDEM3",0.138263169226875,17.5964928478992,2.08817398914676,0.0727430117042129,0.131253321802858,-5.95387259475741
"Q9BZV1_UBXN6",-0.225865670078143,17.75158803779,-2.61664241025353,0.0327184897740509,0.0697427920875303,-5.1483758514063
"Q9BZX2_UCK2",-0.0508151980889124,20.0115308844199,-0.700632530821786,0.504802486848132,0.610635286701577,-7.62822188656387
"Q9BZZ5_API5",0.123741611866521,22.4201052708716,2.78686549672966,0.0253682517143569,0.0566249005419732,-4.88556098889349
"Q9C005_DPY30",-0.316921923092224,20.8114894734986,-2.12903889962188,0.0719302378457343,0.130371424450128,-5.90893994018201
"Q9C037_TRIM4",-0.114653685500905,16.8750361462042,-0.887719051792528,0.402417441691109,0.510958535414139,-7.4732363672196
"Q9C086_INO80B",-0.0157043806484403,17.6243873065881,-0.16723326853764,0.871632192143871,0.911701752488697,-7.88161758322389
"Q9C0A6_SETD5",0.0937725976414381,15.5442386980938,1.14571947618764,0.287347824951645,0.391442288267164,-7.21279529017129
"Q9C0B0_UNK",-0.120444836622575,17.177536422523,-1.47769263365544,0.180438636719451,0.271172277908433,-6.81310601053128
"Q9C0B1_FTO",0.486634605377681,19.0746378614142,7.34499711248255,0.000114616118061641,0.000907080975756979,0.976235964738301
"Q9C0B2_CFAP74",0.0500000672287868,22.6823542104247,0.0679332726808669,0.951429977165136,0.966987792532234,-7.25057922208555
"Q9C0B5_ZDHHC5",0.262126647495581,17.415780998115,2.87780403822714,0.0221668321652363,0.050692620970156,-4.74524351390825
"Q9C0B7_TANGO6",0.145998366184358,16.1862004393741,1.39252546607823,0.203879856036654,0.298797960302241,-6.92151907052136
"Q9C0C2_TNKS1BP1",-0.280982139737009,20.0129899717824,-3.94976132210926,0.00487615184780269,0.0154874037708565,-3.13616973049697
"Q9C0C4_SEMA4C",-2.01212633645495,18.9136088224175,-24.5287239830229,2.10985549560902e-08,3.16271475763351e-06,10.2807389187939
"Q9C0C7_AMBRA1",-0.403323976569979,17.1046206825161,-5.32603608536797,0.000889385302409637,0.00417707663838007,-1.28288418482927
"Q9C0C9_UBE2O",-0.101413488657002,20.6987049220049,-2.25369032219813,0.0566064068376942,0.107811654278568,-5.70479878505522
"Q9C0D3_ZYG11B",0.0531456135361488,18.4804911706417,0.954791031275227,0.369606374756237,0.478192711966735,-7.41042261628824
"Q9C0D5_TANC1",0.682283039548761,17.715135921059,8.72133868402842,3.59090679089892e-05,0.000391618864713585,2.25991762898086
"Q9C0D9_SELENOI",0.00246783475412826,20.5677068490903,0.0192915858337376,0.98514329777885,0.990064481598437,-7.89721307989056
"Q9C0E2_XPO4",0.175363071135354,19.6375324505219,2.77920853956678,0.0256589419717339,0.0570240149342749,-4.89738245711012
"Q9C0E8_LNPK",0.677627146150737,20.1079860537121,11.4087578584399,5.49786768634655e-06,0.000112684178182626,4.33074074616782
"Q9C0F1_CEP44",0.0864872579165592,20.4710129117719,0.558986004102079,0.594095852049093,0.689519172448051,-7.72245167037291
"Q9C0H2_TTYH3",-0.878312571241159,16.2279481190302,-10.6628334527351,8.86809946731703e-06,0.000153290176187493,3.80435134590856
"Q9C0H5_ARHGAP39",0.822935014676162,16.907737141223,8.39891626015488,4.64614390847985e-05,0.000472966313985732,1.97498107347463
"Q9C0H9_SRCIN1",-0.256081200992941,16.3660582191148,-1.53968503066891,0.165879786052744,0.253985772956784,-6.73221228110384
"Q9C0I1_MTMR12",0.719408575284717,18.3193909650232,11.247620951368,6.08125875576831e-06,0.00012020783657899,4.21979582116703
"Q9C0J8_WDR33",-0.150366517326905,18.5530090103575,-1.67703518645375,0.134807691688013,0.215607699362942,-6.54638221344975
"Q9C0K0_BCL11B",0.474561831325399,17.4556975034248,6.80751438792413,0.000189095441368477,0.00131780733752234,0.422844194561009
"Q9C0K1_SLC39A8",0.730392158353835,15.9643295165158,5.96774877045661,0.00622326217381094,0.018664903616628,-2.25554144498856
"Q9GZL7_WDR12",0.149661496059338,20.091902528226,1.20799953977484,0.26553114796466,0.368084429046206,-7.14168005993713
"Q9GZM5_YIPF3",0.194686118926153,20.2601581495388,2.90710761678471,0.0212275259397854,0.048939817795434,-4.70007408622353
"Q9GZN1_ACTR6",0.103675423171097,18.0340976632043,1.30551787773044,0.230554102531527,0.329147733679463,-7.0283240532454
"Q9GZN7_ROGDI",-0.235775756680596,19.3819217115457,-1.27736724894982,0.244316811565476,0.34480377042977,-7.05935120302052
"Q9GZN8_C20orf27",-0.215538620867537,21.3404573399489,-3.28770318167595,0.0122029390224312,0.0316456814201109,-4.11751408432815
"Q9GZP4_PITHD1",0.00185256248760979,20.0650148809937,0.0277704537774574,0.978573979832717,0.985784468862557,-7.89698857457061
"Q9GZQ3_COMMD5",0.24785760018263,19.460291466442,4.20894654159391,0.00346475610747347,0.0119015400965923,-2.76677209081817
"Q9GZR2_REXO4",0.21995122006938,18.3877538122281,3.37317096227812,0.0108029321242085,0.0288065629890386,-3.98817844428621
"Q9GZR7_DDX24",-0.303924003578672,20.45465204352,-3.34210752674194,0.0112908861610795,0.0297856537962225,-4.03510863705386
"Q9GZS1_POLR1E",-0.154609199101753,20.14028389656,-2.95132197792122,0.0198883766771845,0.0465543905992271,-4.63197857127447
"Q9GZS3_SKIC8",-0.0472620275916213,21.2108832193518,-0.824280293061494,0.435351602554134,0.543744976560423,-7.52922273368609
"Q9GZT3_SLIRP",-0.434794826550469,22.5411131582405,-8.38033345445404,4.71682590370096e-05,0.000478669573488969,1.95828081002218
"Q9GZT4_SRR",0.0815078110813907,18.4197359176893,1.2015809827456,0.266296274089139,0.368986452458629,-7.15013978622872
"Q9GZT6_CCDC90B",-0.105201183130664,17.9496510299391,-0.906346498612257,0.393097976930916,0.501540812299743,-7.45615766103891
"Q9GZT8_NIF3L1",0.329936753763342,20.5875789367827,5.52997424606643,0.000707111455447699,0.00349441957136242,-1.0310169070256
"Q9GZT9_EGLN1",-0.212467468703011,17.7274211111639,-3.08439119941614,0.0163675682189537,0.0400201384096294,-4.42758609249116
"Q9GZU7_CTDSP1",0.865377715385709,17.6821775768732,3.008057240183,0.0216194573986404,0.0496935513567666,-4.63563254723211
"Q9GZU8_PSME3IP1",0.378758650086034,18.301337683926,3.59143281386218,0.00794960139637525,0.0226602172540227,-3.66116427005286
"Q9GZV4_EIF5A2",-0.108933123655774,16.9513251913147,-0.973572197055327,0.360787996293885,0.469245360950451,-7.39219021236423
"Q9GZV5_WWTR1",-0.112142231574856,15.5508856971563,-1.35821999636642,0.214057143417567,0.309751767233491,-6.96412803678312
"Q9GZX9_TWSG1",0.216817499383739,15.8132854597048,2.57115044989085,0.0396145163034539,0.0810634307119661,-5.24997298484978
"Q9GZY4_COA1",0.134134443065719,17.0159345296954,1.75609770459357,0.119878011818361,0.195923696849581,-6.43627965311339
"Q9GZY8_MFF",0.237355237901394,18.2007985728831,2.51236329296158,0.0382764590453932,0.0790020327759263,-5.30910560476672
"Q9GZZ1_NAA50",-0.099661287679691,21.816273788762,-2.18256016373858,0.0630507829256199,0.117617122347697,-5.81235418835677
"Q9GZZ9_UBA5",0.0693410922083473,21.0153925344885,1.60144950649565,0.150688605630063,0.23558576483473,-6.64947787450846
"Q9H000_MKRN2",0.0017957951957861,18.7326027401883,0.0332015868570395,0.974385245589755,0.982740791890986,-7.89680107345635
"Q9H008_LHPP",-0.378149042081855,18.8876232340687,-5.85814916336723,0.000494500531874248,0.0026809726324693,-0.637592312185793
"Q9H019_MTFR1L",0.792616718645789,17.2385656617861,7.99767393699322,6.47766105599185e-05,0.000604660790879825,1.60738365189175
"Q9H061_TMEM126A",-0.00608619411495681,19.572103861281,-0.0850279926063563,0.93447745337748,0.956266737520594,-7.89333313276347
"Q9H063_MAF1",0.214472871606354,17.1061956659374,0.933271485195013,0.381968886397216,0.490526541727172,-7.42876054183419
"Q9H074_PAIP1",0.360340977444537,21.217848155803,2.39568055003036,0.0491810019489261,0.0965063552103542,-5.51850612940228
"Q9H078_CLPB",0.223723217550976,20.6563521049324,3.60457563637444,0.00780579456469703,0.0223754403626205,-3.6416363381228
"Q9H081_MIS12",-0.247988160136739,17.0667620238181,-3.00723718462459,0.0183206006818514,0.0436191193437416,-4.54598181370098
"Q9H082_RAB33B",0.340235823642864,18.3110432661961,3.84309406960353,0.00562875591959579,0.0173725631834113,-3.29078312926426
"Q9H089_LSG1",0.0455676333419426,20.1271912732478,0.900697944535159,0.395907155788975,0.504367639727831,-7.461366708408
"Q9H095_IQCG",0.0063903521935238,16.7579624609371,0.0421947045443854,0.967451298820781,0.978154217858509,-7.89641717752041
"Q9H098_FAM107B",2.00813567781582,18.0045161940813,28.2113196663763,7.5095874292496e-09,1.9399096381899e-06,11.3186175845586
"Q9H0A0_NAT10",0.17233436469267,21.5381356710415,3.97615671177173,0.00470722537501979,0.0150824551517294,-3.09813814795389
"Q9H0A8_COMMD4",-0.432334861689647,19.7171692638011,-7.98604666914044,6.54166406715015e-05,0.000609147646691388,1.59650766870277
"Q9H0B6_KLC2",0.338579728878745,20.5033710344563,4.38586777799627,0.00275975311757521,0.00996613726209847,-2.51992861265118
"Q9H0C5_BTBD1",0.0213641788402619,15.7661948404042,0.190441558754206,0.854811328462128,0.900018262786526,-7.81702639374794
"Q9H0C8_ILKAP",-0.15567735713871,20.0157592707348,-1.95532811607,0.0889161199388374,0.154351438903817,-6.15016887658616
"Q9H0D6_XRN2",-0.15124745190283,20.7055502174634,-3.11250706544628,0.0157115364579913,0.03882181519759,-4.38452947778326
"Q9H0E2_TOLLIP",-0.329188982714303,19.9980172240498,-3.34104879947695,0.0113196222263377,0.0298408661794316,-4.03733390462288
"Q9H0E3_SAP130",-0.0878391133758107,18.6649258267871,-1.31054294843618,0.228935148737942,0.327141908804031,-7.02227094120952
"Q9H0E9_BRD8",-0.144074010099359,18.7250569653427,-2.3819076632909,0.0466143440270439,0.0924187396490537,-5.50938426177962
"Q9H0F6_SHARPIN",-0.148641984386305,17.684412397406,-1.16750664975057,0.278979965434006,0.38242815774484,-7.18860272350385
"Q9H0F7_ARL6",-0.0283630910563772,18.1308581929446,-0.376798728765999,0.716818524747858,0.792033187122037,-7.81778213422313
"Q9H0G5_NSRP1",-0.012194284500044,16.3688071177687,-0.102048384302381,0.921408762751773,0.947051625603295,-7.89153214149243
"Q9H0H0_INTS2",-0.181793307194582,20.116028058914,-2.18243787874713,0.0630624701770057,0.117617122347697,-5.81253847308614
"Q9H0H3_KLHL25",-0.116554581124038,16.3863280930573,-1.24537278065757,0.250704591586865,0.351831670332651,-7.09961939200997
"Q9H0H5_RACGAP1",-0.171904898767337,19.453945655262,-3.37207277261158,0.010819793989497,0.0288414661958522,-3.98983602687345
"Q9H0J9_PARP12",-0.0983902265006158,17.7128136287885,-0.536261941274438,0.608279527812806,0.702886485811503,-7.73671864076177
"Q9H0K6_PUS7L",-0.419906088869677,17.2069786689021,-4.38647949814924,0.00275760543823916,0.00996308770101057,-2.51908275928938
"Q9H0L4_CSTF2T",-0.0453476790835659,18.9893534162968,-0.736435112668829,0.483986818530078,0.589372288573184,-7.60097626351993
"Q9H0M0_WWP1",0.431209030314196,16.7379981870384,4.77135862027363,0.00170827807295567,0.00689789781958287,-1.99745726620695
"Q9H0N5_PCBD2",0.557515127242937,17.4902146358756,3.79930783220272,0.00603915453922546,0.0182559653825143,-3.36190624901795
"Q9H0P0_NT5C3A",0.411621091611678,20.48104396977,4.53279699900906,0.00229272934682127,0.00865976364419612,-2.31828769499062
"Q9H0R1_AP5M1",0.023095829534828,17.516217029603,0.287795353565641,0.781339153646643,0.843215390969592,-7.85078075139781
"Q9H0R3_TMEM222",-0.062645016902259,16.5984274977057,-0.669261392857903,0.526525711417411,0.630519030066511,-7.62336644060969
"Q9H0R4_HDHD2",-0.108667280865475,19.2140055279802,-1.29979763004916,0.23240899591206,0.331362695588904,-7.03519679273625
"Q9H0R6_QRSL1",0.219262030922497,18.5071281198828,2.00746267607347,0.0821876870469215,0.144808681141672,-6.07358448250784
"Q9H0S4_DDX47",-0.484360358403791,20.4422032056606,-9.9682293937395,1.42283739392019e-05,0.00021328611522588,3.28287251170035
"Q9H0T7_RAB17",-0.170435334016886,24.574775435077,-1.5848006671889,0.155985363300775,0.242016884709902,-6.67253884011538
"Q9H0U3_MAGT1",0.192626429586699,19.8295330936631,2.03206703673448,0.0791876624848537,0.140494239892482,-6.03723177589044
"Q9H0U4_RAB1B",0.411150579498994,22.8644842206728,5.87097685157507,0.000487771406237789,0.00265765497575053,-0.6225057622505
"Q9H0U6_MRPL18",-0.201757335223036,19.687682689697,-3.55336477627297,0.00838241948234634,0.0236558128248571,-3.71783589691563
"Q9H0U9_TSPYL1",-0.210965635238047,19.891911956147,-2.56075088568461,0.0355859238354144,0.0746957275913532,-5.23457330583809
"Q9H0V1_TMEM168",-0.33646775629391,17.1642867271307,-3.78686866032139,0.00607523432269086,0.0183313978802487,-3.37286490865921
"Q9H0V9_LMAN2L",0.124554534059637,18.9094714428393,1.49486694627904,0.176014547275788,0.26604017673456,-6.79081242606593
"Q9H0W8_SMG9",-0.123525592699007,18.3427300962896,-0.935081742557549,0.379669626122664,0.48815578400736,-7.42857538627359
"Q9H0W9_C11orf54",0.452104033428995,19.1518027531435,4.05347859819008,0.00431023689598872,0.0141197493666035,-2.99723617756515
"Q9H0X4_FAM234A",0.20647203966562,18.2735606304154,2.6511433004894,0.0310683036955067,0.0668874068578283,-5.09512802832891
"Q9H0X9_OSBPL5",-0.671297798561998,16.6890696995712,-7.7623734326194,7.92188858527048e-05,0.000702585130329383,1.38474877472338
"Q9H0Z9_RBM38",-0.720389831724344,17.847715843176,-3.03476937494414,0.0203119694161195,0.0472709303458853,-4.58271727861647
"Q9H115_NAPB",-0.237997968022365,15.7593427360875,-2.35822723238852,0.0606223348916815,0.113897988997935,-5.54325434739687
"Q9H116_GZF1",-0.130812222239641,16.6134858117563,-1.4663529647114,0.18341421666771,0.274726035741505,-6.82774862851137
"Q9H147_DNTTIP1",0.21879464700066,19.1891988018269,3.92701057890212,0.00502702656519122,0.0158546279252834,-3.16902325178073
"Q9H160_ING2",-0.208561046909931,16.8951142397397,-2.15413302842847,0.0658265289273341,0.121556476726925,-5.85513206348473
"Q9H173_SIL1",0.598484534450598,18.9195515140041,8.89476141243142,3.13654540466496e-05,0.000366649688358771,2.40950847067873
"Q9H1A3_METTL9",0.337055973712925,17.9210445248525,2.92960558002677,0.0205346903686083,0.0477009373725437,-4.66541507176689
"Q9H1A4_ANAPC1",-0.192516258950139,19.1348294172743,-3.69035369534062,0.00693323671730039,0.0203394453966852,-3.514673275434
"Q9H1B5_XYLT2",-0.0720649731791916,18.1750084705226,-1.08380844900435,0.312245921472733,0.419234293933798,-7.27977403942593
"Q9H1B7_IRF2BPL",0.291147582054926,19.9407440123531,3.4528144428261,0.00965178523759715,0.0263434124032239,-3.86827956068658
"Q9H1C4_UNC93B1",0.879199830381218,17.8828565080734,10.4895223742537,9.95240480032977e-06,0.000165404640648959,3.67719284469388
"Q9H1D9_POLR3F",-0.106095325632321,19.4247096081963,-1.91937025567346,0.0938659514066559,0.161295841425912,-6.2026136311681
"Q9H1E3_NUCKS1",-0.353720981845594,22.3790095826832,-2.87671996113708,0.0236871600783388,0.05349729358904,-4.78079987595075
"Q9H1E5_TMX4",-0.820589193092442,18.51642215749,-8.56430565454019,4.06685322146521e-05,0.000426489614240076,2.12226971039851
"Q9H1H9_KIF13A",0.21937500671552,16.4945735712824,2.93398095081561,0.0204027231727444,0.0474388134597417,-4.65867684459079
"Q9H1I8_ASCC2",0.346714010145494,19.7022460881156,5.09905288792292,0.00115565234455734,0.00512288538821798,-1.57002721297163
"Q9H1J1_UPF3A",-0.197738428137948,15.830322052901,-2.56132931437104,0.0401627104453812,0.0819591212301741,-5.26434106801113
"Q9H1K0_RBSN",-0.0539221281784137,18.1936478577206,-0.605718265089874,0.562679413082065,0.663021595717076,-7.69461384970703
"Q9H1K1_ISCU",-0.282100938719058,19.5068721899984,-4.43677598708425,0.00258711169165372,0.009458856471876,-2.4497167039397
"Q9H1K4_SLC25A18",-0.834067473937168,16.8901919070736,-6.76447888819335,0.000197083950498848,0.00135861749464716,0.377133170706655
"Q9H1P3_OSBPL2",0.133351072464269,19.0167349006095,1.22747586457308,0.256981380759516,0.359097542662493,-7.12041130104037
"Q9H1U4_MEGF9",-0.0101875765417923,15.9136257689599,-0.109292077819782,0.915854415732607,0.942990842865425,-7.89066651904588
"Q9H1Y0_ATG5",0.0525601019771571,18.7597608972329,0.766561171377633,0.466914424495174,0.572899739005384,-7.57714348072362
"Q9H1Z4_WDR13",-0.0860022289959161,18.4138053522899,-1.29078390562792,0.235357846159106,0.334907366422487,-7.0459879088254
"Q9H201_EPN3",0.0269517957646919,18.7525992297132,0.300784899972997,0.77179346718477,0.836218970610483,-7.84650105939321
"Q9H204_MED28",-0.12611660049248,17.2122406192305,-1.36349754126795,0.212463110225929,0.308154141088451,-6.9576143924604
"Q9H211_CDT1",0.0600215436118212,17.2989888892692,0.601414280776378,0.565393982990243,0.665194983065621,-7.69741875491362
"Q9H223_EHD4",0.060221352328977,20.914467286602,0.906878714802128,0.39283404684888,0.501540812299743,-7.45566551004563
"Q9H267_VPS33B",-0.181010022871,20.5651223377527,-3.78021723758943,0.00613053022587103,0.0184623023622128,-3.38260122806092
"Q9H269_VPS16",-0.465369143454556,18.9552233777562,-7.78164170521306,7.79095951341922e-05,0.000696630239533216,1.40318285647559
"Q9H270_VPS11",-0.0729504577736684,19.3135293443129,-1.25537975543846,0.247251705866653,0.348238631420517,-7.08790775179551
"Q9H293_IL25",0.0576463171806729,17.0753405501872,0.462375708184672,0.657002882367362,0.743565808393558,-7.77806328465235
"Q9H299_SH3BGRL3",0.130876672296377,21.2457051435681,0.797647902273188,0.452834458259562,0.55981879582703,-7.54817195516496
"Q9H2A7_CXCL16",0.256014738391048,15.4401586606376,3.50170386672687,0.0149498577567454,0.037350216519712,-4.01594179531253
"Q9H2C0_GAN",-0.463329194851539,20.0929687348413,-7.56053212102152,9.45205099221877e-05,0.00079582521845278,1.18941769098309
"Q9H2C2_ARV1",-0.12410320169219,16.8760287999842,-1.01534636745086,0.341749166277982,0.449995242196895,-7.35065874215219
"Q9H2D1_SLC25A32",0.376832332513821,18.3234187081163,3.42399940297748,0.0100523770697615,0.0271844438267869,-3.91158655276969
"Q9H2D6_TRIOBP",-0.165178529906122,17.5055622277857,-2.03257153822441,0.0791272852064284,0.140452309125411,-6.03648504125512
"Q9H2F3_HSD3B7",-0.291184406168828,17.2449413869334,-3.13630491067521,0.0151779638272578,0.0377596919815769,-4.34812595078097
"Q9H2F5_EPC1",-0.109010009429486,18.4228680959663,-1.75878579808985,0.119398887401671,0.195294072354681,-6.43249842466518
"Q9H2G2_SLK",-0.289931537738312,19.5168517884971,-5.50798344908207,0.000724623574521387,0.00356942475980413,-1.05790049125451
"Q9H2G4_TSPYL2",-0.0245166785706648,15.3751164260436,-0.222838909354546,0.831765411756979,0.882682755813729,-7.77720160271863
"Q9H2H8_PPIL3",0.048451847262843,21.0911238573507,0.844461572537882,0.424674310008691,0.533021687738703,-7.51178258273718
"Q9H2H9_SLC38A1",0.620438994362974,19.5692646173458,4.82236741131689,0.00179820507644728,0.00716004052574972,-2.01352801444174
"Q9H2J4_PDCL3",0.00933590373351123,20.8919507144868,0.126343206519888,0.902800108085781,0.933422123393845,-7.888395515997
"Q9H2K0_MTIF3",0.0637881296963378,17.1397035004889,0.801285736343982,0.447744234486067,0.554708747189616,-7.54866476793763
"Q9H2K8_TAOK3",0.990754750229261,19.239440127652,15.6650150052972,5.63431014908112e-07,2.51896497600732e-05,6.81731351949967
"Q9H2M9_RAB3GAP2",-0.0385664496633993,20.1723235947389,-0.836083632932996,0.429084178361608,0.537409656548901,-7.51906502165295
"Q9H2P0_ADNP",-0.138787957903112,19.9645219298118,-2.56671298886335,0.0352681085060476,0.0741746050973132,-5.22538316713043
"Q9H2P9_DPH5",-0.399680705553255,19.5616467634284,-5.93277954568775,0.000456743461126783,0.00252115794968538,-0.550122631555557
"Q9H2U1_DHX36",-0.0864642813541963,20.5208441485739,-1.37207757924404,0.209893723030529,0.305296330397335,-6.94699245279515
"Q9H2U2_PPA2",0.389154242697007,22.0994596585036,6.43591635575245,0.000272105338372764,0.00171495903698251,0.0209665446130494
"Q9H2V7_SPNS1",-0.479996832456067,18.43596821658,-4.0127378986303,0.00453024750449858,0.0146455890638793,-3.05263936401085
"Q9H2W6_MRPL46",-0.196717255681818,20.8550531819989,-4.00810007033748,0.004511224720791,0.0146075023254753,-3.05223588525294
"Q9H2Y7_ZNF106",-0.458656401320148,17.2050650303855,-5.73907076337608,0.000562125066250814,0.0029500016770593,-0.778678128831704
"Q9H300_PARL",0.433590831763933,18.6600175562045,7.34887800256964,0.000114214497519954,0.000905777835622453,0.980117412382477
"Q9H307_PNN",-0.0755551805894719,21.4717962991623,-0.97863959814706,0.358436245375525,0.466901532781716,-7.38722371714072
"Q9H329_EPB41L4B",0.590083984687769,17.095357941779,7.43821696618743,0.000105390528921142,0.000851702530234811,1.0690310921138
"Q9H330_TMEM245",0.611445483102525,18.7639615089163,7.51056868754128,9.88014788654135e-05,0.000817464616803124,1.14042839819119
"Q9H334_FOXP1",0.927927564071155,16.4865390115966,8.1767838133304,5.57537403726294e-05,0.000541882860034115,1.77330959041394
"Q9H3C7_GGNBP2",-0.18749338141912,16.6885937397446,-2.50838639440187,0.0385066577612951,0.0793552772401208,-5.31522653605548
"Q9H3F6_KCTD10",-0.0181814618819587,16.8808062305365,-0.131507310602185,0.898852560028958,0.930876161124544,-7.88764314582625
"Q9H3H1_TRIT1",-0.0307368472843841,17.022622410077,-0.368569979715201,0.722691578822809,0.796335704828534,-7.82119182579985
"Q9H3H3_C11orf68",0.372123298220689,19.2097508742756,4.24718056728518,0.00329722828264159,0.0114630787725307,-2.71305679667052
"Q9H3H5_DPAGT1",0.398220668288943,18.9863292305425,2.81905383806157,0.0253898740074843,0.0566566219460646,-4.86081641348653
"Q9H3K2_GHITM",0.357849754229679,21.3187554000819,2.8752614171687,0.0236858554249192,0.05349729358904,-4.78187724789378
"Q9H3K6_BOLA2B",-0.0663024304137068,22.2388596227992,-1.18104090234661,0.273883496708639,0.376793113611219,-7.17341585990956
"Q9H3L0_MMADHC",0.0827474348982413,18.0484439465027,1.09819687411108,0.306310155477117,0.412714335322974,-7.26444586357721
"Q9H3M7_TXNIP",-0.515939010506866,18.7534739160671,-5.57200369980533,0.000674929867756948,0.00337464933878474,-0.979819957201571
"Q9H3N1_TMX1",-0.0502566769199397,22.813916804518,-1.02065901927291,0.339384533708593,0.447652650138405,-7.34528189098648
"Q9H3P2_NELFA",0.148364600637091,20.3377967794788,3.13872858895389,0.0151247074623328,0.037688522995285,-4.34442061164395
"Q9H3P7_ACBD3",0.136508327669471,20.0440649073764,2.45425510756002,0.0417845014820401,0.0845707682732785,-5.39845465645616
"Q9H3Q1_CDC42EP4",-0.117116388378854,19.5136898359154,-1.57778531563961,0.156005128561203,0.242016884709902,-6.6812835938129
"Q9H3Q3_GAL3ST2",-2.44651836359466,17.4339599291161,-18.9546821848824,0.000128893908255708,0.000983427074465957,2.262173585721
"Q9H3R5_CENPH",-0.349922694549985,17.6019665658974,-5.24226978081968,0.000978826825463107,0.00451062753506055,-1.38800961222095
"Q9H3S7_PTPN23",-0.245115785344392,19.7602565269829,-5.11052953405379,0.00114025570058071,0.00506522651420079,-1.55533458123834
"Q9H3U1_UNC45A",-0.0697715111216972,20.9272358381692,-1.4109400398863,0.19859429112688,0.292704380033586,-6.89839001878417
"Q9H3Y8_PPDPF",-0.26786683397588,19.3313503329835,-3.3093805274228,0.0118304701129259,0.0309475501800078,-4.08464811922326
"Q9H3Z4_DNAJC5",0.42578455228983,18.7551967736809,5.09839996470793,0.00115653514503085,0.00512288538821798,-1.57086365894609
"Q9H410_DSN1",-0.242011680157827,17.9011335652401,-3.53624008564365,0.0085853018446459,0.0241392543590724,-3.74338148786462
"Q9H425_C1orf198",-0.249446872690417,17.8298276849961,-2.1071961328599,0.0706776753089044,0.128497605584328,-5.92547470016799
"Q9H444_CHMP4B",-0.144920860261585,21.4208321726004,-2.73292097627712,0.0274915327217758,0.0603771237167411,-4.96885613303799
"Q9H446_RWDD1",0.0643160264899976,19.3249942659177,1.00936596338536,0.344426258768083,0.452196247343636,-7.35668599024291
"Q9H467_CUEDC2",-0.159092220481512,17.4242622742466,-2.27694436088656,0.0546461075100932,0.104782917460412,-5.66949183417613
"Q9H469_FBXL15",-0.236540861361952,17.0287777029962,-2.6281173678241,0.0321598333989407,0.0687529145750113,-5.13066834136246
"Q9H477_RBKS",0.0532479244746007,18.4125791629519,0.484115617078091,0.642200545312073,0.73159045492392,-7.76675139281876
"Q9H479_FN3K",0.235937331852551,18.2282419759354,3.48445478177397,0.00923149254933767,0.0254415142536721,-3.82082404291993
"Q9H488_POFUT1",-0.0142452416489647,19.366379097037,-0.245871164646579,0.812413580822915,0.867169927871463,-7.86332989135526
"Q9H490_PIGU",-0.0105935149062191,18.5879937124512,-0.117222967338305,0.909778857011831,0.938631492827996,-7.88965095370854
"Q9H497_TOR3A",-0.106363128213498,18.8191579722017,-1.11307132061815,0.300269393842111,0.406509565419327,-7.24844697900851
"Q9H4A3_WNK1",-0.329615405439942,19.1446801845212,-5.9093430293398,0.000468244219241435,0.00256611258501847,-0.577512551181986
"Q9H4A4_RNPEP",-0.310147750868975,22.179728066437,-5.11260183218397,0.00113749975239944,0.0050588630640452,-1.55268357077002
"Q9H4A5_GOLPH3L",-0.0911913537575515,19.2785865911942,-1.36003934882692,0.213506450027122,0.309256690120756,-6.9618842744655
"Q9H4A6_GOLPH3",0.82655686068512,20.8723455064721,9.93963010212081,1.45169822612991e-05,0.000216762362085218,3.26070561420339
"Q9H4B0_OSGEPL1",0.0579979246927813,15.2808487397162,0.42606086773584,0.689846989104766,0.770809738629924,-7.16056336766683
"Q9H4G0_EPB41L1",-0.647486932282224,17.9724116822956,-9.49112197230211,2.00256950830847e-05,0.000268119857986309,2.9054331589366
"Q9H4H8_FAM83D",-0.473001732005358,18.8044467238463,-7.60181206126243,9.11398248841555e-05,0.00078200220116652,1.22970031881833
"Q9H4I2_ZHX3",0.608403185439098,17.6453133230599,8.02951016746275,6.30597817211512e-05,0.000594386148119336,1.63709704640553
"Q9H4I3_TRABD",-0.266885443330427,18.0661737868554,-2.78024925759525,0.0256192293019078,0.0569751125596991,-4.89577566619487
"Q9H4I9_SMDT1",0.797856416412341,17.6128278790062,9.094158029758,2.6920739350665e-05,0.000328768454210598,2.57844784239188
"Q9H4K7_MTG2",0.202457097909587,15.7167099018201,2.20165074091613,0.0612524582874161,0.114837545620096,-5.78355721896376
"Q9H4L4_SENP3",0.094660253269474,19.3961333571143,1.35810713528226,0.214091345724233,0.309751767233491,-6.96426716595597
"Q9H4L7_SMARCAD1",-0.0863787216452003,18.1581821210025,-0.405705024683885,0.697565556064267,0.776932089959482,-7.80414683332359
"Q9H4M3_FBXO44",0.264270832204264,15.9668431370556,2.56992436723514,0.0350981326493449,0.0738984368229804,-5.22043253692666
"Q9H4M9_EHD1",-0.231656405099162,21.116325048313,-3.44399235533503,0.00977258785068661,0.0266066360820866,-3.8815296329427
"Q9H4Z2_ZNF335",0.456133291024674,16.1315314997146,3.92143363507077,0.00506477709634634,0.0159408072875948,-3.17708701639083
"Q9H4Z3_PCIF1",0.457927263053808,18.4896685301146,6.11482953672722,0.000377376015357294,0.00220422383909592,-0.339786775718101
"Q9H501_ESF1",-0.380823813318287,19.0386006440245,-5.47777486592805,0.000749467116522239,0.00366347577097987,-1.09493828073221
"Q9H553_ALG2",0.44461840153415,18.6212155421056,5.64045661203192,0.000625930258248344,0.00318167342041794,-0.89695010702539
"Q9H582_ZNF644",-0.0141884812757418,16.476912229356,-0.140585901268156,0.891920119436344,0.925978383326713,-7.88624776061715
"Q9H583_HEATR1",-0.377205636137408,21.4589124259457,-2.26979302734717,0.0597714564749729,0.112641581923487,-5.70923462629402
"Q9H5H4_ZNF768",-0.0145402216451593,17.7615928748822,-0.143711125965955,0.88953597010549,0.924232466900852,-7.88574598004281
"Q9H5I1_SUV39H2",0.0998522242701441,16.9669033627854,0.832503464596585,0.434832225640281,0.543273797192343,-7.42690359171262
"Q9H5J4_ELOVL6",0.255976132806691,15.3381462237706,1.74092140097778,0.149286890241215,0.23411246685007,-5.86223756187012
"Q9H5K3_POMK",0.0786395185005198,16.993771302837,0.966587145049301,0.364048904515757,0.472441669499739,-7.3990034202822
"Q9H5N1_RABEP2",0.29811538154534,18.9296339694517,5.19235166507818,0.00103682135685098,0.00470570637683012,-1.45112359710227
"Q9H5Q4_TFB2M",0.678318363406458,20.2298896657417,6.47525150616128,0.00028554167453154,0.00177910847741941,-0.00642051705326629
"Q9H5U6_ZCCHC4",-0.303802717729905,17.9130410382804,-0.407396688445982,0.703463954178044,0.781456252497987,-7.73742293010617
"Q9H5V9_STEEP1",0.411271770212416,18.5129339963458,4.14528015843927,0.00376464177549134,0.0126787164641548,-2.85666596362833
"Q9H5X1_CIAO2A",0.261701115369892,20.0504625701457,5.15111704381994,0.00108759201089318,0.00488521793377107,-1.50352306782179
"Q9H5Z1_DHX35",-0.0802759780487818,17.3166778102133,-1.02031886885729,0.339535551344625,0.447697359439403,-7.34562678674335
"Q9H633_RPP21",-0.0417789447315258,18.4122119091579,-0.54533627401885,0.601447752763682,0.69646593000278,-7.73229207971635
"Q9H668_STN1",0.0850334117356315,15.53970440053,1.28082149869586,0.238654268329363,0.338499421405934,-7.05785928674597
"Q9H6A0_DENND2D",0.13089631080415,17.5789843770414,1.28910783011696,0.235909695815771,0.335404210351463,-7.04798924089675
"Q9H6D7_HAUS4",-0.271068896776637,18.5308989818037,-4.50447532958584,0.00237555539680563,0.00890687641421237,-2.35691655810519
"Q9H6E4_CCDC134",0.0611146139619798,18.248449230434,0.537988973925283,0.606263673230512,0.701193007843762,-7.73662857679624
"Q9H6E5_TUT1",-0.308783291574994,17.8783631698261,-3.8254594301835,0.00576485170572119,0.0176289165160954,-3.31648467904995
"Q9H6F5_CCDC86",0.123183490815261,20.3917447793433,1.36743909387177,0.211279373705965,0.30675250422298,-6.95273976782547
"Q9H6H4_REEP4",0.0406788508583169,18.6553481577414,0.695308407739198,0.507946272723691,0.613273729465038,-7.6321721658953
"Q9H6K1_ILRUN",0.5166904739493,17.7736328890001,4.44631794341262,0.00255608492467304,0.00937231139046783,-2.43659744935075
"Q9H6K4_OPA3",-0.173037307475457,18.9734987886388,-2.45553618454462,0.0417037273828807,0.0844552114040537,-5.39648700570953
"Q9H6K5_PRR36",-0.353982748505967,17.6053335804375,-2.99560527139979,0.0186356986044968,0.0441538059532334,-4.56385932451688
"Q9H6L4_ARMC7",-0.175472535744436,16.4745992215521,-1.47466031238629,0.181230059686913,0.271880652728896,-6.81702762588326
"Q9H6L5_RETREG1",0.21675808097825,15.7963447185963,2.67718432836858,0.0298798238178423,0.0646930764903439,-5.05492404014078
"Q9H6P5_TASP1",-0.0623533756703623,16.5297535603514,-0.693628262873473,0.508940943609558,0.614077977145616,-7.63341327295077
"Q9H6Q4_CIAO3",-0.5156665782728,18.4086155107168,-6.78603208916108,0.000193037028429922,0.00134038881230405,0.400053075371835
"Q9H6R0_DHX33",0.261494909329805,18.611984533506,2.36167513624228,0.0480638587911568,0.0947540866317298,-5.54033085508935
"Q9H6R3_ACSS3",0.444718727985794,19.623456580772,6.01831343750267,0.000417354903633549,0.00236521737455781,-0.450766720892757
"Q9H6R4_NOL6",-0.118994587575799,20.0988143507648,-1.92871149848104,0.0925549671763159,0.159473230575374,-6.18902031925198
"Q9H6R6_ZDHHC6",0.00619429806413407,16.9449924960609,0.0435638437439901,0.966395899868577,0.977390746725132,-7.89635070301925
"Q9H6S0_YTHDC2",0.412818135028459,19.4401554799513,8.18333742040827,5.54514178801011e-05,0.000540722053180322,1.7793240327648
"Q9H6S1_AZI2",-0.0224370932918685,15.4283238763799,-0.254884387123021,0.806738677452473,0.862694868460672,-7.8006090935703
"Q9H6S3_EPS8L2",-1.93050814870656,20.3635340616277,-27.7190936311005,8.55331854913917e-09,1.9399096381899e-06,11.1896844427611
"Q9H6T0_ESRP2",0.450089981571477,20.2979644459934,6.57554747828653,0.000236903390895175,0.00156397614055935,0.173897706512319
"Q9H6T3_RPAP3",-0.35680065659156,19.300005230003,-6.23322324985777,0.000334034883728432,0.00200289936165009,-0.205269340734188
"Q9H6U6_BCAS3",0.172524697452129,18.6707284356607,2.29792109870021,0.0529363720746812,0.102420705817841,-5.63758735324048
"Q9H6U8_ALG9",0.00797898052327639,17.9214144521318,0.117680495445253,0.90942855269683,0.938523391653248,-7.88959020449091
"Q9H6V9_LDAH",0.192591953700237,18.416624670383,2.09290840560491,0.0722234646668951,0.130686008846962,-5.94681083677287
"Q9H6W3_RIOX1",-0.265246942603195,18.6999810217421,-4.49668741353391,0.00239890078985931,0.00895925575890298,-2.36755879659593
"Q9H6X2_ANTXR1",0.328455224573233,16.3879983260935,3.83800808512804,0.00566764745513278,0.0174503281492107,-3.29819164881475
"Q9H6X4_TMEM134",-0.132799523264326,15.8157973563078,-1.32555691150836,0.224156248830678,0.321756387966679,-7.00409916660428
"Q9H6Y2_WDR55",-0.00354255842618656,19.397898596506,-0.0478585582843811,0.963085798839417,0.975771912191039,-7.89612842213178
"Q9H6Y7_RNF167",-0.0637304433279198,16.9646887067916,-0.517843491509217,0.619574711343362,0.712063840682502,-7.74823895215656
"Q9H6Z4_RANBP3",0.117064372864284,20.0421050291275,2.33952992925834,0.0497027690347513,0.0974172505665833,-5.57415971667189
"Q9H6Z9_EGLN3",0.176548705472921,16.721851047071,1.50819092033936,0.198814743278667,0.292971995444374,-6.54519507863369
"Q9H773_DCTPP1",-0.108817811795436,21.8270678435969,-1.60575419983286,0.149739599171619,0.234629890483097,-6.6436672628758
"Q9H788_SH2D4A",0.142592765160042,16.9058313082085,1.41359430297096,0.197842497633323,0.2920459344288,-6.89504169189352
"Q9H792_PEAK1",-0.0441884913682919,16.221196192167,-0.234411209708256,0.82132664851971,0.874518416146683,-7.86621882552834
"Q9H7B2_RPF2",0.0182505948212572,19.8205768673185,0.159471799861168,0.877632060826293,0.916347596970364,-7.88300768325293
"Q9H7B4_SMYD3",0.0988040167643689,18.8820445552648,1.22924572987428,0.256354822226583,0.358353010773857,-7.11836400322267
"Q9H7C9_AAMDC",0.596788437113318,19.624609409184,9.61631604490288,1.82819241690667e-05,0.000252283953560496,3.00607358637189
"Q9H7D0_DOCK5",0.609762182065182,17.4870512380718,7.24575789175093,0.000125442330832367,0.000964795391562822,0.876438564938448
"Q9H7D7_WDR26",-0.18056488211996,20.1235070883643,-3.35189417990176,0.0111346677526466,0.0294752544906453,-4.02031338236992
"Q9H7E9_C8orf33",0.0771180400414053,19.9923361945597,1.52287035383429,0.169010360507736,0.25765616732679,-6.75416665838956
"Q9H7F0_ATP13A3",0.175870381653887,16.2615290507638,2.26282730867863,0.0558278819007891,0.106579285634202,-5.69093388402994
"Q9H7H0_METTL17",-0.316549691934497,17.7399655306677,-2.68985320041634,0.0293187286536,0.0636585289851667,-5.03536226408359
"Q9H7L9_SUDS3",0.0999846264771378,19.5463346790862,1.93020899326089,0.0923464596549921,0.159221624732164,-6.18683912547256
"Q9H7N4_SCAF1",-0.196549744103582,18.0473245872903,-2.25204587628387,0.0567476755029345,0.107999994826969,-5.70729303291356
"Q9H7P9_PLEKHG2",-0.142148240884087,15.643778792236,-2.42963553271288,0.0433681535811209,0.0872196964156372,-5.43624725071361
"Q9H7S9_ZNF703",-2.19023594593327,16.8685447729115,-16.65489471889,6.90015511685618e-06,0.000129426914738603,4.73592760681722
"Q9H7U1_CCSER2",-0.207027003579025,15.9494158034753,-1.36398317129867,0.21925739529606,0.316149148819007,-6.89509978062286
"Q9H7X0_NAA60",-0.0149223534865879,15.2483978610446,-0.111394773933935,0.916143315852092,0.943161277900518,-7.26141157125693
"Q9H7X7_IFT22",-0.161471977958993,17.7300045720964,-2.22886407386044,0.0587771594296968,0.111198065785705,-5.7424172900321
"Q9H7Z3_NRDE2",-0.188400255487046,18.1824537858736,-2.94778331300908,0.0199922203979024,0.0467609738855774,-4.63742570502956
"Q9H7Z6_KAT8",-0.166189484843692,18.7179957283901,-2.31507369688627,0.0515784213472841,0.100233104016265,-5.61146245261904
"Q9H7Z7_PTGES2",0.629642742315301,20.8041672518015,11.7254522994992,4.52604093470432e-06,9.74692477346889e-05,4.54456585184746
"Q9H814_PHAX",0.178179864593332,20.2241867498578,2.48128609064242,0.0401134970897098,0.0819091039665683,-5.35691505313595
"Q9H816_DCLRE1B",0.0970161030762178,17.0301800702791,0.992201757753747,0.352199615038652,0.460425112341055,-7.37383396396596
"Q9H832_UBE2Z",0.070971588020516,21.8119383463604,1.1425328107736,0.288588773726067,0.392922738225429,-7.21630710221091
"Q9H840_GEMIN7",-0.0502741432376226,18.30177694747,-0.462386339269586,0.656995603082758,0.743565808393558,-7.77805787273839
"Q9H845_ACAD9",0.330996475287279,21.3453196539156,7.14642262435409,0.000137436441105588,0.00102860667381489,0.775484777204072
"Q9H857_NT5DC2",0.0560340186106991,18.9928874763537,0.703375216457241,0.503187845035058,0.60897120077458,-7.62617662232956
"Q9H867_VCPKMT",-0.241530573464942,16.4199673058285,-2.55588997867202,0.0404697383940477,0.082438355987875,-5.23750381873778
"Q9H871_RMND5A",-0.0782058499386693,17.8586524782672,-1.21013228197972,0.263189505107008,0.365700430124151,-7.14036948268919
"Q9H875_PRKRIP1",-0.330155382097193,17.5338549940475,-3.59887475110143,0.00786782682244475,0.0225110539137688,-3.6501044566075
"Q9H892_TTC12",-0.113313188744463,16.5411387161772,-1.37777972849669,0.208201232384899,0.30335399687108,-6.93991132349872
"Q9H8G2_CAAP1",-0.0365728033705786,17.9710039621061,-0.556197114815748,0.594367329876415,0.68972954415683,-7.72578247053114
"Q9H8H0_NOL11",-0.443881945213796,19.9014248763723,-4.95818626944083,0.0013645129757385,0.00583428506684609,-1.75189051205618
"Q9H8H2_DDX31",0.32041247375232,18.8777063440504,3.89103853915239,0.00527598825007822,0.0164498083898238,-3.22110650885348
"Q9H8H3_METTL7A",0.129020752156318,19.392109155582,1.67280124930262,0.135654427445465,0.216608522699796,-6.55221522661844
"Q9H8K7_PAAT",-0.160085214938679,16.302167727244,-1.05263124721374,0.325654317678684,0.43290336613694,-7.31225676519964
"Q9H8M1_COQ10B",0.285466908543208,15.7538247289937,3.21774355555186,0.0134924724751679,0.0342492614618774,-4.22385460280726
"Q9H8M2_BRD9",0.30486228709243,17.8344396618308,3.54405299525742,0.00849209403137794,0.0239299885255748,-3.73172268059338
"Q9H8M5_CNNM2",-0.244199936461891,15.440293323343,-2.72064497777339,0.0381238584239456,0.0788360556264712,-5.04628301045694
"Q9H8M7_MINDY3",-0.318970460350521,18.5390272938711,-3.78807495292564,0.00606526370234678,0.0183204033996212,-3.3710997310629
"Q9H8S9_MOB1A",-0.186038510523943,18.36342054628,-2.95594937095425,0.0197534368564446,0.046337841291046,-4.62485633420762
"Q9H8T0_AKTIP",0.387488497497234,17.953804516911,4.90113553830667,0.00146064721042501,0.00614959278893546,-1.82634887382457
"Q9H8U3_ZFAND3",0.794500395617984,16.4192020811836,6.52372714252784,0.000249338602798727,0.00162324183745632,0.117415302128386
"Q9H8V3_ECT2",0.287238962626269,18.9930716112126,4.5234759149327,0.00231963447878312,0.00874438145478153,-2.33098840281921
"Q9H8W3_FAM204A",-0.0511495770793005,18.2584018707393,-0.58548398059028,0.578100651343651,0.675673364855865,-7.68047912958429
"Q9H8W4_PLEKHF2",0.935380209469958,20.4990853153804,15.7091970669232,5.52026833333365e-07,2.48249714166681e-05,6.83941153686234
"Q9H8Y5_ANKZF1",-0.093821809989592,18.3901223813357,-1.44011438071128,0.190468310776429,0.282743735123456,-6.86138948534068
"Q9H8Y8_GORASP2",0.409815661545132,20.5757597693092,3.6072385212703,0.00829949649559204,0.0234564327943812,-3.67908773676556
"Q9H900_ZWILCH",-0.0114071610200028,18.8481797527581,-0.147118122005917,0.886938245314493,0.922449556590126,-7.88518646040452
"Q9H910_JPT2",-0.520774880982593,22.4731614005666,-11.4158637932156,5.47363303078811e-06,0.00011248904440961,4.3355994231707
"Q9H920_RNF121",0.0280486450004851,16.4649904913482,0.130382887312912,0.899913746881279,0.931848922512173,-7.88774197187602
"Q9H936_SLC25A22",0.759580605525805,19.8410152707021,4.42867686515118,0.00336796083626274,0.0116559803500356,-2.64099994075536
"Q9H939_PSTPIP2",-0.130458848069534,17.2457334916043,-1.52801495914279,0.167751382756506,0.256184442903213,-6.74739534175136
"Q9H944_MED20",0.226047225671103,19.1004791654125,2.37234658439004,0.0472937244634969,0.0935231566278928,-5.52401291277559
"Q9H967_WDR76",0.132296536215257,18.0680943237615,1.89430690928611,0.0974727925496934,0.165927298829304,-6.23897447863231
"Q9H972_C14orf93",-0.79786903789979,16.396575911473,-4.22354842456118,0.00684396102578558,0.0201393695312282,-2.62402247883856
"Q9H974_QTRT2",0.0601331385409622,19.2540494923776,0.521891163348756,0.617193161534272,0.710287779607031,-7.74562400895504
"Q9H977_WDR54",0.35228519580107,17.7845982941375,4.32079891043863,0.00299897401109628,0.010629186979523,-2.61020371547024
"Q9H981_ACTR8",-0.299925364311466,17.8205200225325,-4.03584232530038,0.00434817108730983,0.0142001826564033,-3.01248071661075
"Q9H993_ARMT1",-0.861104503141014,23.7053598854971,-15.956502879575,4.92816151783565e-07,2.32566634591688e-05,6.96193536997201
"Q9H999_PANK3",0.303975785151415,17.1318904661319,2.64182468473985,0.0315053668630404,0.067580956696954,-5.10951238582448
"Q9H9A5_CNOT10",0.0980357643835532,18.6616253263417,1.77054792581714,0.117323650360012,0.192783327734898,-6.41592521530314
"Q9H9A6_LRRC40",-0.171244635496745,20.1254036624631,-3.39501886769565,0.0104732352729514,0.0280939942672679,-3.95522568902141
"Q9H9A7_RMI1",0.189593972765532,16.5538225593176,2.244493819941,0.0574009999471616,0.109053341102398,-5.71874334125415
"Q9H9B1_EHMT1",0.272215010684008,19.1337084562456,3.42348201464865,0.0100597302444498,0.0271947092357916,-3.91236491339004
"Q9H9B4_SFXN1",0.364736692192572,23.3722267577502,5.9945207955463,0.000427918753433374,0.00240546975735158,-0.478308971614766
"Q9H9C1_VIPAS39",-0.13669758484707,20.3108099012686,-1.70362879254604,0.129601244945926,0.208721617360776,-6.50959424680507
"Q9H9E3_COG4",0.13539765037839,19.9232402211204,2.115050879497,0.0698418537509328,0.127401806711019,-5.91372944688418
"Q9H9F9_ACTR5",-0.147644965963387,20.0897627527287,-1.97914170532821,0.0857786443541362,0.149755134982272,-6.11526459983364
"Q9H9G7_AGO3",-0.561501053314823,16.2377984350478,-2.51548795507829,0.0754563258706458,0.135413993258471,-4.76813689503191
"Q9H9H4_VPS37B",0.949328506219473,17.2422264384656,11.3322064259409,5.76676072897301e-06,0.000116631972944441,4.27821814851997
"Q9H9H5_MAP6D1",-0.127904728146049,16.44014929273,-1.23622077758789,0.253898041245379,0.355568881722096,-7.11027660342645
"Q9H9J2_MRPL44",-0.251753884037516,20.1423516867583,-4.48129019803068,0.00244579801922969,0.00909441919115318,-2.38862461165791
"Q9H9J4_USP42",-0.251714650486678,15.9901089448882,-3.21379930911652,0.0135693561560288,0.0344104502928761,-4.22986180691328
"Q9H9L3_ISG20L2",-0.283484567018252,17.5212158858879,-2.42951631130342,0.0433759693619689,0.0872196964156372,-5.43643016018647
"Q9H9L4_KANSL2",0.0121278073424005,15.2774379164494,0.14417604455689,0.890537102501713,0.925021215845869,-7.79247980098557
"Q9H9P8_L2HGDH",0.107221015519176,20.3475745362978,2.11760661327076,0.06957201379108,0.127000488403249,-5.90990549527695
"Q9H9Q2_COPS7B",0.146435755622147,19.3927987175052,2.29580480404702,0.0531063936539506,0.102654457518193,-5.64080840545888
"Q9H9Q4_NHEJ1",0.121036890521903,18.0425422305003,1.49806726709575,0.175201027853005,0.265177560470446,-6.78664279810287
"Q9H9R9_DBNDD1",-0.739265682524332,15.7705344888495,-6.82817465679789,0.00160894360033088,0.00659823202721362,-1.14497906548877
"Q9H9S4_CAB39L",2.05959630032153,18.4104894427268,25.5144950079498,1.57761635271705e-08,2.6219297862004e-06,10.576004972326
"Q9H9T3_ELP3",-0.382470105883115,19.1976618871263,-6.58345428395985,0.000235067495113093,0.00155725065592239,0.182487638460271
"Q9H9V9_JMJD4",-0.0637749378881143,15.4397945533543,-0.5794079414546,0.585417830498239,0.681724191037173,-7.61397340727335
"Q9H9Y2_RPF1",-0.373368190447358,18.7062800164231,-2.3971159143053,0.0474326930210289,0.0936545092021511,-5.50258263372233
"Q9H9Y6_POLR1B",-0.500411149437507,19.5296642162149,-8.81001133802581,3.34997382614028e-05,0.000380875834702095,2.33671845393071
"Q9HA47_UCK1",0.627925190805581,19.2114889539649,7.78938211682271,7.7390466260775e-05,0.000692798728997219,1.41057784958407
"Q9HA64_FN3KRP",0.455942263014776,19.3674974474117,4.06658483560363,0.00432346814977704,0.0141554235567647,-2.99249322985344
"Q9HA65_TBC1D17",-0.302246076471413,18.5059234803061,-5.61823431348274,0.000641391457233087,0.00323659253501449,-0.923783054274862
"Q9HA77_CARS2",-8.74317718917439e-05,18.8328959555542,-0.00153808004249829,0.998813137036835,0.998943803328965,-7.89742393247778
"Q9HA82_CERS4",-0.0950041344311661,15.9568486154605,-0.90420462752451,0.394161462474701,0.502478636087892,-7.45813595081983
"Q9HA92_RSAD1",-0.0764755446547554,16.4020350075163,-0.576065017643273,0.587521773412913,0.68365357043253,-7.61612323988217
"Q9HAB8_PPCS",-0.295832713890331,20.891159460427,-6.39232111183206,0.000284261216521031,0.0017740220410639,-0.0272650920485882
"Q9HAC8_UBTD1",0.000160147995506676,15.1080001128581,0.00272295199667818,0.997898829903568,0.998421221648053,-7.89742107341795
"Q9HAD4_WDR41",-0.60713442832628,17.8229790225896,-8.55366845997515,4.10156886785167e-05,0.000428073803155981,2.11286882163547
"Q9HAF1_MEAF6",-0.00773612798220213,18.1762234692435,-0.114539264628537,0.911834047397136,0.939737300128216,-7.89000253988739
"Q9HAH7_FBRS",-0.478044425137707,17.6442690878628,-4.27068339625398,0.00319863907048991,0.0111766557109327,-2.68013839495919
"Q9HAJ7_SAP30L",0.127881436226517,17.4766089164874,1.60359138462341,0.150215719749029,0.235035944718508,-6.64658764739978
"Q9HAN9_NMNAT1",-0.0345212273154942,18.2399001443977,-0.50134896343744,0.630587402373257,0.721358774673582,-7.75743796915704
"Q9HAP2_MLXIP",0.0517066301508944,15.5553391815331,0.767331091555362,0.466483461266045,0.572710143147409,-7.57652367411659
"Q9HAS0_C17orf75",-0.0225604830873465,18.7449689676561,-0.317013972950591,0.759925911649451,0.827588393759174,-7.84089516939623
"Q9HAT2_SIAE",0.0912489552297409,17.6670968753019,1.13033945016507,0.293377497359914,0.398378502187664,-7.22968103452587
"Q9HAU0_PLEKHA5",-0.218883992588932,17.6104578171372,-2.49746412052745,0.0391461969659673,0.0803848175677734,-5.33203308193341
"Q9HAU4_SMURF2",0.521863320881277,16.552983894688,6.29807184605094,0.000312662266271472,0.00189706589336937,-0.132335543418461
"Q9HAU5_UPF2",-0.217428276037325,25.7636746530689,-4.53139841596833,0.0022967444647996,0.0086623638053246,-2.32019258368437
"Q9HAV4_XPO5",0.19932619300053,21.5310434141053,3.50277097938172,0.0089971757098927,0.0249667543746387,-3.7934003598753
"Q9HAV7_GRPEL1",0.472269541049389,21.4252377472222,8.16457122603801,5.6322058715563e-05,0.000545040682127188,1.76209113590757
"Q9HAW0_BRF2",0.02378607146251,15.4868184327952,0.239193496034833,0.817398024273621,0.871184705921069,-7.86514977638767
"Q9HAW4_CLSPN",-0.255207110964708,16.304875516041,-3.13490766453165,0.0152087561037808,0.0378116879393185,-4.35026225593705
"Q9HAY2_MAGEF1",0.4584032360971,16.093048882385,4.72297069743057,0.00267184604444876,0.00970368789064645,-2.3213301759106
"Q9HAZ1_CLK4",-0.0531796997193155,16.3689521402521,-0.570694050081632,0.584988882271039,0.681328459013116,-7.7169096903389
"Q9HB07_MYG1",-0.0378068658689195,21.5552761850315,-0.662839241575312,0.527386144854104,0.630794984921674,-7.65568715791894
"Q9HB09_BCL2L12",-0.430763068321259,17.441086467726,-4.22111180589097,0.00341046828602592,0.0117867976607189,-2.7496590063273
"Q9HB20_PLEKHA3",0.263093065323027,15.5534703219025,2.78734969307023,0.043800209160505,0.0878417101343286,-5.00297696850614
"Q9HB21_PLEKHA1",0.256937243280706,16.9975259318854,2.25143004338046,0.0568006705347642,0.108047058033907,-5.70822702211835
"Q9HB40_SCPEP1",1.09450459773279,19.4289975508926,10.2069563860139,1.25659832345985e-05,0.000194608376869713,3.42953543886455
"Q9HB58_SP110",-0.564291619291344,15.8407924012224,-3.91945078603706,0.0070893230815455,0.0207099254713089,-3.37804416108563
"Q9HB66_MKKS",0.114044496226075,19.5455347070268,0.931989328455733,0.381486985550582,0.489997984632762,-7.43115513225196
"Q9HB71_CACYBP",-0.0160571929369766,23.8846729750144,-0.129246665984288,0.900808556742317,0.932144209027479,-7.8879004505182
"Q9HB90_RRAGC",-0.149006697244992,18.1546575153473,-1.54541090583427,0.163557131915917,0.251234533553784,-6.72441100879305
"Q9HBD1_RC3H2",0.22467783859739,16.1759074246966,2.46158832718893,0.0413242765460393,0.083777272393124,-5.38718988063914
"Q9HBE1_PATZ1",0.161650462574944,18.5505885336529,1.41093807420684,0.198594848820695,0.292704380033586,-6.8983924971229
"Q9HBE4_IL21",0.152272173129088,18.9443807686395,2.11762505635788,0.0695700702854956,0.127000488403249,-5.90987789612152
"Q9HBF4_ZFYVE1",-0.126161861651056,17.100303901465,-1.55694175367855,0.160829854352182,0.247941971470545,-6.70910224344899
"Q9HBG6_IFT122",-0.517737959094337,16.420919815744,-5.75799071732742,0.000924637323364525,0.00431944501532637,-1.10386305463437
"Q9HBH0_RHOF",-0.0226578808812867,18.4816192501119,-0.356996826613475,0.730985160268632,0.8032979092363,-7.82586439173271
"Q9HBH1_PDF",0.500444464911805,19.0872723858689,6.98254414238331,0.00016012863153923,0.0011565159463807,0.606573631649649
"Q9HBH5_RDH14",0.0215232517613835,19.6936055302921,0.294723213286374,0.776242953145283,0.839374452163464,-7.8485211816906
"Q9HBI1_PARVB",-0.590160189417315,17.2816745022448,-5.64065377771457,0.0006257949405772,0.00318167342041794,-0.896712332481728
"Q9HBL7_PLGRKT",0.642107727397789,18.830351355425,7.50756934333386,9.90652886452217e-05,0.000817877032065572,1.13747937352015
"Q9HBL8_NMRAL1",0.170128084350935,18.7147697935641,2.37056015918552,0.0474217704042324,0.0936545092021511,-5.52674528873051
"Q9HBM0_VEZT",0.281911189428627,17.4163901003542,3.70016825679901,0.00684029714912449,0.0201371310094966,-3.50020143818314
"Q9HBM1_SPC25",-0.288798404391144,19.4294584503991,-2.81376710725272,0.0243738439795616,0.0547943745575573,-4.84403452016159
"Q9HBM6_TAF9B",0.630304868861142,18.2253974245519,4.93204826438621,0.00143787713086037,0.00607324346156218,-1.80180073519539
"Q9HBR0_SLC38A10",-0.214432827034567,16.2354052215679,-2.02789984367519,0.0796881114051262,0.141316541798235,-6.04339778966744
"Q9HBU6_ETNK1",-0.967025284798655,18.2304106622373,-12.411211083183,3.01781271428526e-06,7.41838527354046e-05,4.98939787018528
"Q9HC07_TMEM165",0.610826384833565,18.8849584967307,6.47219101664964,0.000262431029015723,0.00167889976303364,0.0609226478208997
"Q9HC21_SLC25A19",0.582902905926534,19.0767959159503,11.0207272328034,7.02480187320965e-06,0.000129438352839617,4.06103566366215
"Q9HC35_EML4",-0.325193512512385,19.4266039304237,-6.38813035128309,0.000285461240949701,0.00177910847741941,-0.0319137863710788
"Q9HC36_MRM3",-0.539870095348451,19.535932689823,-8.20492282923332,5.44685885991807e-05,0.000534547316868725,1.79910559158526
"Q9HC38_GLOD4",-0.467613136186657,22.5212777387136,-6.86864448907939,0.000178361878242725,0.00125213641796661,0.487408605535167
"Q9HC52_CBX8",0.205101895983983,19.4913669111758,4.01632873084893,0.0044621801569409,0.0145039826954988,-3.04043334407281
"Q9HC62_SENP2",0.2211709414832,15.550017981396,3.03701059477924,0.0175393319039842,0.0421131257556405,-4.50025385866383
"Q9HC98_NEK6",0.404908142070589,16.4313000569281,2.36135700704164,0.0488876541369015,0.0961343784651022,-5.54739559262433
"Q9HCC0_MCCC2",-0.0539802180408735,22.2660583720445,-1.14164535127921,0.28893514489279,0.393324284669761,-7.2172838910113
"Q9HCD5_NCOA5",0.126848105182621,19.5457293291982,1.72639504161655,0.125294513248665,0.203241365114798,-6.47789964809172
"Q9HCD6_TANC2",-0.114520051972168,20.1553856690112,-2.19357860485314,0.0620065215412626,0.115930510438482,-5.79574009857569
"Q9HCE0_EPG5",-0.0041270213316551,15.7495630222094,-0.0631117295103397,0.951336303318958,0.966987792532234,-7.8951702991378
"Q9HCE1_MOV10",-0.858409317410164,20.4505667970907,-16.0626737998052,4.69626451871976e-07,2.30816456091076e-05,7.01393681812605
"Q9HCE5_METTL14",-0.63042907273984,17.759800903045,-8.37556147347166,4.73517081595575e-05,0.000479064134974571,1.95398727737314
"Q9HCE6_ARHGEF10L",-1.94836000752951,16.464945962454,-7.7444533969333,0.000609923932275755,0.00312875000419685,-0.11708085762053
"Q9HCE7_SMURF1",0.114025931958007,17.7445643718626,0.679875474356019,0.517909588601163,0.622648027182873,-7.6425913612939
"Q9HCG8_CWC22",0.14441113195187,18.6886578469629,2.04571623693123,0.0775699947517388,0.1384596334058,-6.01701050389759
"Q9HCH5_SYTL2",0.0953922512209928,20.3120279250853,1.54401706047149,0.163889644686583,0.251644172249231,-6.72625757489205
"Q9HCI6_KIAA1586",0.185262324350777,15.262261688415,1.60269157000969,0.176957911231861,0.266938285589498,-6.17419574239353
"Q9HCI7_MSL2",0.171619297618072,16.0961092763155,2.05180619402682,0.0768587435045167,0.137438649437943,-6.00797600215721
"Q9HCJ0_TNRC6C",-0.39723079018837,16.5557088794533,-5.09203361249799,0.00116518198280938,0.00514605214244813,-1.57902262119825
"Q9HCJ1_ANKH",1.59591769569594,19.0238120247887,16.3951117355409,0.000211852529449387,0.0014418525223051,1.73913581332275
"Q9HCJ3_RAVER2",-0.0179315747238356,17.0929032706392,-0.220838025622679,0.831144696425677,0.882268981418259,-7.86989777704098
"Q9HCK8_CHD8",-0.467414615044632,18.478295159792,-6.31874324247385,0.000306172692360854,0.00186360687348625,-0.109196857772299
"Q9HCL2_GPAM",0.538071688681821,16.2609538744634,2.32098577539906,0.0603308632455022,0.113523458177257,-5.60614032164023
"Q9HCM1_RESF1",0.362777354438624,15.8804878852571,1.22556442245548,0.302605004319587,0.409009712135903,-6.9414259198094
"Q9HCM4_EPB41L5",1.12271016484874,19.8473656671014,14.0566723790097,1.23411432355533e-06,4.13807193139496e-05,5.96654591051045
"Q9HCN4_GPN1",-0.581335979525605,19.0045535529158,-10.6824818778415,8.75380270968515e-06,0.000152791830400783,3.81864773683727
"Q9HCN8_SDF2L1",-0.26567323656419,20.1557902811282,-5.4238399220359,0.000796199912526068,0.00382586318746813,-1.16137819238337
"Q9HCP0_CSNK1G1",-0.551514643597685,17.5917637669365,-6.7968802962525,0.000191035254887619,0.00132890311521005,0.411568865922964
"Q9HCS7_XAB2",-0.173250129978495,19.4845515428299,-2.98698923396696,0.0188727694607706,0.0445590866360688,-4.57710591836624
"Q9HCU4_CELSR2",-2.08354856411011,17.7483516002453,-13.8170860479799,1.72792922438812e-06,5.10039340557806e-05,5.64041828853152
"Q9HCU5_PREB",-0.567379774778185,20.7627675031591,-10.6508404082368,8.93868990623431e-06,0.000153352906534869,3.79561320353546
"Q9HCU9_BRMS1",-0.245165857738982,17.3530819498451,-2.78325993755192,0.0255047046615631,0.0567968153619721,-4.89112747241148
"Q9HCY8_S100A14",-2.98702725952075,20.5354659828924,-31.8387973231483,3.10068272103412e-09,1.18523597011529e-06,12.1793450484062
"Q9HD15_SRA1",-0.360762834493258,18.530814903915,-6.5196005527464,0.000250359690807925,0.00162755088114505,0.112903621052947
"Q9HD20_ATP13A1",-0.917235006646298,19.6091648969328,-14.4747870431158,9.98711460381902e-07,3.48636945873043e-05,6.19681757798026
"Q9HD23_MRS2",0.24207795129713,17.1789888772624,1.81170049162836,0.124884417259417,0.202705174086675,-6.2891747079912
"Q9HD26_GOPC",0.289509134510823,18.850642218529,3.84737548764612,0.00559624022551473,0.0172861642521455,-3.28454912529442
"Q9HD33_MRPL47",-0.153096183340825,20.0502389423572,-2.39117617269057,0.0459651967135038,0.0913449256237943,-5.49519574722568
"Q9HD34_LYRM4",-0.459876498138613,18.5570242725993,-5.20873005570488,0.00101738547385191,0.00464630343345152,-1.4303769750761
"Q9HD40_SEPSECS",-0.20516351295587,16.687016266465,-2.49596336374918,0.0392349167248505,0.0805453647587223,-5.33434186676635
"Q9HD42_CHMP1A",-0.218097796385198,20.3775936961025,-2.87012932983573,0.0224199533719709,0.0511338137018847,-4.75707793630555
"Q9HD45_TM9SF3",0.181213792074413,21.9069801344075,1.67049993460397,0.137859845589,0.219387701816799,-6.55682800302864
"Q9HD67_MYO10",0.0453092984237795,15.6165550218811,0.406171610440207,0.696021846403778,0.775781748907549,-7.8050215930778
"Q9HDC5_JPH1",0.414474907580557,16.4065137405431,4.90533850521846,0.00145331645338938,0.0061282980067081,-1.82084761629096
"Q9HDC9_APMAP",0.527882633137722,21.7890407373651,8.59730060794167,3.96125081768704e-05,0.000417707068982309,2.15136741553354
"Q9NNW5_WDR6",-0.311051349276539,18.3590062884193,-3.29423930401316,0.012089336459377,0.0314363868135842,-4.10760005636657
"Q9NNW7_TXNRD2",-0.159644899495131,19.6745327108954,-2.80733483175155,0.0246078575478989,0.0551530551022243,-4.85396260735467
"Q9NNX1_TUFT1",1.65061908857014,17.3828353843983,14.4549385262883,1.00866458917739e-06,3.50510944739144e-05,6.18603776967367
"Q9NP50_SINHCAF",-0.0152901835505048,16.77630583805,-0.120101527656349,0.90757525772681,0.937496668736855,-7.88926482273943
"Q9NP58_ABCB6",-0.2360872376345,24.6934396436965,-2.9459145867638,0.0200472883507928,0.0468546375548184,-4.64030248089747
"Q9NP61_ARFGAP3",-0.218541733443171,17.6693402703407,-3.13532461982073,0.0151995604041677,0.0378011188320957,-4.34962474238011
"Q9NP64_ZCCHC17",0.0773310567497489,16.1444100717596,0.773566895371708,0.463002830583265,0.569442831372114,-7.57148413924725
"Q9NP66_HMG20A",0.0217301122212739,19.0649241193785,0.271858663736674,0.793105245950487,0.852543532802513,-7.85577889078492
"Q9NP72_RAB18",-0.189618692792354,22.0277536694007,-4.3682823822477,0.00282228093636938,0.010124982523953,-2.54426734337967
"Q9NP73_ALG13",0.47000540803937,19.6582882757476,8.50834457895782,4.25326282768737e-05,0.000440002629467794,2.07270220607132
"Q9NP77_SSU72",-0.135369681745601,19.053757918363,-1.65616326110342,0.139030083681226,0.220836274619358,-6.57507191542613
"Q9NP79_VTA1",0.0647935008378902,21.9130516756817,1.32328035233399,0.224875283265454,0.322364811656553,-7.00686280192915
"Q9NP80_PNPLA8",0.404380493781634,16.5865495335494,2.87703320198724,0.0259524881413229,0.0575258833982062,-4.76914104986786
"Q9NP81_SARS2",-0.347332370882487,21.6507839540004,-5.40279080128679,0.000815304858383636,0.00389986506179709,-1.18741647885123
"Q9NP92_MRPS30",-0.0678781246055991,19.4515375468345,-0.891818178015776,0.400352935401911,0.509182863275264,-7.46950258153271
"Q9NP97_DYNLRB1",0.19014717306564,20.2395414090827,2.74772026085747,0.0268912641781772,0.0593144012239366,-4.9460027869171
"Q9NPA0_EMC7",0.326655125310808,19.7343061640838,2.43743262815467,0.0446978391289766,0.0893305721682215,-5.44189224999347
"Q9NPA3_MID1IP1",0.0610288280920201,18.1759371434545,0.462181672927294,0.657348174037925,0.743736390486893,-7.77795658576003
"Q9NPA8_ENY2",-0.138071994063104,21.0413401120533,-1.65763624680826,0.138728105232665,0.220448215444549,-6.57305260662147
"Q9NPD3_EXOSC4",0.109931212869075,20.1275941173171,1.20507119883213,0.265024572412352,0.367648857937294,-7.14615766726588
"Q9NPD8_UBE2T",0.21686846639556,20.701168783793,1.84914335826123,0.106071218402486,0.177171611249073,-6.30748166896256
"Q9NPE2_NGRN",-0.0970476223402361,15.8926360395467,-0.652420473179544,0.534157551841081,0.63687374981676,-7.662531678905
"Q9NPE3_NOP10",0.504452850214435,19.6480025119386,4.4167782159,0.00280967798395406,0.0101049754117132,-2.51803203921763
"Q9NPF0_CD320",-0.694905870993253,19.2644188897436,-4.81535717078575,0.00189552256604408,0.00745435700483898,-2.05530698608702
"Q9NPF4_OSGEP",-0.285281383011974,20.0252495331377,-3.70029519925711,0.00683910388144603,0.0201371310094966,-3.50001433331713
"Q9NPF5_DMAP1",0.04508628164605,18.8867610682531,0.497382743172405,0.633250528763649,0.723863680083448,-7.75960845326338
"Q9NPG3_UBN1",-0.134316916539987,20.8120165383064,-1.01786915102099,0.342536204405774,0.450488436724952,-7.34620000639607
"Q9NPH0_ACP6",0.354236740190778,17.6260152868797,3.32675383137163,0.0115406911745359,0.030339953242547,-4.05833775531031
"Q9NPH2_ISYNA1",-1.16857450989634,19.5432795592367,-16.4147724521251,4.01109233282503e-07,2.15609752372053e-05,7.18388021231788
"Q9NPI1_BRD7",0.175341288510047,17.7433419713405,2.58284539533933,0.0344226956644005,0.0726965492691551,-5.20051004790062
"Q9NPI6_DCP1A",-0.275212353751289,18.1710741957034,-3.75685922243347,0.00632905631980306,0.0189160096142175,-3.41683583636435
"Q9NPJ3_ACOT13",0.163011248363194,21.1866400117395,3.53258513256082,0.00862928127427352,0.0242361702210952,-3.74883786783763
"Q9NPJ6_MED4",0.0676285214956671,18.378529636488,0.787311683796697,0.455393051051386,0.562345319865586,-7.56025379191522
"Q9NPJ8_NXT2",0.876147865593428,16.6690275702355,5.69831869348424,0.000587574590299259,0.00304130517456861,-0.827395428539457
"Q9NPL8_TIMMDC1",0.552923985673125,19.3207579363123,7.55580134648882,9.49168258755486e-05,0.000798282875487975,1.18479011474865
"Q9NPQ8_RIC8A",-0.205129991966171,19.986645627718,-3.10658218151161,0.015847436483625,0.0390440386456053,-4.39359861947191
"Q9NPR2_SEMA4B",-0.641006565288571,19.7648145706301,-3.18312189555769,0.0167577777005946,0.0407355200384882,-4.37256346141399
"Q9NPR9_GPR108",0.237844715906402,18.5174982398137,2.98715930782162,0.018868059327826,0.0445590866360688,-4.57684440633663
"Q9NQ29_LUC7L",-0.212334676594278,20.836708158325,-2.85150055776308,0.0230469961365663,0.0522657660871494,-4.78581034200735
"Q9NQ48_LZTFL1",-0.169471708019092,18.0206277425093,-2.33085370465111,0.0503601729264475,0.0985303951841655,-5.58740043319491
"Q9NQ50_MRPL40",-0.140079768794607,19.8285038425726,-2.16398515256697,0.0648510239746665,0.120132318460462,-5.84032066508652
"Q9NQ55_PPAN",-0.106930525357182,20.0793366481028,-1.17804187594328,0.275006131090714,0.377997459940401,-7.17679144931144
"Q9NQ66_PLCB1",-1.16566531452215,16.4192627236947,-13.9309231704039,1.31673998519347e-06,4.30191332769406e-05,5.89595198466398
"Q9NQ84_GPRC5C",0.00823173553520284,15.4917880177452,0.0714657686785982,0.945573530056532,0.963340836524811,-7.55249492335138
"Q9NQ86_TRIM36",-0.565309023578308,16.8752149232615,-5.53388018760397,0.000704050250280479,0.00348379557501247,-1.02624883911872
"Q9NQ88_TIGAR",-0.42322682463697,20.347420439004,-8.94237905266302,3.0233549733159e-05,0.000356140967195687,2.45014627223077
"Q9NQ89_C12orf4",-0.0348290165488692,16.3784344875942,-0.264520729196201,0.798542335430265,0.856821916402017,-7.85798642593404
"Q9NQ92_COPRS",-0.582276733646761,17.3172772221689,-2.14777284117936,0.0712336636308604,0.129292820146706,-5.8871895441668
"Q9NQC1_JADE2",0.455385953756096,16.7707357501105,2.55237017653413,0.0367555765055315,0.0765657717669724,-5.25639541922563
"Q9NQC3_RTN4",-0.0433227437284245,20.6267550660608,-0.217706326657476,0.834407084618739,0.884360524337162,-7.87017735062357
"Q9NQC8_IFT46",-0.345698865625096,16.3726650610638,-3.28037436647288,0.0123316705666614,0.0319037636149328,-4.12863486688947
"Q9NQE9_HINT3",0.290472378462347,19.0201128353008,2.44905913625227,0.042764026633148,0.0862159766905107,-5.41293017433558
"Q9NQG1_MANBAL",0.0605262881550601,15.5007855525587,0.826451375892128,0.43419400076676,0.542653774049678,-7.5273633538906
"Q9NQG5_RPRD1B",0.0501146561970316,20.9189452516765,0.641272872884619,0.540549401368552,0.642490698610476,-7.67075343986938
"Q9NQG6_MIEF1",0.350908257620819,16.3108725188026,3.38229123755135,0.010663975378114,0.0285155969799516,-3.97441694662622
"Q9NQH7_XPNPEP3",-0.113416823023361,19.1610142530238,-1.57553974624849,0.156518473023091,0.242567144995243,-6.68428954196264
"Q9NQP4_PFDN4",-0.11539964926321,21.1026305977622,-1.24034492178471,0.252707298031762,0.354225759708988,-7.10531503350969
"Q9NQQ7_SLC35C2",-0.224829569211945,15.1777158377306,-2.18011894212777,0.105430722817071,0.176448746921302,-5.68402899935414
"Q9NQR4_NIT2",0.151106014487368,21.6774275780793,2.53371887176289,0.0370641904190228,0.0770616632454254,-5.27622377894909
"Q9NQS1_AVEN",-0.323692624484913,18.0780760678408,-4.89838789141022,0.00146546159354735,0.00616251588705694,-1.8299466294364
"Q9NQS7_INCENP",-0.139368512382173,18.3355210294978,-2.1637742913747,0.0648717510197512,0.120141602845445,-5.84063782917243
"Q9NQT4_EXOSC5",-0.174041021879258,19.7968197864859,-2.54238079533994,0.0365837694816184,0.0763140697267818,-5.26288089300915
"Q9NQT5_EXOSC3",-0.184850709354361,20.6059564491932,-2.88624076050024,0.0218920230481745,0.0501692194853998,-4.73223608572311
"Q9NQT8_KIF13B",0.46781502134461,16.8205125245586,5.44079968699351,0.000781166431576957,0.00377259467429301,-1.14044305605611
"Q9NQV6_PRDM10",0.0681127010702056,16.9737390338175,0.481199277321811,0.644176456226808,0.732881299229879,-7.76829723512367
"Q9NQW6_ANLN",-0.213938628792061,20.1008476226372,-2.73895812632927,0.0272449997230995,0.0599045219681035,-4.9595333565078
"Q9NQW7_XPNPEP1",0.453054416280896,20.0532307945734,5.32228058869739,0.00089319614544023,0.00418668579515056,-1.28757629629609
"Q9NQX3_GPHN",0.189908458118701,20.5582277486566,3.75683627242088,0.00632925475384804,0.0189160096142175,-3.4168695059654
"Q9NQX4_MYO5C",-0.403904948930567,20.0336979190607,-4.06303794778112,0.00423923016654191,0.0139393181175109,-2.98087257552859
"Q9NQX5_NPDC1",0.0911776045414108,15.460752789878,1.04185011805878,0.330078904502843,0.437416055629093,-7.32362510526319
"Q9NQX6_ZNF331",-0.00752418217968298,16.3251165837541,-0.0486174850447876,0.962723808561344,0.975742213502781,-7.87169748965201
"Q9NQY0_BIN3",0.0597800380861262,15.4412595148078,0.715008361091496,0.504028387630453,0.609891899878887,-7.51776826320649
"Q9NQZ2_UTP3",-0.184043986172082,19.4694307419476,-3.17506896198526,0.0143494610203533,0.0360504861980286,-4.28891285964384
"Q9NQZ5_STARD7",0.0205201416597127,18.8479549622229,0.322936606174702,0.755611778650458,0.824529267454004,-7.83877794286517
"Q9NR09_BIRC6",-0.315120114486579,19.053311003521,-6.06978782376404,0.000395477490476494,0.00228355393858973,-0.391429828712766
"Q9NR12_PDLIM7",-0.610298439509766,20.7439683130572,-8.74141955851944,3.53468653255065e-05,0.000389617362343745,2.27736795764309
"Q9NR19_ACSS2",0.164527591765207,19.2299096917657,1.53993545400575,0.164895362005954,0.252710759784553,-6.73166669154726
"Q9NR28_DIABLO",0.20999542022756,21.8224760967752,3.58718672581176,0.00799666729809503,0.0227604324251439,-3.66747737729067
"Q9NR30_DDX21",-0.191517260451302,22.2519670956772,-2.25820163274298,0.0562206644987068,0.107237270482189,-5.69795440936025
"Q9NR31_SAR1A",0.198081951966781,22.1693098819833,2.01880683475174,0.0817169565967468,0.144211942101138,-6.06001492046394
"Q9NR33_POLE4",0.180635581700074,19.7387518952172,2.64733858454341,0.0312459919930166,0.0671942640749963,-5.10100122120822
"Q9NR45_NANS",1.01386611842083,22.3035886454012,11.6015828664706,5.11302658114212e-06,0.000106800787466753,4.42047819632784
"Q9NR46_SH3GLB2",0.0875096058192,19.7825249129116,1.44161603661177,0.190058163842308,0.282232553601018,-6.85947337256422
"Q9NR48_ASH1L",-0.297257768158978,16.2262830855382,-3.55992237033409,0.00830609577414275,0.0234639783685305,-3.70806218520521
"Q9NR50_EIF2B3",0.160699482582686,20.9090998946858,3.57608364016185,0.00812115912762554,0.0230375738518357,-3.68399506291113
"Q9NR56_MBNL1",-0.25581992068269,21.2199230283113,-4.64593613347935,0.00199202668383287,0.00776595818352999,-2.16511646635806
"Q9NR77_PXMP2",0.408966497220455,18.8816700026789,5.88849623691097,0.000478744678267416,0.00261428790382457,-0.601936282360104
"Q9NRA0_SPHK2",0.0998018288192117,15.548851832139,1.123365714597,0.301309063558174,0.407552013312412,-7.17339922448798
"Q9NRA8_EIF4ENIF1",-0.0787013011046334,18.0795515705081,-1.27998184490214,0.23893389159525,0.338833166619493,-7.05885715281659
"Q9NRB3_CHST12",-0.0346955155877158,15.2176885145362,-0.425593357847831,0.684228107163331,0.766997636255669,-7.7034181951144
"Q9NRC1_ST7",-0.547605351687309,16.2149048596107,-3.19144851551693,0.0180721190604974,0.0431889184799945,-4.38592161949726
"Q9NRC6_SPTBN5",2.2441626404952,18.1199639863268,2.64560143406016,0.0539548752907219,0.103691558973748,-5.29063081537931
"Q9NRC8_SIRT7",0.325897289455128,17.0156456154129,2.98985875245583,0.0351851256514727,0.0740204418287036,-4.75495267944878
"Q9NRD5_PICK1",0.532966337436918,18.3332213638289,8.63960448418607,3.83032919048837e-05,0.000407839368541554,2.18853703626828
"Q9NRF8_CTPS2",-0.686209753286754,21.0312714924032,-11.9214779536664,4.02218474259872e-06,9.09751549028616e-05,4.67420047411088
"Q9NRF9_POLE3",0.293394747750085,20.7929969803767,4.23094332039352,0.00336727136010568,0.0116559803500356,-2.73584384201774
"Q9NRG0_CHRAC1",0.382823798399102,20.2182006785751,6.26704710332006,0.000322691310005535,0.00194556393138195,-0.167162948666933
"Q9NRG1_PRTFDC1",-0.330581973484293,17.830379678646,-2.25422993043218,0.0710388029139136,0.129061703487849,-5.69425616405582
"Q9NRG4_SMYD2",-0.115174597606902,17.2218030849921,-1.0976810579451,0.306521375581592,0.412762241808378,-7.26499789468583
"Q9NRG7_SDR39U1",0.482013011581902,17.9751646334716,3.33653981564394,0.0117768040065379,0.0308448378677892,-4.06412793247122
"Q9NRG9_AAAS",-0.17727767339532,20.2068839964841,-1.33447844532866,0.223547004268152,0.321002413153648,-6.99227894332537
"Q9NRH1_YAE1",-0.606554691944762,16.8665848853799,-8.1374664733846,5.76067411870004e-05,0.000554335995396603,1.73714338060137
"Q9NRK6_ABCB10",0.0258946825813382,18.3382134714156,0.29069750816478,0.779202898033614,0.841624225847388,-7.84984058790237
"Q9NRL2_BAZ1A",-0.315954313131705,26.0900507570231,-4.42007392189806,0.00264241556687739,0.00962423392509654,-2.47271149960579
"Q9NRL3_STRN4",-0.159225844923267,18.8259414248778,-2.20365390932556,0.0610667530147933,0.114565724367631,-5.78053247242886
"Q9NRM2_ZNF277",-0.102598852813356,15.2314035032395,-1.48410061740255,0.193112026447346,0.286002664377663,-6.71387781847529
"Q9NRN7_AASDHPPT",0.204479294090504,20.423545916938,1.68271425939239,0.135568498881218,0.216552689917867,-6.54023325664314
"Q9NRN9_METTL5",-0.191871777684884,18.6323576163665,-2.59419090344683,0.0338406414231638,0.0716652918781406,-5.18301241082729
"Q9NRP0_OSTC",-0.0481079624200902,19.424148181451,-0.341391464763159,0.742761343250891,0.813759023954294,-7.83151711271279
"Q9NRP2_CMC2",-0.29329710450633,20.073427820268,-4.20201979032908,0.00349608665586148,0.0119904144798575,-2.77652522610365
"Q9NRR3_CDC42SE2",0.221826132184031,17.6120058357941,1.37732545349383,0.209431261785986,0.304971808829308,-6.94012366827549
"Q9NRR4_DROSHA",0.112204962654179,17.0145415745818,1.48209284770663,0.179295718687366,0.269772833962786,-6.80740752116946
"Q9NRR5_UBQLN4",-0.48542973181819,19.6469534771261,-8.74028943354796,3.53782416147748e-05,0.000389617362343745,2.27638678083645
"Q9NRR6_INPP5E",0.0153585502525875,15.1742062269741,0.24228532205636,0.815089049226499,0.86957239482788,-7.86431328334533
"Q9NRR8_CDC42SE1",-0.432533809073533,17.5952405067842,-2.71304476767815,0.0289669819042926,0.063055972852596,-5.01062763975009
"Q9NRS6_SNX15",0.0160838390567477,17.8931186324092,0.134521066523793,0.896550176307551,0.929499063991216,-7.88719020387307
"Q9NRU3_CNNM1",0.767968067536598,16.2930559521223,6.11033000294819,0.00253451786562403,0.00932453757588823,-1.6822745855496
"Q9NRV9_HEBP1",-0.227158808769889,21.118458028587,-2.2306848722289,0.0594687197595353,0.112224945090745,-5.74481949436871
"Q9NRW1_RAB6B",-0.304077073892486,17.8317978663314,-3.00735329343133,0.0183174837921572,0.0436191193437416,-4.5458033961158
"Q9NRW7_VPS45",0.0386194860368825,21.0071109753147,0.638586661975658,0.542202824825154,0.643955351217695,-7.67259882828914
"Q9NRX1_PNO1",0.00865462628384606,19.1741995339603,0.0831025802742554,0.935957263368834,0.957115205785813,-7.89351627804199
"Q9NRX2_MRPL17",-0.275638527977623,21.1191295446183,-4.1982411391034,0.0035133078364517,0.0120229357250104,-2.78184851161202
"Q9NRX4_PHPT1",0.25676476177193,21.0183058128424,2.50256366701136,0.0395860750464614,0.081026919338741,-5.33245854026708
"Q9NRX5_SERINC1",-0.156157223113556,16.586910662995,-0.740890549935452,0.482709040779714,0.588243480387772,-7.5960534762572
"Q9NRX6_TMEM167B",0.849490926908459,17.4711934932458,2.23078942117553,0.0665662444071688,0.122655805855099,-5.78417322642819
"Q9NRY2_INIP",-0.29024807312695,18.6871993556169,-5.08043332993806,0.00118112135014249,0.00520309420244456,-1.5939040258069
"Q9NRY4_ARHGAP35",0.193094784298673,19.2075338609895,3.35332454041941,0.0111120293755333,0.029445914931006,-4.01815173747299
"Q9NRY5_FAM114A2",-0.00842508268753761,18.9063837156214,-0.158171949809078,0.878520362783081,0.916861061892746,-7.88328142047714
"Q9NRY6_PLSCR3",-0.0375788444674079,17.2470319542363,-0.303362610664052,0.769904081726063,0.834779348028425,-7.84562984555559
"Q9NRZ7_AGPAT3",0.210451287842719,18.9985218229722,2.74786471244013,0.0268854726514252,0.0593144012239366,-4.94577972630509
"Q9NRZ9_HELLS",-0.281154099930642,19.2864101601414,-5.2322426216931,0.000990182725760361,0.0045560945677513,-1.40065936427137
"Q9NS18_GLRX2",0.162108466508723,17.6189646708161,1.97118318900765,0.0868150031337535,0.15128805538125,-6.12694441463076
"Q9NS69_TOMM22",0.0354209485415815,20.8612714143674,0.14322950698106,0.890757937251378,0.925124905622441,-7.88550983132034
"Q9NS86_LANCL2",-0.177014126948933,19.1719270885753,-3.02066625076905,0.0179637759800121,0.0430106693915417,-4.52535076005948
"Q9NS87_KIF15",-0.368929397739716,17.884130677196,-2.76538074395045,0.0263222240208989,0.0582104144170588,-4.92121072374324
"Q9NS91_RAD18",0.110327549886311,18.8797327029934,1.80058528215808,0.112178213276873,0.18603089815655,-6.37339991508174
"Q9NSA3_CTNNBIP1",-0.36718786786545,16.821771936476,-1.19318537761927,0.280931435570527,0.384620491571755,-7.09159919196316
"Q9NSB8_HOMER2",-1.29609417812793,16.92828966876,-14.1787653380258,1.1594538362194e-06,3.97489891385531e-05,6.03448768287488
"Q9NSC5_HOMER3",-0.393757240901898,16.3215357558737,-2.80068932911357,0.0248520880602233,0.0555701120855242,-4.86422053549146
"Q9NSD4_ZNF275",0.137481747053149,15.3249820530416,1.68795000298982,0.138877366657214,0.220639540335495,-6.25091594515327
"Q9NSD9_FARSB",0.0918400718378045,22.2481408219131,1.79550252003253,0.113033548132938,0.18716514521904,-6.3806158249926
"Q9NSE4_IARS2",0.315272617402925,21.1669900656824,5.21571464478351,0.00100921956665299,0.00462558968049286,-1.42154102061966
"Q9NSG2_C1orf112",-0.0961131127765107,16.2454946532451,-1.28841958982609,0.236136620179816,0.33555101510682,-7.04881056189442
"Q9NSI2_SLX9",-0.0241999627097407,20.0886649793757,-0.419161758384731,0.686910827433815,0.768877492786459,-7.79908608315759
"Q9NSI6_BRWD1",-0.31835409012572,17.9527691146263,-4.99584848744386,0.00130487374686812,0.00562966128375099,-1.70299098773566
"Q9NSK0_KLC4",1.0443733157536,17.509464460556,13.4654862623889,1.68180741512818e-06,5.00288626017703e-05,5.62904667297773
"Q9NSK7_C19orf12",0.179719177976752,15.6990529532828,1.54243855944485,0.178761485297947,0.269127915538165,-6.52303588562533
"Q9NSP4_CENPM",-0.0626703060482257,18.7601550471866,-0.410800355749236,0.693421677801585,0.773669781191255,-7.80234041045101
"Q9NSV4_DIAPH3",-0.645347203888548,16.5947209089019,-5.41832440795285,0.000801157684661335,0.00384415739833947,-1.16819510004448
"Q9NSY0_NRBP2",-0.199975926983514,15.1937737009286,-2.29773825435179,0.0655987116571128,0.121223628382554,-5.37898435342574
"Q9NSY1_BMP2K",-0.3599443995464,16.7444470483905,-3.70932038943011,0.00675483819446933,0.0199751207005085,-3.48671673349534
"Q9NT62_ATG3",0.0130362723848059,20.3654775160733,0.173111009262066,0.867170354184533,0.908526429730129,-7.88048913922443
"Q9NTG7_SIRT3",0.375722919723124,17.6465723364869,4.68209282735916,0.00190526030670551,0.00748495120491452,-2.11655261970485
"Q9NTI5_PDS5B",0.188847501209047,20.8592973610742,3.04780239973712,0.0172648794248636,0.0416029675673716,-4.48369098352814
"Q9NTJ3_SMC4",0.0927684248590275,20.7631407526887,0.955798400666527,0.369535911100588,0.478182471287068,-7.40902230854663
"Q9NTJ4_MAN2C1",-0.61510938560162,16.7820571544598,-4.87715757801497,0.00150325467673688,0.00629100857757857,-1.85778187880094
"Q9NTJ5_SACM1L",-0.231456246112028,19.3161886203908,-3.84020838783037,0.00565078665660662,0.0174124401409744,-3.29498616722874
"Q9NTK5_OLA1",0.311681490938156,23.1589616395658,7.58514416172051,9.24883069360321e-05,0.000789144092104872,1.21345599058744
"Q9NTM9_CUTC",-0.0973661925495826,18.9007098524126,-1.30928874061635,0.229338304585177,0.327595541583274,-7.02378310085235
"Q9NTW7_ZFP64",-0.0317930066736789,15.5931692179261,-0.335625833432797,0.746399978553313,0.816575248431608,-7.83411361646608
"Q9NTX5_ECHDC1",-0.53467365966867,19.7563108039302,-5.87039032578168,0.000488076858855951,0.00265765497575053,-0.623195098726502
"Q9NTZ6_RBM12",-0.00224321882297218,20.6945842963485,-0.0474222188015925,0.96342206835193,0.975932385391614,-7.89615195824585
"Q9NU22_MDN1",0.162990501928629,21.0019732268541,3.17687013309842,0.0143121478271363,0.0360040704634608,-4.2861641604947
"Q9NU23_LYRM2",0.316307552032395,18.3745157308225,3.81824673775609,0.00582153622335245,0.0177525506292499,-3.32700809139417
"Q9NUA8_ZBTB40",0.102828755403074,16.2808119835564,0.9691539693948,0.362848019699687,0.471387468436423,-7.39650416688996
"Q9NUB1_ACSS1",1.46335540634344,17.056758756603,15.4082431707615,6.35222623188522e-07,2.63543848400264e-05,6.68760882714407
"Q9NUD5_ZCCHC3",-0.514516857478082,17.0106559929021,-3.07252525043271,0.0170776218458547,0.0412376560365002,-4.45989813758387
"Q9NUG6_PDRG1",-0.321775329861801,17.9475667748826,-3.3013968024561,0.0119662230977842,0.0312011512900956,-4.09674779540108
"Q9NUI1_DECR2",-0.643121900263335,21.1734137488655,-8.41962770633219,4.56876192168468e-05,0.000466230521132224,1.9935580542759
"Q9NUJ1_ABHD10",-0.197121649622996,20.1422966267925,-2.76890641207748,0.0260555311499518,0.0577208158914465,-4.91328879993156
"Q9NUJ3_TCP11L1",1.17319832250328,17.2803030071283,11.9570924527097,3.9376041158107e-06,8.95922126945619e-05,4.69753543395367
"Q9NUL3_STAU2",0.449252385708121,18.1238944317838,5.71804155934391,0.000575101742211114,0.00298566293801912,-0.803789847865747
"Q9NUL7_DDX28",0.0904581494200514,18.3355051394764,1.00678974743206,0.345584469153748,0.453327602381675,-7.35927405652051
"Q9NUM3_SLC39A9",0.0216904552724273,15.3526650826751,0.314100619173377,0.762051379832618,0.829334703618932,-7.84192264009968
"Q9NUM4_TMEM106B",-0.830016489463048,17.7653978284344,-7.30687566144235,0.000118646232314836,0.000929996001270132,0.938024209984848
"Q9NUN5_LMBRD1",-0.0210888108636524,15.6557542175624,-0.147999979348025,0.886354281945897,0.922447523402097,-7.88500623383256
"Q9NUP1_BLOC1S4",-0.237184994850626,17.6922729200808,-1.37726106127035,0.21001372841658,0.305412774157268,-6.94002064965708
"Q9NUP7_TRMT13",-0.103107750672722,15.295695429397,-1.72169336117471,0.126172761932991,0.204362450207144,-6.48446009510555
"Q9NUP9_LIN7C",-0.186078941954168,20.5170258932998,-4.27150356578851,0.00319525714405679,0.0111766557109327,-2.67899104496251
"Q9NUQ2_AGPAT5",0.176157850742165,18.4855923544828,1.33117541207592,0.223289556040226,0.320692965607276,-6.99686477638587
"Q9NUQ3_TXLNG",-0.732367896957424,19.2301192414433,-12.1218292203386,3.57159326082939e-06,8.27419105425475e-05,4.80461840525663
"Q9NUQ6_SPATS2L",-0.00757889470374806,18.0369706163822,-0.0439640246544136,0.966152782384562,0.977390746725132,-7.89632337666842
"Q9NUQ7_UFSP2",-0.290606787339382,18.4948489857177,-5.07182965275973,0.00119309840439525,0.0052390794380251,-1.60495356016456
"Q9NUQ8_ABCF3",0.343440330807869,20.4394288889516,3.08629395749344,0.0169613076950549,0.0410086013057225,-4.44629405640416
"Q9NUQ9_CYRIB",0.173633541441362,21.3268250100735,2.1355935710022,0.0677019024895146,0.124418520320274,-5.88296103863889
"Q9NUS5_AP5S1",-0.294556344418957,19.7640049084064,-2.48798144680628,0.0406759513260251,0.0827481766597823,-5.3570541463284
"Q9NUT2_ABCB8",-0.597899811662945,17.7825743141965,-7.71507529681289,8.25385607862907e-05,0.000720327964852959,1.33934245873023
"Q9NUU7_DDX19A",0.113202279423543,18.8068012161347,0.890736425770829,0.401549736099855,0.510450238191452,-7.46977117766627
"Q9NUW8_TDP1",-0.0705990508659582,19.04838373839,-1.1508111253537,0.285374087801476,0.389100214239752,-7.20716992356987
"Q9NUX5_POT1",0.0179696501148641,15.4174989489789,0.174079666189169,0.866435526761945,0.908451181251168,-7.88029945933071
"Q9NUY8_TBC1D23",0.0492134378515239,19.0610506235185,0.677522907978779,0.518538087201351,0.623145512228223,-7.64517592696772
"Q9NV06_DCAF13",-0.255691559421297,19.5020961247469,-2.80646267000223,0.0246397675416871,0.0552083888793078,-4.8553088260014
"Q9NV31_IMP3",-0.217924424517708,20.673523009156,-1.61305821503518,0.150896453028189,0.235862478716113,-6.63527926652029
"Q9NV35_NUDT15",-0.275973268604666,17.758796086363,-3.22266779792594,0.0133971340967192,0.0341008782425594,-4.21635655663152
"Q9NV56_MRGBP",0.0486721752304575,20.207512644429,0.662015737273551,0.527885124206486,0.631068299383672,-7.65627060659806
"Q9NV66_TYW1",-0.178016682316201,16.8229292684173,-1.89390856596381,0.0975311844424526,0.165978296693148,-6.23955104485088
"Q9NV70_EXOC1",-0.0734168170411955,19.4154174119237,-1.09864146518548,0.306128194833475,0.412687365456166,-7.26396990814506
"Q9NV79_PCMTD2",0.27761210293473,15.8738037309089,2.25809971179689,0.0616287291961955,0.11541903823071,-5.67224536040326
"Q9NV88_INTS9",-0.408725936421202,18.4151667952108,-5.77046976676564,0.000543349319582009,0.00287666589210835,-0.741293360460405
"Q9NV92_NDFIP2",-0.360399413563691,16.7444108851109,-4.48142204669773,0.00244539220077833,0.00909441919115318,-2.38844407866994
"Q9NV96_TMEM30A",0.562594275683814,18.218976142821,7.65860949989334,8.67073366752858e-05,0.000749388251431608,1.28484314500295
"Q9NVA1_UQCC1",-0.447238284322101,19.0616540354838,-2.999586497597,0.0197938881088335,0.0464184891386601,-4.59390638742337
"Q9NVA2_SEPTIN11",-0.0804919842801652,21.2738682594067,-1.83972842775591,0.105794898401947,0.176812898601816,-6.31756552814168
"Q9NVA4_TMEM184C",-0.0218753266790053,17.33486297876,-0.202479158467451,0.84495685564521,0.892469627163254,-7.87427238586851
"Q9NVC6_MED17",-0.151989866286904,18.39526151683,-2.59024879513113,0.0340417253616954,0.0720113421112787,-5.18909257798872
"Q9NVD7_PARVA",0.460685447162401,19.200517271843,8.1463171630019,5.71836683911691e-05,0.00055198124349809,1.74529723229358
"Q9NVE7_PANK4",-0.073751485718617,18.5351830181497,-0.975486005524732,0.35989843433174,0.468327409441047,-7.3903168557876
"Q9NVF7_FBXO28",0.0984493811646345,18.1295664107639,0.960491499089894,0.366912793267184,0.475404668493621,-7.40491793926232
"Q9NVF9_ETNK2",-0.848307771204301,17.3129698614356,-6.27861693989025,0.00108990872346883,0.00489070663760072,-1.04173768744915
"Q9NVG8_TBC1D13",0.16892640290077,17.7193094734684,2.37145773806555,0.0473573906347548,0.0935994199871735,-5.52537245795975
"Q9NVH0_EXD2",0.175768197385874,18.9323098567853,2.71294885417969,0.0283237338737153,0.0619025001328054,-4.99969804463335
"Q9NVH1_DNAJC11",0.194946856789503,19.9506001425444,3.60754687752899,0.00777367238205705,0.0223252161385523,-3.63722430555228
"Q9NVH2_INTS7",-0.0423323719699589,18.6056267456451,-0.566273681648943,0.587839695459334,0.683919414364116,-7.71963735983136
"Q9NVH6_TMLHE",1.39363151462825,17.9949877961723,11.5382534734031,5.07456407571582e-06,0.000106445759670864,4.41884060695772
"Q9NVI1_FANCI",-0.14353060629082,20.3885992251705,-1.50923835749239,0.172416202250636,0.261635940096489,-6.77205417337646
"Q9NVI7_ATAD3A",0.170339423136685,21.0381858582905,2.93347823504995,0.02041784046401,0.0474595288377491,-4.65945100684801
"Q9NVJ2_ARL8B",-0.00480632058092212,21.2737319691728,-0.0886575880578731,0.931688614351703,0.954026179576583,-7.89297650144779
"Q9NVK5_FGFR1OP2",-0.339867982596878,17.1030028033273,-3.68913752352504,0.00694484764671229,0.0203656924660972,-3.51646735208903
"Q9NVM4_PRMT7",-0.199350661141739,18.2745044935932,-2.25313957547722,0.056653680257424,0.107847954573707,-5.70563417984848
"Q9NVM6_DNAJC17",0.00797177261875959,19.3881309983422,0.0883454982720941,0.931928372563671,0.954138773836556,-7.8930077508078
"Q9NVM9_INTS13",-0.474073601321169,18.5202100549163,-7.74353861802146,8.05225793392024e-05,0.00071045281872445,1.36669390790659
"Q9NVN8_GNL3L",-0.00744235499781354,19.5485703491976,-0.115274951225018,0.911270583762378,0.939665202376286,-7.88990696635405
"Q9NVP1_DDX18",0.23137714786084,21.2592545857956,3.62796525393904,0.00755673271093991,0.0217703512104567,-3.60693204482329
"Q9NVP2_ASF1B",0.0345287599912325,17.9952240525305,0.13570105890147,0.896106495259228,0.929499063991216,-7.88685075374859
"Q9NVQ4_FAIM",-0.313572712934114,18.4424252950027,-3.79740131780262,0.00598876992139169,0.0181467086995796,-3.35745848929799
"Q9NVR0_KLHL11",-0.125487156826352,17.8313481498162,-1.51836587632739,0.170119715835857,0.258986936940297,-6.76008559667195
"Q9NVR2_INTS10",-0.264696465071424,19.0227080155807,-4.14306125152849,0.00377559019364013,0.0127043956999907,-2.85980900318222
"Q9NVR5_DNAAF2",-0.067314589176835,17.8023219778266,-0.843426891835742,0.425217190510843,0.533527887978893,-7.51268521521612
"Q9NVS2_MRPS18A",-0.178421882509312,19.9439012100743,-2.17696274796322,0.0635879673749243,0.118321579687436,-5.8207872272978
"Q9NVS9_PNPO",0.140480455005612,21.2201764049621,3.07143321503447,0.0166795938413042,0.0406100302282708,-4.44744660259533
"Q9NVT9_ARMC1",0.153566654862313,19.6561865056724,2.45957579687461,0.0414500637749301,0.0840100046551804,-5.39028173070338
"Q9NVU0_POLR3E",-0.108284595001603,18.2290124681991,-1.59913827422035,0.151200419407863,0.236144475254977,-6.65259451414788
"Q9NVU7_SDAD1",-0.0138691825995707,19.1197908629057,-0.253356882374569,0.80683692733732,0.862694868460672,-7.86123119270931
"Q9NVV0_TMEM38B",0.662519331347546,17.8408833156976,7.03802420819636,0.000152008513957058,0.00111419471639665,0.664090478462111
"Q9NVV4_MTPAP",0.463200440246091,18.8838596039542,6.27010635752732,0.000321686640989088,0.00194103738781498,-0.163723399348386
"Q9NVV5_AIG1",1.02548980318164,17.3943689882325,5.30431743373347,0.0017776831518261,0.00709680819619348,-1.79272123374336
"Q9NVW2_RLIM",-0.0596135540246348,15.8642552086091,-0.314757351647283,0.762076689721779,0.829334703618932,-7.84131862258668
"Q9NVX0_HAUS2",0.0318506099656339,16.7273086161255,0.316170425556299,0.760541105554666,0.828017196235463,-7.8411936184128
"Q9NVX2_NLE1",0.214183556716858,18.9336205420473,3.22180116765599,0.0134138609888684,0.0341130239116924,-4.21767601825004
"Q9NVX7_KBTBD4",0.130033162549854,17.8087648540247,1.61285866847255,0.14818540162312,0.232814918908499,-6.63406090592149
"Q9NVZ3_NECAP2",-0.0943135670971422,18.937715533541,-1.29313211863567,0.234586553788616,0.33390694539452,-7.04318123313978
"Q9NW08_POLR3B",-0.106288628114708,18.2441965397813,-1.46530161322732,0.183692311479044,0.275088681930909,-6.82910306671826
"Q9NW13_RBM28",-0.168131877683415,20.5944117992005,-3.02514281895754,0.0178464600984416,0.042769964718679,-4.51847551482587
"Q9NW15_ANO10",0.195189116028597,18.7301647277213,2.51295256091887,0.038242469872632,0.0789531952946994,-5.30819858257945
"Q9NW64_RBM22",0.153969833450546,21.8737304413498,1.98173352606308,0.0854437479802086,0.149238623099999,-6.11145772456799
"Q9NW68_BSDC1",0.372016207305659,18.1009114263412,3.58199747165852,0.00805459426159294,0.0228912167769063,-3.67519553797615
"Q9NW75_GPATCH2",0.169379985627913,17.8130761558037,2.47310756875735,0.0406117559734051,0.0826615746583285,-5.3694880179251
"Q9NW81_DMAC2",0.1522794241681,17.7576106511561,1.87679760907078,0.100071506207724,0.169435652479418,-6.26427728112351
"Q9NW82_WDR70",0.130770558541112,19.22004591087,2.27145317031225,0.0551027731677733,0.105473385294849,-5.67783513321528
"Q9NWA0_MED9",-0.00455875741532452,16.8420196584111,-0.0355413376664424,0.972580980234223,0.981438964346704,-7.89671000542602
"Q9NWB6_ARGLU1",0.0144672176210605,19.0311837112443,0.094807925816146,0.927111545577875,0.951378223616491,-7.89230233825282
"Q9NWF9_RNF216",-0.525306813381988,20.4508428873273,-6.97107701405507,0.000161866707249465,0.00116622382877907,0.594642622011925
"Q9NWH9_SLTM",-0.130865395129199,21.1013219941263,-2.83467108896817,0.0236292222526297,0.0534137800477097,-4.81177505373775
"Q9NWK9_ZNHIT6",0.070060000799387,17.5249655540954,0.886146956382781,0.403211268541455,0.511686408412911,-7.47466465802623
"Q9NWL6_ASNSD1",0.00751632853424056,16.3518861874787,0.0147833068789334,0.988713080177244,0.992347577518056,-7.89729683748443
"Q9NWM3_CUEDC1",-0.30947114492314,15.9173745071655,-4.63226938253454,0.00202594357750337,0.00786602964777671,-2.18352170886469
"Q9NWQ9_C14orf119",-0.297518100481884,17.3709846190984,-3.52297807611648,0.00874603675997399,0.0244831384218239,-3.76318687684526
"Q9NWR8_MCUB",0.253606638113965,17.4094334425077,2.56167227951668,0.035536616601664,0.0746366576702532,-5.23315313078203
"Q9NWS0_PIH1D1",-0.383132497502984,19.4123259364579,-7.16510257001889,0.000135086435111143,0.00101647224057548,0.794550808768699
"Q9NWS6_FAM118A",0.174705170695468,16.9177709053107,2.00705738028266,0.0822380251247948,0.14486398665416,-6.07418221453507
"Q9NWS8_RMND1",-0.334162929842108,21.5894109184211,-4.85469537617827,0.00154441086422051,0.00641685927009011,-1.88730243463639
"Q9NWT1_PAK1IP1",-0.308859588461736,18.7652429421002,-2.78260753001347,0.0255294766083198,0.0568188787978472,-4.89213471633705
"Q9NWT6_HIF1AN",0.103530212529503,17.8531115432836,1.39695013460955,0.202598644153945,0.297344333760205,-6.91597777771334
"Q9NWT8_AURKAIP1",-0.214142195139029,18.3860661088363,-2.54008815798257,0.0367103025415555,0.0764923038784933,-5.26641279911205
"Q9NWU1_OXSM",0.52198038301357,19.7295778889682,8.9822884033661,2.93201461793514e-05,0.000350386835509077,2.48406291734146
"Q9NWU2_GID8",-0.19644562634759,20.087624814395,-4.13114315258012,0.00383499121619407,0.0128759366920525,-2.8767022947866
"Q9NWU5_MRPL22",-0.255690474178898,20.7263192988371,-3.57856871858776,0.00809311596448341,0.0229665447470214,-3.68029689790689
"Q9NWV4_CZIB",0.0105804133081904,21.1547103748621,0.167400766633382,0.87150497363067,0.911693421374722,-7.88158596135007
"Q9NWV8_BABAM1",-0.259572483307309,19.7933828975148,-3.58399445193645,0.00803224909966352,0.0228362009546031,-3.67222500143285
"Q9NWW5_CLN6",0.197358052063269,18.7728977436379,1.5372380482096,0.166487134098528,0.254609749986646,-6.73544200295741
"Q9NWW6_NMRK1",-0.597796407723948,17.8687845344253,-4.71535768396984,0.00182908346577304,0.00726784984191004,-2.07203833965714
"Q9NWX5_ASB6",0.251405514758265,17.1658810011285,2.99258653207162,0.0187184012106621,0.0442766637547995,-4.56850002932093
"Q9NWX6_THG1L",0.227761524800403,19.2994147907371,3.35212424417629,0.011131023200931,0.0294752544906453,-4.01996568286767
"Q9NWY4_HPF1",-0.0482892946535856,17.9140927610074,-0.683297740689121,0.515083882721657,0.619835712798216,-7.64098625377079
"Q9NWZ3_IRAK4",0.136477813290643,17.6669026369316,1.28619799005326,0.236870393548775,0.336218744649161,-7.05145983611219
"Q9NWZ5_UCKL1",-0.0133269712421651,18.8340242121277,-0.227552046676781,0.826108914877225,0.878381506941471,-7.86820439998781
"Q9NWZ8_GEMIN8",0.0597632460547075,18.4267734666761,0.944417120030514,0.374546375175396,0.483193897775212,-7.42037437237929
"Q9NX00_TMEM160",-0.275727100734944,18.3120972424961,-3.27366154949073,0.0124508492583216,0.0321359698108942,-4.13882497176039
"Q9NX01_TXNL4B",-0.476991016330338,18.667952564842,-5.35154018736193,0.000863975578821519,0.00408225791105718,-1.25107134570874
"Q9NX04_C1orf109",-0.235328869045684,17.0422804104917,-1.86444360417946,0.101945071911412,0.171894590816662,-6.28207964393148
"Q9NX05_FAM120C",0.803646726013287,19.5508831104783,9.36895088853831,2.1909631899737e-05,0.000286573094536705,2.80609111002203
"Q9NX07_TRNAU1AP",-0.0437281137555487,17.4351035905105,-0.296956652487459,0.774649234394216,0.838125303841464,-7.84774858033526
"Q9NX08_COMMD8",-0.39867333868396,18.9422289869063,-7.02644649642161,0.000153664323209367,0.00112202841541128,0.652116048768118
"Q9NX14_NDUFB11",0.261023552171615,21.947211339708,4.6188985031408,0.00205973951900731,0.00794485803370883,-2.2015543700932
"Q9NX18_SDHAF2",0.38996106071215,19.6737974602859,2.63412340093565,0.0337315407260814,0.0714936592322962,-5.14808018157343
"Q9NX20_MRPL16",-0.206444230041658,19.7927690606461,-2.7615462901314,0.0263427644634261,0.0582389919962096,-4.92465334429816
"Q9NX24_NHP2",0.379750231589131,20.2957012490413,4.4357452728937,0.00259048772719024,0.00946667240648633,-2.45113460822029
"Q9NX38_ABITRAM",0.125957372697354,16.7302674205969,1.39205009204298,0.204017929255934,0.298910898651133,-6.92211379865984
"Q9NX40_OCIAD1",-0.0109887234186488,20.124277258972,-0.201830368036957,0.845446059160291,0.892793326954309,-7.87442011929181
"Q9NX46_ADPRS",-0.253278122969924,19.3137528268174,-3.16921043409747,0.0144715408470922,0.0363213820669797,-4.29785498727659
"Q9NX47_MARCHF5",-0.258488709947738,19.1553314222186,-2.5542285202553,0.0359369745553772,0.0752501151673128,-5.24462553139542
"Q9NX55_HYPK",-0.0606376949882588,20.5594949913946,-0.49496263267745,0.63567476324959,0.725904381632719,-7.7601242042925
"Q9NX57_RAB20",0.772044629972626,16.7359731311894,4.87325394474959,0.00227009428314702,0.00859152019537572,-2.10634057557807
"Q9NX58_LYAR",-0.286592873768875,20.6685028898729,-4.44644549986668,0.00255567292420409,0.00937231139046783,-2.43642215927767
"Q9NX61_TMEM161A",0.086495802074122,16.0856347392823,0.859565058566783,0.42617329099062,0.53455206064369,-7.34964551558759
"Q9NX62_BPNT2",0.323789444482401,21.0163983519993,3.44421907383372,0.00988039527735256,0.026852336258571,-3.88816230257796
"Q9NX63_CHCHD3",-0.0438413094541552,21.9026968090016,-0.882095531825394,0.40526226214898,0.513503000141987,-7.47833603670669
"Q9NX70_MED29",-0.103959694913247,18.6421599891847,-1.39245003207732,0.203901760483557,0.298797960302241,-6.92161345199651
"Q9NX74_DUS2",0.204762100706226,18.8218685773383,3.2788635054717,0.0123583880889466,0.031929664393375,-4.1309280291187
"Q9NX78_TMEM260",-0.0434335528309546,15.8854562072568,-0.536140077749585,0.607478852365859,0.702279725742778,-7.73771125779217
"Q9NXA8_SIRT5",0.680831681762879,18.9316775498609,11.8968748506386,4.08181122764909e-06,9.2022670634198e-05,4.65804154808368
"Q9NXB0_MKS1",-0.130752169308947,15.1610533603748,-0.862648238707707,0.444050445962908,0.551534046401612,-6.78421622276113
"Q9NXC5_MIOS",0.381851227674218,18.5135395386315,5.92071926103586,0.000462622027812978,0.00254660258814462,-0.564208350603702
"Q9NXD2_MTMR10",0.0969313879430285,16.306517276696,1.25953296719692,0.245830519163046,0.346620125230816,-7.08302913739132
"Q9NXE4_SMPD4",0.0711578707670526,19.5428023743194,0.753902304096344,0.474038536238199,0.579936727402949,-7.58725786055583
"Q9NXE8_CWC25",0.102674543328074,16.9775735905628,0.758570693248353,0.471402879613846,0.577729242489235,-7.58354462165401
"Q9NXF1_TEX10",0.37329217619514,19.1642327773926,6.58321390134408,0.000235123075765189,0.00155725065592239,0.182226597235202
"Q9NXF7_DCAF16",0.400160722429437,16.450498813104,3.50930442604974,0.00891514178709079,0.0248021320823541,-3.78362683359665
"Q9NXF8_ZDHHC7",0.00760520891615002,16.0014848193069,0.103651333387281,0.920179235105771,0.946169502674327,-7.89134568642602
"Q9NXG2_THUMPD1",-0.0212100889359839,20.6934549933386,-0.409509492048373,0.693675566215115,0.773669781191255,-7.80351348001249
"Q9NXG6_P4HTM",-0.41994474734712,17.7908562237253,-5.27044122440263,0.000947684213855112,0.00439359964519244,-1.35254538005432
"Q9NXH9_TRMT1",-0.43130449205681,18.907443790842,-7.09259308030957,0.00014446783444607,0.00107020987823663,0.720329218951443
"Q9NXK8_FBXL12",0.230611194806507,16.7613222403917,1.19655503173437,0.269514967713693,0.372324164830354,-7.15483809271464
"Q9NXN4_GDAP2",0.208750235689308,18.6852989979602,2.86734144058416,0.0225126477548205,0.0512840262471998,-4.76137728719569
"Q9NXR1_NDE1",-0.200439219737596,16.7377986377026,-1.29455431019584,0.234120475437468,0.333305593057625,-7.04147980422475
"Q9NXR7_BABAM2",-0.174762766689071,19.7985511109185,-2.48616425767779,0.0398192818721283,0.0814060028349417,-5.34941392407154
"Q9NXR8_ING3",-0.241034548847324,17.5147822452672,-3.01433551240336,0.0181310707254368,0.0432856617811945,-4.53507549864785
"Q9NXS2_QPCTL",1.09815499123508,18.0673035359257,9.86840208028592,1.52648461514316e-05,0.000223991840360258,3.2052488427508
"Q9NXU5_ARL15",-0.299722969920694,17.4947682056179,-4.20675287488582,0.00347464513940419,0.0119280027349551,-2.76986014053345
"Q9NXV2_KCTD5",-0.129461481304261,17.4653103040368,-1.37684264685277,0.208478549547543,0.303700173645383,-6.94107622302052
"Q9NXV6_CDKN2AIP",0.220537053815171,18.3326078036279,3.44161275732775,0.00980544820915804,0.0266676099462872,-3.88510495254167
"Q9NXW2_DNAJB12",-0.0313042449515528,19.4534466797328,-0.36910170332792,0.722311470572801,0.796031597596809,-7.82097369170453
"Q9NXW9_ALKBH4",0.0855183657771903,21.0131453794253,1.15101880613803,0.285293817944725,0.389060156651341,-7.20694010345296
"Q9NXX6_NSMCE4A",-0.148433703099503,18.0509495382212,-1.30592099823315,0.230423864722353,0.329023243519311,-7.0278389989044
"Q9NXZ2_DDX43",-0.219723231945139,16.7714676601937,-2.03227982803748,0.0791621907279708,0.140481649980347,-6.03691682066711
"Q9NY12_GAR1",0.345655030820723,20.4236902521539,2.70591210818583,0.0301822090481333,0.0652369206030476,-5.03641350003515
"Q9NY26_SLC39A1",-0.380542744874422,16.8692052238141,-1.25670038948557,0.251545153275748,0.352726099925366,-7.08339581847815
"Q9NY27_PPP4R2",0.0457147997562792,19.7490460048345,0.627260761907562,0.549207671068231,0.650556654062074,-7.68030309382886
"Q9NY33_DPP3",-0.0346403396382797,22.8666136605869,-0.575325083100874,0.582010577319284,0.679101169659025,-7.71403119085623
"Q9NY61_AATF",-0.415922534098861,19.4159237410671,-3.21209484446391,0.0143256881981952,0.0360144315275247,-4.26265703748058
"Q9NY65_TUBA8",0.554720705088062,16.4058323718094,5.45665633255873,0.000767394259793585,0.00372964343046533,-1.12090548384359
"Q9NY93_DDX56",-0.471550913603277,19.892680789241,-5.56848589756048,0.000677560295004222,0.00338116739902564,-0.984095833122674
"Q9NYA1_SPHK1",-1.01312852573502,17.5293114937627,-9.008021212691,0.000177182726250208,0.00124844418634363,1.04102761681986
"Q9NYA4_MTMR4",-0.0737388724381418,17.8565965149733,-0.756846562985933,0.472375139230393,0.578642515528979,-7.58491828409161
"Q9NYB0_TERF2IP",0.0128456998166726,19.5222192183071,0.155384565937498,0.880641531748577,0.917985343634834,-7.88377472900581
"Q9NYB9_ABI2",0.50462626016569,19.2261823023445,9.07223979377953,2.73729155820043e-05,0.000332696247415616,2.56003449972382
"Q9NYF3_FAM53C",0.143577834378831,18.5609524364335,0.572215138354982,0.586636296693422,0.682831073115287,-7.71313937969862
"Q9NYF8_BCLAF1",0.0453341796759794,21.3945164520195,0.823368576566619,0.435838364178066,0.54408626618898,-7.53000234052681
"Q9NYG5_ANAPC11",0.0278609157755128,15.5308767093016,0.322241767335635,0.756117434916273,0.824685176598547,-7.83902830797427
"Q9NYG8_KCNK4",-0.1390140067603,15.3800963954656,-1.42098532977711,0.209862981197533,0.305296330397335,-6.5422959105855
"Q9NYH9_UTP6",-0.190094892058703,18.22081945096,-1.58047834838095,0.155391528493917,0.241358845049978,-6.67767585248239
"Q9NYJ1_COA4",0.335439900493494,16.7918988298,2.26583435021955,0.0555740218821312,0.10617192588639,-5.68636859030926
"Q9NYJ8_TAB2",0.120282084990279,17.9743166576928,1.38662744902515,0.205598775356314,0.300535877169984,-6.92888947968857
"Q9NYK5_MRPL39",-0.284206660431924,20.4106246602884,-3.68516485273601,0.00698292124453808,0.020445972008615,-3.52232899433387
"Q9NYL2_MAP3K20",0.328366566507778,17.5099586402096,2.96998615521123,0.0193499554471868,0.0455030481063497,-4.60325734038493
"Q9NYL4_FKBP11",-1.55436968085435,18.4067398772126,-14.9320017894823,7.97516227248535e-07,3.03333908324132e-05,6.44109505104366
"Q9NYL9_TMOD3",0.0886488287941489,21.2267679734813,1.94769548142627,0.0899451517822647,0.155889976280983,-6.16132773314568
"Q9NYM9_BET1L",0.0574719565862161,16.4797119413453,0.754940750204519,0.473451407860831,0.579403875955827,-7.58643358000081
"Q9NYP3_DONSON",-0.0785923066612728,15.3519544930754,-0.946730044948803,0.392230501857785,0.500935881507312,-7.24864477453134
"Q9NYP7_ELOVL5",-0.0500089488630806,19.2425084855417,-0.280184256248944,0.787736133917013,0.848203203351487,-7.85267394825666
"Q9NYP9_MIS18A",-0.7815174567599,17.6932725157262,-6.64020436112459,0.000222346498477364,0.00149440340347857,0.24392279271251
"Q9NYR9_NKIRAS2",0.0551374544258536,18.3575185448563,0.657727491665338,0.530488173655193,0.633387800654998,-7.65929838107421
"Q9NYS0_NKIRAS1",0.339930942116712,17.1803523208867,2.45936570339085,0.0414632175318889,0.0840143912089294,-5.39060448246271
"Q9NYU2_UGGT1",0.221047532077325,21.345908061683,3.93657978711123,0.00496295998266381,0.0156914098707464,-3.15519646795287
"Q9NYV4_CDK12",-0.176066809667709,18.3420488213169,-2.32840568329656,0.0505472447053945,0.0987853268234688,-5.59113496600454
"Q9NYV6_RRN3",0.0152815925352776,17.7011469588755,0.125200872563436,0.903673729731982,0.934097574878448,-7.88855789238158
"Q9NYY8_FASTKD2",0.163646404789088,18.9467227834075,1.62411959239524,0.145752408050457,0.229518279367789,-6.6187926337964
"Q9NYZ1_TVP23B",0.0659398495950789,16.6211569372012,0.428995276715391,0.680050177018028,0.763381961607374,-7.79447443059822
"Q9NYZ3_GTSE1",-0.23637523820279,18.2269506438538,-3.83204076273028,0.00571364886731362,0.0175354659135338,-3.30688814358494
"Q9NZ01_TECR",0.339376781992829,20.7475609307129,3.1031972671689,0.0166280791796837,0.0405182380791424,-4.42320102738917
"Q9NZ08_ERAP1",0.70914255393097,19.2983669028281,10.5207661790482,9.74636341592158e-06,0.000162687660075809,3.70025769212426
"Q9NZ09_UBAP1",-0.0032578171241795,17.9652618641261,-0.044960750353873,0.965319170021037,0.97707732752692,-7.89628069394263
"Q9NZ32_ACTR10",-0.0695056639223246,19.7598981644599,-1.00220692887023,0.347652228179645,0.455350458090733,-7.36386551621101
"Q9NZ43_USE1",-0.546387754673237,18.1618344244493,-7.06837662771183,0.00014776139995708,0.00109115752070488,0.695412347019831
"Q9NZ45_CISD1",0.668659609374274,19.3453529180346,9.15053787271244,2.57956836003056e-05,0.000319106797935819,2.6256364168062
"Q9NZ52_GGA3",-0.0126999601912985,17.6664247074382,-0.147129783347073,0.8869293564262,0.922449556590126,-7.88518452291843
"Q9NZ53_PODXL2",-0.192361866711163,17.5022241674018,-1.2532949701023,0.248633580556523,0.349765046576658,-7.08993418702767
"Q9NZ63_C9orf78",0.405676218604601,19.1652943086259,5.18827820015997,0.00104171861482875,0.00471577792392804,-1.45628934504848
"Q9NZ71_RTEL1",-0.233267321831516,17.0783340581995,-1.72959908725774,0.124699315012665,0.202490710125706,-6.47342452745344
"Q9NZB2_FAM120A",0.812044573032971,20.5880989826282,13.0789196735448,2.07335002597416e-06,5.72229637132579e-05,5.40036706211412
"Q9NZC3_GDE1",0.197124723563409,17.9681941708337,2.65637121668034,0.0308258493586937,0.066421538429316,-5.08705752769801
"Q9NZC7_WWOX",0.367315932494744,17.9345289635256,4.89958209830288,0.00146336698278295,0.00615709443223757,-1.82838280813827
"Q9NZC9_SMARCAL1",0.273873892195404,16.7912072392996,3.74783709948063,0.00640758423127982,0.0190904058644327,-3.43007701797874
"Q9NZD2_GLTP",0.557182610908214,20.3484724491415,11.6887345967887,4.62813370535459e-06,9.88890492692653e-05,4.52005585139681
"Q9NZD8_SPG21",0.0472706377369576,19.8596918167369,0.822600358118707,0.436248807802921,0.544509736433197,-7.53065868448873
"Q9NZE8_MRPL35",-0.350781134258501,19.0767832651612,-4.46587593123987,0.0024937531367342,0.00922338787147216,-2.40974754824414
"Q9NZI5_GRHL1",-0.527026326865663,16.8016107818832,-6.49887641491629,0.000255558642771645,0.00164843035500453,0.0902145297791899
"Q9NZI7_UBP1",0.365418833002877,18.5518087370886,3.83718793632519,0.00567394610727009,0.0174598353248327,-3.29938662832425
"Q9NZJ0_DTL",0.0111885061083257,17.4103499432365,0.12735105962541,0.902029451662501,0.932902483490236,-7.88825103598481
"Q9NZJ5_EIF2AK3",0.185426408718049,15.9284775607617,0.992375534416803,0.371794067180313,0.480535189111326,-6.72711755441739
"Q9NZJ6_COQ3",0.296129544908897,17.757309921003,3.52389007017569,0.0087348808302079,0.0244608659146298,-3.76182430313463
"Q9NZJ7_MTCH1",1.05013156657992,20.1510367848808,18.2496711290088,1.85175376180962e-07,1.25280154947209e-05,8.0118659161714
"Q9NZJ9_NUDT4",1.13071653553619,16.5191886945667,9.93441723889159,1.4570294304993e-05,0.000217134307917489,3.25665904876282
"Q9NZL4_HSPBP1",-0.485809362148608,21.597012551539,-8.32626209210216,4.92944992240022e-05,0.000493267600219237,1.90951116653181
"Q9NZL9_MAT2B",0.165833787807305,21.9428050752035,3.34824719018972,0.0111926115304382,0.0295978952439295,-4.02582578787461
"Q9NZM1_MYOF",-1.61175574803029,20.382323977193,-15.8725357089934,6.13955851602389e-07,2.60760693638904e-05,6.75578669223712
"Q9NZM3_ITSN2",-0.375304341955573,18.1824037789569,-5.34564380092068,0.00086977806241571,0.00410460079454821,-1.25841822969948
"Q9NZM4_BICRA",-0.00462726315539896,16.6278167388608,-0.0488647722546625,0.962310380157094,0.97545251343158,-7.89607332582435
"Q9NZM5_NOP53",-0.306570951526556,19.9840613657671,-4.13160369007822,0.00383267707589871,0.01287382084589,-2.87604914578241
"Q9NZN3_EHD3",0.233265169760614,17.2643340243517,1.91287921690163,0.0947874931391663,0.162660019090668,-6.21204623788412
"Q9NZN5_ARHGEF12",0.339500831071593,17.6972013570677,5.05821299228806,0.00121232835381082,0.0053094493246375,-1.62246262937909
"Q9NZN8_CNOT2",0.0391169417922725,19.3681815884433,0.284014538732961,0.784557976400635,0.845734028423978,-7.85169728990462
"Q9NZQ3_NCKIPSD",0.215928208359642,18.2831648967917,2.51989374108309,0.0378444180079059,0.0784066600732902,-5.29751319545026
"Q9NZR1_TMOD2",-0.65040136721171,16.6980599780322,-1.05018806448316,0.346589497637474,0.454178386945233,-7.23622036092042
"Q9NZT2_OGFR",0.124830621198438,21.188509024176,2.08876359639637,0.0726781085807899,0.131174503134618,-5.95299337512848
"Q9NZU5_LMCD1",0.668038485997844,19.5372239901592,5.20232885635383,0.00115658602747734,0.00512288538821798,-1.53027376695686
"Q9NZW5_PALS2",-0.949300432870878,18.8620677787082,-16.0243067668299,4.77861116773217e-07,2.30816456091076e-05,6.99518609272913
"Q9NZZ3_CHMP5",-0.0023187402908853,20.5054439898208,-0.0246686896661699,0.980966980473553,0.987221744848333,-7.89708064597715
"Q9P000_COMMD9",0.147913116595642,19.2622857560238,2.95275191425823,0.019846575220202,0.0465135093680087,-4.62977759239332
"Q9P003_CNIH4",0.330344580455016,18.3401631936292,0.980055553843163,0.364927409850309,0.473421016172682,-7.37843739061429
"Q9P013_CWC15",0.0835389755283593,19.3833423911337,1.22237317601467,0.258795009069212,0.360948060315434,-7.12630288758704
"Q9P015_MRPL15",-0.116531056203609,20.3026412104387,-2.1076259050597,0.0706316885294596,0.128497605584328,-5.92483234245203
"Q9P016_THYN1",-0.539048729944881,19.2927054561817,-5.19741982861926,0.00103076366150273,0.00468501081580759,-1.44469968674314
"Q9P021_CRIPT",0.0442134159324894,17.2400767265899,0.508156703228823,0.626029878520526,0.717301044733786,-7.75367494449893
"Q9P031_CCDC59",-0.178278843566208,18.9166737729565,-3.12603906465012,0.0154057472513609,0.0381896685268009,-4.3638249210942
"Q9P032_NDUFAF4",0.436432956984586,18.8589827645444,6.51476109890801,0.000251563109887853,0.00163278244946154,0.107609943101741
"Q9P035_HACD3",0.548697669487606,21.6790415576159,7.48422693502876,0.000101145531530204,0.000827898917075383,1.11449686649325
"Q9P086_MED11",-0.0719889164288894,16.9582343350959,-0.594756009880663,0.569608411300511,0.6683020724973,-7.70172216869995
"Q9P0B6_CCDC167",-0.124176900361521,16.1697477794402,-0.570390562433538,0.591371006246539,0.687071044057574,-7.23143344155083
"Q9P0I2_EMC3",0.206328422972604,20.3280877271537,4.0795755847961,0.00410397125817602,0.0136234738466156,-2.95001979807137
"Q9P0J0_NDUFA13",0.0887597698969778,21.7686300720168,1.89235859355711,0.0977587112563982,0.166265928265887,-6.2417940877577
"Q9P0J1_PDP1",1.15792435599562,18.4734466856397,16.1923037776681,4.42968162615004e-07,2.2728131565045e-05,7.07694875742521
"Q9P0J7_KCMF1",-0.027531665392015,17.1498398716856,-0.355257296897238,0.732235082029147,0.80441689928335,-7.82655426503029
"Q9P0K7_RAI14",0.114413644046227,20.5124453195187,1.8843832365223,0.0989375617899568,0.167930261019004,-6.25332543109229
"Q9P0L0_VAPA",-0.0592060584197043,22.2567082510726,-1.36806030565327,0.211093336803109,0.306632825358117,-6.95197072993435
"Q9P0M6_MACROH2A2",-0.0780161288201455,19.9480494822114,-0.530494881467799,0.61227954168731,0.706654150996299,-7.73986898556961
"Q9P0M9_MRPL27",-0.239234078563832,18.7520500172846,-3.07892429192245,0.0164984525976547,0.0402844682558513,-4.43596388957007
"Q9P0N9_TBC1D7",0.0267176523577088,15.3844961829754,0.297968681382337,0.779110489860652,0.841624225847388,-7.61358374652456
"Q9P0P0_RNF181",-0.460018735475163,19.0044776379195,-3.8647549455933,0.0056861190584272,0.0174790431048154,-3.28550790304915
"Q9P0P8_MTRES1",-0.291042124422169,16.9283422604357,-2.50833079649131,0.0385098860118834,0.0793552772401208,-5.3153121023819
"Q9P0R6_GSKIP",-0.197404767413236,19.1687658565839,-1.68677968875415,0.13371359438357,0.214126608517468,-6.53370333124103
"Q9P0S2_COX16",0.265020000080813,18.8100479780089,4.44002516063734,0.0025765006660516,0.00943115875604698,-2.44524795774213
"Q9P0S9_TMEM14C",0.492588511845561,18.9488282053136,1.78887174685963,0.122386116714803,0.199327196907685,-6.40191973266292
"Q9P0T4_ZNF581",-0.162716233666092,16.0989893250556,-1.73517160339473,0.123670478125118,0.201119082166885,-6.46563293051373
"Q9P0T7_TMEM9",0.00970872861953964,17.9481396677573,0.0437586014474042,0.966368625516942,0.977390746725132,-7.89632702993863
"Q9P0U1_TOMM7",-0.00703111867654016,17.2556895812885,-0.0260880312354981,0.980281842479302,0.986865247004776,-7.80598622897873
"Q9P0U3_SENP1",-0.267733944899206,16.7842414439689,-1.94558968488025,0.0902310856590076,0.156279259144339,-6.16440390673163
"Q9P0U4_CXXC1",0.0442992009116026,17.9775419807331,0.659096227691428,0.529656466533114,0.632657585150345,-7.658333868169
"Q9P0V3_SH3BP4",0.423280018767652,20.856175696411,3.26443310514301,0.0136850523610016,0.0346660786281833,-4.20082623640602
"Q9P0V9_SEPTIN10",-0.821727356845528,18.1131314369716,-8.55710935217524,4.09030288367354e-05,0.000427775178463532,2.11591087271027
"Q9P0W2_HMG20B",-0.59271268806263,18.8412641046241,-8.51253307367134,4.2389835699599e-05,0.000439119639462648,2.07642163155808
"Q9P107_GMIP",-0.769245663089436,17.9152845177654,-6.40176286955249,0.000281578093945687,0.00176447912148752,-0.0167994942193905
"Q9P1F3_ABRACL",-0.642665933518732,21.8869684026527,-10.0794961047038,1.3165363496704e-05,0.000200774125760676,3.3685746849509
"Q9P1Q0_VPS54",0.146111314302644,16.052641477026,1.597680987006,0.157733433880038,0.244202531796859,-6.6331071946991
"Q9P1U0_POLR1H",-0.821003268595334,17.6480393528862,-4.50462148429302,0.00273586275148307,0.00989388398064716,-2.45822820316275
"Q9P1U1_ACTR3B",0.0407248996972207,16.1245999686297,0.239926320545359,0.819601896520895,0.872925118264453,-7.77230165636187
"Q9P1Y5_CAMSAP3",-0.520887693768159,19.1799279695901,-8.03287252844223,6.28814570343939e-05,0.000594035708840389,1.64022959454907
"Q9P1Y6_PHRF1",-0.178865740548915,17.3690389377237,-2.56320745376804,0.0354546194499504,0.0745053781459238,-5.23078684590357
"Q9P206_KIAA1522",0.333408986621112,19.2841454307702,5.49868090395443,0.000732175527856262,0.00359043098810848,-1.06929271124484
"Q9P215_POGK",-0.318710529697185,17.7549191395513,-2.74112302043907,0.0271571540169197,0.059751836033155,-4.95619027838109
"Q9P219_CCDC88C",0.174731781043398,18.5054461163052,2.70319954638507,0.0287394128057705,0.0626497892501043,-5.01475318204529
"Q9P246_STIM2",-0.206390642742218,19.1134706748846,-3.48203243927942,0.00926296703958619,0.0255098641994368,-3.82445350282518
"Q9P253_VPS18",-0.323456546623682,19.5886209494124,-4.11837103131944,0.00389977834967878,0.0130590475178687,-2.89482766478357
"Q9P258_RCC2",-0.247080036702702,23.0315858743499,-5.46339840572298,0.000761620019479582,0.00370865289740217,-1.11260881133445
"Q9P260_RELCH",-0.092739694489353,17.953262339541,-1.32484619252213,0.224380510501618,0.321887291674375,-7.00496226128165
"Q9P265_DIP2B",-0.0550921341755384,19.3077586503198,-1.0169803280932,0.341020543165021,0.449190567280597,-7.34900729457432
"Q9P270_SLAIN2",-0.174859514677017,18.6155541697646,-2.85271882412667,0.0230054349241028,0.0522043781522013,-4.78393105015132
"Q9P273_TENM3",-1.01743449908827,16.3361950352506,-9.77726890939604,0.000115896617944447,0.000914375277797001,1.5256751880858
"Q9P275_USP36",0.286371456248162,18.5987923320003,3.99577339339211,0.00458579121118368,0.014780090138912,-3.06993315456076
"Q9P287_BCCIP",-0.178034118870269,21.1738977831451,-3.05733393770064,0.0170262398773824,0.0411525778888992,-4.46906781588433
"Q9P289_STK26",0.797918425566671,20.7280700826715,12.4540642675488,2.94435475858457e-06,7.26115875141259e-05,5.01640868302246
"Q9P291_ARMCX1",0.165722591561444,16.1561512035525,1.45897389028019,0.191443410135579,0.284080914302504,-6.81247861029651
"Q9P2B2_PTGFRN",1.35863071355541,19.1403979486392,17.6502287036745,2.36345702485127e-07,1.45714749636999e-05,7.75143549465942
"Q9P2B4_CTTNBP2NL",-0.533498415524623,18.3750451334203,-7.26713169759572,0.000123017356478225,0.000952488354326366,0.898021433631573
"Q9P2B7_CFAP97",-0.059376708711774,15.5491896167141,-0.357601161311096,0.74138597944208,0.812601550227197,-7.13564398480525
"Q9P2C4_TMEM181",0.225888042670768,17.3781352418937,2.83930463276996,0.0234674065447064,0.0530950941208288,-4.80462570858611
"Q9P2D0_IBTK",0.290890364536441,21.0333202913058,1.69222621089774,0.137072186270504,0.218361505321525,-6.53022350280484
"Q9P2D1_CHD7",-0.340740725236344,16.9255559709383,-3.55121583530793,0.00840759430198394,0.0237181027448957,-3.72103979747768
"Q9P2D3_HEATR5B",-0.0338671609933741,18.6043634698135,-0.325749695261652,0.753565903672036,0.822766542926695,-7.83775896966473
"Q9P2D7_DNAH1",0.271241261058645,16.5020937277515,1.72438957589965,0.132180685961898,0.212027138938042,-6.42849272943749
"Q9P2E3_ZNFX1",0.0218218555376097,17.6191609562765,0.260036127625301,0.801871092827855,0.858712407532124,-7.85930638298791
"Q9P2E5_CHPF2",0.099864270518939,16.4612699693554,0.740973293374147,0.481389003506344,0.586956767433173,-7.59743871198283
"Q9P2E9_RRBP1",0.254092552453688,20.6086985507507,3.77465010189875,0.00617722946592464,0.0185705541749878,-3.39075458197099
"Q9P2G1_ANKIB1",0.225940569358364,19.3468397043229,2.22618708174535,0.0590161534524699,0.111567382083119,-5.74646878965151
"Q9P2I0_CPSF2",-0.0377411671498074,20.2439588826379,-0.810599960705816,0.442695378387262,0.549952253456389,-7.54084503451346
"Q9P2J5_LARS1",0.255221606773521,21.959190918771,3.44189628955075,0.00980152666442161,0.0266664310852324,-3.88467891844745
"Q9P2J9_PDP2",0.215553137971371,15.7439598703287,1.85528285277038,0.117828755770927,0.193357870406589,-6.2308228273318
"Q9P2K2_TXNDC16",0.530677893482324,17.0310334204132,5.29922809992604,0.00145461573311524,0.00613039541326682,-1.61033177172219
"Q9P2K3_RCOR3",-0.274626796904371,18.1899280060439,-4.42951165502709,0.00261100839258817,0.00952799959968334,-2.45971311069445
"Q9P2K5_MYEF2",-0.116005844376303,20.8930149210244,-2.30652137594467,0.0522510536925118,0.101411349448909,-5.62449239630496
"Q9P2K8_EIF2AK4",-0.0706816831753052,17.1445180279495,-0.87354305165704,0.409616631865267,0.517520930525527,-7.48604139374625
"Q9P2L0_WDR35",-0.493215217150027,16.2634894909036,-2.59133198876516,0.0452398005691986,0.0902414002481389,-4.97945880773839
"Q9P2M7_CGN",0.364062031005037,20.4112471170423,5.72103994759373,0.000573231369592209,0.00298322247823856,-0.800205749938468
"Q9P2N5_RBM27",-0.327573941740678,19.1973739874891,-5.36586101461593,0.000850060090406222,0.00402646182847309,-1.23324774483544
"Q9P2N6_KANSL3",0.0980699624464769,17.2948739300808,1.16144681142061,0.281287046068846,0.384831687043008,-7.19536335486769
"Q9P2N7_KLHL13",-0.123523910272624,15.9340956052609,-0.687730022325454,0.534962663828294,0.637535395941903,-6.93199899371866
"Q9P2Q2_FRMD4A",-0.261854420766356,15.4609648222718,-2.88362588164892,0.0394363142769827,0.0808285851601965,-4.88439007463122
"Q9P2R3_ANKFY1",-0.440628549311604,21.2977284964747,-7.59828580735594,9.14232638650668e-05,0.000782677326146064,1.22626602926647
"Q9P2R6_RERE",-0.560321946590701,16.0759490496862,-4.14048520956071,0.00745773301134918,0.0215944731768978,-3.23502109921019
"Q9P2R7_SUCLA2",-0.266835690327159,21.3213959891021,-6.12105519023539,0.000374947271354806,0.00219821463919286,-0.332669047843237
"Q9P2T1_GMPR2",-0.467089022676021,19.8659757459059,-5.67607157118533,0.000602004794538029,0.00309712426261321,-0.854084857364946
"Q9P2W1_PSMC3IP",-0.0362392718274371,17.1277536665173,-0.390261683692257,0.707253481802146,0.78407089158605,-7.81204745484749
"Q9P2W9_STX18",0.193899327908294,18.9230670883858,2.44532617992173,0.0423519320158334,0.0854527633309704,-5.41216590467928
"Q9P2X0_DPM3",-0.00626626172310196,18.4606220630003,-0.015851947660783,0.987895611701578,0.99219276310455,-7.89727766784468
"Q9P2X3_IMPACT",-0.358423195700738,17.2578856344211,-4.93223609419851,0.00140734932821014,0.00597069123982605,-1.78570114265799
"Q9P2Y5_UVRAG",-0.0497601669751937,16.7550866952377,-0.415857581426566,0.689223162740739,0.770450516033478,-7.80061276081428
"Q9P2Z0_THAP10",-0.0396177903414614,15.3774899816027,-0.635110915043422,0.544346755021939,0.646300814123734,-7.67497631082016
"Q9UBB4_ATXN10",-0.452624405078005,20.7389306053399,-9.29544887717886,2.31387059500602e-05,0.000296804374141292,2.74577606626303
"Q9UBB5_MBD2",0.103916614648895,18.9554873361514,1.72456555541288,0.125635565505676,0.203664948747008,-6.48045331679764
"Q9UBB6_NCDN",-0.470789155227539,20.5611386716014,-8.22595168314629,5.35298458498937e-05,0.000526686835936212,1.81833587533219
"Q9UBB9_TFIP11",-0.138979760222568,19.0325404923477,-2.12292310627926,0.0690139897934915,0.126288187247149,-5.90194717829139
"Q9UBC1_NFKBIL1",0.384685505975886,15.7614191738034,4.86679071627695,0.00228591019306356,0.00864282068544557,-2.11406377902362
"Q9UBC2_EPS15L1",-0.884995059870551,20.5031867452208,-17.9928590558592,2.05383326457463e-07,1.36535263544983e-05,7.90142559908463
"Q9UBC3_DNMT3B",-0.198760121343842,17.8715245617824,-1.13682158113417,0.292783632993089,0.397784054421924,-7.22093117304888
"Q9UBD5_ORC3",-0.0677368450159967,18.8397537038229,-1.18781070992613,0.271363268108832,0.374336373997117,-7.16577446466207
"Q9UBE0_SAE1",-0.0748714935561203,21.835927265772,-1.54370031772471,0.16396529195952,0.251709770488058,-6.72667707609218
"Q9UBF2_COPG2",0.100192790145186,19.4067286655987,1.77041911905422,0.117346190034851,0.192783327734898,-6.41610695248305
"Q9UBF6_RNF7",-0.0798002844505667,18.3871959348126,-0.932384055821913,0.380338177758809,0.488850936275402,-7.43181054865396
"Q9UBF8_PI4KB",-0.0309030972950879,18.896409237876,-0.59079230525848,0.57212588909475,0.670638212531334,-7.70426332687668
"Q9UBI1_COMMD3",-0.209884880939708,19.5310709851381,-3.88441980406683,0.00532323265590508,0.0165700788495091,-3.23070786090669
"Q9UBI6_GNG12",-0.0743453257226854,19.3716296856706,-0.378971669152922,0.716614347299211,0.791963949688059,-7.81572551329246
"Q9UBK8_MTRR",-0.152647696655201,17.4760896969335,-1.50195997011908,0.174216077721885,0.26394806067852,-6.78156463703444
"Q9UBK9_UXT",-0.782321133593193,17.9122857700934,-9.50943510106337,1.97593165042219e-05,0.000266419708421122,2.92022739352224
"Q9UBL3_ASH2L",-0.115397296615079,19.5178140971244,-1.83830595437678,0.106020663384743,0.177125867914414,-6.31960255446623
"Q9UBM1_PEMT",-0.155187381688679,15.7810321280279,-1.72212605337945,0.152772224833942,0.237967330655152,-6.35920634454408
"Q9UBM7_DHCR7",0.437563270799366,22.8158020661414,3.30471782163039,0.0133343863449955,0.0339804612024968,-4.15900519564279
"Q9UBN7_HDAC6",-0.331509487005587,18.3118369608091,-3.97103653993846,0.00473949142995197,0.0151604234234238,-3.10550833566963
"Q9UBP0_SPAST",-0.351545673428436,17.7477442739313,-3.56419450474788,0.00825677366078323,0.0233482354169596,-3.70169737038274
"Q9UBP6_METTL1",-0.194338908429472,20.071608130511,-2.85880099131067,0.0227991091091095,0.0518051805254231,-4.77454929478832
"Q9UBQ0_VPS29",0.257373079843376,21.3338369744773,5.16486493522699,0.00107036634605169,0.00481981867586689,-1.4860261063825
"Q9UBQ5_EIF3K",-0.416344251940895,21.9112665773127,-8.83404065627392,3.28784822470153e-05,0.000378085175015867,2.35741724635104
"Q9UBQ7_GRHPR",-0.23267548551712,21.2963162224415,-3.40636988537109,0.0103061955515934,0.0277042422615793,-3.93812340028904
"Q9UBR2_CTSZ",0.544671066403588,17.3309026918837,2.55523981609227,0.0377883300421701,0.0783163146803104,-5.26640196969779
"Q9UBS0_RPS6KB2",0.273960236717048,20.4660613146656,3.51486878185252,0.0088459073049824,0.0246633702941613,-3.77530657977253
"Q9UBS4_DNAJB11",0.115197411520377,21.1257034557361,2.47277239698653,0.0406323098492015,0.0826813970713723,-5.3700031979512
"Q9UBS8_RNF14",-0.077515114259338,19.0029259887092,-0.963938225370958,0.36529134985237,0.473732378222454,-7.40157720665391
"Q9UBS9_SUCO",-0.0444949503484189,15.2705317740454,-0.786335818071418,0.455930513504115,0.562645484380784,-7.56105666438894
"Q9UBT2_UBA2",-0.0353273346496508,22.0694122234386,-0.881478464342271,0.405575308222777,0.513603318098911,-7.47889402337268
"Q9UBT7_CTNNAL1",0.458872802421507,17.8165958267392,6.53590288324813,0.000246352762285225,0.00161247163327957,0.130715355719062
"Q9UBU6_FAM8A1",-0.133004637699276,17.9815445374768,-1.64048062834156,0.142283302576189,0.225254886766404,-6.59651948872785
"Q9UBU7_DBF4",-0.013632566115847,15.4398856859542,-0.0841220413756565,0.93760054885738,0.958026757018801,-7.21162419239747
"Q9UBU8_MORF4L1",0.1731374055536,19.412898398405,2.37582797237076,0.0470451938654781,0.0931039366040849,-5.5186872420638
"Q9UBU9_NXF1",-0.165493008605107,20.462785647926,-2.74105460900304,0.0271599254696159,0.059751836033155,-4.95629592060402
"Q9UBV2_SEL1L",-0.0051776363999565,19.1147274320312,-0.0881895457435014,0.93204818352013,0.954138773836556,-7.89302332503461
"Q9UBV7_B4GALT7",0.426761881959763,17.691652391269,3.93418070864495,0.00497893854908149,0.0157289195073256,-3.15866183354984
"Q9UBV8_PEF1",0.0760049874724622,21.1362865895227,1.20473053285592,0.265148474786853,0.367754007573565,-7.1465466887156
"Q9UBW7_ZMYM2",-0.0033401443203438,19.4491624967847,-0.0460191084263151,0.96450344291071,0.976768952318502,-7.89622618164268
"Q9UBW8_COPS7A",0.32086611136063,20.3499017381587,5.11663951010571,0.00113215111058482,0.00503907797110305,-1.54752007156897
"Q9UBX3_SLC25A10",0.564943727852484,21.6945562218656,2.78434454985452,0.0303895415276293,0.065573820202858,-4.97789347008822
"Q9UBZ4_APEX2",-0.00448630466668476,15.249805669493,-0.0729923274331053,0.94402148378241,0.962272565802203,-7.8699931447931
"Q9UDW1_UQCR10",0.717860581507033,19.7885325812638,1.66607300210627,0.152694022331132,0.237893988327187,-6.57264478971446
"Q9UDX5_MTFP1",0.110390171439867,18.5655892904507,1.55434219119654,0.16144105524368,0.248733749967339,-6.71255858787034
"Q9UDY2_TJP2",0.313887542571564,20.5912935516098,4.85232340898632,0.0015488286690787,0.00642125551795371,-1.89042396413112
"Q9UDY8_MALT1",-0.00257086895612346,17.2539273601146,-0.0319989609250849,0.975312695916606,0.983027760089974,-7.8968454708134
"Q9UEE9_CFDP1",-0.382540746716288,20.1937978746782,-4.06141152181903,0.00420354023813486,0.0138577253646145,-2.97593088409941
"Q9UEG4_ZNF629",-0.0681055160962245,17.9357902723701,-0.881899379839556,0.405361753545702,0.513503000141987,-7.47851344254441
"Q9UER7_DAXX",-0.200087790816227,18.6857220776357,-2.70897397055996,0.0284924527582465,0.0622001146021687,-5.00583620062614
"Q9UET6_FTSJ1",-0.257778134113217,18.1879843582432,-2.40162104689535,0.0452446418771899,0.0902414002481389,-5.47919786516164
"Q9UEU0_VTI1B",0.0599982620664932,19.4030993374876,0.625036878752448,0.550589434332157,0.651991360822389,-7.68180129694892
"Q9UEW8_STK39",0.825035059711528,20.980002779576,13.6565961995981,1.5196058971644e-06,4.69118291286273e-05,5.73972660273601
"Q9UEY8_ADD3",-0.531905647171403,17.3508401950973,-5.00628993875763,0.001288851655115,0.00557311702678402,-1.68946988173541
"Q9UF56_FBXL17",-0.0718469051178623,17.0316633422534,-0.769024953434171,0.465536263028964,0.571822739533488,-7.57515820068637
"Q9UFC0_LRWD1",-0.420224297817168,19.3273186702235,-7.79744809223418,7.6853620292173e-05,0.000689607895696787,1.41827760306025
"Q9UFF9_CNOT8",0.212756173858963,18.0811364823186,2.29125867078948,0.0534734878337575,0.103079749124324,-5.64772602258466
"Q9UFG5_C19orf25",-0.097149718381953,17.5763216724977,-0.873996819480127,0.409384758551623,0.517484536892718,-7.4856341050578
"Q9UFN0_NIPSNAP3A",1.18749897976236,20.1616734996784,9.10114929889907,3.804035260704e-05,0.000406641484753179,2.2828655460381
"Q9UFW8_CGGBP1",-0.162122904005152,19.7297046505759,-2.00970329117937,0.0819099442774045,0.144352587367625,-6.07027936769249
"Q9UG56_PISD",0.00892001043370172,17.5407191732959,0.0913449005376477,0.929624441297222,0.952295170000973,-7.89270287270724
"Q9UG63_ABCF2",-0.269371209629298,20.8555204680406,-3.96617342181058,0.00477035956772795,0.0152273064280919,-3.11251171004565
"Q9UGC7_MTRF1L",0.189136674091753,16.9656114662285,1.87976678492133,0.0996261736467997,0.168841076818839,-6.25999236443334
"Q9UGI8_TES",-0.539405699797751,19.3696231632648,-6.45660020605532,0.000266541298774898,0.00169261539124759,0.0437691299925733
"Q9UGJ1_TUBGCP4",-0.173373422824252,17.7749707157854,-2.49045089171832,0.0395625636978484,0.0810004819148504,-5.34282128167096
"Q9UGK3_STAP2",0.0971773413064732,19.3460770876092,1.06622316592174,0.319624659720787,0.426966717379944,-7.29830764793259
"Q9UGK8_SERGEF",0.395044321657839,16.4579256432772,1.08405854066226,0.318619689166291,0.425847469174177,-7.27355151746021
"Q9UGL1_KDM5B",-0.429911903982745,17.3462002050682,-5.42531616604747,0.000794878710685395,0.00382432205361224,-1.15955433921611
"Q9UGM6_WARS2",0.356046650030795,18.4463133622833,5.2898959719569,0.000926816578388442,0.00432417682787244,-1.32811919363758
"Q9UGN5_PARP2",-0.50529321051442,17.6524345577957,-7.37263352570327,0.000111790146083705,0.000890245486260341,1.00384168983364
"Q9UGP4_LIMD1",-0.282146071934683,17.7764510593274,-3.01904189581678,0.0180065453336071,0.0430591301455822,-4.52784575470864
"Q9UGP8_SEC63",0.113899867914302,20.1727270162935,2.12870787786485,0.0684118510619339,0.125572293245735,-5.89328234480172
"Q9UGQ2_CACFD1",0.159782116450227,15.4623680666965,1.06225553042595,0.3422596843961,0.450372048891932,-6.55734965773836
"Q9UGR2_ZC3H7B",0.140277813695935,18.5667605557279,1.4888442226834,0.177554756423909,0.267627388182331,-6.79864626998298
"Q9UGU0_TCF20",0.0178526325772026,17.5689848794904,0.15670411295019,0.879637240163831,0.917498371762311,-7.88354228287183
"Q9UGU5_HMGXB4",0.0176925888756081,17.1151737584348,0.227405647343114,0.826218628700604,0.878381506941471,-7.86824185757731
"Q9UGV2_NDRG3",-0.416386337493829,20.2776884110524,-6.19689274830883,0.000346715600833325,0.00205954993657403,-0.246359460487199
"Q9UH03_SEPTIN3",0.405748113727675,17.5846225236652,1.205665525189,0.284627682276668,0.388567612679487,-6.65346015526457
"Q9UH62_ARMCX3",0.172379123306438,19.3097001188787,1.99189754921187,0.0841426930173736,0.147457185049268,-6.09651401057606
"Q9UH65_SWAP70",0.243848161252224,18.5343280104609,3.76094673629174,0.00629382096264705,0.0188395697961773,-3.41084013921707
"Q9UH92_MLX",0.0201825159536568,15.6165841153755,0.265794418966358,0.797597727122449,0.856166046436782,-7.85760750065783
"Q9UH99_SUN2",-0.294273829172813,17.9853767002009,-3.19968191105846,0.0138483707221418,0.03502176452887,-4.25137295563232
"Q9UHA3_RSL24D1",-0.0430460342935142,18.791289689331,-0.38595481292725,0.710307404542912,0.786544048049039,-7.8139030539428
"Q9UHA4_LAMTOR3",-0.00566425169163765,20.4729046987578,-0.0753530580130436,0.941915947322981,0.961151550625225,-7.89421106734278
"Q9UHB4_NDOR1",0.339922723450435,18.2632250384367,4.41361790574559,0.0026641377110283,0.00968792047663113,-2.48161050484113
"Q9UHB6_LIMA1",1.7564505934762,19.4566489629024,26.1286224799103,1.32355357286198e-08,2.35109285115505e-06,10.7531918868757
"Q9UHB7_AFF4",0.107462026763486,19.7688030035929,1.25915388563416,0.245959949102076,0.346674743894795,-7.08347486337976
"Q9UHB9_SRP68",-0.213135347513045,21.7804652118525,-4.28180373399866,0.00315311506375575,0.0110696531114568,-2.66458995350691
"Q9UHC7_MKRN1",0.0396362104426835,16.3763445663974,0.475741338210461,0.649930998134049,0.737308574081437,-7.74479611331875
"Q9UHD1_CHORDC1",0.167407318465571,19.9171452609441,3.33357097510319,0.011429057089034,0.0300671512201188,-4.04802121583931
"Q9UHD2_TBK1",-0.00182669975568928,18.9632258663868,-0.0328868652034045,0.974627951063165,0.982783828423558,-7.89681285021659
"Q9UHD8_SEPTIN9",-0.303756202439942,22.9068266807686,-6.52436530917435,0.000249181108718522,0.00162324183745632,0.118112839442924
"Q9UHD9_UBQLN2",-0.247311944117239,20.2753770816226,-5.07889537194406,0.00118325255913159,0.00520481347212946,-1.59587842479346
"Q9UHF1_EGFL7",0.0742168194252901,15.4805426855003,0.450727239529432,0.673257233446011,0.757976052333381,-7.26216098404696
"Q9UHF7_TRPS1",0.285597098759549,19.3290764224865,4.63635838246929,0.00201572999361799,0.00783041453313491,-2.17801218086207
"Q9UHG0_DCDC2",1.0881700608329,16.9675399636613,12.0054187516917,3.82602370273893e-06,8.75747042138896e-05,4.72909374782695
"Q9UHG2_PCSK1N",0.188015585035489,16.0088999126611,0.755259900805455,0.476086424031862,0.581883407150053,-7.58297216446876
"Q9UHG3_PCYOX1",-0.147639984852621,20.8331654093127,-1.727587976396,0.125072596327109,0.202924447988275,-6.47623387899981
"Q9UHI6_DDX20",-0.0163111203619906,20.6923762145225,-0.105376110326982,0.919143233748056,0.945231372343811,-7.89106370317951
"Q9UHJ6_SHPK",-0.0235623907841322,19.2782901550496,-0.424914362375061,0.682893502088521,0.765968293423798,-7.79640063554792
"Q9UHK0_NUFIP1",-0.320096015056013,17.1074969403158,-3.13789331865268,0.015143038810189,0.0377096194475228,-4.345697533926
"Q9UHK6_AMACR",0.532479931443099,16.5560490607696,0.995608771322875,0.37509970723687,0.483662887810064,-7.00439878941138
"Q9UHL4_DPP7",0.496004979488536,19.7386826172587,5.24661901249802,0.00097394601551169,0.00449898325594373,-1.38252722859919
"Q9UHL9_GTF2IRD1",-0.0864955383112225,16.8520976548829,-0.813033475655132,0.441382788146199,0.548499904970366,-7.53878950167147
"Q9UHN1_POLG2",0.0924245572223121,19.0231979854108,1.45562399023038,0.186269933342027,0.278131570390586,-6.84154530532956
"Q9UHN6_CEMIP2",-0.198284119758735,16.9853569525126,-1.58192323991189,0.155063227214,0.240946823587608,-6.67573893167738
"Q9UHP3_USP25",0.0240873604392178,15.9689673783233,0.278006332314756,0.788559445715504,0.848970139768346,-7.85388385698297
"Q9UHQ1_NARF",-0.328504412104149,17.1794482187465,-2.54236145072258,0.0365848352581629,0.0763140697267818,-5.26291069514454
"Q9UHQ4_BCAP29",-0.0631959523665664,17.0136928440368,-0.585301997459716,0.575623521176857,0.673292812025256,-7.70775763204704
"Q9UHQ9_CYB5R1",0.973814172946131,20.8863785369378,12.0306266706041,3.76923955669501e-06,8.6534043276076e-05,4.74550718120678
"Q9UHR4_BAIAP2L1",-1.47484844628246,17.0734549924001,-17.3533754826615,2.67489650739617e-07,1.59762373430029e-05,7.61896655493757
"Q9UHR5_SAP30BP",-0.0540589879621258,21.0132778498687,-1.15239773316936,0.284761322961074,0.38861126634013,-7.20541344543792
"Q9UHR6_ZNHIT2",0.0187730558878982,18.3276258228974,0.31231430453428,0.763355682953583,0.830477628571867,-7.84254806212861
"Q9UHV5_RAPGEFL1",-1.41262353379853,16.0746965928329,-12.1002045871203,0.000141061069291598,0.00105097798452976,1.70238481422349
"Q9UHV7_MED13",0.0757293425550003,19.4397036172829,1.09598824398114,0.307215381940224,0.413569571215533,-7.26680824450173
"Q9UHV9_PFDN2",0.160719862458532,22.0331362828289,3.68264731147511,0.00700716529775395,0.0205012547651469,-3.52604457393022
"Q9UHW5_GPN3",-0.257191988763818,18.1631416634705,-3.43269489323299,0.00992965126491356,0.0269574516762302,-3.89850902975995
"Q9UHX1_PUF60",0.00487979314884868,23.2901635494512,0.0999160896003815,0.923044672641648,0.948478027196962,-7.89177567858575
"Q9UHY1_NRBP1",-0.2155507944105,19.6879819335938,-4.06334048123259,0.00419284293925342,0.0138343911396601,-2.97317710501173
"Q9UHY7_ENOPH1",-0.121616192219562,21.066940411682,-2.38333653815454,0.0465136656779301,0.0922430542432622,-5.50719737228055
"Q9UHY8_FEZ2",-0.669844164072149,17.1994367843484,-6.05766141908753,0.000400514264011015,0.00230328760012828,-0.405377836428624
"Q9UI08_EVL",-0.75996801176198,16.3664572348892,-6.92887350418114,0.000168447316047957,0.0012018288171798,0.550604544864608
"Q9UI09_NDUFA12",0.131673861079424,20.2901384168407,2.6031979750725,0.033385771887922,0.0708983961342121,-5.16911855723272
"Q9UI10_EIF2B4",0.0688894364595498,20.7828426922837,1.36534024118259,0.211908986694162,0.307525475185434,-6.95533652529267
"Q9UI12_ATP6V1H",0.0767409389031535,19.5406598167025,0.548997965293247,0.59996015430938,0.694953845408365,-7.72915431043319
"Q9UI14_RABAC1",0.42308340551061,19.252300652691,5.32579661966813,0.000889627760415169,0.00417707663838007,-1.28318331423644
"Q9UI26_IPO11",-0.242361409776034,19.1727891853653,-3.88119713000856,0.00534640147296467,0.0166151379109004,-3.23538481506749
"Q9UI30_TRMT112",-0.237601544639499,21.6931063237435,-5.85053220578695,0.000498544919498362,0.00269736440875087,-0.646560810378731
"Q9UI32_GLS2",-0.419888001266587,15.6724572684872,-2.46333096934163,0.0793863255290365,0.140814027533523,-4.97817605259811
"Q9UI43_MRM2",-0.516691231970778,15.7388223163447,-3.6094481795413,0.0132364441623634,0.0337759064156436,-3.76528751297904
"Q9UI95_MAD2L2",-0.382769503623159,16.5145360392912,-4.51185343893147,0.00337738779718319,0.0116780324330464,-2.58141993362573
"Q9UIA9_XPO7",-0.0490991416855309,20.1449391813296,-0.612378752418632,0.558493638183771,0.659614377246243,-7.69023751457633
"Q9UIC8_LCMT1",-0.209913337113562,19.755649203786,-3.17732695781438,0.0143027005581318,0.0359921480470433,-4.28546705565547
"Q9UID3_VPS51",0.370679218732146,19.3349134347678,2.98976266268477,0.0194839250102124,0.0457477293314109,-4.5924670030359
"Q9UIF7_MUTYH",0.0816770211494564,15.3612808575217,1.04329285928947,0.340813539571333,0.449055660250645,-7.22026661623363
"Q9UIF9_BAZ2A",-0.0682175762051962,19.6673812414172,-0.82618777431788,0.434334435771598,0.54274056251616,-7.52758932719535
"Q9UIG0_BAZ1B",-0.130632824972235,20.3894270744361,-2.02765580407304,0.0797175146950643,0.141335899778239,-6.04375877179892
"Q9UII2_ATP5IF1",-0.729446902678742,19.6476794237786,-5.16482515973282,0.00127536810537975,0.00552731812110444,-1.61869735485074
"Q9UIJ7_AK3",0.0272858025501037,21.0837566005224,0.329668741618161,0.750719195485346,0.820361385003641,-7.83632507487865
"Q9UIL1_SCOC",-0.195584305858505,15.7061228657896,-1.55266988679461,0.176352081794888,0.266497660668495,-6.58013954039404
"Q9UIQ6_LNPEP",0.00994694418141151,20.30562546739,0.164058760624094,0.874044058117111,0.913349757286128,-7.88221095543354
"Q9UIS9_MBD1",-0.200600013389707,18.3169729210426,-2.77678525305297,0.0257516602872893,0.0571802041522876,-4.90112387775758
"Q9UIU6_SIX4",0.606413074405907,17.4611670896377,2.96249770309811,0.0209115560744005,0.048415762019622,-4.65074619478876
"Q9UIV1_CNOT7",0.210097946460667,18.9134405316095,2.32521698067858,0.0507919699130811,0.0991039882710838,-5.59599851166231
"Q9UIW2_PLXNA1",-0.127946922823089,17.5701795888707,-1.49573229691656,0.175794240455187,0.265812295941436,-6.78968545235948
"Q9UJ04_TSPYL4",0.0371622196653139,15.0744467497214,0.266524262756259,0.801720575951476,0.858712407532124,-7.12621398880978
"Q9UJ14_GGT7",-0.357021983086238,16.131512011593,-1.14946318722719,0.319866372630133,0.427214957854188,-6.69514796122615
"Q9UJ41_RABGEF1",-0.0357140445850561,18.2432038913401,-0.527543492198397,0.613146162913249,0.707227280547946,-7.74269990305214
"Q9UJ68_MSRA",0.232023863695158,18.493496211324,3.95477946515227,0.00484353774354414,0.0154030141636418,-3.12893232929712
"Q9UJ70_NAGK",-0.0922174476685242,21.2800823930289,-2.10744291675523,0.070651265150523,0.128497605584328,-5.92510584939936
"Q9UJ83_HACL1",0.281640464155924,18.0779122471501,3.32352096958467,0.0115940362267096,0.0304697170688191,-4.06323159133667
"Q9UJA3_MCM8",-0.000827976694187882,15.193741923361,-0.0138087910057956,0.98939943605355,0.992775782731249,-7.87295409169798
"Q9UJA5_TRMT6",0.0378588517504213,19.455003523181,0.613769793228097,0.557621759026678,0.658890007381601,-7.68931805441789
"Q9UJA9_ENPP5",0.0603516827818176,15.9930303369713,0.781884993558663,0.461985492243989,0.568283039131987,-7.46968540925403
"Q9UJC3_HOOK1",-0.0491374462573297,19.3149071954724,-0.940199462101429,0.376568884888626,0.484984690864816,-7.4243959724263
"Q9UJC5_SH3BGRL2",2.02855264238977,17.3391811513266,16.2105586656166,4.39353349428302e-07,2.2728131565045e-05,7.08578033107799
"Q9UJF2_RASAL2",-0.211806233776988,15.4581802620097,-2.87765812672906,0.0259303612490978,0.0574935068878634,-4.73722873589695
"Q9UJJ7_RPUSD1",-0.30122278391778,16.7659662487921,-3.0807309782678,0.0164550765985602,0.0401913931616589,-4.43319501822792
"Q9UJJ9_GNPTG",0.0717503076065071,17.3976778241705,0.882659046864015,0.404976536725469,0.513270163008324,-7.47782619859502
"Q9UJK0_TSR3",-0.110520939669776,18.8921960942759,-1.0812601744901,0.313306691499276,0.420363225081076,-7.28247344573185
"Q9UJS0_SLC25A13",0.0929490644726378,21.1476926257107,2.17128844321963,0.0641371834653502,0.119129947717742,-5.82933121470201
"Q9UJT1_TUBD1",0.229476439905355,16.7952870373253,2.19265962750278,0.0620929534715045,0.116063723542702,-5.7971264619946
"Q9UJU2_LEF1",0.0521260317117438,15.8907796637226,0.842754163390522,0.42557042367748,0.533883473747019,-7.51327159846785
"Q9UJU6_DBNL",0.183969915877359,21.4118047571544,3.66804861806416,0.00714954876539019,0.0208619466837435,-3.54760520231108
"Q9UJV3_MID2",0.200192646802861,15.7620826960504,1.54815926800506,0.189258777070293,0.281494815311749,-6.24137726619662
"Q9UJV9_DDX41",0.233382139121762,21.8416683891087,4.58904536445802,0.00213744638966211,0.00820732177245949,-2.24190817291222
"Q9UJW0_DCTN4",-0.0660731018408036,19.7681369104305,-1.19317221215928,0.26938098132116,0.372324164830354,-7.15970158481688
"Q9UJX2_CDC23",0.01101109136075,19.6805798458079,0.220154719083703,0.8316576794487,0.882682755813729,-7.87006731148288
"Q9UJX3_ANAPC7",-0.0929728320016707,19.927237978365,-1.39431884511036,0.203359706050305,0.29811791999129,-6.919274348894
"Q9UJX4_ANAPC5",-0.119154738797693,19.1705761667697,-2.3692141397698,0.0475184812219119,0.0937735645176863,-5.52880386630648
"Q9UJX5_ANAPC4",-0.220954648266449,18.3143397040773,-3.56906896421663,0.00820088109384491,0.0232120458950183,-3.69443765312156
"Q9UJX6_ANAPC2",-0.268692083151233,18.8850948332078,-4.47583769155477,0.00246264500721445,0.0091304175946433,-2.39609258936712
"Q9UJY1_HSPB8",-2.64269644531606,20.9581525205115,-31.864798567595,3.04907500223415e-09,1.18523597011529e-06,12.1951979254806
"Q9UJY4_GGA2",-0.119358669363884,19.0157737921291,-1.83642697891402,0.10631958826546,0.177547674156714,-6.3222923997969
"Q9UJY5_GGA1",0.00806526895347659,19.0803126378298,0.0985455221043529,0.924096389590145,0.94917599065117,-7.89192950832809
"Q9UJZ1_STOML2",-0.217923823070333,22.1221837614097,-4.09664338711088,0.00401274182783097,0.0133787227534966,-2.92571320173096
"Q9UK22_FBXO2",0.755957840697651,18.3813953535565,5.96199423814147,0.000469984897721944,0.00257380697928672,-0.563206251927738
"Q9UK33_ZNF580",-0.0208293291169905,15.6169997061587,-0.110385816018259,0.915563281285791,0.942818061076222,-7.60272769998731
"Q9UK41_VPS28",0.407391025669423,20.3070504202545,6.65594532917807,0.000218955328243801,0.00147741702067419,0.260895763815141
"Q9UK45_LSM7",-0.0692858378134389,21.442681442138,-0.538423601654411,0.607022295974647,0.701858053951327,-7.73527927858348
"Q9UK53_ING1",0.291864985660737,16.9224253701914,3.46760962081108,0.00945276159785689,0.0259205030185136,-3.84607624668136
"Q9UK55_SERPINA10",0.225902867833753,16.1181121575206,1.05094433411999,0.328536655734278,0.435449237319197,-7.3119325870631
"Q9UK58_CCNL1",-0.369031082513331,17.788189242041,-3.05173213013163,0.0171660671532301,0.0413989222039257,-4.47766140757187
"Q9UK59_DBR1",0.188552915981393,20.3774704451736,4.28167043216085,0.00315365656988267,0.0110696531114568,-2.66477623362175
"Q9UK61_TASOR",-0.0746497503650545,18.4932109360309,-1.20826100165132,0.263866761796531,0.366441670106172,-7.14251150071792
"Q9UK73_FEM1B",-0.0886101062398694,17.7052812002024,-1.28899900502296,0.235945564848943,0.335404210351463,-7.04811912735455
"Q9UK76_JPT1",-0.153892730275079,21.6101786620104,-1.40735202032187,0.201266712890518,0.295787008851981,-6.90252316778797
"Q9UK97_FBXO9",0.197195420849319,19.4709716860864,3.10132316131278,0.0159691036990578,0.0392678667672231,-4.4016504427865
"Q9UK99_FBXO3",0.626393321763317,17.6437367515587,6.69519802491773,0.000210747284683987,0.00143853838518668,0.303093659501034
"Q9UKA4_AKAP11",-0.224766425918403,18.6526506758343,-3.07015571789003,0.0167106937076735,0.0406469148568769,-4.44940515523535
"Q9UKA9_PTBP2",0.102076037380371,18.0172911631503,0.813654580952876,0.441048209008847,0.548262367133762,-7.53826404248515
"Q9UKB1_FBXW11",0.277650998476389,17.4930333505913,3.98474635009426,0.00465362892205316,0.014960888607694,-3.08578164199986
"Q9UKB3_DNAJC12",-0.58025499394838,17.7736821900601,-1.97648240505245,0.100544742564204,0.170020915041658,-6.09898404690041
"Q9UKD1_GMEB2",-0.140940182887938,17.7517993035152,-1.70388867664647,0.129551307296491,0.208685154715903,-6.50923347654119
"Q9UKD2_MRTO4",-0.132375980177869,21.5335375727856,-2.00127104630258,0.0829599894950806,0.145866862854161,-6.08271200251859
"Q9UKF6_CPSF3",-0.375334467234843,20.6055396755156,-7.56884096219178,9.38289189369296e-05,0.000794376617134914,1.19753974815686
"Q9UKF7_PITPNC1",0.188939708353185,18.4260096158726,2.14561960943018,0.0666812184842311,0.122758214492489,-5.86791830059106
"Q9UKG1_APPL1",0.0158805700569253,19.251344943569,0.305404105026721,0.768408900333702,0.833970193505275,-7.84493471556884
"Q9UKG9_CROT",0.327556724817384,17.4156299173509,3.42894269953186,0.00998241123538527,0.027033487033128,-3.90415118823913
"Q9UKI8_TLK1",0.240510578240968,18.0142035853059,3.11276572598705,0.0157056316367415,0.0388197716983151,-4.38413360186424
"Q9UKJ3_GPATCH8",0.281836433658629,19.0571832591106,4.01961833584988,0.0044427354532473,0.0144592220264264,-3.03571752000322
"Q9UKK3_PARP4",-0.0748853214148468,17.9354703659845,-0.901763979217197,0.395375865941248,0.503774749186807,-7.46038562161798
"Q9UKK6_NXT1",-0.399421450235369,18.0185162187752,-4.03550047038853,0.00435014097858687,0.0142001826564033,-3.01296997492797
"Q9UKK9_NUDT5",0.00428304946688129,21.2349396037819,0.0247020732960081,0.98102336110043,0.987221744848333,-7.89707440126188
"Q9UKL0_RCOR1",-0.145927379337174,19.6551384833269,-2.42326811762624,0.0437875931826423,0.0878398535840717,-5.44601469238427
"Q9UKL6_PCTP",0.627822195077041,17.7083500080676,5.67880718486593,0.000600209392250286,0.00308996687121444,-0.850799409040174
"Q9UKM7_MAN1B1",0.547626851361848,18.9080817366756,8.03178570929718,6.29390352074186e-05,0.000594035708840389,1.63921717505997
"Q9UKM9_RALY",-0.0270382556711297,21.9398618129333,-0.483965009669066,0.642302511569697,0.73159045492392,-7.76683143896777
"Q9UKN8_GTF3C4",0.149321449660182,24.4692572966045,3.70013962906235,0.00684056628275509,0.0201371310094966,-3.50024363385721
"Q9UKR5_ERG28",0.0802871178536932,17.5636204617352,0.508559094831695,0.626102010661682,0.717301044733786,-7.75310351170757
"Q9UKS6_PACSIN3",0.826098352294558,19.6233121465963,8.29257253559186,5.06735410048024e-05,0.000503770118311722,1.87899165295308
"Q9UKT4_FBXO5",-0.319637220463846,16.0669737441943,-2.53105176690475,0.0372134160978863,0.0773088494750926,-5.28033154832409
"Q9UKT5_FBXO4",0.708482883645534,18.8710438532814,10.2497726689351,1.17072235208396e-05,0.000186954072506217,3.49809407755654
"Q9UKT8_FBXW2",0.490335503948579,16.8672552466929,4.04946956856199,0.0057731006811234,0.0176329823041104,-3.17373957849766
"Q9UKU0_ACSL6",0.230700873185885,16.3170790467243,0.405572014038642,0.70687318454514,0.783819974397739,-7.45405968525994
"Q9UKU7_ACAD8",0.0130194755348043,18.1411449566585,0.139782968754034,0.892532847300292,0.926464849641648,-7.88637490626571
"Q9UKV3_ACIN1",0.00276176776744919,20.9198286107638,0.0393068587136268,0.969677614541637,0.979672969891743,-7.8965504315313
"Q9UKV5_AMFR",-0.4420967902924,18.7968997668474,-3.08505630444,0.017267000142743,0.0416029675673716,-4.45719449025205
"Q9UKV8_AGO2",0.281594103736072,19.6940348822051,5.48103649584605,0.000746739900874156,0.0036524801933352,-1.09093326855861
"Q9UKX7_NUP50",-0.129051281861788,20.5142119353785,-1.4972997368282,0.175395823866315,0.265419848269592,-6.78764323305413
"Q9UKY1_ZHX1",0.674715939596744,18.1848397542894,9.7928352310333,1.6106022681892e-05,0.000233644294882474,3.14602203681089
"Q9UKY7_CDV3",-2.18490129634077,22.8977980808422,-22.9830577435277,4.58744489060701e-08,4.939579744886e-06,9.51336241839846
"Q9UKZ1_CNOT11",0.235396046629038,18.3591858953748,1.741047803931,0.123553311019451,0.201007748805791,-6.458585838401
"Q9UL03_INTS6",-0.604404206732816,18.4769682060387,-10.8615877353466,7.78508566577199e-06,0.000139317509025447,3.94786370849742
"Q9UL15_BAG5",-0.0080654878333668,19.1929950777366,-0.15494625897999,0.880975173578934,0.918082770175975,-7.88385150733361
"Q9UL18_AGO1",0.178922377879431,17.475666798272,1.7009994345229,0.130107501578554,0.209360524009271,-6.51324295412533
"Q9UL25_RAB21",0.117835261299309,22.2074492850332,2.69275829063584,0.0291916081099118,0.063436567367901,-5.03087638939561
"Q9UL26_RAB22A",0.237760529118347,19.4535305534869,4.37483110677177,0.00279881695079569,0.0100859480743852,-2.53519860332972
"Q9UL33_TRAPPC2L",-0.676316515371173,20.2785174995691,-9.04000093863352,2.80535966100704e-05,0.000338814764745637,2.53288098362388
"Q9UL40_ZNF346",0.0338688135436165,18.683958428047,0.337426523900323,0.745096269840844,0.81549906699116,-7.83343758062567
"Q9UL45_BLOC1S6",-0.33017355115237,19.0277404451257,-5.07249028790464,0.00119217401665473,0.0052380289409916,-1.60410474730833
"Q9UL46_PSME2",-0.0836323952749787,22.9567240444658,-1.17904678669796,0.274629537014285,0.377683542089263,-7.17566101522949
"Q9UL54_TAOK2",-0.179951247307361,18.7892878489102,-2.8725174575785,0.0223408678212748,0.0510143173517461,-4.7533952537617
"Q9UL63_MKLN1",-0.35429351681967,18.2212278838552,-4.74951120576144,0.00175433300634578,0.00702928502804689,-2.02649981937148
"Q9ULA0_DNPEP",0.452929899506362,22.2079057800204,9.19278276880407,2.4987286519591e-05,0.000313536893990554,2.66082960578063
"Q9ULC3_RAB23",-0.00552011164238664,18.509501213213,-0.0931319624231169,0.928252083620047,0.951905971769953,-7.89251639675363
"Q9ULC4_MCTS1",0.539036713865205,21.893877701069,6.6209198567777,0.000226581127241814,0.00151152942213235,0.22308905378906
"Q9ULD0_OGDHL",-0.554564117277858,15.7228563991294,-6.73001892846546,0.000774859623962408,0.00375161610208525,-0.650342254713565
"Q9ULD2_MTUS1",0.484806388949131,15.3074038121388,3.63825626063062,0.0182463492617493,0.0434821805342971,-3.53157369998239
"Q9ULD4_BRPF3",0.577657403541306,16.9130319217568,3.77391543591458,0.00806905164874842,0.0229237829263031,-3.54134976335653
"Q9ULE0_WWC3",0.698937156694154,17.9631901878015,10.1127562834683,1.28651804625129e-05,0.000197802055129143,3.39402799522317
"Q9ULF5_SLC39A10",-0.2964469642437,17.7903018732259,-3.63592186401311,0.00747396507009208,0.0216187903748974,-3.59514074394665
"Q9ULG1_INO80",-0.057578108839337,17.5437313739908,-0.779202235898449,0.459872483157227,0.566048161928353,-7.56690002432548
"Q9ULH0_KIDINS220",-0.132384483207321,17.2948896040795,-1.46415383980238,0.183996342059698,0.275474748426011,-6.83058111119554
"Q9ULH1_ASAP1",0.898535220788403,17.7629470618455,13.0341615605753,2.12499190406106e-06,5.81134032918059e-05,5.37346338418664
"Q9ULH7_MRTFB",-0.54283316740937,18.1797341534709,-6.52313628415361,0.000249484520472358,0.00162324183745632,0.116769430694381
"Q9ULI0_ATAD2B",-0.336671542216344,17.7562533326536,-4.70270146670188,0.00185766532030036,0.0073622868707601,-2.08895591974036
"Q9ULJ3_ZBTB21",0.426541754571602,17.6109591147909,3.58840523929101,0.0079831301192689,0.0227388337413602,-3.66566547731158
"Q9ULJ6_ZMIZ1",0.152454845143442,18.2545866126354,1.71189945617509,0.128020833709092,0.206786239954787,-6.49810114733776
"Q9ULJ7_ANKRD50",0.0432879382875626,19.4410300051727,0.483282554615076,0.642764658881916,0.731893925700365,-7.76719386306262
"Q9ULJ8_PPP1R9A",0.198275379710932,18.3439012425346,1.4563963435855,0.18701918575559,0.278977887824681,-6.84048162058095
"Q9ULK4_MED23",-0.0214785955884267,18.9127348942538,-0.374089179341275,0.718750178033165,0.793173196169744,-7.81891287995968
"Q9ULL5_PRR12",-0.145164276764405,17.2302711413748,-1.55012318545072,0.162437527390537,0.249966766686928,-6.71816185028028
"Q9ULM3_YEATS2",0.129191541281713,17.5436825022119,1.33374517725631,0.221586461895509,0.319022135182165,-6.9941347892073
"Q9ULM6_CNOT6",0.0986165655779452,18.2018207804194,1.50925769116871,0.172383035995892,0.261635940096489,-6.77202556778864
"Q9ULP0_NDRG4",0.253814952231593,16.9975581817199,1.24048364638665,0.265470898277366,0.368067649135013,-6.61922472167576
"Q9ULP9_TBC1D24",0.238944344349992,19.2222977182369,3.06302456047344,0.0168854242923096,0.0409157111615552,-4.46033984370354
"Q9ULR0_ISY1",-0.167877804221092,19.1901698967701,-2.04113251835664,0.0781095930996261,0.139277125521646,-6.02380553691991
"Q9ULR3_PPM1H",0.458807001542681,19.552467119488,6.99682283060865,0.000157993465169877,0.0011459772687132,0.62140934991019
"Q9ULT0_TTC7A",-0.93481375937683,16.7612552102127,-10.6707960708921,8.82157879205701e-06,0.00015327493151199,3.81014793755341
"Q9ULT8_HECTD1",-0.120765994850888,20.1626156325846,-1.49618693894495,0.175678594246339,0.265742551051298,-6.78909321705867
"Q9ULU4_ZMYND8",0.450337052362141,19.965178594042,7.0427356402525,0.000151340410920311,0.00111036222791341,0.668959087994635
"Q9ULV0_MYO5B",-0.431918292548353,18.0648046060124,-2.6640802281609,0.0317088079932467,0.0679601449701068,-5.09418326436255
"Q9ULV3_CIZ1",-0.0541376437356291,17.8458816780805,-0.711190089962044,0.498605328169371,0.604669691284081,-7.62031063199624
"Q9ULV4_CORO1C",-0.115100703327009,21.2525362448833,-1.94725705824249,0.0900046100895266,0.155957670928021,-6.16196827617386
"Q9ULW0_TPX2",-0.408263935967014,20.251305520397,-6.12572013565008,0.000373138773785069,0.00219265636094301,-0.327338894848912
"Q9ULW3_ABT1",-0.0652359903103275,18.6882394698898,-0.68304973864418,0.51523192665805,0.619916285694176,-7.64116682551936
"Q9ULX3_NOB1",0.128942840632138,20.0506845896288,2.1967456390604,0.0617095732232127,0.115516573773619,-5.79096138098317
"Q9ULX6_AKAP8L",0.28694038920661,18.6220874154585,1.47830505866008,0.184556351706989,0.276004168388093,-6.81227284422055
"Q9ULZ3_PYCARD",-1.30464548133968,21.5318609557505,-23.1035455292637,3.27974967937793e-08,4.11700032994972e-06,9.8283766290194
"Q9UM00_TMCO1",-0.374054269077899,21.5130124181686,-6.35347553196489,0.000295603610873614,0.0018154624884536,-0.0704380410844836
"Q9UM13_ANAPC10",0.054795684084656,17.5295835540259,0.619086673441529,0.554296645370611,0.655264860655376,-7.68578630332082
"Q9UM21_MGAT4A",0.0414294211581065,15.4980344175789,0.362784934758851,0.726832421249279,0.799860927083739,-7.82354547564374
"Q9UM47_NOTCH3",-0.0438764856574423,17.4110244679484,-0.481533588451254,0.643949794899222,0.732881299229879,-7.76812047462998
"Q9UM54_MYO6",0.638143665016742,20.4563360526316,10.3886728955888,1.06516969485665e-05,0.000174000476862801,3.60231389079495
"Q9UM82_SPATA2",0.00392443079267579,15.1585390436059,0.0624246429139967,0.952112768803907,0.967424523857772,-7.87081772431475
"Q9UMN6_KMT2B",-0.179442410564249,17.293067117999,-2.10835379899025,0.0705538694245209,0.128424840892967,-5.92374432279459
"Q9UMR2_DDX19B",0.717226127735337,18.4828632587381,6.43983345497376,0.000271041771808092,0.00170966530154527,0.0252888815818402
"Q9UMR5_PPT2",0.0324872071884137,18.1620205599508,0.422782165139033,0.684381259341157,0.767056843228727,-7.79740006363424
"Q9UMS0_NFU1",-0.00330647582507382,20.720445359824,-0.0447149625581531,0.965508616748356,0.977108316067028,-7.8962931722369
"Q9UMS4_PRPF19",0.0505143542279676,22.7659162058943,1.063763024333,0.320667864857078,0.42783696803357,-7.30088272640337
"Q9UMW8_USP18",-0.114414647498553,15.6296592127854,-0.999514503660785,0.382282176839763,0.490689597370717,-7.03991149030993
"Q9UMX0_UBQLN1",0.283513349529677,20.9841029078935,4.64230512442518,0.00200097667110218,0.00778893413980457,-2.17000379867291
"Q9UMX1_SUFU",-0.446830726984551,16.6692388849749,-3.72531430718677,0.0116358901338256,0.0305482074426844,-3.73571501532623
"Q9UMX3_BOK",-0.0661012333774753,15.7152648019408,-0.32199973506459,0.758074895607008,0.825920276031862,-7.55017952266592
"Q9UMX5_NENF",0.17057495505259,20.0793317101774,2.92382444757783,0.0207104306329018,0.0480228214099284,-4.67431935143274
"Q9UMY1_NOL7",-0.13468521288268,19.3478376901129,-1.59896118777742,0.151239700483377,0.236157579696777,-6.65283322023317
"Q9UMY4_SNX12",-0.0644223154105781,21.2955378535096,-1.38355248857424,0.206499983769236,0.301622540297251,-6.93272476903322
"Q9UMZ2_SYNRG",0.0297499684639355,18.2430574033865,0.320415385852041,0.757447154044344,0.825589320312092,-7.83968389056667
"Q9UN36_NDRG2",0.549531558338906,17.2863852784425,5.93708601850828,0.000454664477862426,0.00251149561651608,-0.54509751758792
"Q9UN37_VPS4A",0.491316083849046,19.4109121824178,8.74754012479353,3.51774784677995e-05,0.000388629801858854,2.28267997408144
"Q9UN79_SOX13",0.0380924886229863,16.4276285630316,0.46416358378253,0.655779248604477,0.7424007634505,-7.7771514884968
"Q9UN81_L1RE1",-1.06190033278973,20.9212409861377,-20.9162340851855,6.816154158558e-08,6.40354422342403e-06,9.06803493551073
"Q9UN86_G3BP2",-0.180302837365065,21.083560638487,-2.88971768772591,0.0217798081234207,0.0499817078950262,-4.72687612700143
"Q9UNA4_POLI",-0.00874941705709986,16.2885276666068,-0.103172116485427,0.920546790029534,0.946420146554033,-7.89140173259795
"Q9UNE7_STUB1",-0.454731021557595,21.9614174450035,-5.13275877208641,0.00113147712423291,0.00503907797110305,-1.54071192722489
"Q9UNF0_PACSIN2",0.332362524323717,20.4230582950676,5.73310301970259,0.000565774342218653,0.0029576324756454,-0.78579841429242
"Q9UNF1_MAGED2",0.205297874272965,21.458999159,1.99911989124209,0.08443493800047,0.147712837760548,-6.08976746379158
"Q9UNH6_SNX7",-0.260662970818593,17.4505833035945,-2.64709760745293,0.0312572814070615,0.0671996390205244,-5.10137320027378
"Q9UNH7_SNX6",0.0169812359644332,20.7975494417489,0.377032079658627,0.716652269972792,0.791963949688059,-7.81768438510322
"Q9UNI6_DUSP12",-0.721314691127883,18.9381987829306,-10.2688848186568,1.15552302008311e-05,0.000185198605629672,3.51251002120481
"Q9UNK0_STX8",-0.585810933859086,16.9383545691084,-2.81917833917892,0.0256220323061145,0.0569751125596991,-4.86536352950279
"Q9UNK9_ANGEL1",-0.536699561637237,15.9399073298546,-7.95255061684037,6.73004142272321e-05,0.000622142281459721,1.56510379121692
"Q9UNL2_SSR3",-0.142865862204367,18.9935684360612,-1.64372600541956,0.141604333155902,0.224319338370674,-6.5920889105581
"Q9UNL4_ING4",0.739297341854229,16.6160667066637,8.19887943894065,5.47417739460569e-05,0.000535852575950839,1.79357156331978
"Q9UNM6_PSMD13",-0.0612723300348001,22.7132389698976,-1.17135732812749,0.277522056316108,0.380702695233563,-7.18429411189818
"Q9UNN5_FAF1",-0.0427257302366684,21.417497734755,-0.797997719277672,0.449535969895699,0.556731328341587,-7.55140706564262
"Q9UNP9_PPIE",-0.130239924846759,19.5670333341618,-2.06212990274187,0.075667651150914,0.135665852028316,-5.99264378152667
"Q9UNQ0_ABCG2",-0.281418084803221,17.4328741821745,-1.37509792210668,0.211296100358171,0.30675250422298,-6.94248490022064
"Q9UNQ2_DIMT1",0.0663052760770668,20.2216045292627,0.82133908355207,0.436923266410961,0.544729023436366,-7.53173517408315
"Q9UNS1_TIMELESS",-0.259349498912265,18.7165617795391,-3.44290023452426,0.00978765453438836,0.0266381697812029,-3.88317046116444
"Q9UNS2_COPS3",-0.102826408798784,21.8268838773723,-1.58210178540621,0.155022703178451,0.240932824923614,-6.67549952501366
"Q9UNW1_MINPP1",-0.259849679523899,23.5084796995783,-6.26431670897423,0.000323590928760594,0.00194945047310854,-0.170233743358516
"Q9UNX3_RPL26L1",0.0353627431432209,19.5147762962092,0.380881792793511,0.713911832438467,0.789848908681922,-7.81606336196069
"Q9UNX4_WDR3",-0.109992718449121,20.9175763353932,-0.973123290179811,0.362148942778741,0.470855215568619,-7.39142947698331
"Q9UNY4_TTF2",0.418627015577997,19.1481527914164,2.43508549662383,0.0459252352500167,0.0913129840016588,-5.45525342420643
"Q9UNZ2_NSFL1C",-0.482437547843723,20.5910314563922,-6.89794077414814,0.000173460223702662,0.0012312937884929,0.518199475391572
"Q9UNZ5_C19orf53",-0.0375306390881711,16.0444753031544,-0.365752682371506,0.724706935905039,0.798096301497266,-7.82234253239516
"Q9UP83_COG5",-0.139793064825248,21.1003785360446,-2.21959231427051,0.0596090708371019,0.112410297619547,-5.7564454920044
"Q9UPM8_AP4E1",-0.319162954758799,18.6509021085912,-4.92633413647345,0.00141729693391161,0.00600290031011316,-1.79340425058255
"Q9UPN3_MACF1",0.292905977036675,18.4982335325095,4.86310695424879,0.00152885552504363,0.0063764869006866,-1.87623921291726
"Q9UPN4_CEP131",-0.177778427890733,20.6095455519675,-2.23862581475454,0.0579138382052875,0.109782120773475,-5.72763522651072
"Q9UPN6_SCAF8",-0.216790787536198,18.2609967937257,-2.53272428560377,0.037119766106967,0.0771352573763964,-5.27775563805702
"Q9UPN7_PPP6R1",-0.444520280168472,19.5285988015966,-7.90031618713053,7.03605276569088e-05,0.000644199082559363,1.51591707703427
"Q9UPN9_TRIM33",-0.175741560855123,21.8454260341303,-3.0631067655442,0.0168833991306226,0.0409157111615552,-4.46021377589958
"Q9UPP1_PHF8",-0.147072930567539,17.3058431822137,-2.0522058154263,0.0768122961740927,0.137428037503145,-6.00738289995083
"Q9UPQ9_TNRC6B",-0.197651634917797,16.1990315146321,-2.17127485598416,0.0641385042257981,0.119129947717742,-5.8293516674864
"Q9UPR3_SMG5",-0.379258066398602,18.3698460710732,-6.05389363372311,0.000402093716219212,0.00230781265802994,-0.409715452183299
"Q9UPS6_SETD1B",0.289587976488168,16.2333587607856,2.49081290295122,0.0395409611440573,0.0809862014735609,-5.34226447850935
"Q9UPT5_EXOC7",-0.0364421309237386,19.3481413364549,-0.635649293540225,0.544014335306747,0.646006460612004,-7.67460881051598
"Q9UPT8_ZC3H4",0.00137172501335314,19.9674173471013,0.016422772735729,0.98732797041098,0.992129644294419,-7.89727254282198
"Q9UPT9_USP22",-0.0882986029229968,18.6660371636339,-1.07821653057513,0.314577429392874,0.421624201912433,-7.28569153137438
"Q9UPU5_USP24",0.13326827107295,19.7637848605786,2.59026376555289,0.0340409594109477,0.0720113421112787,-5.18906948901566
"Q9UPU7_TBC1D2B",-0.205948338682855,19.6128233002254,-2.40618299195515,0.0449335375284372,0.0897180266641864,-5.47220780377249
"Q9UPW0_FOXJ3",0.0771484495302843,17.4065568295454,0.790041974398342,0.45389162770319,0.560853643735394,-7.55800302921438
"Q9UPW5_AGTPBP1",0.262788843714848,15.6387357281937,3.52592794924118,0.0087100076181045,0.0244261802221242,-3.7587799137748
"Q9UPW6_SATB2",-0.418444256126012,16.7257751511704,-2.03309148653729,0.122796311266587,0.199910093618625,-5.47753353385065
"Q9UPX8_SHANK2",0.282622362467187,15.8779438433354,3.42083513932792,0.010097437886939,0.0272636846786934,-3.91634729762346
"Q9UPY3_DICER1",0.133020835280306,19.7041901240727,1.52565647126872,0.168327487234661,0.256705294216833,-6.75050106138509
"Q9UPY5_SLC7A11",0.0494910531487847,17.0302627444108,0.300082738498228,0.773643330068091,0.837703918653066,-7.78624701007111
"Q9UPY6_WASF3",-0.276664737796223,15.8248027869388,-2.82202339179124,0.0335882460818021,0.0712689817639126,-4.90874440423017
"Q9UPY8_MAPRE3",0.0226075977775793,18.3422236255793,0.223086423994938,0.829457359124389,0.880722432014715,-7.86933626949067
"Q9UPZ3_HPS5",-0.189643819221452,16.9625044662099,-1.66597680199998,0.13702968384444,0.218361505321525,-6.56160304175662
"Q9UQ13_SHOC2",-0.313162250705783,19.2229052307644,-4.49556608444199,0.002402282749633,0.00896750567428921,-2.36909181169909
"Q9UQ16_DNM3",-0.499154724581071,16.7007250065338,-4.33908527995606,0.00411110626656807,0.0136353177474676,-2.79909484321588
"Q9UQ35_SRRM2",-0.245409853163444,21.7465697048426,-4.83456560334508,0.00158234726161515,0.00652815175151107,-1.91381896603563
"Q9UQ53_MGAT4B",0.0831617940390785,17.2672351095794,0.736821339339037,0.483765370524365,0.589290353355445,-7.60067592724852
"Q9UQ80_PA2G4",-0.0195622075593,23.8987460413676,-0.467621605287013,0.653415733333884,0.740492629904764,-7.77537851663122
"Q9UQ88_CDK11A",-0.214343449799355,17.7799109184564,-2.2130926570675,0.0601992652362279,0.113355512987922,-5.76627243794991
"Q9UQ90_SPG7",0.0274330626281767,18.4320224909564,0.407348162057106,0.695194414702122,0.775198556067346,-7.80449135363264
"Q9UQB3_CTNND2",0.381008820286738,17.7776545441833,4.09903206299271,0.00400015075218684,0.0133483860761538,-2.92231459243564
"Q9UQB8_BAIAP2",-0.675809802512607,20.4472839428975,-13.0552483262369,2.10048326767657e-06,5.77632898611057e-05,5.38614965690161
"Q9UQE7_SMC3",0.221065459832232,20.0681856780951,4.00530533970828,0.00452801462438013,0.0146455890638793,-3.05624647745753
"Q9UQL6_HDAC5",-0.011183057009406,15.1963259115242,-0.149945069471891,0.886194949945096,0.922447523402097,-7.79314680406113
"Q9UQM7_CAMK2A",0.16919884614207,16.9115366630778,1.37055512762351,0.216255474617507,0.312350860277884,-6.88746168734352
"Q9UQN3_CHMP2B",-0.352043323121631,19.2519576377523,-4.62543656991073,0.002043137498499,0.00790875249418982,-2.19273359741665
"Q9UQR0_SCML2",-0.352390666782217,18.6640513764216,-5.98547523095216,0.000432012580631584,0.00241958694426993,-0.488799283177425
"Q9UQR1_ZNF148",-0.237157799844748,17.9457916027195,-3.24851073764733,0.0129083733622804,0.033082304510437,-4.17703788194603
"Q9Y217_MTMR6",-0.372895339076212,18.7143456040527,-5.73891914869979,0.000562217455000052,0.0029500016770593,-0.778858965727648
"Q9Y221_NIP7",0.897164618448926,20.9416519464594,13.2721365026345,1.86609221871426e-06,5.36326128273327e-05,5.51548412233788
"Q9Y223_GNE",0.22612387356024,17.3842898682599,2.85110212908434,0.0230606055551568,0.0522675154074039,-4.78642496424841
"Q9Y224_RTRAF",-0.0837118403275383,22.473933282795,-2.14015822347662,0.0672352972713748,0.123650191878677,-5.87611445637481
"Q9Y230_RUVBL2",-0.247149955799795,23.8192078845427,-5.63668228552101,0.00062852689160667,0.0031885123333331,-0.901502818118474
"Q9Y231_FUT9",0.742828114865521,15.6764205436201,2.3459962983398,0.0689532671866205,0.126288187247149,-5.21929713113935
"Q9Y232_CDYL",0.114081095644774,18.3415173778235,1.57786385041623,0.155987203222058,0.242016884709902,-6.68117842750071
"Q9Y237_PIN4",-0.397605311274287,20.8659582276441,-3.52078265472674,0.00933481741519922,0.0256481361333842,-3.80534231370229
"Q9Y241_HIGD1A",0.433127043154833,18.8705652214807,3.74554927690318,0.00651344804522301,0.0193605405543273,-3.4421026557667
"Q9Y244_POMP",0.390196703569845,19.5088469195435,5.64371053866675,0.000623701180974212,0.00317456426667633,-0.893026663140967
"Q9Y247_FAM50B",-0.00149144723999939,16.0343990667306,-0.0157494189800059,0.987847489354623,0.99219276310455,-7.89728481004177
"Q9Y248_GINS2",-0.0434414404051608,19.3377622555105,-0.482825109755331,0.643074526857335,0.732137715238172,-7.76743652452203
"Q9Y252_RNF6",-0.00798564992371453,15.2826020638993,-0.056351510904756,0.957499422077845,0.97144339635484,-7.38137340700443
"Q9Y255_PRELID1",0.481202825845497,17.7537041861331,3.4094024530733,0.0103786415507201,0.0278695871637706,-3.94048092792693
"Q9Y256_RCE1",0.19451235206067,18.3587299413048,1.03663832431756,0.33499822334514,0.442630732366678,-7.32639202208502
"Q9Y262_EIF3L",-0.386775042301064,21.5495929493088,-6.62517896174451,0.000225638204576101,0.00150774379182341,0.227694102074578
"Q9Y263_PLAA",0.0429796668097069,19.9921710157062,0.820304502410455,0.437477044927035,0.54533050847337,-7.53261715399246
"Q9Y265_RUVBL1",-0.228335295874423,23.547263862062,-5.5720339630145,0.0006749072876215,0.00337464933878474,-0.979783179686518
"Q9Y266_NUDC",-0.0951431832103147,22.3471520071338,-1.95552620560251,0.0888895664275121,0.154340389583995,-6.14987908420392
"Q9Y276_BCS1L",0.372185508354228,19.1018801888426,4.31695526007628,0.00301379602812883,0.0106668845532615,-2.61555494925003
"Q9Y277_VDAC3",0.28173789231176,22.7626669431972,3.02263651241485,0.0183802734114821,0.0437203454358371,-4.53657751571216
"Q9Y281_CFL2",-0.370947015729168,20.5813099950634,-5.08856152844,0.00116992780290806,0.00516402889909476,-1.58347477925729
"Q9Y282_ERGIC3",-0.256321803485125,18.9896473770635,-3.08663811086672,0.0163140925381379,0.0399619472778162,-4.42414333420522
"Q9Y284_WDR83OS",0.395286793899068,17.7742984420291,0.830673299870084,0.439950273381643,0.547466334905764,-7.51472403027405
"Q9Y285_FARSA",0.10381929108231,22.4594067413243,2.35120851994629,0.0488315426968101,0.0960919289361938,-5.55632540939009
"Q9Y287_ITM2B",-0.382427897262982,17.8366960194226,-4.4241804161483,0.00262869941813981,0.00958340822683779,-2.4670541606298
"Q9Y289_SLC5A6",-0.70663123121318,20.6001071363408,-7.84139471404877,7.40009482423129e-05,0.000670304797763605,1.46011676365754
"Q9Y291_MRPS33",-0.0978805055156258,19.9192676862952,-1.53291008999771,0.166561365606271,0.254672328011988,-6.74094131799852
"Q9Y294_ASF1A",0.160028725313648,19.0823533729008,2.3749503168803,0.0471077232340536,0.0932005399537116,-5.52002994069803
"Q9Y295_DRG1",0.114992294505129,21.35321643357,1.99999867110265,0.0831195737202799,0.146081313275428,-6.08458665641085
"Q9Y296_TRAPPC4",0.0825144101785114,20.3040401294876,1.82019676783262,0.108935412471372,0.181321843749976,-6.34548335793746
"Q9Y297_BTRC",-0.00032642497194324,15.3265247368525,-0.00462183995863215,0.99643355948897,0.997216201373633,-7.89741317545103
"Q9Y2A7_NCKAP1",0.419457475639934,20.7279359667026,8.19265696451721,5.50246608281011e-05,0.000537921740289289,1.78787002988493
"Q9Y2B0_CNPY2",-0.153689285989298,21.6312542158476,-2.96670768776627,0.0194434128148922,0.0456806671695916,-4.60830127818172
"Q9Y2B1_RXYLT1",-0.435185007641891,16.2903756605241,-1.25431187819012,0.262507779655556,0.364940090446008,-7.02030743230793
"Q9Y2C4_EXOG",0.150565631334249,16.076540153328,1.21880811680008,0.260068482668498,0.362417708713209,-7.13040942529047
"Q9Y2D2_SLC35A3",0.0299530881648309,16.7544872372569,0.271398209112466,0.793446068046138,0.852670113889897,-7.85591915514168
"Q9Y2D4_EXOC6B",0.331259439056183,18.1846461509181,4.44169505592263,0.00257106569497428,0.00941820663060776,-2.44295185255488
"Q9Y2E4_DIP2C",-0.0204037758827127,17.7718355814445,-0.200469054644486,0.84647275666073,0.893700348663345,-7.87472857397605
"Q9Y2E5_MAN2B2",0.107887380539609,16.9381654295221,0.255761876311809,0.812093388258345,0.866981420644469,-7.22772952195847
"Q9Y2E8_SLC9A8",0.0447738274234446,16.210446565127,0.256340589234801,0.804882336072657,0.861086686156656,-7.86021225161692
"Q9Y2F5_ICE1",0.693963136468021,20.5029064295471,6.34261346872959,0.000338078283496401,0.00201833785828072,-0.181698661606175
"Q9Y2G5_POFUT2",0.37306220599104,17.3992919515769,2.714346798363,0.0282646427836913,0.0618263788501631,-4.99753928085643
"Q9Y2G8_DNAJC16",0.738761119852409,16.2857601928279,6.46563056893333,0.000264151922371062,0.00168567733432952,0.0537082200167616
"Q9Y2H0_DLGAP4",-0.425821506019286,18.6110874076595,-6.79037309600678,0.000192233206144462,0.00133602078270401,0.404662851648437
"Q9Y2H1_STK38L",-0.242292369759152,16.6178024573619,-1.99181023809615,0.084153786575534,0.147457185049268,-6.09664247964688
"Q9Y2H2_INPP5F",-0.368333955140777,20.5720212214326,-1.91192560177496,0.100782041581646,0.170384499754906,-6.22719990489859
"Q9Y2H5_PLEKHA6",-0.747770530478629,18.865506172217,-13.0942767416649,2.05595868919408e-06,5.71556515595955e-05,5.40957733821346
"Q9Y2H6_FNDC3A",-0.675754494562383,16.7275822764964,-7.23287321469772,0.000126929956134717,0.000973299412888579,0.863404154724497
"Q9Y2I1_NISCH",-0.666416173000989,18.9560713624048,-10.4019130806396,1.05568083267694e-05,0.000173190557206335,3.61218213259891
"Q9Y2I8_WDR37",0.0740044940023381,18.5599367521375,1.26489083097736,0.244007354507727,0.344653020375184,-7.07672004383566
"Q9Y2I9_TBC1D30",0.400473961748048,17.8388377599999,3.49737150887173,0.00906558147258094,0.0251019088583416,-3.80148096613039
"Q9Y2J4_AMOTL2",-0.279142586154933,16.456610310755,-3.06332428044556,0.0168780417809224,0.0409157111615552,-4.45988020197709
"Q9Y2J8_PADI2",-0.152124028519431,18.1244059012959,-0.465813924474594,0.660270993918168,0.746737720354158,-7.6798217512569
"Q9Y2K1_ZBTB1",-0.458190199432185,17.048071196738,-4.8848708156373,0.00148940144745399,0.00624258446589132,-1.84766153356595
"Q9Y2K2_SIK3",-0.242408784377744,16.3071292946169,-2.74245678068024,0.0271031799494266,0.0596957103755016,-4.95413066432721
"Q9Y2K6_USP20",0.205523429325561,15.3639601495802,2.98239308591577,0.0224920497183475,0.0512523755877099,-4.61665397222353
"Q9Y2K7_KDM2A",-0.10365490514333,19.8489487858972,-1.61202730178907,0.148366502195127,0.232955824457126,-6.6351861022163
"Q9Y2L1_DIS3",-0.354576024223526,20.2036516227398,-6.44338144747493,0.000270082418758039,0.0017050207195749,0.0292023152910614
"Q9Y2L5_TRAPPC8",0.0375225140785282,18.6431765375309,0.446223108004918,0.6681080276176,0.753568290223746,-7.78615004522411
"Q9Y2L9_LRCH1",0.0664171917208947,18.9943851234511,0.785208951759282,0.456551677761761,0.563230204371255,-7.56198272039457
"Q9Y2M5_KLHL20",0.0112027018509835,15.5270550213359,0.175440734908222,0.865403250658521,0.908168545131694,-7.88003116453082
"Q9Y2P8_RCL1",-0.254314269261933,19.372534939617,-3.13346591833595,0.0152405983173355,0.0378662249385863,-4.35246673947977
"Q9Y2Q3_GSTK1",-0.591669260731628,20.0710107669036,-3.19626551425464,0.016418845101133,0.0401285392577245,-4.35203754887184
"Q9Y2Q5_LAMTOR2",-0.0915197535588952,19.0361653570369,-1.03257087621648,0.3341288527135,0.441711063288035,-7.333149324947
"Q9Y2Q9_MRPS28",0.0618022399318185,21.1491016817616,1.19289077868677,0.269484734879487,0.372324164830354,-7.16002082177793
"Q9Y2R0_COA3",0.56120264332495,19.5769740110048,7.99800835719812,6.47583062899184e-05,0.000604660790879825,1.60769627340102
"Q9Y2R4_DDX52",-0.216258076685303,18.9656884241536,-3.48778303207274,0.00918843375340493,0.0253411168992715,-3.81583823932082
"Q9Y2R5_MRPS17",-0.0456836910104741,20.8287030390824,-0.873579029022964,0.409598244141173,0.517520930525527,-7.48600910780209
"Q9Y2R9_MRPS7",-0.189596847428017,21.2327382235768,-4.31222429022614,0.00303214953372723,0.010726877920104,-2.62214438046366
"Q9Y2S2_CRYL1",1.69500669844961,19.7350445212623,17.6957743091175,2.31940324065694e-07,1.45342932580511e-05,7.77155100227007
"Q9Y2S7_POLDIP2",-0.0267211109943695,21.2690646055341,-0.457021715675174,0.660673851067203,0.746737720354158,-7.78077387698524
"Q9Y2T2_AP3M1",-0.283163118381239,20.1525588415744,-4.61974197145263,0.00205758943140981,0.00794458141572123,-2.20041606888819
"Q9Y2T7_YBX2",-0.599172616030991,18.7183162708602,-5.77175327637953,0.00054259674773984,0.00287467230524676,-0.739767962841156
"Q9Y2U5_MAP3K2",0.414740690718261,17.012140121297,4.38979602892132,0.00274599319895637,0.00992582411632219,-2.51449776164712
"Q9Y2U8_LEMD3",0.00934443893386927,19.7476100092609,0.180370125079346,0.861666995338127,0.905366159890047,-7.87904213942
"Q9Y2U9_KLHDC2",0.0446864664319619,17.5459671827423,0.645965926970853,0.537668063548974,0.639762232814305,-7.66751274532805
"Q9Y2V2_CARHSP1",-0.221120220355246,21.2728827407185,-3.6726497383773,0.00710434025189033,0.020737946248836,-3.54080715318456
"Q9Y2V7_COG6",-0.01801029919557,19.5870414991983,-0.219112973965011,0.832439922590996,0.88303083227531,-7.87032477971222
"Q9Y2W1_THRAP3",-0.1925143490114,21.2021705557136,-2.90575497275722,0.0212699538115711,0.0489933103011333,-4.70215846868229
"Q9Y2W2_WBP11",-0.39856141246468,20.7723708794663,-8.328270914566,4.92136100002614e-05,0.000493103602165135,1.91132772684269
"Q9Y2W6_TDRKH",0.071049221805108,18.8374086170158,0.688511107432298,0.511977984666631,0.616972208823517,-7.63717700136822
"Q9Y2X0_MED16",0.00288765562535431,18.7170085891704,0.0500581121270592,0.961390812739454,0.97464961721166,-7.8960064982724
"Q9Y2X3_NOP58",0.0968185272251851,21.944303436597,0.69711152060924,0.508828364284598,0.614047805044317,-7.62862789189434
"Q9Y2X7_GIT1",0.036468683527584,18.9661812367498,0.623240645017283,0.551706998916192,0.65291021775763,-7.68300790015619
"Q9Y2X9_ZNF281",-0.258507450045798,17.5901369598783,-3.11021398292316,0.0157639866642058,0.0389136835801916,-4.3880391968011
"Q9Y2Y0_ARL2BP",0.892322874235468,18.031838110317,14.7846990948101,8.56850652738133e-07,3.1799141942636e-05,6.36322931244175
"Q9Y2Y1_POLR3K",0.107812043514286,20.6677484803711,0.327846741286232,0.75732596632531,0.825574934059175,-7.80855652556896
"Q9Y2Z0_SUGT1",-0.707420189448762,22.298301913987,-12.625001250235,2.67075643139402e-06,6.85165534161317e-05,5.1232679750593
"Q9Y2Z2_MTO1",0.24640518758212,17.7581832484336,2.07164287461145,0.0745861916636795,0.134198972762728,-5.97849711069144
"Q9Y2Z4_YARS2",-0.797900376766776,19.0367862493782,-14.0307199966411,1.25067541879621e-06,4.17528977148343e-05,5.95202821927469
"Q9Y2Z9_COQ6",0.249601706780119,18.8440670574897,4.10261955841977,0.00398132107025832,0.0132971601494648,-2.91721175812213
"Q9Y303_AMDHD2",-0.658375241144547,18.2824066147279,-10.1708964807977,1.23587674034174e-05,0.000193612247539193,3.43834087875981
"Q9Y305_ACOT9",0.0303093787221158,20.0536691594009,0.396313205928407,0.702972100601888,0.781136876322883,-7.80940679415707
"Q9Y312_AAR2",-0.390854412024343,19.0341344545205,-6.87216110216812,0.00017776541722947,0.00125065351805531,0.491109782868191
"Q9Y314_NOSIP",-0.23341358248415,19.5221862412985,-4.70356896116607,0.00185569067594013,0.00735827552778128,-2.08779560629281
"Q9Y315_DERA",-0.37662255888327,18.8601743114391,-4.93132084471063,0.00140888691462414,0.00597389931353385,-1.78689538078004
"Q9Y316_MEMO1",-0.360374055904511,19.7948348536278,-7.52829556979218,9.72582554272299e-05,0.000812611325400189,1.15783897589328
"Q9Y320_TMX2",-0.29641661505844,20.051310479379,-4.30561677260929,0.00305798727400193,0.0107884901566169,-2.63135277706154
"Q9Y324_FCF1",-0.114277204530644,18.4761271768169,-0.891449785367498,0.401095037829684,0.509957020490261,-7.46922628150707
"Q9Y333_LSM2",0.298865513720134,21.882324044249,6.73931550271736,0.000201928929852071,0.00138452616028617,0.350306035360894
"Q9Y343_SNX24",-0.799916814734992,18.1994097278925,-7.17800059998414,0.000133490022232998,0.00100942751728117,0.807693249240877
"Q9Y365_STARD10",-0.413120887101904,23.817076835755,-6.8647963882948,0.000179017123956233,0.00125443255054574,0.483356927023111
"Q9Y366_IFT52",-0.308586372008781,15.8085599702621,-3.63554684741342,0.00747784417710314,0.0216218300809204,-3.59569633593245
"Q9Y371_SH3GLB1",-0.194713007832604,19.2208600781633,-3.95486181913343,0.00484300447973709,0.0154030141636418,-3.12881358207746
"Q9Y375_NDUFAF1",-0.21272640130201,17.9925249529754,-2.29134426877998,0.053466552374543,0.103079749124324,-5.64759579420263
"Q9Y376_CAB39",0.4904545063069,20.1186395799575,9.11694696891855,2.64594789101475e-05,0.000323805233600539,2.5975520331135
"Q9Y383_LUC7L2",-0.0343743843386726,22.0441270099511,-0.537645368096908,0.606489407002494,0.701347983139324,-7.73683004723209
"Q9Y385_UBE2J1",0.225471779264353,18.4548663837037,3.21963688394902,0.0134557308101321,0.0341871259699102,-4.22097144245526
"Q9Y388_RBMX2",0.546743127046337,18.1102914421834,4.4565468452341,0.00252327541833297,0.00929659786658099,-2.42254806992443
"Q9Y394_DHRS7",-0.124973552470106,20.2243687154675,-1.27734255570497,0.240000938986373,0.340157059427293,-7.06188385076201
"Q9Y397_ZDHHC9",0.0675086627585948,15.4775324359473,0.441854035124264,0.671605395725923,0.756731503363992,-7.7878402553957
"Q9Y399_MRPS2",0.168493295408069,19.9833208220074,1.22591439167015,0.259682305204597,0.361945528402762,-7.12074351953751
"Q9Y3A2_UTP11",-0.340340102886884,18.4658374377404,-3.01413014015554,0.0181365252238974,0.0432856617811945,-4.5353910089533
"Q9Y3A3_MOB4",-0.119022961776349,19.1606287339849,-2.34767720200619,0.0490933392678402,0.096383815794206,-5.56171945593847
"Q9Y3A4_RRP7A",-0.080302036858054,19.1020031781394,-1.13080985560183,0.293191563403068,0.398267502170656,-7.22916696132305
"Q9Y3A5_SBDS",-0.0780980145606733,21.4033402562025,-1.75605108114809,0.119886337980685,0.195923696849581,-6.43634521526705
"Q9Y3A6_TMED5",0.310845547778925,19.4986139476801,0.958112632544404,0.376802746696628,0.485204143253448,-7.3979811614054
"Q9Y3B1_PRELID3B",0.476546016678256,17.9377524088428,2.98202928306583,0.0198741115277596,0.0465495044821452,-4.6089125124103
"Q9Y3B2_EXOSC1",-0.22227460248666,19.8218239281674,-4.34772694909468,0.00289733623634194,0.0103264035090136,-2.5727720065441
"Q9Y3B3_TMED7",0.27028291976093,21.1960713230503,4.04489393266784,0.00429636293088909,0.0140908170770687,-2.99953187349957
"Q9Y3B4_SF3B6",-0.0174178904567732,21.5396608137125,-0.393655419241754,0.704851059018783,0.782428683926034,-7.81057135408527
"Q9Y3B6_EMC9",0.0587234604704072,17.265482286287,0.703401839604907,0.503172187977647,0.60897120077458,-7.62615673473745
"Q9Y3B7_MRPL11",-0.155116846875448,20.5599366273135,-2.08416477579421,0.0731858596724755,0.131927822965356,-5.95984939695971
"Q9Y3B8_REXO2",-0.0458228964390734,19.9439762812787,-0.596247339934977,0.568662879401182,0.6679102339871,-7.70076206621443
"Q9Y3B9_RRP15",-0.145220297865045,20.1536299384541,-1.71301230063766,0.127809570557958,0.206532269481206,-6.49655286333663
"Q9Y3C0_WASHC3",0.258117397734633,18.6373348011795,3.99078104507499,0.00461637011967995,0.0148597313671805,-3.07710635198426
"Q9Y3C1_NOP16",0.0661962834701981,21.1749226727763,0.878900205837676,0.40688518353756,0.515006163600107,-7.48122200034932
"Q9Y3C4_TPRKB",-0.184602279183935,19.5550575194954,-3.32215981110702,0.0116165750181469,0.0305079752709491,-4.06529236569291
"Q9Y3C5_RNF11",0.238048981771357,16.2547766100215,1.39889221047978,0.203254788900198,0.298021262205987,-6.9132272833323
"Q9Y3C6_PPIL1",0.539532936797777,21.1354821073505,12.4544223074911,2.94374957398836e-06,7.26115875141259e-05,5.01663398222848
"Q9Y3C7_MED31",-0.045979247123114,17.1182896676704,-0.511081729286278,0.624076973550337,0.715906164296208,-7.75204357220001
"Q9Y3C8_UFC1",-0.282926513294097,20.6331014237064,-4.89024241138865,0.00147983680694985,0.0062093042750448,-1.84061862188636
"Q9Y3D0_CIAO2B",-0.282776836789594,20.5754647913496,-3.65484379088581,0.00728102044354738,0.021156746974884,-3.56712882558228
"Q9Y3D2_MSRB2",0.238522440159336,18.9153091065796,2.16119521337879,0.0651515335411162,0.12051378512505,-5.84464827767429
"Q9Y3D3_MRPS16",-0.0594396739895409,20.6414631022429,-1.19110412408247,0.270144178945048,0.373058570815551,-7.1620462751
"Q9Y3D5_MRPS18C",0.00148499569093374,19.0231945659473,0.0268756291915144,0.979264181308946,0.986230360440903,-7.89701626251441
"Q9Y3D6_FIS1",-0.10516911785524,22.1701743310851,-1.50943190271707,0.172339491342186,0.26162339382665,-6.77179755001154
"Q9Y3D7_PAM16",0.371696675969432,20.3895329996105,5.51972764071429,0.000715212263194887,0.00352761145298381,-1.04353507297644
"Q9Y3D8_AK6",-0.453189918532104,19.536419032644,-3.24617434962555,0.0139990290234418,0.035309329226068,-4.22628607060573
"Q9Y3D9_MRPS23",0.0263417328830222,20.9026532212729,0.4064081202742,0.69585548121152,0.775759426722035,-7.80491512241775
"Q9Y3E0_GOLT1B",0.1517815882831,18.0084890540179,0.43566590279877,0.678185806615591,0.762348256370562,-7.78869322400066
"Q9Y3E1_HDGFL3",-0.535229605783574,19.1580670772741,-10.4571688829133,1.01709491523088e-05,0.00016830499192511,3.65324265922226
"Q9Y3E2_BOLA1",-0.281112393417679,19.5714405022392,-1.38913116155978,0.209892052043884,0.305296330397335,-6.92428335504879
"Q9Y3E5_PTRH2",0.274084835051003,21.9873892146911,6.3983111982379,0.000282555693400707,0.00176770726354207,-0.0206241904997686
"Q9Y3E7_CHMP3",0.115295979073991,20.5414243677709,2.20522135489846,0.0609218338915465,0.114321899877485,-5.77816525739131
"Q9Y3F4_STRAP",-0.50573557322187,21.2088108823515,-9.32008958000074,2.27182398913802e-05,0.000292392161564985,2.76604225200301
"Q9Y3I0_RTCB",-0.055655549532311,22.2854646227996,-1.29924175348979,0.232589930199801,0.331558832067403,-7.03586365246054
"Q9Y3I1_FBXO7",0.0239151088842711,18.0789221618052,0.304662376724001,0.768952018436122,0.834204367950071,-7.84518780044374
"Q9Y3L3_SH3BP1",-0.494712395207475,17.033766516237,-1.45972224208799,0.191751759503633,0.284483252746997,-6.83576217964142
"Q9Y3L5_RAP2C",0.199205985522131,20.3556329022365,2.12088006396043,0.0692279030191542,0.126583907816655,-5.90500601160738
"Q9Y3M8_STARD13",-0.430954511345323,18.9273900611613,-4.79948138406839,0.00165093768141923,0.00672067016743879,-1.96017332203989
"Q9Y3P9_RABGAP1",0.288978635955633,19.9322683780901,4.74776878305498,0.00175806434048147,0.0070405457742173,-2.02881902894376
"Q9Y3Q3_TMED3",-0.029345761865347,19.1778845628739,-0.457040339370072,0.660661064471442,0.746737720354158,-7.78076449998749
"Q9Y3Q8_TSC22D4",0.267458798491745,18.6917566308533,4.26730515167729,0.00321261026283031,0.0112096784387666,-2.68486527243531
"Q9Y3R5_DOP1B",0.718940243453691,18.9389150522745,8.5408960283486,4.14369325127672e-05,0.000431587669019217,2.10156786070916
"Q9Y3S2_ZNF330",-0.210565383611019,18.0083209603647,-3.10357174452314,0.0159169625371883,0.0391900736221593,-4.39820753074438
"Q9Y3T6_R3HCC1",0.0679567817202198,16.5102339427049,0.404946752098969,0.697138778998786,0.776573796509649,-7.80534504556405
"Q9Y3T9_NOC2L",-0.457486104819044,20.4993433398782,-6.37672245481937,0.000288756560552071,0.00179329318068284,-0.0445791589957087
"Q9Y3U8_RPL36",-0.0296122631816793,23.3379366808057,-0.560697053646642,0.59144729116323,0.687071044057574,-7.72305074834513
"Q9Y3V2_RWDD3",0.00472550445694964,15.1763035618182,0.0755395849248879,0.94207218056889,0.961182679894456,-7.83458995960585
"Q9Y3X0_CCDC9",-0.0475623555452493,18.8137416937728,-0.72283425340513,0.491827437089538,0.5976825236925,-7.61146551744711
"Q9Y3Y2_CHTOP",0.0451715482935384,20.2066257351848,0.723628148043508,0.491367511443139,0.597278015659327,-7.61085791169476
"Q9Y3Z3_SAMHD1",-0.374070261301462,20.2658295216038,-2.79636381774239,0.0265297970387419,0.0586355300263608,-4.90076337283714
"Q9Y421_FAM32A",-0.315439870333488,18.3480962259802,-2.74339972557126,0.0270650884432231,0.0596461807865207,-4.95267455786048
"Q9Y446_PKP3",-0.646449663714876,20.8393101638502,-9.34559460118691,2.22920478567379e-05,0.000290297521018857,2.78697010815512
"Q9Y448_KNSTRN",-0.739223963837546,18.2337491587436,-5.62558510742066,0.000678286172923771,0.00338258172994274,-0.964785288900834
"Q9Y450_HBS1L",-0.143084900051239,19.3260660427435,-2.69395477448185,0.0291394185438121,0.0633591737108769,-5.02902883099076
"Q9Y478_PRKAB1",0.374368129789321,18.6376642727239,6.11792049636008,0.000376167995688713,0.00220030935504224,-0.336252295474202
"Q9Y483_MTF2",-0.10122431342873,16.0745858346148,-1.21111518829976,0.262834351960402,0.365273335891161,-7.1392434778056
"Q9Y484_WDR45",0.167018042392229,17.1168454867232,2.02234425966533,0.0803601214923888,0.142112683046336,-6.05161247466936
"Q9Y485_DMXL1",0.340449754652123,17.5811751819277,3.91797770499231,0.00508832430473023,0.0159885899340989,-3.18208601327544
"Q9Y487_ATP6V0A2",0.0286086126600402,18.7883674617786,0.527695181487885,0.613045916562112,0.707218354024045,-7.74261252502319
"Q9Y490_TLN1",-0.286348668411602,21.5903770692599,-7.09107152314779,0.000144672342655295,0.00107068737618561,0.71876555688744
"Q9Y496_KIF3A",0.170965860547479,18.0042250100662,2.1777413814034,0.0635129697484428,0.118239836585085,-5.8196144275475
"Q9Y4A5_TRRAP",0.0381729522547971,19.8417316300807,0.555475055940725,0.594836621382,0.690169368715343,-7.72621891642622
"Q9Y4B4_RAD54L2",-0.0602917785538999,16.1244365056325,-0.767453842022679,0.466414776352254,0.572710143147409,-7.57642480758279
"Q9Y4B6_DCAF1",-0.230469812416217,19.2230718009401,-4.39894095721294,0.00271424953489153,0.00982036805217499,-2.50186324793069
"Q9Y4C1_KDM3A",-0.0939641663835715,16.7486641774096,-0.744755010599858,0.479231250369301,0.584792164257511,-7.59447651386471
"Q9Y4C2_TCAF1",-0.31082554771633,19.7825231268321,-5.91614173650153,0.000464875205187664,0.00255330993916589,-0.569559609548271
"Q9Y4C8_RBM19",-0.190257939215513,18.6356828772549,-2.88082310454562,0.0220680800651983,0.0505272453125011,-4.7405885800612
"Q9Y4D1_DAAM1",-0.000651661294536865,17.7868939246029,-0.00627253800632759,0.99515981561202,0.996202277118488,-7.89740299175059
"Q9Y4D8_HECTD4",0.194517408197818,17.8588601476264,2.5738880469195,0.0348894980003947,0.0735199041380974,-5.21432167067171
"Q9Y4E1_WASHC2C",0.0286344510080063,17.2202498782861,0.292159733699163,0.778127328283166,0.840936305445972,-7.84936340111772
"Q9Y4E5_ZNF451",0.346743445942156,16.9778869950237,4.4488298367007,0.00254798498641162,0.00936056954402538,-2.43314599156025
"Q9Y4E6_WDR7",0.157419519665307,17.1676499372976,1.95071621388833,0.0895365203597891,0.155271664315255,-6.15691312770178
"Q9Y4E8_USP15",0.0583775799844908,20.3391238882864,1.12184823005959,0.296750247431921,0.402588867039665,-7.23893443158906
"Q9Y4F1_FARP1",1.23749010540555,17.1134783719226,15.9892574156487,4.85526639203568e-07,2.31990697294455e-05,6.97801621715236
"Q9Y4F3_MARF1",0.102150493888708,16.9233097216111,1.38570528273535,0.205868680147596,0.300872884673748,-6.93004019233999
"Q9Y4F5_CEP170B",-0.0800149649007729,18.3747626938358,-1.15383143168992,0.284208540163984,0.388115191166128,-7.20382479703419
"Q9Y4G2_PLEKHM1",0.183318145377481,15.5487004327987,2.2994817948637,0.0581091303696105,0.110097720365718,-5.61205231467511
"Q9Y4G6_TLN2",-0.874901143239658,18.2800432706123,-13.2309273984807,1.90825484171772e-06,5.44351054661642e-05,5.49107035654114
"Q9Y4I1_MYO5A",-0.15470292526096,18.7045785274283,-1.66743786386432,0.136734163033429,0.21806150664643,-6.55959465235929
"Q9Y4J8_DTNA",-0.09880707213539,17.8954115121951,-1.31767553793101,0.226654019497392,0.324428005814933,-7.01365423172341
"Q9Y4K1_CRYBG1",-0.126028978415547,18.0488248630838,-1.34678524899248,0.217546714639165,0.31397859796421,-6.97818863411158
"Q9Y4K3_TRAF6",-0.00829706106182115,17.3018945414837,-0.0916430132092455,0.929395490652419,0.95221516007514,-7.89267201581415
"Q9Y4K4_MAP4K5",-0.202409958042438,18.5013618398007,-3.35358425358267,0.0111079241487179,0.0294452427589975,-4.01775926410344
"Q9Y4L1_HYOU1",0.181142339330624,23.0096993206653,4.16397962709398,0.00367373521359145,0.0124493376364834,-2.83020534241075
"Q9Y4L5_RNF115",-0.479321352094566,17.0433827771766,-4.4398508371138,0.0025770687562305,0.00943115875604698,-2.44548767531558
"Q9Y4P1_ATG4B",-0.387888801917981,20.2000930748905,-6.67159485702012,0.000215640915144392,0.00145891574891936,0.277741201388098
"Q9Y4P3_TBL2",-0.144139033549163,19.3078267176449,-2.42005385287491,0.0440008906376411,0.0881979048046056,-5.45094415406748
"Q9Y4P8_WIPI2",-0.0259570875192487,19.1680390157002,-0.307964162894242,0.766535401259095,0.832882766149202,-7.84405658922364
"Q9Y4R8_TELO2",-0.426848560492036,19.4857400478135,-5.8895755017217,0.000478194687403338,0.00261315109735419,-0.600670436882641
"Q9Y4U1_MMACHC",0.112160034189536,17.9594204316784,1.54741016343981,0.163081266217151,0.250654660279478,-6.72176089832118
"Q9Y4W2_LAS1L",0.0995896188040142,20.265730533117,1.20732631775953,0.264205588396806,0.36664580201372,-7.14358058092676
"Q9Y4W6_AFG3L2",0.325506522497726,21.4055397801508,7.11630696897546,0.000141321894599426,0.00105097848658814,0.74466641929769
"Q9Y4X0_AMMECR1",0.136745672027413,17.3237680779721,1.86269582355838,0.102212841719178,0.17223213024975,-6.28459479823443
"Q9Y4X5_ARIH1",-0.157462980665414,19.1210177321082,-2.48544576948669,0.0398624769920872,0.0814618114419959,-5.35051882430802
"Q9Y4Y9_LSM5",-0.0942533558805465,20.1022170049444,-1.20083531405649,0.26656862524141,0.369254781658014,-7.15098953730691
"Q9Y4Z0_LSM4",0.186031552273459,21.5137862047133,2.2180640878698,0.0597473175292753,0.112641581923487,-5.75875657204498
"Q9Y508_RNF114",0.0563770629139349,20.8010541728558,1.0490207590569,0.326975689523847,0.434206904014211,-7.3162216714662
"Q9Y512_SAMM50",0.104052844635625,21.3381192039986,1.31838900711827,0.226426921420358,0.324163635628959,-7.01279070537325
"Q9Y520_PRRC2C",-0.0531069411880374,20.6575933656098,-1.02449388934003,0.337685562505257,0.445796257184025,-7.34138752662553
"Q9Y530_OARD1",0.0668097774058509,19.0128594410929,0.886053650931397,0.403258418664197,0.511686408412911,-7.47474936414171
"Q9Y535_POLR3H",0.0528987931736502,17.5351968088218,0.607751622571013,0.561399607520459,0.661819583576547,-7.69328240766861
"Q9Y546_LRRC42",-0.16301150831713,17.3751359899785,-2.30552055444803,0.0523303430351584,0.101513695129101,-5.62601668640852
"Q9Y547_HSPB11",1.71666601481584,20.7134386296048,19.4614826118352,1.15670881775986e-07,8.95319564135404e-06,8.51138804281142
"Q9Y548_YIPF1",0.569646937232147,18.5250461310618,5.85755648922999,0.000494813915554504,0.0026809726324693,-0.638289875283387
"Q9Y570_PPME1",-0.213065644343072,21.8212465179926,-3.29990110857152,0.0119918392772635,0.0312253444396048,-4.09901520832831
"Q9Y575_ASB3",-0.296449580922602,16.1898867273153,-3.9777417841202,0.00469728494743956,0.0150632313016676,-3.09585723041166
"Q9Y580_RBM7",0.182392396716516,17.5680968164869,2.44653063510918,0.0422749334561471,0.0853424521447702,-5.41031665537155
"Q9Y584_TIMM22",0.0333983338658967,19.0978397808093,0.433310515426673,0.67704957741477,0.761518908244213,-7.79241856767415
"Q9Y587_AP4S1",-0.485612250535485,18.366031348446,-7.35951906584864,0.000113121337592755,0.000898040109965331,0.990751840888532
"Q9Y592_CEP83",0.118126089006209,15.4776013839614,1.62375862689821,0.152050698222694,0.237145540732796,-6.5635443589233
"Q9Y597_KCTD3",-0.692357218664057,18.1339483495443,-8.86121769619058,3.21913842840503e-05,0.000372883534623583,2.38076964478249
"Q9Y5A7_NUB1",0.191898972783246,18.2243876330574,1.94315629916081,0.0905626003353527,0.156746905040473,-6.16795727814188
"Q9Y5A9_YTHDF2",-0.190212073851441,20.8703856318801,-4.02257356115325,0.00442534559430383,0.0144148986231158,-3.03148227865055
"Q9Y5B0_CTDP1",0.00918361366750275,18.6241196700293,0.110326440680937,0.915061681526065,0.942555450723089,-7.89053808609019
"Q9Y5B6_PAXBP1",-0.101476637961238,18.3066336499368,-1.72459750830827,0.125629601367189,0.203664948747008,-6.48040872564361
"Q9Y5B8_NME7",-0.321656705481352,17.5819932761429,-3.69253632002706,0.00691245131623169,0.0202940438988446,-3.51145394429674
"Q9Y5B9_SUPT16H",-0.18605565592717,21.6892890408499,-4.36967359814471,0.00281727832632041,0.0101212842127441,-2.54234026715127
"Q9Y5E7_PCDHB2",-0.0525592535916086,15.354702290207,-0.445320005332909,0.670633451336677,0.755970618618238,-7.72526418647351
"Q9Y5J1_UTP18",-0.0918847223671371,19.8332871980356,-1.13557743071735,0.291312514244458,0.396048772879275,-7.22394829311097
"Q9Y5J5_PHLDA3",-0.0585603572066482,16.7441636039025,-0.192240389821581,0.854340550182737,0.899770423770082,-7.81620212011422
"Q9Y5J6_TIMM10B",0.015805697530574,18.0831697195895,0.160739730049715,0.876567244579285,0.915610955705511,-7.88281926821149
"Q9Y5J7_TIMM9",-0.735406655217389,18.3678503381052,-3.0436985385266,0.0203351168972205,0.0473103982590537,-4.57700631902243
"Q9Y5K5_UCHL5",-0.209856572308933,20.921238521102,-4.99500490144043,0.00130617774539708,0.00563210877809402,-1.70408406287671
"Q9Y5K6_CD2AP",0.414729459436671,19.9797477322192,8.55281851684125,4.10435706623066e-05,0.000428073803155981,2.11211723865975
"Q9Y5K8_ATP6V1D",0.0528483912824811,19.4795925015319,0.822198426794195,0.436463659102877,0.544597534558558,-7.53100187971918
"Q9Y5L0_TNPO3",-0.353413634754578,19.5385321437148,-3.97487413067713,0.00471528547993125,0.0151019511914849,-3.09998402366827
"Q9Y5L3_ENTPD2",-0.800002436119723,16.7587678814447,-4.61410932572315,0.00220243863095904,0.00841041125558533,-2.25238374163231
"Q9Y5L4_TIMM13",0.302650482117937,20.3515005320673,5.96735222917447,0.000440346159641769,0.00245217211232832,-0.50984877996082
"Q9Y5M8_SRPRB",0.0526086213979866,21.0775344622227,0.60510523320679,0.563065593103818,0.663272181707039,-7.69501446971347
"Q9Y5N5_N6AMT1",-0.316687329246975,18.0611451211123,-5.05802496275213,0.00121259627479622,0.0053094493246375,-1.62270459251557
"Q9Y5N6_ORC6",0.437060591403007,17.3959198139406,3.70407239562369,0.00680370032738029,0.0200731957333549,-3.49444787441635
"Q9Y5P4_CERT1",0.0117258129413997,19.8048921163979,0.192113437963159,0.852781380190783,0.898747401648544,-7.87657658401767
"Q9Y5P6_GMPPB",-0.141446159301264,21.0196445819026,-2.67572360033649,0.0299452288517333,0.0647979831790266,-5.05717943010367
"Q9Y5Q0_FADS3",-0.758002547518926,15.9190446551248,-6.50880484044881,0.000464576454420982,0.00255330993916589,-0.332494098282239
"Q9Y5Q8_GTF3C5",-0.119731997755647,19.7045004534519,-2.17044473107779,0.0642192487002994,0.119213778031605,-5.83060119523276
"Q9Y5Q9_GTF3C3",-0.227339279438141,19.7927549732168,-4.41332026708112,0.00266514384919299,0.00968792047663113,-2.48202091387151
"Q9Y5R8_TRAPPC1",0.0336852616164514,20.2789828277115,0.525183114598541,0.614707186215531,0.70881394247628,-7.74405655386139
"Q9Y5S2_CDC42BPB",-0.0258582622955785,19.6167811713767,-0.501090221031278,0.630760958846496,0.721449361218053,-7.75758005543305
"Q9Y5S9_RBM8A",-0.0113227122573463,22.8406860373273,-0.264612062846575,0.798474587606589,0.856821916402017,-7.85795931343856
"Q9Y5T4_DNAJC15",-0.116641748846785,18.4208469185553,-0.555889474582483,0.596520498429543,0.691808132659869,-7.72389133679268
"Q9Y5T5_USP16",-0.111046483946311,18.3098534611929,-1.58970575796613,0.153305845537892,0.238652655088003,-6.66529116008563
"Q9Y5U2_TSSC4",-0.443394821140409,18.8470829999147,-7.15195045821308,0.000136736295010002,0.00102726755325745,0.781130826141622
"Q9Y5U8_MPC1",0.520525198347197,16.6189576074973,1.70281875250068,0.143079131367593,0.226186922933261,-6.46359756086379
"Q9Y5U9_IER3IP1",-0.0774281088539084,17.080416331906,-0.875497064891958,0.408618813193961,0.516687202591438,-7.4842863037034
"Q9Y5V0_ZNF706",0.0412749641813903,21.095927021562,0.887819583842538,0.402366716835444,0.510958535414139,-7.47314496151158
"Q9Y5V3_MAGED1",-0.24173539470425,17.2747719127407,-2.1670374567712,0.0645517281577892,0.119722940748738,-5.83572879857768
"Q9Y5W7_SNX14",-0.230550019297684,16.5788650202546,-2.14852639676046,0.0663881646216601,0.122386669527994,-5.86355394724769
"Q9Y5W8_SNX13",-0.386409389304429,16.0745455873149,-3.71966864066003,0.00665959310602904,0.0197488709447603,-3.47148177745132
"Q9Y5W9_SNX11",-0.0948766587650098,17.5090643351341,-1.33362033642579,0.22162544930706,0.319022135182165,-6.99428699256623
"Q9Y5X1_SNX9",0.515519090152644,18.9244582116101,8.68603143989738,3.69220739146873e-05,0.000398123067810697,2.22915271259299
"Q9Y5X2_SNX8",-1.11193970740038,18.2875049716323,-12.2926433848976,3.23207171790784e-06,7.7216213385642e-05,4.91419345426607
"Q9Y5X3_SNX5",-0.630582529242517,21.4702004181498,-13.5177864139545,1.63555473952682e-06,4.92276219830022e-05,5.65948916210646
"Q9Y5Y0_FLVCR1",-0.37071139130099,17.1409613621861,-4.07505086319683,0.00412853240433108,0.0136634762905243,-2.95647015819879
"Q9Y5Y2_NUBP2",-0.0911365404040119,20.8544414864817,-1.68909930049598,0.132422011007088,0.21232514139035,-6.52972538620008
"Q9Y5Y5_PEX16",-0.0238634422627797,18.3149907718699,-0.23073092644322,0.823727634720184,0.876098743382834,-7.86738519343088
"Q9Y5Y6_ST14",-0.499003819661638,18.7926345624882,-4.92698299873402,0.00141619951752229,0.00600157722364628,-1.79255712625317
"Q9Y5Z0_BACE2",0.803278119549384,15.8726184311841,6.42268011476891,0.000975438127060529,0.00450043722473008,-0.914463155908322
"Q9Y5Z4_HEBP2",0.625469439471487,20.3525830976313,8.47577634008605,4.36615296109896e-05,0.000448043481712772,2.04372876662933
"Q9Y5Z7_HCFC2",0.0625051967699406,16.9421941173736,0.655160196356366,0.532050345676891,0.634757317837053,-7.66110267259527
"Q9Y5Z9_UBIAD1",0.255157549250704,17.5035576449978,3.10751132988587,0.0158260426297604,0.0390038993889484,-4.3921762328989
"Q9Y605_MRFAP1",0.32897270750501,20.953810841685,4.86710728503051,0.00152151829138199,0.00634934898341445,-1.87098137964193
"Q9Y606_PUS1",-0.437425772325419,20.5985784845606,-9.29246657161435,2.31901864218125e-05,0.000296966457612657,2.74332003769155
"Q9Y608_LRRFIP2",0.155794782148824,18.1790357922496,1.70243591878821,0.129830691540711,0.209003082086489,-6.51124988049375
"Q9Y613_FHOD1",-0.998310421024694,19.6816963455367,-16.0949991842749,4.62812896297e-07,2.29753544947439e-05,7.0296989842298
"Q9Y618_NCOR2",-0.478143717344317,18.0821392849452,-4.81029863799018,0.00162944771076208,0.00664855440694525,-1.94586243896669
"Q9Y619_SLC25A15",-0.0127449715985044,19.4119177352988,-0.12238132479049,0.905830635233761,0.936041438696625,-7.88895238894892
"Q9Y620_RAD54B",-0.0995707227554412,16.9835130209308,-1.13048574977215,0.293319660252163,0.398370723508222,-7.22952117011658
"Q9Y624_F11R",-0.222040388741402,21.0786005538495,-3.06135214614712,0.0169266806804975,0.0409637460596403,-4.46290470620881
"Q9Y639_NPTN",0.535328428937969,19.4783146318885,10.0317492472489,1.36101730549551e-05,0.00020644796231177,3.33190266037721
"Q9Y653_ADGRG1",-1.67926953211661,16.7795799418048,-17.3828494984904,2.64198358108101e-07,1.59039090372947e-05,7.63222586736193
"Q9Y657_SPIN1",0.549381800981866,17.7720647575637,7.54537278464985,9.57970524778249e-05,0.00080285744181811,1.17458096069794
"Q9Y664_KPTN",-0.109470907023336,16.7556997741903,-1.29544717877553,0.233828271695085,0.332951599387023,-7.04041102284443
"Q9Y666_SLC12A7",0.901334236829253,18.8422486416971,10.8939536540943,7.62323735007712e-06,0.000137128587156093,3.97100437965887
"Q9Y672_ALG6",0.0907510112650591,17.9033165998487,1.05115293215682,0.326057391394162,0.433257084203037,-7.3140130029048
"Q9Y673_ALG5",0.0868514827782114,20.8931595933983,0.834005707173793,0.430791411770027,0.53910629284365,-7.52017725274995
"Q9Y676_MRPS18B",0.0355518360413996,20.5095234595168,0.520340374894457,0.617916529781536,0.71069232287947,-7.74682227389
"Q9Y678_COPG1",0.58349311192595,21.8201419136258,9.76899901510111,1.63820821845114e-05,0.00023630380811432,3.12725554935096
"Q9Y679_AUP1",0.273116501030852,19.8047308353287,2.14979122734138,0.0678584391262959,0.124646267929008,-5.86946885666266
"Q9Y692_GMEB1",0.0400396119470017,17.548827851061,0.424000107119115,0.683531248462437,0.766491154481984,-7.79682976251032
"Q9Y696_CLIC4",-0.0276827980895611,21.7821311073281,-0.290840292873668,0.779275572642069,0.841624225847388,-7.8496708783693
"Q9Y697_NFS1",-0.464496382930612,19.194729481272,-7.45935657147025,0.000103415877472349,0.000842872476840205,1.08994795365889
"Q9Y6A1_POMT1",-0.0235646057823509,17.2950213556883,-0.308675756579927,0.766014936607303,0.832511254635657,-7.84381123598972
"Q9Y6A4_CFAP20",0.346166725339085,20.6545434345214,3.83674995906482,0.00567731282096703,0.0174598353248327,-3.30002480815578
"Q9Y6A5_TACC3",-0.552390392876436,18.8399907966761,-8.37498893699177,4.73737718823774e-05,0.000479064134974571,1.95347200763396
"Q9Y6A9_SPCS1",0.0357926382504203,21.0473630947227,0.401971971923339,0.698978891976235,0.778056731094687,-7.8069022844392
"Q9Y6B6_SAR1B",0.449542036948735,20.6646700386405,2.95718000353642,0.0219148562116532,0.0502064955762928,-4.67976934480495
"Q9Y6B7_AP4B1",-0.220544819211575,18.6785183646907,-2.35068161007201,0.0488705157153269,0.0961343784651022,-5.55713033368495
"Q9Y6C9_MTCH2",0.56590257343932,21.6536084608693,9.68774784127997,1.73638725165134e-05,0.000245524595661249,3.06297853520602
"Q9Y6D0_SELENOK",-0.287991770039671,15.3691967133252,-2.90446983720471,0.0385579447329158,0.0793723992435523,-4.85887360271197
"Q9Y6D5_ARFGEF2",0.0882406820295714,18.8679086937728,1.14429894357378,0.287900468477738,0.392055411740703,-7.21436161147281
"Q9Y6D6_ARFGEF1",0.511583397844728,17.961460683195,5.49095136002922,0.000738516751640461,0.00361920549121239,-1.0787676034821
"Q9Y6D9_MAD1L1",-0.388950913236933,18.8008293487759,-7.00551901885859,0.000156708663623838,0.00113881913821696,0.630433618708166
"Q9Y6E0_STK24",0.122230000477256,20.246491196293,2.02043226208066,0.0805926812331516,0.142458045786692,-6.05443811255972
"Q9Y6E2_BZW2",-1.0263450289684,22.1633005372342,-23.1838253794472,3.19702281525718e-08,4.11700032994972e-06,9.85470702197765
"Q9Y6G3_MRPL42",-0.256743387011397,18.0659719212659,-3.69493052922613,0.00688972808493801,0.0202506617490777,-3.50792318178722
"Q9Y6G5_COMMD10",0.106024841043887,19.9688175862911,1.9732627453478,0.0865430315037856,0.150882104747196,-6.12389390178468
"Q9Y6G9_DYNC1LI1",0.0332711559994898,21.0012644179755,0.682463813329767,0.515581799010778,0.620239630753328,-7.64159321150205
"Q9Y6H1_CHCHD2",0.393709235746329,18.948073048148,3.89841857215324,0.00522384384006131,0.0163205092592026,-3.21040744591865
"Q9Y6I3_EPN1",-0.0560709768114513,19.2530373391633,-0.699259400400982,0.505612101894323,0.611227786050301,-7.62924322137542
"Q9Y6I4_USP3",0.0555906065893303,19.3359810248802,0.734638917293905,0.485017565075149,0.590345372552064,-7.60237122620801
"Q9Y6I8_PXMP4",1.86199347055801,18.6749728851569,16.0182400187157,5.08579330914675e-07,2.3707859663675e-05,6.93809026406482
"Q9Y6I9_TEX264",0.219680692843266,20.6795700930116,2.68221017992313,0.0296559146665875,0.0642628876491103,-5.04716387910141
"Q9Y6J0_CABIN1",0.00854924911376997,17.201154509297,0.0929746059739777,0.928372913736661,0.951905971769953,-7.89253296127296
"Q9Y6J9_TAF6L",0.113876529212593,17.7387603342723,1.23757630595579,0.253422898571607,0.355076191077684,-7.1087013968615
"Q9Y6K0_CEPT1",0.0702046415588811,19.9266186276913,0.433919542363618,0.677782595913994,0.762007050847424,-7.79104946084263
"Q9Y6K1_DNMT3A",-0.326595698522127,19.116356647762,-5.85963476610218,0.000493715968593939,0.00267911159549169,-0.635843997029723
"Q9Y6K5_OAS3",-1.65174457609196,18.709717687334,-7.5408925892853,0.000178603411598511,0.00125268172630332,0.655972663636671
"Q9Y6K9_IKBKG",0.425443001188611,18.8638231977776,7.26479013314663,0.000123280447040484,0.000952617172446621,0.895659354917198
"Q9Y6M4_CSNK1G3",0.340084550781992,16.3681069740386,2.72491492070543,0.0278220428294508,0.0610503781375292,-4.98121946647007
"Q9Y6M5_SLC30A1",-0.449843426305229,19.8460483559476,-7.1173571569996,0.000141184354494711,0.00105097798452976,0.745742783147529
"Q9Y6M7_SLC4A7",0.489489084031046,19.4860311160003,7.65436126047148,8.70303869627327e-05,0.00075095632994367,1.28072992469528
"Q9Y6M9_NDUFB9",0.459843420309554,21.975070738645,8.49373477656017,4.30349412060995e-05,0.000443997470338233,2.05971651798794
"Q9Y6N1_COX11",-0.132256570342616,18.5938286319434,-1.66515704078607,0.137195752916913,0.218512818968708,-6.56272954130155
"Q9Y6N5_SQOR",0.824398770981503,20.5928734200342,15.4351651383329,6.27229603210283e-07,2.62307277658596e-05,6.70131149163445
"Q9Y6N7_ROBO1",0.541669097904769,17.6913048904681,4.62414784351485,0.00204639830583336,0.00791336117759031,-2.19447178671355
"Q9Y6Q5_AP1M2",0.316423712001214,21.4928154606144,4.54098766583816,0.0022693688615269,0.00859152019537572,-2.30713750171976
"Q9Y6Q9_NCOA3",0.0172509886042107,19.1896254039607,0.259877267287247,0.801989089572186,0.858712407532124,-7.85935273410653
"Q9Y6R0_NUMBL",-0.950463525854129,18.5142245676697,-10.3272322373171,1.1104780270202e-05,0.000180246380394255,3.55637052843308
"Q9Y6R4_MAP3K4",0.0610785261804594,17.9039742606967,0.309407089740319,0.766084588144126,0.832511254635657,-7.8431174360794
"Q9Y6U3_SCIN",1.77481102067768,20.9162901533406,15.5157281872761,9.13368082010004e-07,3.30933601278032e-05,6.36746060645302
"Q9Y6V7_DDX49",-0.250258926293512,19.0468738507016,-3.88369786941272,0.00532841341860363,0.0165794548576413,-3.23175546347565
"Q9Y6W3_CAPN7",0.561258947339596,19.3269970731542,7.88946068326646,7.10158712583882e-05,0.000648645562449675,1.50566192447065
"Q9Y6W5_WASF2",0.531092749677232,19.8964858560665,7.27488175660194,0.000122151050942065,0.000949029252491961,0.905835203832146
"Q9Y6X2_PIAS3",-0.0736862881930698,17.3545599576923,-0.745052394692952,0.479061841997885,0.584721363329603,-7.59424302351917
"Q9Y6X3_MAU2",0.545510312684545,20.4442952879315,6.56812199116198,0.000238642086785046,0.00157277478747558,0.165823890094027
"Q9Y6X4_FAM169A",0.12701717746604,19.0478049706712,1.82924622852701,0.107469416121824,0.179272024056589,-6.33256243864557
"Q9Y6X5_ENPP4",0.598817865288868,17.5996788665861,6.11047273355331,0.000379086084418413,0.00220892767940455,-0.344770801406355
"Q9Y6X8_ZHX2",-0.468208940849358,18.6861770265396,-5.83204409877987,0.000508515066273422,0.00273967419426378,-0.668361236139846
"Q9Y6X9_MORC2",-0.34388194708546,19.1691962413896,-6.45079844889866,0.0002680891020121,0.00169804572069802,0.0373783200903182
"Q9Y6Y0_IVNS1ABP",-0.07833876068905,19.8783750030761,-1.00312841568334,0.347235691245128,0.454947191014397,-7.36294357318957
"Q9Y6Y8_SEC23IP",-0.166662994755658,20.3637573221577,-3.30615045952361,0.0118851948426326,0.0310428133146314,-4.08954274661926
